thisN,thisTrialN,thisRepN,blockN,run,condition,trial_key,stim_file_pos,stim_pos,noise_pos,marker_init,shape,shape_order,true_div,div_pos,target_pos,valence,target_file,img1_file,img2_file,valence_direction,direction,marker_direction,noise_direction,shape_category,valence_resp.keys,valence_resp.rt,valence_resp.duration,block_start_resp.keys,block_start_resp.rt,block_start_resp.duration,marker.response,marker.rt,slider_resp.keys,slider_resp.rt,slider_resp.duration,submit_resp.keys,submit_resp.rt,submit_resp.duration,blocks.thisRepN,blocks.thisTrialN,blocks.thisN,blocks.thisIndex,trials.thisRepN,trials.thisTrialN,trials.thisN,trials.thisIndex,thisRow.t,notes,valence_instruct.started,valence_image.started,valence_text.started,valence_resp.started,valence_instruct.stopped,blocks.valence_resp.keys,blocks.valence_resp.rt,blocks.valence_resp.duration,block_start.started,block_start_text.started,block_start_resp.started,block_start.stopped,blocks.block_start_resp.keys,blocks.block_start_resp.rt,blocks.block_start_resp.duration,baseline.started,ISI1.started,baseline.stopped,stim.started,target_stim.started,target_stim.stopped,stim.stopped,delay.started,ISI2.started,delay.stopped,task.started,img1.started,img2.started,divider_line.started,slider_line.started,marker.started,slider_resp.started,submit_resp.started,task.stopped,positions,trials.marker.response,trials.marker.rt,trials.slider_resp.keys,trials.slider_resp.rt,trials.slider_resp.duration,trials.submit_resp.keys,trials.submit_resp.rt,trials.submit_resp.duration,anticipation.started,anticipation_text.started,anticipation_text.stopped,anticipation.stopped,feedback.started,no_resp_text.started,three_cross.started,no_resp_text.stopped,three_cross.stopped,feedback.stopped,correct,outcome,three_coin.started,three_coin.stopped,one_coin.started,one_coin.stopped,one_cross.started,one_cross.stopped,img1.stopped,img2.stopped,divider_line.stopped,slider_line.stopped,marker.stopped,slider_resp.stopped,submit_resp.stopped,block_end.started,block_end_text.started,block_end_resp.started,block_end.stopped,block_outcome,block_bonus,blocks.block_end_resp.keys,blocks.block_end_resp.rt,blocks.block_end_resp.duration,subj,practice?,sess_type,date,expName,psychopyVersion,frameRate,expStart,
0,0,0,4,2,baseline,145,2.5,0.1,1.0,0.244,flat,flat_curv,0.0,0.0,-0.1,pen,input_data/stims/Shape_2.50_1.00.png,input_data/stims/Shape_4.00_2.00.png,input_data/stims/Shape_0.00_2.00.png,-1,-1,1.0,-1.0,1,up,4.7628820000009,None,up,1.248876100000416,None,None,None,['left'],[1.4059301000015694],[0.43999649999932444],up,2.229892400000608,None,0,0,0,0,0,0,0,25,6.287506799999392,,0.20594270000037795,0.21805139999923995,0.21805139999923995,0.21805139999923995,4.987700800000312,up,4.7628820000009,None,4.992557999999917,5.004166699998677,5.004166699998677,6.254405800000313,up,1.248876100000416,None,6.282151699999304,0.027735699999539065,7.315980199999103,7.316409699998985,7.337957399999141,8.336249799998768,8.319709399998828,8.320173000000068,0.00047360000098706223,9.65474439999889,9.65607110000019,9.671025699999518,9.671025699999518,9.671025699999518,9.671025699999518,9.671025699999518,9.671025699999518,9.671025699999518,11.904041699999652,"[0.244, 0.244, 0.244, 0.244, 0.244, 0.244, 0.244, 0.244, 0.244, 0.244, 0.244, 0.244, 0.244, 0.244, 0.244, 0.244, 0.244, 0.244, 0.244, 0.244, 0.244, 0.244, 0.244, 0.244, 0.244, 0.244, 0.244, 0.244, 0.244, 0.244, 0.244, 0.244, 0.244, 0.244, 0.244, 0.244, 0.244, 0.244, 0.244, 0.244, 0.244, 0.244, 0.244, 0.244, 0.244, 0.244, 0.244, 0.244, 0.244, 0.244, 0.244, 0.244, 0.244, 0.244, 0.244, 0.244, 0.244, 0.244, 0.244, 0.244, 0.244, 0.244, 0.244, 0.244, 0.244, 0.244, 0.244, 0.244, 0.244, 0.244, 0.244, 0.244, 0.244, 0.244, 0.244, 0.244, 0.244, 0.244, 0.244, 0.244, 0.244, 0.244, 0.244, 0.244, 0.244, 0.244, 0.236, 0.228, 0.22, 0.212, 0.204, 0.196, 0.188, 0.18, 0.172, 0.164, 0.156, 0.148, 0.14, 0.132, 0.124, 0.116, 0.108, 0.1, 0.092, 0.084, 0.076, 0.068, 0.06, 0.052, 0.044, 0.036, 0.036, 0.036, 0.036, 0.036, 0.036, 0.036, 0.036, 0.036, 0.036, 0.036, 0.036, 0.036, 0.036, 0.036, 0.036, 0.036, 0.036, 0.036, 0.036, 0.036, 0.036, 0.036, 0.036, 0.036]",None,None,['left'],[1.4059301000015694],[0.43999649999932444],up,2.229892400000608,None,11.904465199999322,11.91972209999949,12.169707799999742,12.153170800000225,12.153551999999763,12.169707799999742,12.169707799999742,13.169745299999704,13.169745299999704,13.153249899998627,0,-3,,,,,,,,,,,,,,,,,,,,,,,202605,,D,2026-08-12_18h59.12.320,valence_final_v2,2024.2.4,60,2026-08-12 18h59.30.846082 -0600,
1,1,0,4,2,baseline,123,0.3,-0.34,1.0,-0.204,curv,flat_curv,0.0,0.0,0.34,rew,input_data/stims/Shape_0.30_1.00.png,input_data/stims/Shape_4.00_2.00.png,input_data/stims/Shape_0.00_2.00.png,1,-1,-1.0,-1.0,-1,up,4.7628820000009,None,up,1.248876100000416,None,None,None,"['right', 'right']","[0.6764800000000832, 1.596417199998541]","[0.4319820000000618, 0.5040142000016203]",up,2.196476499999335,None,0,0,0,0,0,1,1,3,13.169745299999704,,,,,,,,,,,,,,,,,13.153864599998997,0.000614099999438622,14.238138999999137,14.238530499998888,14.253110100000413,15.25313180000012,15.236585799999375,15.23706940000011,0.0004948999994667247,16.721107199999096,16.722503599999982,16.736503399999492,16.736503399999492,16.736503399999492,16.736503399999492,16.736503399999492,16.736503399999492,16.736503399999492,18.93757639999967,"[-0.204, -0.204, -0.204, -0.204, -0.204, -0.204, -0.204, -0.204, -0.204, -0.204, -0.204, -0.204, -0.204, -0.204, -0.204, -0.204, -0.204, -0.204, -0.204, -0.204, -0.204, -0.204, -0.204, -0.204, -0.204, -0.204, -0.204, -0.204, -0.204, -0.204, -0.204, -0.204, -0.204, -0.204, -0.204, -0.204, -0.204, -0.204, -0.204, -0.204, -0.204, -0.204, -0.196, -0.188, -0.18, -0.172, -0.164, -0.156, -0.148, -0.14, -0.132, -0.124, -0.116, -0.108, -0.1, -0.092, -0.084, -0.076, -0.068, -0.06, -0.052, -0.044, -0.036, -0.028, -0.02, -0.012, -0.004, 0.004, 0.004, 0.004, 0.004, 0.004, 0.004, 0.004, 0.004, 0.004, 0.004, 0.004, 0.004, 0.004, 0.004, 0.004, 0.004, 0.004, 0.004, 0.004, 0.004, 0.004, 0.004, 0.004, 0.004, 0.004, 0.004, 0.004, 0.004, 0.004, 0.004, 0.012, 0.02, 0.028, 0.036, 0.044, 0.052, 0.06, 0.068, 0.076, 0.084, 0.092, 0.1, 0.108, 0.116, 0.124, 0.132, 0.14, 0.148, 0.156, 0.164, 0.172, 0.18, 0.188, 0.196, 0.204, 0.212, 0.22, 0.228, 0.236, 0.244, 0.252, 0.252, 0.252, 0.252, 0.252, 0.252, 0.252]",None,None,"['right', 'right']","[0.6764800000000832, 1.596417199998541]","[0.4319820000000618, 0.5040142000016203]",up,2.196476499999335,None,18.938004499999806,18.953233799998998,19.203235299999506,19.186676699999225,19.1870502999991,19.203235299999506,,20.203255099999296,,20.186741899999106,1,3,19.203235299999506,20.203255099999296,,,,,,,,,,,,,,,,,,,,,202605,,D,2026-08-12_18h59.12.320,valence_final_v2,2024.2.4,60,2026-08-12 18h59.30.846082 -0600,
2,2,0,4,2,baseline,151,3.1,0.22,1.0,0.132,flat,flat_curv,0.0,0.0,-0.22,pen,input_data/stims/Shape_3.10_1.00.png,input_data/stims/Shape_4.00_2.00.png,input_data/stims/Shape_0.00_2.00.png,-1,-1,1.0,-1.0,1,up,4.7628820000009,None,up,1.248876100000416,None,None,None,['left'],[1.1949303000001237],[0.6079200999993191],up,2.050911599999381,None,0,0,0,0,0,2,2,31,20.203255099999296,,,,,,,,,,,,,,,,,20.187339000000065,0.0005963999992673052,21.272310700000162,21.273091099999874,21.286632800000007,22.286639500000092,22.270128999998633,22.27055719999953,0.00043870000081369653,23.754837499998757,23.75616909999917,23.770052599998962,23.770052599998962,23.770052599998962,23.770052599998962,23.770052599998962,23.770052599998962,23.770052599998962,25.837762600000133,"[0.132, 0.132, 0.132, 0.132, 0.132, 0.132, 0.132, 0.132, 0.132, 0.132, 0.132, 0.132, 0.132, 0.132, 0.132, 0.132, 0.132, 0.132, 0.132, 0.132, 0.132, 0.132, 0.132, 0.132, 0.132, 0.132, 0.132, 0.132, 0.132, 0.132, 0.132, 0.132, 0.132, 0.132, 0.132, 0.132, 0.132, 0.132, 0.132, 0.132, 0.132, 0.132, 0.132, 0.132, 0.132, 0.132, 0.132, 0.132, 0.132, 0.132, 0.132, 0.132, 0.132, 0.132, 0.132, 0.132, 0.132, 0.132, 0.132, 0.132, 0.132, 0.132, 0.132, 0.132, 0.132, 0.132, 0.132, 0.132, 0.132, 0.132, 0.132, 0.132, 0.132, 0.124, 0.116, 0.108, 0.1, 0.092, 0.084, 0.076, 0.068, 0.06, 0.052, 0.044, 0.036, 0.028, 0.02, 0.012, 0.004, -0.004, -0.012, -0.02, -0.028, -0.036, -0.044, -0.052, -0.06, -0.068, -0.076, -0.084, -0.092, -0.1, -0.108, -0.116, -0.124, -0.132, -0.14, -0.148, -0.156, -0.164, -0.164, -0.164, -0.164, -0.164, -0.164, -0.164, -0.164, -0.164, -0.164, -0.164, -0.164, -0.164, -0.164, -0.164, -0.164, -0.164]",None,None,['left'],[1.1949303000001237],[0.6079200999993191],up,2.050911599999381,None,25.838188199999422,25.853413699998782,26.103435199998785,26.086868499998673,26.08724760000041,26.103435199998785,,27.103470500000185,,27.08696769999915,1,1,,,26.103435199998785,27.103470500000185,,,,,,,,,,,,,,,,,,,202605,,D,2026-08-12_18h59.12.320,valence_final_v2,2024.2.4,60,2026-08-12 18h59.30.846082 -0600,
3,3,0,4,2,baseline,132,1.3,-0.14,3.0,-0.068,curv,curv_flat,0.0,0.0,-0.14,rew,input_data/stims/Shape_1.30_3.00.png,input_data/stims/Shape_0.00_2.00.png,input_data/stims/Shape_4.00_2.00.png,1,1,-1.0,1.0,-1,up,4.7628820000009,None,up,1.248876100000416,None,None,None,['right'],[1.2906693000004452],[0.4880434000006062],up,1.970669700000144,None,0,0,0,0,0,3,3,12,27.103470500000185,,,,,,,,,,,,,,,,,27.087584799999604,0.0006179000010888558,27.972039500000392,27.972497799999474,27.98681740000029,28.98682589999953,28.970306100000016,28.970744399999603,0.0004504999997152481,30.355355300000156,30.356672699999763,30.370225099999516,30.370225099999516,30.370225099999516,30.370225099999516,30.370225099999516,30.370225099999516,30.370225099999516,32.35457889999998,"[-0.068, -0.068, -0.068, -0.068, -0.068, -0.068, -0.068, -0.068, -0.068, -0.068, -0.068, -0.068, -0.068, -0.068, -0.068, -0.068, -0.068, -0.068, -0.068, -0.068, -0.068, -0.068, -0.068, -0.068, -0.068, -0.068, -0.068, -0.068, -0.068, -0.068, -0.068, -0.068, -0.068, -0.068, -0.068, -0.068, -0.068, -0.068, -0.068, -0.068, -0.068, -0.068, -0.068, -0.068, -0.068, -0.068, -0.068, -0.068, -0.068, -0.068, -0.068, -0.068, -0.068, -0.068, -0.068, -0.068, -0.068, -0.068, -0.068, -0.068, -0.068, -0.068, -0.068, -0.068, -0.068, -0.068, -0.068, -0.068, -0.068, -0.068, -0.068, -0.068, -0.068, -0.068, -0.068, -0.068, -0.068, -0.068, -0.068, -0.06, -0.052, -0.044, -0.036, -0.028, -0.02, -0.012, -0.004, 0.004, 0.012, 0.02, 0.028, 0.036, 0.044, 0.052, 0.06, 0.068, 0.076, 0.084, 0.092, 0.1, 0.108, 0.116, 0.124, 0.132, 0.14, 0.148, 0.156, 0.164, 0.164, 0.164, 0.164, 0.164, 0.164, 0.164, 0.164, 0.164, 0.164, 0.164, 0.164, 0.164, 0.164]",None,None,['right'],[1.2906693000004452],[0.4880434000006062],up,1.970669700000144,None,32.354991000000155,32.3702648999988,32.620259699999224,32.60373139999865,32.604124199999205,32.620259699999224,,33.62030169999889,,33.60377879999942,0,-1,,,,,32.620259699999224,33.62030169999889,,,,,,,,,,,,,,,,,202605,,D,2026-08-12_18h59.12.320,valence_final_v2,2024.2.4,60,2026-08-12 18h59.30.846082 -0600,
4,4,0,4,2,baseline,148,2.9,0.18,1.0,-0.092,flat,curv_flat,0.0,0.0,0.18,pen,input_data/stims/Shape_2.90_1.00.png,input_data/stims/Shape_0.00_2.00.png,input_data/stims/Shape_4.00_2.00.png,-1,1,-1.0,-1.0,1,up,4.7628820000009,None,up,1.248876100000416,None,None,None,['right'],[1.5758887000010873],[0.447958099999596],up,2.4238588999996864,None,0,0,0,0,0,4,4,28,33.62030169999889,,,,,,,,,,,,,,,,,33.604390200000125,0.000611600000411272,34.588488600000346,34.589049299998806,34.603681399999914,35.60367729999962,35.58713659999921,35.58755799999926,0.00043059999916295055,37.021958899998936,37.023339499999565,37.03706169999896,37.03706169999896,37.03706169999896,37.03706169999896,37.03706169999896,37.03706169999896,37.03706169999896,39.47149399999944,"[-0.092, -0.092, -0.092, -0.092, -0.092, -0.092, -0.092, -0.092, -0.092, -0.092, -0.092, -0.092, -0.092, -0.092, -0.092, -0.092, -0.092, -0.092, -0.092, -0.092, -0.092, -0.092, -0.092, -0.092, -0.092, -0.092, -0.092, -0.092, -0.092, -0.092, -0.092, -0.092, -0.092, -0.092, -0.092, -0.092, -0.092, -0.092, -0.092, -0.092, -0.092, -0.092, -0.092, -0.092, -0.092, -0.092, -0.092, -0.092, -0.092, -0.092, -0.092, -0.092, -0.092, -0.092, -0.092, -0.092, -0.092, -0.092, -0.092, -0.092, -0.092, -0.092, -0.092, -0.092, -0.092, -0.092, -0.092, -0.092, -0.092, -0.092, -0.092, -0.092, -0.092, -0.092, -0.092, -0.092, -0.092, -0.092, -0.092, -0.092, -0.092, -0.092, -0.092, -0.092, -0.092, -0.092, -0.092, -0.092, -0.092, -0.092, -0.092, -0.092, -0.092, -0.092, -0.092, -0.092, -0.084, -0.076, -0.068, -0.06, -0.052, -0.044, -0.036, -0.028, -0.02, -0.012, -0.004, 0.004, 0.012, 0.02, 0.028, 0.036, 0.044, 0.052, 0.06, 0.068, 0.076, 0.084, 0.092, 0.1, 0.108, 0.116, 0.124, 0.124, 0.124, 0.124, 0.124, 0.124, 0.124, 0.124, 0.124, 0.124, 0.124, 0.124, 0.124, 0.124, 0.124, 0.124, 0.124, 0.124, 0.124, 0.124, 0.124, 0.124, 0.124, 0.124, 0.124, 0.124]",None,None,['right'],[1.5758887000010873],[0.447958099999596],up,2.4238588999996864,None,39.471951499999705,39.48714850000033,39.73713139999927,39.72059629999967,39.72097880000001,39.73713139999927,,40.73718039999949,,40.72067659999993,1,1,,,39.73713139999927,40.73718039999949,,,,,,,,,,,,,,,,,,,202605,,D,2026-08-12_18h59.12.320,valence_final_v2,2024.2.4,60,2026-08-12 18h59.30.846082 -0600,
5,5,0,4,2,baseline,147,2.7,0.14,3.0,-0.204,flat,flat_curv,0.0,0.0,-0.14,pen,input_data/stims/Shape_2.70_3.00.png,input_data/stims/Shape_4.00_2.00.png,input_data/stims/Shape_0.00_2.00.png,-1,-1,-1.0,1.0,1,up,4.7628820000009,None,up,1.248876100000416,None,None,None,"['right', 'right']","[0.6049543999997695, 1.2209442000003037]","[0.4559845999992831, 0.3600066999988485]",up,1.684985100000631,None,0,0,0,0,0,5,5,27,40.73718039999949,,,,,,,,,,,,,,,,,40.72128580000026,0.0006088000009185635,41.6052337000001,41.605653799999345,41.620536999998876,42.62054849999913,42.604020599999785,42.60444180000013,0.0004324000001361128,43.88855159999912,43.88993019999907,43.90403179999885,43.90403179999885,43.90403179999885,43.90403179999885,43.90403179999885,43.90403179999885,43.90403179999885,45.605078599999615,"[-0.204, -0.204, -0.204, -0.204, -0.204, -0.204, -0.204, -0.204, -0.204, -0.204, -0.204, -0.204, -0.204, -0.204, -0.204, -0.204, -0.204, -0.204, -0.204, -0.204, -0.204, -0.204, -0.204, -0.204, -0.204, -0.204, -0.204, -0.204, -0.204, -0.204, -0.204, -0.204, -0.204, -0.204, -0.204, -0.204, -0.204, -0.204, -0.196, -0.188, -0.18, -0.172, -0.164, -0.156, -0.148, -0.14, -0.132, -0.124, -0.116, -0.108, -0.1, -0.092, -0.084, -0.076, -0.068, -0.06, -0.052, -0.044, -0.036, -0.028, -0.02, -0.012, -0.004, 0.004, 0.012, 0.012, 0.012, 0.012, 0.012, 0.012, 0.012, 0.012, 0.012, 0.012, 0.012, 0.02, 0.028, 0.036, 0.044, 0.052, 0.06, 0.068, 0.076, 0.084, 0.092, 0.1, 0.108, 0.116, 0.124, 0.132, 0.14, 0.148, 0.156, 0.164, 0.172, 0.18, 0.18, 0.18, 0.18, 0.18, 0.18, 0.18, 0.18, 0.18]",None,None,"['right', 'right']","[0.6049543999997695, 1.2209442000003037]","[0.4559845999992831, 0.3600066999988485]",up,1.684985100000631,None,45.60548839999865,45.6207488,45.87162389999867,45.85490299999947,45.855269300000145,45.87162389999867,45.87162389999867,46.871629199999006,46.871629199999006,46.854963800000405,0,-3,,,,,,,,,,,,,,,,,,,,,,,202605,,D,2026-08-12_18h59.12.320,valence_final_v2,2024.2.4,60,2026-08-12 18h59.30.846082 -0600,
6,6,0,4,2,baseline,149,2.9,0.18,1.0,0.296,flat,flat_curv,0.0,0.0,-0.18,pen,input_data/stims/Shape_2.90_1.00.png,input_data/stims/Shape_4.00_2.00.png,input_data/stims/Shape_0.00_2.00.png,-1,-1,1.0,-1.0,1,up,4.7628820000009,None,up,1.248876100000416,None,None,None,"['left', 'left', 'left']","[0.7846012999998493, 2.0645877000006294, 2.2806244999992487]","[0.7919799000010244, 0.1759974999986298, 0.1279610000001412]",None,,,0,0,0,0,0,6,6,29,46.871629199999006,,,,,,,,,,,,,,,,,46.85556949999955,0.0006057999999029562,47.88941369999884,47.88987499999894,47.90487079999912,48.90490409999984,48.88837349999994,48.888799799999106,0.00043710000136343297,50.17243039999994,50.173807600000146,50.1883672999993,50.1883672999993,50.1883672999993,50.1883672999993,50.1883672999993,50.1883672999993,50.1883672999993,53.173397299999124,"[0.296, 0.296, 0.296, 0.296, 0.296, 0.296, 0.296, 0.296, 0.296, 0.296, 0.296, 0.296, 0.296, 0.296, 0.296, 0.296, 0.296, 0.296, 0.296, 0.296, 0.296, 0.296, 0.296, 0.296, 0.296, 0.296, 0.296, 0.296, 0.296, 0.296, 0.296, 0.296, 0.296, 0.296, 0.296, 0.296, 0.296, 0.296, 0.296, 0.296, 0.296, 0.296, 0.296, 0.296, 0.296, 0.296, 0.296, 0.296, 0.296, 0.288, 0.28, 0.272, 0.264, 0.256, 0.248, 0.24, 0.232, 0.224, 0.216, 0.208, 0.2, 0.192, 0.184, 0.176, 0.168, 0.16, 0.152, 0.144, 0.136, 0.128, 0.12, 0.112, 0.104, 0.096, 0.088, 0.08, 0.072, 0.064, 0.056, 0.048, 0.04, 0.032, 0.024, 0.016, 0.008, 0.0, -0.008, -0.016, -0.024, -0.032, -0.04, -0.048, -0.056, -0.064, -0.072, -0.08, -0.08, -0.08, -0.08, -0.08, -0.08, -0.08, -0.08, -0.08, -0.08, -0.08, -0.08, -0.08, -0.08, -0.08, -0.08, -0.08, -0.08, -0.08, -0.08, -0.08, -0.08, -0.08, -0.08, -0.08, -0.08, -0.08, -0.08, -0.08, -0.08, -0.088, -0.096, -0.104, -0.112, -0.12, -0.128, -0.136, -0.144, -0.152, -0.16, -0.168, -0.168, -0.168, -0.176, -0.184, -0.192, -0.2, -0.208, -0.216, -0.224, -0.232, -0.232, -0.232, -0.232, -0.232, -0.232, -0.232, -0.232, -0.232, -0.232, -0.232, -0.232, -0.232, -0.232, -0.232, -0.232, -0.232, -0.232, -0.232, -0.232, -0.232, -0.232, -0.232, -0.232, -0.232, -0.232, -0.232, -0.232, -0.232, -0.232, -0.232, -0.232, -0.232, -0.232, -0.232, -0.224]",None,None,"['left', 'left', 'left']","[0.7846012999998493, 2.0645877000006294, 2.2806244999992487]","[0.7919799000010244, 0.1759974999986298, 0.1279610000001412]",None,,,53.17382819999875,53.18845559999863,53.438408199999685,53.42188480000004,53.42906459999904,53.438408199999685,53.438408199999685,54.43846499999927,54.43846499999927,54.4218910999989,0,-3,,,,,,,53.18845559999863,53.18845559999863,53.18845559999863,53.18845559999863,53.18845559999863,53.18845559999863,53.18845559999863,,,,,,,,,,202605,,D,2026-08-12_18h59.12.320,valence_final_v2,2024.2.4,60,2026-08-12 18h59.30.846082 -0600,
7,7,0,4,2,baseline,140,2.1,0.02,3.0,0.148,flat,curv_flat,0.0,0.0,0.02,pen,input_data/stims/Shape_2.10_3.00.png,input_data/stims/Shape_0.00_2.00.png,input_data/stims/Shape_4.00_2.00.png,-1,1,1.0,1.0,1,up,4.7628820000009,None,up,1.248876100000416,None,None,None,None,,,up,0.893803900000421,None,0,0,0,0,0,7,7,20,54.43846499999927,,,,,,,,,,,,,,,,,54.42254949999915,0.0006594000005861744,55.45651840000028,55.45692880000024,55.47186969999893,56.47188009999991,56.45517680000012,56.45560800000021,0.0004439999993337551,57.84025449999899,57.841819600000235,57.8551666000003,57.8551666000003,57.8551666000003,57.8551666000003,57.8551666000003,57.8551666000003,57.8551666000003,58.75636560000021,"[0.148, 0.148, 0.148, 0.148, 0.148, 0.148, 0.148, 0.148, 0.148, 0.148, 0.148, 0.148, 0.148, 0.148, 0.148, 0.148, 0.148, 0.148, 0.148, 0.148, 0.148, 0.148, 0.148, 0.148, 0.148, 0.148, 0.148, 0.148, 0.148, 0.148, 0.148, 0.148, 0.148, 0.148, 0.148, 0.148, 0.148, 0.148, 0.148, 0.148, 0.148, 0.148, 0.148, 0.148, 0.148, 0.148, 0.148, 0.148, 0.148, 0.148, 0.148, 0.148, 0.148, 0.148, 0.148, 0.148]",None,None,None,,,up,0.893803900000421,None,58.75673540000025,58.77194529999906,59.02139369999895,59.00536259999899,59.01093479999872,59.02139369999895,59.02139369999895,60.02190410000003,60.02190410000003,60.00545559999955,0,-3,,,,,,,,,,,,,,,,,,,,,,,202605,,D,2026-08-12_18h59.12.320,valence_final_v2,2024.2.4,60,2026-08-12 18h59.30.846082 -0600,
8,8,0,4,2,baseline,126,0.7,-0.26,3.0,-0.312,curv,curv_flat,0.0,0.0,-0.26,rew,input_data/stims/Shape_0.70_3.00.png,input_data/stims/Shape_0.00_2.00.png,input_data/stims/Shape_4.00_2.00.png,1,1,-1.0,1.0,-1,up,4.7628820000009,None,up,1.248876100000416,None,None,None,['right'],[2.074327899999844],[0.45599439999932656],up,2.890325099999245,None,0,0,0,0,0,8,8,6,60.02190410000003,,,,,,,,,,,,,,,,,60.00607130000026,0.0006181000007927651,60.93983119999939,60.94063549999919,60.95522170000004,61.9552464999997,61.93874379999943,61.93916779999927,0.00043430000005173497,63.32283209999878,63.32401199999913,63.33863409999867,63.33863409999867,63.33863409999867,63.33863409999867,63.33863409999867,63.33863409999867,63.33863409999867,66.23971249999886,"[-0.312, -0.312, -0.312, -0.312, -0.312, -0.312, -0.312, -0.312, -0.312, -0.312, -0.312, -0.312, -0.312, -0.312, -0.312, -0.312, -0.312, -0.312, -0.312, -0.312, -0.312, -0.312, -0.312, -0.312, -0.312, -0.312, -0.312, -0.312, -0.312, -0.312, -0.312, -0.312, -0.312, -0.312, -0.312, -0.312, -0.312, -0.312, -0.312, -0.312, -0.312, -0.312, -0.312, -0.312, -0.312, -0.312, -0.312, -0.312, -0.312, -0.312, -0.312, -0.312, -0.312, -0.312, -0.312, -0.312, -0.312, -0.312, -0.312, -0.312, -0.312, -0.312, -0.312, -0.312, -0.312, -0.312, -0.312, -0.312, -0.312, -0.312, -0.312, -0.312, -0.312, -0.312, -0.312, -0.312, -0.312, -0.312, -0.312, -0.312, -0.312, -0.312, -0.312, -0.312, -0.312, -0.312, -0.312, -0.312, -0.312, -0.312, -0.312, -0.312, -0.312, -0.312, -0.312, -0.312, -0.312, -0.312, -0.312, -0.312, -0.312, -0.312, -0.312, -0.312, -0.312, -0.312, -0.312, -0.312, -0.312, -0.312, -0.312, -0.312, -0.312, -0.312, -0.312, -0.312, -0.312, -0.312, -0.312, -0.312, -0.312, -0.312, -0.312, -0.312, -0.312, -0.312, -0.304, -0.296, -0.288, -0.28, -0.272, -0.264, -0.256, -0.248, -0.24, -0.232, -0.224, -0.216, -0.208, -0.2, -0.192, -0.184, -0.176, -0.168, -0.16, -0.152, -0.144, -0.136, -0.128, -0.12, -0.112, -0.104, -0.096, -0.096, -0.096, -0.096, -0.096, -0.096, -0.096, -0.096, -0.096, -0.096, -0.096, -0.096, -0.096, -0.096, -0.096, -0.096, -0.096, -0.096, -0.096, -0.096, -0.096, -0.096, -0.096, -0.096]",None,None,['right'],[2.074327899999844],[0.45599439999932656],up,2.890325099999245,None,66.24016649999976,66.25536029999967,66.50537409999924,66.48892929999965,66.48978019999959,66.50537409999924,,67.50539159999971,,67.48895230000016,1,3,66.50537409999924,67.50539159999971,,,,,,,,,,,,,,,,,,,,,202605,,D,2026-08-12_18h59.12.320,valence_final_v2,2024.2.4,60,2026-08-12 18h59.30.846082 -0600,
9,9,0,4,2,baseline,144,2.5,0.1,3.0,-0.128,flat,curv_flat,0.0,0.0,0.1,pen,input_data/stims/Shape_2.50_3.00.png,input_data/stims/Shape_0.00_2.00.png,input_data/stims/Shape_4.00_2.00.png,-1,1,-1.0,1.0,1,up,4.7628820000009,None,up,1.248876100000416,None,None,None,['right'],[1.4843596999999136],[0.4319754999996803],up,2.1563905000002705,None,0,0,0,0,0,9,9,24,67.50539159999971,,,,,,,,,,,,,,,,,67.4895575999999,0.0006074000011722092,68.42497969999931,68.42538419999983,68.4388502999991,69.43884819999948,69.42234370000006,69.42277859999922,0.00044639999941864517,70.85713789999863,70.85845009999866,70.87261269999908,70.87261269999908,70.87261269999908,70.87261269999908,70.87261269999908,70.87261269999908,70.87261269999908,73.0395279000004,"[-0.128, -0.128, -0.128, -0.128, -0.128, -0.128, -0.128, -0.128, -0.128, -0.128, -0.128, -0.128, -0.128, -0.128, -0.128, -0.128, -0.128, -0.128, -0.128, -0.128, -0.128, -0.128, -0.128, -0.128, -0.128, -0.128, -0.128, -0.128, -0.128, -0.128, -0.128, -0.128, -0.128, -0.128, -0.128, -0.128, -0.128, -0.128, -0.128, -0.128, -0.128, -0.128, -0.128, -0.128, -0.128, -0.128, -0.128, -0.128, -0.128, -0.128, -0.128, -0.128, -0.128, -0.128, -0.128, -0.128, -0.128, -0.128, -0.128, -0.128, -0.128, -0.128, -0.128, -0.128, -0.128, -0.128, -0.128, -0.128, -0.128, -0.128, -0.128, -0.128, -0.128, -0.128, -0.128, -0.128, -0.128, -0.128, -0.128, -0.128, -0.128, -0.128, -0.128, -0.128, -0.128, -0.128, -0.128, -0.128, -0.128, -0.128, -0.128, -0.12, -0.112, -0.104, -0.096, -0.088, -0.08, -0.072, -0.064, -0.056, -0.048, -0.04, -0.032, -0.024, -0.016, -0.008, 0.0, 0.008, 0.016, 0.024, 0.032, 0.04, 0.048, 0.056, 0.064, 0.072, 0.08, 0.08, 0.08, 0.08, 0.08, 0.08, 0.08, 0.08, 0.08, 0.08, 0.08, 0.08, 0.08, 0.08, 0.08, 0.08]",None,None,['right'],[1.4843596999999136],[0.4319754999996803],up,2.1563905000002705,None,73.0399422999999,73.05511359999946,73.30555449999883,73.2890955999992,73.289488299999,73.30555449999883,,74.30561999999918,,74.2891510999998,1,1,,,73.30555449999883,74.30561999999918,,,,,,,,,,,,,,,,,,,202605,,D,2026-08-12_18h59.12.320,valence_final_v2,2024.2.4,60,2026-08-12 18h59.30.846082 -0600,
10,10,0,4,2,baseline,155,3.5,0.3,1.0,-0.148,flat,flat_curv,0.0,0.0,-0.3,pen,input_data/stims/Shape_3.50_1.00.png,input_data/stims/Shape_4.00_2.00.png,input_data/stims/Shape_0.00_2.00.png,-1,-1,-1.0,-1.0,1,up,4.7628820000009,None,up,1.248876100000416,None,None,None,"['right', 'left']","[0.512451600001441, 1.768399300000965]","[0.48000649999994494, 0.5120702000003803]",up,2.488404300000184,None,0,0,0,0,0,10,10,35,74.30561999999918,,,,,,,,,,,,,,,,,74.28974759999983,0.0005983999999443768,75.22375389999979,75.2241482999998,75.23905889999878,76.23904609999954,76.22252459999982,76.2229497999997,0.0004360000002634479,77.55737959999897,77.55879490000007,77.57249909999882,77.57249909999882,77.57249909999882,77.57249909999882,77.57249909999882,77.57249909999882,77.57249909999882,80.0735807000001,"[-0.148, -0.148, -0.148, -0.148, -0.148, -0.148, -0.148, -0.148, -0.148, -0.148, -0.148, -0.148, -0.148, -0.148, -0.148, -0.148, -0.148, -0.148, -0.148, -0.148, -0.148, -0.148, -0.148, -0.148, -0.148, -0.148, -0.148, -0.148, -0.148, -0.148, -0.148, -0.148, -0.14, -0.132, -0.124, -0.116, -0.108, -0.1, -0.092, -0.084, -0.076, -0.068, -0.06, -0.052, -0.044, -0.036, -0.028, -0.02, -0.012, -0.004, 0.004, 0.012, 0.02, 0.028, 0.036, 0.044, 0.052, 0.06, 0.068, 0.076, 0.084, 0.084, 0.084, 0.084, 0.084, 0.084, 0.084, 0.084, 0.084, 0.084, 0.084, 0.084, 0.084, 0.084, 0.084, 0.084, 0.084, 0.084, 0.084, 0.084, 0.084, 0.084, 0.084, 0.084, 0.084, 0.084, 0.084, 0.084, 0.084, 0.084, 0.084, 0.084, 0.084, 0.084, 0.084, 0.084, 0.084, 0.084, 0.084, 0.084, 0.084, 0.084, 0.084, 0.084, 0.084, 0.084, 0.084, 0.084, 0.076, 0.068, 0.06, 0.052, 0.044, 0.036, 0.028, 0.02, 0.012, 0.004, -0.004, -0.012, -0.02, -0.028, -0.036, -0.044, -0.052, -0.06, -0.068, -0.076, -0.084, -0.092, -0.1, -0.108, -0.116, -0.124, -0.132, -0.14, -0.148, -0.156, -0.156, -0.156, -0.156, -0.156, -0.156, -0.156, -0.156, -0.156, -0.156, -0.156, -0.156, -0.156, -0.156, -0.156]",None,None,"['right', 'left']","[0.512451600001441, 1.768399300000965]","[0.48000649999994494, 0.5120702000003803]",up,2.488404300000184,None,80.07402829999955,80.08915609999895,80.33909969999877,80.3226209000004,80.3230096999996,80.33909969999877,,81.3391818,,81.32268759999897,1,1,,,80.33909969999877,81.3391818,,,,,,,,,,,,,,,,,,,202605,,D,2026-08-12_18h59.12.320,valence_final_v2,2024.2.4,60,2026-08-12 18h59.30.846082 -0600,
11,11,0,4,2,baseline,150,3.1,0.22,3.0,0.032,flat,curv_flat,0.0,0.0,0.22,pen,input_data/stims/Shape_3.10_3.00.png,input_data/stims/Shape_0.00_2.00.png,input_data/stims/Shape_4.00_2.00.png,-1,1,1.0,1.0,1,up,4.7628820000009,None,up,1.248876100000416,None,None,None,['left'],[1.1285848000006808],[0.4559319999989384],up,1.944513200000074,None,0,0,0,0,0,11,11,30,81.3391818,,,,,,,,,,,,,,,,,81.32329879999998,0.000613300000622985,82.25690589999977,82.25734439999906,82.27262039999914,83.27261809999982,83.2559498999999,83.25637730000017,0.0004382999995868886,84.74063639999986,84.74201389999871,84.75637399999869,84.75637399999869,84.75637399999869,84.75637399999869,84.75637399999869,84.75637399999869,84.75637399999869,86.70706419999988,"[0.032, 0.032, 0.032, 0.032, 0.032, 0.032, 0.032, 0.032, 0.032, 0.032, 0.032, 0.032, 0.032, 0.032, 0.032, 0.032, 0.032, 0.032, 0.032, 0.032, 0.032, 0.032, 0.032, 0.032, 0.032, 0.032, 0.032, 0.032, 0.032, 0.032, 0.032, 0.032, 0.032, 0.032, 0.032, 0.032, 0.032, 0.032, 0.032, 0.032, 0.032, 0.032, 0.032, 0.032, 0.032, 0.032, 0.032, 0.032, 0.032, 0.032, 0.032, 0.032, 0.032, 0.032, 0.032, 0.032, 0.032, 0.032, 0.032, 0.032, 0.032, 0.032, 0.032, 0.032, 0.032, 0.032, 0.032, 0.032, 0.032, 0.024, 0.016, 0.008, 0.0, -0.008, -0.016, -0.024, -0.032, -0.04, -0.048, -0.056, -0.064, -0.072, -0.08, -0.088, -0.096, -0.104, -0.112, -0.12, -0.128, -0.136, -0.144, -0.152, -0.16, -0.168, -0.176, -0.184, -0.192, -0.192, -0.192, -0.192, -0.192, -0.192, -0.192, -0.192, -0.192, -0.192, -0.192, -0.192, -0.192, -0.192, -0.192, -0.192, -0.192, -0.192, -0.192, -0.192, -0.192, -0.192, -0.192]",None,None,['left'],[1.1285848000006808],[0.4559319999989384],up,1.944513200000074,None,86.7074765999987,86.72268059999988,86.97275649999938,86.95602839999992,86.95640429999912,86.97275649999938,86.97275649999938,87.97276819999934,87.97276819999934,87.95612839999922,0,-3,,,,,,,,,,,,,,,,,,,,,,,202605,,D,2026-08-12_18h59.12.320,valence_final_v2,2024.2.4,60,2026-08-12 18h59.30.846082 -0600,
12,12,0,4,2,baseline,131,1.1,-0.18,1.0,0.004,curv,flat_curv,0.0,0.0,0.18,rew,input_data/stims/Shape_1.10_1.00.png,input_data/stims/Shape_4.00_2.00.png,input_data/stims/Shape_0.00_2.00.png,1,-1,1.0,-1.0,-1,up,4.7628820000009,None,up,1.248876100000416,None,None,None,['left'],[1.70712789999925],[0.30397140000059153],up,2.3551306999997905,None,0,0,0,0,0,12,12,11,87.97276819999934,,,,,,,,,,,,,,,,,87.95672519999971,0.0005976000011287397,88.84075769999981,88.84116989999893,88.85598709999977,89.85608649999995,89.83904549999897,89.83946589999869,0.0004301000008126721,91.27382719999878,91.27505819999897,91.28982259999975,91.28982259999975,91.28982259999975,91.28982259999975,91.28982259999975,91.28982259999975,91.28982259999975,93.65709020000031,"[0.004, 0.004, 0.004, 0.004, 0.004, 0.004, 0.004, 0.004, 0.004, 0.004, 0.004, 0.004, 0.004, 0.004, 0.004, 0.004, 0.004, 0.004, 0.004, 0.004, 0.004, 0.004, 0.004, 0.004, 0.004, 0.004, 0.004, 0.004, 0.004, 0.004, 0.004, 0.004, 0.004, 0.004, 0.004, 0.004, 0.004, 0.004, 0.004, 0.004, 0.004, 0.004, 0.004, 0.004, 0.004, 0.004, 0.004, 0.004, 0.004, 0.004, 0.004, 0.004, 0.004, 0.004, 0.004, 0.004, 0.004, 0.004, 0.004, 0.004, 0.004, 0.004, 0.004, 0.004, 0.004, 0.004, 0.004, 0.004, 0.004, 0.004, 0.004, 0.004, 0.004, 0.004, 0.004, 0.004, 0.004, 0.004, 0.004, 0.004, 0.004, 0.004, 0.004, 0.004, 0.004, 0.004, 0.004, 0.004, 0.004, 0.004, 0.004, 0.004, 0.004, 0.004, 0.004, 0.004, 0.004, 0.004, 0.004, 0.004, 0.004, 0.004, 0.004, 0.004, -0.004, -0.012, -0.02, -0.028, -0.036, -0.044, -0.052, -0.06, -0.068, -0.076, -0.084, -0.092, -0.1, -0.108, -0.116, -0.124, -0.132, -0.14, -0.14, -0.14, -0.14, -0.14, -0.14, -0.14, -0.14, -0.14, -0.14, -0.14, -0.14, -0.14, -0.14, -0.14, -0.14, -0.14, -0.14, -0.14, -0.14, -0.14, -0.14, -0.14]",None,None,['left'],[1.70712789999925],[0.30397140000059153],up,2.3551306999997905,None,93.65749959999994,93.67292209999869,93.92281299999922,93.90630599999895,93.90668509999887,93.92281299999922,,94.92280829999982,,94.90634729999874,0,-1,,,,,93.92281299999922,94.92280829999982,,,,,,,,,,,,,,,,,202605,,D,2026-08-12_18h59.12.320,valence_final_v2,2024.2.4,60,2026-08-12 18h59.30.846082 -0600,
13,13,0,4,2,baseline,157,3.7,0.34,3.0,-0.148,flat,flat_curv,0.0,0.0,-0.34,pen,input_data/stims/Shape_3.70_3.00.png,input_data/stims/Shape_4.00_2.00.png,input_data/stims/Shape_0.00_2.00.png,-1,-1,-1.0,1.0,1,up,4.7628820000009,None,up,1.248876100000416,None,None,None,['right'],[1.484859799998958],[0.7119245000012597],up,2.5728966999995464,None,0,0,0,0,0,13,13,37,94.92280829999982,,,,,,,,,,,,,,,,,94.90694989999974,0.0006023999994795304,95.94185029999971,95.9423139999999,95.95665980000012,96.9566735999997,96.940141699999,96.94056259999888,0.00043289999848639127,98.22409659999903,98.22543039999982,98.24005969999962,98.24005969999962,98.24005969999962,98.24005969999962,98.24005969999962,98.24005969999962,98.24005969999962,100.82446209999944,"[-0.148, -0.148, -0.148, -0.148, -0.148, -0.148, -0.148, -0.148, -0.148, -0.148, -0.148, -0.148, -0.148, -0.148, -0.148, -0.148, -0.148, -0.148, -0.148, -0.148, -0.148, -0.148, -0.148, -0.148, -0.148, -0.148, -0.148, -0.148, -0.148, -0.148, -0.148, -0.148, -0.148, -0.148, -0.148, -0.148, -0.148, -0.148, -0.148, -0.148, -0.148, -0.148, -0.148, -0.148, -0.148, -0.148, -0.148, -0.148, -0.148, -0.148, -0.148, -0.148, -0.148, -0.148, -0.148, -0.148, -0.148, -0.148, -0.148, -0.148, -0.148, -0.148, -0.148, -0.148, -0.148, -0.148, -0.148, -0.148, -0.148, -0.148, -0.148, -0.148, -0.148, -0.148, -0.148, -0.148, -0.148, -0.148, -0.148, -0.148, -0.148, -0.148, -0.148, -0.148, -0.148, -0.148, -0.148, -0.148, -0.148, -0.148, -0.148, -0.14, -0.132, -0.124, -0.116, -0.108, -0.1, -0.092, -0.084, -0.076, -0.068, -0.06, -0.052, -0.044, -0.036, -0.028, -0.02, -0.012, -0.004, 0.004, 0.012, 0.02, 0.028, 0.036, 0.044, 0.052, 0.06, 0.068, 0.076, 0.084, 0.092, 0.1, 0.108, 0.116, 0.124, 0.132, 0.14, 0.148, 0.156, 0.164, 0.172, 0.18, 0.188, 0.188, 0.188, 0.188, 0.188, 0.188, 0.188, 0.188, 0.188, 0.188, 0.188, 0.188, 0.188, 0.188, 0.188, 0.188, 0.188, 0.188, 0.188, 0.188, 0.188, 0.188, 0.188, 0.188, 0.188]",None,None,['right'],[1.484859799998958],[0.7119245000012597],up,2.5728966999995464,None,100.82492610000008,100.84013489999961,101.09013459999915,101.07365889999892,101.07404029999998,101.09013459999915,101.09013459999915,102.09016960000008,102.09016960000008,102.07369800000015,0,-3,,,,,,,,,,,,,,,,,,,,,,,202605,,D,2026-08-12_18h59.12.320,valence_final_v2,2024.2.4,60,2026-08-12 18h59.30.846082 -0600,
14,14,0,4,2,baseline,138,1.9,-0.02,1.0,0.056,curv,curv_flat,0.0,0.0,-0.02,rew,input_data/stims/Shape_1.90_1.00.png,input_data/stims/Shape_0.00_2.00.png,input_data/stims/Shape_4.00_2.00.png,1,1,1.0,-1.0,-1,up,4.7628820000009,None,up,1.248876100000416,None,None,None,['left'],[0.6597114000014699],[0.5439248999991833],up,1.931756600000881,None,0,0,0,0,0,14,14,18,102.09016960000008,,,,,,,,,,,,,,,,,102.07431229999929,0.0006142000002000714,102.9578619999993,102.95834839999952,102.97359770000003,103.97359130000041,103.95703779999894,103.95748160000039,0.00045540000064647757,105.24097749999964,105.24221039999975,105.25723899999866,105.25723899999866,105.25723899999866,105.25723899999866,105.25723899999866,105.25723899999866,105.25723899999866,107.19132369999897,"[0.056, 0.056, 0.056, 0.056, 0.056, 0.056, 0.056, 0.056, 0.056, 0.056, 0.056, 0.056, 0.056, 0.056, 0.056, 0.056, 0.056, 0.056, 0.056, 0.056, 0.056, 0.056, 0.056, 0.056, 0.056, 0.056, 0.056, 0.056, 0.056, 0.056, 0.056, 0.056, 0.056, 0.056, 0.056, 0.056, 0.056, 0.056, 0.056, 0.056, 0.056, 0.048, 0.04, 0.032, 0.024, 0.016, 0.008, 0.0, -0.008, -0.016, -0.024, -0.032, -0.04, -0.048, -0.056, -0.064, -0.072, -0.08, -0.088, -0.096, -0.104, -0.112, -0.12, -0.128, -0.136, -0.144, -0.152, -0.16, -0.168, -0.176, -0.184, -0.192, -0.2, -0.208, -0.208, -0.208, -0.208, -0.208, -0.208, -0.208, -0.208, -0.208, -0.208, -0.208, -0.208, -0.208, -0.208, -0.208, -0.208, -0.208, -0.208, -0.208, -0.208, -0.208, -0.208, -0.208, -0.208, -0.208, -0.208, -0.208, -0.208, -0.208, -0.208, -0.208, -0.208, -0.208, -0.208, -0.208, -0.208, -0.208, -0.208, -0.208, -0.208, -0.208, -0.208, -0.208, -0.208, -0.208]",None,None,['left'],[0.6597114000014699],[0.5439248999991833],up,1.931756600000881,None,107.19175129999894,107.20696150000003,107.45697029999974,107.44043659999988,107.44082129999879,107.45697029999974,,108.45649599999888,,108.44002600000022,1,3,107.45697029999974,108.45649599999888,,,,,,,,,,,,,,,,,,,,,202605,,D,2026-08-12_18h59.12.320,valence_final_v2,2024.2.4,60,2026-08-12 18h59.30.846082 -0600,
15,15,0,4,2,baseline,143,2.3,0.06,3.0,-0.208,flat,flat_curv,0.0,0.0,-0.06,pen,input_data/stims/Shape_2.30_3.00.png,input_data/stims/Shape_4.00_2.00.png,input_data/stims/Shape_0.00_2.00.png,-1,-1,-1.0,1.0,1,up,4.7628820000009,None,up,1.248876100000416,None,None,None,['right'],[1.4511841999992612],[0.9680509999998321],None,,,0,0,0,0,0,15,15,23,108.45649599999888,,,,,,,,,,,,,,,,,108.44062389999999,0.0006068999991839519,109.47501410000041,109.47538879999956,109.48998310000025,110.48960540000007,110.47350199999892,110.47391929999867,0.0004287000010663178,111.85807969999951,111.85972969999966,111.87370689999989,111.87370689999989,111.87370689999989,111.87370689999989,111.87370689999989,111.87370689999989,111.87370689999989,114.85754830000042,"[-0.208, -0.208, -0.208, -0.208, -0.208, -0.208, -0.208, -0.208, -0.208, -0.208, -0.208, -0.208, -0.208, -0.208, -0.208, -0.208, -0.208, -0.208, -0.208, -0.208, -0.208, -0.208, -0.208, -0.208, -0.208, -0.208, -0.208, -0.208, -0.208, -0.208, -0.208, -0.208, -0.208, -0.208, -0.208, -0.208, -0.208, -0.208, -0.208, -0.208, -0.208, -0.208, -0.208, -0.208, -0.208, -0.208, -0.208, -0.208, -0.208, -0.208, -0.208, -0.208, -0.208, -0.208, -0.208, -0.208, -0.208, -0.208, -0.208, -0.208, -0.208, -0.208, -0.208, -0.208, -0.208, -0.208, -0.208, -0.208, -0.208, -0.208, -0.208, -0.208, -0.208, -0.208, -0.208, -0.208, -0.208, -0.208, -0.208, -0.208, -0.208, -0.208, -0.208, -0.208, -0.208, -0.208, -0.208, -0.208, -0.208, -0.2, -0.192, -0.184, -0.176, -0.168, -0.16, -0.152, -0.144, -0.136, -0.128, -0.12, -0.112, -0.104, -0.096, -0.088, -0.08, -0.072, -0.064, -0.056, -0.048, -0.04, -0.032, -0.024, -0.016, -0.008, 0.0, 0.008, 0.016, 0.024, 0.032, 0.04, 0.048, 0.056, 0.064, 0.072, 0.08, 0.088, 0.096, 0.104, 0.112, 0.12, 0.128, 0.136, 0.144, 0.152, 0.16, 0.168, 0.176, 0.184, 0.192, 0.2, 0.208, 0.216, 0.224, 0.232, 0.24, 0.248, 0.256, 0.256, 0.256, 0.256, 0.256, 0.256, 0.256, 0.256, 0.256, 0.256, 0.256, 0.256, 0.256, 0.256, 0.256, 0.256, 0.256, 0.256, 0.256, 0.256, 0.256, 0.256, 0.256, 0.256, 0.256, 0.256, 0.256, 0.256, 0.256, 0.256, 0.256, 0.256, 0.256, 0.256, 0.256]",None,None,['right'],[1.4511841999992612],[0.9680509999998321],None,,,114.85809439999866,114.87349410000024,115.12341769999875,115.10689180000008,115.10912049999934,115.12341769999875,115.12341769999875,116.12339299999985,116.12339299999985,116.10692339999878,0,-3,,,,,,,114.87349410000024,114.87349410000024,114.87349410000024,114.87349410000024,114.87349410000024,114.87349410000024,114.87349410000024,,,,,,,,,,202605,,D,2026-08-12_18h59.12.320,valence_final_v2,2024.2.4,60,2026-08-12 18h59.30.846082 -0600,
16,16,0,4,2,baseline,122,0.3,-0.34,1.0,-0.096,curv,curv_flat,0.0,0.0,-0.34,rew,input_data/stims/Shape_0.30_1.00.png,input_data/stims/Shape_0.00_2.00.png,input_data/stims/Shape_4.00_2.00.png,1,1,-1.0,-1.0,-1,up,4.7628820000009,None,up,1.248876100000416,None,None,None,['left'],[0.9606352000009792],[0.1999961000001349],up,1.6486924000000727,None,0,0,0,0,0,16,16,2,116.12339299999985,,,,,,,,,,,,,,,,,116.10753149999982,0.000609200000326382,117.0411652999992,117.04158409999945,117.05677649999961,118.0563891999991,118.0398752000001,118.04033100000015,0.0004669999998441199,119.52398089999951,119.52531429999908,119.5402637999996,119.5402637999996,119.5402637999996,119.5402637999996,119.5402637999996,119.5402637999996,119.5402637999996,121.19129069999872,"[-0.096, -0.096, -0.096, -0.096, -0.096, -0.096, -0.096, -0.096, -0.096, -0.096, -0.096, -0.096, -0.096, -0.096, -0.096, -0.096, -0.096, -0.096, -0.096, -0.096, -0.096, -0.096, -0.096, -0.096, -0.096, -0.096, -0.096, -0.096, -0.096, -0.096, -0.096, -0.096, -0.096, -0.096, -0.096, -0.096, -0.096, -0.096, -0.096, -0.096, -0.096, -0.096, -0.096, -0.096, -0.096, -0.096, -0.096, -0.096, -0.096, -0.096, -0.096, -0.096, -0.096, -0.096, -0.096, -0.096, -0.096, -0.096, -0.096, -0.104, -0.112, -0.12, -0.128, -0.136, -0.144, -0.152, -0.16, -0.168, -0.176, -0.184, -0.192, -0.192, -0.192, -0.192, -0.192, -0.192, -0.192, -0.192, -0.192, -0.192, -0.192, -0.192, -0.192, -0.192, -0.192, -0.192, -0.192, -0.192, -0.192, -0.192, -0.192, -0.192, -0.192, -0.192, -0.192, -0.192, -0.192, -0.192, -0.192, -0.192, -0.192]",None,None,['left'],[0.9606352000009792],[0.1999961000001349],up,1.6486924000000727,None,121.19170089999898,121.2069389999997,121.45687259999977,121.44040999999925,121.44125539999914,121.45687259999977,,122.45691420000003,,122.44046329999946,1,3,121.45687259999977,122.45691420000003,,,,,,,,,,,,,,,,,,,,,202605,,D,2026-08-12_18h59.12.320,valence_final_v2,2024.2.4,60,2026-08-12 18h59.30.846082 -0600,
17,17,0,4,2,baseline,159,3.9,0.38,3.0,0.04,flat,flat_curv,0.0,0.0,-0.38,pen,input_data/stims/Shape_3.90_3.00.png,input_data/stims/Shape_4.00_2.00.png,input_data/stims/Shape_0.00_2.00.png,-1,-1,1.0,1.0,1,up,4.7628820000009,None,up,1.248876100000416,None,None,None,['left'],[0.5311293999984628],[0.5439500000011321],up,1.4110724999991362,None,0,0,0,0,0,17,17,39,122.45691420000003,,,,,,,,,,,,,,,,,122.44105870000021,0.0005969000012555625,123.37635559999944,123.37696829999913,123.39038429999891,124.39039219999904,124.37386919999881,124.3742958999992,0.00043790000017907005,125.85904229999869,125.86037039999974,125.87382760000037,125.87382760000037,125.87382760000037,125.87382760000037,125.87382760000037,125.87382760000037,125.87382760000037,127.2915013999991,"[0.04, 0.04, 0.04, 0.04, 0.04, 0.04, 0.04, 0.04, 0.04, 0.04, 0.04, 0.04, 0.04, 0.04, 0.04, 0.04, 0.04, 0.04, 0.04, 0.04, 0.04, 0.04, 0.04, 0.04, 0.04, 0.04, 0.04, 0.04, 0.04, 0.04, 0.04, 0.04, 0.04, 0.032, 0.024, 0.016, 0.008, 0.0, -0.008, -0.016, -0.024, -0.032, -0.04, -0.048, -0.056, -0.064, -0.072, -0.08, -0.088, -0.096, -0.104, -0.112, -0.12, -0.128, -0.136, -0.144, -0.152, -0.16, -0.168, -0.176, -0.184, -0.192, -0.2, -0.208, -0.216, -0.224, -0.224, -0.224, -0.224, -0.224, -0.224, -0.224, -0.224, -0.224, -0.224, -0.224, -0.224, -0.224, -0.224, -0.224, -0.224, -0.224, -0.224, -0.224, -0.224, -0.224, -0.224]",None,None,['left'],[0.5311293999984628],[0.5439500000011321],up,1.4110724999991362,None,127.29192169999988,127.30707249999978,127.5570274999991,127.54061729999921,127.54099999999926,127.5570274999991,,128.5570831999994,,128.54055309999967,1,1,,,127.5570274999991,128.5570831999994,,,,,,,,,,,,,,,,,,,202605,,D,2026-08-12_18h59.12.320,valence_final_v2,2024.2.4,60,2026-08-12 18h59.30.846082 -0600,
18,18,0,4,2,baseline,130,1.1,-0.18,3.0,-0.244,curv,curv_flat,0.0,0.0,-0.18,rew,input_data/stims/Shape_1.10_3.00.png,input_data/stims/Shape_0.00_2.00.png,input_data/stims/Shape_4.00_2.00.png,1,1,-1.0,1.0,-1,up,4.7628820000009,None,up,1.248876100000416,None,None,None,['right'],[1.2106216000011045],[0.8079132000002573],up,2.394637800000055,None,0,0,0,0,0,18,18,10,128.5570831999994,,,,,,,,,,,,,,,,,128.54116579999936,0.0006147000003693393,129.52537689999917,129.52609440000015,129.54000689999884,130.54055719999997,130.523927799999,130.52436130000024,0.0004442999997991137,131.85852309999973,131.8600219,131.8743118000002,131.8743118000002,131.8743118000002,131.8743118000002,131.8743118000002,131.8743118000002,131.8743118000002,134.27509439999994,"[-0.244, -0.244, -0.244, -0.244, -0.244, -0.244, -0.244, -0.244, -0.244, -0.244, -0.244, -0.244, -0.244, -0.244, -0.244, -0.244, -0.244, -0.244, -0.244, -0.244, -0.244, -0.244, -0.244, -0.244, -0.244, -0.244, -0.244, -0.244, -0.244, -0.244, -0.244, -0.244, -0.244, -0.244, -0.244, -0.244, -0.244, -0.244, -0.244, -0.244, -0.244, -0.244, -0.244, -0.244, -0.244, -0.244, -0.244, -0.244, -0.244, -0.244, -0.244, -0.244, -0.244, -0.244, -0.244, -0.244, -0.244, -0.244, -0.244, -0.244, -0.244, -0.244, -0.244, -0.244, -0.244, -0.244, -0.244, -0.244, -0.244, -0.244, -0.244, -0.244, -0.244, -0.244, -0.236, -0.228, -0.22, -0.212, -0.204, -0.196, -0.188, -0.18, -0.172, -0.164, -0.156, -0.148, -0.14, -0.132, -0.124, -0.116, -0.108, -0.1, -0.092, -0.084, -0.076, -0.068, -0.06, -0.052, -0.044, -0.036, -0.028, -0.02, -0.012, -0.004, 0.004, 0.012, 0.02, 0.028, 0.036, 0.044, 0.052, 0.06, 0.068, 0.076, 0.084, 0.092, 0.1, 0.108, 0.116, 0.124, 0.132, 0.14, 0.148, 0.148, 0.148, 0.148, 0.148, 0.148, 0.148, 0.148, 0.148, 0.148, 0.148, 0.148, 0.148, 0.148, 0.148, 0.148, 0.148, 0.148, 0.148, 0.148, 0.148, 0.148, 0.148, 0.148]",None,None,['right'],[1.2106216000011045],[0.8079132000002573],up,2.394637800000055,None,134.2755527999998,134.29058609999993,134.5406426999998,134.52404539999952,134.52444689999902,134.5406426999998,,135.54071189999922,,135.5241163999999,0,-1,,,,,134.5406426999998,135.54071189999922,,,,,,,,,,,,,,,,,202605,,D,2026-08-12_18h59.12.320,valence_final_v2,2024.2.4,60,2026-08-12 18h59.30.846082 -0600,
19,19,0,4,2,baseline,134,1.5,-0.1,3.0,-0.152,curv,curv_flat,0.0,0.0,-0.1,rew,input_data/stims/Shape_1.50_3.00.png,input_data/stims/Shape_0.00_2.00.png,input_data/stims/Shape_4.00_2.00.png,1,1,-1.0,1.0,-1,up,4.7628820000009,None,up,1.248876100000416,None,None,None,['right'],[2.5254963999996107],[None],None,,,0,0,0,0,0,19,19,14,135.54071189999922,,,,,,,,,,,,,,,,,135.52475210000011,0.0006379999995260732,136.41017119999924,136.41096389999984,136.4239650999989,137.42406839999967,137.40750109999863,137.40792349999901,0.00043199999890930485,138.79328729999906,138.79494969999905,138.80744699999923,138.80744699999923,138.80744699999923,138.80744699999923,138.80744699999923,138.80744699999923,138.80744699999923,141.79191139999966,"[-0.152, -0.152, -0.152, -0.152, -0.152, -0.152, -0.152, -0.152, -0.152, -0.152, -0.152, -0.152, -0.152, -0.152, -0.152, -0.152, -0.152, -0.152, -0.152, -0.152, -0.152, -0.152, -0.152, -0.152, -0.152, -0.152, -0.152, -0.152, -0.152, -0.152, -0.152, -0.152, -0.152, -0.152, -0.152, -0.152, -0.152, -0.152, -0.152, -0.152, -0.152, -0.152, -0.152, -0.152, -0.152, -0.152, -0.152, -0.152, -0.152, -0.152, -0.152, -0.152, -0.152, -0.152, -0.152, -0.152, -0.152, -0.152, -0.152, -0.152, -0.152, -0.152, -0.152, -0.152, -0.152, -0.152, -0.152, -0.152, -0.152, -0.152, -0.152, -0.152, -0.152, -0.152, -0.152, -0.152, -0.152, -0.152, -0.152, -0.152, -0.152, -0.152, -0.152, -0.152, -0.152, -0.152, -0.152, -0.152, -0.152, -0.152, -0.152, -0.152, -0.152, -0.152, -0.152, -0.152, -0.152, -0.152, -0.152, -0.152, -0.152, -0.152, -0.152, -0.152, -0.152, -0.152, -0.152, -0.152, -0.152, -0.152, -0.152, -0.152, -0.152, -0.152, -0.152, -0.152, -0.152, -0.152, -0.152, -0.152, -0.152, -0.152, -0.152, -0.152, -0.152, -0.152, -0.152, -0.152, -0.152, -0.152, -0.152, -0.152, -0.152, -0.152, -0.152, -0.152, -0.152, -0.152, -0.152, -0.152, -0.152, -0.152, -0.152, -0.152, -0.152, -0.152, -0.152, -0.152, -0.152, -0.152, -0.152, -0.152, -0.152, -0.144, -0.136, -0.128, -0.12, -0.112, -0.104, -0.096, -0.088, -0.08, -0.072, -0.064, -0.056, -0.048, -0.04, -0.032, -0.024, -0.016, -0.008, 0.0, 0.008, 0.016, 0.024, 0.032, 0.04, 0.048, 0.056, 0.064, 0.072]",None,None,['right'],[2.5254963999996107],[None],None,,,141.79242369999884,141.8075544000003,142.0575491999989,142.04092929999933,142.04318359999888,142.0575491999989,,143.0570532999991,,143.04055999999946,0,-1,,,,,142.0575491999989,143.0570532999991,141.8075544000003,141.8075544000003,141.8075544000003,141.8075544000003,141.8075544000003,141.8075544000003,141.8075544000003,,,,,,,,,,202605,,D,2026-08-12_18h59.12.320,valence_final_v2,2024.2.4,60,2026-08-12 18h59.30.846082 -0600,
20,20,0,4,2,baseline,158,3.9,0.38,3.0,0.284,flat,curv_flat,0.0,0.0,0.38,pen,input_data/stims/Shape_3.90_3.00.png,input_data/stims/Shape_0.00_2.00.png,input_data/stims/Shape_4.00_2.00.png,-1,1,1.0,1.0,1,up,4.7628820000009,None,up,1.248876100000416,None,None,None,['left'],[0.8168205000001763],[0.815786900000603],up,2.1127089000001433,None,0,0,0,0,0,20,20,38,143.0570532999991,,,,,,,,,,,,,,,,,143.04117919999953,0.0006204999990586657,144.02540709999994,144.0258319000004,144.040915399999,145.04098349999913,145.02434650000032,145.02477329999965,0.00045060000047669746,146.50892589999967,146.51062869999987,146.5242746999993,146.5242746999993,146.5242746999993,146.5242746999993,146.5242746999993,146.5242746999993,146.5242746999993,148.64112419999947,"[0.284, 0.284, 0.284, 0.284, 0.284, 0.284, 0.284, 0.284, 0.284, 0.284, 0.284, 0.284, 0.284, 0.284, 0.284, 0.284, 0.284, 0.284, 0.284, 0.284, 0.284, 0.284, 0.284, 0.284, 0.284, 0.284, 0.284, 0.284, 0.284, 0.284, 0.284, 0.284, 0.284, 0.284, 0.284, 0.284, 0.284, 0.284, 0.284, 0.284, 0.284, 0.284, 0.284, 0.284, 0.284, 0.284, 0.284, 0.284, 0.284, 0.284, 0.276, 0.268, 0.26, 0.252, 0.244, 0.236, 0.228, 0.22, 0.212, 0.204, 0.196, 0.188, 0.18, 0.172, 0.164, 0.156, 0.148, 0.14, 0.132, 0.124, 0.116, 0.108, 0.1, 0.092, 0.084, 0.076, 0.068, 0.06, 0.052, 0.044, 0.036, 0.028, 0.02, 0.012, 0.004, -0.004, -0.012, -0.02, -0.028, -0.036, -0.044, -0.052, -0.06, -0.068, -0.076, -0.084, -0.092, -0.1, -0.108, -0.108, -0.108, -0.108, -0.108, -0.108, -0.108, -0.108, -0.108, -0.108, -0.108, -0.108, -0.108, -0.108, -0.108, -0.108, -0.108, -0.108, -0.108, -0.108, -0.108, -0.108, -0.108, -0.108, -0.108, -0.108, -0.108, -0.108, -0.108, -0.108, -0.108]",None,None,['left'],[0.8168205000001763],[0.815786900000603],up,2.1127089000001433,None,148.6415847999997,148.65679359999922,148.9068002999993,148.8902675999998,148.89112269999896,148.9068002999993,148.9068002999993,149.90682949999973,149.90682949999973,149.89033609999933,0,-3,,,,,,,,,,,,,,,,,,,,,,,202605,,D,2026-08-12_18h59.12.320,valence_final_v2,2024.2.4,60,2026-08-12 18h59.30.846082 -0600,
21,21,0,4,2,baseline,156,3.7,0.34,3.0,-0.164,flat,curv_flat,0.0,0.0,0.34,pen,input_data/stims/Shape_3.70_3.00.png,input_data/stims/Shape_0.00_2.00.png,input_data/stims/Shape_4.00_2.00.png,-1,1,-1.0,1.0,1,up,4.7628820000009,None,up,1.248876100000416,None,None,None,['right'],[2.07525109999915],[0.6399440000004688],up,2.907325399999536,None,0,0,0,0,0,21,21,36,149.90682949999973,,,,,,,,,,,,,,,,,149.8909513999988,0.0006159000004117843,150.92452289999892,150.92493409999952,150.94020789999922,151.94021339999927,151.92368669999996,151.924122299999,0.0004470999992918223,153.25775369999974,153.2591663000003,153.27362579999863,153.27362579999863,153.27362579999863,153.27362579999863,153.27362579999863,153.27362579999863,153.27362579999863,156.19136359999902,"[-0.164, -0.164, -0.164, -0.164, -0.164, -0.164, -0.164, -0.164, -0.164, -0.164, -0.164, -0.164, -0.164, -0.164, -0.164, -0.164, -0.164, -0.164, -0.164, -0.164, -0.164, -0.164, -0.164, -0.164, -0.164, -0.164, -0.164, -0.164, -0.164, -0.164, -0.164, -0.164, -0.164, -0.164, -0.164, -0.164, -0.164, -0.164, -0.164, -0.164, -0.164, -0.164, -0.164, -0.164, -0.164, -0.164, -0.164, -0.164, -0.164, -0.164, -0.164, -0.164, -0.164, -0.164, -0.164, -0.164, -0.164, -0.164, -0.164, -0.164, -0.164, -0.164, -0.164, -0.164, -0.164, -0.164, -0.164, -0.164, -0.164, -0.164, -0.164, -0.164, -0.164, -0.164, -0.164, -0.164, -0.164, -0.164, -0.164, -0.164, -0.164, -0.164, -0.164, -0.164, -0.164, -0.164, -0.164, -0.164, -0.164, -0.164, -0.164, -0.164, -0.164, -0.164, -0.164, -0.164, -0.164, -0.164, -0.164, -0.164, -0.164, -0.164, -0.164, -0.164, -0.164, -0.164, -0.164, -0.164, -0.164, -0.164, -0.164, -0.164, -0.164, -0.164, -0.164, -0.164, -0.164, -0.164, -0.164, -0.164, -0.164, -0.164, -0.164, -0.164, -0.164, -0.164, -0.156, -0.148, -0.14, -0.132, -0.124, -0.116, -0.108, -0.1, -0.092, -0.084, -0.076, -0.068, -0.06, -0.052, -0.044, -0.036, -0.028, -0.02, -0.012, -0.004, 0.004, 0.012, 0.02, 0.028, 0.036, 0.044, 0.052, 0.06, 0.068, 0.076, 0.084, 0.092, 0.1, 0.108, 0.116, 0.124, 0.132, 0.14, 0.14, 0.14, 0.14, 0.14, 0.14, 0.14, 0.14, 0.14, 0.14, 0.14, 0.14, 0.14, 0.14]",None,None,['right'],[2.07525109999915],[0.6399440000004688],up,2.907325399999536,None,156.1918440999998,156.2070034999997,156.45701100000042,156.44047279999904,156.44087330000002,156.45701100000042,,157.4570377,,157.4405286000001,1,1,,,156.45701100000042,157.4570377,,,,,,,,,,,,,,,,,,,202605,,D,2026-08-12_18h59.12.320,valence_final_v2,2024.2.4,60,2026-08-12 18h59.30.846082 -0600,
22,22,0,4,2,baseline,129,0.9,-0.22,1.0,0.048,curv,flat_curv,0.0,0.0,0.22,rew,input_data/stims/Shape_0.90_1.00.png,input_data/stims/Shape_4.00_2.00.png,input_data/stims/Shape_0.00_2.00.png,1,-1,1.0,-1.0,-1,up,4.7628820000009,None,up,1.248876100000416,None,None,None,['left'],[0.6911036000001332],[0.5920410999988235],up,1.5790489999999409,None,0,0,0,0,0,22,22,9,157.4570377,,,,,,,,,,,,,,,,,157.44113499999912,0.0006085999993956648,158.5250476000001,158.52586390000033,158.54042990000016,159.54044280000016,159.52390059999925,159.5243389999996,0.00044949999937671237,160.85866170000008,160.86009709999962,160.8738315999999,160.8738315999999,160.8738315999999,160.8738315999999,160.8738315999999,160.8738315999999,160.8738315999999,162.4581849999995,"[0.048, 0.048, 0.048, 0.048, 0.048, 0.048, 0.048, 0.048, 0.048, 0.048, 0.048, 0.048, 0.048, 0.048, 0.048, 0.048, 0.048, 0.048, 0.048, 0.048, 0.048, 0.048, 0.048, 0.048, 0.048, 0.048, 0.048, 0.048, 0.048, 0.048, 0.048, 0.048, 0.048, 0.048, 0.048, 0.048, 0.048, 0.048, 0.048, 0.048, 0.048, 0.048, 0.048, 0.04, 0.032, 0.024, 0.016, 0.008, 0.0, -0.008, -0.016, -0.024, -0.032, -0.04, -0.048, -0.056, -0.064, -0.072, -0.08, -0.088, -0.096, -0.104, -0.112, -0.12, -0.128, -0.136, -0.144, -0.152, -0.16, -0.168, -0.176, -0.184, -0.192, -0.2, -0.208, -0.216, -0.224, -0.232, -0.232, -0.232, -0.232, -0.232, -0.232, -0.232, -0.232, -0.232, -0.232, -0.232, -0.232, -0.232, -0.232, -0.232, -0.232, -0.232, -0.232, -0.232, -0.232]",None,None,['left'],[0.6911036000001332],[0.5920410999988235],up,1.5790489999999409,None,162.45860059999904,162.47385639999993,162.7238473999987,162.70729810000012,162.7076803,162.7238473999987,,163.72388899999896,,163.70734970000012,0,-1,,,,,162.7238473999987,163.72388899999896,,,,,,,,,,,,,,,,,202605,,D,2026-08-12_18h59.12.320,valence_final_v2,2024.2.4,60,2026-08-12 18h59.30.846082 -0600,
23,23,0,4,2,baseline,121,0.1,-0.38,1.0,-0.004,curv,flat_curv,0.0,0.0,0.38,rew,input_data/stims/Shape_0.10_1.00.png,input_data/stims/Shape_4.00_2.00.png,input_data/stims/Shape_0.00_2.00.png,1,-1,-1.0,-1.0,-1,up,4.7628820000009,None,up,1.248876100000416,None,None,None,['left'],[1.7482734000004712],[0.3760065999995277],up,2.596226100000422,None,0,0,0,0,0,23,23,1,163.72388899999896,,,,,,,,,,,,,,,,,163.70795989999897,0.0006109000005380949,164.59248399999888,164.59308189999865,164.6072623,165.60727589999988,165.59071459999905,165.59114249999948,0.00043929999992542434,167.02466749999985,167.02596119999907,167.04065049999917,167.04065049999917,167.04065049999917,167.04065049999917,167.04065049999917,167.04065049999917,167.04065049999917,169.6417660999996,"[-0.004, -0.004, -0.004, -0.004, -0.004, -0.004, -0.004, -0.004, -0.004, -0.004, -0.004, -0.004, -0.004, -0.004, -0.004, -0.004, -0.004, -0.004, -0.004, -0.004, -0.004, -0.004, -0.004, -0.004, -0.004, -0.004, -0.004, -0.004, -0.004, -0.004, -0.004, -0.004, -0.004, -0.004, -0.004, -0.004, -0.004, -0.004, -0.004, -0.004, -0.004, -0.004, -0.004, -0.004, -0.004, -0.004, -0.004, -0.004, -0.004, -0.004, -0.004, -0.004, -0.004, -0.004, -0.004, -0.004, -0.004, -0.004, -0.004, -0.004, -0.004, -0.004, -0.004, -0.004, -0.004, -0.004, -0.004, -0.004, -0.004, -0.004, -0.004, -0.004, -0.004, -0.004, -0.004, -0.004, -0.004, -0.004, -0.004, -0.004, -0.004, -0.004, -0.004, -0.004, -0.004, -0.004, -0.004, -0.004, -0.004, -0.004, -0.004, -0.004, -0.004, -0.004, -0.004, -0.004, -0.004, -0.004, -0.004, -0.004, -0.004, -0.004, -0.004, -0.004, -0.004, -0.004, -0.012, -0.02, -0.028, -0.036, -0.044, -0.052, -0.06, -0.068, -0.076, -0.084, -0.092, -0.1, -0.108, -0.116, -0.124, -0.132, -0.14, -0.148, -0.156, -0.164, -0.172, -0.18, -0.188, -0.188, -0.188, -0.188, -0.188, -0.188, -0.188, -0.188, -0.188, -0.188, -0.188, -0.188, -0.188, -0.188, -0.188, -0.188, -0.188, -0.188, -0.188, -0.188, -0.188, -0.188, -0.188, -0.188, -0.188, -0.188, -0.188, -0.188, -0.188, -0.188]",None,None,['left'],[1.7482734000004712],[0.3760065999995277],up,2.596226100000422,None,169.6422032999999,169.6573929999995,169.90737689999878,169.89084709999952,169.8912309999996,169.90737689999878,,170.90740689999984,,170.8908948999997,0,-1,,,,,169.90737689999878,170.90740689999984,,,,,,,,,,,,,,,,,202605,,D,2026-08-12_18h59.12.320,valence_final_v2,2024.2.4,60,2026-08-12 18h59.30.846082 -0600,
24,24,0,4,2,baseline,153,3.3,0.26,1.0,0.136,flat,flat_curv,0.0,0.0,-0.26,pen,input_data/stims/Shape_3.30_1.00.png,input_data/stims/Shape_4.00_2.00.png,input_data/stims/Shape_0.00_2.00.png,-1,-1,1.0,-1.0,1,up,4.7628820000009,None,up,1.248876100000416,None,None,None,['left'],[1.174752200000512],[0.8799801000004663],up,2.438772700001209,None,0,0,0,0,0,24,24,33,170.90740689999984,,,,,,,,,,,,,,,,,170.89151779999884,0.0006236000008357223,171.7758804999994,171.77668900000026,171.79079160000038,172.79081319999932,172.77426529999866,172.77468819999922,0.0004329999992478406,174.1586871999989,174.1600070000004,174.17417939999905,174.17417939999905,174.17417939999905,174.17417939999905,174.17417939999905,174.17417939999905,174.17417939999905,176.62527489999957,"[0.136, 0.136, 0.136, 0.136, 0.136, 0.136, 0.136, 0.136, 0.136, 0.136, 0.136, 0.136, 0.136, 0.136, 0.136, 0.136, 0.136, 0.136, 0.136, 0.136, 0.136, 0.136, 0.136, 0.136, 0.136, 0.136, 0.136, 0.136, 0.136, 0.136, 0.136, 0.136, 0.136, 0.136, 0.136, 0.136, 0.136, 0.136, 0.136, 0.136, 0.136, 0.136, 0.136, 0.136, 0.136, 0.136, 0.136, 0.136, 0.136, 0.136, 0.136, 0.136, 0.136, 0.136, 0.136, 0.136, 0.136, 0.136, 0.136, 0.136, 0.136, 0.136, 0.136, 0.136, 0.136, 0.136, 0.136, 0.136, 0.136, 0.136, 0.136, 0.136, 0.128, 0.12, 0.112, 0.104, 0.096, 0.088, 0.08, 0.072, 0.064, 0.056, 0.048, 0.04, 0.032, 0.024, 0.016, 0.008, 0.0, -0.008, -0.016, -0.024, -0.032, -0.04, -0.048, -0.056, -0.064, -0.072, -0.08, -0.088, -0.096, -0.104, -0.112, -0.12, -0.128, -0.136, -0.144, -0.152, -0.16, -0.168, -0.176, -0.184, -0.192, -0.2, -0.208, -0.216, -0.224, -0.232, -0.24, -0.248, -0.256, -0.264, -0.272, -0.28, -0.288, -0.288, -0.288, -0.288, -0.288, -0.288, -0.288, -0.288, -0.288, -0.288, -0.288, -0.288, -0.288, -0.288, -0.288, -0.288, -0.288, -0.288, -0.288, -0.288, -0.288, -0.288, -0.288, -0.288, -0.288]",None,None,['left'],[1.174752200000512],[0.8799801000004663],up,2.438772700001209,None,176.62571519999983,176.6409275999995,176.89091569999982,176.8743797999996,176.8747657999993,176.89091569999982,,177.8909425999991,,177.87443650000023,1,1,,,176.89091569999982,177.8909425999991,,,,,,,,,,,,,,,,,,,202605,,D,2026-08-12_18h59.12.320,valence_final_v2,2024.2.4,60,2026-08-12 18h59.30.846082 -0600,
25,25,0,4,2,baseline,120,0.1,-0.38,1.0,-0.252,curv,curv_flat,0.0,0.0,-0.38,rew,input_data/stims/Shape_0.10_1.00.png,input_data/stims/Shape_0.00_2.00.png,input_data/stims/Shape_4.00_2.00.png,1,1,-1.0,-1.0,-1,up,4.7628820000009,None,up,1.248876100000416,None,None,None,['left'],[0.7211225000010018],[0.25604659999953583],up,1.4011485999999422,None,0,0,0,0,0,25,25,0,177.8909425999991,,,,,,,,,,,,,,,,,177.87504569999874,0.0006083000007492956,178.90911880000021,178.9097783999987,178.9243394999994,179.92431439999928,179.90777940000044,179.9082199000004,0.0004515000000537839,181.29175749999922,181.29314369999884,181.30775419999918,181.30775419999918,181.30775419999918,181.30775419999918,181.30775419999918,181.30775419999918,181.30775419999918,182.72544930000004,"[-0.252, -0.252, -0.252, -0.252, -0.252, -0.252, -0.252, -0.252, -0.252, -0.252, -0.252, -0.252, -0.252, -0.252, -0.252, -0.252, -0.252, -0.252, -0.252, -0.252, -0.252, -0.252, -0.252, -0.252, -0.252, -0.252, -0.252, -0.252, -0.252, -0.252, -0.252, -0.252, -0.252, -0.252, -0.252, -0.252, -0.252, -0.252, -0.252, -0.252, -0.252, -0.252, -0.252, -0.252, -0.252, -0.26, -0.268, -0.276, -0.284, -0.292, -0.3, -0.308, -0.316, -0.324, -0.332, -0.34, -0.348, -0.356, -0.364, -0.372, -0.372, -0.372, -0.372, -0.372, -0.372, -0.372, -0.372, -0.372, -0.372, -0.372, -0.372, -0.372, -0.372, -0.372, -0.372, -0.372, -0.372, -0.372, -0.372, -0.372, -0.372, -0.372, -0.372, -0.372, -0.372, -0.372, -0.372]",None,None,['left'],[0.7211225000010018],[0.25604659999953583],up,1.4011485999999422,None,182.72586389999924,182.741086,182.99107339999864,182.97454579999976,182.9749326000001,182.99107339999864,,183.99109849999877,,183.97459039999922,1,3,182.99107339999864,183.99109849999877,,,,,,,,,,,,,,,,,,,,,202605,,D,2026-08-12_18h59.12.320,valence_final_v2,2024.2.4,60,2026-08-12 18h59.30.846082 -0600,
26,26,0,4,2,baseline,128,0.9,-0.22,3.0,-0.396,curv,curv_flat,0.0,0.0,-0.22,rew,input_data/stims/Shape_0.90_3.00.png,input_data/stims/Shape_0.00_2.00.png,input_data/stims/Shape_4.00_2.00.png,1,1,-1.0,1.0,-1,up,4.7628820000009,None,up,1.248876100000416,None,None,None,None,,,up,1.6110543999984657,None,0,0,0,0,0,26,26,8,183.99109849999877,,,,,,,,,,,,,,,,,183.9751892000004,0.0005996999989292817,185.00898140000027,185.0093911999993,185.02449329999945,186.02448639999966,186.0079439000001,186.00837899999897,0.00044440000056056306,187.4428126999992,187.44410609999977,187.45787699999892,187.45787699999892,187.45787699999892,187.45787699999892,187.45787699999892,187.45787699999892,187.45787699999892,189.07559219999894,"[-0.396, -0.396, -0.396, -0.396, -0.396, -0.396, -0.396, -0.396, -0.396, -0.396, -0.396, -0.396, -0.396, -0.396, -0.396, -0.396, -0.396, -0.396, -0.396, -0.396, -0.396, -0.396, -0.396, -0.396, -0.396, -0.396, -0.396, -0.396, -0.396, -0.396, -0.396, -0.396, -0.396, -0.396, -0.396, -0.396, -0.396, -0.396, -0.396, -0.396, -0.396, -0.396, -0.396, -0.396, -0.396, -0.396, -0.396, -0.396, -0.396, -0.396, -0.396, -0.396, -0.396, -0.396, -0.396, -0.396, -0.396, -0.396, -0.396, -0.396, -0.396, -0.396, -0.396, -0.396, -0.396, -0.396, -0.396, -0.396, -0.396, -0.396, -0.396, -0.396, -0.396, -0.396, -0.396, -0.396, -0.396, -0.396, -0.396, -0.396, -0.396, -0.396, -0.396, -0.396, -0.396, -0.396, -0.396, -0.396, -0.396, -0.396, -0.396, -0.396, -0.396, -0.396, -0.396, -0.396, -0.396, -0.396, -0.396]",None,None,None,,,up,1.6110543999984657,None,189.07596279999962,189.09127179999996,189.34125349999886,189.32470979999925,189.32708599999933,189.34125349999886,,190.34128070000042,,190.32477189999918,0,-1,,,,,189.34125349999886,190.34128070000042,,,,,,,,,,,,,,,,,202605,,D,2026-08-12_18h59.12.320,valence_final_v2,2024.2.4,60,2026-08-12 18h59.30.846082 -0600,
27,27,0,4,2,baseline,154,3.5,0.3,3.0,-0.244,flat,curv_flat,0.0,0.0,0.3,pen,input_data/stims/Shape_3.50_3.00.png,input_data/stims/Shape_0.00_2.00.png,input_data/stims/Shape_4.00_2.00.png,-1,1,-1.0,1.0,1,up,4.7628820000009,None,up,1.248876100000416,None,None,None,['right'],[0.9288560000004509],[1.088110400000005],up,2.192851399999199,None,0,0,0,0,0,27,27,34,190.34128070000042,,,,,,,,,,,,,,,,,190.32539089999955,0.0006210999999893829,191.26007039999968,191.2607150999993,191.27467549999892,192.27466719999939,192.2581066999992,192.25853209999877,0.00043679999907908496,193.6938868999987,193.6952251999992,193.70807219999915,193.70807219999915,193.70807219999915,193.70807219999915,193.70807219999915,193.70807219999915,193.70807219999915,195.90911229999983,"[-0.244, -0.244, -0.244, -0.244, -0.244, -0.244, -0.244, -0.244, -0.244, -0.244, -0.244, -0.244, -0.244, -0.244, -0.244, -0.244, -0.244, -0.244, -0.244, -0.244, -0.244, -0.244, -0.244, -0.244, -0.244, -0.244, -0.244, -0.244, -0.244, -0.244, -0.244, -0.244, -0.244, -0.244, -0.244, -0.244, -0.244, -0.244, -0.244, -0.244, -0.244, -0.244, -0.244, -0.244, -0.244, -0.244, -0.244, -0.244, -0.244, -0.244, -0.244, -0.244, -0.244, -0.244, -0.244, -0.244, -0.244, -0.236, -0.228, -0.22, -0.212, -0.204, -0.196, -0.188, -0.18, -0.172, -0.164, -0.156, -0.148, -0.14, -0.132, -0.124, -0.116, -0.108, -0.1, -0.092, -0.084, -0.076, -0.068, -0.06, -0.052, -0.044, -0.036, -0.028, -0.02, -0.012, -0.004, 0.004, 0.012, 0.02, 0.028, 0.036, 0.044, 0.052, 0.06, 0.068, 0.076, 0.084, 0.092, 0.1, 0.108, 0.116, 0.124, 0.132, 0.14, 0.148, 0.156, 0.164, 0.172, 0.18, 0.188, 0.196, 0.204, 0.212, 0.22, 0.228, 0.236, 0.244, 0.252, 0.26, 0.268, 0.276, 0.284, 0.284, 0.284, 0.284, 0.284, 0.284, 0.284, 0.284, 0.284, 0.284, 0.284, 0.284]",None,None,['right'],[0.9288560000004509],[1.088110400000005],up,2.192851399999199,None,195.90954369999963,195.92478819999997,196.1747919999998,196.15824520000024,196.15909250000004,196.1747919999998,,197.1749189000002,,197.1583912999995,1,1,,,196.1747919999998,197.1749189000002,,,,,,,,,,,,,,,,,,,202605,,D,2026-08-12_18h59.12.320,valence_final_v2,2024.2.4,60,2026-08-12 18h59.30.846082 -0600,
28,28,0,4,2,baseline,125,0.5,-0.3,1.0,0.016,curv,flat_curv,0.0,0.0,0.3,rew,input_data/stims/Shape_0.50_1.00.png,input_data/stims/Shape_4.00_2.00.png,input_data/stims/Shape_0.00_2.00.png,1,-1,1.0,-1.0,-1,up,4.7628820000009,None,up,1.248876100000416,None,None,None,['right'],[0.9424320000016451],[0.4959943999983807],up,1.6064992000010534,None,0,0,0,0,0,28,28,5,197.1749189000002,,,,,,,,,,,,,,,,,197.15899770000033,0.0006076000008761184,198.0427342999992,198.04313449999972,198.0583816999988,199.0583005999997,199.0420035999996,199.0424458999987,0.0004528999998001382,200.52776939999967,200.52902849999919,200.54244889999973,200.54244889999973,200.54244889999973,200.54244889999973,200.54244889999973,200.54244889999973,200.54244889999973,202.1601456999997,"[0.016, 0.016, 0.016, 0.016, 0.016, 0.016, 0.016, 0.016, 0.016, 0.016, 0.016, 0.016, 0.016, 0.016, 0.016, 0.016, 0.016, 0.016, 0.016, 0.016, 0.016, 0.016, 0.016, 0.016, 0.016, 0.016, 0.016, 0.016, 0.016, 0.016, 0.016, 0.016, 0.016, 0.016, 0.016, 0.016, 0.016, 0.016, 0.016, 0.016, 0.016, 0.016, 0.016, 0.016, 0.016, 0.016, 0.016, 0.016, 0.016, 0.016, 0.016, 0.016, 0.016, 0.016, 0.016, 0.016, 0.016, 0.016, 0.024, 0.032, 0.04, 0.048, 0.056, 0.064, 0.072, 0.08, 0.088, 0.096, 0.104, 0.112, 0.12, 0.128, 0.136, 0.144, 0.152, 0.16, 0.168, 0.176, 0.184, 0.192, 0.2, 0.208, 0.216, 0.224, 0.232, 0.24, 0.248, 0.256, 0.256, 0.256, 0.256, 0.256, 0.256, 0.256, 0.256, 0.256, 0.256, 0.256, 0.256]",None,None,['right'],[0.9424320000016451],[0.4959943999983807],up,1.6064992000010534,None,202.1605426999995,202.17589860000044,202.42579079999996,202.4092819999987,202.40966730000036,202.42579079999996,,203.42586049999954,,203.40931519999867,1,3,202.42579079999996,203.42586049999954,,,,,,,,,,,,,,,,,,,,,202605,,D,2026-08-12_18h59.12.320,valence_final_v2,2024.2.4,60,2026-08-12 18h59.30.846082 -0600,
29,29,0,4,2,baseline,133,1.3,-0.14,3.0,-0.144,curv,flat_curv,0.0,0.0,0.14,rew,input_data/stims/Shape_1.30_3.00.png,input_data/stims/Shape_4.00_2.00.png,input_data/stims/Shape_0.00_2.00.png,1,-1,-1.0,1.0,-1,up,4.7628820000009,None,up,1.248876100000416,None,None,None,['left'],[1.1339307999987795],[0.30392329999995127],up,1.8139260999996623,None,0,0,0,0,0,29,29,13,203.42586049999954,,,,,,,,,,,,,,,,,203.40992729999925,0.0006142000002000714,204.44384790000004,204.44426609999937,204.45926750000035,205.4592109999994,205.44268759999977,205.44311860000016,0.0004411000008985866,206.72727209999903,206.72870309999962,206.7430289999993,206.7430289999993,206.7430289999993,206.7430289999993,206.7430289999993,206.7430289999993,206.7430289999993,208.55950180000036,"[-0.144, -0.144, -0.144, -0.144, -0.144, -0.144, -0.144, -0.144, -0.144, -0.144, -0.144, -0.144, -0.144, -0.144, -0.144, -0.144, -0.144, -0.144, -0.144, -0.144, -0.144, -0.144, -0.144, -0.144, -0.144, -0.144, -0.144, -0.144, -0.144, -0.144, -0.144, -0.144, -0.144, -0.144, -0.144, -0.144, -0.144, -0.144, -0.144, -0.144, -0.144, -0.144, -0.144, -0.144, -0.144, -0.144, -0.144, -0.144, -0.144, -0.144, -0.144, -0.144, -0.144, -0.144, -0.144, -0.144, -0.144, -0.144, -0.144, -0.144, -0.144, -0.144, -0.144, -0.144, -0.144, -0.144, -0.144, -0.144, -0.144, -0.144, -0.152, -0.16, -0.168, -0.176, -0.184, -0.192, -0.2, -0.208, -0.216, -0.224, -0.232, -0.24, -0.248, -0.256, -0.264, -0.272, -0.28, -0.288, -0.288, -0.288, -0.288, -0.288, -0.288, -0.288, -0.288, -0.288, -0.288, -0.288, -0.288, -0.288, -0.288, -0.288, -0.288, -0.288, -0.288, -0.288, -0.288, -0.288, -0.288, -0.288, -0.288]",None,None,['left'],[1.1339307999987795],[0.30392329999995127],up,1.8139260999996623,None,208.5599301000002,208.57512309999947,208.8251339999988,208.80859559999953,208.80899580000005,208.8251339999988,,209.82514559999981,,209.8086442999993,0,-1,,,,,208.8251339999988,209.82514559999981,,,,,,,,,,,,,,,,,202605,,D,2026-08-12_18h59.12.320,valence_final_v2,2024.2.4,60,2026-08-12 18h59.30.846082 -0600,
30,30,0,4,2,baseline,152,3.3,0.26,3.0,-0.1,flat,curv_flat,0.0,0.0,0.26,pen,input_data/stims/Shape_3.30_3.00.png,input_data/stims/Shape_0.00_2.00.png,input_data/stims/Shape_4.00_2.00.png,-1,1,-1.0,1.0,1,up,4.7628820000009,None,up,1.248876100000416,None,None,None,['right'],[0.8130247999997664],[0.6399181999986467],up,1.7650346999998874,None,0,0,0,0,0,30,30,32,209.82514559999981,,,,,,,,,,,,,,,,,209.8092531000002,0.0006075000001146691,210.79293959999995,210.79334980000021,210.80852549999872,211.8085362999991,211.79202049999913,211.7924480999991,0.0004377999994176207,213.17600969999876,213.1772738999989,213.19192699999985,213.19192699999985,213.19192699999985,213.19192699999985,213.19192699999985,213.19192699999985,213.19192699999985,214.95960469999955,"[-0.1, -0.1, -0.1, -0.1, -0.1, -0.1, -0.1, -0.1, -0.1, -0.1, -0.1, -0.1, -0.1, -0.1, -0.1, -0.1, -0.1, -0.1, -0.1, -0.1, -0.1, -0.1, -0.1, -0.1, -0.1, -0.1, -0.1, -0.1, -0.1, -0.1, -0.1, -0.1, -0.1, -0.1, -0.1, -0.1, -0.1, -0.1, -0.1, -0.1, -0.1, -0.1, -0.1, -0.1, -0.1, -0.1, -0.1, -0.1, -0.1, -0.1, -0.092, -0.084, -0.076, -0.068, -0.06, -0.052, -0.044, -0.036, -0.028, -0.02, -0.012, -0.004, 0.004, 0.012, 0.02, 0.028, 0.036, 0.044, 0.052, 0.06, 0.068, 0.076, 0.084, 0.092, 0.1, 0.108, 0.116, 0.124, 0.132, 0.14, 0.148, 0.156, 0.164, 0.172, 0.18, 0.188, 0.196, 0.204, 0.212, 0.212, 0.212, 0.212, 0.212, 0.212, 0.212, 0.212, 0.212, 0.212, 0.212, 0.212, 0.212, 0.212, 0.212, 0.212, 0.212, 0.212, 0.212, 0.212]",None,None,['right'],[0.8130247999997664],[0.6399181999986467],up,1.7650346999998874,None,214.96003120000023,214.97529310000027,215.2252926000001,215.20875979999983,215.2091421999994,215.2252926000001,,216.2253284999988,,216.2088148999992,1,1,,,215.2252926000001,216.2253284999988,,,,,,,,,,,,,,,,,,,202605,,D,2026-08-12_18h59.12.320,valence_final_v2,2024.2.4,60,2026-08-12 18h59.30.846082 -0600,
31,31,0,4,2,baseline,146,2.7,0.14,1.0,0.236,flat,curv_flat,0.0,0.0,0.14,pen,input_data/stims/Shape_2.70_1.00.png,input_data/stims/Shape_0.00_2.00.png,input_data/stims/Shape_4.00_2.00.png,-1,1,1.0,-1.0,1,up,4.7628820000009,None,up,1.248876100000416,None,None,None,['left'],[0.6947937999993883],[0.8960133000000496],up,2.4708116999991034,None,0,0,0,0,0,31,31,26,216.2253284999988,,,,,,,,,,,,,,,,,216.20940679999876,0.0005936000015935861,217.14439990000028,217.14480729999923,217.1587146999991,218.15871139999945,218.1422610999998,218.14269810000042,0.0004487999995035352,219.52653089999876,219.52772279999954,219.5421081000004,219.5421081000004,219.5421081000004,219.5421081000004,219.5421081000004,219.5421081000004,219.5421081000004,222.02674599999955,"[0.236, 0.236, 0.236, 0.236, 0.236, 0.236, 0.236, 0.236, 0.236, 0.236, 0.236, 0.236, 0.236, 0.236, 0.236, 0.236, 0.236, 0.236, 0.236, 0.236, 0.236, 0.236, 0.236, 0.236, 0.236, 0.236, 0.236, 0.236, 0.236, 0.236, 0.236, 0.236, 0.236, 0.236, 0.236, 0.236, 0.236, 0.236, 0.236, 0.236, 0.236, 0.236, 0.236, 0.228, 0.22, 0.212, 0.204, 0.196, 0.188, 0.18, 0.172, 0.164, 0.156, 0.148, 0.14, 0.132, 0.124, 0.116, 0.108, 0.1, 0.092, 0.084, 0.076, 0.068, 0.06, 0.052, 0.044, 0.036, 0.028, 0.02, 0.012, 0.004, -0.004, -0.012, -0.02, -0.028, -0.036, -0.044, -0.052, -0.06, -0.068, -0.076, -0.084, -0.092, -0.1, -0.108, -0.116, -0.124, -0.132, -0.14, -0.148, -0.156, -0.164, -0.172, -0.18, -0.188, -0.196, -0.196, -0.196, -0.196, -0.196, -0.196, -0.196, -0.196, -0.196, -0.196, -0.196, -0.196, -0.196, -0.196, -0.196, -0.196, -0.196, -0.196, -0.196, -0.196, -0.196, -0.196, -0.196, -0.196, -0.196, -0.196, -0.196, -0.196, -0.196, -0.196, -0.196, -0.196, -0.196, -0.196, -0.196, -0.196, -0.196, -0.196, -0.196, -0.196, -0.196, -0.196, -0.196, -0.196, -0.196, -0.196, -0.196, -0.196, -0.196, -0.196, -0.196, -0.196, -0.196, -0.196, -0.196]",None,None,['left'],[0.6947937999993883],[0.8960133000000496],up,2.4708116999991034,None,222.02722119999999,222.04217830000016,222.2921564999997,222.27596389999962,222.2763474000003,222.2921564999997,222.2921564999997,223.2922067999989,223.2922067999989,223.27583609999965,0,-3,,,,,,,,,,,,,,,,,,,,,,,202605,,D,2026-08-12_18h59.12.320,valence_final_v2,2024.2.4,60,2026-08-12 18h59.30.846082 -0600,
32,32,0,4,2,baseline,135,1.5,-0.1,1.0,0.288,curv,flat_curv,0.0,0.0,0.1,rew,input_data/stims/Shape_1.50_1.00.png,input_data/stims/Shape_4.00_2.00.png,input_data/stims/Shape_0.00_2.00.png,1,-1,1.0,-1.0,-1,up,4.7628820000009,None,up,1.248876100000416,None,None,None,['left'],[1.6659529999997176],[1.031956099999661],None,,,0,0,0,0,0,32,32,15,223.2922067999989,,,,,,,,,,,,,,,,,223.276439199999,0.000602600001002429,224.36017469999933,224.36057230000006,224.3755616999988,225.37557109999943,225.359058,225.35948129999997,0.0004334999994171085,226.64416299999903,226.64581840000028,226.65897799999948,226.65897799999948,226.65897799999948,226.65897799999948,226.65897799999948,226.65897799999948,226.65897799999948,229.64344179999898,"[0.288, 0.288, 0.288, 0.288, 0.288, 0.288, 0.288, 0.288, 0.288, 0.288, 0.288, 0.288, 0.288, 0.288, 0.288, 0.288, 0.288, 0.288, 0.288, 0.288, 0.288, 0.288, 0.288, 0.288, 0.288, 0.288, 0.288, 0.288, 0.288, 0.288, 0.288, 0.288, 0.288, 0.288, 0.288, 0.288, 0.288, 0.288, 0.288, 0.288, 0.288, 0.288, 0.288, 0.288, 0.288, 0.288, 0.288, 0.288, 0.288, 0.288, 0.288, 0.288, 0.288, 0.288, 0.288, 0.288, 0.288, 0.288, 0.288, 0.288, 0.288, 0.288, 0.288, 0.288, 0.288, 0.288, 0.288, 0.288, 0.288, 0.288, 0.288, 0.288, 0.288, 0.288, 0.288, 0.288, 0.288, 0.288, 0.288, 0.288, 0.288, 0.288, 0.288, 0.288, 0.288, 0.288, 0.288, 0.288, 0.288, 0.288, 0.288, 0.288, 0.288, 0.288, 0.288, 0.288, 0.288, 0.288, 0.288, 0.288, 0.288, 0.28, 0.272, 0.264, 0.256, 0.248, 0.24, 0.232, 0.224, 0.216, 0.208, 0.2, 0.192, 0.184, 0.176, 0.168, 0.16, 0.152, 0.144, 0.136, 0.128, 0.12, 0.112, 0.104, 0.096, 0.088, 0.08, 0.072, 0.064, 0.056, 0.048, 0.04, 0.032, 0.024, 0.016, 0.008, 0.0, -0.008, -0.016, -0.024, -0.032, -0.04, -0.048, -0.056, -0.064, -0.072, -0.08, -0.088, -0.096, -0.104, -0.112, -0.12, -0.128, -0.136, -0.144, -0.152, -0.16, -0.168, -0.176, -0.184, -0.192, -0.2, -0.208, -0.208, -0.208, -0.208, -0.208, -0.208, -0.208, -0.208, -0.208, -0.208, -0.208, -0.208, -0.208, -0.208, -0.208, -0.208, -0.208, -0.208, -0.208]",None,None,['left'],[1.6659529999997176],[1.031956099999661],None,,,229.6439868999987,229.65902819999974,229.90903439999965,229.8924989999996,229.8946861000004,229.90903439999965,,230.90905889999885,,230.89255669999875,0,-1,,,,,229.90903439999965,230.90905889999885,229.65902819999974,229.65902819999974,229.65902819999974,229.65902819999974,229.65902819999974,229.65902819999974,229.65902819999974,,,,,,,,,,202605,,D,2026-08-12_18h59.12.320,valence_final_v2,2024.2.4,60,2026-08-12 18h59.30.846082 -0600,
33,33,0,4,2,baseline,139,1.9,-0.02,1.0,0.092,curv,flat_curv,0.0,0.0,0.02,rew,input_data/stims/Shape_1.90_1.00.png,input_data/stims/Shape_4.00_2.00.png,input_data/stims/Shape_0.00_2.00.png,1,-1,1.0,-1.0,-1,up,4.7628820000009,None,up,1.248876100000416,None,None,None,['right'],[1.0950451999997313],[0.37607329999991634],up,1.8391045999997004,None,0,0,0,0,0,33,33,19,230.90905889999885,,,,,,,,,,,,,,,,,230.8931694999992,0.0006150000008346979,231.97744199999943,231.97783179999897,231.99245249999876,232.9924637999993,232.97595029999866,232.9763845999987,0.0004447999999683816,234.31141749999915,234.31262919999972,234.325838499999,234.325838499999,234.325838499999,234.325838499999,234.325838499999,234.325838499999,234.325838499999,236.17692759999954,"[0.092, 0.092, 0.092, 0.092, 0.092, 0.092, 0.092, 0.092, 0.092, 0.092, 0.092, 0.092, 0.092, 0.092, 0.092, 0.092, 0.092, 0.092, 0.092, 0.092, 0.092, 0.092, 0.092, 0.092, 0.092, 0.092, 0.092, 0.092, 0.092, 0.092, 0.092, 0.092, 0.092, 0.092, 0.092, 0.092, 0.092, 0.092, 0.092, 0.092, 0.092, 0.092, 0.092, 0.092, 0.092, 0.092, 0.092, 0.092, 0.092, 0.092, 0.092, 0.092, 0.092, 0.092, 0.092, 0.092, 0.092, 0.092, 0.092, 0.092, 0.092, 0.092, 0.092, 0.092, 0.092, 0.092, 0.092, 0.1, 0.108, 0.116, 0.124, 0.132, 0.14, 0.148, 0.156, 0.164, 0.172, 0.18, 0.188, 0.196, 0.204, 0.212, 0.22, 0.228, 0.236, 0.244, 0.252, 0.26, 0.268, 0.276, 0.276, 0.276, 0.276, 0.276, 0.276, 0.276, 0.276, 0.276, 0.276, 0.276, 0.276, 0.276, 0.276, 0.276, 0.276, 0.276, 0.276, 0.276, 0.276, 0.276, 0.276, 0.276, 0.276]",None,None,['right'],[1.0950451999997313],[0.37607329999991634],up,1.8391045999997004,None,236.17733969999972,236.19255169999997,236.44256219999988,236.4260121999996,236.42687750000005,236.44256219999988,,237.44258470000022,,237.42615599999954,1,3,236.44256219999988,237.44258470000022,,,,,,,,,,,,,,,,,,,,,202605,,D,2026-08-12_18h59.12.320,valence_final_v2,2024.2.4,60,2026-08-12 18h59.30.846082 -0600,
34,34,0,4,2,baseline,137,1.7,-0.06,1.0,0.296,curv,flat_curv,0.0,0.0,0.06,rew,input_data/stims/Shape_1.70_1.00.png,input_data/stims/Shape_4.00_2.00.png,input_data/stims/Shape_0.00_2.00.png,1,-1,1.0,-1.0,-1,up,4.7628820000009,None,up,1.248876100000416,None,None,None,['left'],[0.9955661000003602],[1.2719247000004543],up,2.363515000000916,None,0,0,0,0,0,34,34,17,237.44258470000022,,,,,,,,,,,,,,,,,237.42679259999932,0.0006370999999489868,238.41155900000012,238.4121598999991,238.42594649999955,239.42595489999985,239.40943030000017,239.40985519999958,0.00043679999907908496,240.7936570999991,240.79525879999892,240.8093599999993,240.8093599999993,240.8093599999993,240.8093599999993,240.8093599999993,240.8093599999993,240.8093599999993,243.1771190999989,"[0.296, 0.296, 0.296, 0.296, 0.296, 0.296, 0.296, 0.296, 0.296, 0.296, 0.296, 0.296, 0.296, 0.296, 0.296, 0.296, 0.296, 0.296, 0.296, 0.296, 0.296, 0.296, 0.296, 0.296, 0.296, 0.296, 0.296, 0.296, 0.296, 0.296, 0.296, 0.296, 0.296, 0.296, 0.296, 0.296, 0.296, 0.296, 0.296, 0.296, 0.296, 0.296, 0.296, 0.296, 0.296, 0.296, 0.296, 0.296, 0.296, 0.296, 0.296, 0.296, 0.296, 0.296, 0.296, 0.296, 0.296, 0.296, 0.296, 0.296, 0.296, 0.288, 0.28, 0.272, 0.264, 0.256, 0.248, 0.24, 0.232, 0.224, 0.216, 0.208, 0.2, 0.192, 0.184, 0.176, 0.168, 0.16, 0.152, 0.144, 0.136, 0.128, 0.12, 0.112, 0.104, 0.096, 0.088, 0.08, 0.072, 0.064, 0.056, 0.048, 0.04, 0.032, 0.024, 0.016, 0.008, 0.0, -0.008, -0.016, -0.024, -0.032, -0.04, -0.048, -0.056, -0.064, -0.072, -0.08, -0.088, -0.096, -0.104, -0.112, -0.12, -0.128, -0.136, -0.144, -0.152, -0.16, -0.168, -0.176, -0.184, -0.192, -0.2, -0.208, -0.216, -0.224, -0.232, -0.24, -0.248, -0.256, -0.264, -0.272, -0.28, -0.288, -0.296, -0.304, -0.312, -0.32, -0.32, -0.32, -0.32, -0.32, -0.32, -0.32]",None,None,['left'],[0.9955661000003602],[1.2719247000004543],up,2.363515000000916,None,243.1775445000003,243.1927388999993,243.44274049999876,243.4261865999997,243.42659169999934,243.44274049999876,,244.44279339999957,,244.42624669999896,0,-1,,,,,243.44274049999876,244.44279339999957,,,,,,,,,,,,,,,,,202605,,D,2026-08-12_18h59.12.320,valence_final_v2,2024.2.4,60,2026-08-12 18h59.30.846082 -0600,
35,35,0,4,2,baseline,124,0.5,-0.3,1.0,-0.364,curv,curv_flat,0.0,0.0,-0.3,rew,input_data/stims/Shape_0.50_1.00.png,input_data/stims/Shape_0.00_2.00.png,input_data/stims/Shape_4.00_2.00.png,1,1,-1.0,-1.0,-1,up,4.7628820000009,None,up,1.248876100000416,None,None,None,['right'],[1.5593765000012354],[0.35197689999949944],up,2.6953972000010253,None,0,0,0,0,0,35,35,4,244.44279339999957,,,,,,,,,,,,,,,,,244.42684969999937,0.0006047000006219605,245.41137049999998,245.41186129999915,245.42614680000042,246.42615469999873,246.40961719999905,246.41005760000007,0.0004528999998001382,247.6945760999988,247.6960349000001,247.70953819999886,247.70953819999886,247.70953819999886,247.70953819999886,247.70953819999886,247.70953819999886,247.70953819999886,250.41064189999997,"[-0.364, -0.364, -0.364, -0.364, -0.364, -0.364, -0.364, -0.364, -0.364, -0.364, -0.364, -0.364, -0.364, -0.364, -0.364, -0.364, -0.364, -0.364, -0.364, -0.364, -0.364, -0.364, -0.364, -0.364, -0.364, -0.364, -0.364, -0.364, -0.364, -0.364, -0.364, -0.364, -0.364, -0.364, -0.364, -0.364, -0.364, -0.364, -0.364, -0.364, -0.364, -0.364, -0.364, -0.364, -0.364, -0.364, -0.364, -0.364, -0.364, -0.364, -0.364, -0.364, -0.364, -0.364, -0.364, -0.364, -0.364, -0.364, -0.364, -0.364, -0.364, -0.364, -0.364, -0.364, -0.364, -0.364, -0.364, -0.364, -0.364, -0.364, -0.364, -0.364, -0.364, -0.364, -0.364, -0.364, -0.364, -0.364, -0.364, -0.364, -0.364, -0.364, -0.364, -0.364, -0.364, -0.364, -0.364, -0.364, -0.364, -0.364, -0.364, -0.364, -0.364, -0.364, -0.364, -0.356, -0.348, -0.34, -0.332, -0.324, -0.316, -0.308, -0.3, -0.292, -0.284, -0.276, -0.268, -0.26, -0.252, -0.244, -0.236, -0.228, -0.22, -0.212, -0.204, -0.196, -0.196, -0.196, -0.196, -0.196, -0.196, -0.196, -0.196, -0.196, -0.196, -0.196, -0.196, -0.196, -0.196, -0.196, -0.196, -0.196, -0.196, -0.196, -0.196, -0.196, -0.196, -0.196, -0.196, -0.196, -0.196, -0.196, -0.196, -0.196, -0.196, -0.196, -0.196, -0.196, -0.196, -0.196, -0.196, -0.196, -0.196, -0.196, -0.196, -0.196, -0.196, -0.196, -0.196, -0.196, -0.196, -0.196, -0.196, -0.196]",None,None,['right'],[1.5593765000012354],[0.35197689999949944],up,2.6953972000010253,None,250.41109159999905,250.42627100000027,250.67627530000027,250.65977829999974,250.66017470000043,250.67627530000027,,251.6763006000001,,251.65978759999962,1,3,250.67627530000027,251.6763006000001,,,,,,,,,,,,,,,,,,,,,202605,,D,2026-08-12_18h59.12.320,valence_final_v2,2024.2.4,60,2026-08-12 18h59.30.846082 -0600,
36,36,0,4,2,baseline,127,0.7,-0.26,3.0,-0.228,curv,flat_curv,0.0,0.0,0.26,rew,input_data/stims/Shape_0.70_3.00.png,input_data/stims/Shape_4.00_2.00.png,input_data/stims/Shape_0.00_2.00.png,1,-1,-1.0,1.0,-1,up,4.7628820000009,None,up,1.248876100000416,None,None,None,['right'],[0.801772599999822],[1.1039791999992303],up,1.9937443999988318,None,0,0,0,0,0,36,36,7,251.6763006000001,,,,,,,,,,,,,,,,,251.66038939999999,0.0006018000003678026,252.54559309999968,252.5461396999999,252.55967090000013,253.55970249999882,253.54316469999867,253.54359809999914,0.0004451000004337402,254.82754149999892,254.82883690000017,254.84310480000022,254.84310480000022,254.84310480000022,254.84310480000022,254.84310480000022,254.84310480000022,254.84310480000022,256.8444158000002,"[-0.228, -0.228, -0.228, -0.228, -0.228, -0.228, -0.228, -0.228, -0.228, -0.228, -0.228, -0.228, -0.228, -0.228, -0.228, -0.228, -0.228, -0.228, -0.228, -0.228, -0.228, -0.228, -0.228, -0.228, -0.228, -0.228, -0.228, -0.228, -0.228, -0.228, -0.228, -0.228, -0.228, -0.228, -0.228, -0.228, -0.228, -0.228, -0.228, -0.228, -0.228, -0.228, -0.228, -0.228, -0.228, -0.228, -0.228, -0.228, -0.228, -0.228, -0.22, -0.212, -0.204, -0.196, -0.188, -0.18, -0.172, -0.164, -0.156, -0.148, -0.14, -0.132, -0.124, -0.116, -0.108, -0.1, -0.092, -0.084, -0.076, -0.068, -0.06, -0.052, -0.044, -0.036, -0.028, -0.02, -0.012, -0.004, 0.004, 0.012, 0.02, 0.028, 0.036, 0.044, 0.052, 0.06, 0.068, 0.076, 0.084, 0.092, 0.1, 0.108, 0.116, 0.124, 0.132, 0.14, 0.148, 0.156, 0.164, 0.172, 0.18, 0.188, 0.196, 0.204, 0.212, 0.22, 0.228, 0.236, 0.244, 0.252, 0.26, 0.268, 0.276, 0.284, 0.292, 0.3, 0.3, 0.3, 0.3, 0.3, 0.3, 0.3]",None,None,['right'],[0.801772599999822],[1.1039791999992303],up,1.9937443999988318,None,256.84484599999996,256.85989849999896,257.1098965000001,257.0933475999991,257.0937441999995,257.1098965000001,,258.1100134999997,,258.09361799999897,1,3,257.1098965000001,258.1100134999997,,,,,,,,,,,,,,,,,,,,,202605,,D,2026-08-12_18h59.12.320,valence_final_v2,2024.2.4,60,2026-08-12 18h59.30.846082 -0600,
37,37,0,4,2,baseline,142,2.3,0.06,3.0,-0.028,flat,curv_flat,0.0,0.0,0.06,pen,input_data/stims/Shape_2.30_3.00.png,input_data/stims/Shape_0.00_2.00.png,input_data/stims/Shape_4.00_2.00.png,-1,1,-1.0,1.0,1,up,4.7628820000009,None,up,1.248876100000416,None,None,None,"['right', 'left']","[0.9753416999992623, 1.3512912999995024]","[0.3359675000010611, 0.8400051000007807]",up,2.31941949999964,None,0,0,0,0,0,37,37,22,258.1100134999997,,,,,,,,,,,,,,,,,258.09424430000035,0.0006288999993557809,259.02951479999865,259.0300919000001,259.0440758000004,260.04409060000035,260.02758899999935,260.02801910000017,0.0004410999990795972,261.4627325999991,261.4646216000001,261.47756130000016,261.47756130000016,261.47756130000016,261.47756130000016,261.47756130000016,261.47756130000016,261.47756130000016,263.8118407999991,"[-0.028, -0.028, -0.028, -0.028, -0.028, -0.028, -0.028, -0.028, -0.028, -0.028, -0.028, -0.028, -0.028, -0.028, -0.028, -0.028, -0.028, -0.028, -0.028, -0.028, -0.028, -0.028, -0.028, -0.028, -0.028, -0.028, -0.028, -0.028, -0.028, -0.028, -0.028, -0.028, -0.028, -0.028, -0.028, -0.028, -0.028, -0.028, -0.028, -0.028, -0.028, -0.028, -0.028, -0.028, -0.028, -0.028, -0.028, -0.028, -0.028, -0.028, -0.028, -0.028, -0.028, -0.028, -0.028, -0.028, -0.028, -0.028, -0.028, -0.028, -0.02, -0.012, -0.004, 0.004, 0.012, 0.02, 0.028, 0.036, 0.044, 0.052, 0.06, 0.068, 0.076, 0.084, 0.092, 0.1, 0.108, 0.116, 0.124, 0.132, 0.132, 0.132, 0.132, 0.124, 0.116, 0.108, 0.1, 0.092, 0.084, 0.076, 0.068, 0.06, 0.052, 0.044, 0.036, 0.028, 0.02, 0.012, 0.004, -0.004, -0.012, -0.02, -0.028, -0.036, -0.044, -0.052, -0.06, -0.068, -0.076, -0.084, -0.092, -0.1, -0.108, -0.116, -0.124, -0.132, -0.14, -0.148, -0.156, -0.164, -0.172, -0.18, -0.188, -0.196, -0.204, -0.212, -0.22, -0.228, -0.236, -0.244, -0.252, -0.26, -0.268, -0.268, -0.268, -0.268, -0.268, -0.268, -0.268, -0.268, -0.268, -0.268]",None,None,"['right', 'left']","[0.9753416999992623, 1.3512912999995024]","[0.3359675000010611, 0.8400051000007807]",up,2.31941949999964,None,263.8123137999992,263.82748580000043,264.0776420000002,264.06100589999915,264.0613870999987,264.0776420000002,264.0776420000002,265.07765449999897,265.07765449999897,265.0610780999996,0,-3,,,,,,,,,,,,,,,,,,,,,,,202605,,D,2026-08-12_18h59.12.320,valence_final_v2,2024.2.4,60,2026-08-12 18h59.30.846082 -0600,
38,38,0,4,2,baseline,136,1.7,-0.06,3.0,0.064,curv,curv_flat,0.0,0.0,-0.06,rew,input_data/stims/Shape_1.70_3.00.png,input_data/stims/Shape_0.00_2.00.png,input_data/stims/Shape_4.00_2.00.png,1,1,1.0,1.0,-1,up,4.7628820000009,None,up,1.248876100000416,None,None,None,"['right', 'left']","[1.310193100000106, 1.8541234999993321]","[0.2959346999996342, 0.40808110000034503]",up,2.622192400000131,None,0,0,0,0,0,38,38,16,265.07765449999897,,,,,,,,,,,,,,,,,265.0616809000003,0.000603899999987334,266.14562920000026,266.1460397999999,266.16136769999866,267.1613706999997,267.14482099999987,267.14524079999865,0.0004315000005590264,268.4798286999994,268.48119190000034,268.49475019999954,268.49475019999954,268.49475019999954,268.49475019999954,268.49475019999954,268.49475019999954,268.49475019999954,271.12920510000004,"[0.064, 0.064, 0.064, 0.064, 0.064, 0.064, 0.064, 0.064, 0.064, 0.064, 0.064, 0.064, 0.064, 0.064, 0.064, 0.064, 0.064, 0.064, 0.064, 0.064, 0.064, 0.064, 0.064, 0.064, 0.064, 0.064, 0.064, 0.064, 0.064, 0.064, 0.064, 0.064, 0.064, 0.064, 0.064, 0.064, 0.064, 0.064, 0.064, 0.064, 0.064, 0.064, 0.064, 0.064, 0.064, 0.064, 0.064, 0.064, 0.064, 0.064, 0.064, 0.064, 0.064, 0.064, 0.064, 0.064, 0.064, 0.064, 0.064, 0.064, 0.064, 0.064, 0.064, 0.064, 0.064, 0.064, 0.064, 0.064, 0.064, 0.064, 0.064, 0.064, 0.064, 0.064, 0.064, 0.064, 0.064, 0.064, 0.064, 0.064, 0.072, 0.08, 0.088, 0.096, 0.104, 0.112, 0.12, 0.128, 0.136, 0.144, 0.152, 0.16, 0.168, 0.176, 0.184, 0.192, 0.2, 0.208, 0.208, 0.208, 0.208, 0.208, 0.208, 0.208, 0.208, 0.208, 0.208, 0.208, 0.208, 0.208, 0.208, 0.208, 0.208, 0.2, 0.192, 0.184, 0.176, 0.168, 0.16, 0.152, 0.144, 0.136, 0.128, 0.12, 0.112, 0.104, 0.096, 0.088, 0.08, 0.072, 0.064, 0.056, 0.048, 0.04, 0.032, 0.024, 0.016, 0.016, 0.016, 0.016, 0.016, 0.016, 0.016, 0.016, 0.016, 0.016, 0.016, 0.016, 0.016, 0.016, 0.016, 0.016, 0.016, 0.016, 0.016, 0.016, 0.016, 0.016, 0.016, 0.016]",None,None,"['right', 'left']","[1.310193100000106, 1.8541234999993321]","[0.2959346999996342, 0.40808110000034503]",up,2.622192400000131,None,271.1296521000004,271.1448096999993,271.3947783000003,271.3783188999987,271.37871319999977,271.3947783000003,,272.39480659999936,,272.3783726999991,0,-1,,,,,271.3947783000003,272.39480659999936,,,,,,,,,,,,,,,,,202605,,D,2026-08-12_18h59.12.320,valence_final_v2,2024.2.4,60,2026-08-12 18h59.30.846082 -0600,
39,39,0,4,2,baseline,141,2.1,0.02,1.0,0.136,flat,flat_curv,0.0,0.0,-0.02,pen,input_data/stims/Shape_2.10_1.00.png,input_data/stims/Shape_4.00_2.00.png,input_data/stims/Shape_0.00_2.00.png,-1,-1,1.0,-1.0,1,up,4.7628820000009,None,up,1.248876100000416,None,None,None,['left'],[1.453360799998336],[0.7519649000005302],up,2.589253499998449,None,0,0,0,0,0,39,39,21,272.39480659999936,,,,,,,,,,,,,,,,,272.37897469999916,0.0006054000004951376,273.3129420999994,273.31374399999913,273.3282371999994,274.3282679999993,274.31169709999995,274.31215919999886,0.0004737999988719821,275.6966993999995,275.6979921000002,275.7116279999991,275.7116279999991,275.7116279999991,275.7116279999991,275.7116279999991,275.7116279999991,275.7116279999991,278.3113787000002,"[0.136, 0.136, 0.136, 0.136, 0.136, 0.136, 0.136, 0.136, 0.136, 0.136, 0.136, 0.136, 0.136, 0.136, 0.136, 0.136, 0.136, 0.136, 0.136, 0.136, 0.136, 0.136, 0.136, 0.136, 0.136, 0.136, 0.136, 0.136, 0.136, 0.136, 0.136, 0.136, 0.136, 0.136, 0.136, 0.136, 0.136, 0.136, 0.136, 0.136, 0.136, 0.136, 0.136, 0.136, 0.136, 0.136, 0.136, 0.136, 0.136, 0.136, 0.136, 0.136, 0.136, 0.136, 0.136, 0.136, 0.136, 0.136, 0.136, 0.136, 0.136, 0.136, 0.136, 0.136, 0.136, 0.136, 0.136, 0.136, 0.136, 0.136, 0.136, 0.136, 0.136, 0.136, 0.136, 0.136, 0.136, 0.136, 0.136, 0.136, 0.136, 0.136, 0.136, 0.136, 0.136, 0.136, 0.136, 0.136, 0.136, 0.128, 0.12, 0.112, 0.104, 0.096, 0.088, 0.08, 0.072, 0.064, 0.056, 0.048, 0.04, 0.032, 0.024, 0.016, 0.008, 0.0, -0.008, -0.016, -0.024, -0.032, -0.04, -0.048, -0.056, -0.064, -0.072, -0.08, -0.088, -0.096, -0.104, -0.112, -0.12, -0.128, -0.136, -0.144, -0.152, -0.16, -0.168, -0.176, -0.184, -0.192, -0.2, -0.208, -0.216, -0.224, -0.224, -0.224, -0.224, -0.224, -0.224, -0.224, -0.224, -0.224, -0.224, -0.224, -0.224, -0.224, -0.224, -0.224, -0.224, -0.224, -0.224, -0.224, -0.224, -0.224, -0.224, -0.224, -0.224, -0.224]",None,None,['left'],[1.453360799998336],[0.7519649000005302],up,2.589253499998449,None,278.3117986999987,278.3270345000001,278.57704229999945,278.560496099999,278.5608968999986,278.57704229999945,,279.593752499999,,279.56056329999956,1,1,,,278.57704229999945,279.593752499999,,,,,,,,,,,,,,,,,,,202605,,D,2026-08-12_18h59.12.320,valence_final_v2,2024.2.4,60,2026-08-12 18h59.30.846082 -0600,
0,0,0,6,2,flat_comp,224,3.3,0.26,1.0,0.344,flat,curv_flat,0.2,0.2,0.26,pen,input_data/stims/Shape_3.30_1.00.png,input_data/stims/Shape_0.00_2.00.png,input_data/stims/Shape_4.00_2.00.png,-1,1,1.0,-1.0,1,None,,,up,2.301808099999107,None,None,None,['left'],[0.7449372999999468],[1.064043700000184],up,2.1609817999997176,None,1,0,1,0,0,0,0,24,282.07714359999954,,279.7107331999996,,,,279.7107598999992,None,,,279.71452019999924,279.7270822999999,279.7270822999999,282.0440373000001,up,2.301808099999107,None,282.0705711999999,0.026523200000156066,282.9548885000004,282.9556823999992,282.96049800000037,283.9605288999992,283.9439884000003,283.94442009999875,0.00044410000009520445,285.4287753999997,285.43052270000044,285.44393619999937,285.44393619999937,285.44393619999937,285.44393619999937,285.44393619999937,285.44393619999937,285.44393619999937,287.6116474999999,"[0.344, 0.344, 0.344, 0.344, 0.344, 0.344, 0.344, 0.344, 0.344, 0.344, 0.344, 0.344, 0.344, 0.344, 0.344, 0.344, 0.344, 0.344, 0.344, 0.344, 0.344, 0.344, 0.344, 0.344, 0.344, 0.344, 0.344, 0.344, 0.344, 0.344, 0.344, 0.344, 0.344, 0.344, 0.344, 0.344, 0.344, 0.344, 0.344, 0.344, 0.344, 0.344, 0.344, 0.344, 0.344, 0.344, 0.336, 0.328, 0.32, 0.312, 0.304, 0.296, 0.288, 0.28, 0.272, 0.264, 0.256, 0.248, 0.24, 0.232, 0.224, 0.216, 0.208, 0.2, 0.192, 0.184, 0.176, 0.168, 0.16, 0.152, 0.144, 0.136, 0.128, 0.12, 0.112, 0.104, 0.096, 0.088, 0.08, 0.072, 0.064, 0.056, 0.048, 0.04, 0.032, 0.024, 0.016, 0.008, 0.0, -0.008, -0.016, -0.024, -0.032, -0.04, -0.048, -0.056, -0.064, -0.072, -0.08, -0.088, -0.096, -0.104, -0.112, -0.12, -0.128, -0.136, -0.144, -0.152, -0.16, -0.168, -0.168, -0.168, -0.168, -0.168, -0.168, -0.168, -0.168, -0.168, -0.168, -0.168, -0.168, -0.168, -0.168, -0.168, -0.168, -0.168, -0.168, -0.168, -0.168, -0.168, -0.168, -0.168]",None,None,['left'],[0.7449372999999468],[1.064043700000184],up,2.1609817999997176,None,287.6120785000003,287.62731319999875,287.87729989999934,287.86075619999974,287.8611450999997,287.87729989999934,287.87729989999934,288.8773225999994,288.8773225999994,288.8607941999999,0,-3,,,,,,,,,,,,,,279.5809866999989,279.593752499999,279.593752499999,279.7106112999991,-4,7,up,0.11518679999971937,None,202605,,D,2026-08-12_18h59.12.320,valence_final_v2,2024.2.4,60,2026-08-12 18h59.30.846082 -0600,
1,1,0,6,2,flat_comp,232,3.7,0.34,3.0,0.24,flat,curv_flat,0.2,0.2,0.34,pen,input_data/stims/Shape_3.70_3.00.png,input_data/stims/Shape_0.00_2.00.png,input_data/stims/Shape_4.00_2.00.png,-1,1,1.0,1.0,1,None,,,up,2.301808099999107,None,None,None,['right'],[0.9548433999989356],[0.30395230000067386],up,1.8907956999992166,None,1,0,1,0,0,1,1,32,288.8773225999994,,,,,,,,,,,,,,,,,288.8613836000004,0.0005894000005355338,289.89587049999864,289.896258499999,289.91070149999905,290.91072879999956,290.89417759999924,290.8946056999994,0.000436700000136625,292.1789011000001,292.1805236,292.19410909999897,292.19410909999897,292.19410909999897,292.19410909999897,292.19410909999897,292.19410909999897,292.19410909999897,294.09515869999996,"[0.24, 0.24, 0.24, 0.24, 0.24, 0.24, 0.24, 0.24, 0.24, 0.24, 0.24, 0.24, 0.24, 0.24, 0.24, 0.24, 0.24, 0.24, 0.24, 0.24, 0.24, 0.24, 0.24, 0.24, 0.24, 0.24, 0.24, 0.24, 0.24, 0.24, 0.24, 0.24, 0.24, 0.24, 0.24, 0.24, 0.24, 0.24, 0.24, 0.24, 0.24, 0.24, 0.24, 0.24, 0.24, 0.24, 0.24, 0.24, 0.24, 0.24, 0.24, 0.24, 0.24, 0.24, 0.24, 0.24, 0.24, 0.24, 0.24, 0.248, 0.256, 0.264, 0.272, 0.28, 0.288, 0.296, 0.304, 0.312, 0.32, 0.328, 0.336, 0.344, 0.352, 0.36, 0.368, 0.376, 0.384, 0.384, 0.384, 0.384, 0.384, 0.384, 0.384, 0.384, 0.384, 0.384, 0.384, 0.384, 0.384, 0.384, 0.384, 0.384, 0.384, 0.384, 0.384, 0.384, 0.384, 0.384, 0.384, 0.384, 0.384, 0.384, 0.384, 0.384, 0.384, 0.384, 0.384, 0.384, 0.384, 0.384, 0.384, 0.384, 0.384, 0.384, 0.384, 0.384]",None,None,['right'],[0.9548433999989356],[0.30395230000067386],up,1.8907956999992166,None,294.0955634999991,294.1108065999997,294.36082179999903,294.3442548999992,294.3446310999989,294.36082179999903,,295.3608353999989,,295.344330599999,1,1,,,294.36082179999903,295.3608353999989,,,,,,,,,,,,,,,,,,,202605,,D,2026-08-12_18h59.12.320,valence_final_v2,2024.2.4,60,2026-08-12 18h59.30.846082 -0600,
2,2,0,6,2,flat_comp,213,2.3,0.06,3.0,0.392,curv,flat_curv,0.2,-0.2,-0.06,rew,input_data/stims/Shape_2.30_3.00.png,input_data/stims/Shape_4.00_2.00.png,input_data/stims/Shape_0.00_2.00.png,1,-1,1.0,1.0,-1,None,,,up,2.301808099999107,None,None,None,['left'],[1.271305600001142],[1.1680065999989893],up,2.623261200000343,None,1,0,1,0,0,2,2,13,295.3608353999989,,,,,,,,,,,,,,,,,295.3449622999997,0.0006348000006255461,296.32894589999887,296.3293584999992,296.3442185999993,297.3442192000002,297.3276738000004,297.3280933999995,0.0004293999991205055,298.6620005999994,298.66347010000027,298.6776090000003,298.6776090000003,298.6776090000003,298.6776090000003,298.6776090000003,298.6776090000003,298.6776090000003,301.31208739999965,"[0.392, 0.392, 0.392, 0.392, 0.392, 0.392, 0.392, 0.392, 0.392, 0.392, 0.392, 0.392, 0.392, 0.392, 0.392, 0.392, 0.392, 0.392, 0.392, 0.392, 0.392, 0.392, 0.392, 0.392, 0.392, 0.392, 0.392, 0.392, 0.392, 0.392, 0.392, 0.392, 0.392, 0.392, 0.392, 0.392, 0.392, 0.392, 0.392, 0.392, 0.392, 0.392, 0.392, 0.392, 0.392, 0.392, 0.392, 0.392, 0.392, 0.392, 0.392, 0.392, 0.392, 0.392, 0.392, 0.392, 0.392, 0.392, 0.392, 0.392, 0.392, 0.392, 0.392, 0.392, 0.392, 0.392, 0.392, 0.392, 0.392, 0.392, 0.392, 0.392, 0.392, 0.392, 0.392, 0.392, 0.392, 0.392, 0.384, 0.376, 0.368, 0.36, 0.352, 0.344, 0.336, 0.328, 0.32, 0.312, 0.304, 0.296, 0.288, 0.28, 0.272, 0.264, 0.256, 0.248, 0.24, 0.232, 0.224, 0.216, 0.208, 0.2, 0.192, 0.184, 0.176, 0.168, 0.16, 0.152, 0.144, 0.136, 0.128, 0.12, 0.112, 0.104, 0.096, 0.088, 0.08, 0.072, 0.064, 0.056, 0.048, 0.04, 0.032, 0.024, 0.016, 0.008, 0.0, -0.008, -0.016, -0.024, -0.032, -0.04, -0.048, -0.056, -0.064, -0.072, -0.08, -0.088, -0.096, -0.104, -0.112, -0.12, -0.128, -0.136, -0.144, -0.152, -0.16, -0.168, -0.168, -0.168, -0.168, -0.168, -0.168, -0.168, -0.168, -0.168, -0.168, -0.168, -0.168, -0.168]",None,None,['left'],[1.271305600001142],[1.1680065999989893],up,2.623261200000343,None,301.31253800000013,301.3276681999996,301.57767690000037,301.56114479999997,301.5615292000002,301.57767690000037,,302.5777032999995,,302.56119899999976,1,3,301.57767690000037,302.5777032999995,,,,,,,,,,,,,,,,,,,,,202605,,D,2026-08-12_18h59.12.320,valence_final_v2,2024.2.4,60,2026-08-12 18h59.30.846082 -0600,
3,3,0,6,2,flat_comp,229,3.5,0.3,1.0,-0.152,flat,flat_curv,0.2,-0.2,-0.3,pen,input_data/stims/Shape_3.50_1.00.png,input_data/stims/Shape_4.00_2.00.png,input_data/stims/Shape_0.00_2.00.png,-1,-1,1.0,-1.0,1,None,,,up,2.301808099999107,None,None,None,['left'],[0.8824058000009245],[0.2960189999994327],up,1.4824191000006977,None,1,0,1,0,0,3,3,29,302.5777032999995,,,,,,,,,,,,,,,,,302.56179820000034,0.0005993000013404526,303.54595679999875,303.54675680000037,303.56107820000034,304.56108779999886,304.54456169999867,304.54498989999956,0.00043799999912153,305.9802366999993,305.9818706999995,305.9944942000002,305.9944942000002,305.9944942000002,305.9944942000002,305.9944942000002,305.9944942000002,305.9944942000002,307.47892019999927,"[-0.152, -0.152, -0.152, -0.152, -0.152, -0.152, -0.152, -0.152, -0.152, -0.152, -0.152, -0.152, -0.152, -0.152, -0.152, -0.152, -0.152, -0.152, -0.152, -0.152, -0.152, -0.152, -0.152, -0.152, -0.152, -0.152, -0.152, -0.152, -0.152, -0.152, -0.152, -0.152, -0.152, -0.152, -0.152, -0.152, -0.152, -0.152, -0.152, -0.152, -0.152, -0.152, -0.152, -0.152, -0.152, -0.152, -0.152, -0.152, -0.152, -0.152, -0.152, -0.152, -0.152, -0.152, -0.16, -0.168, -0.176, -0.184, -0.192, -0.2, -0.208, -0.216, -0.224, -0.232, -0.24, -0.248, -0.256, -0.264, -0.272, -0.28, -0.288, -0.296, -0.296, -0.296, -0.296, -0.296, -0.296, -0.296, -0.296, -0.296, -0.296, -0.296, -0.296, -0.296, -0.296, -0.296, -0.296, -0.296, -0.296, -0.296, -0.296]",None,None,['left'],[0.8824058000009245],[0.2960189999994327],up,1.4824191000006977,None,307.47934369999894,307.4945117999996,307.7445226,307.7279746000004,307.7283575999991,307.7445226,,308.74455080000007,,308.7280284999997,1,1,,,307.7445226,308.74455080000007,,,,,,,,,,,,,,,,,,,202605,,D,2026-08-12_18h59.12.320,valence_final_v2,2024.2.4,60,2026-08-12 18h59.30.846082 -0600,
4,4,0,6,2,flat_comp,227,3.3,0.26,1.0,0.22,flat,flat_curv,0.2,-0.2,-0.26,pen,input_data/stims/Shape_3.30_1.00.png,input_data/stims/Shape_4.00_2.00.png,input_data/stims/Shape_0.00_2.00.png,-1,-1,1.0,-1.0,1,None,,,up,2.301808099999107,None,None,None,['left'],[1.1536464000000706],[1.0480389000003925],up,2.553614899999957,None,1,0,1,0,0,4,4,27,308.74455080000007,,,,,,,,,,,,,,,,,308.72864990000016,0.000621000001046923,309.6131871999987,309.6139375999992,309.627919999999,310.62792739999895,310.6113760999997,310.6118073999987,0.0004504000007727882,311.99626929999977,311.9976052999991,312.0113100999988,312.0113100999988,312.0113100999988,312.0113100999988,312.0113100999988,312.0113100999988,312.0113100999988,314.57903499999884,"[0.22, 0.22, 0.22, 0.22, 0.22, 0.22, 0.22, 0.22, 0.22, 0.22, 0.22, 0.22, 0.22, 0.22, 0.22, 0.22, 0.22, 0.22, 0.22, 0.22, 0.22, 0.22, 0.22, 0.22, 0.22, 0.22, 0.22, 0.22, 0.22, 0.22, 0.22, 0.22, 0.22, 0.22, 0.22, 0.22, 0.22, 0.22, 0.22, 0.22, 0.22, 0.22, 0.22, 0.22, 0.22, 0.22, 0.22, 0.22, 0.22, 0.22, 0.22, 0.22, 0.22, 0.22, 0.22, 0.22, 0.22, 0.22, 0.22, 0.22, 0.22, 0.22, 0.22, 0.22, 0.22, 0.22, 0.22, 0.22, 0.22, 0.22, 0.22, 0.212, 0.204, 0.196, 0.188, 0.18, 0.172, 0.164, 0.156, 0.148, 0.14, 0.132, 0.124, 0.116, 0.108, 0.1, 0.092, 0.084, 0.076, 0.068, 0.06, 0.052, 0.044, 0.036, 0.028, 0.02, 0.012, 0.004, -0.004, -0.012, -0.02, -0.028, -0.036, -0.044, -0.052, -0.06, -0.068, -0.076, -0.084, -0.092, -0.1, -0.108, -0.116, -0.124, -0.132, -0.14, -0.148, -0.156, -0.164, -0.172, -0.18, -0.188, -0.196, -0.204, -0.212, -0.22, -0.228, -0.236, -0.244, -0.252, -0.26, -0.268, -0.276, -0.284, -0.284, -0.284, -0.284, -0.284, -0.284, -0.284, -0.284, -0.284, -0.284, -0.284, -0.284, -0.284, -0.284, -0.284, -0.284, -0.284, -0.284, -0.284, -0.284, -0.284, -0.284, -0.284]",None,None,['left'],[1.1536464000000706],[1.0480389000003925],up,2.553614899999957,None,314.57950189999974,314.59470150000016,314.84472110000024,314.82816529999945,314.82855949999976,314.84472110000024,,315.844742199999,,315.8282342000002,1,1,,,314.84472110000024,315.844742199999,,,,,,,,,,,,,,,,,,,202605,,D,2026-08-12_18h59.12.320,valence_final_v2,2024.2.4,60,2026-08-12 18h59.30.846082 -0600,
5,5,0,6,2,flat_comp,230,3.5,0.3,1.0,-0.22,flat,curv_flat,0.2,0.2,0.3,pen,input_data/stims/Shape_3.50_1.00.png,input_data/stims/Shape_0.00_2.00.png,input_data/stims/Shape_4.00_2.00.png,-1,1,-1.0,-1.0,1,None,,,up,2.301808099999107,None,None,None,['right'],[0.7773933999997098],[1.0080778999999893],up,2.0093496999998024,None,1,0,1,0,0,5,5,30,315.844742199999,,,,,,,,,,,,,,,,,315.8288663000003,0.000634899999568006,316.71322209999926,316.71369479999885,316.72811459999866,317.7281399000003,317.71160169999894,317.71202579999954,0.0004332000007707393,318.9961934999992,318.9975448999994,319.01151649999883,319.01151649999883,319.01151649999883,319.01151649999883,319.01151649999883,319.01151649999883,319.01151649999883,321.02921069999866,"[-0.22, -0.22, -0.22, -0.22, -0.22, -0.22, -0.22, -0.22, -0.22, -0.22, -0.22, -0.22, -0.22, -0.22, -0.22, -0.22, -0.22, -0.22, -0.22, -0.22, -0.22, -0.22, -0.22, -0.22, -0.22, -0.22, -0.22, -0.22, -0.22, -0.22, -0.22, -0.22, -0.22, -0.22, -0.22, -0.22, -0.22, -0.22, -0.22, -0.22, -0.22, -0.22, -0.22, -0.22, -0.22, -0.22, -0.22, -0.22, -0.212, -0.204, -0.196, -0.188, -0.18, -0.172, -0.164, -0.156, -0.148, -0.14, -0.132, -0.124, -0.116, -0.108, -0.1, -0.092, -0.084, -0.076, -0.068, -0.06, -0.052, -0.044, -0.036, -0.028, -0.02, -0.012, -0.004, 0.004, 0.012, 0.02, 0.028, 0.036, 0.044, 0.052, 0.06, 0.068, 0.076, 0.084, 0.092, 0.1, 0.108, 0.116, 0.124, 0.132, 0.14, 0.148, 0.156, 0.164, 0.172, 0.18, 0.188, 0.196, 0.204, 0.212, 0.22, 0.228, 0.236, 0.244, 0.252, 0.26, 0.268, 0.268, 0.268, 0.268, 0.268, 0.268, 0.268, 0.268, 0.268, 0.268, 0.268, 0.268, 0.268, 0.268, 0.268]",None,None,['right'],[0.7773933999997098],[1.0080778999999893],up,2.0093496999998024,None,321.02961519999917,321.04490859999896,321.2949099999987,321.278381099999,321.27876879999894,321.2949099999987,,322.2949265999996,,322.2784193999996,1,1,,,321.2949099999987,322.2949265999996,,,,,,,,,,,,,,,,,,,202605,,D,2026-08-12_18h59.12.320,valence_final_v2,2024.2.4,60,2026-08-12 18h59.30.846082 -0600,
6,6,0,6,2,flat_comp,228,3.5,0.3,3.0,-0.248,flat,curv_flat,0.2,0.2,0.3,pen,input_data/stims/Shape_3.50_3.00.png,input_data/stims/Shape_0.00_2.00.png,input_data/stims/Shape_4.00_2.00.png,-1,1,-1.0,1.0,1,None,,,up,2.301808099999107,None,None,None,['right'],[0.5650189999996655],[1.1919934999987163],up,1.964960199999041,None,1,0,1,0,0,6,6,28,322.2949265999996,,,,,,,,,,,,,,,,,322.2790198999992,0.0006008000000292668,323.36321750000025,323.3639502999995,323.37833109999883,324.3784233999995,324.3621131,324.36254740000004,0.00044549999984155875,325.6976818000003,325.69948379999914,325.71189570000024,325.71189570000024,325.71189570000024,325.71189570000024,325.71189570000024,325.71189570000024,325.71189570000024,327.6804553000002,"[-0.248, -0.248, -0.248, -0.248, -0.248, -0.248, -0.248, -0.248, -0.248, -0.248, -0.248, -0.248, -0.248, -0.248, -0.248, -0.248, -0.248, -0.248, -0.248, -0.248, -0.248, -0.248, -0.248, -0.248, -0.248, -0.248, -0.248, -0.248, -0.248, -0.248, -0.248, -0.248, -0.248, -0.248, -0.248, -0.24, -0.232, -0.224, -0.216, -0.208, -0.2, -0.192, -0.184, -0.176, -0.168, -0.16, -0.152, -0.144, -0.136, -0.128, -0.12, -0.112, -0.104, -0.096, -0.088, -0.08, -0.072, -0.064, -0.056, -0.048, -0.04, -0.032, -0.024, -0.016, -0.008, 0.0, 0.008, 0.016, 0.024, 0.032, 0.04, 0.048, 0.056, 0.064, 0.072, 0.08, 0.088, 0.096, 0.104, 0.112, 0.12, 0.128, 0.136, 0.144, 0.152, 0.16, 0.168, 0.176, 0.184, 0.192, 0.2, 0.208, 0.216, 0.224, 0.232, 0.24, 0.248, 0.256, 0.264, 0.272, 0.28, 0.288, 0.296, 0.304, 0.312, 0.32, 0.328, 0.328, 0.328, 0.328, 0.328, 0.328, 0.328, 0.328, 0.328, 0.328, 0.328, 0.328, 0.328, 0.328]",None,None,['right'],[0.5650189999996655],[1.1919934999987163],up,1.964960199999041,None,327.68087259999993,327.6959033000003,327.9459915999996,327.9294047000003,327.9297819000003,327.9459915999996,,328.9460089999993,,328.9294467999989,1,1,,,327.9459915999996,328.9460089999993,,,,,,,,,,,,,,,,,,,202605,,D,2026-08-12_18h59.12.320,valence_final_v2,2024.2.4,60,2026-08-12 18h59.30.846082 -0600,
7,7,0,6,2,flat_comp,211,2.1,0.02,3.0,-0.144,curv,flat_curv,0.2,-0.2,-0.02,rew,input_data/stims/Shape_2.10_3.00.png,input_data/stims/Shape_4.00_2.00.png,input_data/stims/Shape_0.00_2.00.png,1,-1,1.0,1.0,-1,None,,,up,2.301808099999107,None,None,None,"['right', 'left']","[0.5897140999986732, 1.2056943999996292]","[0.3279321999998501, 0.5679327999987436]",up,2.197710200000074,None,1,0,1,0,0,7,7,11,328.9460089999993,,,,,,,,,,,,,,,,,328.930045699999,0.0005995999999868218,329.81369619999896,329.8141567999992,329.8293776999999,330.8293328999989,330.8128300999997,330.81325429999924,0.00043559999903663993,332.2471439000001,332.24842179999905,332.2632100999999,332.2632100999999,332.2632100999999,332.2632100999999,332.2632100999999,332.2632100999999,332.2632100999999,334.4631713999988,"[-0.144, -0.144, -0.144, -0.144, -0.144, -0.144, -0.144, -0.144, -0.144, -0.144, -0.144, -0.144, -0.144, -0.144, -0.144, -0.144, -0.144, -0.144, -0.144, -0.144, -0.144, -0.144, -0.144, -0.144, -0.144, -0.144, -0.144, -0.144, -0.144, -0.144, -0.144, -0.144, -0.144, -0.144, -0.144, -0.144, -0.144, -0.136, -0.128, -0.12, -0.112, -0.104, -0.096, -0.088, -0.08, -0.072, -0.064, -0.056, -0.048, -0.04, -0.032, -0.024, -0.016, -0.008, 0.0, 0.008, 0.016, 0.016, 0.016, 0.016, 0.016, 0.016, 0.016, 0.016, 0.016, 0.016, 0.016, 0.016, 0.016, 0.016, 0.016, 0.016, 0.016, 0.016, 0.008, 0.0, -0.008, -0.016, -0.024, -0.032, -0.04, -0.048, -0.056, -0.064, -0.072, -0.08, -0.088, -0.096, -0.104, -0.112, -0.12, -0.128, -0.136, -0.144, -0.152, -0.16, -0.168, -0.176, -0.184, -0.192, -0.2, -0.208, -0.216, -0.224, -0.232, -0.24, -0.248, -0.256, -0.256, -0.256, -0.256, -0.256, -0.256, -0.256, -0.256, -0.256, -0.256, -0.256, -0.256, -0.256, -0.256, -0.256, -0.256, -0.256, -0.256, -0.256, -0.256, -0.256, -0.256, -0.256, -0.256, -0.256, -0.256, -0.256]",None,None,"['right', 'left']","[0.5897140999986732, 1.2056943999996292]","[0.3279321999998501, 0.5679327999987436]",up,2.197710200000074,None,334.4635823999997,334.4786394999992,334.7285938999994,334.71206039999925,334.71245199999976,334.7285938999994,,335.7286368999994,,335.71212899999955,0,-1,,,,,334.7285938999994,335.7286368999994,,,,,,,,,,,,,,,,,202605,,D,2026-08-12_18h59.12.320,valence_final_v2,2024.2.4,60,2026-08-12 18h59.30.846082 -0600,
8,8,0,6,2,flat_comp,237,3.9,0.38,3.0,0.208,flat,flat_curv,0.2,-0.2,-0.38,pen,input_data/stims/Shape_3.90_3.00.png,input_data/stims/Shape_4.00_2.00.png,input_data/stims/Shape_0.00_2.00.png,-1,-1,1.0,1.0,1,None,,,up,2.301808099999107,None,None,None,['left'],[1.3654766999989079],[0.9439906000006886],up,2.7495294000000285,None,1,0,1,0,0,8,8,37,335.7286368999994,,,,,,,,,,,,,,,,,335.7127368999991,0.000608799999099574,336.5974865999997,336.5978962999998,336.6120030000002,337.6120063999988,337.59547719999864,337.59591459999865,0.0004478999999264488,339.0814064999995,339.0828701999999,339.0953943000004,339.0953943000004,339.0953943000004,339.0953943000004,339.0953943000004,339.0953943000004,339.0953943000004,341.8464301999993,"[0.208, 0.208, 0.208, 0.208, 0.208, 0.208, 0.208, 0.208, 0.208, 0.208, 0.208, 0.208, 0.208, 0.208, 0.208, 0.208, 0.208, 0.208, 0.208, 0.208, 0.208, 0.208, 0.208, 0.208, 0.208, 0.208, 0.208, 0.208, 0.208, 0.208, 0.208, 0.208, 0.208, 0.208, 0.208, 0.208, 0.208, 0.208, 0.208, 0.208, 0.208, 0.208, 0.208, 0.208, 0.208, 0.208, 0.208, 0.208, 0.208, 0.208, 0.208, 0.208, 0.208, 0.208, 0.208, 0.208, 0.208, 0.208, 0.208, 0.208, 0.208, 0.208, 0.208, 0.208, 0.208, 0.208, 0.208, 0.208, 0.208, 0.208, 0.208, 0.208, 0.208, 0.208, 0.208, 0.208, 0.208, 0.208, 0.208, 0.208, 0.208, 0.208, 0.208, 0.2, 0.192, 0.184, 0.176, 0.168, 0.16, 0.152, 0.144, 0.136, 0.128, 0.12, 0.112, 0.104, 0.096, 0.088, 0.08, 0.072, 0.064, 0.056, 0.048, 0.04, 0.032, 0.024, 0.016, 0.008, 0.0, -0.008, -0.016, -0.024, -0.032, -0.04, -0.048, -0.056, -0.064, -0.072, -0.08, -0.088, -0.096, -0.104, -0.112, -0.12, -0.128, -0.136, -0.144, -0.152, -0.16, -0.168, -0.176, -0.184, -0.192, -0.2, -0.208, -0.216, -0.224, -0.232, -0.24, -0.248, -0.248, -0.248, -0.248, -0.248, -0.248, -0.248, -0.248, -0.248, -0.248, -0.248, -0.248, -0.248, -0.248, -0.248, -0.248, -0.248, -0.248, -0.248, -0.248, -0.248, -0.248, -0.248, -0.248, -0.248, -0.248, -0.248, -0.248]",None,None,['left'],[1.3654766999989079],[0.9439906000006886],up,2.7495294000000285,None,341.84686279999914,341.8621423000004,342.11214409999957,342.09560070000043,342.0959891000002,342.11214409999957,,343.1122056999993,,343.0958045999996,1,1,,,342.11214409999957,343.1122056999993,,,,,,,,,,,,,,,,,,,202605,,D,2026-08-12_18h59.12.320,valence_final_v2,2024.2.4,60,2026-08-12 18h59.30.846082 -0600,
9,9,0,6,2,flat_comp,203,1.3,-0.14,1.0,-0.156,curv,flat_curv,0.2,-0.2,0.14,rew,input_data/stims/Shape_1.30_1.00.png,input_data/stims/Shape_4.00_2.00.png,input_data/stims/Shape_0.00_2.00.png,1,-1,1.0,-1.0,-1,None,,,up,2.301808099999107,None,None,None,['left'],[1.4359969999986788],[0.4159538000003522],up,2.0280284999989817,None,1,0,1,0,0,9,9,3,343.1122056999993,,,,,,,,,,,,,,,,,343.0964469999999,0.0006323999987216666,344.0816737999994,344.0821987999989,344.0955307999993,345.0955409999988,345.0790240999995,345.0794589999987,0.0004442000008566538,346.5133133999989,346.51452679999966,346.5289434999995,346.5289434999995,346.5289434999995,346.5289434999995,346.5289434999995,346.5289434999995,346.5289434999995,348.5632984999993,"[-0.156, -0.156, -0.156, -0.156, -0.156, -0.156, -0.156, -0.156, -0.156, -0.156, -0.156, -0.156, -0.156, -0.156, -0.156, -0.156, -0.156, -0.156, -0.156, -0.156, -0.156, -0.156, -0.156, -0.156, -0.156, -0.156, -0.156, -0.156, -0.156, -0.156, -0.156, -0.156, -0.156, -0.156, -0.156, -0.156, -0.156, -0.156, -0.156, -0.156, -0.156, -0.156, -0.156, -0.156, -0.156, -0.156, -0.156, -0.156, -0.156, -0.156, -0.156, -0.156, -0.156, -0.156, -0.156, -0.156, -0.156, -0.156, -0.156, -0.156, -0.156, -0.156, -0.156, -0.156, -0.156, -0.156, -0.156, -0.156, -0.156, -0.156, -0.156, -0.156, -0.156, -0.156, -0.156, -0.156, -0.156, -0.156, -0.156, -0.156, -0.156, -0.156, -0.156, -0.156, -0.156, -0.156, -0.156, -0.156, -0.164, -0.172, -0.18, -0.188, -0.196, -0.204, -0.212, -0.22, -0.228, -0.236, -0.244, -0.252, -0.26, -0.268, -0.276, -0.284, -0.292, -0.3, -0.308, -0.316, -0.324, -0.332, -0.34, -0.348, -0.356, -0.356, -0.356, -0.356, -0.356, -0.356, -0.356, -0.356, -0.356, -0.356, -0.356, -0.356]",None,None,['left'],[1.4359969999986788],[0.4159538000003522],up,2.0280284999989817,None,348.56370009999955,348.5789941999992,348.82898059999934,348.81246909999936,348.8128466999988,348.82898059999934,,349.8290046000002,,349.81250589999945,0,-1,,,,,348.82898059999934,349.8290046000002,,,,,,,,,,,,,,,,,202605,,D,2026-08-12_18h59.12.320,valence_final_v2,2024.2.4,60,2026-08-12 18h59.30.846082 -0600,
10,10,0,6,2,flat_comp,222,3.1,0.22,1.0,0.168,flat,curv_flat,0.2,0.2,0.22,pen,input_data/stims/Shape_3.10_1.00.png,input_data/stims/Shape_0.00_2.00.png,input_data/stims/Shape_4.00_2.00.png,-1,1,-1.0,-1.0,1,None,,,up,2.301808099999107,None,None,None,['right'],[1.0931132000005164],[0.32797279999977036],up,1.7411563000005117,None,1,0,1,0,0,10,10,22,349.8290046000002,,,,,,,,,,,,,,,,,349.81310080000003,0.0005952000010438496,350.79676219999965,350.79717209999944,350.81239279999863,351.81239789999927,351.7959613000003,351.79643829999986,0.0004864000002271496,353.28096469999946,353.2826535000004,353.29580329999953,353.29580329999953,353.29580329999953,353.29580329999953,353.29580329999953,353.29580329999953,353.29580329999953,355.0468373999993,"[0.168, 0.168, 0.168, 0.168, 0.168, 0.168, 0.168, 0.168, 0.168, 0.168, 0.168, 0.168, 0.168, 0.168, 0.168, 0.168, 0.168, 0.168, 0.168, 0.168, 0.168, 0.168, 0.168, 0.168, 0.168, 0.168, 0.168, 0.168, 0.168, 0.168, 0.168, 0.168, 0.168, 0.168, 0.168, 0.168, 0.168, 0.168, 0.168, 0.168, 0.168, 0.168, 0.168, 0.168, 0.168, 0.168, 0.168, 0.168, 0.168, 0.168, 0.168, 0.168, 0.168, 0.168, 0.168, 0.168, 0.168, 0.168, 0.168, 0.168, 0.168, 0.168, 0.168, 0.168, 0.168, 0.168, 0.168, 0.176, 0.184, 0.192, 0.2, 0.208, 0.216, 0.224, 0.232, 0.24, 0.248, 0.256, 0.264, 0.272, 0.28, 0.288, 0.296, 0.304, 0.312, 0.32, 0.328, 0.328, 0.328, 0.328, 0.328, 0.328, 0.328, 0.328, 0.328, 0.328, 0.328, 0.328, 0.328, 0.328, 0.328, 0.328, 0.328, 0.328, 0.328, 0.328, 0.328]",None,None,['right'],[1.0931132000005164],[0.32797279999977036],up,1.7411563000005117,None,355.04723829999966,355.0625134999991,355.3124917999994,355.29597399999875,355.2963595000001,355.3124917999994,,356.3125213000003,,356.2960138999988,1,1,,,355.3124917999994,356.3125213000003,,,,,,,,,,,,,,,,,,,202605,,D,2026-08-12_18h59.12.320,valence_final_v2,2024.2.4,60,2026-08-12 18h59.30.846082 -0600,
11,11,0,6,2,flat_comp,206,1.7,-0.06,3.0,0.316,curv,curv_flat,0.2,0.2,-0.06,rew,input_data/stims/Shape_1.70_3.00.png,input_data/stims/Shape_0.00_2.00.png,input_data/stims/Shape_4.00_2.00.png,1,1,1.0,1.0,-1,None,,,up,2.301808099999107,None,None,None,['left'],[1.9976331000016216],[0.9360652999985177],None,,,1,0,1,0,0,11,11,6,356.3125213000003,,,,,,,,,,,,,,,,,356.29662459999963,0.0006118999990576413,357.3805620000003,357.3810305999996,357.3959032999992,358.3959113000001,358.37939969999934,358.3798332999995,0.0004436999988683965,359.6637023000003,359.66507829999864,359.6792882999998,359.6792882999998,359.6792882999998,359.6792882999998,359.6792882999998,359.6792882999998,359.6792882999998,362.6635645999995,"[0.316, 0.316, 0.316, 0.316, 0.316, 0.316, 0.316, 0.316, 0.316, 0.316, 0.316, 0.316, 0.316, 0.316, 0.316, 0.316, 0.316, 0.316, 0.316, 0.316, 0.316, 0.316, 0.316, 0.316, 0.316, 0.316, 0.316, 0.316, 0.316, 0.316, 0.316, 0.316, 0.316, 0.316, 0.316, 0.316, 0.316, 0.316, 0.316, 0.316, 0.316, 0.316, 0.316, 0.316, 0.316, 0.316, 0.316, 0.316, 0.316, 0.316, 0.316, 0.316, 0.316, 0.316, 0.316, 0.316, 0.316, 0.316, 0.316, 0.316, 0.316, 0.316, 0.316, 0.316, 0.316, 0.316, 0.316, 0.316, 0.316, 0.316, 0.316, 0.316, 0.316, 0.316, 0.316, 0.316, 0.316, 0.316, 0.316, 0.316, 0.316, 0.316, 0.316, 0.316, 0.316, 0.316, 0.316, 0.316, 0.316, 0.316, 0.316, 0.316, 0.316, 0.316, 0.316, 0.316, 0.316, 0.316, 0.316, 0.316, 0.316, 0.316, 0.316, 0.316, 0.316, 0.316, 0.316, 0.316, 0.316, 0.316, 0.316, 0.316, 0.316, 0.316, 0.316, 0.316, 0.316, 0.316, 0.316, 0.316, 0.316, 0.308, 0.3, 0.292, 0.284, 0.276, 0.268, 0.26, 0.252, 0.244, 0.236, 0.228, 0.22, 0.212, 0.204, 0.196, 0.188, 0.18, 0.172, 0.164, 0.156, 0.148, 0.14, 0.132, 0.124, 0.116, 0.108, 0.1, 0.092, 0.084, 0.076, 0.068, 0.06, 0.052, 0.044, 0.036, 0.028, 0.02, 0.012, 0.004, -0.004, -0.012, -0.02, -0.028, -0.036, -0.044, -0.052, -0.06, -0.068, -0.076, -0.084, -0.092, -0.1, -0.108, -0.116, -0.124, -0.132, -0.14, -0.14, -0.14, -0.14]",None,None,['left'],[1.9976331000016216],[0.9360652999985177],None,,,362.6640738999995,362.6793584999996,362.92937809999967,362.9128450999997,362.91502969999965,362.92937809999967,,363.92941280000014,,363.9129211999989,0,-1,,,,,362.92937809999967,363.92941280000014,362.6793584999996,362.6793584999996,362.6793584999996,362.6793584999996,362.6793584999996,362.6793584999996,362.6793584999996,,,,,,,,,,202605,,D,2026-08-12_18h59.12.320,valence_final_v2,2024.2.4,60,2026-08-12 18h59.30.846082 -0600,
12,12,0,6,2,flat_comp,219,2.9,0.18,3.0,0.296,curv,flat_curv,0.2,-0.2,-0.18,rew,input_data/stims/Shape_2.90_3.00.png,input_data/stims/Shape_4.00_2.00.png,input_data/stims/Shape_0.00_2.00.png,1,-1,1.0,1.0,-1,None,,,up,2.301808099999107,None,None,None,['left'],[1.6767289999988861],[1.0800181000013254],None,,,1,0,1,0,0,12,12,19,363.92941280000014,,,,,,,,,,,,,,,,,363.91353139999956,0.0006130000001576263,364.798775199999,364.7991874999989,364.8127886000002,365.81280569999944,365.7962652999995,365.79671739999867,0.0004607999999279855,367.2808014000002,367.2822510999995,367.2961713000004,367.2961713000004,367.2961713000004,367.2961713000004,367.2961713000004,367.2961713000004,367.2961713000004,370.2804844000002,"[0.296, 0.296, 0.296, 0.296, 0.296, 0.296, 0.296, 0.296, 0.296, 0.296, 0.296, 0.296, 0.296, 0.296, 0.296, 0.296, 0.296, 0.296, 0.296, 0.296, 0.296, 0.296, 0.296, 0.296, 0.296, 0.296, 0.296, 0.296, 0.296, 0.296, 0.296, 0.296, 0.296, 0.296, 0.296, 0.296, 0.296, 0.296, 0.296, 0.296, 0.296, 0.296, 0.296, 0.296, 0.296, 0.296, 0.296, 0.296, 0.296, 0.296, 0.296, 0.296, 0.296, 0.296, 0.296, 0.296, 0.296, 0.296, 0.296, 0.296, 0.296, 0.296, 0.296, 0.296, 0.296, 0.296, 0.296, 0.296, 0.296, 0.296, 0.296, 0.296, 0.296, 0.296, 0.296, 0.296, 0.296, 0.296, 0.296, 0.296, 0.296, 0.296, 0.296, 0.296, 0.296, 0.296, 0.296, 0.296, 0.296, 0.296, 0.296, 0.296, 0.296, 0.296, 0.296, 0.296, 0.296, 0.296, 0.296, 0.296, 0.296, 0.296, 0.288, 0.28, 0.272, 0.264, 0.256, 0.248, 0.24, 0.232, 0.224, 0.216, 0.208, 0.2, 0.192, 0.184, 0.176, 0.168, 0.16, 0.152, 0.144, 0.136, 0.128, 0.12, 0.112, 0.104, 0.096, 0.088, 0.08, 0.072, 0.064, 0.056, 0.048, 0.04, 0.032, 0.024, 0.016, 0.008, 0.0, -0.008, -0.016, -0.024, -0.032, -0.04, -0.048, -0.056, -0.064, -0.072, -0.08, -0.088, -0.096, -0.104, -0.112, -0.12, -0.128, -0.136, -0.144, -0.152, -0.16, -0.168, -0.176, -0.184, -0.192, -0.2, -0.208, -0.216, -0.224, -0.224, -0.224, -0.224, -0.224, -0.224, -0.224, -0.224, -0.224, -0.224, -0.224, -0.224, -0.224, -0.224, -0.224]",None,None,['left'],[1.6767289999988861],[1.0800181000013254],None,,,370.28097439999874,370.2962417999988,370.5462501000002,370.52972559999944,370.5301103999991,370.5462501000002,,371.5462749999988,,371.52977519999877,0,-1,,,,,370.5462501000002,371.5462749999988,370.2962417999988,370.2962417999988,370.2962417999988,370.2962417999988,370.2962417999988,370.2962417999988,370.2962417999988,,,,,,,,,,202605,,D,2026-08-12_18h59.12.320,valence_final_v2,2024.2.4,60,2026-08-12 18h59.30.846082 -0600,
13,13,0,6,2,flat_comp,216,2.7,0.14,3.0,0.076,curv,curv_flat,0.2,0.2,0.14,rew,input_data/stims/Shape_2.70_3.00.png,input_data/stims/Shape_0.00_2.00.png,input_data/stims/Shape_4.00_2.00.png,1,1,-1.0,1.0,-1,None,,,up,2.301808099999107,None,None,None,"['left', 'right']","[1.203824899999745, 1.9877986000010424]","[0.24006270000063523, 0.7280147999990731]",None,,,1,0,1,0,0,13,13,16,371.5462749999988,,,,,,,,,,,,,,,,,371.5303886999991,0.0006166000002849614,372.5139468999987,372.5143635000004,372.5296638999989,373.52967849999914,373.51313459999983,373.5135675999991,0.00044349999916448724,374.8979959999997,374.8997459000002,374.91306149999946,374.91306149999946,374.91306149999946,374.91306149999946,374.91306149999946,374.91306149999946,374.91306149999946,377.8973702000003,"[0.076, 0.076, 0.076, 0.076, 0.076, 0.076, 0.076, 0.076, 0.076, 0.076, 0.076, 0.076, 0.076, 0.076, 0.076, 0.076, 0.076, 0.076, 0.076, 0.076, 0.076, 0.076, 0.076, 0.076, 0.076, 0.076, 0.076, 0.076, 0.076, 0.076, 0.076, 0.076, 0.076, 0.076, 0.076, 0.076, 0.076, 0.076, 0.076, 0.076, 0.076, 0.076, 0.076, 0.076, 0.076, 0.076, 0.076, 0.076, 0.076, 0.076, 0.076, 0.076, 0.076, 0.076, 0.076, 0.076, 0.076, 0.076, 0.076, 0.076, 0.076, 0.076, 0.076, 0.076, 0.076, 0.076, 0.076, 0.076, 0.076, 0.076, 0.076, 0.076, 0.076, 0.076, 0.068, 0.06, 0.052, 0.044, 0.036, 0.028, 0.02, 0.012, 0.004, -0.004, -0.012, -0.02, -0.028, -0.036, -0.036, -0.036, -0.036, -0.036, -0.036, -0.036, -0.036, -0.036, -0.036, -0.036, -0.036, -0.036, -0.036, -0.036, -0.036, -0.036, -0.036, -0.036, -0.036, -0.036, -0.036, -0.036, -0.036, -0.036, -0.036, -0.036, -0.036, -0.036, -0.036, -0.036, -0.036, -0.036, -0.036, -0.028, -0.02, -0.012, -0.004, 0.004, 0.012, 0.02, 0.028, 0.036, 0.044, 0.052, 0.06, 0.068, 0.076, 0.084, 0.092, 0.1, 0.108, 0.116, 0.124, 0.132, 0.14, 0.148, 0.156, 0.164, 0.172, 0.18, 0.188, 0.196, 0.204, 0.212, 0.22, 0.228, 0.236, 0.244, 0.252, 0.26, 0.268, 0.276, 0.284, 0.292, 0.3, 0.308, 0.308, 0.308, 0.308, 0.308, 0.308, 0.308, 0.308, 0.308, 0.308, 0.308, 0.308, 0.308, 0.308, 0.308, 0.308, 0.308, 0.308]",None,None,"['left', 'right']","[1.203824899999745, 1.9877986000010424]","[0.24006270000063523, 0.7280147999990731]",None,,,377.8978791999998,377.9131344999987,378.1631292000002,378.1468636999998,378.1472440999987,378.1631292000002,,379.1631696000004,,379.1466683999988,0,-1,,,,,378.1631292000002,379.1631696000004,377.9131344999987,377.9131344999987,377.9131344999987,377.9131344999987,377.9131344999987,377.9131344999987,377.9131344999987,,,,,,,,,,202605,,D,2026-08-12_18h59.12.320,valence_final_v2,2024.2.4,60,2026-08-12 18h59.30.846082 -0600,
14,14,0,6,2,flat_comp,225,3.3,0.26,1.0,-0.16,flat,flat_curv,0.2,-0.2,-0.26,pen,input_data/stims/Shape_3.30_1.00.png,input_data/stims/Shape_4.00_2.00.png,input_data/stims/Shape_0.00_2.00.png,-1,-1,1.0,-1.0,1,None,,,up,2.301808099999107,None,None,None,['left'],[1.7085996000005252],[0.28797859999940556],up,2.3965891000007105,None,1,0,1,0,0,14,14,25,379.1631696000004,,,,,,,,,,,,,,,,,379.1473721000002,0.0007153000005928334,380.18192029999955,380.1823330999996,380.19654489999994,381.19655260000036,381.1800291999989,381.1804725000002,0.0004549000004772097,382.46440129999974,382.4657785999989,382.4803076999997,382.4803076999997,382.4803076999997,382.4803076999997,382.4803076999997,382.4803076999997,382.4803076999997,384.8815316,"[-0.16, -0.16, -0.16, -0.16, -0.16, -0.16, -0.16, -0.16, -0.16, -0.16, -0.16, -0.16, -0.16, -0.16, -0.16, -0.16, -0.16, -0.16, -0.16, -0.16, -0.16, -0.16, -0.16, -0.16, -0.16, -0.16, -0.16, -0.16, -0.16, -0.16, -0.16, -0.16, -0.16, -0.16, -0.16, -0.16, -0.16, -0.16, -0.16, -0.16, -0.16, -0.16, -0.16, -0.16, -0.16, -0.16, -0.16, -0.16, -0.16, -0.16, -0.16, -0.16, -0.16, -0.16, -0.16, -0.16, -0.16, -0.16, -0.16, -0.16, -0.16, -0.16, -0.16, -0.16, -0.16, -0.16, -0.16, -0.16, -0.16, -0.16, -0.16, -0.16, -0.16, -0.16, -0.16, -0.16, -0.16, -0.16, -0.16, -0.16, -0.16, -0.16, -0.16, -0.16, -0.16, -0.16, -0.16, -0.16, -0.16, -0.16, -0.16, -0.16, -0.16, -0.16, -0.16, -0.16, -0.16, -0.16, -0.16, -0.16, -0.16, -0.16, -0.16, -0.16, -0.168, -0.176, -0.184, -0.192, -0.2, -0.208, -0.216, -0.224, -0.232, -0.24, -0.248, -0.256, -0.264, -0.272, -0.28, -0.288, -0.296, -0.296, -0.296, -0.296, -0.296, -0.296, -0.296, -0.296, -0.296, -0.296, -0.296, -0.296, -0.296, -0.296, -0.296, -0.296, -0.296, -0.296, -0.296, -0.296, -0.296, -0.296, -0.296, -0.296, -0.296, -0.296]",None,None,['left'],[1.7085996000005252],[0.28797859999940556],up,2.3965891000007105,None,384.8819674999995,384.8971834999993,385.14719969999896,385.13066029999936,385.13152139999875,385.14719969999896,,386.14721219999956,,386.1307147999996,1,1,,,385.14719969999896,386.14721219999956,,,,,,,,,,,,,,,,,,,202605,,D,2026-08-12_18h59.12.320,valence_final_v2,2024.2.4,60,2026-08-12 18h59.30.846082 -0600,
15,15,0,6,2,flat_comp,215,2.5,0.1,3.0,0.376,curv,flat_curv,0.2,-0.2,-0.1,rew,input_data/stims/Shape_2.50_3.00.png,input_data/stims/Shape_4.00_2.00.png,input_data/stims/Shape_0.00_2.00.png,1,-1,1.0,1.0,-1,None,,,up,2.301808099999107,None,None,None,['left'],[0.6163486999994348],[1.3598586000007344],up,2.1362238000001526,None,1,0,1,0,0,15,15,15,386.14721219999956,,,,,,,,,,,,,,,,,386.1313193999995,0.0006057000009604963,387.01524789999894,387.01588300000003,387.0309660999992,388.03047069999957,388.0148840999991,388.0153399999999,0.00047000000085972715,389.3499936999997,389.35170579999976,389.3646345999987,389.3646345999987,389.3646345999987,389.3646345999987,389.3646345999987,389.3646345999987,389.3646345999987,391.5153300000002,"[0.376, 0.376, 0.376, 0.376, 0.376, 0.376, 0.376, 0.376, 0.376, 0.376, 0.376, 0.376, 0.376, 0.376, 0.376, 0.376, 0.376, 0.376, 0.376, 0.376, 0.376, 0.376, 0.376, 0.376, 0.376, 0.376, 0.376, 0.376, 0.376, 0.376, 0.376, 0.376, 0.376, 0.376, 0.376, 0.376, 0.376, 0.376, 0.368, 0.36, 0.352, 0.344, 0.336, 0.328, 0.32, 0.312, 0.304, 0.296, 0.288, 0.28, 0.272, 0.264, 0.256, 0.248, 0.24, 0.232, 0.224, 0.216, 0.208, 0.2, 0.192, 0.184, 0.176, 0.168, 0.16, 0.152, 0.144, 0.136, 0.128, 0.12, 0.112, 0.104, 0.096, 0.088, 0.08, 0.072, 0.064, 0.056, 0.048, 0.04, 0.032, 0.024, 0.016, 0.008, 0.0, -0.008, -0.016, -0.024, -0.032, -0.04, -0.048, -0.056, -0.064, -0.072, -0.08, -0.088, -0.096, -0.104, -0.112, -0.12, -0.128, -0.136, -0.144, -0.152, -0.16, -0.168, -0.176, -0.184, -0.192, -0.2, -0.208, -0.216, -0.224, -0.232, -0.24, -0.248, -0.256, -0.264, -0.272, -0.28, -0.28, -0.28, -0.28, -0.28, -0.28, -0.28, -0.28, -0.28, -0.28, -0.28, -0.28]",None,None,['left'],[0.6163486999994348],[1.3598586000007344],up,2.1362238000001526,None,391.5157600000002,391.53102559999934,391.78113739999935,391.7644803000003,391.7648742000001,391.78113739999935,,392.78119100000004,,392.7645864999995,0,-1,,,,,391.78113739999935,392.78119100000004,,,,,,,,,,,,,,,,,202605,,D,2026-08-12_18h59.12.320,valence_final_v2,2024.2.4,60,2026-08-12 18h59.30.846082 -0600,
16,16,0,6,2,flat_comp,204,1.5,-0.1,3.0,-0.34,curv,curv_flat,0.2,0.2,-0.1,rew,input_data/stims/Shape_1.50_3.00.png,input_data/stims/Shape_0.00_2.00.png,input_data/stims/Shape_4.00_2.00.png,1,1,-1.0,1.0,-1,None,,,up,2.301808099999107,None,None,None,['right'],[1.3825723999998445],[0.8640339000012318],up,2.5986761999993178,None,1,0,1,0,0,16,16,4,392.78119100000004,,,,,,,,,,,,,,,,,392.765197499999,0.0006122000013419893,393.79996909999863,393.8003807999994,393.8148872999991,394.81489839999995,394.79835079999975,394.7987721999998,0.00043120000009366777,396.1831325999992,396.18474049999895,396.19828719999896,396.19828719999896,396.19828719999896,396.19828719999896,396.19828719999896,396.19828719999896,396.19828719999896,398.81499369999983,"[-0.34, -0.34, -0.34, -0.34, -0.34, -0.34, -0.34, -0.34, -0.34, -0.34, -0.34, -0.34, -0.34, -0.34, -0.34, -0.34, -0.34, -0.34, -0.34, -0.34, -0.34, -0.34, -0.34, -0.34, -0.34, -0.34, -0.34, -0.34, -0.34, -0.34, -0.34, -0.34, -0.34, -0.34, -0.34, -0.34, -0.34, -0.34, -0.34, -0.34, -0.34, -0.34, -0.34, -0.34, -0.34, -0.34, -0.34, -0.34, -0.34, -0.34, -0.34, -0.34, -0.34, -0.34, -0.34, -0.34, -0.34, -0.34, -0.34, -0.34, -0.34, -0.34, -0.34, -0.34, -0.34, -0.34, -0.34, -0.34, -0.34, -0.34, -0.34, -0.34, -0.34, -0.34, -0.34, -0.34, -0.34, -0.34, -0.34, -0.34, -0.34, -0.34, -0.34, -0.34, -0.332, -0.324, -0.316, -0.308, -0.3, -0.292, -0.284, -0.276, -0.268, -0.26, -0.252, -0.244, -0.236, -0.228, -0.22, -0.212, -0.204, -0.196, -0.188, -0.18, -0.172, -0.164, -0.156, -0.148, -0.14, -0.132, -0.124, -0.116, -0.108, -0.1, -0.092, -0.084, -0.076, -0.068, -0.06, -0.052, -0.044, -0.036, -0.028, -0.02, -0.012, -0.004, 0.004, 0.012, 0.02, 0.028, 0.036, 0.044, 0.052, 0.06, 0.068, 0.076, 0.076, 0.076, 0.076, 0.076, 0.076, 0.076, 0.076, 0.076, 0.076, 0.076, 0.076, 0.076, 0.076, 0.076, 0.076, 0.076, 0.076, 0.076, 0.076, 0.076, 0.076, 0.076, 0.076]",None,None,['right'],[1.3825723999998445],[0.8640339000012318],up,2.5986761999993178,None,398.8154999999988,398.8303794000003,399.08037349999904,399.0638493999995,399.0642358999994,399.08037349999904,,400.0804148999996,,400.063902599999,1,3,399.08037349999904,400.0804148999996,,,,,,,,,,,,,,,,,,,,,202605,,D,2026-08-12_18h59.12.320,valence_final_v2,2024.2.4,60,2026-08-12 18h59.30.846082 -0600,
17,17,0,6,2,flat_comp,208,1.9,-0.02,3.0,0.352,curv,curv_flat,0.2,0.2,-0.02,rew,input_data/stims/Shape_1.90_3.00.png,input_data/stims/Shape_0.00_2.00.png,input_data/stims/Shape_4.00_2.00.png,1,1,1.0,1.0,-1,None,,,up,2.301808099999107,None,None,None,"['left', 'left']","[0.9696518000000651, 2.1137085999998817]","[0.6719281999994564, 0.2800083000001905]",up,2.5776858999997785,None,1,0,1,0,0,17,17,8,400.0804148999996,,,,,,,,,,,,,,,,,400.06450889999905,0.0006076999998185784,401.04821599999923,401.0487309,401.0637931000001,402.0637807000003,402.04724729999907,402.04767449999963,0.0004365999993751757,403.3322264999988,403.33353989999887,403.34718299999986,403.34718299999986,403.34718299999986,403.34718299999986,403.34718299999986,403.34718299999986,403.34718299999986,405.9315743999996,"[0.352, 0.352, 0.352, 0.352, 0.352, 0.352, 0.352, 0.352, 0.352, 0.352, 0.352, 0.352, 0.352, 0.352, 0.352, 0.352, 0.352, 0.352, 0.352, 0.352, 0.352, 0.352, 0.352, 0.352, 0.352, 0.352, 0.352, 0.352, 0.352, 0.352, 0.352, 0.352, 0.352, 0.352, 0.352, 0.352, 0.352, 0.352, 0.352, 0.352, 0.352, 0.352, 0.352, 0.352, 0.352, 0.352, 0.352, 0.352, 0.352, 0.352, 0.352, 0.352, 0.352, 0.352, 0.352, 0.352, 0.352, 0.352, 0.352, 0.352, 0.344, 0.336, 0.328, 0.32, 0.312, 0.304, 0.296, 0.288, 0.28, 0.272, 0.264, 0.256, 0.248, 0.24, 0.232, 0.224, 0.216, 0.208, 0.2, 0.192, 0.184, 0.176, 0.168, 0.16, 0.152, 0.144, 0.136, 0.128, 0.12, 0.112, 0.104, 0.096, 0.088, 0.08, 0.072, 0.064, 0.056, 0.048, 0.04, 0.032, 0.032, 0.032, 0.032, 0.032, 0.032, 0.032, 0.032, 0.032, 0.032, 0.032, 0.032, 0.032, 0.032, 0.032, 0.032, 0.032, 0.032, 0.032, 0.032, 0.032, 0.032, 0.032, 0.032, 0.032, 0.032, 0.032, 0.032, 0.032, 0.024, 0.016, 0.008, 0.0, -0.008, -0.016, -0.024, -0.032, -0.04, -0.048, -0.056, -0.064, -0.072, -0.08, -0.088, -0.096, -0.104, -0.104, -0.104, -0.104, -0.104, -0.104, -0.104, -0.104, -0.104, -0.104, -0.104, -0.104, -0.104]",None,None,"['left', 'left']","[0.9696518000000651, 2.1137085999998817]","[0.6719281999994564, 0.2800083000001905]",up,2.5776858999997785,None,405.9320109,405.94723049999993,406.1972296999993,406.18069469999864,406.1810788999992,406.1972296999993,,407.197259999999,,407.1807474999987,1,3,406.1972296999993,407.197259999999,,,,,,,,,,,,,,,,,,,,,202605,,D,2026-08-12_18h59.12.320,valence_final_v2,2024.2.4,60,2026-08-12 18h59.30.846082 -0600,
18,18,0,6,2,flat_comp,233,3.7,0.34,3.0,0.248,flat,flat_curv,0.2,-0.2,-0.34,pen,input_data/stims/Shape_3.70_3.00.png,input_data/stims/Shape_4.00_2.00.png,input_data/stims/Shape_0.00_2.00.png,-1,-1,1.0,1.0,1,None,,,up,2.301808099999107,None,None,None,['left'],[0.8328155999988667],[1.1359472000003734],up,2.0887920999994094,None,1,0,1,0,0,18,18,33,407.197259999999,,,,,,,,,,,,,,,,,407.18135359999906,0.0006082999989303062,408.1152807999988,408.11568649999936,408.1307047999999,409.1306433999998,409.11412589999964,409.11455269999897,0.00043709999954444356,410.5486528000001,410.5500112999998,410.56403449999925,410.56403449999925,410.56403449999925,410.56403449999925,410.56403449999925,410.56403449999925,410.56403449999925,412.6650547999998,"[0.248, 0.248, 0.248, 0.248, 0.248, 0.248, 0.248, 0.248, 0.248, 0.248, 0.248, 0.248, 0.248, 0.248, 0.248, 0.248, 0.248, 0.248, 0.248, 0.248, 0.248, 0.248, 0.248, 0.248, 0.248, 0.248, 0.248, 0.248, 0.248, 0.248, 0.248, 0.248, 0.248, 0.248, 0.248, 0.248, 0.248, 0.248, 0.248, 0.248, 0.248, 0.248, 0.248, 0.248, 0.248, 0.248, 0.248, 0.248, 0.248, 0.248, 0.248, 0.24, 0.232, 0.224, 0.216, 0.208, 0.2, 0.192, 0.184, 0.176, 0.168, 0.16, 0.152, 0.144, 0.136, 0.128, 0.12, 0.112, 0.104, 0.096, 0.088, 0.08, 0.072, 0.064, 0.056, 0.048, 0.04, 0.032, 0.024, 0.016, 0.008, 0.0, -0.008, -0.016, -0.024, -0.032, -0.04, -0.048, -0.056, -0.064, -0.072, -0.08, -0.088, -0.096, -0.104, -0.112, -0.12, -0.128, -0.136, -0.144, -0.152, -0.16, -0.168, -0.176, -0.184, -0.192, -0.2, -0.208, -0.216, -0.224, -0.232, -0.24, -0.248, -0.256, -0.264, -0.272, -0.28, -0.288, -0.296, -0.304, -0.304, -0.304, -0.304, -0.304, -0.304, -0.304, -0.304, -0.304]",None,None,['left'],[0.8328155999988667],[1.1359472000003734],up,2.0887920999994094,None,412.66545399999995,412.6807517999987,412.9307596999988,412.91421439999976,412.91460339999867,412.9307596999988,,413.9307767999999,,413.91427809999914,1,1,,,412.9307596999988,413.9307767999999,,,,,,,,,,,,,,,,,,,202605,,D,2026-08-12_18h59.12.320,valence_final_v2,2024.2.4,60,2026-08-12 18h59.30.846082 -0600,
19,19,0,6,2,flat_comp,217,2.7,0.14,3.0,0.18,curv,flat_curv,0.2,-0.2,-0.14,rew,input_data/stims/Shape_2.70_3.00.png,input_data/stims/Shape_4.00_2.00.png,input_data/stims/Shape_0.00_2.00.png,1,-1,1.0,1.0,-1,None,,,up,2.301808099999107,None,None,None,['left'],[1.1333754999996017],[0.6479705000001559],up,2.093278800000917,None,1,0,1,0,0,19,19,17,413.9307767999999,,,,,,,,,,,,,,,,,413.9148822999996,0.0006050000010873191,414.9495528999996,414.9500386999989,414.964157299999,415.9641818,415.9476433,415.9480709999989,0.00043789999836008064,417.4334934999988,417.4349578000001,417.44756229999984,417.44756229999984,417.44756229999984,417.44756229999984,417.44756229999984,417.44756229999984,417.44756229999984,419.5486294000002,"[0.18, 0.18, 0.18, 0.18, 0.18, 0.18, 0.18, 0.18, 0.18, 0.18, 0.18, 0.18, 0.18, 0.18, 0.18, 0.18, 0.18, 0.18, 0.18, 0.18, 0.18, 0.18, 0.18, 0.18, 0.18, 0.18, 0.18, 0.18, 0.18, 0.18, 0.18, 0.18, 0.18, 0.18, 0.18, 0.18, 0.18, 0.18, 0.18, 0.18, 0.18, 0.18, 0.18, 0.18, 0.18, 0.18, 0.18, 0.18, 0.18, 0.18, 0.18, 0.18, 0.18, 0.18, 0.18, 0.18, 0.18, 0.18, 0.18, 0.18, 0.18, 0.18, 0.18, 0.18, 0.18, 0.18, 0.18, 0.18, 0.18, 0.18, 0.172, 0.164, 0.156, 0.148, 0.14, 0.132, 0.124, 0.116, 0.108, 0.1, 0.092, 0.084, 0.076, 0.068, 0.06, 0.052, 0.044, 0.036, 0.028, 0.02, 0.012, 0.004, -0.004, -0.012, -0.02, -0.028, -0.036, -0.044, -0.052, -0.06, -0.068, -0.076, -0.084, -0.092, -0.1, -0.108, -0.116, -0.124, -0.124, -0.124, -0.124, -0.124, -0.124, -0.124, -0.124, -0.124, -0.124, -0.124, -0.124, -0.124, -0.124, -0.124, -0.124, -0.124, -0.124, -0.124, -0.124, -0.124]",None,None,['left'],[1.1333754999996017],[0.6479705000001559],up,2.093278800000917,None,419.5490417000001,419.5642829999997,419.8142955000003,419.7977420999996,419.79812820000006,419.8142955000003,,420.81430530000034,,420.79779210000015,1,3,419.8142955000003,420.81430530000034,,,,,,,,,,,,,,,,,,,,,202605,,D,2026-08-12_18h59.12.320,valence_final_v2,2024.2.4,60,2026-08-12 18h59.30.846082 -0600,
20,20,0,6,2,flat_comp,223,3.1,0.22,1.0,0.08,flat,flat_curv,0.2,-0.2,-0.22,pen,input_data/stims/Shape_3.10_1.00.png,input_data/stims/Shape_4.00_2.00.png,input_data/stims/Shape_0.00_2.00.png,-1,-1,1.0,-1.0,1,None,,,up,2.301808099999107,None,None,None,['left'],[0.9337431000003562],[0.45603180000034627],up,1.8297547000001941,None,1,0,1,0,0,20,20,23,420.81430530000034,,,,,,,,,,,,,,,,,420.7984017999988,0.0006114000007073628,421.6837712999986,421.6842134999988,421.6976859999995,422.69769199999973,422.6811732999995,422.68159919999925,0.00043650000043271575,424.0165213,424.0178361999988,424.03109140000015,424.03109140000015,424.03109140000015,424.03109140000015,424.03109140000015,424.03109140000015,424.03109140000015,425.86547059999975,"[0.08, 0.08, 0.08, 0.08, 0.08, 0.08, 0.08, 0.08, 0.08, 0.08, 0.08, 0.08, 0.08, 0.08, 0.08, 0.08, 0.08, 0.08, 0.08, 0.08, 0.08, 0.08, 0.08, 0.08, 0.08, 0.08, 0.08, 0.08, 0.08, 0.08, 0.08, 0.08, 0.08, 0.08, 0.08, 0.08, 0.08, 0.08, 0.08, 0.08, 0.08, 0.08, 0.08, 0.08, 0.08, 0.08, 0.08, 0.08, 0.08, 0.08, 0.08, 0.08, 0.08, 0.08, 0.08, 0.08, 0.08, 0.08, 0.072, 0.064, 0.056, 0.048, 0.04, 0.032, 0.024, 0.016, 0.008, 0.0, -0.008, -0.016, -0.024, -0.032, -0.04, -0.048, -0.056, -0.064, -0.072, -0.08, -0.088, -0.096, -0.104, -0.112, -0.12, -0.128, -0.136, -0.136, -0.136, -0.136, -0.136, -0.136, -0.136, -0.136, -0.136, -0.136, -0.136, -0.136, -0.136, -0.136, -0.136, -0.136, -0.136, -0.136, -0.136, -0.136, -0.136, -0.136, -0.136, -0.136, -0.136, -0.136, -0.136, -0.136]",None,None,['left'],[0.9337431000003562],[0.45603180000034627],up,1.8297547000001941,None,425.86587839999993,425.8811382999993,426.13111879999997,426.11459019999893,426.1149699999987,426.13111879999997,426.13111879999997,427.13114809999934,427.13114809999934,427.1146510999988,0,-3,,,,,,,,,,,,,,,,,,,,,,,202605,,D,2026-08-12_18h59.12.320,valence_final_v2,2024.2.4,60,2026-08-12 18h59.30.846082 -0600,
21,21,0,6,2,flat_comp,235,3.7,0.34,1.0,0.212,flat,flat_curv,0.2,-0.2,-0.34,pen,input_data/stims/Shape_3.70_1.00.png,input_data/stims/Shape_4.00_2.00.png,input_data/stims/Shape_0.00_2.00.png,-1,-1,1.0,-1.0,1,None,,,up,2.301808099999107,None,None,None,['left'],[0.886985299999651],[1.0159158000005846],up,2.230987599999935,None,1,0,1,0,0,21,21,35,427.13114809999934,,,,,,,,,,,,,,,,,427.1152791000004,0.0006305999995674938,428.1487871999998,428.14962769999875,428.16453639999963,429.1645461999997,429.14798940000037,429.1484163999994,0.000430199999755132,430.5836411,430.5850797999992,430.5979256999999,430.5979256999999,430.5979256999999,430.5979256999999,430.5979256999999,430.5979256999999,430.5979256999999,432.83233689999906,"[0.212, 0.212, 0.212, 0.212, 0.212, 0.212, 0.212, 0.212, 0.212, 0.212, 0.212, 0.212, 0.212, 0.212, 0.212, 0.212, 0.212, 0.212, 0.212, 0.212, 0.212, 0.212, 0.212, 0.212, 0.212, 0.212, 0.212, 0.212, 0.212, 0.212, 0.212, 0.212, 0.212, 0.212, 0.212, 0.212, 0.212, 0.212, 0.212, 0.212, 0.212, 0.212, 0.212, 0.212, 0.212, 0.212, 0.212, 0.212, 0.212, 0.212, 0.212, 0.212, 0.212, 0.212, 0.212, 0.204, 0.196, 0.188, 0.18, 0.172, 0.164, 0.156, 0.148, 0.14, 0.132, 0.124, 0.116, 0.108, 0.1, 0.092, 0.084, 0.076, 0.068, 0.06, 0.052, 0.044, 0.036, 0.028, 0.02, 0.012, 0.004, -0.004, -0.012, -0.02, -0.028, -0.036, -0.044, -0.052, -0.06, -0.068, -0.076, -0.084, -0.092, -0.1, -0.108, -0.116, -0.124, -0.132, -0.14, -0.148, -0.156, -0.164, -0.172, -0.18, -0.188, -0.196, -0.204, -0.212, -0.22, -0.228, -0.236, -0.244, -0.252, -0.26, -0.268, -0.276, -0.276, -0.276, -0.276, -0.276, -0.276, -0.276, -0.276, -0.276, -0.276, -0.276, -0.276, -0.276, -0.276, -0.276, -0.276, -0.276, -0.276, -0.276, -0.276, -0.276]",None,None,['left'],[0.886985299999651],[1.0159158000005846],up,2.230987599999935,None,432.8327473999998,432.8479742999989,433.09803009999996,433.08152770000015,433.0819285999987,433.09803009999996,,434.0980030999999,,434.081503899999,1,1,,,433.09803009999996,434.0980030999999,,,,,,,,,,,,,,,,,,,202605,,D,2026-08-12_18h59.12.320,valence_final_v2,2024.2.4,60,2026-08-12 18h59.30.846082 -0600,
22,22,0,6,2,flat_comp,214,2.5,0.1,1.0,-0.392,curv,curv_flat,0.2,0.2,0.1,rew,input_data/stims/Shape_2.50_1.00.png,input_data/stims/Shape_0.00_2.00.png,input_data/stims/Shape_4.00_2.00.png,1,1,-1.0,-1.0,-1,None,,,up,2.301808099999107,None,None,None,['right'],[2.7821288000013737],[None],None,,,1,0,1,0,0,22,22,14,434.0980030999999,,,,,,,,,,,,,,,,,434.0821101999991,0.0006078999995224876,435.11620629999925,435.1166143999999,435.13139669999873,436.1314165999993,436.1148641,436.1152982000003,0.0004437000006873859,437.59914050000043,437.6004515000004,437.6147971999999,437.6147971999999,437.6147971999999,437.6147971999999,437.6147971999999,437.6147971999999,437.6147971999999,440.5993505999995,"[-0.392, -0.392, -0.392, -0.392, -0.392, -0.392, -0.392, -0.392, -0.392, -0.392, -0.392, -0.392, -0.392, -0.392, -0.392, -0.392, -0.392, -0.392, -0.392, -0.392, -0.392, -0.392, -0.392, -0.392, -0.392, -0.392, -0.392, -0.392, -0.392, -0.392, -0.392, -0.392, -0.392, -0.392, -0.392, -0.392, -0.392, -0.392, -0.392, -0.392, -0.392, -0.392, -0.392, -0.392, -0.392, -0.392, -0.392, -0.392, -0.392, -0.392, -0.392, -0.392, -0.392, -0.392, -0.392, -0.392, -0.392, -0.392, -0.392, -0.392, -0.392, -0.392, -0.392, -0.392, -0.392, -0.392, -0.392, -0.392, -0.392, -0.392, -0.392, -0.392, -0.392, -0.392, -0.392, -0.392, -0.392, -0.392, -0.392, -0.392, -0.392, -0.392, -0.392, -0.392, -0.392, -0.392, -0.392, -0.392, -0.392, -0.392, -0.392, -0.392, -0.392, -0.392, -0.392, -0.392, -0.392, -0.392, -0.392, -0.392, -0.392, -0.392, -0.392, -0.392, -0.392, -0.392, -0.392, -0.392, -0.392, -0.392, -0.392, -0.392, -0.392, -0.392, -0.392, -0.392, -0.392, -0.392, -0.392, -0.392, -0.392, -0.392, -0.392, -0.392, -0.392, -0.392, -0.392, -0.392, -0.392, -0.392, -0.392, -0.392, -0.392, -0.392, -0.392, -0.392, -0.392, -0.392, -0.392, -0.392, -0.392, -0.392, -0.392, -0.392, -0.392, -0.392, -0.392, -0.392, -0.392, -0.392, -0.392, -0.392, -0.392, -0.392, -0.392, -0.392, -0.392, -0.392, -0.392, -0.392, -0.392, -0.392, -0.392, -0.392, -0.392, -0.392, -0.392, -0.392, -0.384, -0.376, -0.368, -0.36, -0.352, -0.344, -0.336, -0.328, -0.32, -0.312, -0.304, -0.296, -0.288]",None,None,['right'],[2.7821288000013737],[None],None,,,440.5998615999997,440.6148737000003,440.86487039999884,440.8483587999999,440.85071119999884,440.86487039999884,,441.8650008000004,,441.84851629999866,0,-1,,,,,440.86487039999884,441.8650008000004,440.6148737000003,440.6148737000003,440.6148737000003,440.6148737000003,440.6148737000003,440.6148737000003,440.6148737000003,,,,,,,,,,202605,,D,2026-08-12_18h59.12.320,valence_final_v2,2024.2.4,60,2026-08-12 18h59.30.846082 -0600,
23,23,0,6,2,flat_comp,238,3.9,0.38,3.0,0.22,flat,curv_flat,0.2,0.2,0.38,pen,input_data/stims/Shape_3.90_3.00.png,input_data/stims/Shape_0.00_2.00.png,input_data/stims/Shape_4.00_2.00.png,-1,1,1.0,1.0,1,None,,,up,2.301808099999107,None,None,None,['left'],[0.8819499000001088],[0.8079246999986935],up,1.977909199998976,None,1,0,1,0,0,23,23,38,441.8650008000004,,,,,,,,,,,,,,,,,441.84913049999886,0.0006173999991005985,442.8826957000001,442.88318739999886,442.89864039999884,443.89921909999975,443.8827543999996,443.88318590000017,0.00044379999962984584,445.2667074000001,445.2680700000001,445.282952399999,445.282952399999,445.282952399999,445.282952399999,445.282952399999,445.282952399999,445.282952399999,447.26717869999993,"[0.22, 0.22, 0.22, 0.22, 0.22, 0.22, 0.22, 0.22, 0.22, 0.22, 0.22, 0.22, 0.22, 0.22, 0.22, 0.22, 0.22, 0.22, 0.22, 0.22, 0.22, 0.22, 0.22, 0.22, 0.22, 0.22, 0.22, 0.22, 0.22, 0.22, 0.22, 0.22, 0.22, 0.22, 0.22, 0.22, 0.22, 0.22, 0.22, 0.22, 0.22, 0.22, 0.22, 0.22, 0.22, 0.22, 0.22, 0.22, 0.22, 0.22, 0.22, 0.22, 0.22, 0.22, 0.212, 0.204, 0.196, 0.188, 0.18, 0.172, 0.164, 0.156, 0.148, 0.14, 0.132, 0.124, 0.116, 0.108, 0.1, 0.092, 0.084, 0.076, 0.068, 0.06, 0.052, 0.044, 0.036, 0.028, 0.02, 0.012, 0.004, -0.004, -0.012, -0.02, -0.028, -0.036, -0.044, -0.052, -0.06, -0.068, -0.076, -0.084, -0.092, -0.1, -0.108, -0.116, -0.124, -0.132, -0.14, -0.148, -0.156, -0.164, -0.172, -0.172, -0.172, -0.172, -0.172, -0.172, -0.172, -0.172, -0.172, -0.172, -0.172, -0.172, -0.172, -0.172, -0.172, -0.172, -0.172, -0.172, -0.172]",None,None,['left'],[0.8819499000001088],[0.8079246999986935],up,1.977909199998976,None,447.2675959999997,447.2826809999988,447.5326365000001,447.5160298999999,447.51686080000036,447.5326365000001,447.5326365000001,448.5326656999987,448.5326656999987,448.5160275999988,0,-3,,,,,,,,,,,,,,,,,,,,,,,202605,,D,2026-08-12_18h59.12.320,valence_final_v2,2024.2.4,60,2026-08-12 18h59.30.846082 -0600,
24,24,0,6,2,flat_comp,200,1.1,-0.18,1.0,0.352,curv,curv_flat,0.2,0.2,-0.18,rew,input_data/stims/Shape_1.10_1.00.png,input_data/stims/Shape_0.00_2.00.png,input_data/stims/Shape_4.00_2.00.png,1,1,1.0,-1.0,-1,None,,,up,2.301808099999107,None,None,None,['left'],[0.7668042999994213],[0.9280056999996305],up,2.0788273999987723,None,1,0,1,0,0,24,24,0,448.5326656999987,,,,,,,,,,,,,,,,,448.5166267000004,0.0006002999998599989,449.5505785999994,449.55098159999943,449.5659732999993,450.5660080999987,450.54945430000043,450.5498814999992,0.0004377999994176207,451.9348522,451.9365491999997,451.95007819999955,451.95007819999955,451.95007819999955,451.95007819999955,451.95007819999955,451.95007819999955,451.95007819999955,454.03290600000037,"[0.352, 0.352, 0.352, 0.352, 0.352, 0.352, 0.352, 0.352, 0.352, 0.352, 0.352, 0.352, 0.352, 0.352, 0.352, 0.352, 0.352, 0.352, 0.352, 0.352, 0.352, 0.352, 0.352, 0.352, 0.352, 0.352, 0.352, 0.352, 0.352, 0.352, 0.352, 0.352, 0.352, 0.352, 0.352, 0.352, 0.352, 0.352, 0.352, 0.352, 0.352, 0.352, 0.352, 0.352, 0.352, 0.352, 0.352, 0.352, 0.344, 0.336, 0.328, 0.32, 0.312, 0.304, 0.296, 0.288, 0.28, 0.272, 0.264, 0.256, 0.248, 0.24, 0.232, 0.224, 0.216, 0.208, 0.2, 0.192, 0.184, 0.176, 0.168, 0.16, 0.152, 0.144, 0.136, 0.128, 0.12, 0.112, 0.104, 0.096, 0.088, 0.08, 0.072, 0.064, 0.056, 0.048, 0.04, 0.032, 0.024, 0.016, 0.008, 0.0, -0.008, -0.016, -0.024, -0.032, -0.04, -0.048, -0.056, -0.064, -0.072, -0.08, -0.088, -0.088, -0.088, -0.088, -0.088, -0.088, -0.088, -0.088, -0.088, -0.088, -0.088, -0.088, -0.088, -0.088, -0.088, -0.088, -0.088, -0.088, -0.088, -0.088, -0.088, -0.088, -0.088, -0.088, -0.088]",None,None,['left'],[0.7668042999994213],[0.9280056999996305],up,2.0788273999987723,None,454.0333219000004,454.04857999999876,454.29858590000003,454.2820436000002,454.28242899999896,454.29858590000003,,455.2986065999994,,455.28210039999976,1,3,454.29858590000003,455.2986065999994,,,,,,,,,,,,,,,,,,,,,202605,,D,2026-08-12_18h59.12.320,valence_final_v2,2024.2.4,60,2026-08-12 18h59.30.846082 -0600,
25,25,0,6,2,flat_comp,202,1.3,-0.14,3.0,-0.288,curv,curv_flat,0.2,0.2,-0.14,rew,input_data/stims/Shape_1.30_3.00.png,input_data/stims/Shape_0.00_2.00.png,input_data/stims/Shape_4.00_2.00.png,1,1,-1.0,1.0,-1,None,,,up,2.301808099999107,None,None,None,['right'],[0.801520500001061],[0.6400216000001819],up,1.697521100000813,None,1,0,1,0,0,25,25,2,455.2986065999994,,,,,,,,,,,,,,,,,455.2827099999995,0.0006112999999459134,456.216509599999,456.21693459999915,456.2319630999991,457.2319950000001,457.21545030000016,457.21589569999924,0.00045589999899675604,458.6999431999993,458.701513,458.71536709999964,458.71536709999964,458.71536709999964,458.71536709999964,458.71536709999964,458.71536709999964,458.71536709999964,460.4166200999989,"[-0.288, -0.288, -0.288, -0.288, -0.288, -0.288, -0.288, -0.288, -0.288, -0.288, -0.288, -0.288, -0.288, -0.288, -0.288, -0.288, -0.288, -0.288, -0.288, -0.288, -0.288, -0.288, -0.288, -0.288, -0.288, -0.288, -0.288, -0.288, -0.288, -0.288, -0.288, -0.288, -0.288, -0.288, -0.288, -0.288, -0.288, -0.288, -0.288, -0.288, -0.288, -0.288, -0.288, -0.288, -0.288, -0.288, -0.288, -0.288, -0.288, -0.288, -0.28, -0.272, -0.264, -0.256, -0.248, -0.24, -0.232, -0.224, -0.216, -0.208, -0.2, -0.192, -0.184, -0.176, -0.168, -0.16, -0.152, -0.144, -0.136, -0.128, -0.12, -0.112, -0.104, -0.096, -0.088, -0.08, -0.072, -0.064, -0.056, -0.048, -0.04, -0.032, -0.024, -0.016, -0.008, 0.0, 0.008, 0.016, 0.016, 0.016, 0.016, 0.016, 0.016, 0.016, 0.016, 0.016, 0.016, 0.016, 0.016, 0.016, 0.016, 0.016, 0.016, 0.016]",None,None,['right'],[0.801520500001061],[0.6400216000001819],up,1.697521100000813,None,460.4170742999995,460.43209190000016,460.68210530000033,460.6656012000003,460.66598460000023,460.68210530000033,,461.6821251000001,,461.6656177999994,1,3,460.68210530000033,461.6821251000001,,,,,,,,,,,,,,,,,,,,,202605,,D,2026-08-12_18h59.12.320,valence_final_v2,2024.2.4,60,2026-08-12 18h59.30.846082 -0600,
26,26,0,6,2,flat_comp,209,1.9,-0.02,3.0,0.276,curv,flat_curv,0.2,-0.2,0.02,rew,input_data/stims/Shape_1.90_3.00.png,input_data/stims/Shape_4.00_2.00.png,input_data/stims/Shape_0.00_2.00.png,1,-1,1.0,1.0,-1,None,,,up,2.301808099999107,None,None,None,['left'],[0.7119420000017271],[0.9039390999987518],up,1.8879802000010386,None,1,0,1,0,0,26,26,9,461.6821251000001,,,,,,,,,,,,,,,,,461.6662200999999,0.0006045999998605112,462.5998136999988,462.6006180000004,462.61547769999925,463.6154999999999,463.5989773000001,463.59940540000025,0.00043790000017907005,464.93478329999925,464.9361294999999,464.94889109999895,464.94889109999895,464.94889109999895,464.94889109999895,464.94889109999895,464.94889109999895,464.94889109999895,466.8499045999997,"[0.276, 0.276, 0.276, 0.276, 0.276, 0.276, 0.276, 0.276, 0.276, 0.276, 0.276, 0.276, 0.276, 0.276, 0.276, 0.276, 0.276, 0.276, 0.276, 0.276, 0.276, 0.276, 0.276, 0.276, 0.276, 0.276, 0.276, 0.276, 0.276, 0.276, 0.276, 0.276, 0.276, 0.276, 0.276, 0.276, 0.276, 0.276, 0.276, 0.276, 0.276, 0.276, 0.276, 0.276, 0.268, 0.26, 0.252, 0.244, 0.236, 0.228, 0.22, 0.212, 0.204, 0.196, 0.188, 0.18, 0.172, 0.164, 0.156, 0.148, 0.14, 0.132, 0.124, 0.116, 0.108, 0.1, 0.092, 0.084, 0.076, 0.068, 0.06, 0.052, 0.044, 0.036, 0.028, 0.02, 0.012, 0.004, -0.004, -0.012, -0.02, -0.028, -0.036, -0.044, -0.052, -0.06, -0.068, -0.076, -0.084, -0.092, -0.1, -0.108, -0.116, -0.124, -0.132, -0.14, -0.148, -0.156, -0.156, -0.156, -0.156, -0.156, -0.156, -0.156, -0.156, -0.156, -0.156, -0.156, -0.156, -0.156, -0.156, -0.156, -0.156, -0.156, -0.156, -0.156]",None,None,['left'],[0.7119420000017271],[0.9039390999987518],up,1.8879802000010386,None,466.8503079000002,466.8655827999992,467.1155953999987,467.09906070000034,467.09944109999924,467.1155953999987,,468.11563019999994,,468.09919979999904,1,3,467.1155953999987,468.11563019999994,,,,,,,,,,,,,,,,,,,,,202605,,D,2026-08-12_18h59.12.320,valence_final_v2,2024.2.4,60,2026-08-12 18h59.30.846082 -0600,
27,27,0,6,2,flat_comp,218,2.9,0.18,1.0,0.344,curv,curv_flat,0.2,0.2,0.18,rew,input_data/stims/Shape_2.90_1.00.png,input_data/stims/Shape_0.00_2.00.png,input_data/stims/Shape_4.00_2.00.png,1,1,1.0,-1.0,-1,None,,,up,2.301808099999107,None,None,None,"['left', 'left']","[1.1944716000016342, 1.6584245000012743]","[0.3919454999995651, 0.2320620999998937]",up,2.2664921000014147,None,1,0,1,0,0,27,27,18,468.11563019999994,,,,,,,,,,,,,,,,,468.0998120999993,0.0006158000014693243,469.18480679999993,469.18521299999884,469.1989880000001,470.19901709999976,470.18249469999864,470.1829211999993,0.000438300001405878,471.46688879999965,471.4681722999994,471.48240110000006,471.48240110000006,471.48240110000006,471.48240110000006,471.48240110000006,471.48240110000006,471.48240110000006,473.75007170000026,"[0.344, 0.344, 0.344, 0.344, 0.344, 0.344, 0.344, 0.344, 0.344, 0.344, 0.344, 0.344, 0.344, 0.344, 0.344, 0.344, 0.344, 0.344, 0.344, 0.344, 0.344, 0.344, 0.344, 0.344, 0.344, 0.344, 0.344, 0.344, 0.344, 0.344, 0.344, 0.344, 0.344, 0.344, 0.344, 0.344, 0.344, 0.344, 0.344, 0.344, 0.344, 0.344, 0.344, 0.344, 0.344, 0.344, 0.344, 0.344, 0.344, 0.344, 0.344, 0.344, 0.344, 0.344, 0.344, 0.344, 0.344, 0.344, 0.344, 0.344, 0.344, 0.344, 0.344, 0.344, 0.344, 0.344, 0.344, 0.344, 0.344, 0.344, 0.344, 0.344, 0.344, 0.336, 0.328, 0.32, 0.312, 0.304, 0.296, 0.288, 0.28, 0.272, 0.264, 0.256, 0.248, 0.24, 0.232, 0.224, 0.216, 0.208, 0.2, 0.192, 0.184, 0.176, 0.168, 0.16, 0.152, 0.152, 0.152, 0.152, 0.152, 0.144, 0.136, 0.128, 0.12, 0.112, 0.104, 0.096, 0.088, 0.08, 0.072, 0.064, 0.056, 0.048, 0.04, 0.04, 0.04, 0.04, 0.04, 0.04, 0.04, 0.04, 0.04, 0.04, 0.04, 0.04, 0.04, 0.04, 0.04, 0.04, 0.04, 0.04, 0.04, 0.04, 0.04, 0.04, 0.04, 0.04]",None,None,"['left', 'left']","[1.1944716000016342, 1.6584245000012743]","[0.3919454999995651, 0.2320620999998937]",up,2.2664921000014147,None,473.750490299999,473.76576939999904,474.0157793999988,473.99925359999907,473.99963729999945,474.0157793999988,,475.01580159999867,,474.9993204000002,1,3,474.0157793999988,475.01580159999867,,,,,,,,,,,,,,,,,,,,,202605,,D,2026-08-12_18h59.12.320,valence_final_v2,2024.2.4,60,2026-08-12 18h59.30.846082 -0600,
28,28,0,6,2,flat_comp,234,3.7,0.34,3.0,0.224,flat,curv_flat,0.2,0.2,0.34,pen,input_data/stims/Shape_3.70_3.00.png,input_data/stims/Shape_0.00_2.00.png,input_data/stims/Shape_4.00_2.00.png,-1,1,1.0,1.0,1,None,,,up,2.301808099999107,None,None,None,"['left', 'left']","[0.9223050000000512, 1.6263026000015088]","[0.5439758000011352, 0.03195619999860355]",up,1.898260100000698,None,1,0,1,0,0,28,28,34,475.01580159999867,,,,,,,,,,,,,,,,,474.9999169999992,0.0005968000004941132,476.0340380999987,476.0344359999999,476.0492199,477.04921189999914,477.03266040000017,477.03308560000005,0.00043569999979808927,478.4668339999989,478.4681220000002,478.48258129999886,478.48258129999886,478.48258129999886,478.48258129999886,478.48258129999886,478.48258129999886,478.48258129999886,480.38365519999934,"[0.224, 0.224, 0.224, 0.224, 0.224, 0.224, 0.224, 0.224, 0.224, 0.224, 0.224, 0.224, 0.224, 0.224, 0.224, 0.224, 0.224, 0.224, 0.224, 0.224, 0.224, 0.224, 0.224, 0.224, 0.224, 0.224, 0.224, 0.224, 0.224, 0.224, 0.224, 0.224, 0.224, 0.224, 0.224, 0.224, 0.224, 0.224, 0.224, 0.224, 0.224, 0.224, 0.224, 0.224, 0.224, 0.224, 0.224, 0.224, 0.224, 0.224, 0.224, 0.224, 0.224, 0.224, 0.224, 0.224, 0.224, 0.216, 0.208, 0.2, 0.192, 0.184, 0.176, 0.168, 0.16, 0.152, 0.144, 0.136, 0.128, 0.12, 0.112, 0.104, 0.096, 0.088, 0.08, 0.072, 0.064, 0.056, 0.048, 0.04, 0.032, 0.024, 0.016, 0.008, 0.0, -0.008, -0.016, -0.024, -0.032, -0.032, -0.032, -0.032, -0.032, -0.032, -0.032, -0.032, -0.032, -0.032, -0.032, -0.04, -0.048, -0.048, -0.048, -0.048, -0.048, -0.048, -0.048, -0.048, -0.048, -0.048, -0.048, -0.048, -0.048, -0.048, -0.048, -0.048]",None,None,"['left', 'left']","[0.9223050000000512, 1.6263026000015088]","[0.5439758000011352, 0.03195619999860355]",up,1.898260100000698,None,480.38404789999913,480.3993114999994,480.6492940999997,480.632779399999,480.6331575000004,480.6492940999997,480.6492940999997,481.64935700000024,481.64935700000024,481.6328405999993,0,-3,,,,,,,,,,,,,,,,,,,,,,,202605,,D,2026-08-12_18h59.12.320,valence_final_v2,2024.2.4,60,2026-08-12 18h59.30.846082 -0600,
29,29,0,6,2,flat_comp,207,1.7,-0.06,1.0,0.296,curv,flat_curv,0.2,-0.2,0.06,rew,input_data/stims/Shape_1.70_1.00.png,input_data/stims/Shape_4.00_2.00.png,input_data/stims/Shape_0.00_2.00.png,1,-1,1.0,-1.0,-1,None,,,up,2.301808099999107,None,None,None,['left'],[1.1687442999991617],[0.5680689000000712],up,2.072819699998945,None,1,0,1,0,0,29,29,7,481.64935700000024,,,,,,,,,,,,,,,,,481.6334504999995,0.0006110000012995442,482.6181820999991,482.618783599999,482.63271220000024,483.6327220000003,483.6161771999996,483.6166186999999,0.000450999999884516,484.90093329999945,484.9022550999998,484.9160914999993,484.9160914999993,484.9160914999993,484.9160914999993,484.9160914999993,484.9160914999993,484.9160914999993,487.0004503,"[0.296, 0.296, 0.296, 0.296, 0.296, 0.296, 0.296, 0.296, 0.296, 0.296, 0.296, 0.296, 0.296, 0.296, 0.296, 0.296, 0.296, 0.296, 0.296, 0.296, 0.296, 0.296, 0.296, 0.296, 0.296, 0.296, 0.296, 0.296, 0.296, 0.296, 0.296, 0.296, 0.296, 0.296, 0.296, 0.296, 0.296, 0.296, 0.296, 0.296, 0.296, 0.296, 0.296, 0.296, 0.296, 0.296, 0.296, 0.296, 0.296, 0.296, 0.296, 0.296, 0.296, 0.296, 0.296, 0.296, 0.296, 0.296, 0.296, 0.296, 0.296, 0.296, 0.296, 0.296, 0.296, 0.296, 0.296, 0.296, 0.296, 0.296, 0.296, 0.296, 0.288, 0.28, 0.272, 0.264, 0.256, 0.248, 0.24, 0.232, 0.224, 0.216, 0.208, 0.2, 0.192, 0.184, 0.176, 0.168, 0.16, 0.152, 0.144, 0.136, 0.128, 0.12, 0.112, 0.104, 0.096, 0.088, 0.08, 0.072, 0.064, 0.056, 0.048, 0.04, 0.032, 0.024, 0.024, 0.024, 0.024, 0.024, 0.024, 0.024, 0.024, 0.024, 0.024, 0.024, 0.024, 0.024, 0.024, 0.024, 0.024, 0.024, 0.024, 0.024, 0.024, 0.024, 0.024]",None,None,['left'],[1.1687442999991617],[0.5680689000000712],up,2.072819699998945,None,487.0008646999995,487.0161431999986,487.26614169999993,487.24961789999907,487.25000269999873,487.26614169999993,,488.266175499999,,488.2496847000002,1,3,487.26614169999993,488.266175499999,,,,,,,,,,,,,,,,,,,,,202605,,D,2026-08-12_18h59.12.320,valence_final_v2,2024.2.4,60,2026-08-12 18h59.30.846082 -0600,
30,30,0,6,2,flat_comp,226,3.3,0.26,1.0,0.092,flat,curv_flat,0.2,0.2,0.26,pen,input_data/stims/Shape_3.30_1.00.png,input_data/stims/Shape_0.00_2.00.png,input_data/stims/Shape_4.00_2.00.png,-1,1,-1.0,-1.0,1,None,,,up,2.301808099999107,None,None,None,['left'],[1.2558833000002778],[0.44806050000079267],up,1.8878765999997995,None,1,0,1,0,0,30,30,26,488.266175499999,,,,,,,,,,,,,,,,,488.25029650000033,0.000614099999438622,489.23499300000003,489.2353946000003,489.24956199999906,490.24958119999974,490.2330325999992,490.23346689999926,0.00045309999950404745,491.5172856999998,491.51856640000005,491.5329542999989,491.5329542999989,491.5329542999989,491.5329542999989,491.5329542999989,491.5329542999989,491.5329542999989,493.4339887999995,"[0.092, 0.092, 0.092, 0.092, 0.092, 0.092, 0.092, 0.092, 0.092, 0.092, 0.092, 0.092, 0.092, 0.092, 0.092, 0.092, 0.092, 0.092, 0.092, 0.092, 0.092, 0.092, 0.092, 0.092, 0.092, 0.092, 0.092, 0.092, 0.092, 0.092, 0.092, 0.092, 0.092, 0.092, 0.092, 0.092, 0.092, 0.092, 0.092, 0.092, 0.092, 0.092, 0.092, 0.092, 0.092, 0.092, 0.092, 0.092, 0.092, 0.092, 0.092, 0.092, 0.092, 0.092, 0.092, 0.092, 0.092, 0.092, 0.092, 0.092, 0.092, 0.092, 0.092, 0.092, 0.092, 0.092, 0.092, 0.092, 0.092, 0.092, 0.092, 0.092, 0.092, 0.092, 0.092, 0.092, 0.092, 0.084, 0.076, 0.068, 0.06, 0.052, 0.044, 0.036, 0.028, 0.02, 0.012, 0.004, -0.004, -0.012, -0.02, -0.028, -0.036, -0.044, -0.052, -0.06, -0.068, -0.076, -0.084, -0.092, -0.1, -0.108, -0.116, -0.124, -0.124, -0.124, -0.124, -0.124, -0.124, -0.124, -0.124, -0.124, -0.124, -0.124, -0.124, -0.124]",None,None,['left'],[1.2558833000002778],[0.44806050000079267],up,1.8878765999997995,None,493.43439339999895,493.44967460000044,493.69968419999896,493.6831473000002,493.6835314,493.69968419999896,493.69968419999896,494.6996796000003,494.6996796000003,494.6831997999998,0,-3,,,,,,,,,,,,,,,,,,,,,,,202605,,D,2026-08-12_18h59.12.320,valence_final_v2,2024.2.4,60,2026-08-12 18h59.30.846082 -0600,
31,31,0,6,2,flat_comp,205,1.5,-0.1,1.0,-0.364,curv,flat_curv,0.2,-0.2,0.1,rew,input_data/stims/Shape_1.50_1.00.png,input_data/stims/Shape_4.00_2.00.png,input_data/stims/Shape_0.00_2.00.png,1,-1,-1.0,-1.0,-1,None,,,up,2.301808099999107,None,None,None,['right'],[0.7824471000003541],[0.647918299999219],up,1.8543850999994902,None,1,0,1,0,0,31,31,5,494.6996796000003,,,,,,,,,,,,,,,,,494.6838081999995,0.0006099000001995591,495.61890680000033,495.6197175999987,495.63305149999906,496.6330889000001,496.61656029999904,496.61699549999867,0.0004441999990376644,497.9513608999987,497.9526807000002,497.96645499999977,497.96645499999977,497.96645499999977,497.96645499999977,497.96645499999977,497.96645499999977,497.96645499999977,499.8343748999996,"[-0.364, -0.364, -0.364, -0.364, -0.364, -0.364, -0.364, -0.364, -0.364, -0.364, -0.364, -0.364, -0.364, -0.364, -0.364, -0.364, -0.364, -0.364, -0.364, -0.364, -0.364, -0.364, -0.364, -0.364, -0.364, -0.364, -0.364, -0.364, -0.364, -0.364, -0.364, -0.364, -0.364, -0.364, -0.364, -0.364, -0.364, -0.364, -0.364, -0.364, -0.364, -0.364, -0.364, -0.364, -0.364, -0.364, -0.364, -0.364, -0.356, -0.348, -0.34, -0.332, -0.324, -0.316, -0.308, -0.3, -0.292, -0.284, -0.276, -0.268, -0.26, -0.252, -0.244, -0.236, -0.228, -0.22, -0.212, -0.204, -0.196, -0.188, -0.18, -0.172, -0.164, -0.156, -0.148, -0.14, -0.132, -0.124, -0.116, -0.108, -0.1, -0.092, -0.084, -0.076, -0.068, -0.06, -0.052, -0.052, -0.052, -0.052, -0.052, -0.052, -0.052, -0.052, -0.052, -0.052, -0.052, -0.052, -0.052, -0.052, -0.052, -0.052, -0.052, -0.052, -0.052, -0.052, -0.052, -0.052, -0.052, -0.052, -0.052, -0.052, -0.052, -0.052]",None,None,['right'],[0.7824471000003541],[0.647918299999219],up,1.8543850999994902,None,499.83482729999923,499.8498486999997,500.0998566999988,500.08332249999876,500.08371259999876,500.0998566999988,,501.09988019999946,,501.08335929999885,1,3,500.0998566999988,501.09988019999946,,,,,,,,,,,,,,,,,,,,,202605,,D,2026-08-12_18h59.12.320,valence_final_v2,2024.2.4,60,2026-08-12 18h59.30.846082 -0600,
32,32,0,6,2,flat_comp,239,3.9,0.38,3.0,-0.188,flat,flat_curv,0.2,-0.2,-0.38,pen,input_data/stims/Shape_3.90_3.00.png,input_data/stims/Shape_4.00_2.00.png,input_data/stims/Shape_0.00_2.00.png,-1,-1,1.0,1.0,1,None,,,up,2.301808099999107,None,None,None,['right'],[1.1292541999991954],[0.34397979999994277],up,1.7453001999983826,None,1,0,1,0,0,32,32,39,501.09988019999946,,,,,,,,,,,,,,,,,501.0839615999994,0.0006023000005370704,502.16791009999906,502.1683130000001,502.183631599999,503.1834557000002,503.1671095999991,503.1675457000001,0.0004473999997571809,504.45149109999875,504.45296489999964,504.4676012,504.4676012,504.4676012,504.4676012,504.4676012,504.4676012,504.4676012,506.21860059999926,"[-0.188, -0.188, -0.188, -0.188, -0.188, -0.188, -0.188, -0.188, -0.188, -0.188, -0.188, -0.188, -0.188, -0.188, -0.188, -0.188, -0.188, -0.188, -0.188, -0.188, -0.188, -0.188, -0.188, -0.188, -0.188, -0.188, -0.188, -0.188, -0.188, -0.188, -0.188, -0.188, -0.188, -0.188, -0.188, -0.188, -0.188, -0.188, -0.188, -0.188, -0.188, -0.188, -0.188, -0.188, -0.188, -0.188, -0.188, -0.188, -0.188, -0.188, -0.188, -0.188, -0.188, -0.188, -0.188, -0.188, -0.188, -0.188, -0.188, -0.188, -0.188, -0.188, -0.188, -0.188, -0.188, -0.188, -0.188, -0.188, -0.188, -0.18, -0.172, -0.164, -0.156, -0.148, -0.14, -0.132, -0.124, -0.116, -0.108, -0.1, -0.092, -0.084, -0.076, -0.068, -0.06, -0.052, -0.044, -0.036, -0.028, -0.02, -0.02, -0.02, -0.02, -0.02, -0.02, -0.02, -0.02, -0.02, -0.02, -0.02, -0.02, -0.02, -0.02, -0.02, -0.02, -0.02, -0.02]",None,None,['right'],[1.1292541999991954],[0.34397979999994277],up,1.7453001999983826,None,506.2190353999995,506.23429659999965,506.48429789999864,506.46770789999937,506.46809849999954,506.48429789999864,506.48429789999864,507.48433769999974,507.48433769999974,507.4678659000001,0,-3,,,,,,,,,,,,,,,,,,,,,,,202605,,D,2026-08-12_18h59.12.320,valence_final_v2,2024.2.4,60,2026-08-12 18h59.30.846082 -0600,
33,33,0,6,2,flat_comp,220,3.1,0.22,1.0,0.388,flat,curv_flat,0.2,0.2,0.22,pen,input_data/stims/Shape_3.10_1.00.png,input_data/stims/Shape_0.00_2.00.png,input_data/stims/Shape_4.00_2.00.png,-1,1,1.0,-1.0,1,None,,,up,2.301808099999107,None,None,None,['left'],[1.0154959999999846],[0.6238530999999057],up,1.91938300000038,None,1,0,1,0,0,33,33,20,507.48433769999974,,,,,,,,,,,,,,,,,507.4685178999989,0.0006525999997393228,508.4028127999991,508.4032604999993,508.41759920000004,509.41769209999984,509.4011226999992,509.4015585999987,0.00044629999865719583,510.8856457999991,510.88698320000003,510.90145929999926,510.90145929999926,510.90145929999926,510.90145929999926,510.90145929999926,510.90145929999926,510.90145929999926,512.8357760999988,"[0.388, 0.388, 0.388, 0.388, 0.388, 0.388, 0.388, 0.388, 0.388, 0.388, 0.388, 0.388, 0.388, 0.388, 0.388, 0.388, 0.388, 0.388, 0.388, 0.388, 0.388, 0.388, 0.388, 0.388, 0.388, 0.388, 0.388, 0.388, 0.388, 0.388, 0.388, 0.388, 0.388, 0.388, 0.388, 0.388, 0.388, 0.388, 0.388, 0.388, 0.388, 0.388, 0.388, 0.388, 0.388, 0.388, 0.388, 0.388, 0.388, 0.388, 0.388, 0.388, 0.388, 0.388, 0.388, 0.388, 0.388, 0.388, 0.388, 0.388, 0.388, 0.388, 0.38, 0.372, 0.364, 0.356, 0.348, 0.34, 0.332, 0.324, 0.316, 0.308, 0.3, 0.292, 0.284, 0.276, 0.268, 0.26, 0.252, 0.244, 0.236, 0.228, 0.22, 0.212, 0.204, 0.196, 0.188, 0.18, 0.172, 0.164, 0.156, 0.148, 0.14, 0.132, 0.124, 0.116, 0.108, 0.1, 0.092, 0.084, 0.084, 0.084, 0.084, 0.084, 0.084, 0.084, 0.084, 0.084, 0.084, 0.084, 0.084, 0.084, 0.084, 0.084, 0.084, 0.084, 0.084, 0.084]",None,None,['left'],[1.0154959999999846],[0.6238530999999057],up,1.91938300000038,None,512.8361867999993,512.8515393999987,513.1008134999993,513.0843702999991,513.0847708999991,513.1008134999993,513.1008134999993,514.1015324999989,514.1015324999989,514.0849787999996,0,-3,,,,,,,,,,,,,,,,,,,,,,,202605,,D,2026-08-12_18h59.12.320,valence_final_v2,2024.2.4,60,2026-08-12 18h59.30.846082 -0600,
34,34,0,6,2,flat_comp,212,2.3,0.06,1.0,0.316,curv,curv_flat,0.2,0.2,0.06,rew,input_data/stims/Shape_2.30_1.00.png,input_data/stims/Shape_0.00_2.00.png,input_data/stims/Shape_4.00_2.00.png,1,1,1.0,-1.0,-1,None,,,up,2.301808099999107,None,None,None,['left'],[2.3202321999997366],[None],None,,,1,0,1,0,0,34,34,12,514.1015324999989,,,,,,,,,,,,,,,,,514.0855842000001,0.0006064999997761333,515.1702100999992,515.1709625999993,515.1849302999999,516.1849144999996,516.1684141999995,516.1688395000001,0.0004358000005595386,517.4524626000002,517.4539626999995,517.4686755000002,517.4686755000002,517.4686755000002,517.4686755000002,517.4686755000002,517.4686755000002,517.4686755000002,520.451538199999,"[0.316, 0.316, 0.316, 0.316, 0.316, 0.316, 0.316, 0.316, 0.316, 0.316, 0.316, 0.316, 0.316, 0.316, 0.316, 0.316, 0.316, 0.316, 0.316, 0.316, 0.316, 0.316, 0.316, 0.316, 0.316, 0.316, 0.316, 0.316, 0.316, 0.316, 0.316, 0.316, 0.316, 0.316, 0.316, 0.316, 0.316, 0.316, 0.316, 0.316, 0.316, 0.316, 0.316, 0.316, 0.316, 0.316, 0.316, 0.316, 0.316, 0.316, 0.316, 0.316, 0.316, 0.316, 0.316, 0.316, 0.316, 0.316, 0.316, 0.316, 0.316, 0.316, 0.316, 0.316, 0.316, 0.316, 0.316, 0.316, 0.316, 0.316, 0.316, 0.316, 0.316, 0.316, 0.316, 0.316, 0.316, 0.316, 0.316, 0.316, 0.316, 0.316, 0.316, 0.316, 0.316, 0.316, 0.316, 0.316, 0.316, 0.316, 0.316, 0.316, 0.316, 0.316, 0.316, 0.316, 0.316, 0.316, 0.316, 0.316, 0.316, 0.316, 0.316, 0.316, 0.316, 0.316, 0.316, 0.316, 0.316, 0.316, 0.316, 0.316, 0.316, 0.316, 0.316, 0.316, 0.316, 0.316, 0.316, 0.316, 0.316, 0.316, 0.316, 0.316, 0.316, 0.316, 0.316, 0.316, 0.316, 0.316, 0.316, 0.316, 0.316, 0.316, 0.316, 0.316, 0.316, 0.316, 0.316, 0.316, 0.316, 0.308, 0.3, 0.292, 0.284, 0.276, 0.268, 0.26, 0.252, 0.244, 0.236, 0.228, 0.22, 0.212, 0.204, 0.196, 0.188, 0.18, 0.172, 0.164, 0.156, 0.148, 0.14, 0.132, 0.124, 0.116, 0.108, 0.1, 0.092, 0.084, 0.076, 0.068, 0.06, 0.052, 0.044, 0.036, 0.028, 0.02, 0.012, 0.004, -0.004]",None,None,['left'],[2.3202321999997366],[None],None,,,520.4520820999987,520.4670804999987,520.717084599999,520.7005496000002,520.7030338999994,520.717084599999,,521.7170941000004,,521.7005934999997,0,-1,,,,,520.717084599999,521.7170941000004,520.4670804999987,520.4670804999987,520.4670804999987,520.4670804999987,520.4670804999987,520.4670804999987,520.4670804999987,,,,,,,,,,202605,,D,2026-08-12_18h59.12.320,valence_final_v2,2024.2.4,60,2026-08-12 18h59.30.846082 -0600,
35,35,0,6,2,flat_comp,236,3.9,0.38,1.0,0.228,flat,curv_flat,0.2,0.2,0.38,pen,input_data/stims/Shape_3.90_1.00.png,input_data/stims/Shape_0.00_2.00.png,input_data/stims/Shape_4.00_2.00.png,-1,1,1.0,-1.0,1,None,,,up,2.301808099999107,None,None,None,"['right', 'left']","[0.529000199998336, 1.289006499999232]","[0.4000028000009479, 0.3359982999991189]",up,1.849007499999061,None,1,0,1,0,0,35,35,36,521.7170941000004,,,,,,,,,,,,,,,,,521.7012357000003,0.0006448000003729248,522.5866190999986,522.5870321999992,522.6004801999989,523.6004961999988,523.5839543000002,523.5843789999999,0.00043449999975564424,525.0687822,525.0701914000001,525.0838681999994,525.0838681999994,525.0838681999994,525.0838681999994,525.0838681999994,525.0838681999994,525.0838681999994,526.934858999999,"[0.228, 0.228, 0.228, 0.228, 0.228, 0.228, 0.228, 0.228, 0.228, 0.228, 0.228, 0.228, 0.228, 0.228, 0.228, 0.228, 0.228, 0.228, 0.228, 0.228, 0.228, 0.228, 0.228, 0.228, 0.228, 0.228, 0.228, 0.228, 0.228, 0.228, 0.228, 0.228, 0.228, 0.236, 0.244, 0.252, 0.26, 0.268, 0.276, 0.284, 0.292, 0.3, 0.308, 0.316, 0.324, 0.332, 0.34, 0.348, 0.356, 0.364, 0.372, 0.38, 0.388, 0.396, 0.396, 0.396, 0.396, 0.396, 0.396, 0.396, 0.396, 0.396, 0.396, 0.396, 0.396, 0.396, 0.396, 0.396, 0.396, 0.396, 0.396, 0.396, 0.396, 0.396, 0.396, 0.396, 0.396, 0.396, 0.396, 0.388, 0.38, 0.372, 0.364, 0.356, 0.348, 0.34, 0.332, 0.324, 0.316, 0.308, 0.3, 0.292, 0.284, 0.276, 0.268, 0.26, 0.252, 0.244, 0.236, 0.236, 0.236, 0.236, 0.236, 0.236, 0.236, 0.236, 0.236, 0.236, 0.236, 0.236, 0.236, 0.236, 0.236]",None,None,"['right', 'left']","[0.529000199998336, 1.289006499999232]","[0.4000028000009479, 0.3359982999991189]",up,1.849007499999061,None,526.9352834999991,526.9505841999999,527.2005821000002,527.184063499999,527.1849017000004,527.2005821000002,,528.2006103999993,,528.1841100999991,1,1,,,527.2005821000002,528.2006103999993,,,,,,,,,,,,,,,,,,,202605,,D,2026-08-12_18h59.12.320,valence_final_v2,2024.2.4,60,2026-08-12 18h59.30.846082 -0600,
36,36,0,6,2,flat_comp,210,2.1,0.02,1.0,0.128,curv,curv_flat,0.2,0.2,0.02,rew,input_data/stims/Shape_2.10_1.00.png,input_data/stims/Shape_0.00_2.00.png,input_data/stims/Shape_4.00_2.00.png,1,1,-1.0,-1.0,-1,None,,,up,2.301808099999107,None,None,None,['right'],[0.6394369999998162],[0.27999799999997776],up,2.2794940000003407,None,1,0,1,0,0,36,36,10,528.2006103999993,,,,,,,,,,,,,,,,,528.1847223999994,0.0006131999998615356,529.1186601999998,529.1191707999988,529.1339893999993,530.1340074,530.1174577000002,530.1178812999988,0.000433899998824927,531.5025623000001,531.5040109999991,531.5173796999989,531.5173796999989,531.5173796999989,531.5173796999989,531.5173796999989,531.5173796999989,531.5173796999989,533.8018221999992,"[0.128, 0.128, 0.128, 0.128, 0.128, 0.128, 0.128, 0.128, 0.128, 0.128, 0.128, 0.128, 0.128, 0.128, 0.128, 0.128, 0.128, 0.128, 0.128, 0.128, 0.128, 0.128, 0.128, 0.128, 0.128, 0.128, 0.128, 0.128, 0.128, 0.128, 0.128, 0.128, 0.128, 0.128, 0.128, 0.128, 0.128, 0.128, 0.128, 0.128, 0.136, 0.144, 0.152, 0.16, 0.168, 0.176, 0.184, 0.192, 0.2, 0.208, 0.216, 0.224, 0.232, 0.24, 0.248, 0.256, 0.264, 0.264, 0.264, 0.264, 0.264, 0.264, 0.264, 0.264, 0.264, 0.264, 0.264, 0.264, 0.264, 0.264, 0.264, 0.264, 0.264, 0.264, 0.264, 0.264, 0.264, 0.264, 0.264, 0.264, 0.264, 0.264, 0.264, 0.264, 0.264, 0.264, 0.264, 0.264, 0.264, 0.264, 0.264, 0.264, 0.264, 0.264, 0.264, 0.264, 0.264, 0.264, 0.264, 0.264, 0.264, 0.264, 0.264, 0.264, 0.264, 0.264, 0.264, 0.264, 0.264, 0.264, 0.264, 0.264, 0.264, 0.264, 0.264, 0.264, 0.264, 0.264, 0.264, 0.264, 0.264, 0.264, 0.264, 0.264, 0.264, 0.264, 0.264, 0.264, 0.264, 0.264, 0.264, 0.264, 0.264, 0.264, 0.264, 0.264, 0.264, 0.264, 0.264]",None,None,['right'],[0.6394369999998162],[0.27999799999997776],up,2.2794940000003407,None,533.8022408999987,533.8174626,534.0674531000004,534.050908199999,534.0512989999988,534.0674531000004,,535.0674686999992,,535.0509753999995,0,-1,,,,,534.0674531000004,535.0674686999992,,,,,,,,,,,,,,,,,202605,,D,2026-08-12_18h59.12.320,valence_final_v2,2024.2.4,60,2026-08-12 18h59.30.846082 -0600,
37,37,0,6,2,flat_comp,221,3.1,0.22,3.0,-0.112,flat,flat_curv,0.2,-0.2,-0.22,pen,input_data/stims/Shape_3.10_3.00.png,input_data/stims/Shape_4.00_2.00.png,input_data/stims/Shape_0.00_2.00.png,-1,-1,1.0,1.0,1,None,,,up,2.301808099999107,None,None,None,['left'],[0.9225722999999562],[0.3199977000003855],up,2.5225670999989234,None,1,0,1,0,0,37,37,21,535.0674686999992,,,,,,,,,,,,,,,,,535.0516126000002,0.0006403000006685033,536.0853874999993,536.0859325000001,536.1008462999998,537.1008528999992,537.0843360999988,537.0847720999991,0.00044720000005327165,538.4195787999997,538.4208805999988,538.4342502,538.4342502,538.4342502,538.4342502,538.4342502,538.4342502,538.4342502,540.9686827999994,"[-0.112, -0.112, -0.112, -0.112, -0.112, -0.112, -0.112, -0.112, -0.112, -0.112, -0.112, -0.112, -0.112, -0.112, -0.112, -0.112, -0.112, -0.112, -0.112, -0.112, -0.112, -0.112, -0.112, -0.112, -0.112, -0.112, -0.112, -0.112, -0.112, -0.112, -0.112, -0.112, -0.112, -0.112, -0.112, -0.112, -0.112, -0.112, -0.112, -0.112, -0.112, -0.112, -0.112, -0.112, -0.112, -0.112, -0.112, -0.112, -0.112, -0.112, -0.112, -0.112, -0.112, -0.112, -0.112, -0.112, -0.112, -0.12, -0.128, -0.136, -0.144, -0.152, -0.16, -0.168, -0.176, -0.184, -0.192, -0.2, -0.208, -0.216, -0.224, -0.232, -0.24, -0.248, -0.256, -0.264, -0.264, -0.264, -0.264, -0.264, -0.264, -0.264, -0.264, -0.264, -0.264, -0.264, -0.264, -0.264, -0.264, -0.264, -0.264, -0.264, -0.264, -0.264, -0.264, -0.264, -0.264, -0.264, -0.264, -0.264, -0.264, -0.264, -0.264, -0.264, -0.264, -0.264, -0.264, -0.264, -0.264, -0.264, -0.264, -0.264, -0.264, -0.264, -0.264, -0.264, -0.264, -0.264, -0.264, -0.264, -0.264, -0.264, -0.264, -0.264, -0.264, -0.264, -0.264, -0.264, -0.264, -0.264, -0.264, -0.264, -0.264, -0.264, -0.264, -0.264, -0.264, -0.264, -0.264, -0.264, -0.264, -0.264, -0.264, -0.264, -0.264, -0.264, -0.264, -0.264, -0.264, -0.264, -0.264, -0.264, -0.264, -0.264]",None,None,['left'],[0.9225722999999562],[0.3199977000003855],up,2.5225670999989234,None,540.969124199999,540.9843244000003,541.2343154999999,541.2177690999997,541.2181653999996,541.2343154999999,,542.2343435999992,,542.2178246999993,1,1,,,541.2343154999999,542.2343435999992,,,,,,,,,,,,,,,,,,,202605,,D,2026-08-12_18h59.12.320,valence_final_v2,2024.2.4,60,2026-08-12 18h59.30.846082 -0600,
38,38,0,6,2,flat_comp,201,1.1,-0.18,1.0,-0.22,curv,flat_curv,0.2,-0.2,0.18,rew,input_data/stims/Shape_1.10_1.00.png,input_data/stims/Shape_4.00_2.00.png,input_data/stims/Shape_0.00_2.00.png,1,-1,-1.0,-1.0,-1,None,,,up,2.301808099999107,None,None,None,['right'],[0.9397128000000521],[0.4639993999990111],up,2.35574059999999,None,1,0,1,0,0,38,38,1,542.2343435999992,,,,,,,,,,,,,,,,,542.2184602999987,0.0006384000007528812,543.3020082000003,543.3028137000001,543.3177126999999,544.3177237999989,544.3012277999987,544.3016503999988,0.00043340000047464855,545.586290199999,545.5876331,545.6011122,545.6011122,545.6011122,545.6011122,545.6011122,545.6011122,545.6011122,547.9688554000004,"[-0.22, -0.22, -0.22, -0.22, -0.22, -0.22, -0.22, -0.22, -0.22, -0.22, -0.22, -0.22, -0.22, -0.22, -0.22, -0.22, -0.22, -0.22, -0.22, -0.22, -0.22, -0.22, -0.22, -0.22, -0.22, -0.22, -0.22, -0.22, -0.22, -0.22, -0.22, -0.22, -0.22, -0.22, -0.22, -0.22, -0.22, -0.22, -0.22, -0.22, -0.22, -0.22, -0.22, -0.22, -0.22, -0.22, -0.22, -0.22, -0.22, -0.22, -0.22, -0.22, -0.22, -0.22, -0.22, -0.22, -0.22, -0.22, -0.212, -0.204, -0.196, -0.188, -0.18, -0.172, -0.164, -0.156, -0.148, -0.14, -0.132, -0.124, -0.116, -0.108, -0.1, -0.092, -0.084, -0.076, -0.068, -0.06, -0.052, -0.044, -0.036, -0.028, -0.02, -0.012, -0.004, 0.004, 0.004, 0.004, 0.004, 0.004, 0.004, 0.004, 0.004, 0.004, 0.004, 0.004, 0.004, 0.004, 0.004, 0.004, 0.004, 0.004, 0.004, 0.004, 0.004, 0.004, 0.004, 0.004, 0.004, 0.004, 0.004, 0.004, 0.004, 0.004, 0.004, 0.004, 0.004, 0.004, 0.004, 0.004, 0.004, 0.004, 0.004, 0.004, 0.004, 0.004, 0.004, 0.004, 0.004, 0.004, 0.004, 0.004, 0.004, 0.004, 0.004, 0.004, 0.004, 0.004, 0.004, 0.004, 0.004, 0.004, 0.004, 0.004]",None,None,['right'],[0.9397128000000521],[0.4639993999990111],up,2.35574059999999,None,547.9692727000001,547.9845067999995,548.2345062000004,548.2179515999997,548.2183427,548.2345062000004,,549.2345205999991,,549.2180074999997,1,3,548.2345062000004,549.2345205999991,,,,,,,,,,,,,,,,,,,,,202605,,D,2026-08-12_18h59.12.320,valence_final_v2,2024.2.4,60,2026-08-12 18h59.30.846082 -0600,
39,39,0,6,2,flat_comp,231,3.5,0.3,3.0,0.292,flat,flat_curv,0.2,-0.2,-0.3,pen,input_data/stims/Shape_3.50_3.00.png,input_data/stims/Shape_4.00_2.00.png,input_data/stims/Shape_0.00_2.00.png,-1,-1,1.0,1.0,1,None,,,up,2.301808099999107,None,None,None,['left'],[0.7195236999996268],[0.6880606000013358],up,1.5996040999998513,None,1,0,1,0,0,39,39,31,549.2345205999991,,,,,,,,,,,,,,,,,549.2186070999996,0.0006002999998599989,550.2026712999996,550.2030791999987,550.2179070999991,551.2179252999995,551.2013714999994,551.2017988999996,0.0004386000000522472,552.4866614000002,552.487964599999,552.5012972999994,552.5012972999994,552.5012972999994,552.5012972999994,552.5012972999994,552.5012972999994,552.5012972999994,554.1023449000004,"[0.292, 0.292, 0.292, 0.292, 0.292, 0.292, 0.292, 0.292, 0.292, 0.292, 0.292, 0.292, 0.292, 0.292, 0.292, 0.292, 0.292, 0.292, 0.292, 0.292, 0.292, 0.292, 0.292, 0.292, 0.292, 0.292, 0.292, 0.292, 0.292, 0.292, 0.292, 0.292, 0.292, 0.292, 0.292, 0.292, 0.292, 0.292, 0.292, 0.292, 0.292, 0.292, 0.292, 0.292, 0.292, 0.284, 0.276, 0.268, 0.26, 0.252, 0.244, 0.236, 0.228, 0.22, 0.212, 0.204, 0.196, 0.188, 0.18, 0.172, 0.164, 0.156, 0.148, 0.14, 0.132, 0.124, 0.116, 0.108, 0.1, 0.092, 0.084, 0.076, 0.068, 0.06, 0.052, 0.044, 0.036, 0.028, 0.02, 0.012, 0.004, -0.004, -0.012, -0.02, -0.028, -0.036, -0.036, -0.036, -0.036, -0.036, -0.036, -0.036, -0.036, -0.036, -0.036, -0.036, -0.036, -0.036]",None,None,['left'],[0.7195236999996268],[0.6880606000013358],up,1.5996040999998513,None,554.102756799999,554.1180078999987,554.3680012999994,554.3514921999995,554.3518764,554.3680012999994,554.3680012999994,555.3680337999995,555.3680337999995,555.3515326999986,0,-3,,,,,,,,,,,,,,,,,,,,,,,202605,,D,2026-08-12_18h59.12.320,valence_final_v2,2024.2.4,60,2026-08-12 18h59.30.846082 -0600,
0,0,0,5,2,curv_comp,189,1.9,-0.02,1.0,-0.4,flat,flat_curv,-0.2,0.2,0.02,pen,input_data/stims/Shape_1.90_1.00.png,input_data/stims/Shape_4.00_2.00.png,input_data/stims/Shape_0.00_2.00.png,-1,-1,-1.0,-1.0,1,None,,,up,2.9350485000013578,None,None,None,"['left', 'left', 'right']","[0.5830261999999493, 1.7669459999997343, 2.5509758999996848]","[0.5279405000001134, 0.41604349999943224, None]",None,,,2,0,2,0,0,0,0,29,568.8859624999986,,565.885454199999,,,,565.8854806999989,None,,,565.8878975999996,565.9017786999993,565.9017786999993,568.8528164999989,up,2.9350485000013578,None,568.8802856999991,0.02746399999887217,569.764927799999,569.7656964999987,569.7864078999992,570.7864252999989,570.7699546000003,570.7703743999991,0.0004296000006434042,572.0547193999992,572.0560484999987,572.0698606999995,572.0698606999995,572.0698606999995,572.0698606999995,572.0698606999995,572.0698606999995,572.0698606999995,575.0531319999991,"[-0.4, -0.4, -0.4, -0.4, -0.4, -0.4, -0.4, -0.4, -0.4, -0.4, -0.4, -0.4, -0.4, -0.4, -0.4, -0.4, -0.4, -0.4, -0.4, -0.4, -0.4, -0.4, -0.4, -0.4, -0.4, -0.4, -0.4, -0.4, -0.4, -0.4, -0.4, -0.4, -0.4, -0.4, -0.4, -0.4, -0.4, -0.4, -0.4, -0.4, -0.4, -0.4, -0.4, -0.4, -0.4, -0.4, -0.4, -0.4, -0.4, -0.4, -0.4, -0.4, -0.4, -0.4, -0.4, -0.4, -0.4, -0.4, -0.4, -0.4, -0.4, -0.4, -0.4, -0.4, -0.4, -0.4, -0.4, -0.4, -0.4, -0.4, -0.4, -0.4, -0.4, -0.4, -0.4, -0.4, -0.4, -0.4, -0.4, -0.4, -0.4, -0.4, -0.4, -0.4, -0.4, -0.4, -0.4, -0.4, -0.4, -0.4, -0.4, -0.4, -0.4, -0.4, -0.4, -0.4, -0.4, -0.4, -0.4, -0.4, -0.4, -0.4, -0.4, -0.4, -0.4, -0.4, -0.4, -0.4, -0.4, -0.4, -0.4, -0.4, -0.4, -0.4, -0.4, -0.4, -0.4, -0.4, -0.4, -0.4, -0.4, -0.4, -0.4, -0.4, -0.4, -0.4, -0.4, -0.4, -0.4, -0.4, -0.4, -0.4, -0.4, -0.4, -0.4, -0.4, -0.4, -0.4, -0.4, -0.4, -0.4, -0.4, -0.4, -0.4, -0.4, -0.4, -0.4, -0.4, -0.4, -0.4, -0.4, -0.4, -0.4, -0.4, -0.4, -0.392, -0.384, -0.376, -0.368, -0.36, -0.352, -0.344, -0.336, -0.328, -0.32, -0.312, -0.304, -0.296, -0.288, -0.28, -0.272, -0.264, -0.256, -0.248, -0.24, -0.232, -0.224, -0.216, -0.208, -0.2, -0.192]",None,None,"['left', 'left', 'right']","[0.5830261999999493, 1.7669459999997343, 2.5509758999996848]","[0.5279405000001134, 0.41604349999943224, None]",None,,,575.0536926000004,575.0686126,575.3185833999996,575.302062499999,575.3042692999989,575.3185833999996,575.3185833999996,576.3186329,576.3186329,576.3021343,0,-3,,,,,,,575.0686126,575.0686126,575.0686126,575.0686126,575.0686126,575.0686126,575.0686126,555.3650366999991,555.3680337999995,555.3680337999995,565.8853213999992,12,10,up,10.501163599999927,None,202605,,D,2026-08-12_18h59.12.320,valence_final_v2,2024.2.4,60,2026-08-12 18h59.30.846082 -0600,
1,1,0,5,2,curv_comp,185,1.5,-0.1,3.0,-0.06,flat,flat_curv,-0.2,0.2,0.1,pen,input_data/stims/Shape_1.50_3.00.png,input_data/stims/Shape_4.00_2.00.png,input_data/stims/Shape_0.00_2.00.png,-1,-1,-1.0,1.0,1,None,,,up,2.9350485000013578,None,None,None,"['right', 'left']","[0.7034986999988178, 1.2315035999999964]","[0.35997630000019853, 0.5679872000000614]",up,2.039425899998605,None,2,0,2,0,0,1,1,25,576.3186329,,,,,,,,,,,,,,,,,576.3027421999996,0.0006085000004532048,577.1878555999992,577.1883103,577.2019975000003,578.202017399999,578.1854559999992,578.1858826999996,0.0004377000004751608,579.4709122000004,579.4727308000001,579.4853874,579.4853874,579.4853874,579.4853874,579.4853874,579.4853874,579.4853874,581.5366785999995,"[-0.06, -0.06, -0.06, -0.06, -0.06, -0.06, -0.06, -0.06, -0.06, -0.06, -0.06, -0.06, -0.06, -0.06, -0.06, -0.06, -0.06, -0.06, -0.06, -0.06, -0.06, -0.06, -0.06, -0.06, -0.06, -0.06, -0.06, -0.06, -0.06, -0.06, -0.06, -0.06, -0.06, -0.06, -0.06, -0.06, -0.06, -0.06, -0.06, -0.06, -0.06, -0.06, -0.06, -0.06, -0.052, -0.044, -0.036, -0.028, -0.02, -0.012, -0.004, 0.004, 0.012, 0.02, 0.028, 0.036, 0.044, 0.052, 0.06, 0.068, 0.076, 0.084, 0.092, 0.1, 0.108, 0.108, 0.108, 0.108, 0.108, 0.108, 0.108, 0.108, 0.108, 0.108, 0.108, 0.1, 0.092, 0.084, 0.076, 0.068, 0.06, 0.052, 0.044, 0.036, 0.028, 0.02, 0.012, 0.004, -0.004, -0.012, -0.02, -0.028, -0.036, -0.044, -0.052, -0.06, -0.068, -0.076, -0.084, -0.092, -0.1, -0.108, -0.116, -0.124, -0.132, -0.14, -0.148, -0.156, -0.164, -0.164, -0.164, -0.164, -0.164, -0.164, -0.164, -0.164, -0.164, -0.164, -0.164, -0.164, -0.164, -0.164, -0.164, -0.164, -0.164]",None,None,"['right', 'left']","[0.7034986999988178, 1.2315035999999964]","[0.35997630000019853, 0.5679872000000614]",up,2.039425899998605,None,581.5371684999991,581.5521095000004,581.8020942999992,581.7856116000003,581.7864707999997,581.8020942999992,,582.8021420999994,,582.7856081999998,1,1,,,581.8020942999992,582.8021420999994,,,,,,,,,,,,,,,,,,,202605,,D,2026-08-12_18h59.12.320,valence_final_v2,2024.2.4,60,2026-08-12 18h59.30.846082 -0600,
2,2,0,5,2,curv_comp,181,1.1,-0.18,1.0,-0.32,flat,flat_curv,-0.2,0.2,0.18,pen,input_data/stims/Shape_1.10_1.00.png,input_data/stims/Shape_4.00_2.00.png,input_data/stims/Shape_0.00_2.00.png,-1,-1,-1.0,-1.0,1,None,,,up,2.9350485000013578,None,None,None,['right'],[0.7000029999999242],[0.6159027000012429],up,1.8119170000009035,None,2,0,2,0,0,2,2,21,582.8021420999994,,,,,,,,,,,,,,,,,582.7862126,0.0006056000001990469,583.8211904999989,583.8219505999987,583.8354977999988,584.8355087999989,584.8190095999998,584.8194382999991,0.0004389000005176058,586.1538560999998,586.1551999000003,586.1689009999991,586.1689009999991,586.1689009999991,586.1689009999991,586.1689009999991,586.1689009999991,586.1689009999991,587.9866862999988,"[-0.32, -0.32, -0.32, -0.32, -0.32, -0.32, -0.32, -0.32, -0.32, -0.32, -0.32, -0.32, -0.32, -0.32, -0.32, -0.32, -0.32, -0.32, -0.32, -0.32, -0.32, -0.32, -0.32, -0.32, -0.32, -0.32, -0.32, -0.32, -0.32, -0.32, -0.32, -0.32, -0.32, -0.32, -0.32, -0.32, -0.32, -0.32, -0.32, -0.32, -0.32, -0.32, -0.32, -0.32, -0.312, -0.304, -0.296, -0.288, -0.28, -0.272, -0.264, -0.256, -0.248, -0.24, -0.232, -0.224, -0.216, -0.208, -0.2, -0.192, -0.184, -0.176, -0.168, -0.16, -0.152, -0.144, -0.136, -0.128, -0.12, -0.112, -0.104, -0.096, -0.088, -0.08, -0.072, -0.064, -0.056, -0.048, -0.04, -0.032, -0.032, -0.032, -0.032, -0.032, -0.032, -0.032, -0.032, -0.032, -0.032, -0.032, -0.032, -0.032, -0.032, -0.032, -0.032, -0.032, -0.032, -0.032, -0.032, -0.032, -0.032, -0.032, -0.032, -0.032, -0.032, -0.032, -0.032, -0.032, -0.032, -0.032, -0.032]",None,None,['right'],[0.7000029999999242],[0.6159027000012429],up,1.8119170000009035,None,587.987095299999,588.0022786999998,588.2522850999994,588.2357842000001,588.2361705999992,588.2522850999994,,589.2523303999988,,589.2357844999988,1,1,,,588.2522850999994,589.2523303999988,,,,,,,,,,,,,,,,,,,202605,,D,2026-08-12_18h59.12.320,valence_final_v2,2024.2.4,60,2026-08-12 18h59.30.846082 -0600,
3,3,0,5,2,curv_comp,161,0.1,-0.38,1.0,-0.204,curv,flat_curv,-0.2,0.2,0.38,rew,input_data/stims/Shape_0.10_1.00.png,input_data/stims/Shape_4.00_2.00.png,input_data/stims/Shape_0.00_2.00.png,1,-1,-1.0,-1.0,-1,None,,,up,2.9350485000013578,None,None,None,"['right', 'right', 'right']","[0.7777850999991642, 1.6658021999992343, 2.7297875999993266]","[0.4560189999992872, 0.3839726999995037, 0.1759805999990931]",None,,,2,0,2,0,0,3,3,1,589.2523303999988,,,,,,,,,,,,,,,,,589.2364032999994,0.0006187999988469528,590.3203673999997,590.3207793000001,590.3356769999991,591.3357051000003,591.3191879999995,591.3196301999997,0.00045570000111183617,592.8045423000003,592.8058419999998,592.819078999999,592.819078999999,592.819078999999,592.819078999999,592.819078999999,592.819078999999,592.819078999999,595.8033629000001,"[-0.204, -0.204, -0.204, -0.204, -0.204, -0.204, -0.204, -0.204, -0.204, -0.204, -0.204, -0.204, -0.204, -0.204, -0.204, -0.204, -0.204, -0.204, -0.204, -0.204, -0.204, -0.204, -0.204, -0.204, -0.204, -0.204, -0.204, -0.204, -0.204, -0.204, -0.204, -0.204, -0.204, -0.204, -0.204, -0.204, -0.204, -0.204, -0.204, -0.204, -0.204, -0.204, -0.204, -0.204, -0.204, -0.204, -0.204, -0.204, -0.196, -0.188, -0.18, -0.172, -0.164, -0.156, -0.148, -0.14, -0.132, -0.124, -0.116, -0.108, -0.1, -0.092, -0.084, -0.076, -0.068, -0.06, -0.052, -0.044, -0.036, -0.028, -0.02, -0.012, -0.004, 0.004, 0.012, 0.02, 0.02, 0.02, 0.02, 0.02, 0.02, 0.02, 0.02, 0.02, 0.02, 0.02, 0.02, 0.02, 0.02, 0.02, 0.02, 0.02, 0.02, 0.02, 0.02, 0.02, 0.02, 0.02, 0.02, 0.02, 0.02, 0.028, 0.036, 0.044, 0.052, 0.06, 0.068, 0.076, 0.084, 0.092, 0.1, 0.108, 0.116, 0.124, 0.132, 0.14, 0.148, 0.156, 0.164, 0.172, 0.18, 0.188, 0.196, 0.204, 0.204, 0.204, 0.204, 0.204, 0.204, 0.204, 0.204, 0.204, 0.204, 0.204, 0.204, 0.204, 0.204, 0.204, 0.204, 0.204, 0.204, 0.204, 0.204, 0.204, 0.204, 0.204, 0.204, 0.204, 0.204, 0.204, 0.204, 0.204, 0.204, 0.204, 0.204, 0.204, 0.204, 0.204, 0.204, 0.204, 0.204, 0.204, 0.204, 0.204, 0.204, 0.212, 0.22, 0.228, 0.236, 0.244, 0.252, 0.26, 0.268, 0.276, 0.284, 0.292, 0.292, 0.292, 0.292, 0.292, 0.292]",None,None,"['right', 'right', 'right']","[0.7777850999991642, 1.6658021999992343, 2.7297875999993266]","[0.4560189999992872, 0.3839726999995037, 0.1759805999990931]",None,,,595.8038624000001,595.8191628000004,596.0691616000004,596.0526284999996,596.0548141999989,596.0691616000004,,597.0691805999995,,597.0527598999997,0,-1,,,,,596.0691616000004,597.0691805999995,595.8191628000004,595.8191628000004,595.8191628000004,595.8191628000004,595.8191628000004,595.8191628000004,595.8191628000004,,,,,,,,,,202605,,D,2026-08-12_18h59.12.320,valence_final_v2,2024.2.4,60,2026-08-12 18h59.30.846082 -0600,
4,4,0,5,2,curv_comp,164,0.3,-0.34,3.0,0.056,curv,curv_flat,-0.2,-0.2,-0.34,rew,input_data/stims/Shape_0.30_3.00.png,input_data/stims/Shape_0.00_2.00.png,input_data/stims/Shape_4.00_2.00.png,1,1,1.0,1.0,-1,None,,,up,2.9350485000013578,None,None,None,['left'],[0.7728794000013295],[0.7279786999988573],up,1.8528924000002007,None,2,0,2,0,0,4,4,4,597.0691805999995,,,,,,,,,,,,,,,,,597.0533588999988,0.0006001999990985496,597.9370743999989,597.9375411000001,597.9525692999996,598.952569699999,598.9360306999988,598.9364631999997,0.00044299999899521936,600.3204718999987,600.3217031999993,600.3359583999991,600.3359583999991,600.3359583999991,600.3359583999991,600.3359583999991,600.3359583999991,600.3359583999991,602.2036962999991,"[0.056, 0.056, 0.056, 0.056, 0.056, 0.056, 0.056, 0.056, 0.056, 0.056, 0.056, 0.056, 0.056, 0.056, 0.056, 0.056, 0.056, 0.056, 0.056, 0.056, 0.056, 0.056, 0.056, 0.056, 0.056, 0.056, 0.056, 0.056, 0.056, 0.056, 0.056, 0.056, 0.056, 0.056, 0.056, 0.056, 0.056, 0.056, 0.056, 0.056, 0.056, 0.056, 0.056, 0.056, 0.056, 0.056, 0.056, 0.056, 0.048, 0.04, 0.032, 0.024, 0.016, 0.008, 0.0, -0.008, -0.016, -0.024, -0.032, -0.04, -0.048, -0.056, -0.064, -0.072, -0.08, -0.088, -0.096, -0.104, -0.112, -0.12, -0.128, -0.136, -0.144, -0.152, -0.16, -0.168, -0.176, -0.184, -0.192, -0.2, -0.208, -0.216, -0.224, -0.232, -0.24, -0.248, -0.256, -0.264, -0.272, -0.28, -0.288, -0.296, -0.296, -0.296, -0.296, -0.296, -0.296, -0.296, -0.296, -0.296, -0.296, -0.296, -0.296, -0.296, -0.296, -0.296, -0.296, -0.296, -0.296, -0.296, -0.296, -0.296, -0.296, -0.296]",None,None,['left'],[0.7728794000013295],[0.7279786999988573],up,1.8528924000002007,None,602.2041018999989,602.2193454999997,602.469339199999,602.4527953999986,602.4536244999999,602.469339199999,,603.4693632999988,,603.4528528999999,1,3,602.469339199999,603.4693632999988,,,,,,,,,,,,,,,,,,,,,202605,,D,2026-08-12_18h59.12.320,valence_final_v2,2024.2.4,60,2026-08-12 18h59.30.846082 -0600,
5,5,0,5,2,curv_comp,160,0.1,-0.38,3.0,0.208,curv,curv_flat,-0.2,-0.2,-0.38,rew,input_data/stims/Shape_0.10_3.00.png,input_data/stims/Shape_0.00_2.00.png,input_data/stims/Shape_4.00_2.00.png,1,1,1.0,1.0,-1,None,,,up,2.9350485000013578,None,None,None,['left'],[0.7207906999992701],[1.0399140999998053],up,2.0007855000003474,None,2,0,2,0,0,5,5,0,603.4693632999988,,,,,,,,,,,,,,,,,603.4534657999993,0.0006147000003693393,604.4372879000002,604.4377017999996,604.4527633999987,605.4527711999999,605.4362096000004,605.4366413999996,0.00044049999996786937,606.8205753999991,606.8219121999991,606.8361439,606.8361439,606.8361439,606.8361439,606.8361439,606.8361439,606.8361439,608.8538517999987,"[0.208, 0.208, 0.208, 0.208, 0.208, 0.208, 0.208, 0.208, 0.208, 0.208, 0.208, 0.208, 0.208, 0.208, 0.208, 0.208, 0.208, 0.208, 0.208, 0.208, 0.208, 0.208, 0.208, 0.208, 0.208, 0.208, 0.208, 0.208, 0.208, 0.208, 0.208, 0.208, 0.208, 0.208, 0.208, 0.208, 0.208, 0.208, 0.208, 0.208, 0.208, 0.208, 0.208, 0.208, 0.208, 0.2, 0.192, 0.184, 0.176, 0.168, 0.16, 0.152, 0.144, 0.136, 0.128, 0.12, 0.112, 0.104, 0.096, 0.088, 0.08, 0.072, 0.064, 0.056, 0.048, 0.04, 0.032, 0.024, 0.016, 0.008, 0.0, -0.008, -0.016, -0.024, -0.032, -0.04, -0.048, -0.056, -0.064, -0.072, -0.08, -0.088, -0.096, -0.104, -0.112, -0.12, -0.128, -0.136, -0.144, -0.152, -0.16, -0.168, -0.176, -0.184, -0.192, -0.2, -0.208, -0.216, -0.224, -0.232, -0.24, -0.248, -0.256, -0.264, -0.272, -0.28, -0.288, -0.288, -0.288, -0.288, -0.288, -0.288, -0.288, -0.288, -0.288, -0.288, -0.288, -0.288, -0.288, -0.288, -0.288, -0.288, -0.288]",None,None,['left'],[0.7207906999992701],[1.0399140999998053],up,2.0007855000003474,None,608.8542756999996,608.8695296999995,609.119534899999,609.103004999999,609.1033912999992,609.119534899999,,610.1195651999988,,610.1030673999994,1,3,609.119534899999,610.1195651999988,,,,,,,,,,,,,,,,,,,,,202605,,D,2026-08-12_18h59.12.320,valence_final_v2,2024.2.4,60,2026-08-12 18h59.30.846082 -0600,
6,6,0,5,2,curv_comp,173,0.7,-0.26,1.0,0.108,curv,flat_curv,-0.2,0.2,0.26,rew,input_data/stims/Shape_0.70_1.00.png,input_data/stims/Shape_4.00_2.00.png,input_data/stims/Shape_0.00_2.00.png,1,-1,-1.0,-1.0,-1,None,,,up,2.9350485000013578,None,None,None,['right'],[1.0885319000008167],[0.4320131999993464],up,1.8644782999999734,None,2,0,2,0,0,6,6,13,610.1195651999988,,,,,,,,,,,,,,,,,610.1036762000003,0.0006087000001571141,611.0382138999994,611.0389610000002,611.0529301999995,612.0529291999992,612.0363887999993,612.0368158000001,0.00043759999971371144,613.4205454999992,613.4218779000003,613.4363183999994,613.4363183999994,613.4363183999994,613.4363183999994,613.4363183999994,613.4363183999994,613.4363183999994,615.3040932000004,"[0.108, 0.108, 0.108, 0.108, 0.108, 0.108, 0.108, 0.108, 0.108, 0.108, 0.108, 0.108, 0.108, 0.108, 0.108, 0.108, 0.108, 0.108, 0.108, 0.108, 0.108, 0.108, 0.108, 0.108, 0.108, 0.108, 0.108, 0.108, 0.108, 0.108, 0.108, 0.108, 0.108, 0.108, 0.108, 0.108, 0.108, 0.108, 0.108, 0.108, 0.108, 0.108, 0.108, 0.108, 0.108, 0.108, 0.108, 0.108, 0.108, 0.108, 0.108, 0.108, 0.108, 0.108, 0.108, 0.108, 0.108, 0.108, 0.108, 0.108, 0.108, 0.108, 0.108, 0.108, 0.108, 0.108, 0.108, 0.116, 0.124, 0.132, 0.14, 0.148, 0.156, 0.164, 0.172, 0.18, 0.188, 0.196, 0.204, 0.212, 0.22, 0.228, 0.236, 0.244, 0.252, 0.26, 0.268, 0.276, 0.284, 0.292, 0.3, 0.308, 0.316, 0.316, 0.316, 0.316, 0.316, 0.316, 0.316, 0.316, 0.316, 0.316, 0.316, 0.316, 0.316, 0.316, 0.316, 0.316, 0.316, 0.316, 0.316, 0.316, 0.316, 0.316]",None,None,['right'],[1.0885319000008167],[0.4320131999993464],up,1.8644782999999734,None,615.3045259999999,615.3196893999993,615.5697115999992,615.5531818,615.5535787999997,615.5697115999992,,616.5697404999992,,616.5532218999997,1,3,615.5697115999992,616.5697404999992,,,,,,,,,,,,,,,,,,,,,202605,,D,2026-08-12_18h59.12.320,valence_final_v2,2024.2.4,60,2026-08-12 18h59.30.846082 -0600,
7,7,0,5,2,curv_comp,172,0.7,-0.26,1.0,0.148,curv,curv_flat,-0.2,-0.2,-0.26,rew,input_data/stims/Shape_0.70_1.00.png,input_data/stims/Shape_0.00_2.00.png,input_data/stims/Shape_4.00_2.00.png,1,1,1.0,-1.0,-1,None,,,up,2.9350485000013578,None,None,None,['left'],[0.6243756000003486],[0.9438838999994914],up,1.7683034000001498,None,2,0,2,0,0,7,7,12,616.5697404999992,,,,,,,,,,,,,,,,,616.5538355999997,0.0006155000010039657,617.5877787999998,617.588608,617.6031165999993,618.6031101999997,618.5865687999994,618.5869948,0.00044580000030691735,620.0205588999997,620.0218117999993,620.0365136,620.0365136,620.0365136,620.0365136,620.0365136,620.0365136,620.0365136,621.8211909000001,"[0.148, 0.148, 0.148, 0.148, 0.148, 0.148, 0.148, 0.148, 0.148, 0.148, 0.148, 0.148, 0.148, 0.148, 0.148, 0.148, 0.148, 0.148, 0.148, 0.148, 0.148, 0.148, 0.148, 0.148, 0.148, 0.148, 0.148, 0.148, 0.148, 0.148, 0.148, 0.148, 0.148, 0.148, 0.148, 0.148, 0.148, 0.148, 0.148, 0.14, 0.132, 0.124, 0.116, 0.108, 0.1, 0.092, 0.084, 0.076, 0.068, 0.06, 0.052, 0.044, 0.036, 0.028, 0.02, 0.012, 0.004, -0.004, -0.012, -0.02, -0.028, -0.036, -0.044, -0.052, -0.06, -0.068, -0.076, -0.084, -0.092, -0.1, -0.108, -0.116, -0.124, -0.132, -0.14, -0.148, -0.156, -0.164, -0.172, -0.18, -0.188, -0.196, -0.204, -0.212, -0.22, -0.228, -0.236, -0.244, -0.252, -0.26, -0.268, -0.276, -0.284, -0.292, -0.3, -0.308, -0.308, -0.308, -0.308, -0.308, -0.308, -0.308, -0.308, -0.308, -0.308, -0.308, -0.308, -0.308, -0.308]",None,None,['left'],[0.6243756000003486],[0.9438838999994914],up,1.7683034000001498,None,621.8215889999992,621.8366575,622.0866585000003,622.0701169000004,622.0705008999994,622.0866585000003,,623.0867901000001,,623.0703658999992,1,3,622.0866585000003,623.0867901000001,,,,,,,,,,,,,,,,,,,,,202605,,D,2026-08-12_18h59.12.320,valence_final_v2,2024.2.4,60,2026-08-12 18h59.30.846082 -0600,
8,8,0,5,2,curv_comp,167,0.3,-0.34,3.0,-0.216,curv,flat_curv,-0.2,0.2,0.34,rew,input_data/stims/Shape_0.30_3.00.png,input_data/stims/Shape_4.00_2.00.png,input_data/stims/Shape_0.00_2.00.png,1,-1,-1.0,1.0,-1,None,,,up,2.9350485000013578,None,None,None,['right'],[0.764680700000099],[1.1280184999995981],up,1.9886256999998295,None,2,0,2,0,0,8,8,7,623.0867901000001,,,,,,,,,,,,,,,,,623.0710065000003,0.0006431999991036719,624.0048771000002,624.0052918999991,624.0203172999991,625.0208419999999,625.0042993999996,625.0047328,0.0004438999985723058,626.2887762999999,626.2905327999997,626.3041909999993,626.3041909999993,626.3041909999993,626.3041909999993,626.3041909999993,626.3041909999993,626.3041909999993,628.3052097,"[-0.216, -0.216, -0.216, -0.216, -0.216, -0.216, -0.216, -0.216, -0.216, -0.216, -0.216, -0.216, -0.216, -0.216, -0.216, -0.216, -0.216, -0.216, -0.216, -0.216, -0.216, -0.216, -0.216, -0.216, -0.216, -0.216, -0.216, -0.216, -0.216, -0.216, -0.216, -0.216, -0.216, -0.216, -0.216, -0.216, -0.216, -0.216, -0.216, -0.216, -0.216, -0.216, -0.216, -0.216, -0.216, -0.216, -0.216, -0.208, -0.2, -0.192, -0.184, -0.176, -0.168, -0.16, -0.152, -0.144, -0.136, -0.128, -0.12, -0.112, -0.104, -0.096, -0.088, -0.08, -0.072, -0.064, -0.056, -0.048, -0.04, -0.032, -0.024, -0.016, -0.008, 0.0, 0.008, 0.016, 0.024, 0.032, 0.04, 0.048, 0.056, 0.064, 0.072, 0.08, 0.088, 0.096, 0.104, 0.112, 0.12, 0.128, 0.136, 0.144, 0.152, 0.16, 0.168, 0.176, 0.184, 0.192, 0.2, 0.208, 0.216, 0.224, 0.232, 0.24, 0.248, 0.256, 0.264, 0.272, 0.28, 0.288, 0.296, 0.304, 0.312, 0.32, 0.328, 0.328, 0.328, 0.328, 0.328, 0.328, 0.328, 0.328]",None,None,['right'],[0.764680700000099],[1.1280184999995981],up,1.9886256999998295,None,628.3056199999992,628.3209344999996,628.5710445000004,628.5543242999993,628.5547059,628.5710445000004,,629.5710394999987,,629.5544037999989,1,3,628.5710445000004,629.5710394999987,,,,,,,,,,,,,,,,,,,,,202605,,D,2026-08-12_18h59.12.320,valence_final_v2,2024.2.4,60,2026-08-12 18h59.30.846082 -0600,
9,9,0,5,2,curv_comp,186,1.7,-0.06,1.0,-0.288,flat,curv_flat,-0.2,-0.2,-0.06,pen,input_data/stims/Shape_1.70_1.00.png,input_data/stims/Shape_0.00_2.00.png,input_data/stims/Shape_4.00_2.00.png,-1,1,-1.0,-1.0,1,None,,,up,2.9350485000013578,None,None,None,"['right', 'right']","[1.9467980999997962, 2.962822400000732]","[0.536185500001011, None]",None,,,2,0,2,0,0,9,9,26,629.5710394999987,,,,,,,,,,,,,,,,,629.5549996999998,0.0005973000006633811,630.6395641999989,630.6399793,630.6543070999996,631.6542914000001,631.6378851999998,631.638315799999,0.0004406000007293187,632.9218865999992,632.9230568000003,632.9380672999996,632.9380672999996,632.9380672999996,632.9380672999996,632.9380672999996,632.9380672999996,632.9380672999996,635.9222634999987,"[-0.288, -0.288, -0.288, -0.288, -0.288, -0.288, -0.288, -0.288, -0.288, -0.288, -0.288, -0.288, -0.288, -0.288, -0.288, -0.288, -0.288, -0.288, -0.288, -0.288, -0.288, -0.288, -0.288, -0.288, -0.288, -0.288, -0.288, -0.288, -0.288, -0.288, -0.288, -0.288, -0.288, -0.288, -0.288, -0.288, -0.288, -0.288, -0.288, -0.288, -0.288, -0.288, -0.288, -0.288, -0.288, -0.288, -0.288, -0.288, -0.288, -0.288, -0.288, -0.288, -0.288, -0.288, -0.288, -0.288, -0.288, -0.288, -0.288, -0.288, -0.288, -0.288, -0.288, -0.288, -0.288, -0.288, -0.288, -0.288, -0.288, -0.288, -0.288, -0.288, -0.288, -0.288, -0.288, -0.288, -0.288, -0.288, -0.288, -0.288, -0.288, -0.288, -0.288, -0.288, -0.288, -0.288, -0.288, -0.288, -0.288, -0.288, -0.288, -0.288, -0.288, -0.288, -0.288, -0.288, -0.288, -0.288, -0.288, -0.288, -0.288, -0.288, -0.288, -0.288, -0.288, -0.288, -0.288, -0.288, -0.288, -0.288, -0.288, -0.288, -0.288, -0.288, -0.288, -0.288, -0.288, -0.288, -0.28, -0.272, -0.264, -0.256, -0.248, -0.24, -0.232, -0.224, -0.216, -0.208, -0.2, -0.192, -0.184, -0.176, -0.168, -0.16, -0.152, -0.144, -0.136, -0.128, -0.12, -0.112, -0.104, -0.096, -0.088, -0.08, -0.072, -0.064, -0.056, -0.048, -0.04, -0.032, -0.032, -0.032, -0.032, -0.032, -0.032, -0.032, -0.032, -0.032, -0.032, -0.032, -0.032, -0.032, -0.032, -0.032, -0.032, -0.032, -0.032, -0.032, -0.032, -0.032, -0.032, -0.032, -0.032, -0.032, -0.032, -0.032, -0.032, -0.032, -0.032, -0.024, -0.016]",None,None,"['right', 'right']","[1.9467980999997962, 2.962822400000732]","[0.536185500001011, None]",None,,,635.9227510000001,635.9377981999987,636.1877860000004,636.1713674000002,636.1736081999989,636.1877860000004,636.1877860000004,637.1878194000001,637.1878194000001,637.1713908999991,0,-3,,,,,,,635.9377981999987,635.9377981999987,635.9377981999987,635.9377981999987,635.9377981999987,635.9377981999987,635.9377981999987,,,,,,,,,,202605,,D,2026-08-12_18h59.12.320,valence_final_v2,2024.2.4,60,2026-08-12 18h59.30.846082 -0600,
10,10,0,5,2,curv_comp,163,0.1,-0.38,3.0,-0.172,curv,flat_curv,-0.2,0.2,0.38,rew,input_data/stims/Shape_0.10_3.00.png,input_data/stims/Shape_4.00_2.00.png,input_data/stims/Shape_0.00_2.00.png,1,-1,-1.0,1.0,-1,None,,,up,2.9350485000013578,None,None,None,['right'],[1.172034100000019],[1.0078972000010253],up,2.3319698000013886,None,2,0,2,0,0,10,10,3,637.1878194000001,,,,,,,,,,,,,,,,,637.1719935000001,0.0006030999993527075,638.0559899,638.0563831999989,638.0715122000001,639.0713047999998,639.0546591000002,639.0550879000002,0.0004386000000522472,640.4886946999995,640.4900240999996,640.5048946999996,640.5048946999996,640.5048946999996,640.5048946999996,640.5048946999996,640.5048946999996,640.5048946999996,642.8389281999989,"[-0.172, -0.172, -0.172, -0.172, -0.172, -0.172, -0.172, -0.172, -0.172, -0.172, -0.172, -0.172, -0.172, -0.172, -0.172, -0.172, -0.172, -0.172, -0.172, -0.172, -0.172, -0.172, -0.172, -0.172, -0.172, -0.172, -0.172, -0.172, -0.172, -0.172, -0.172, -0.172, -0.172, -0.172, -0.172, -0.172, -0.172, -0.172, -0.172, -0.172, -0.172, -0.172, -0.172, -0.172, -0.172, -0.172, -0.172, -0.172, -0.172, -0.172, -0.172, -0.172, -0.172, -0.172, -0.172, -0.172, -0.172, -0.172, -0.172, -0.172, -0.172, -0.172, -0.172, -0.172, -0.172, -0.172, -0.172, -0.172, -0.172, -0.172, -0.172, -0.172, -0.164, -0.156, -0.148, -0.14, -0.132, -0.124, -0.116, -0.108, -0.1, -0.092, -0.084, -0.076, -0.068, -0.06, -0.052, -0.044, -0.036, -0.028, -0.02, -0.012, -0.004, 0.004, 0.012, 0.02, 0.028, 0.036, 0.044, 0.052, 0.06, 0.068, 0.076, 0.084, 0.092, 0.1, 0.108, 0.116, 0.124, 0.132, 0.14, 0.148, 0.156, 0.164, 0.172, 0.18, 0.188, 0.196, 0.204, 0.212, 0.22, 0.228, 0.236, 0.244, 0.252, 0.26, 0.268, 0.276, 0.284, 0.292, 0.3, 0.308, 0.308, 0.308, 0.308, 0.308, 0.308, 0.308, 0.308, 0.308, 0.308, 0.308]",None,None,['right'],[1.172034100000019],[1.0078972000010253],up,2.3319698000013886,None,642.8393528999986,642.8545978999991,643.1041807000001,643.0876964999989,643.0885903999988,643.1041807000001,,644.1046585000004,,644.0882203000001,1,3,643.1041807000001,644.1046585000004,,,,,,,,,,,,,,,,,,,,,202605,,D,2026-08-12_18h59.12.320,valence_final_v2,2024.2.4,60,2026-08-12 18h59.30.846082 -0600,
11,11,0,5,2,curv_comp,184,1.5,-0.1,1.0,-0.328,flat,curv_flat,-0.2,-0.2,-0.1,pen,input_data/stims/Shape_1.50_1.00.png,input_data/stims/Shape_0.00_2.00.png,input_data/stims/Shape_4.00_2.00.png,-1,1,-1.0,-1.0,1,None,,,up,2.9350485000013578,None,None,None,['right'],[0.7492528999991919],[0.9039553000002343],up,2.0692713999997068,None,2,0,2,0,0,11,11,24,644.1046585000004,,,,,,,,,,,,,,,,,644.088818799999,0.0005992999995214632,645.1726837999995,645.1734849000004,645.1881426999989,646.1881446999996,646.1716446999999,646.1720668999988,0.00043259999984002206,647.4561142999992,647.4575745999991,647.4715477999998,647.4715477999998,647.4715477999998,647.4715477999998,647.4715477999998,647.4715477999998,647.4715477999998,649.5558017000003,"[-0.328, -0.328, -0.328, -0.328, -0.328, -0.328, -0.328, -0.328, -0.328, -0.328, -0.328, -0.328, -0.328, -0.328, -0.328, -0.328, -0.328, -0.328, -0.328, -0.328, -0.328, -0.328, -0.328, -0.328, -0.328, -0.328, -0.328, -0.328, -0.328, -0.328, -0.328, -0.328, -0.328, -0.328, -0.328, -0.328, -0.328, -0.328, -0.328, -0.328, -0.328, -0.328, -0.328, -0.328, -0.328, -0.328, -0.32, -0.312, -0.304, -0.296, -0.288, -0.28, -0.272, -0.264, -0.256, -0.248, -0.24, -0.232, -0.224, -0.216, -0.208, -0.2, -0.192, -0.184, -0.176, -0.168, -0.16, -0.152, -0.144, -0.136, -0.128, -0.12, -0.112, -0.104, -0.096, -0.088, -0.08, -0.072, -0.064, -0.056, -0.048, -0.04, -0.032, -0.024, -0.016, -0.008, 0.0, 0.008, 0.016, 0.024, 0.032, 0.04, 0.048, 0.056, 0.064, 0.072, 0.08, 0.088, 0.096, 0.104, 0.112, 0.112, 0.112, 0.112, 0.112, 0.112, 0.112, 0.112, 0.112, 0.112, 0.112, 0.112, 0.112, 0.112, 0.112, 0.112, 0.112, 0.112, 0.112, 0.112, 0.112, 0.112, 0.112, 0.112, 0.112, 0.112, 0.112]",None,None,['right'],[0.7492528999991919],[0.9039553000002343],up,2.0692713999997068,None,649.5562272999996,649.5716137999989,649.8215327999987,649.8049702999997,649.8053476999994,649.8215327999987,,650.8215925000004,,650.8050490999995,1,1,,,649.8215327999987,650.8215925000004,,,,,,,,,,,,,,,,,,,202605,,D,2026-08-12_18h59.12.320,valence_final_v2,2024.2.4,60,2026-08-12 18h59.30.846082 -0600,
12,12,0,5,2,curv_comp,182,1.3,-0.14,3.0,0.384,flat,curv_flat,-0.2,-0.2,-0.14,pen,input_data/stims/Shape_1.30_3.00.png,input_data/stims/Shape_0.00_2.00.png,input_data/stims/Shape_4.00_2.00.png,-1,1,1.0,1.0,1,None,,,up,2.9350485000013578,None,None,None,['left'],[1.436484300000302],[0.847981199998685],up,2.588459000000512,None,2,0,2,0,0,12,12,22,650.8215925000004,,,,,,,,,,,,,,,,,650.8056520999999,0.0006052999997336883,651.7900479999989,651.7908385999999,651.8049023999993,652.8048903999988,652.7884106000001,652.7888278999999,0.0004269999990356155,654.0725609000001,654.0739818000002,654.0883615000002,654.0883615000002,654.0883615000002,654.0883615000002,654.0883615000002,654.0883615000002,654.0883615000002,656.6893987000003,"[0.384, 0.384, 0.384, 0.384, 0.384, 0.384, 0.384, 0.384, 0.384, 0.384, 0.384, 0.384, 0.384, 0.384, 0.384, 0.384, 0.384, 0.384, 0.384, 0.384, 0.384, 0.384, 0.384, 0.384, 0.384, 0.384, 0.384, 0.384, 0.384, 0.384, 0.384, 0.384, 0.384, 0.384, 0.384, 0.384, 0.384, 0.384, 0.384, 0.384, 0.384, 0.384, 0.384, 0.384, 0.384, 0.384, 0.384, 0.384, 0.384, 0.384, 0.384, 0.384, 0.384, 0.384, 0.384, 0.384, 0.384, 0.384, 0.384, 0.384, 0.384, 0.384, 0.384, 0.384, 0.384, 0.384, 0.384, 0.384, 0.384, 0.384, 0.384, 0.384, 0.384, 0.384, 0.384, 0.384, 0.384, 0.384, 0.384, 0.384, 0.384, 0.384, 0.384, 0.384, 0.384, 0.384, 0.384, 0.384, 0.376, 0.368, 0.36, 0.352, 0.344, 0.336, 0.328, 0.32, 0.312, 0.304, 0.296, 0.288, 0.28, 0.272, 0.264, 0.256, 0.248, 0.24, 0.232, 0.224, 0.216, 0.208, 0.2, 0.192, 0.184, 0.176, 0.168, 0.16, 0.152, 0.144, 0.136, 0.128, 0.12, 0.112, 0.104, 0.096, 0.088, 0.08, 0.072, 0.064, 0.056, 0.048, 0.04, 0.032, 0.024, 0.016, 0.008, 0.0, -0.008, -0.016, -0.024, -0.024, -0.024, -0.024, -0.024, -0.024, -0.024, -0.024, -0.024, -0.024, -0.024, -0.024, -0.024, -0.024, -0.024, -0.024, -0.024, -0.024, -0.024, -0.024]",None,None,['left'],[1.436484300000302],[0.847981199998685],up,2.588459000000512,None,656.6898536999997,656.7050397999992,656.9549963999998,656.9385039999997,656.9388832000004,656.9549963999998,,657.9550111999997,,657.9385936999988,1,1,,,656.9549963999998,657.9550111999997,,,,,,,,,,,,,,,,,,,202605,,D,2026-08-12_18h59.12.320,valence_final_v2,2024.2.4,60,2026-08-12 18h59.30.846082 -0600,
13,13,0,5,2,curv_comp,166,0.3,-0.34,3.0,0.064,curv,curv_flat,-0.2,-0.2,-0.34,rew,input_data/stims/Shape_0.30_3.00.png,input_data/stims/Shape_0.00_2.00.png,input_data/stims/Shape_4.00_2.00.png,1,1,1.0,1.0,-1,None,,,up,2.9350485000013578,None,None,None,['left'],[0.8325670000012906],[0.8000259000000369],up,2.0246439000002283,None,2,0,2,0,0,13,13,6,657.9550111999997,,,,,,,,,,,,,,,,,657.9391938999997,0.0006029999985912582,658.9235678999994,658.9241177000004,658.9384893999995,659.9384788999996,659.9219118000001,659.9223430999991,0.0004413999995449558,661.3577845,661.3591089000001,661.372249,661.372249,661.372249,661.372249,661.372249,661.372249,661.372249,663.406285699999,"[0.064, 0.064, 0.064, 0.064, 0.064, 0.064, 0.064, 0.064, 0.064, 0.064, 0.064, 0.064, 0.064, 0.064, 0.064, 0.064, 0.064, 0.064, 0.064, 0.064, 0.064, 0.064, 0.064, 0.064, 0.064, 0.064, 0.064, 0.064, 0.064, 0.064, 0.064, 0.064, 0.064, 0.064, 0.064, 0.064, 0.064, 0.064, 0.064, 0.064, 0.064, 0.064, 0.064, 0.064, 0.064, 0.064, 0.064, 0.064, 0.064, 0.064, 0.064, 0.056, 0.048, 0.04, 0.032, 0.024, 0.016, 0.008, 0.0, -0.008, -0.016, -0.024, -0.032, -0.04, -0.048, -0.056, -0.064, -0.072, -0.08, -0.088, -0.096, -0.104, -0.112, -0.12, -0.128, -0.136, -0.144, -0.152, -0.16, -0.168, -0.176, -0.184, -0.192, -0.2, -0.208, -0.216, -0.224, -0.232, -0.24, -0.248, -0.256, -0.264, -0.272, -0.28, -0.288, -0.296, -0.304, -0.312, -0.32, -0.32, -0.32, -0.32, -0.32, -0.32, -0.32, -0.32, -0.32, -0.32, -0.32, -0.32, -0.32, -0.32, -0.32, -0.32, -0.32, -0.32, -0.32, -0.32, -0.32, -0.32, -0.32, -0.32, -0.32, -0.32]",None,None,['left'],[0.8325670000012906],[0.8000259000000369],up,2.0246439000002283,None,663.4066825999998,663.4219104999993,663.6720038000003,663.6553349999995,663.6557283000002,663.6720038000003,,664.6720217999991,,664.6553567999999,1,3,663.6720038000003,664.6720217999991,,,,,,,,,,,,,,,,,,,,,202605,,D,2026-08-12_18h59.12.320,valence_final_v2,2024.2.4,60,2026-08-12 18h59.30.846082 -0600,
14,14,0,5,2,curv_comp,187,1.7,-0.06,1.0,-0.332,flat,flat_curv,-0.2,0.2,0.06,pen,input_data/stims/Shape_1.70_1.00.png,input_data/stims/Shape_4.00_2.00.png,input_data/stims/Shape_0.00_2.00.png,-1,-1,-1.0,-1.0,1,None,,,up,2.9350485000013578,None,None,None,"['left', 'right']","[0.8481365999996342, 1.6480809999993653]","[0.34388880000005884, 1.0079236000001401]",None,,,2,0,2,0,0,14,14,27,664.6720217999991,,,,,,,,,,,,,,,,,664.6559612000001,0.0006069999999454012,665.5908103000002,665.5916072999989,665.605331499999,666.6053217999997,666.5888149000002,666.5892425000002,0.0004392000009829644,667.9734958999998,667.9748268999992,667.9887741999992,667.9887741999992,667.9887741999992,667.9887741999992,667.9887741999992,667.9887741999992,667.9887741999992,670.9730581999993,"[-0.332, -0.332, -0.332, -0.332, -0.332, -0.332, -0.332, -0.332, -0.332, -0.332, -0.332, -0.332, -0.332, -0.332, -0.332, -0.332, -0.332, -0.332, -0.332, -0.332, -0.332, -0.332, -0.332, -0.332, -0.332, -0.332, -0.332, -0.332, -0.332, -0.332, -0.332, -0.332, -0.332, -0.332, -0.332, -0.332, -0.332, -0.332, -0.332, -0.332, -0.332, -0.332, -0.332, -0.332, -0.332, -0.332, -0.332, -0.332, -0.332, -0.332, -0.332, -0.332, -0.34, -0.348, -0.356, -0.364, -0.372, -0.38, -0.388, -0.396, -0.396, -0.396, -0.396, -0.396, -0.396, -0.396, -0.396, -0.396, -0.396, -0.396, -0.396, -0.396, -0.396, -0.396, -0.396, -0.396, -0.396, -0.396, -0.396, -0.396, -0.396, -0.396, -0.396, -0.396, -0.396, -0.396, -0.396, -0.396, -0.396, -0.396, -0.396, -0.396, -0.396, -0.396, -0.396, -0.396, -0.396, -0.396, -0.396, -0.396, -0.388, -0.38, -0.372, -0.364, -0.356, -0.348, -0.34, -0.332, -0.324, -0.316, -0.308, -0.3, -0.292, -0.284, -0.276, -0.268, -0.26, -0.252, -0.244, -0.236, -0.228, -0.22, -0.212, -0.204, -0.196, -0.188, -0.18, -0.172, -0.164, -0.156, -0.148, -0.14, -0.132, -0.124, -0.116, -0.108, -0.1, -0.092, -0.084, -0.076, -0.068, -0.06, -0.052, -0.044, -0.036, -0.028, -0.02, -0.012, -0.004, 0.004, 0.012, 0.02, 0.028, 0.036, 0.044, 0.052, 0.06, 0.068, 0.076, 0.084, 0.092, 0.092, 0.092, 0.092, 0.092, 0.092, 0.092, 0.092, 0.092, 0.092, 0.092, 0.092, 0.092, 0.092, 0.092, 0.092, 0.092, 0.092, 0.092, 0.092, 0.092]",None,None,"['left', 'right']","[0.8481365999996342, 1.6480809999993653]","[0.34388880000005884, 1.0079236000001401]",None,,,670.9735939999991,670.9887922999987,671.2388057999997,671.2223157999997,671.2244685999995,671.2388057999997,671.2388057999997,672.2388040999995,672.2388040999995,672.2223244999986,0,-3,,,,,,,670.9887922999987,670.9887922999987,670.9887922999987,670.9887922999987,670.9887922999987,670.9887922999987,670.9887922999987,,,,,,,,,,202605,,D,2026-08-12_18h59.12.320,valence_final_v2,2024.2.4,60,2026-08-12 18h59.30.846082 -0600,
15,15,0,5,2,curv_comp,199,2.9,0.18,3.0,-0.268,flat,flat_curv,-0.2,0.2,-0.18,pen,input_data/stims/Shape_2.90_3.00.png,input_data/stims/Shape_4.00_2.00.png,input_data/stims/Shape_0.00_2.00.png,-1,-1,-1.0,1.0,1,None,,,up,2.9350485000013578,None,None,None,['right'],[1.1333064999998896],[1.087947100000747],up,2.4773411999995005,None,2,0,2,0,0,15,15,39,672.2388040999995,,,,,,,,,,,,,,,,,672.2229111999986,0.000588400000196998,673.1067262999986,673.1071175999987,673.1217023999998,674.1222227999988,674.1056314999987,674.1060507999991,0.00042970000140485354,675.4407567999988,675.4425494999996,675.4555189999992,675.4555189999992,675.4555189999992,675.4555189999992,675.4555189999992,675.4555189999992,675.4555189999992,677.9399914999995,"[-0.268, -0.268, -0.268, -0.268, -0.268, -0.268, -0.268, -0.268, -0.268, -0.268, -0.268, -0.268, -0.268, -0.268, -0.268, -0.268, -0.268, -0.268, -0.268, -0.268, -0.268, -0.268, -0.268, -0.268, -0.268, -0.268, -0.268, -0.268, -0.268, -0.268, -0.268, -0.268, -0.268, -0.268, -0.268, -0.268, -0.268, -0.268, -0.268, -0.268, -0.268, -0.268, -0.268, -0.268, -0.268, -0.268, -0.268, -0.268, -0.268, -0.268, -0.268, -0.268, -0.268, -0.268, -0.268, -0.268, -0.268, -0.268, -0.268, -0.268, -0.268, -0.268, -0.268, -0.268, -0.268, -0.268, -0.268, -0.268, -0.268, -0.26, -0.252, -0.244, -0.236, -0.228, -0.22, -0.212, -0.204, -0.196, -0.188, -0.18, -0.172, -0.164, -0.156, -0.148, -0.14, -0.132, -0.124, -0.116, -0.108, -0.1, -0.092, -0.084, -0.076, -0.068, -0.06, -0.052, -0.044, -0.036, -0.028, -0.02, -0.012, -0.004, 0.004, 0.012, 0.02, 0.028, 0.036, 0.044, 0.052, 0.06, 0.068, 0.076, 0.084, 0.092, 0.1, 0.108, 0.116, 0.124, 0.132, 0.14, 0.148, 0.156, 0.164, 0.172, 0.18, 0.188, 0.196, 0.204, 0.212, 0.22, 0.228, 0.236, 0.244, 0.252, 0.26, 0.26, 0.26, 0.26, 0.26, 0.26, 0.26, 0.26, 0.26, 0.26, 0.26, 0.26, 0.26, 0.26, 0.26, 0.26, 0.26]",None,None,['right'],[1.1333064999998896],[1.087947100000747],up,2.4773411999995005,None,677.9404293999996,677.9556040999996,678.2056617999988,678.188657499999,678.1895023999987,678.2056617999988,678.2056617999988,679.2060893999987,679.2060893999987,679.1895784999997,0,-3,,,,,,,,,,,,,,,,,,,,,,,202605,,D,2026-08-12_18h59.12.320,valence_final_v2,2024.2.4,60,2026-08-12 18h59.30.846082 -0600,
16,16,0,5,2,curv_comp,198,2.9,0.18,1.0,0.344,flat,curv_flat,-0.2,-0.2,0.18,pen,input_data/stims/Shape_2.90_1.00.png,input_data/stims/Shape_0.00_2.00.png,input_data/stims/Shape_4.00_2.00.png,-1,1,1.0,-1.0,1,None,,,up,2.9350485000013578,None,None,None,['left'],[1.3476131000006717],[0.43204209999930754],up,2.051648299999215,None,2,0,2,0,0,16,16,38,679.2060893999987,,,,,,,,,,,,,,,,,679.1901742999999,0.0005970999991404824,680.2741389999992,680.2748338999991,680.2894765000001,681.2894975999989,681.2729999999992,681.2734177999992,0.00042919999941659626,682.6578613999991,682.6590575999999,682.6732088999997,682.6732088999997,682.6732088999997,682.6732088999997,682.6732088999997,682.6732088999997,682.6732088999997,684.7393702999998,"[0.344, 0.344, 0.344, 0.344, 0.344, 0.344, 0.344, 0.344, 0.344, 0.344, 0.344, 0.344, 0.344, 0.344, 0.344, 0.344, 0.344, 0.344, 0.344, 0.344, 0.344, 0.344, 0.344, 0.344, 0.344, 0.344, 0.344, 0.344, 0.344, 0.344, 0.344, 0.344, 0.344, 0.344, 0.344, 0.344, 0.344, 0.344, 0.344, 0.344, 0.344, 0.344, 0.344, 0.344, 0.344, 0.344, 0.344, 0.344, 0.344, 0.344, 0.344, 0.344, 0.344, 0.344, 0.344, 0.344, 0.344, 0.344, 0.344, 0.344, 0.344, 0.344, 0.344, 0.344, 0.344, 0.344, 0.344, 0.344, 0.344, 0.344, 0.344, 0.344, 0.344, 0.344, 0.344, 0.344, 0.344, 0.344, 0.344, 0.344, 0.344, 0.344, 0.336, 0.328, 0.32, 0.312, 0.304, 0.296, 0.288, 0.28, 0.272, 0.264, 0.256, 0.248, 0.24, 0.232, 0.224, 0.216, 0.208, 0.2, 0.192, 0.184, 0.176, 0.168, 0.16, 0.152, 0.144, 0.136, 0.136, 0.136, 0.136, 0.136, 0.136, 0.136, 0.136, 0.136, 0.136, 0.136, 0.136, 0.136, 0.136, 0.136, 0.136, 0.136, 0.136, 0.136]",None,None,['left'],[1.3476131000006717],[0.43204209999930754],up,2.051648299999215,None,684.7397892999998,684.754972499999,685.0049464999993,684.9884223999998,684.9888011999992,685.0049464999993,,686.0049882000003,,685.9885009999998,1,1,,,685.0049464999993,686.0049882000003,,,,,,,,,,,,,,,,,,,202605,,D,2026-08-12_18h59.12.320,valence_final_v2,2024.2.4,60,2026-08-12 18h59.30.846082 -0600,
17,17,0,5,2,curv_comp,178,0.9,-0.22,3.0,0.092,curv,curv_flat,-0.2,-0.2,-0.22,rew,input_data/stims/Shape_0.90_3.00.png,input_data/stims/Shape_0.00_2.00.png,input_data/stims/Shape_4.00_2.00.png,1,1,1.0,1.0,-1,None,,,up,2.9350485000013578,None,None,None,['left'],[1.009059399999387],[0.4880388000001403],up,2.097115799999301,None,2,0,2,0,0,17,17,18,686.0049882000003,,,,,,,,,,,,,,,,,685.9891054,0.000603999998929794,687.0727379999989,687.0731495999989,687.0883592999999,688.0884219999989,688.0719102999992,688.0723557000001,0.0004566999996313825,689.3564706999987,689.3578452000002,689.3717567000003,689.3717567000003,689.3717567000003,689.3717567000003,689.3717567000003,689.3717567000003,689.3717567000003,691.4730507000004,"[0.092, 0.092, 0.092, 0.092, 0.092, 0.092, 0.092, 0.092, 0.092, 0.092, 0.092, 0.092, 0.092, 0.092, 0.092, 0.092, 0.092, 0.092, 0.092, 0.092, 0.092, 0.092, 0.092, 0.092, 0.092, 0.092, 0.092, 0.092, 0.092, 0.092, 0.092, 0.092, 0.092, 0.092, 0.092, 0.092, 0.092, 0.092, 0.092, 0.092, 0.092, 0.092, 0.092, 0.092, 0.092, 0.092, 0.092, 0.092, 0.092, 0.092, 0.092, 0.092, 0.092, 0.092, 0.092, 0.092, 0.092, 0.092, 0.092, 0.092, 0.092, 0.092, 0.084, 0.076, 0.068, 0.06, 0.052, 0.044, 0.036, 0.028, 0.02, 0.012, 0.004, -0.004, -0.012, -0.02, -0.028, -0.036, -0.044, -0.052, -0.06, -0.068, -0.076, -0.084, -0.092, -0.1, -0.108, -0.116, -0.124, -0.132, -0.14, -0.14, -0.14, -0.14, -0.14, -0.14, -0.14, -0.14, -0.14, -0.14, -0.14, -0.14, -0.14, -0.14, -0.14, -0.14, -0.14, -0.14, -0.14, -0.14, -0.14, -0.14, -0.14, -0.14, -0.14, -0.14, -0.14, -0.14, -0.14, -0.14, -0.14, -0.14, -0.14, -0.14, -0.14, -0.14, -0.14, -0.14]",None,None,['left'],[1.009059399999387],[0.4880388000001403],up,2.097115799999301,None,691.4735227000001,691.4885013999992,691.7384822000004,691.7219351999993,691.7223231999997,691.7384822000004,,692.7385052999998,,692.7220858000001,0,-1,,,,,691.7384822000004,692.7385052999998,,,,,,,,,,,,,,,,,202605,,D,2026-08-12_18h59.12.320,valence_final_v2,2024.2.4,60,2026-08-12 18h59.30.846082 -0600,
18,18,0,5,2,curv_comp,190,2.1,0.02,3.0,0.388,flat,curv_flat,-0.2,-0.2,0.02,pen,input_data/stims/Shape_2.10_3.00.png,input_data/stims/Shape_0.00_2.00.png,input_data/stims/Shape_4.00_2.00.png,-1,1,1.0,1.0,1,None,,,up,2.9350485000013578,None,None,None,['left'],[1.0095751999997447],[1.0320537999996304],up,2.225550799999837,None,2,0,2,0,0,18,18,30,692.7385052999998,,,,,,,,,,,,,,,,,692.7227059999987,0.0006207999995240243,693.7571085,693.7574857999989,693.7718871999987,694.7718827999997,694.7553489999991,694.755768699999,0.0004300999989936827,696.140082599999,696.1417082999997,696.1552622999989,696.1552622999989,696.1552622999989,696.1552622999989,696.1552622999989,696.1552622999989,696.1552622999989,698.3898418999997,"[0.388, 0.388, 0.388, 0.388, 0.388, 0.388, 0.388, 0.388, 0.388, 0.388, 0.388, 0.388, 0.388, 0.388, 0.388, 0.388, 0.388, 0.388, 0.388, 0.388, 0.388, 0.388, 0.388, 0.388, 0.388, 0.388, 0.388, 0.388, 0.388, 0.388, 0.388, 0.388, 0.388, 0.388, 0.388, 0.388, 0.388, 0.388, 0.388, 0.388, 0.388, 0.388, 0.388, 0.388, 0.388, 0.388, 0.388, 0.388, 0.388, 0.388, 0.388, 0.388, 0.388, 0.388, 0.388, 0.388, 0.388, 0.388, 0.388, 0.388, 0.388, 0.388, 0.38, 0.372, 0.364, 0.356, 0.348, 0.34, 0.332, 0.324, 0.316, 0.308, 0.3, 0.292, 0.284, 0.276, 0.268, 0.26, 0.252, 0.244, 0.236, 0.228, 0.22, 0.212, 0.204, 0.196, 0.188, 0.18, 0.172, 0.164, 0.156, 0.148, 0.14, 0.132, 0.124, 0.116, 0.108, 0.1, 0.092, 0.084, 0.076, 0.068, 0.06, 0.052, 0.044, 0.036, 0.028, 0.02, 0.012, 0.004, -0.004, -0.012, -0.02, -0.028, -0.036, -0.044, -0.052, -0.06, -0.068, -0.076, -0.084, -0.092, -0.1, -0.108, -0.108, -0.108, -0.108, -0.108, -0.108, -0.108, -0.108, -0.108, -0.108, -0.108, -0.108, -0.108]",None,None,['left'],[1.0095751999997447],[1.0320537999996304],up,2.225550799999837,None,698.390313599999,698.4053167000002,698.6553220999995,698.638787599999,698.6391645000003,698.6553220999995,,699.6553447999995,,699.6388331999988,1,1,,,698.6553220999995,699.6553447999995,,,,,,,,,,,,,,,,,,,202605,,D,2026-08-12_18h59.12.320,valence_final_v2,2024.2.4,60,2026-08-12 18h59.30.846082 -0600,
19,19,0,5,2,curv_comp,174,0.7,-0.26,1.0,-0.34,curv,curv_flat,-0.2,-0.2,-0.26,rew,input_data/stims/Shape_0.70_1.00.png,input_data/stims/Shape_0.00_2.00.png,input_data/stims/Shape_4.00_2.00.png,1,1,-1.0,-1.0,-1,None,,,up,2.9350485000013578,None,None,None,['right'],[0.654838499998732],[0.5037757000009151],up,1.4947836999999708,None,2,0,2,0,0,19,19,14,699.6553447999995,,,,,,,,,,,,,,,,,699.6394615999998,0.000628800000413321,700.7241823999993,700.7247047000001,700.7387589999998,701.7387437999987,701.7222155999989,701.7226326999989,0.00042860000030486844,703.2070803999995,703.2083793000002,703.2221288000001,703.2221288000001,703.2221288000001,703.2221288000001,703.2221288000001,703.2221288000001,703.2221288000001,704.7232060999995,"[-0.34, -0.34, -0.34, -0.34, -0.34, -0.34, -0.34, -0.34, -0.34, -0.34, -0.34, -0.34, -0.34, -0.34, -0.34, -0.34, -0.34, -0.34, -0.34, -0.34, -0.34, -0.34, -0.34, -0.34, -0.34, -0.34, -0.34, -0.34, -0.34, -0.34, -0.34, -0.34, -0.34, -0.34, -0.34, -0.34, -0.34, -0.34, -0.34, -0.34, -0.34, -0.332, -0.324, -0.316, -0.308, -0.3, -0.292, -0.284, -0.276, -0.268, -0.26, -0.252, -0.244, -0.236, -0.228, -0.22, -0.212, -0.204, -0.196, -0.188, -0.18, -0.172, -0.164, -0.156, -0.148, -0.14, -0.132, -0.124, -0.116, -0.108, -0.1, -0.1, -0.1, -0.1, -0.1, -0.1, -0.1, -0.1, -0.1, -0.1, -0.1, -0.1, -0.1, -0.1, -0.1, -0.1, -0.1, -0.1, -0.1, -0.1, -0.1, -0.1]",None,None,['right'],[0.654838499998732],[0.5037757000009151],up,1.4947836999999708,None,704.723600199999,704.7388391999993,704.9888394999998,704.9722947999999,704.9726706999991,704.9888394999998,,705.9888586999987,,705.972342699999,0,-1,,,,,704.9888394999998,705.9888586999987,,,,,,,,,,,,,,,,,202605,,D,2026-08-12_18h59.12.320,valence_final_v2,2024.2.4,60,2026-08-12 18h59.30.846082 -0600,
20,20,0,5,2,curv_comp,165,0.3,-0.34,1.0,-0.216,curv,flat_curv,-0.2,0.2,0.34,rew,input_data/stims/Shape_0.30_1.00.png,input_data/stims/Shape_4.00_2.00.png,input_data/stims/Shape_0.00_2.00.png,1,-1,-1.0,-1.0,-1,None,,,up,2.9350485000013578,None,None,None,['left'],[0.893221899999844],[0.3519990000004327],None,,,2,0,2,0,0,20,20,5,705.9888586999987,,,,,,,,,,,,,,,,,705.9729584999986,0.0006180999989737757,707.0577744999991,707.0581705000004,707.0722370000003,708.0723036999989,708.0558228999998,708.0562687000001,0.00045169999975769315,709.4400425000003,709.4413452999997,709.455636499999,709.455636499999,709.455636499999,709.455636499999,709.455636499999,709.455636499999,709.455636499999,712.4399254,"[-0.216, -0.216, -0.216, -0.216, -0.216, -0.216, -0.216, -0.216, -0.216, -0.216, -0.216, -0.216, -0.216, -0.216, -0.216, -0.216, -0.216, -0.216, -0.216, -0.216, -0.216, -0.216, -0.216, -0.216, -0.216, -0.216, -0.216, -0.216, -0.216, -0.216, -0.216, -0.216, -0.216, -0.216, -0.216, -0.216, -0.216, -0.216, -0.216, -0.216, -0.216, -0.216, -0.216, -0.216, -0.216, -0.216, -0.216, -0.216, -0.216, -0.216, -0.216, -0.216, -0.216, -0.216, -0.216, -0.224, -0.232, -0.24, -0.248, -0.256, -0.264, -0.272, -0.28, -0.288, -0.296, -0.304, -0.312, -0.32, -0.328, -0.336, -0.344, -0.352, -0.36, -0.368, -0.376, -0.384, -0.384, -0.384, -0.384, -0.384, -0.384, -0.384, -0.384, -0.384, -0.384, -0.384, -0.384, -0.384, -0.384, -0.384, -0.384, -0.384, -0.384, -0.384, -0.384, -0.384, -0.384, -0.384, -0.384, -0.384, -0.384, -0.384, -0.384, -0.384, -0.384, -0.384, -0.384, -0.384, -0.384, -0.384, -0.384, -0.384, -0.384, -0.384, -0.384, -0.384, -0.384, -0.384, -0.384, -0.384, -0.384, -0.384, -0.384, -0.384, -0.384, -0.384, -0.384, -0.384, -0.384, -0.384, -0.384, -0.384, -0.384, -0.384, -0.384, -0.384, -0.384, -0.384, -0.384, -0.384, -0.384, -0.384, -0.384, -0.384, -0.384, -0.384, -0.384, -0.384, -0.384, -0.384, -0.384, -0.384, -0.384, -0.384, -0.384, -0.384, -0.384, -0.384, -0.384, -0.384, -0.384, -0.384, -0.384, -0.384, -0.384, -0.384, -0.384, -0.384, -0.384, -0.384, -0.384, -0.384, -0.384, -0.384, -0.384, -0.384, -0.384, -0.384, -0.384, -0.384, -0.384]",None,None,['left'],[0.893221899999844],[0.3519990000004327],None,,,712.4404795999999,712.4557045999991,712.7057160999993,712.6891844000002,712.691534399999,712.7057160999993,,713.7057382999992,,713.6892511999995,0,-1,,,,,712.7057160999993,713.7057382999992,712.4557045999991,712.4557045999991,712.4557045999991,712.4557045999991,712.4557045999991,712.4557045999991,712.4557045999991,,,,,,,,,,202605,,D,2026-08-12_18h59.12.320,valence_final_v2,2024.2.4,60,2026-08-12 18h59.30.846082 -0600,
21,21,0,5,2,curv_comp,169,0.5,-0.3,1.0,-0.268,curv,flat_curv,-0.2,0.2,0.3,rew,input_data/stims/Shape_0.50_1.00.png,input_data/stims/Shape_4.00_2.00.png,input_data/stims/Shape_0.00_2.00.png,1,-1,-1.0,-1.0,-1,None,,,up,2.9350485000013578,None,None,None,['right'],[0.812329200000022],[1.1519356999997399],up,2.276330999999118,None,2,0,2,0,0,21,21,9,713.7057382999992,,,,,,,,,,,,,,,,,713.6899010999987,0.0006527999994432321,714.7244302999989,714.7250401999991,714.739120799999,715.7391272000004,715.7225937999992,715.7230233999999,0.0004415000003064051,717.057735299999,717.0590355999993,717.0725246000002,717.0725246000002,717.0725246000002,717.0725246000002,717.0725246000002,717.0725246000002,717.0725246000002,719.3569098999997,"[-0.268, -0.268, -0.268, -0.268, -0.268, -0.268, -0.268, -0.268, -0.268, -0.268, -0.268, -0.268, -0.268, -0.268, -0.268, -0.268, -0.268, -0.268, -0.268, -0.268, -0.268, -0.268, -0.268, -0.268, -0.268, -0.268, -0.268, -0.268, -0.268, -0.268, -0.268, -0.268, -0.268, -0.268, -0.268, -0.268, -0.268, -0.268, -0.268, -0.268, -0.268, -0.268, -0.268, -0.268, -0.268, -0.268, -0.268, -0.268, -0.268, -0.268, -0.26, -0.252, -0.244, -0.236, -0.228, -0.22, -0.212, -0.204, -0.196, -0.188, -0.18, -0.172, -0.164, -0.156, -0.148, -0.14, -0.132, -0.124, -0.116, -0.108, -0.1, -0.092, -0.084, -0.076, -0.068, -0.06, -0.052, -0.044, -0.036, -0.028, -0.02, -0.012, -0.004, 0.004, 0.012, 0.02, 0.028, 0.036, 0.044, 0.052, 0.06, 0.068, 0.076, 0.084, 0.092, 0.1, 0.108, 0.116, 0.124, 0.132, 0.14, 0.148, 0.156, 0.164, 0.172, 0.18, 0.188, 0.196, 0.204, 0.212, 0.22, 0.228, 0.236, 0.244, 0.252, 0.26, 0.268, 0.276, 0.284, 0.284, 0.284, 0.284, 0.284, 0.284, 0.284, 0.284, 0.284, 0.284, 0.284, 0.284, 0.284, 0.284, 0.284, 0.284, 0.284, 0.284, 0.284, 0.284, 0.284]",None,None,['right'],[0.812329200000022],[1.1519356999997399],up,2.276330999999118,None,719.3573235999993,719.3725775000003,719.6225752999999,719.6060638999988,719.6068995999995,719.6225752999999,,720.6226112000004,,720.6061106999987,1,3,719.6225752999999,720.6226112000004,,,,,,,,,,,,,,,,,,,,,202605,,D,2026-08-12_18h59.12.320,valence_final_v2,2024.2.4,60,2026-08-12 18h59.30.846082 -0600,
22,22,0,5,2,curv_comp,179,0.9,-0.22,3.0,-0.376,curv,flat_curv,-0.2,0.2,0.22,rew,input_data/stims/Shape_0.90_3.00.png,input_data/stims/Shape_4.00_2.00.png,input_data/stims/Shape_0.00_2.00.png,1,-1,-1.0,1.0,-1,None,,,up,2.9350485000013578,None,None,None,"['right', 'left']","[0.5934761999997136, 2.169488800000181]","[0.7840106000003289, 0.3519441000007646]",None,,,2,0,2,0,0,22,22,19,720.6226112000004,,,,,,,,,,,,,,,,,720.6067839999996,0.0006749000003765104,721.6413634,721.6418087999991,721.6559749999997,722.6559832000003,722.6394885999998,722.6399146999993,0.00043709999954444356,724.1235428999989,724.1248639999994,724.1393714999995,724.1393714999995,724.1393714999995,724.1393714999995,724.1393714999995,724.1393714999995,724.1393714999995,727.1238507999988,"[-0.376, -0.376, -0.376, -0.376, -0.376, -0.376, -0.376, -0.376, -0.376, -0.376, -0.376, -0.376, -0.376, -0.376, -0.376, -0.376, -0.376, -0.376, -0.376, -0.376, -0.376, -0.376, -0.376, -0.376, -0.376, -0.376, -0.376, -0.376, -0.376, -0.376, -0.376, -0.376, -0.376, -0.376, -0.376, -0.376, -0.376, -0.368, -0.36, -0.352, -0.344, -0.336, -0.328, -0.32, -0.312, -0.304, -0.296, -0.288, -0.28, -0.272, -0.264, -0.256, -0.248, -0.24, -0.232, -0.224, -0.216, -0.208, -0.2, -0.192, -0.184, -0.176, -0.168, -0.16, -0.152, -0.144, -0.136, -0.128, -0.12, -0.112, -0.104, -0.096, -0.088, -0.08, -0.072, -0.064, -0.056, -0.048, -0.04, -0.032, -0.024, -0.016, -0.008, 0.0, 0.0, 0.0, 0.0, 0.0, 0.0, 0.0, 0.0, 0.0, 0.0, 0.0, 0.0, 0.0, 0.0, 0.0, 0.0, 0.0, 0.0, 0.0, 0.0, 0.0, 0.0, 0.0, 0.0, 0.0, 0.0, 0.0, 0.0, 0.0, 0.0, 0.0, 0.0, 0.0, 0.0, 0.0, 0.0, 0.0, 0.0, 0.0, 0.0, 0.0, 0.0, 0.0, 0.0, 0.0, 0.0, 0.0, 0.0, 0.0, -0.008, -0.016, -0.024, -0.032, -0.04, -0.048, -0.056, -0.064, -0.072, -0.08, -0.088, -0.096, -0.104, -0.112, -0.12, -0.128, -0.136, -0.144, -0.152, -0.16, -0.168, -0.168, -0.168, -0.168, -0.168, -0.168, -0.168, -0.168, -0.168, -0.168, -0.168, -0.168, -0.168, -0.168, -0.168, -0.168, -0.168, -0.168, -0.168, -0.168, -0.168, -0.168, -0.168, -0.168, -0.168, -0.168, -0.168, -0.168, -0.168]",None,None,"['right', 'left']","[0.5934761999997136, 2.169488800000181]","[0.7840106000003289, 0.3519441000007646]",None,,,727.1243999999988,727.1394677999997,727.389468899999,727.3729838999989,727.3751154000001,727.389468899999,,728.3894906999994,,728.3729942999998,0,-1,,,,,727.389468899999,728.3894906999994,727.1394677999997,727.1394677999997,727.1394677999997,727.1394677999997,727.1394677999997,727.1394677999997,727.1394677999997,,,,,,,,,,202605,,D,2026-08-12_18h59.12.320,valence_final_v2,2024.2.4,60,2026-08-12 18h59.30.846082 -0600,
23,23,0,5,2,curv_comp,170,0.5,-0.3,1.0,-0.064,curv,curv_flat,-0.2,-0.2,-0.3,rew,input_data/stims/Shape_0.50_1.00.png,input_data/stims/Shape_0.00_2.00.png,input_data/stims/Shape_4.00_2.00.png,1,1,1.0,-1.0,-1,None,,,up,2.9350485000013578,None,None,None,['left'],[1.036195200000293],[0.3200336000008974],up,2.284267799999725,None,2,0,2,0,0,23,23,10,728.3894906999994,,,,,,,,,,,,,,,,,728.3735961000002,0.0006021999997756211,729.4087347999994,729.4091853999998,729.4228813999998,730.4228833999987,730.4063712999996,730.4068102000001,0.0004492999996728031,731.8415848000004,731.8429902999997,731.8566085000002,731.8566085000002,731.8566085000002,731.8566085000002,731.8566085000002,731.8566085000002,731.8566085000002,734.1578957999991,"[-0.064, -0.064, -0.064, -0.064, -0.064, -0.064, -0.064, -0.064, -0.064, -0.064, -0.064, -0.064, -0.064, -0.064, -0.064, -0.064, -0.064, -0.064, -0.064, -0.064, -0.064, -0.064, -0.064, -0.064, -0.064, -0.064, -0.064, -0.064, -0.064, -0.064, -0.064, -0.064, -0.064, -0.064, -0.064, -0.064, -0.064, -0.064, -0.064, -0.064, -0.064, -0.064, -0.064, -0.064, -0.064, -0.064, -0.064, -0.064, -0.064, -0.064, -0.064, -0.064, -0.064, -0.064, -0.064, -0.064, -0.064, -0.064, -0.064, -0.064, -0.064, -0.064, -0.064, -0.064, -0.072, -0.08, -0.088, -0.096, -0.104, -0.112, -0.12, -0.128, -0.136, -0.144, -0.152, -0.16, -0.168, -0.176, -0.184, -0.192, -0.2, -0.208, -0.216, -0.216, -0.216, -0.216, -0.216, -0.216, -0.216, -0.216, -0.216, -0.216, -0.216, -0.216, -0.216, -0.216, -0.216, -0.216, -0.216, -0.216, -0.216, -0.216, -0.216, -0.216, -0.216, -0.216, -0.216, -0.216, -0.216, -0.216, -0.216, -0.216, -0.216, -0.216, -0.216, -0.216, -0.216, -0.216, -0.216, -0.216, -0.216, -0.216, -0.216, -0.216, -0.216, -0.216, -0.216, -0.216, -0.216, -0.216, -0.216, -0.216, -0.216, -0.216, -0.216, -0.216, -0.216, -0.216, -0.216, -0.216]",None,None,['left'],[1.036195200000293],[0.3200336000008974],up,2.284267799999725,None,734.1583042000002,734.1735339999996,734.4234968000001,734.4069746999994,734.4078152999991,734.4234968000001,,735.4235250000002,,735.4070562999987,1,3,734.4234968000001,735.4235250000002,,,,,,,,,,,,,,,,,,,,,202605,,D,2026-08-12_18h59.12.320,valence_final_v2,2024.2.4,60,2026-08-12 18h59.30.846082 -0600,
24,24,0,5,2,curv_comp,194,2.5,0.1,1.0,-0.392,flat,curv_flat,-0.2,-0.2,0.1,pen,input_data/stims/Shape_2.50_1.00.png,input_data/stims/Shape_0.00_2.00.png,input_data/stims/Shape_4.00_2.00.png,-1,1,-1.0,-1.0,1,None,,,up,2.9350485000013578,None,None,None,['right'],[0.7641480999991472],[1.2079130000001896],up,2.1562307000003784,None,2,0,2,0,0,24,24,34,735.4235250000002,,,,,,,,,,,,,,,,,735.4076623000001,0.0006088999998610234,736.3417231999993,736.342529399999,736.3569043999996,737.3572998999989,737.3407613999989,737.3411985000002,0.00044770000022253953,738.6255108999994,738.6268113999995,738.6407027999994,738.6407027999994,738.6407027999994,738.6407027999994,738.6407027999994,738.6407027999994,738.6407027999994,740.8087763000003,"[-0.392, -0.392, -0.392, -0.392, -0.392, -0.392, -0.392, -0.392, -0.392, -0.392, -0.392, -0.392, -0.392, -0.392, -0.392, -0.392, -0.392, -0.392, -0.392, -0.392, -0.392, -0.392, -0.392, -0.392, -0.392, -0.392, -0.392, -0.392, -0.392, -0.392, -0.392, -0.392, -0.392, -0.392, -0.392, -0.392, -0.392, -0.392, -0.392, -0.392, -0.392, -0.392, -0.392, -0.392, -0.392, -0.392, -0.392, -0.384, -0.376, -0.368, -0.36, -0.352, -0.344, -0.336, -0.328, -0.32, -0.312, -0.304, -0.296, -0.288, -0.28, -0.272, -0.264, -0.256, -0.248, -0.24, -0.232, -0.224, -0.216, -0.208, -0.2, -0.192, -0.184, -0.176, -0.168, -0.16, -0.152, -0.144, -0.136, -0.128, -0.12, -0.112, -0.104, -0.096, -0.088, -0.08, -0.072, -0.064, -0.056, -0.048, -0.04, -0.032, -0.024, -0.016, -0.008, 0.0, 0.008, 0.016, 0.024, 0.032, 0.04, 0.048, 0.056, 0.064, 0.072, 0.08, 0.088, 0.096, 0.104, 0.112, 0.12, 0.128, 0.136, 0.144, 0.152, 0.16, 0.168, 0.176, 0.184, 0.192, 0.192, 0.192, 0.192, 0.192, 0.192, 0.192, 0.192, 0.192, 0.192, 0.192, 0.192, 0.192]",None,None,['right'],[0.7641480999991472],[1.2079130000001896],up,2.1562307000003784,None,740.8091996999992,740.8244579000002,741.0745164999989,741.0578910000004,741.0582658000003,741.0745164999989,,742.0745444000004,,742.0579804999998,1,1,,,741.0745164999989,742.0745444000004,,,,,,,,,,,,,,,,,,,202605,,D,2026-08-12_18h59.12.320,valence_final_v2,2024.2.4,60,2026-08-12 18h59.30.846082 -0600,
25,25,0,5,2,curv_comp,197,2.7,0.14,3.0,-0.056,flat,flat_curv,-0.2,0.2,-0.14,pen,input_data/stims/Shape_2.70_3.00.png,input_data/stims/Shape_4.00_2.00.png,input_data/stims/Shape_0.00_2.00.png,-1,-1,-1.0,1.0,1,None,,,up,2.9350485000013578,None,None,None,['left'],[1.461312800000087],[0.328008200000113],up,2.3012531000003946,None,2,0,2,0,0,25,25,37,742.0745444000004,,,,,,,,,,,,,,,,,742.0586129000003,0.000628800000413321,742.9936825000004,742.9941139000002,743.0087769000002,744.0078985,743.9913419999993,743.9917618,0.0004303999994590413,745.375501999999,745.3771983999995,745.3915471,745.3915471,745.3915471,745.3915471,745.3915471,745.3915471,745.3915471,747.7091787999998,"[-0.056, -0.056, -0.056, -0.056, -0.056, -0.056, -0.056, -0.056, -0.056, -0.056, -0.056, -0.056, -0.056, -0.056, -0.056, -0.056, -0.056, -0.056, -0.056, -0.056, -0.056, -0.056, -0.056, -0.056, -0.056, -0.056, -0.056, -0.056, -0.056, -0.056, -0.056, -0.056, -0.056, -0.056, -0.056, -0.056, -0.056, -0.056, -0.056, -0.056, -0.056, -0.056, -0.056, -0.056, -0.056, -0.056, -0.056, -0.056, -0.056, -0.056, -0.056, -0.056, -0.056, -0.056, -0.056, -0.056, -0.056, -0.056, -0.056, -0.056, -0.056, -0.056, -0.056, -0.056, -0.056, -0.056, -0.056, -0.056, -0.056, -0.056, -0.056, -0.056, -0.056, -0.056, -0.056, -0.056, -0.056, -0.056, -0.056, -0.056, -0.056, -0.056, -0.056, -0.056, -0.056, -0.056, -0.056, -0.056, -0.056, -0.064, -0.072, -0.08, -0.088, -0.096, -0.104, -0.112, -0.12, -0.128, -0.136, -0.144, -0.152, -0.16, -0.168, -0.176, -0.184, -0.192, -0.2, -0.208, -0.216, -0.216, -0.216, -0.216, -0.216, -0.216, -0.216, -0.216, -0.216, -0.216, -0.216, -0.216, -0.216, -0.216, -0.216, -0.216, -0.216, -0.216, -0.216, -0.216, -0.216, -0.216, -0.216, -0.216, -0.216, -0.216, -0.216, -0.216, -0.216, -0.216, -0.216, -0.216, -0.216]",None,None,['left'],[1.461312800000087],[0.328008200000113],up,2.3012531000003946,None,747.7096062,747.7246562,747.9746646999993,747.9581161999995,747.9584877999987,747.9746646999993,,748.9737659000002,,748.957794599999,1,1,,,747.9746646999993,748.9737659000002,,,,,,,,,,,,,,,,,,,202605,,D,2026-08-12_18h59.12.320,valence_final_v2,2024.2.4,60,2026-08-12 18h59.30.846082 -0600,
26,26,0,5,2,curv_comp,195,2.5,0.1,3.0,0.272,flat,flat_curv,-0.2,0.2,-0.1,pen,input_data/stims/Shape_2.50_3.00.png,input_data/stims/Shape_4.00_2.00.png,input_data/stims/Shape_0.00_2.00.png,-1,-1,1.0,1.0,1,None,,,up,2.9350485000013578,None,None,None,['left'],[0.8995610000001761],[0.8001563000016176],up,1.9395099000012124,None,2,0,2,0,0,26,26,35,748.9737659000002,,,,,,,,,,,,,,,,,748.9584034999989,0.0006124000010458985,749.8931570999994,749.8939095999995,749.9076721000001,750.9075942999989,750.8911420000004,750.8915579999993,0.000426500000685337,752.2266856999995,752.2280094999987,752.2412857999989,752.2412857999989,752.2412857999989,752.2412857999989,752.2412857999989,752.2412857999989,752.2412857999989,754.1920678999995,"[0.272, 0.272, 0.272, 0.272, 0.272, 0.272, 0.272, 0.272, 0.272, 0.272, 0.272, 0.272, 0.272, 0.272, 0.272, 0.272, 0.272, 0.272, 0.272, 0.272, 0.272, 0.272, 0.272, 0.272, 0.272, 0.272, 0.272, 0.272, 0.272, 0.272, 0.272, 0.272, 0.272, 0.272, 0.272, 0.272, 0.272, 0.272, 0.272, 0.272, 0.272, 0.272, 0.272, 0.272, 0.272, 0.272, 0.272, 0.272, 0.272, 0.272, 0.272, 0.272, 0.272, 0.272, 0.272, 0.272, 0.264, 0.256, 0.248, 0.24, 0.232, 0.224, 0.216, 0.208, 0.2, 0.192, 0.184, 0.176, 0.168, 0.16, 0.152, 0.144, 0.136, 0.128, 0.12, 0.112, 0.104, 0.096, 0.088, 0.08, 0.072, 0.064, 0.056, 0.048, 0.04, 0.032, 0.024, 0.016, 0.008, 0.0, -0.008, -0.016, -0.024, -0.032, -0.04, -0.048, -0.056, -0.064, -0.072, -0.08, -0.088, -0.096, -0.104, -0.104, -0.104, -0.104, -0.104, -0.104, -0.104, -0.104, -0.104, -0.104, -0.104, -0.104, -0.104, -0.104, -0.104, -0.104, -0.104]",None,None,['left'],[0.8995610000001761],[0.8001563000016176],up,1.9395099000012124,None,754.1925315999997,754.2077559999998,754.4577755999999,754.4411456999987,754.4415196999998,754.4577755999999,,755.4578306000003,,755.4412097000004,1,1,,,754.4577755999999,755.4578306000003,,,,,,,,,,,,,,,,,,,202605,,D,2026-08-12_18h59.12.320,valence_final_v2,2024.2.4,60,2026-08-12 18h59.30.846082 -0600,
27,27,0,5,2,curv_comp,168,0.5,-0.3,1.0,-0.172,curv,curv_flat,-0.2,-0.2,-0.3,rew,input_data/stims/Shape_0.50_1.00.png,input_data/stims/Shape_0.00_2.00.png,input_data/stims/Shape_4.00_2.00.png,1,1,1.0,-1.0,-1,None,,,up,2.9350485000013578,None,None,None,['left'],[1.5163092999991932],[0.3040470000014466],None,,,2,0,2,0,0,27,27,8,755.4578306000003,,,,,,,,,,,,,,,,,755.4418059999989,0.000599000000875094,756.325517199999,756.3259269999999,756.3411454999987,757.3411727999992,757.3245819999993,757.3249969999997,0.00042439999924681615,758.8093909999989,758.810719699999,758.8244631999987,758.8244631999987,758.8244631999987,758.8244631999987,758.8244631999987,758.8244631999987,758.8244631999987,761.8088831999994,"[-0.172, -0.172, -0.172, -0.172, -0.172, -0.172, -0.172, -0.172, -0.172, -0.172, -0.172, -0.172, -0.172, -0.172, -0.172, -0.172, -0.172, -0.172, -0.172, -0.172, -0.172, -0.172, -0.172, -0.172, -0.172, -0.172, -0.172, -0.172, -0.172, -0.172, -0.172, -0.172, -0.172, -0.172, -0.172, -0.172, -0.172, -0.172, -0.172, -0.172, -0.172, -0.172, -0.172, -0.172, -0.172, -0.172, -0.172, -0.172, -0.172, -0.172, -0.172, -0.172, -0.172, -0.172, -0.172, -0.172, -0.172, -0.172, -0.172, -0.172, -0.172, -0.172, -0.172, -0.172, -0.172, -0.172, -0.172, -0.172, -0.172, -0.172, -0.172, -0.172, -0.172, -0.172, -0.172, -0.172, -0.172, -0.172, -0.172, -0.172, -0.172, -0.172, -0.172, -0.172, -0.172, -0.172, -0.172, -0.172, -0.172, -0.172, -0.172, -0.172, -0.18, -0.188, -0.196, -0.204, -0.212, -0.22, -0.228, -0.236, -0.244, -0.252, -0.26, -0.268, -0.276, -0.284, -0.292, -0.3, -0.308, -0.316, -0.324, -0.324, -0.324, -0.324, -0.324, -0.324, -0.324, -0.324, -0.324, -0.324, -0.324, -0.324, -0.324, -0.324, -0.324, -0.324, -0.324, -0.324, -0.324, -0.324, -0.324, -0.324, -0.324, -0.324, -0.324, -0.324, -0.324, -0.324, -0.324, -0.324, -0.324, -0.324, -0.324, -0.324, -0.324, -0.324, -0.324, -0.324, -0.324, -0.324, -0.324, -0.324, -0.324, -0.324, -0.324, -0.324, -0.324, -0.324, -0.324, -0.324, -0.324, -0.324, -0.324, -0.324, -0.324, -0.324, -0.324, -0.324, -0.324, -0.324, -0.324, -0.324, -0.324, -0.324, -0.324, -0.324, -0.324, -0.324, -0.324, -0.324, -0.324]",None,None,['left'],[1.5163092999991932],[0.3040470000014466],None,,,761.8094397000004,761.8245226999989,762.0747118999989,762.0580308999997,762.0601819999993,762.0747118999989,,763.0741811999997,,763.0576930999996,0,-1,,,,,762.0747118999989,763.0741811999997,761.8245226999989,761.8245226999989,761.8245226999989,761.8245226999989,761.8245226999989,761.8245226999989,761.8245226999989,,,,,,,,,,202605,,D,2026-08-12_18h59.12.320,valence_final_v2,2024.2.4,60,2026-08-12 18h59.30.846082 -0600,
28,28,0,5,2,curv_comp,191,2.1,0.02,3.0,-0.36,flat,flat_curv,-0.2,0.2,-0.02,pen,input_data/stims/Shape_2.10_3.00.png,input_data/stims/Shape_4.00_2.00.png,input_data/stims/Shape_0.00_2.00.png,-1,-1,-1.0,1.0,1,None,,,up,2.9350485000013578,None,None,None,"['right', 'right']","[0.9693244999998569, 1.369309499999872]","[0.36801609999929497, 0.1760525999998208]",up,1.8974099999995815,None,2,0,2,0,0,28,28,31,763.0741811999997,,,,,,,,,,,,,,,,,763.0583104999987,0.0006205000008776551,763.9927604999993,763.9935538999998,764.0080393999997,765.008041699999,764.9914967000004,764.9919914000002,0.0005065999994258163,766.2768103999988,766.2780915000003,766.2914609999989,766.2914609999989,766.2914609999989,766.2914609999989,766.2914609999989,766.2914609999989,766.2914609999989,768.1925276999991,"[-0.36, -0.36, -0.36, -0.36, -0.36, -0.36, -0.36, -0.36, -0.36, -0.36, -0.36, -0.36, -0.36, -0.36, -0.36, -0.36, -0.36, -0.36, -0.36, -0.36, -0.36, -0.36, -0.36, -0.36, -0.36, -0.36, -0.36, -0.36, -0.36, -0.36, -0.36, -0.36, -0.36, -0.36, -0.36, -0.36, -0.36, -0.36, -0.36, -0.36, -0.36, -0.36, -0.36, -0.36, -0.36, -0.36, -0.36, -0.36, -0.36, -0.36, -0.36, -0.36, -0.36, -0.36, -0.36, -0.36, -0.36, -0.36, -0.36, -0.36, -0.352, -0.344, -0.336, -0.328, -0.32, -0.312, -0.304, -0.296, -0.288, -0.28, -0.272, -0.264, -0.256, -0.248, -0.24, -0.232, -0.224, -0.216, -0.208, -0.2, -0.192, -0.184, -0.184, -0.184, -0.176, -0.168, -0.16, -0.152, -0.144, -0.136, -0.128, -0.12, -0.112, -0.104, -0.104, -0.104, -0.104, -0.104, -0.104, -0.104, -0.104, -0.104, -0.104, -0.104, -0.104, -0.104, -0.104, -0.104, -0.104, -0.104, -0.104, -0.104, -0.104, -0.104, -0.104, -0.104]",None,None,"['right', 'right']","[0.9693244999998569, 1.369309499999872]","[0.36801609999929497, 0.1760525999998208]",up,1.8974099999995815,None,768.1929362999999,768.2081344999988,768.4581576,768.4415919999992,768.4424251,768.4581576,,769.458209299999,,769.4416858999994,1,1,,,768.4581576,769.458209299999,,,,,,,,,,,,,,,,,,,202605,,D,2026-08-12_18h59.12.320,valence_final_v2,2024.2.4,60,2026-08-12 18h59.30.846082 -0600,
29,29,0,5,2,curv_comp,183,1.3,-0.14,1.0,-0.212,flat,flat_curv,-0.2,0.2,0.14,pen,input_data/stims/Shape_1.30_1.00.png,input_data/stims/Shape_4.00_2.00.png,input_data/stims/Shape_0.00_2.00.png,-1,-1,-1.0,-1.0,1,None,,,up,2.9350485000013578,None,None,None,['right'],[1.1915811999988364],[0.6799127000012959],up,2.0795822000000044,None,2,0,2,0,0,29,29,23,769.458209299999,,,,,,,,,,,,,,,,,769.4422868999991,0.0006037999992258847,770.5270916999998,770.5275984,770.5415432999998,771.5415706999993,771.5249241000001,771.5253696999989,0.0004590999997162726,772.9098271000003,772.9111410999994,772.9252430999986,772.9252430999986,772.9252430999986,772.9252430999986,772.9252430999986,772.9252430999986,772.9252430999986,775.0093158,"[-0.212, -0.212, -0.212, -0.212, -0.212, -0.212, -0.212, -0.212, -0.212, -0.212, -0.212, -0.212, -0.212, -0.212, -0.212, -0.212, -0.212, -0.212, -0.212, -0.212, -0.212, -0.212, -0.212, -0.212, -0.212, -0.212, -0.212, -0.212, -0.212, -0.212, -0.212, -0.212, -0.212, -0.212, -0.212, -0.212, -0.212, -0.212, -0.212, -0.212, -0.212, -0.212, -0.212, -0.212, -0.212, -0.212, -0.212, -0.212, -0.212, -0.212, -0.212, -0.212, -0.212, -0.212, -0.212, -0.212, -0.212, -0.212, -0.212, -0.212, -0.212, -0.212, -0.212, -0.212, -0.212, -0.212, -0.212, -0.212, -0.212, -0.212, -0.212, -0.212, -0.212, -0.204, -0.196, -0.188, -0.18, -0.172, -0.164, -0.156, -0.148, -0.14, -0.132, -0.124, -0.116, -0.108, -0.1, -0.092, -0.084, -0.076, -0.068, -0.06, -0.052, -0.044, -0.036, -0.028, -0.02, -0.012, -0.004, 0.004, 0.012, 0.02, 0.028, 0.036, 0.044, 0.052, 0.06, 0.068, 0.076, 0.084, 0.092, 0.1, 0.108, 0.116, 0.116, 0.116, 0.116, 0.116, 0.116, 0.116, 0.116, 0.116, 0.116, 0.116, 0.116, 0.116, 0.116]",None,None,['right'],[1.1915811999988364],[0.6799127000012959],up,2.0795822000000044,None,775.0097394000004,775.0249222000002,775.2750295999995,775.2584860999996,775.2588629000002,775.2750295999995,,776.2751062999996,,776.2585096000003,1,1,,,775.2750295999995,776.2751062999996,,,,,,,,,,,,,,,,,,,202605,,D,2026-08-12_18h59.12.320,valence_final_v2,2024.2.4,60,2026-08-12 18h59.30.846082 -0600,
30,30,0,5,2,curv_comp,196,2.7,0.14,3.0,-0.356,flat,curv_flat,-0.2,-0.2,0.14,pen,input_data/stims/Shape_2.70_3.00.png,input_data/stims/Shape_0.00_2.00.png,input_data/stims/Shape_4.00_2.00.png,-1,1,-1.0,1.0,1,None,,,up,2.9350485000013578,None,None,None,['right'],[1.7055769999988115],[0.6479634000006627],up,2.7295195999995485,None,2,0,2,0,0,30,30,36,776.2751062999996,,,,,,,,,,,,,,,,,776.2591066999994,0.0005992000005790032,777.1929920000002,777.1938057999996,777.2084180999991,778.2084634000003,778.1919000999987,778.1923194999999,0.00044049999996786937,779.4767512999988,779.4780297999987,779.4912841999994,779.4912841999994,779.4912841999994,779.4912841999994,779.4912841999994,779.4912841999994,779.4912841999994,782.2260365000002,"[-0.356, -0.356, -0.356, -0.356, -0.356, -0.356, -0.356, -0.356, -0.356, -0.356, -0.356, -0.356, -0.356, -0.356, -0.356, -0.356, -0.356, -0.356, -0.356, -0.356, -0.356, -0.356, -0.356, -0.356, -0.356, -0.356, -0.356, -0.356, -0.356, -0.356, -0.356, -0.356, -0.356, -0.356, -0.356, -0.356, -0.356, -0.356, -0.356, -0.356, -0.356, -0.356, -0.356, -0.356, -0.356, -0.356, -0.356, -0.356, -0.356, -0.356, -0.356, -0.356, -0.356, -0.356, -0.356, -0.356, -0.356, -0.356, -0.356, -0.356, -0.356, -0.356, -0.356, -0.356, -0.356, -0.356, -0.356, -0.356, -0.356, -0.356, -0.356, -0.356, -0.356, -0.356, -0.356, -0.356, -0.356, -0.356, -0.356, -0.356, -0.356, -0.356, -0.356, -0.356, -0.356, -0.356, -0.356, -0.356, -0.356, -0.356, -0.356, -0.356, -0.356, -0.356, -0.356, -0.356, -0.356, -0.356, -0.356, -0.356, -0.356, -0.356, -0.356, -0.356, -0.348, -0.34, -0.332, -0.324, -0.316, -0.308, -0.3, -0.292, -0.284, -0.276, -0.268, -0.26, -0.252, -0.244, -0.236, -0.228, -0.22, -0.212, -0.204, -0.196, -0.188, -0.18, -0.172, -0.164, -0.156, -0.148, -0.14, -0.132, -0.124, -0.116, -0.108, -0.1, -0.092, -0.084, -0.076, -0.068, -0.06, -0.052, -0.044, -0.044, -0.044, -0.044, -0.044, -0.044, -0.044, -0.044, -0.044, -0.044, -0.044, -0.044, -0.044, -0.044, -0.044, -0.044, -0.044, -0.044, -0.044, -0.044, -0.044, -0.044, -0.044, -0.044]",None,None,['right'],[1.7055769999988115],[0.6479634000006627],up,2.7295195999995485,None,782.2264581999989,782.2418851999992,782.4918672999993,782.4754257000004,782.4758040999986,782.4918672999993,,783.4918949000003,,783.4754739999989,1,1,,,782.4918672999993,783.4918949000003,,,,,,,,,,,,,,,,,,,202605,,D,2026-08-12_18h59.12.320,valence_final_v2,2024.2.4,60,2026-08-12 18h59.30.846082 -0600,
31,31,0,5,2,curv_comp,177,0.9,-0.22,1.0,-0.212,curv,flat_curv,-0.2,0.2,0.22,rew,input_data/stims/Shape_0.90_1.00.png,input_data/stims/Shape_4.00_2.00.png,input_data/stims/Shape_0.00_2.00.png,1,-1,-1.0,-1.0,-1,None,,,up,2.9350485000013578,None,None,None,"['right', 'right']","[1.46217710000019, 2.6221751000011864]","[0.3840527000011207, 0.2880900999989535]",None,,,2,0,2,0,0,31,31,17,783.4918949000003,,,,,,,,,,,,,,,,,783.4760807000002,0.0006071999996493105,784.4105980999993,784.4110566999989,784.425194899999,785.425248399999,785.4087163000004,785.4091372999992,0.00043120000009366777,786.7438762000002,786.7450792,786.7586004000004,786.7586004000004,786.7586004000004,786.7586004000004,786.7586004000004,786.7586004000004,786.7586004000004,789.7429852999994,"[-0.212, -0.212, -0.212, -0.212, -0.212, -0.212, -0.212, -0.212, -0.212, -0.212, -0.212, -0.212, -0.212, -0.212, -0.212, -0.212, -0.212, -0.212, -0.212, -0.212, -0.212, -0.212, -0.212, -0.212, -0.212, -0.212, -0.212, -0.212, -0.212, -0.212, -0.212, -0.212, -0.212, -0.212, -0.212, -0.212, -0.212, -0.212, -0.212, -0.212, -0.212, -0.212, -0.212, -0.212, -0.212, -0.212, -0.212, -0.212, -0.212, -0.212, -0.212, -0.212, -0.212, -0.212, -0.212, -0.212, -0.212, -0.212, -0.212, -0.212, -0.212, -0.212, -0.212, -0.212, -0.212, -0.212, -0.212, -0.212, -0.212, -0.212, -0.212, -0.212, -0.212, -0.212, -0.212, -0.212, -0.212, -0.212, -0.212, -0.212, -0.212, -0.212, -0.212, -0.212, -0.212, -0.212, -0.212, -0.212, -0.212, -0.204, -0.196, -0.188, -0.18, -0.172, -0.164, -0.156, -0.148, -0.14, -0.132, -0.124, -0.116, -0.108, -0.1, -0.092, -0.084, -0.076, -0.068, -0.06, -0.052, -0.044, -0.036, -0.028, -0.028, -0.028, -0.028, -0.028, -0.028, -0.028, -0.028, -0.028, -0.028, -0.028, -0.028, -0.028, -0.028, -0.028, -0.028, -0.028, -0.028, -0.028, -0.028, -0.028, -0.028, -0.028, -0.028, -0.028, -0.028, -0.028, -0.028, -0.028, -0.028, -0.028, -0.028, -0.028, -0.028, -0.028, -0.028, -0.028, -0.028, -0.028, -0.028, -0.028, -0.028, -0.028, -0.028, -0.028, -0.028, -0.028, -0.028, -0.02, -0.012, -0.004, 0.004, 0.012, 0.02, 0.028, 0.036, 0.044, 0.052, 0.06, 0.068, 0.076, 0.084, 0.092, 0.1, 0.108, 0.108, 0.108, 0.108, 0.108, 0.108]",None,None,"['right', 'right']","[1.46217710000019, 2.6221751000011864]","[0.3840527000011207, 0.2880900999989535]",None,,,789.7434818000002,789.7587463,790.0087564999994,789.9922224999991,789.9943361999995,790.0087564999994,,791.008829299999,,790.9922927999996,0,-1,,,,,790.0087564999994,791.008829299999,789.7587463,789.7587463,789.7587463,789.7587463,789.7587463,789.7587463,789.7587463,,,,,,,,,,202605,,D,2026-08-12_18h59.12.320,valence_final_v2,2024.2.4,60,2026-08-12 18h59.30.846082 -0600,
32,32,0,5,2,curv_comp,162,0.1,-0.38,3.0,-0.288,curv,curv_flat,-0.2,-0.2,-0.38,rew,input_data/stims/Shape_0.10_3.00.png,input_data/stims/Shape_0.00_2.00.png,input_data/stims/Shape_4.00_2.00.png,1,1,-1.0,1.0,-1,None,,,up,2.9350485000013578,None,None,None,['right'],[1.5525823999996646],[0.2799441000006482],up,2.6405572000003303,None,2,0,2,0,0,32,32,2,791.008829299999,,,,,,,,,,,,,,,,,790.9929045999997,0.0006128000004537171,792.0770577000003,792.077466499999,792.0921392,793.0916653999993,793.0752137999989,793.0756672999996,0.0004654000003938563,794.4597114999997,794.460977499999,794.4762668000003,794.4762668000003,794.4762668000003,794.4762668000003,794.4762668000003,794.4762668000003,794.4762668000003,797.1272057999995,"[-0.288, -0.288, -0.288, -0.288, -0.288, -0.288, -0.288, -0.288, -0.288, -0.288, -0.288, -0.288, -0.288, -0.288, -0.288, -0.288, -0.288, -0.288, -0.288, -0.288, -0.288, -0.288, -0.288, -0.288, -0.288, -0.288, -0.288, -0.288, -0.288, -0.288, -0.288, -0.288, -0.288, -0.288, -0.288, -0.288, -0.288, -0.288, -0.288, -0.288, -0.288, -0.288, -0.288, -0.288, -0.288, -0.288, -0.288, -0.288, -0.288, -0.288, -0.288, -0.288, -0.288, -0.288, -0.288, -0.288, -0.288, -0.288, -0.288, -0.288, -0.288, -0.288, -0.288, -0.288, -0.288, -0.288, -0.288, -0.288, -0.288, -0.288, -0.288, -0.288, -0.288, -0.288, -0.288, -0.288, -0.288, -0.288, -0.288, -0.288, -0.288, -0.288, -0.288, -0.288, -0.288, -0.288, -0.288, -0.288, -0.288, -0.288, -0.288, -0.288, -0.288, -0.288, -0.288, -0.28, -0.272, -0.264, -0.256, -0.248, -0.24, -0.232, -0.224, -0.216, -0.208, -0.2, -0.192, -0.184, -0.176, -0.168, -0.16, -0.16, -0.16, -0.16, -0.16, -0.16, -0.16, -0.16, -0.16, -0.16, -0.16, -0.16, -0.16, -0.16, -0.16, -0.16, -0.16, -0.16, -0.16, -0.16, -0.16, -0.16, -0.16, -0.16, -0.16, -0.16, -0.16, -0.16, -0.16, -0.16, -0.16, -0.16, -0.16, -0.16, -0.16, -0.16, -0.16, -0.16, -0.16, -0.16, -0.16, -0.16, -0.16, -0.16, -0.16, -0.16, -0.16, -0.16, -0.16, -0.16, -0.16]",None,None,['right'],[1.5525823999996646],[0.2799441000006482],up,2.6405572000003303,None,797.1276601999998,797.1426728999995,797.3927034999997,797.3763063999995,797.3772561999995,797.3927034999997,,798.3927179000002,,798.3762557999999,0,-1,,,,,797.3927034999997,798.3927179000002,,,,,,,,,,,,,,,,,202605,,D,2026-08-12_18h59.12.320,valence_final_v2,2024.2.4,60,2026-08-12 18h59.30.846082 -0600,
33,33,0,5,2,curv_comp,180,1.1,-0.18,3.0,0.4,flat,curv_flat,-0.2,-0.2,-0.18,pen,input_data/stims/Shape_1.10_3.00.png,input_data/stims/Shape_0.00_2.00.png,input_data/stims/Shape_4.00_2.00.png,-1,1,1.0,1.0,1,None,,,up,2.9350485000013578,None,None,None,"['right', 'left']","[1.3873505999999907, 2.3073196000004828]","[0.8639032999999472, 0.6479858999991848]",None,,,2,0,2,0,0,33,33,20,798.3927179000002,,,,,,,,,,,,,,,,,798.3768669000001,0.0006131999998615356,799.3113304999988,799.311716799999,799.326082399999,800.3260578999998,800.3095512,800.3099666999988,0.0004272999995009741,801.793862999999,801.7954750999997,801.8095073000004,801.8095073000004,801.8095073000004,801.8095073000004,801.8095073000004,801.8095073000004,801.8095073000004,804.7924304999997,"[0.4, 0.4, 0.4, 0.4, 0.4, 0.4, 0.4, 0.4, 0.4, 0.4, 0.4, 0.4, 0.4, 0.4, 0.4, 0.4, 0.4, 0.4, 0.4, 0.4, 0.4, 0.4, 0.4, 0.4, 0.4, 0.4, 0.4, 0.4, 0.4, 0.4, 0.4, 0.4, 0.4, 0.4, 0.4, 0.4, 0.4, 0.4, 0.4, 0.4, 0.4, 0.4, 0.4, 0.4, 0.4, 0.4, 0.4, 0.4, 0.4, 0.4, 0.4, 0.4, 0.4, 0.4, 0.4, 0.4, 0.4, 0.4, 0.4, 0.4, 0.4, 0.4, 0.4, 0.4, 0.4, 0.4, 0.4, 0.4, 0.4, 0.4, 0.4, 0.4, 0.4, 0.4, 0.4, 0.4, 0.4, 0.4, 0.4, 0.4, 0.4, 0.4, 0.4, 0.4, 0.4, 0.4, 0.4, 0.4, 0.4, 0.4, 0.4, 0.4, 0.4, 0.4, 0.4, 0.4, 0.4, 0.4, 0.4, 0.4, 0.4, 0.4, 0.4, 0.4, 0.4, 0.4, 0.4, 0.4, 0.4, 0.4, 0.4, 0.4, 0.4, 0.4, 0.4, 0.4, 0.4, 0.4, 0.4, 0.4, 0.4, 0.4, 0.4, 0.4, 0.4, 0.4, 0.4, 0.4, 0.4, 0.4, 0.4, 0.4, 0.4, 0.4, 0.4, 0.4, 0.4, 0.4, 0.4, 0.4, 0.392, 0.384, 0.376, 0.368, 0.36, 0.352, 0.344, 0.336, 0.328, 0.32, 0.312, 0.304, 0.296, 0.288, 0.28, 0.272, 0.264, 0.256, 0.248, 0.24, 0.232, 0.224, 0.216, 0.208, 0.2, 0.192, 0.184, 0.176, 0.168, 0.16, 0.152, 0.144, 0.136, 0.128, 0.12, 0.112, 0.104, 0.096, 0.088, 0.088, 0.088]",None,None,"['right', 'left']","[1.3873505999999907, 2.3073196000004828]","[0.8639032999999472, 0.6479858999991848]",None,,,804.7928917999998,804.8082463999999,805.0582489999997,805.0417261000002,805.0440476999993,805.0582489999997,805.0582489999997,806.0582832,806.0582832,806.0417770000004,0,-3,,,,,,,804.8082463999999,804.8082463999999,804.8082463999999,804.8082463999999,804.8082463999999,804.8082463999999,804.8082463999999,,,,,,,,,,202605,,D,2026-08-12_18h59.12.320,valence_final_v2,2024.2.4,60,2026-08-12 18h59.30.846082 -0600,
34,34,0,5,2,curv_comp,192,2.3,0.06,3.0,-0.236,flat,curv_flat,-0.2,-0.2,0.06,pen,input_data/stims/Shape_2.30_3.00.png,input_data/stims/Shape_0.00_2.00.png,input_data/stims/Shape_4.00_2.00.png,-1,1,-1.0,1.0,1,None,,,up,2.9350485000013578,None,None,None,['right'],[0.8177537999999913],[0.807940000000599],up,1.8257510000003094,None,2,0,2,0,0,34,34,32,806.0582832,,,,,,,,,,,,,,,,,806.0424137999998,0.0006382999999914318,806.9264688999992,806.9268699999993,806.9416490000003,807.9416767999992,807.9251272999991,807.9255651000003,0.0004498999987845309,809.2600487,809.2613342000004,809.2750471999989,809.2750471999989,809.2750471999989,809.2750471999989,809.2750471999989,809.2750471999989,809.2750471999989,811.1094095999997,"[-0.236, -0.236, -0.236, -0.236, -0.236, -0.236, -0.236, -0.236, -0.236, -0.236, -0.236, -0.236, -0.236, -0.236, -0.236, -0.236, -0.236, -0.236, -0.236, -0.236, -0.236, -0.236, -0.236, -0.236, -0.236, -0.236, -0.236, -0.236, -0.236, -0.236, -0.236, -0.236, -0.236, -0.236, -0.236, -0.236, -0.236, -0.236, -0.236, -0.236, -0.236, -0.236, -0.236, -0.236, -0.236, -0.236, -0.236, -0.236, -0.236, -0.236, -0.236, -0.228, -0.22, -0.212, -0.204, -0.196, -0.188, -0.18, -0.172, -0.164, -0.156, -0.148, -0.14, -0.132, -0.124, -0.116, -0.108, -0.1, -0.092, -0.084, -0.076, -0.068, -0.06, -0.052, -0.044, -0.036, -0.028, -0.02, -0.012, -0.004, 0.004, 0.012, 0.02, 0.028, 0.036, 0.044, 0.052, 0.06, 0.068, 0.076, 0.084, 0.092, 0.1, 0.108, 0.116, 0.124, 0.132, 0.14, 0.148, 0.148, 0.148, 0.148, 0.148, 0.148, 0.148, 0.148, 0.148, 0.148, 0.148, 0.148, 0.148, 0.148]",None,None,['right'],[0.8177537999999913],[0.807940000000599],up,1.8257510000003094,None,811.1098196000003,811.1251073999993,811.375101399999,811.3585688000003,811.359424799999,811.375101399999,,812.3751145999995,,812.3586228000004,1,1,,,811.375101399999,812.3751145999995,,,,,,,,,,,,,,,,,,,202605,,D,2026-08-12_18h59.12.320,valence_final_v2,2024.2.4,60,2026-08-12 18h59.30.846082 -0600,
35,35,0,5,2,curv_comp,175,0.7,-0.26,3.0,0.364,curv,flat_curv,-0.2,0.2,0.26,rew,input_data/stims/Shape_0.70_3.00.png,input_data/stims/Shape_4.00_2.00.png,input_data/stims/Shape_0.00_2.00.png,1,-1,1.0,1.0,-1,None,,,up,2.9350485000013578,None,None,None,['left'],[1.2049298999991152],[0.8879979000012099],up,2.3729291999989073,None,2,0,2,0,0,35,35,15,812.3751145999995,,,,,,,,,,,,,,,,,812.3592234999996,0.0006020000000717118,813.293179799999,813.2935847999997,813.3085081999998,814.3085062999999,814.2919943999987,814.2924383999998,0.00045559999853139743,815.5759546999998,815.5772321000004,815.5919080000003,815.5919080000003,815.5919080000003,815.5919080000003,815.5919080000003,815.5919080000003,815.5919080000003,817.9762697999995,"[0.364, 0.364, 0.364, 0.364, 0.364, 0.364, 0.364, 0.364, 0.364, 0.364, 0.364, 0.364, 0.364, 0.364, 0.364, 0.364, 0.364, 0.364, 0.364, 0.364, 0.364, 0.364, 0.364, 0.364, 0.364, 0.364, 0.364, 0.364, 0.364, 0.364, 0.364, 0.364, 0.364, 0.364, 0.364, 0.364, 0.364, 0.364, 0.364, 0.364, 0.364, 0.364, 0.364, 0.364, 0.364, 0.364, 0.364, 0.364, 0.364, 0.364, 0.364, 0.364, 0.364, 0.364, 0.364, 0.364, 0.364, 0.364, 0.364, 0.364, 0.364, 0.364, 0.364, 0.364, 0.364, 0.364, 0.364, 0.364, 0.364, 0.364, 0.364, 0.364, 0.364, 0.364, 0.356, 0.348, 0.34, 0.332, 0.324, 0.316, 0.308, 0.3, 0.292, 0.284, 0.276, 0.268, 0.26, 0.252, 0.244, 0.236, 0.228, 0.22, 0.212, 0.204, 0.196, 0.188, 0.18, 0.172, 0.164, 0.156, 0.148, 0.14, 0.132, 0.124, 0.116, 0.108, 0.1, 0.092, 0.084, 0.076, 0.068, 0.06, 0.052, 0.044, 0.036, 0.028, 0.02, 0.012, 0.004, -0.004, -0.012, -0.02, -0.028, -0.036, -0.044, -0.052, -0.06, -0.06, -0.06, -0.06, -0.06, -0.06, -0.06, -0.06, -0.06, -0.06, -0.06, -0.06, -0.06, -0.06, -0.06, -0.06, -0.06, -0.06, -0.06]",None,None,['left'],[1.2049298999991152],[0.8879979000012099],up,2.3729291999989073,None,817.9766718999999,817.9919613999991,818.2419523999997,818.2254324999994,818.2258103000004,818.2419523999997,,819.2419699000002,,819.2254723999995,0,-1,,,,,818.2419523999997,819.2419699000002,,,,,,,,,,,,,,,,,202605,,D,2026-08-12_18h59.12.320,valence_final_v2,2024.2.4,60,2026-08-12 18h59.30.846082 -0600,
36,36,0,5,2,curv_comp,188,1.9,-0.02,3.0,-0.196,flat,curv_flat,-0.2,-0.2,-0.02,pen,input_data/stims/Shape_1.90_3.00.png,input_data/stims/Shape_0.00_2.00.png,input_data/stims/Shape_4.00_2.00.png,-1,1,1.0,1.0,1,None,,,up,2.9350485000013578,None,None,None,['right'],[0.8320373999995354],[0.5682539000008546],up,2.1680348999998387,None,2,0,2,0,0,36,36,28,819.2419699000002,,,,,,,,,,,,,,,,,819.2260835999987,0.0006137000000308035,820.3116157999993,820.312014699999,820.3253504000004,821.3253616999991,821.3088461999996,821.3092686,0.0004318999999668449,822.6939760999994,822.6952626000002,822.7087608000002,822.7087608000002,822.7087608000002,822.7087608000002,822.7087608000002,822.7087608000002,822.7087608000002,824.8931788999998,"[-0.196, -0.196, -0.196, -0.196, -0.196, -0.196, -0.196, -0.196, -0.196, -0.196, -0.196, -0.196, -0.196, -0.196, -0.196, -0.196, -0.196, -0.196, -0.196, -0.196, -0.196, -0.196, -0.196, -0.196, -0.196, -0.196, -0.196, -0.196, -0.196, -0.196, -0.196, -0.196, -0.196, -0.196, -0.196, -0.196, -0.196, -0.196, -0.196, -0.196, -0.196, -0.196, -0.196, -0.196, -0.196, -0.196, -0.196, -0.196, -0.196, -0.196, -0.196, -0.188, -0.18, -0.172, -0.164, -0.156, -0.148, -0.14, -0.132, -0.124, -0.116, -0.108, -0.1, -0.092, -0.084, -0.076, -0.068, -0.06, -0.052, -0.044, -0.036, -0.028, -0.02, -0.012, -0.004, 0.004, 0.012, 0.02, 0.028, 0.036, 0.044, 0.052, 0.06, 0.068, 0.076, 0.084, 0.084, 0.084, 0.084, 0.084, 0.084, 0.084, 0.084, 0.084, 0.084, 0.084, 0.084, 0.084, 0.084, 0.084, 0.084, 0.084, 0.084, 0.084, 0.084, 0.084, 0.084, 0.084, 0.084, 0.084, 0.084, 0.084, 0.084, 0.084, 0.084, 0.084, 0.084, 0.084, 0.084, 0.084, 0.084, 0.084, 0.084, 0.084, 0.084, 0.084, 0.084, 0.084, 0.084, 0.084, 0.084, 0.084, 0.084]",None,None,['right'],[0.8320373999995354],[0.5682539000008546],up,2.1680348999998387,None,824.8936061999993,824.9088152999993,825.1588062999999,825.1422915000003,825.1426807999997,825.1588062999999,,826.1588274999995,,826.1423235000002,1,1,,,825.1588062999999,826.1588274999995,,,,,,,,,,,,,,,,,,,202605,,D,2026-08-12_18h59.12.320,valence_final_v2,2024.2.4,60,2026-08-12 18h59.30.846082 -0600,
37,37,0,5,2,curv_comp,171,0.5,-0.3,1.0,-0.276,curv,flat_curv,-0.2,0.2,0.3,rew,input_data/stims/Shape_0.50_1.00.png,input_data/stims/Shape_4.00_2.00.png,input_data/stims/Shape_0.00_2.00.png,1,-1,-1.0,-1.0,-1,None,,,up,2.9350485000013578,None,None,None,['right'],[1.3751914000004035],[0.3520308999995905],up,2.023222200001328,None,2,0,2,0,0,37,37,11,826.1588274999995,,,,,,,,,,,,,,,,,826.1429111999987,0.0005868999996891944,827.1264752999996,827.1268834999992,827.1422227999992,828.1422991,828.125782699999,828.1262332999995,0.00046180000026652124,829.5115336999988,829.5128879000004,829.5256007999997,829.5256007999997,829.5256007999997,829.5256007999997,829.5256007999997,829.5256007999997,829.5256007999997,831.5600188999997,"[-0.276, -0.276, -0.276, -0.276, -0.276, -0.276, -0.276, -0.276, -0.276, -0.276, -0.276, -0.276, -0.276, -0.276, -0.276, -0.276, -0.276, -0.276, -0.276, -0.276, -0.276, -0.276, -0.276, -0.276, -0.276, -0.276, -0.276, -0.276, -0.276, -0.276, -0.276, -0.276, -0.276, -0.276, -0.276, -0.276, -0.276, -0.276, -0.276, -0.276, -0.276, -0.276, -0.276, -0.276, -0.276, -0.276, -0.276, -0.276, -0.276, -0.276, -0.276, -0.276, -0.276, -0.276, -0.276, -0.276, -0.276, -0.276, -0.276, -0.276, -0.276, -0.276, -0.276, -0.276, -0.276, -0.276, -0.276, -0.276, -0.276, -0.276, -0.276, -0.276, -0.276, -0.276, -0.276, -0.276, -0.276, -0.276, -0.276, -0.276, -0.276, -0.276, -0.276, -0.276, -0.268, -0.26, -0.252, -0.244, -0.236, -0.228, -0.22, -0.212, -0.204, -0.196, -0.188, -0.18, -0.172, -0.164, -0.156, -0.148, -0.14, -0.132, -0.124, -0.116, -0.108, -0.108, -0.108, -0.108, -0.108, -0.108, -0.108, -0.108, -0.108, -0.108, -0.108, -0.108, -0.108, -0.108, -0.108, -0.108, -0.108, -0.108, -0.108, -0.108]",None,None,['right'],[1.3751914000004035],[0.3520308999995905],up,2.023222200001328,None,831.5604318999995,831.5756688999991,831.8256519999995,831.8091432000001,831.8095178999993,831.8256519999995,,832.8256979999987,,832.8091875999999,0,-1,,,,,831.8256519999995,832.8256979999987,,,,,,,,,,,,,,,,,202605,,D,2026-08-12_18h59.12.320,valence_final_v2,2024.2.4,60,2026-08-12 18h59.30.846082 -0600,
38,38,0,5,2,curv_comp,176,0.9,-0.22,1.0,-0.28,curv,curv_flat,-0.2,-0.2,-0.22,rew,input_data/stims/Shape_0.90_1.00.png,input_data/stims/Shape_0.00_2.00.png,input_data/stims/Shape_4.00_2.00.png,1,1,-1.0,-1.0,-1,None,,,up,2.9350485000013578,None,None,None,['right'],[1.3683194000004733],[0.7760132000003068],up,2.3523150000000896,None,2,0,2,0,0,38,38,16,832.8256979999987,,,,,,,,,,,,,,,,,832.8097780999997,0.0005906999995204387,833.794730399999,833.7951569999987,833.8090691999987,834.8090880999989,834.7925434999997,834.7929691999998,0.0004368999998405343,836.0775575999996,836.0788604999998,836.0924514999988,836.0924514999988,836.0924514999988,836.0924514999988,836.0924514999988,836.0924514999988,836.0924514999988,838.460192999999,"[-0.28, -0.28, -0.28, -0.28, -0.28, -0.28, -0.28, -0.28, -0.28, -0.28, -0.28, -0.28, -0.28, -0.28, -0.28, -0.28, -0.28, -0.28, -0.28, -0.28, -0.28, -0.28, -0.28, -0.28, -0.28, -0.28, -0.28, -0.28, -0.28, -0.28, -0.28, -0.28, -0.28, -0.28, -0.28, -0.28, -0.28, -0.28, -0.28, -0.28, -0.28, -0.28, -0.28, -0.28, -0.28, -0.28, -0.28, -0.28, -0.28, -0.28, -0.28, -0.28, -0.28, -0.28, -0.28, -0.28, -0.28, -0.28, -0.28, -0.28, -0.28, -0.28, -0.28, -0.28, -0.28, -0.28, -0.28, -0.28, -0.28, -0.28, -0.28, -0.28, -0.28, -0.28, -0.28, -0.28, -0.28, -0.28, -0.28, -0.28, -0.28, -0.28, -0.28, -0.28, -0.272, -0.264, -0.256, -0.248, -0.24, -0.232, -0.224, -0.216, -0.208, -0.2, -0.192, -0.184, -0.176, -0.168, -0.16, -0.152, -0.144, -0.136, -0.128, -0.12, -0.112, -0.104, -0.096, -0.088, -0.08, -0.072, -0.064, -0.056, -0.048, -0.04, -0.032, -0.024, -0.016, -0.008, 0.0, 0.008, 0.016, 0.024, 0.032, 0.04, 0.048, 0.056, 0.064, 0.072, 0.08, 0.088, 0.088, 0.088, 0.088, 0.088, 0.088, 0.088, 0.088, 0.088, 0.088, 0.088, 0.088, 0.088, 0.088, 0.088]",None,None,['right'],[1.3683194000004733],[0.7760132000003068],up,2.3523150000000896,None,838.4606093999992,838.4758440999994,838.725840699999,838.7093203000004,838.7097149000001,838.725840699999,,839.7258690999988,,839.7093712999995,0,-1,,,,,838.725840699999,839.7258690999988,,,,,,,,,,,,,,,,,202605,,D,2026-08-12_18h59.12.320,valence_final_v2,2024.2.4,60,2026-08-12 18h59.30.846082 -0600,
39,39,0,5,2,curv_comp,193,2.3,0.06,1.0,-0.396,flat,flat_curv,-0.2,0.2,-0.06,pen,input_data/stims/Shape_2.30_1.00.png,input_data/stims/Shape_4.00_2.00.png,input_data/stims/Shape_0.00_2.00.png,-1,-1,-1.0,-1.0,1,None,,,up,2.9350485000013578,None,None,None,"['left', 'right']","[0.7620958000006794, 1.5540932000003522]","[0.671987399999125, 0.9359562999998161]",up,2.946060000000216,None,2,0,2,0,0,39,39,33,839.7258690999988,,,,,,,,,,,,,,,,,839.7099804999998,0.0006118000001151813,840.5935470000004,840.5939602999988,840.6092446000002,841.609273099999,841.5927503000003,841.5931846999993,0.0004466999998840038,843.0275569999994,843.0288547,843.0427005999991,843.0427005999991,843.0427005999991,843.0427005999991,843.0427005999991,843.0427005999991,843.0427005999991,845.993844999999,"[-0.396, -0.396, -0.396, -0.396, -0.396, -0.396, -0.396, -0.396, -0.396, -0.396, -0.396, -0.396, -0.396, -0.396, -0.396, -0.396, -0.396, -0.396, -0.396, -0.396, -0.396, -0.396, -0.396, -0.396, -0.396, -0.396, -0.396, -0.396, -0.396, -0.396, -0.396, -0.396, -0.396, -0.396, -0.396, -0.396, -0.396, -0.396, -0.396, -0.396, -0.396, -0.396, -0.396, -0.396, -0.396, -0.396, -0.396, -0.396, -0.396, -0.396, -0.396, -0.396, -0.396, -0.396, -0.396, -0.396, -0.396, -0.396, -0.396, -0.396, -0.396, -0.396, -0.396, -0.396, -0.396, -0.396, -0.396, -0.396, -0.396, -0.396, -0.396, -0.396, -0.396, -0.396, -0.396, -0.396, -0.396, -0.396, -0.396, -0.396, -0.396, -0.396, -0.396, -0.396, -0.396, -0.396, -0.396, -0.396, -0.396, -0.396, -0.396, -0.396, -0.396, -0.396, -0.396, -0.388, -0.38, -0.372, -0.364, -0.356, -0.348, -0.34, -0.332, -0.324, -0.316, -0.308, -0.3, -0.292, -0.284, -0.276, -0.268, -0.26, -0.252, -0.244, -0.236, -0.228, -0.22, -0.212, -0.204, -0.196, -0.188, -0.18, -0.172, -0.164, -0.156, -0.148, -0.14, -0.132, -0.124, -0.116, -0.108, -0.1, -0.092, -0.084, -0.076, -0.068, -0.06, -0.052, -0.044, -0.036, -0.028, -0.02, -0.012, -0.004, 0.004, 0.012, 0.02, 0.028, 0.036, 0.044, 0.052, 0.052, 0.052, 0.052, 0.052, 0.052, 0.052, 0.052, 0.052, 0.052, 0.052, 0.052, 0.052, 0.052, 0.052, 0.052, 0.052, 0.052, 0.052, 0.052, 0.052, 0.052, 0.052, 0.052, 0.052, 0.052, 0.052, 0.052, 0.052]",None,None,"['left', 'right']","[0.7620958000006794, 1.5540932000003522]","[0.671987399999125, 0.9359562999998161]",up,2.946060000000216,None,845.994263999999,846.009507499999,846.2595044999998,846.2429474,846.2433208999992,846.2595044999998,,847.2595235999997,,847.2430117000004,1,1,,,846.2595044999998,847.2595235999997,,,,,,,,,,,,,,,,,,,202605,,D,2026-08-12_18h59.12.320,valence_final_v2,2024.2.4,60,2026-08-12 18h59.30.846082 -0600,
0,0,0,1,1,baseline,21,2.1,0.02,1.0,0.076,flat,flat_curv,0.0,0.0,-0.02,rew,input_data/stims/Shape_2.10_1.00.png,input_data/stims/Shape_4.00_2.00.png,input_data/stims/Shape_0.00_2.00.png,1,-1,1.0,-1.0,1,up,11.07073599999967,None,up,1.4922888999990391,None,None,None,['right'],[1.932051699999647],[0.40803349999987404],up,2.9320459000009578,None,3,0,3,0,0,0,0,21,866.309951199999,,853.6513180999991,853.6781045999996,853.6781045999996,853.6781045999996,864.7601205999999,up,11.07073599999967,None,864.7626170999993,864.7765600999992,864.7765600999992,866.2767975999996,up,1.4922888999990391,None,866.3035418999989,0.026738399999885587,867.3879369999995,867.3883120999999,867.3932943,868.3933325999988,868.3767852000001,868.3771993999999,0.0004251000009389827,869.7608409000004,869.7620716000001,869.7767230999998,869.7767230999998,869.7767230999998,869.7767230999998,869.7767230999998,869.7767230999998,869.7767230999998,872.7113527999991,"[0.076, 0.076, 0.076, 0.076, 0.076, 0.076, 0.076, 0.076, 0.076, 0.076, 0.076, 0.076, 0.076, 0.076, 0.076, 0.076, 0.076, 0.076, 0.076, 0.076, 0.076, 0.076, 0.076, 0.076, 0.076, 0.076, 0.076, 0.076, 0.076, 0.076, 0.076, 0.076, 0.076, 0.076, 0.076, 0.076, 0.076, 0.076, 0.076, 0.076, 0.076, 0.076, 0.076, 0.076, 0.076, 0.076, 0.076, 0.076, 0.076, 0.076, 0.076, 0.076, 0.076, 0.076, 0.076, 0.076, 0.076, 0.076, 0.076, 0.076, 0.076, 0.076, 0.076, 0.076, 0.076, 0.076, 0.076, 0.076, 0.076, 0.076, 0.076, 0.076, 0.076, 0.076, 0.076, 0.076, 0.076, 0.076, 0.076, 0.076, 0.076, 0.076, 0.076, 0.076, 0.076, 0.076, 0.076, 0.076, 0.076, 0.076, 0.076, 0.076, 0.076, 0.076, 0.076, 0.076, 0.076, 0.076, 0.076, 0.076, 0.076, 0.076, 0.076, 0.076, 0.076, 0.076, 0.076, 0.076, 0.076, 0.076, 0.076, 0.076, 0.076, 0.076, 0.076, 0.076, 0.076, 0.084, 0.092, 0.1, 0.108, 0.116, 0.124, 0.132, 0.14, 0.148, 0.156, 0.164, 0.172, 0.18, 0.188, 0.196, 0.204, 0.212, 0.22, 0.228, 0.236, 0.244, 0.252, 0.26, 0.268, 0.276, 0.276, 0.276, 0.276, 0.276, 0.276, 0.276, 0.276, 0.276, 0.276, 0.276, 0.276, 0.276, 0.276, 0.276, 0.276, 0.276, 0.276, 0.276, 0.276, 0.276, 0.276, 0.276, 0.276, 0.276, 0.276, 0.276, 0.276, 0.276, 0.276, 0.276, 0.276, 0.276, 0.276, 0.276, 0.276, 0.276]",None,None,['right'],[1.932051699999647],[0.40803349999987404],up,2.9320459000009578,None,872.7118085000002,872.7267802999995,872.9767948999997,872.9602314999993,872.9606039999999,872.9767948999997,,873.9768208999994,,873.9603807999993,0,-1,,,,,872.9767948999997,873.9768208999994,,,,,,,,847.257791,847.2595235999997,847.2595235999997,853.4944247000003,16,8,up,6.225305200001458,None,202605,,D,2026-08-12_18h59.12.320,valence_final_v2,2024.2.4,60,2026-08-12 18h59.30.846082 -0600,
1,1,0,1,1,baseline,29,2.9,0.18,3.0,0.28,flat,flat_curv,0.0,0.0,-0.18,rew,input_data/stims/Shape_2.90_3.00.png,input_data/stims/Shape_4.00_2.00.png,input_data/stims/Shape_0.00_2.00.png,1,-1,1.0,1.0,1,up,11.07073599999967,None,up,1.4922888999990391,None,None,None,['left'],[0.5974518000002718],[0.7757404000003589],up,1.6372316000015417,None,3,0,3,0,0,1,1,29,873.9768208999994,,,,,,,,,,,,,,,,,873.9609774,0.0005983000010019168,874.8449099999998,874.8453222999997,874.860186599999,875.8602090999993,875.8436697999987,875.8440988000002,0.0004391000002215151,877.3288038999999,877.3304085999989,877.3435983999989,877.3435983999989,877.3435983999989,877.3435983999989,877.3435983999989,877.3435983999989,877.3435983999989,878.9946309999996,"[0.28, 0.28, 0.28, 0.28, 0.28, 0.28, 0.28, 0.28, 0.28, 0.28, 0.28, 0.28, 0.28, 0.28, 0.28, 0.28, 0.28, 0.28, 0.28, 0.28, 0.28, 0.28, 0.28, 0.28, 0.28, 0.28, 0.28, 0.28, 0.28, 0.28, 0.28, 0.28, 0.28, 0.28, 0.28, 0.28, 0.28, 0.272, 0.264, 0.256, 0.248, 0.24, 0.232, 0.224, 0.216, 0.208, 0.2, 0.192, 0.184, 0.176, 0.168, 0.16, 0.152, 0.144, 0.136, 0.128, 0.12, 0.112, 0.104, 0.096, 0.088, 0.08, 0.072, 0.064, 0.056, 0.048, 0.04, 0.032, 0.024, 0.016, 0.008, 0.0, -0.008, -0.016, -0.024, -0.032, -0.04, -0.048, -0.056, -0.064, -0.072, -0.08, -0.088, -0.096, -0.096, -0.096, -0.096, -0.096, -0.096, -0.096, -0.096, -0.096, -0.096, -0.096, -0.096, -0.096, -0.096, -0.096, -0.096, -0.096, -0.096]",None,None,['left'],[0.5974518000002718],[0.7757404000003589],up,1.6372316000015417,None,878.9950380999999,879.0102909999987,879.2602878999987,879.2437565,879.2441376999996,879.2602878999987,,880.2603331999999,,880.2438184000002,1,3,879.2602878999987,880.2603331999999,,,,,,,,,,,,,,,,,,,,,202605,,D,2026-08-12_18h59.12.320,valence_final_v2,2024.2.4,60,2026-08-12 18h59.30.846082 -0600,
2,2,0,1,1,baseline,3,0.3,-0.34,3.0,-0.044,curv,flat_curv,0.0,0.0,0.34,pen,input_data/stims/Shape_0.30_3.00.png,input_data/stims/Shape_4.00_2.00.png,input_data/stims/Shape_0.00_2.00.png,-1,-1,-1.0,1.0,-1,up,11.07073599999967,None,up,1.4922888999990391,None,None,None,['right'],[0.8196633000006841],[0.4801437000005535],up,1.579714100000274,None,3,0,3,0,0,2,2,3,880.2603331999999,,,,,,,,,,,,,,,,,880.2444596999994,0.0006434000006265705,881.1789052000004,881.1793025999996,881.1936962999989,882.1937165999989,882.1771657999998,882.1775827999991,0.0004274000002624234,883.5614277999994,883.5626672999988,883.5770948999998,883.5770948999998,883.5770948999998,883.5770948999998,883.5770948999998,883.5770948999998,883.5770948999998,885.1614556999994,"[-0.044, -0.044, -0.044, -0.044, -0.044, -0.044, -0.044, -0.044, -0.044, -0.044, -0.044, -0.044, -0.044, -0.044, -0.044, -0.044, -0.044, -0.044, -0.044, -0.044, -0.044, -0.044, -0.044, -0.044, -0.044, -0.044, -0.044, -0.044, -0.044, -0.044, -0.044, -0.044, -0.044, -0.044, -0.044, -0.044, -0.044, -0.044, -0.044, -0.044, -0.044, -0.044, -0.044, -0.044, -0.044, -0.044, -0.044, -0.044, -0.044, -0.044, -0.044, -0.036, -0.028, -0.02, -0.012, -0.004, 0.004, 0.012, 0.02, 0.028, 0.036, 0.044, 0.052, 0.06, 0.068, 0.076, 0.084, 0.092, 0.1, 0.108, 0.116, 0.124, 0.132, 0.14, 0.148, 0.156, 0.164, 0.172, 0.18, 0.18, 0.18, 0.18, 0.18, 0.18, 0.18, 0.18, 0.18, 0.18, 0.18, 0.18, 0.18, 0.18, 0.18, 0.18, 0.18, 0.18, 0.18]",None,None,['right'],[0.8196633000006841],[0.4801437000005535],up,1.579714100000274,None,885.1618683999986,885.1771250000002,885.4271362,885.410593999999,885.4109778999991,885.4271362,,886.4271663999989,,886.4106341999995,1,1,,,885.4271362,886.4271663999989,,,,,,,,,,,,,,,,,,,202605,,D,2026-08-12_18h59.12.320,valence_final_v2,2024.2.4,60,2026-08-12 18h59.30.846082 -0600,
3,3,0,1,1,baseline,26,2.7,0.14,3.0,0.072,flat,curv_flat,0.0,0.0,0.14,rew,input_data/stims/Shape_2.70_3.00.png,input_data/stims/Shape_0.00_2.00.png,input_data/stims/Shape_4.00_2.00.png,1,1,1.0,1.0,1,up,11.07073599999967,None,up,1.4922888999990391,None,None,None,['left'],[0.974888099999589],[0.6239826000000903],up,1.7509028999993461,None,3,0,3,0,0,3,3,26,886.4271663999989,,,,,,,,,,,,,,,,,886.4112578999993,0.0006255000007513445,887.4949916999994,887.4953821999989,887.510534699999,888.5105428999996,888.4940055999996,888.4944283000004,0.0004332999997131992,889.8788513999989,889.8806296999992,889.8939293000003,889.8939293000003,889.8939293000003,889.8939293000003,889.8939293000003,889.8939293000003,889.8939293000003,891.6616486000003,"[0.072, 0.072, 0.072, 0.072, 0.072, 0.072, 0.072, 0.072, 0.072, 0.072, 0.072, 0.072, 0.072, 0.072, 0.072, 0.072, 0.072, 0.072, 0.072, 0.072, 0.072, 0.072, 0.072, 0.072, 0.072, 0.072, 0.072, 0.072, 0.072, 0.072, 0.072, 0.072, 0.072, 0.072, 0.072, 0.072, 0.072, 0.072, 0.072, 0.072, 0.072, 0.072, 0.072, 0.072, 0.072, 0.072, 0.072, 0.072, 0.072, 0.072, 0.072, 0.072, 0.072, 0.072, 0.072, 0.072, 0.072, 0.072, 0.072, 0.072, 0.064, 0.056, 0.048, 0.04, 0.032, 0.024, 0.016, 0.008, 0.0, -0.008, -0.016, -0.024, -0.032, -0.04, -0.048, -0.056, -0.064, -0.072, -0.08, -0.088, -0.096, -0.104, -0.112, -0.12, -0.128, -0.136, -0.144, -0.152, -0.16, -0.168, -0.176, -0.184, -0.192, -0.2, -0.208, -0.216, -0.224, -0.224, -0.224, -0.224, -0.224, -0.224, -0.224, -0.224, -0.224, -0.224, -0.224, -0.224]",None,None,['left'],[0.974888099999589],[0.6239826000000903],up,1.7509028999993461,None,891.6620475999989,891.6773331000004,891.9273052999997,891.9107660999998,891.9111465999995,891.9273052999997,,892.9273326999992,,892.9109392999999,0,-1,,,,,891.9273052999997,892.9273326999992,,,,,,,,,,,,,,,,,202605,,D,2026-08-12_18h59.12.320,valence_final_v2,2024.2.4,60,2026-08-12 18h59.30.846082 -0600,
4,4,0,1,1,baseline,8,0.9,-0.22,3.0,0.148,curv,curv_flat,0.0,0.0,-0.22,pen,input_data/stims/Shape_0.90_3.00.png,input_data/stims/Shape_0.00_2.00.png,input_data/stims/Shape_4.00_2.00.png,-1,1,1.0,1.0,-1,up,11.07073599999967,None,up,1.4922888999990391,None,None,None,"['left', 'left']","[0.8326400999994803, 1.5607211000005918]","[0.36800380000022415, 0.1600029999990511]",up,1.9927428999999393,None,3,0,3,0,0,4,4,8,892.9273326999992,,,,,,,,,,,,,,,,,892.9115445999996,0.0006073999993532198,893.7958903999988,893.7966691999991,893.810706799999,894.8107177000002,894.7941735000004,894.7946008999988,0.0004386000000522472,896.2292426000004,896.2306826999993,896.2441185999996,896.2441185999996,896.2441185999996,896.2441185999996,896.2441185999996,896.2441185999996,896.2441185999996,898.2451366999994,"[0.148, 0.148, 0.148, 0.148, 0.148, 0.148, 0.148, 0.148, 0.148, 0.148, 0.148, 0.148, 0.148, 0.148, 0.148, 0.148, 0.148, 0.148, 0.148, 0.148, 0.148, 0.148, 0.148, 0.148, 0.148, 0.148, 0.148, 0.148, 0.148, 0.148, 0.148, 0.148, 0.148, 0.148, 0.148, 0.148, 0.148, 0.148, 0.148, 0.148, 0.148, 0.148, 0.148, 0.148, 0.148, 0.148, 0.148, 0.148, 0.148, 0.148, 0.148, 0.14, 0.132, 0.124, 0.116, 0.108, 0.1, 0.092, 0.084, 0.076, 0.068, 0.06, 0.052, 0.044, 0.036, 0.028, 0.02, 0.012, 0.004, -0.004, -0.012, -0.02, -0.028, -0.036, -0.036, -0.036, -0.036, -0.036, -0.036, -0.036, -0.036, -0.036, -0.036, -0.036, -0.036, -0.036, -0.036, -0.036, -0.036, -0.036, -0.036, -0.036, -0.036, -0.036, -0.036, -0.044, -0.052, -0.06, -0.068, -0.076, -0.084, -0.092, -0.1, -0.108, -0.116, -0.116, -0.116, -0.116, -0.116, -0.116, -0.116, -0.116, -0.116, -0.116, -0.116, -0.116, -0.116, -0.116, -0.116, -0.116, -0.116, -0.116]",None,None,"['left', 'left']","[0.8326400999994803, 1.5607211000005918]","[0.36800380000022415, 0.1600029999990511]",up,1.9927428999999393,None,898.245531999999,898.2608362999999,898.5108232000002,898.4942910999998,898.4946830999997,898.5108232000002,,899.5108741000004,,899.4943636999997,1,1,,,898.5108232000002,899.5108741000004,,,,,,,,,,,,,,,,,,,202605,,D,2026-08-12_18h59.12.320,valence_final_v2,2024.2.4,60,2026-08-12 18h59.30.846082 -0600,
5,5,0,1,1,baseline,18,1.9,-0.02,1.0,-0.124,curv,curv_flat,0.0,0.0,-0.02,pen,input_data/stims/Shape_1.90_1.00.png,input_data/stims/Shape_0.00_2.00.png,input_data/stims/Shape_4.00_2.00.png,-1,1,-1.0,-1.0,-1,up,11.07073599999967,None,up,1.4922888999990391,None,None,None,['right'],[0.7211650999997801],[0.543848600000274],up,1.8251172000000224,None,3,0,3,0,0,5,5,18,899.5108741000004,,,,,,,,,,,,,,,,,899.4949790999999,0.0006171999993966892,900.4788940999988,900.4793116000001,900.4942329999994,901.4942625000003,901.4777870999987,901.4782197999994,0.0004427999992913101,902.8119373999998,902.8135884999992,902.8276597000004,902.8276597000004,902.8276597000004,902.8276597000004,902.8276597000004,902.8276597000004,902.8276597000004,904.6621083999999,"[-0.124, -0.124, -0.124, -0.124, -0.124, -0.124, -0.124, -0.124, -0.124, -0.124, -0.124, -0.124, -0.124, -0.124, -0.124, -0.124, -0.124, -0.124, -0.124, -0.124, -0.124, -0.124, -0.124, -0.124, -0.124, -0.124, -0.124, -0.124, -0.124, -0.124, -0.124, -0.124, -0.124, -0.124, -0.124, -0.124, -0.124, -0.124, -0.124, -0.124, -0.124, -0.124, -0.124, -0.124, -0.124, -0.116, -0.108, -0.1, -0.092, -0.084, -0.076, -0.068, -0.06, -0.052, -0.044, -0.036, -0.028, -0.02, -0.012, -0.004, 0.004, 0.012, 0.02, 0.028, 0.036, 0.044, 0.052, 0.06, 0.068, 0.076, 0.084, 0.092, 0.1, 0.108, 0.116, 0.124, 0.132, 0.132, 0.132, 0.132, 0.132, 0.132, 0.132, 0.132, 0.132, 0.132, 0.132, 0.132, 0.132, 0.132, 0.132, 0.132, 0.132, 0.132, 0.132, 0.132, 0.132, 0.132, 0.132, 0.132, 0.132, 0.132, 0.132, 0.132, 0.132, 0.132, 0.132, 0.132, 0.132, 0.132, 0.132, 0.132]",None,None,['right'],[0.7211650999997801],[0.543848600000274],up,1.8251172000000224,None,904.6624996999999,904.6777867000001,904.927791099999,904.9112676999994,904.9116682999993,904.927791099999,904.927791099999,905.9278083999998,905.9278083999998,905.9113017,0,-3,,,,,,,,,,,,,,,,,,,,,,,202605,,D,2026-08-12_18h59.12.320,valence_final_v2,2024.2.4,60,2026-08-12 18h59.30.846082 -0600,
6,6,0,1,1,baseline,0,0.1,-0.38,1.0,-0.328,curv,curv_flat,0.0,0.0,-0.38,pen,input_data/stims/Shape_0.10_1.00.png,input_data/stims/Shape_0.00_2.00.png,input_data/stims/Shape_4.00_2.00.png,-1,1,-1.0,-1.0,-1,up,11.07073599999967,None,up,1.4922888999990391,None,None,None,['right'],[0.9595058999984758],[1.1039510999999038],up,2.2634922999986884,None,3,0,3,0,0,6,6,0,905.9278083999998,,,,,,,,,,,,,,,,,905.9119240999989,0.0006237000015971716,906.9963914999989,906.9968243000003,907.0120079999997,908.012156499999,907.9953761999986,907.9958138000002,0.0004500999984884402,909.4304348999995,909.4319884999986,909.4452927999992,909.4452927999992,909.4452927999992,909.4452927999992,909.4452927999992,909.4452927999992,909.4452927999992,911.7132848000001,"[-0.328, -0.328, -0.328, -0.328, -0.328, -0.328, -0.328, -0.328, -0.328, -0.328, -0.328, -0.328, -0.328, -0.328, -0.328, -0.328, -0.328, -0.328, -0.328, -0.328, -0.328, -0.328, -0.328, -0.328, -0.328, -0.328, -0.328, -0.328, -0.328, -0.328, -0.328, -0.328, -0.328, -0.328, -0.328, -0.328, -0.328, -0.328, -0.328, -0.328, -0.328, -0.328, -0.328, -0.328, -0.328, -0.328, -0.328, -0.328, -0.328, -0.328, -0.328, -0.328, -0.328, -0.328, -0.328, -0.328, -0.328, -0.328, -0.328, -0.32, -0.312, -0.304, -0.296, -0.288, -0.28, -0.272, -0.264, -0.256, -0.248, -0.24, -0.232, -0.224, -0.216, -0.208, -0.2, -0.192, -0.184, -0.176, -0.168, -0.16, -0.152, -0.144, -0.136, -0.128, -0.12, -0.112, -0.104, -0.096, -0.088, -0.08, -0.072, -0.064, -0.056, -0.048, -0.04, -0.032, -0.024, -0.016, -0.008, 0.0, 0.008, 0.016, 0.024, 0.032, 0.04, 0.048, 0.056, 0.064, 0.072, 0.08, 0.088, 0.096, 0.104, 0.112, 0.12, 0.128, 0.136, 0.144, 0.152, 0.16, 0.168, 0.176, 0.184, 0.192, 0.2, 0.2, 0.2, 0.2, 0.2, 0.2, 0.2, 0.2, 0.2, 0.2, 0.2, 0.2, 0.2, 0.2]",None,None,['right'],[0.9595058999984758],[1.1039510999999038],up,2.2634922999986884,None,911.7137738000001,911.7287584999995,911.979218299999,911.9626024999998,911.9629785999987,911.979218299999,911.979218299999,912.9792447,912.9792447,912.962666899999,0,-3,,,,,,,,,,,,,,,,,,,,,,,202605,,D,2026-08-12_18h59.12.320,valence_final_v2,2024.2.4,60,2026-08-12 18h59.30.846082 -0600,
7,7,0,1,1,baseline,11,1.1,-0.18,1.0,0.388,curv,flat_curv,0.0,0.0,0.18,pen,input_data/stims/Shape_1.10_1.00.png,input_data/stims/Shape_4.00_2.00.png,input_data/stims/Shape_0.00_2.00.png,-1,-1,1.0,-1.0,-1,up,11.07073599999967,None,up,1.4922888999990391,None,None,None,['left'],[0.6620832999997219],[1.2800551000000269],up,2.110118799999327,None,3,0,3,0,0,7,7,11,912.9792447,,,,,,,,,,,,,,,,,912.9632719000001,0.000605199998972239,913.948531099999,913.9489945999994,913.9612631,914.9612703999992,914.9447392999991,914.9451659999995,0.0004371999984869035,916.2792584999988,916.2808800000003,916.2946763999989,916.2946763999989,916.2946763999989,916.2946763999989,916.2946763999989,916.2946763999989,916.2946763999989,918.4124011000004,"[0.388, 0.388, 0.388, 0.388, 0.388, 0.388, 0.388, 0.388, 0.388, 0.388, 0.388, 0.388, 0.388, 0.388, 0.388, 0.388, 0.388, 0.388, 0.388, 0.388, 0.388, 0.388, 0.388, 0.388, 0.388, 0.388, 0.388, 0.388, 0.388, 0.388, 0.388, 0.388, 0.388, 0.388, 0.388, 0.388, 0.388, 0.388, 0.388, 0.388, 0.388, 0.38, 0.372, 0.364, 0.356, 0.348, 0.34, 0.332, 0.324, 0.316, 0.308, 0.3, 0.292, 0.284, 0.276, 0.268, 0.26, 0.252, 0.244, 0.236, 0.228, 0.22, 0.212, 0.204, 0.196, 0.188, 0.18, 0.172, 0.164, 0.156, 0.148, 0.14, 0.132, 0.124, 0.116, 0.108, 0.1, 0.092, 0.084, 0.076, 0.068, 0.06, 0.052, 0.044, 0.036, 0.028, 0.02, 0.012, 0.004, -0.004, -0.012, -0.02, -0.028, -0.036, -0.044, -0.052, -0.06, -0.068, -0.076, -0.084, -0.092, -0.1, -0.108, -0.116, -0.124, -0.132, -0.14, -0.148, -0.156, -0.164, -0.172, -0.18, -0.188, -0.196, -0.204, -0.212, -0.22, -0.228, -0.228, -0.228, -0.228, -0.228, -0.228, -0.228, -0.228, -0.228, -0.228, -0.228, -0.228]",None,None,['left'],[0.6620832999997219],[1.2800551000000269],up,2.110118799999327,None,918.4128204999997,918.4280870999992,918.6780464999993,918.6615086999991,918.6618828999999,918.6780464999993,918.6780464999993,919.6780726999987,919.6780726999987,919.6615483999994,0,-3,,,,,,,,,,,,,,,,,,,,,,,202605,,D,2026-08-12_18h59.12.320,valence_final_v2,2024.2.4,60,2026-08-12 18h59.30.846082 -0600,
8,8,0,1,1,baseline,33,3.3,0.26,3.0,-0.176,flat,flat_curv,0.0,0.0,-0.26,rew,input_data/stims/Shape_3.30_3.00.png,input_data/stims/Shape_4.00_2.00.png,input_data/stims/Shape_0.00_2.00.png,1,-1,-1.0,1.0,1,up,11.07073599999967,None,up,1.4922888999990391,None,None,None,"['right', 'right']","[0.9439473999991606, 1.7519054999993386]","[0.4480106999999407, 0.22398670000075072]",up,2.383922699998948,None,3,0,3,0,0,8,8,33,919.6780726999987,,,,,,,,,,,,,,,,,919.6621501999998,0.0006023999994795304,920.7475913999988,920.7481334000004,920.7614470999997,921.7614744999992,921.7449172999986,921.7453475000002,0.0004400999987410614,923.2305152999998,923.2318164999997,923.2448692999988,923.2448692999988,923.2448692999988,923.2448692999988,923.2448692999988,923.2448692999988,923.2448692999988,925.6459290000003,"[-0.176, -0.176, -0.176, -0.176, -0.176, -0.176, -0.176, -0.176, -0.176, -0.176, -0.176, -0.176, -0.176, -0.176, -0.176, -0.176, -0.176, -0.176, -0.176, -0.176, -0.176, -0.176, -0.176, -0.176, -0.176, -0.176, -0.176, -0.176, -0.176, -0.176, -0.176, -0.176, -0.176, -0.176, -0.176, -0.176, -0.176, -0.176, -0.176, -0.176, -0.176, -0.176, -0.176, -0.176, -0.176, -0.176, -0.176, -0.176, -0.176, -0.176, -0.176, -0.176, -0.176, -0.176, -0.168, -0.16, -0.152, -0.144, -0.136, -0.128, -0.12, -0.112, -0.104, -0.096, -0.088, -0.08, -0.072, -0.064, -0.056, -0.048, -0.04, -0.032, -0.024, -0.016, -0.008, 0.0, 0.008, 0.016, 0.024, 0.032, 0.04, 0.04, 0.04, 0.04, 0.04, 0.04, 0.04, 0.04, 0.04, 0.04, 0.04, 0.04, 0.04, 0.04, 0.04, 0.04, 0.04, 0.04, 0.04, 0.04, 0.04, 0.04, 0.04, 0.048, 0.056, 0.064, 0.072, 0.08, 0.088, 0.096, 0.104, 0.112, 0.12, 0.128, 0.136, 0.144, 0.144, 0.144, 0.144, 0.144, 0.144, 0.144, 0.144, 0.144, 0.144, 0.144, 0.144, 0.144, 0.144, 0.144, 0.144, 0.144, 0.144, 0.144, 0.144, 0.144, 0.144, 0.144, 0.144, 0.144, 0.144, 0.144]",None,None,"['right', 'right']","[0.9439473999991606, 1.7519054999993386]","[0.4480106999999407, 0.22398670000075072]",up,2.383922699998948,None,925.6463416999995,925.6615892999998,925.9116052999998,925.8950934999993,925.8954844,925.9116052999998,,926.911677099999,,926.8952518999995,0,-1,,,,,925.9116052999998,926.911677099999,,,,,,,,,,,,,,,,,202605,,D,2026-08-12_18h59.12.320,valence_final_v2,2024.2.4,60,2026-08-12 18h59.30.846082 -0600,
9,9,0,1,1,baseline,24,2.5,0.1,3.0,0.356,flat,curv_flat,0.0,0.0,0.1,rew,input_data/stims/Shape_2.50_3.00.png,input_data/stims/Shape_0.00_2.00.png,input_data/stims/Shape_4.00_2.00.png,1,1,1.0,1.0,1,up,11.07073599999967,None,up,1.4922888999990391,None,None,None,['left'],[0.7323827000000165],[1.064026100000774],up,2.0204529000002367,None,3,0,3,0,0,9,9,24,926.911677099999,,,,,,,,,,,,,,,,,926.8959108999989,0.000662200000078883,927.8802715999991,927.8809975000004,927.8949825,928.8950057000002,928.8784763999993,928.8789003000002,0.00043390000064391643,930.312849599999,930.3141118999993,930.3283799000001,930.3283799000001,930.3283799000001,930.3283799000001,930.3283799000001,930.3283799000001,930.3283799000001,932.3627925000001,"[0.356, 0.356, 0.356, 0.356, 0.356, 0.356, 0.356, 0.356, 0.356, 0.356, 0.356, 0.356, 0.356, 0.356, 0.356, 0.356, 0.356, 0.356, 0.356, 0.356, 0.356, 0.356, 0.356, 0.356, 0.356, 0.356, 0.356, 0.356, 0.356, 0.356, 0.356, 0.356, 0.356, 0.356, 0.356, 0.356, 0.356, 0.356, 0.356, 0.356, 0.356, 0.356, 0.356, 0.356, 0.356, 0.348, 0.34, 0.332, 0.324, 0.316, 0.308, 0.3, 0.292, 0.284, 0.276, 0.268, 0.26, 0.252, 0.244, 0.236, 0.228, 0.22, 0.212, 0.204, 0.196, 0.188, 0.18, 0.172, 0.164, 0.156, 0.148, 0.14, 0.132, 0.124, 0.116, 0.108, 0.1, 0.092, 0.084, 0.076, 0.068, 0.06, 0.052, 0.044, 0.036, 0.028, 0.02, 0.012, 0.004, -0.004, -0.012, -0.02, -0.028, -0.036, -0.044, -0.052, -0.06, -0.068, -0.076, -0.084, -0.092, -0.1, -0.108, -0.116, -0.124, -0.132, -0.14, -0.148, -0.156, -0.156, -0.156, -0.156, -0.156, -0.156, -0.156, -0.156, -0.156, -0.156, -0.156, -0.156, -0.156, -0.156, -0.156, -0.156]",None,None,['left'],[0.7323827000000165],[1.064026100000774],up,2.0204529000002367,None,932.3632132000002,932.3784490999988,932.6284402000001,932.6119442999989,932.612333699999,932.6284402000001,,933.6284720999993,,933.6119629999994,0,-1,,,,,932.6284402000001,933.6284720999993,,,,,,,,,,,,,,,,,202605,,D,2026-08-12_18h59.12.320,valence_final_v2,2024.2.4,60,2026-08-12 18h59.30.846082 -0600,
10,10,0,1,1,baseline,32,3.3,0.26,1.0,-0.036,flat,curv_flat,0.0,0.0,0.26,rew,input_data/stims/Shape_3.30_1.00.png,input_data/stims/Shape_0.00_2.00.png,input_data/stims/Shape_4.00_2.00.png,1,1,-1.0,-1.0,1,up,11.07073599999967,None,up,1.4922888999990391,None,None,None,"['right', 'left']","[1.1855357000004005, 2.161568700001226]","[0.4480892000010499, 0.7280050999997911]",None,,,3,0,3,0,0,10,10,32,933.6284720999993,,,,,,,,,,,,,,,,,933.6125794,0.0006193000008352101,934.5465623,934.5469702999999,934.5618331999995,935.5618486000003,935.5453018999997,935.5457251999997,0.00043419999929028563,936.9798028999994,936.9813166999993,936.9952316999988,936.9952316999988,936.9952316999988,936.9952316999988,936.9952316999988,936.9952316999988,936.9952316999988,939.9795283000003,"[-0.036, -0.036, -0.036, -0.036, -0.036, -0.036, -0.036, -0.036, -0.036, -0.036, -0.036, -0.036, -0.036, -0.036, -0.036, -0.036, -0.036, -0.036, -0.036, -0.036, -0.036, -0.036, -0.036, -0.036, -0.036, -0.036, -0.036, -0.036, -0.036, -0.036, -0.036, -0.036, -0.036, -0.036, -0.036, -0.036, -0.036, -0.036, -0.036, -0.036, -0.036, -0.036, -0.036, -0.036, -0.036, -0.036, -0.036, -0.036, -0.036, -0.036, -0.036, -0.036, -0.036, -0.036, -0.036, -0.036, -0.036, -0.036, -0.036, -0.036, -0.036, -0.036, -0.036, -0.036, -0.036, -0.036, -0.036, -0.036, -0.036, -0.036, -0.036, -0.036, -0.036, -0.028, -0.02, -0.012, -0.004, 0.004, 0.012, 0.02, 0.028, 0.036, 0.044, 0.052, 0.06, 0.068, 0.076, 0.084, 0.092, 0.1, 0.108, 0.116, 0.124, 0.132, 0.14, 0.148, 0.156, 0.164, 0.172, 0.18, 0.18, 0.18, 0.18, 0.18, 0.18, 0.18, 0.18, 0.18, 0.18, 0.18, 0.18, 0.18, 0.18, 0.18, 0.18, 0.18, 0.18, 0.18, 0.18, 0.18, 0.18, 0.18, 0.18, 0.18, 0.18, 0.18, 0.18, 0.18, 0.18, 0.18, 0.18, 0.172, 0.164, 0.156, 0.148, 0.14, 0.132, 0.124, 0.116, 0.108, 0.1, 0.092, 0.084, 0.076, 0.068, 0.06, 0.052, 0.044, 0.036, 0.028, 0.02, 0.012, 0.004, -0.004, -0.012, -0.02, -0.028, -0.036, -0.044, -0.052, -0.06, -0.068, -0.076, -0.084, -0.092, -0.1, -0.108, -0.116, -0.124, -0.132, -0.14, -0.148, -0.156, -0.164, -0.172, -0.172, -0.172, -0.172, -0.172, -0.172, -0.172]",None,None,"['right', 'left']","[1.1855357000004005, 2.161568700001226]","[0.4480892000010499, 0.7280050999997911]",None,,,939.9800235000002,939.995304,940.2453103999997,940.2287761999996,940.2309471999997,940.2453103999997,,941.2453495999998,,941.2288399999998,0,-1,,,,,940.2453103999997,941.2453495999998,939.995304,939.995304,939.995304,939.995304,939.995304,939.995304,939.995304,,,,,,,,,,202605,,D,2026-08-12_18h59.12.320,valence_final_v2,2024.2.4,60,2026-08-12 18h59.30.846082 -0600,
11,11,0,1,1,baseline,39,3.9,0.38,3.0,0.024,flat,flat_curv,0.0,0.0,-0.38,rew,input_data/stims/Shape_3.90_3.00.png,input_data/stims/Shape_4.00_2.00.png,input_data/stims/Shape_0.00_2.00.png,1,-1,1.0,1.0,1,up,11.07073599999967,None,up,1.4922888999990391,None,None,None,['left'],[0.8947111000015866],[0.543944899998678],up,1.7426945000006526,None,3,0,3,0,0,11,11,39,941.2453495999998,,,,,,,,,,,,,,,,,941.2294482999987,0.0006102000006649178,942.1644844000002,942.1649433999992,942.1787090999987,943.1787268999997,943.1622162000003,943.1626596999995,0.00045400000090012327,944.4466758999988,944.4480598999999,944.4620999999988,944.4620999999988,944.4620999999988,944.4620999999988,944.4620999999988,944.4620999999988,944.4620999999988,946.2131140999991,"[0.024, 0.024, 0.024, 0.024, 0.024, 0.024, 0.024, 0.024, 0.024, 0.024, 0.024, 0.024, 0.024, 0.024, 0.024, 0.024, 0.024, 0.024, 0.024, 0.024, 0.024, 0.024, 0.024, 0.024, 0.024, 0.024, 0.024, 0.024, 0.024, 0.024, 0.024, 0.024, 0.024, 0.024, 0.024, 0.024, 0.024, 0.024, 0.024, 0.024, 0.024, 0.024, 0.024, 0.024, 0.024, 0.024, 0.024, 0.024, 0.024, 0.024, 0.024, 0.024, 0.024, 0.024, 0.024, 0.016, 0.008, 0.0, -0.008, -0.016, -0.024, -0.032, -0.04, -0.048, -0.056, -0.064, -0.072, -0.08, -0.088, -0.096, -0.104, -0.112, -0.12, -0.128, -0.136, -0.144, -0.152, -0.16, -0.168, -0.176, -0.184, -0.192, -0.2, -0.208, -0.216, -0.224, -0.232, -0.24, -0.24, -0.24, -0.24, -0.24, -0.24, -0.24, -0.24, -0.24, -0.24, -0.24, -0.24, -0.24, -0.24, -0.24, -0.24, -0.24, -0.24, -0.24, -0.24]",None,None,['left'],[0.8947111000015866],[0.543944899998678],up,1.7426945000006526,None,946.2135206999992,946.2288318999999,946.4788258999997,946.4622808000004,946.4631415000003,946.4788258999997,,947.4788565999988,,947.4623449999999,1,3,946.4788258999997,947.4788565999988,,,,,,,,,,,,,,,,,,,,,202605,,D,2026-08-12_18h59.12.320,valence_final_v2,2024.2.4,60,2026-08-12 18h59.30.846082 -0600,
12,12,0,1,1,baseline,38,3.9,0.38,3.0,-0.008,flat,curv_flat,0.0,0.0,0.38,rew,input_data/stims/Shape_3.90_3.00.png,input_data/stims/Shape_0.00_2.00.png,input_data/stims/Shape_4.00_2.00.png,1,1,-1.0,1.0,1,up,11.07073599999967,None,up,1.4922888999990391,None,None,None,['right'],[1.7132017999992968],[0.5039262999998755],up,2.4171317999989697,None,3,0,3,0,0,12,12,38,947.4788565999988,,,,,,,,,,,,,,,,,947.4629678999991,0.0006255000007513445,948.4964677999997,948.4968711000001,948.5122142,949.5122243999995,949.4956906999996,949.496124199999,0.0004439999993337551,950.9805481000003,950.9817758999998,950.9956230999996,950.9956230999996,950.9956230999996,950.9956230999996,950.9956230999996,950.9956230999996,950.9956230999996,953.4299954999988,"[-0.008, -0.008, -0.008, -0.008, -0.008, -0.008, -0.008, -0.008, -0.008, -0.008, -0.008, -0.008, -0.008, -0.008, -0.008, -0.008, -0.008, -0.008, -0.008, -0.008, -0.008, -0.008, -0.008, -0.008, -0.008, -0.008, -0.008, -0.008, -0.008, -0.008, -0.008, -0.008, -0.008, -0.008, -0.008, -0.008, -0.008, -0.008, -0.008, -0.008, -0.008, -0.008, -0.008, -0.008, -0.008, -0.008, -0.008, -0.008, -0.008, -0.008, -0.008, -0.008, -0.008, -0.008, -0.008, -0.008, -0.008, -0.008, -0.008, -0.008, -0.008, -0.008, -0.008, -0.008, -0.008, -0.008, -0.008, -0.008, -0.008, -0.008, -0.008, -0.008, -0.008, -0.008, -0.008, -0.008, -0.008, -0.008, -0.008, -0.008, -0.008, -0.008, -0.008, -0.008, -0.008, -0.008, -0.008, -0.008, -0.008, -0.008, -0.008, -0.008, -0.008, -0.008, -0.008, -0.008, -0.008, -0.008, -0.008, -0.008, -0.008, -0.008, -0.008, -0.008, 0.0, 0.008, 0.016, 0.024, 0.032, 0.04, 0.048, 0.056, 0.064, 0.072, 0.08, 0.088, 0.096, 0.104, 0.112, 0.12, 0.128, 0.136, 0.144, 0.152, 0.16, 0.168, 0.176, 0.184, 0.192, 0.2, 0.208, 0.216, 0.224, 0.232, 0.24, 0.24, 0.24, 0.24, 0.24, 0.24, 0.24, 0.24, 0.24, 0.24, 0.24, 0.24, 0.24, 0.24]",None,None,['right'],[1.7132017999992968],[0.5039262999998755],up,2.4171317999989697,None,953.4304276999992,953.4456809000003,953.6956823,953.6791802999996,953.6795685999987,953.6956823,,954.6957003999996,,954.6792155000003,1,3,953.6956823,954.6957003999996,,,,,,,,,,,,,,,,,,,,,202605,,D,2026-08-12_18h59.12.320,valence_final_v2,2024.2.4,60,2026-08-12 18h59.30.846082 -0600,
13,13,0,1,1,baseline,14,1.5,-0.1,3.0,-0.34,curv,curv_flat,0.0,0.0,-0.1,pen,input_data/stims/Shape_1.50_3.00.png,input_data/stims/Shape_0.00_2.00.png,input_data/stims/Shape_4.00_2.00.png,-1,1,-1.0,1.0,-1,up,11.07073599999967,None,up,1.4922888999990391,None,None,None,['right'],[0.736267799999041],[0.9519746999994823],up,1.7923178999990341,None,3,0,3,0,0,13,13,14,954.6957003999996,,,,,,,,,,,,,,,,,954.6798252999997,0.000611600000411272,955.7145564999992,955.7149912999994,955.7290928999992,956.7291074000004,956.7125508999998,956.7129695000003,0.0004293000001780456,958.1967064,958.1980408999989,958.2124927000004,958.2124927000004,958.2124927000004,958.2124927000004,958.2124927000004,958.2124927000004,958.2124927000004,960.0135179999997,"[-0.34, -0.34, -0.34, -0.34, -0.34, -0.34, -0.34, -0.34, -0.34, -0.34, -0.34, -0.34, -0.34, -0.34, -0.34, -0.34, -0.34, -0.34, -0.34, -0.34, -0.34, -0.34, -0.34, -0.34, -0.34, -0.34, -0.34, -0.34, -0.34, -0.34, -0.34, -0.34, -0.34, -0.34, -0.34, -0.34, -0.34, -0.34, -0.34, -0.34, -0.34, -0.34, -0.34, -0.34, -0.34, -0.34, -0.332, -0.324, -0.316, -0.308, -0.3, -0.292, -0.284, -0.276, -0.268, -0.26, -0.252, -0.244, -0.236, -0.228, -0.22, -0.212, -0.204, -0.196, -0.188, -0.18, -0.172, -0.164, -0.156, -0.148, -0.14, -0.132, -0.124, -0.116, -0.108, -0.1, -0.092, -0.084, -0.076, -0.068, -0.06, -0.052, -0.044, -0.036, -0.028, -0.02, -0.012, -0.004, 0.004, 0.012, 0.02, 0.028, 0.036, 0.044, 0.052, 0.06, 0.068, 0.076, 0.084, 0.092, 0.1, 0.108, 0.116, 0.116, 0.116, 0.116, 0.116, 0.116, 0.116, 0.116]",None,None,['right'],[0.736267799999041],[0.9519746999994823],up,1.7923178999990341,None,960.0139421999993,960.0292167999996,960.2792031999998,960.2626757999988,960.2630591999987,960.2792031999998,960.2792031999998,961.279253499999,961.279253499999,961.262720499999,0,-3,,,,,,,,,,,,,,,,,,,,,,,202605,,D,2026-08-12_18h59.12.320,valence_final_v2,2024.2.4,60,2026-08-12 18h59.30.846082 -0600,
14,14,0,1,1,baseline,10,1.1,-0.18,3.0,-0.128,curv,curv_flat,0.0,0.0,-0.18,pen,input_data/stims/Shape_1.10_3.00.png,input_data/stims/Shape_0.00_2.00.png,input_data/stims/Shape_4.00_2.00.png,-1,1,-1.0,1.0,-1,up,11.07073599999967,None,up,1.4922888999990391,None,None,None,None,,,up,0.9558655000000726,None,3,0,3,0,0,14,14,10,961.279253499999,,,,,,,,,,,,,,,,,961.2633327999993,0.0006133999995654449,962.1987172999998,962.1990936000002,962.2129690999991,963.2127282000001,963.1964389999994,963.1968639999996,0.00043550000009418,964.6808033999987,964.6821060000002,964.6968895999998,964.6968895999998,964.6968895999998,964.6968895999998,964.6968895999998,964.6968895999998,964.6968895999998,965.664998799999,"[-0.128, -0.128, -0.128, -0.128, -0.128, -0.128, -0.128, -0.128, -0.128, -0.128, -0.128, -0.128, -0.128, -0.128, -0.128, -0.128, -0.128, -0.128, -0.128, -0.128, -0.128, -0.128, -0.128, -0.128, -0.128, -0.128, -0.128, -0.128, -0.128, -0.128, -0.128, -0.128, -0.128, -0.128, -0.128, -0.128, -0.128, -0.128, -0.128, -0.128, -0.128, -0.128, -0.128, -0.128, -0.128, -0.128, -0.128, -0.128, -0.128, -0.128, -0.128, -0.128, -0.128, -0.128, -0.128, -0.128, -0.128, -0.128, -0.128, -0.128]",None,None,None,,,up,0.9558655000000726,None,965.6654084999991,965.6802948000004,965.9302561000004,965.9137109999992,965.9159628999987,965.9302561000004,965.9302561000004,966.930284099999,966.930284099999,966.9136956000002,0,-3,,,,,,,,,,,,,,,,,,,,,,,202605,,D,2026-08-12_18h59.12.320,valence_final_v2,2024.2.4,60,2026-08-12 18h59.30.846082 -0600,
15,15,0,1,1,baseline,35,3.5,0.3,3.0,0.196,flat,flat_curv,0.0,0.0,-0.3,rew,input_data/stims/Shape_3.50_3.00.png,input_data/stims/Shape_4.00_2.00.png,input_data/stims/Shape_0.00_2.00.png,1,-1,1.0,1.0,1,up,11.07073599999967,None,up,1.4922888999990391,None,None,None,['left'],[0.8236770000003162],[0.7440296999993734],up,1.7516854999994393,None,3,0,3,0,0,15,15,35,966.930284099999,,,,,,,,,,,,,,,,,966.9142978,0.0006036000013409648,967.8478541999993,967.8482494,967.8636506000003,968.8636761999987,968.8470925000001,968.8475301999988,0.00044969999908062164,970.1827185000002,970.1838908999998,970.1970650999992,970.1970650999992,970.1970650999992,970.1970650999992,970.1970650999992,970.1970650999992,970.1970650999992,971.9646443999991,"[0.196, 0.196, 0.196, 0.196, 0.196, 0.196, 0.196, 0.196, 0.196, 0.196, 0.196, 0.196, 0.196, 0.196, 0.196, 0.196, 0.196, 0.196, 0.196, 0.196, 0.196, 0.196, 0.196, 0.196, 0.196, 0.196, 0.196, 0.196, 0.196, 0.196, 0.196, 0.196, 0.196, 0.196, 0.196, 0.196, 0.196, 0.196, 0.196, 0.196, 0.196, 0.196, 0.196, 0.196, 0.196, 0.196, 0.196, 0.196, 0.196, 0.196, 0.196, 0.188, 0.18, 0.172, 0.164, 0.156, 0.148, 0.14, 0.132, 0.124, 0.116, 0.108, 0.1, 0.092, 0.084, 0.076, 0.068, 0.06, 0.052, 0.044, 0.036, 0.028, 0.02, 0.012, 0.004, -0.004, -0.012, -0.02, -0.028, -0.036, -0.044, -0.052, -0.06, -0.068, -0.076, -0.084, -0.092, -0.1, -0.108, -0.116, -0.124, -0.132, -0.14, -0.148, -0.156, -0.164, -0.164, -0.164, -0.164, -0.164, -0.164, -0.164, -0.164, -0.164, -0.164, -0.164, -0.164, -0.164]",None,None,['left'],[0.8236770000003162],[0.7440296999993734],up,1.7516854999994393,None,971.9650408999987,971.9804633000003,972.2303857999996,972.2138388999992,972.2146773000004,972.2303857999996,,973.2303606999994,,973.2139255999991,1,3,972.2303857999996,973.2303606999994,,,,,,,,,,,,,,,,,,,,,202605,,D,2026-08-12_18h59.12.320,valence_final_v2,2024.2.4,60,2026-08-12 18h59.30.846082 -0600,
16,16,0,1,1,baseline,4,0.5,-0.3,1.0,0.124,curv,curv_flat,0.0,0.0,-0.3,pen,input_data/stims/Shape_0.50_1.00.png,input_data/stims/Shape_0.00_2.00.png,input_data/stims/Shape_4.00_2.00.png,-1,1,1.0,-1.0,-1,up,11.07073599999967,None,up,1.4922888999990391,None,None,None,"['left', 'left']","[0.6452883000001748, 1.6452820000013162]","[0.5279581000013422, 0.2559705000003305]",up,2.189254200000505,None,3,0,3,0,0,16,16,4,973.2303606999994,,,,,,,,,,,,,,,,,973.2145223999996,0.0005982000002404675,974.2990957999991,974.2997908999987,974.3137711999989,975.3137645999996,975.2972482999994,975.2976683999987,0.00043029999869759195,976.6327774999991,976.6344747000003,976.6475129999999,976.6475129999999,976.6475129999999,976.6475129999999,976.6475129999999,976.6475129999999,976.6475129999999,978.8482292999997,"[0.124, 0.124, 0.124, 0.124, 0.124, 0.124, 0.124, 0.124, 0.124, 0.124, 0.124, 0.124, 0.124, 0.124, 0.124, 0.124, 0.124, 0.124, 0.124, 0.124, 0.124, 0.124, 0.124, 0.124, 0.124, 0.124, 0.124, 0.124, 0.124, 0.124, 0.124, 0.124, 0.124, 0.124, 0.124, 0.124, 0.124, 0.124, 0.124, 0.124, 0.116, 0.108, 0.1, 0.092, 0.084, 0.076, 0.068, 0.06, 0.052, 0.044, 0.036, 0.028, 0.02, 0.012, 0.004, -0.004, -0.012, -0.02, -0.028, -0.036, -0.044, -0.052, -0.06, -0.068, -0.076, -0.084, -0.092, -0.1, -0.108, -0.116, -0.124, -0.132, -0.132, -0.132, -0.132, -0.132, -0.132, -0.132, -0.132, -0.132, -0.132, -0.132, -0.132, -0.132, -0.132, -0.132, -0.132, -0.132, -0.132, -0.132, -0.132, -0.132, -0.132, -0.132, -0.132, -0.132, -0.132, -0.132, -0.132, -0.132, -0.14, -0.148, -0.156, -0.164, -0.172, -0.18, -0.188, -0.196, -0.204, -0.212, -0.22, -0.228, -0.236, -0.244, -0.252, -0.26, -0.26, -0.26, -0.26, -0.26, -0.26, -0.26, -0.26, -0.26, -0.26, -0.26, -0.26, -0.26, -0.26, -0.26, -0.26, -0.26, -0.26, -0.26]",None,None,"['left', 'left']","[0.6452883000001748, 1.6452820000013162]","[0.5279581000013422, 0.2559705000003305]",up,2.189254200000505,None,978.8486513999997,978.8640653000002,979.1139265999991,979.0973341999998,979.0977194999996,979.1139265999991,,980.1139372999987,,980.0974781999994,1,1,,,979.1139265999991,980.1139372999987,,,,,,,,,,,,,,,,,,,202605,,D,2026-08-12_18h59.12.320,valence_final_v2,2024.2.4,60,2026-08-12 18h59.30.846082 -0600,
17,17,0,1,1,baseline,15,1.5,-0.1,1.0,0.384,curv,flat_curv,0.0,0.0,0.1,pen,input_data/stims/Shape_1.50_1.00.png,input_data/stims/Shape_4.00_2.00.png,input_data/stims/Shape_0.00_2.00.png,-1,-1,1.0,-1.0,-1,up,11.07073599999967,None,up,1.4922888999990391,None,None,None,"['left', 'right']","[1.1540428999996948, 2.41804620000039]","[0.9600260999995953, 0.5120120999999926]",None,,,3,0,3,0,0,17,17,15,980.1139372999987,,,,,,,,,,,,,,,,,980.0980836999988,0.0006076000008761184,981.0328136999997,981.0332242999993,981.047392299999,982.0473036000003,982.0307972999999,982.0312181999998,0.00043260000165901147,983.5157667000003,983.5170240999996,983.530718,983.530718,983.530718,983.530718,983.530718,983.530718,983.530718,986.5149621,"[0.384, 0.384, 0.384, 0.384, 0.384, 0.384, 0.384, 0.384, 0.384, 0.384, 0.384, 0.384, 0.384, 0.384, 0.384, 0.384, 0.384, 0.384, 0.384, 0.384, 0.384, 0.384, 0.384, 0.384, 0.384, 0.384, 0.384, 0.384, 0.384, 0.384, 0.384, 0.384, 0.384, 0.384, 0.384, 0.384, 0.384, 0.384, 0.384, 0.384, 0.384, 0.384, 0.384, 0.384, 0.384, 0.384, 0.384, 0.384, 0.384, 0.384, 0.384, 0.384, 0.384, 0.384, 0.384, 0.384, 0.384, 0.384, 0.384, 0.384, 0.384, 0.384, 0.384, 0.384, 0.384, 0.384, 0.384, 0.384, 0.384, 0.384, 0.384, 0.376, 0.368, 0.36, 0.352, 0.344, 0.336, 0.328, 0.32, 0.312, 0.304, 0.296, 0.288, 0.28, 0.272, 0.264, 0.256, 0.248, 0.24, 0.232, 0.224, 0.216, 0.208, 0.2, 0.192, 0.184, 0.176, 0.168, 0.16, 0.152, 0.144, 0.136, 0.128, 0.12, 0.112, 0.104, 0.096, 0.088, 0.08, 0.072, 0.064, 0.056, 0.048, 0.04, 0.032, 0.024, 0.016, 0.008, 0.0, -0.008, -0.016, -0.024, -0.032, -0.04, -0.048, -0.056, -0.064, -0.072, -0.072, -0.072, -0.072, -0.072, -0.072, -0.072, -0.072, -0.072, -0.072, -0.072, -0.072, -0.072, -0.072, -0.072, -0.072, -0.072, -0.072, -0.072, -0.072, -0.064, -0.056, -0.048, -0.04, -0.032, -0.024, -0.016, -0.008, 0.0, 0.008, 0.016, 0.024, 0.032, 0.04, 0.048, 0.056, 0.064, 0.072, 0.08, 0.088, 0.096, 0.104, 0.112, 0.12, 0.128, 0.136, 0.144, 0.152, 0.16, 0.168, 0.168, 0.168, 0.168, 0.168]",None,None,"['left', 'right']","[1.1540428999996948, 2.41804620000039]","[0.9600260999995953, 0.5120120999999926]",None,,,986.515453,986.5308523000003,986.7808882999998,986.7641911999999,986.7664054999987,986.7808882999998,986.7808882999998,987.7809423999988,987.7809423999988,987.7642658000004,0,-3,,,,,,,986.5308523000003,986.5308523000003,986.5308523000003,986.5308523000003,986.5308523000003,986.5308523000003,986.5308523000003,,,,,,,,,,202605,,D,2026-08-12_18h59.12.320,valence_final_v2,2024.2.4,60,2026-08-12 18h59.30.846082 -0600,
18,18,0,1,1,baseline,34,3.5,0.3,1.0,-0.048,flat,curv_flat,0.0,0.0,0.3,rew,input_data/stims/Shape_3.50_1.00.png,input_data/stims/Shape_0.00_2.00.png,input_data/stims/Shape_4.00_2.00.png,1,1,-1.0,-1.0,1,up,11.07073599999967,None,up,1.4922888999990391,None,None,None,['left'],[0.9551123999990523],[0.4960112000007939],up,1.8111410000001342,None,3,0,3,0,0,18,18,34,987.7809423999988,,,,,,,,,,,,,,,,,987.7648751999986,0.0006044000001566019,988.7490963,988.7498395000002,988.7641927000004,989.7641891000003,989.7476430999996,989.7480617000001,0.0004288000000087777,991.0821297000002,991.0834562999989,991.0976474999989,991.0976474999989,991.0976474999989,991.0976474999989,991.0976474999989,991.0976474999989,991.0976474999989,992.9153698999999,"[-0.048, -0.048, -0.048, -0.048, -0.048, -0.048, -0.048, -0.048, -0.048, -0.048, -0.048, -0.048, -0.048, -0.048, -0.048, -0.048, -0.048, -0.048, -0.048, -0.048, -0.048, -0.048, -0.048, -0.048, -0.048, -0.048, -0.048, -0.048, -0.048, -0.048, -0.048, -0.048, -0.048, -0.048, -0.048, -0.048, -0.048, -0.048, -0.048, -0.048, -0.048, -0.048, -0.048, -0.048, -0.048, -0.048, -0.048, -0.048, -0.048, -0.048, -0.048, -0.048, -0.048, -0.048, -0.048, -0.048, -0.048, -0.048, -0.048, -0.056, -0.064, -0.072, -0.08, -0.088, -0.096, -0.104, -0.112, -0.12, -0.128, -0.136, -0.144, -0.152, -0.16, -0.168, -0.176, -0.184, -0.192, -0.2, -0.208, -0.216, -0.224, -0.232, -0.24, -0.248, -0.256, -0.264, -0.272, -0.28, -0.288, -0.288, -0.288, -0.288, -0.288, -0.288, -0.288, -0.288, -0.288, -0.288, -0.288, -0.288, -0.288, -0.288, -0.288, -0.288, -0.288, -0.288, -0.288, -0.288, -0.288, -0.288, -0.288]",None,None,['left'],[0.9551123999990523],[0.4960112000007939],up,1.8111410000001342,None,992.9157716999998,992.9310010999998,993.1810712999995,993.1639732999993,993.1648322000001,993.1810712999995,,994.1811354999991,,994.164424999999,0,-1,,,,,993.1810712999995,994.1811354999991,,,,,,,,,,,,,,,,,202605,,D,2026-08-12_18h59.12.320,valence_final_v2,2024.2.4,60,2026-08-12 18h59.30.846082 -0600,
19,19,0,1,1,baseline,16,1.7,-0.06,1.0,0.288,curv,curv_flat,0.0,0.0,-0.06,pen,input_data/stims/Shape_1.70_1.00.png,input_data/stims/Shape_0.00_2.00.png,input_data/stims/Shape_4.00_2.00.png,-1,1,1.0,-1.0,-1,up,11.07073599999967,None,up,1.4922888999990391,None,None,None,['left'],[1.290637300000526],[0.9119725999989896],up,2.490707900000416,None,3,0,3,0,0,19,19,16,994.1811354999991,,,,,,,,,,,,,,,,,994.1650472000001,0.0006241999999474501,995.2495760000002,995.2500498999998,995.264341099999,996.2643647000004,996.2479062000002,996.2483229999998,0.00042750000102387276,997.6822656000004,997.683712,997.6981137000002,997.6981137000002,997.6981137000002,997.6981137000002,997.6981137000002,997.6981137000002,997.6981137000002,1000.1988602999991,"[0.288, 0.288, 0.288, 0.288, 0.288, 0.288, 0.288, 0.288, 0.288, 0.288, 0.288, 0.288, 0.288, 0.288, 0.288, 0.288, 0.288, 0.288, 0.288, 0.288, 0.288, 0.288, 0.288, 0.288, 0.288, 0.288, 0.288, 0.288, 0.288, 0.288, 0.288, 0.288, 0.288, 0.288, 0.288, 0.288, 0.288, 0.288, 0.288, 0.288, 0.288, 0.288, 0.288, 0.288, 0.288, 0.288, 0.288, 0.288, 0.288, 0.288, 0.288, 0.288, 0.288, 0.288, 0.288, 0.288, 0.288, 0.288, 0.288, 0.288, 0.288, 0.288, 0.288, 0.288, 0.288, 0.288, 0.288, 0.288, 0.288, 0.288, 0.288, 0.288, 0.288, 0.288, 0.288, 0.288, 0.288, 0.288, 0.288, 0.28, 0.272, 0.264, 0.256, 0.248, 0.24, 0.232, 0.224, 0.216, 0.208, 0.2, 0.192, 0.184, 0.176, 0.168, 0.16, 0.152, 0.144, 0.136, 0.128, 0.12, 0.112, 0.104, 0.096, 0.088, 0.08, 0.072, 0.064, 0.056, 0.048, 0.04, 0.032, 0.024, 0.016, 0.008, 0.0, -0.008, -0.016, -0.024, -0.032, -0.04, -0.048, -0.056, -0.064, -0.072, -0.08, -0.088, -0.096, -0.104, -0.112, -0.12, -0.128, -0.136, -0.144, -0.152, -0.152, -0.152, -0.152, -0.152, -0.152, -0.152, -0.152, -0.152, -0.152, -0.152, -0.152, -0.152, -0.152, -0.152, -0.152, -0.152, -0.152, -0.152]",None,None,['left'],[1.290637300000526],[0.9119725999989896],up,2.490707900000416,None,1000.1992825999987,1000.2145325999991,1000.4644362999989,1000.4480291,1000.4484027999988,1000.4644362999989,,1001.4644606999991,,1001.4481311999989,1,1,,,1000.4644362999989,1001.4644606999991,,,,,,,,,,,,,,,,,,,202605,,D,2026-08-12_18h59.12.320,valence_final_v2,2024.2.4,60,2026-08-12 18h59.30.846082 -0600,
20,20,0,1,1,baseline,2,0.3,-0.34,1.0,-0.228,curv,curv_flat,0.0,0.0,-0.34,pen,input_data/stims/Shape_0.30_1.00.png,input_data/stims/Shape_0.00_2.00.png,input_data/stims/Shape_4.00_2.00.png,-1,1,-1.0,-1.0,-1,up,11.07073599999967,None,up,1.4922888999990391,None,None,None,['left'],[1.2872979999992822],[0.2160714999990887],up,1.8553548999989289,None,3,0,3,0,0,20,20,2,1001.4644606999991,,,,,,,,,,,,,,,,,1001.4487467999988,0.0006160000011732336,1002.5327657999987,1002.5335693999987,1002.5478996000002,1003.5479113999991,1003.5313800000004,1003.5317937,0.00043300000106683,1004.9663712999991,1004.9677229999998,1004.9814411999996,1004.9814411999996,1004.9814411999996,1004.9814411999996,1004.9814411999996,1004.9814411999996,1004.9814411999996,1006.849214599999,"[-0.228, -0.228, -0.228, -0.228, -0.228, -0.228, -0.228, -0.228, -0.228, -0.228, -0.228, -0.228, -0.228, -0.228, -0.228, -0.228, -0.228, -0.228, -0.228, -0.228, -0.228, -0.228, -0.228, -0.228, -0.228, -0.228, -0.228, -0.228, -0.228, -0.228, -0.228, -0.228, -0.228, -0.228, -0.228, -0.228, -0.228, -0.228, -0.228, -0.228, -0.228, -0.228, -0.228, -0.228, -0.228, -0.228, -0.228, -0.228, -0.228, -0.228, -0.228, -0.228, -0.228, -0.228, -0.228, -0.228, -0.228, -0.228, -0.228, -0.228, -0.228, -0.228, -0.228, -0.228, -0.228, -0.228, -0.228, -0.228, -0.228, -0.228, -0.228, -0.228, -0.228, -0.228, -0.228, -0.228, -0.228, -0.228, -0.228, -0.236, -0.244, -0.252, -0.26, -0.268, -0.276, -0.284, -0.292, -0.3, -0.308, -0.316, -0.324, -0.332, -0.332, -0.332, -0.332, -0.332, -0.332, -0.332, -0.332, -0.332, -0.332, -0.332, -0.332, -0.332, -0.332, -0.332, -0.332, -0.332, -0.332, -0.332, -0.332, -0.332, -0.332, -0.332]",None,None,['left'],[1.2872979999992822],[0.2160714999990887],up,1.8553548999989289,None,1006.8496943999999,1006.8648151999987,1007.1147247999997,1007.0981898999999,1007.098567699999,1007.1147247999997,,1008.1142531999994,,1008.0977777999997,1,1,,,1007.1147247999997,1008.1142531999994,,,,,,,,,,,,,,,,,,,202605,,D,2026-08-12_18h59.12.320,valence_final_v2,2024.2.4,60,2026-08-12 18h59.30.846082 -0600,
21,21,0,1,1,baseline,1,0.1,-0.38,1.0,-0.192,curv,flat_curv,0.0,0.0,0.38,pen,input_data/stims/Shape_0.10_1.00.png,input_data/stims/Shape_4.00_2.00.png,input_data/stims/Shape_0.00_2.00.png,-1,-1,-1.0,-1.0,-1,up,11.07073599999967,None,up,1.4922888999990391,None,None,None,['right'],[0.8651023000002169],[0.9198954000003141],up,1.856992099999843,None,3,0,3,0,0,21,21,1,1008.1142531999994,,,,,,,,,,,,,,,,,1008.0983982999987,0.0006241999999474501,1009.0326996000003,1009.0330773999995,1009.0480647999993,1010.0481256999992,1010.0315816000002,1010.0319987999992,0.00042749999920488335,1011.5155278000002,1011.5168811000003,1011.5317629000001,1011.5317629000001,1011.5317629000001,1011.5317629000001,1011.5317629000001,1011.5317629000001,1011.5317629000001,1013.3992301999988,"[-0.192, -0.192, -0.192, -0.192, -0.192, -0.192, -0.192, -0.192, -0.192, -0.192, -0.192, -0.192, -0.192, -0.192, -0.192, -0.192, -0.192, -0.192, -0.192, -0.192, -0.192, -0.192, -0.192, -0.192, -0.192, -0.192, -0.192, -0.192, -0.192, -0.192, -0.192, -0.192, -0.192, -0.192, -0.192, -0.192, -0.192, -0.192, -0.192, -0.192, -0.192, -0.192, -0.192, -0.192, -0.192, -0.192, -0.192, -0.192, -0.192, -0.192, -0.192, -0.192, -0.192, -0.184, -0.176, -0.168, -0.16, -0.152, -0.144, -0.136, -0.128, -0.12, -0.112, -0.104, -0.096, -0.088, -0.08, -0.072, -0.064, -0.056, -0.048, -0.04, -0.032, -0.024, -0.016, -0.008, 0.0, 0.008, 0.016, 0.024, 0.032, 0.04, 0.048, 0.056, 0.064, 0.072, 0.08, 0.088, 0.096, 0.104, 0.112, 0.12, 0.128, 0.136, 0.144, 0.152, 0.16, 0.168, 0.176, 0.184, 0.192, 0.2, 0.208, 0.216, 0.224, 0.232, 0.24, 0.248, 0.256, 0.256, 0.256, 0.256, 0.256, 0.256]",None,None,['right'],[0.8651023000002169],[0.9198954000003141],up,1.856992099999843,None,1013.3996365999992,1013.4148972999992,1013.6648017999996,1013.6483965999996,1013.6487743999987,1013.6648017999996,,1014.6648566999993,,1014.6484604999987,1,1,,,1013.6648017999996,1014.6648566999993,,,,,,,,,,,,,,,,,,,202605,,D,2026-08-12_18h59.12.320,valence_final_v2,2024.2.4,60,2026-08-12 18h59.30.846082 -0600,
22,22,0,1,1,baseline,22,2.3,0.06,1.0,0.232,flat,curv_flat,0.0,0.0,0.06,rew,input_data/stims/Shape_2.30_1.00.png,input_data/stims/Shape_0.00_2.00.png,input_data/stims/Shape_4.00_2.00.png,1,1,1.0,-1.0,1,up,11.07073599999967,None,up,1.4922888999990391,None,None,None,['left'],[0.810648200000287],[0.6879970999998477],up,1.7146262000005663,None,3,0,3,0,0,22,22,22,1014.6648566999993,,,,,,,,,,,,,,,,,1014.6490694999993,0.0006107999997766456,1015.5335338999994,1015.5340302999994,1015.5482940999991,1016.548310799999,1016.5317756999993,1016.5321941000002,0.00043790000017907005,1017.8671594999996,1017.8684455000002,1017.8821432000004,1017.8821432000004,1017.8821432000004,1017.8821432000004,1017.8821432000004,1017.8821432000004,1017.8821432000004,1019.599544499999,"[0.232, 0.232, 0.232, 0.232, 0.232, 0.232, 0.232, 0.232, 0.232, 0.232, 0.232, 0.232, 0.232, 0.232, 0.232, 0.232, 0.232, 0.232, 0.232, 0.232, 0.232, 0.232, 0.232, 0.232, 0.232, 0.232, 0.232, 0.232, 0.232, 0.232, 0.232, 0.232, 0.232, 0.232, 0.232, 0.232, 0.232, 0.232, 0.232, 0.232, 0.232, 0.232, 0.232, 0.232, 0.232, 0.232, 0.232, 0.232, 0.232, 0.232, 0.224, 0.216, 0.208, 0.2, 0.192, 0.184, 0.176, 0.168, 0.16, 0.152, 0.144, 0.136, 0.128, 0.12, 0.112, 0.104, 0.096, 0.088, 0.08, 0.072, 0.064, 0.056, 0.048, 0.04, 0.032, 0.024, 0.016, 0.008, 0.0, -0.008, -0.016, -0.024, -0.032, -0.04, -0.048, -0.056, -0.064, -0.072, -0.08, -0.088, -0.096, -0.096, -0.096, -0.096, -0.096, -0.096, -0.096, -0.096, -0.096, -0.096, -0.096, -0.096, -0.096, -0.096, -0.096]",None,None,['left'],[0.810648200000287],[0.6879970999998477],up,1.7146262000005663,None,1019.5999976000003,1019.6150706999997,1019.8651790000004,1019.8485557000004,1019.8489300000001,1019.8651790000004,,1020.8650256000001,,1020.8485598999996,0,-1,,,,,1019.8651790000004,1020.8650256000001,,,,,,,,,,,,,,,,,202605,,D,2026-08-12_18h59.12.320,valence_final_v2,2024.2.4,60,2026-08-12 18h59.30.846082 -0600,
23,23,0,1,1,baseline,36,3.7,0.34,1.0,-0.028,flat,curv_flat,0.0,0.0,0.34,rew,input_data/stims/Shape_3.70_1.00.png,input_data/stims/Shape_0.00_2.00.png,input_data/stims/Shape_4.00_2.00.png,1,1,-1.0,-1.0,1,up,11.07073599999967,None,up,1.4922888999990391,None,None,None,['right'],[0.49084989999937534],[0.4559926000001724],up,1.13879900000029,None,3,0,3,0,0,23,23,36,1020.8650256000001,,,,,,,,,,,,,,,,,1020.8491782000001,0.0006204000001162058,1021.9333764999992,1021.9337821999998,1021.948407599999,1022.948430299999,1022.9319037999994,1022.932319399999,0.0004264999988663476,1024.2664669999995,1024.2676646,1024.2819413999987,1024.2819413999987,1024.2819413999987,1024.2819413999987,1024.2819413999987,1024.2819413999987,1024.2819413999987,1025.4328742999987,"[-0.028, -0.028, -0.028, -0.028, -0.028, -0.028, -0.028, -0.028, -0.028, -0.028, -0.028, -0.028, -0.028, -0.028, -0.028, -0.028, -0.028, -0.028, -0.028, -0.028, -0.028, -0.028, -0.028, -0.028, -0.028, -0.028, -0.028, -0.028, -0.028, -0.028, -0.028, -0.02, -0.012, -0.004, 0.004, 0.012, 0.02, 0.028, 0.036, 0.044, 0.052, 0.06, 0.068, 0.076, 0.084, 0.092, 0.1, 0.108, 0.116, 0.124, 0.132, 0.14, 0.148, 0.156, 0.164, 0.172, 0.18, 0.188, 0.188, 0.188, 0.188, 0.188, 0.188, 0.188, 0.188, 0.188, 0.188, 0.188, 0.188, 0.188, 0.188]",None,None,['right'],[0.49084989999937534],[0.4559926000001724],up,1.13879900000029,None,1025.4332586,1025.4485901999997,1025.6985922000003,1025.6820943999992,1025.6824688999986,1025.6985922000003,,1026.6985681999995,,1026.682146199999,1,3,1025.6985922000003,1026.6985681999995,,,,,,,,,,,,,,,,,,,,,202605,,D,2026-08-12_18h59.12.320,valence_final_v2,2024.2.4,60,2026-08-12 18h59.30.846082 -0600,
24,24,0,1,1,baseline,19,1.9,-0.02,3.0,0.316,curv,flat_curv,0.0,0.0,0.02,pen,input_data/stims/Shape_1.90_3.00.png,input_data/stims/Shape_4.00_2.00.png,input_data/stims/Shape_0.00_2.00.png,-1,-1,1.0,1.0,-1,up,11.07073599999967,None,up,1.4922888999990391,None,None,None,"['right', 'left']","[0.04512980000072275, 0.821116200000688]","[0.5440060000000813, 1.2959907000004023]",up,2.173166000000492,None,3,0,3,0,0,24,24,19,1026.6985681999995,,,,,,,,,,,,,,,,,1026.6827452999987,0.0005994000002829125,1027.7665036999988,1027.7669112000003,1027.782011899999,1028.7820448000002,1028.7653518999996,1028.7657667000003,0.0004260000005160691,1030.2006304999995,1030.2019736000002,1030.2156338000004,1030.2156338000004,1030.2156338000004,1030.2156338000004,1030.2156338000004,1030.2156338000004,1030.2156338000004,1032.3996969,"[0.316, 0.316, 0.316, 0.316, 0.324, 0.332, 0.34, 0.348, 0.356, 0.364, 0.372, 0.38, 0.388, 0.396, 0.396, 0.396, 0.396, 0.396, 0.396, 0.396, 0.396, 0.396, 0.396, 0.396, 0.396, 0.396, 0.396, 0.396, 0.396, 0.396, 0.396, 0.396, 0.396, 0.396, 0.396, 0.396, 0.396, 0.396, 0.396, 0.396, 0.396, 0.396, 0.396, 0.396, 0.396, 0.396, 0.396, 0.396, 0.396, 0.396, 0.396, 0.388, 0.38, 0.372, 0.364, 0.356, 0.348, 0.34, 0.332, 0.324, 0.316, 0.308, 0.3, 0.292, 0.284, 0.276, 0.268, 0.26, 0.252, 0.244, 0.236, 0.228, 0.22, 0.212, 0.204, 0.196, 0.188, 0.18, 0.172, 0.164, 0.156, 0.148, 0.14, 0.132, 0.124, 0.116, 0.108, 0.1, 0.092, 0.084, 0.076, 0.068, 0.06, 0.052, 0.044, 0.036, 0.028, 0.02, 0.012, 0.004, -0.004, -0.012, -0.02, -0.028, -0.036, -0.044, -0.052, -0.06, -0.068, -0.076, -0.084, -0.092, -0.1, -0.108, -0.116, -0.124, -0.132, -0.14, -0.148, -0.156, -0.164, -0.172, -0.18, -0.188, -0.196, -0.204, -0.212, -0.22, -0.228, -0.228, -0.228, -0.228, -0.228]",None,None,"['right', 'left']","[0.04512980000072275, 0.821116200000688]","[0.5440060000000813, 1.2959907000004023]",up,2.173166000000492,None,1032.4000880000003,1032.4154283999997,1032.6653415,1032.6488458999993,1032.6492202999998,1032.6653415,1032.6653415,1033.6653599,1033.6653599,1033.6489736000003,0,-3,,,,,,,,,,,,,,,,,,,,,,,202605,,D,2026-08-12_18h59.12.320,valence_final_v2,2024.2.4,60,2026-08-12 18h59.30.846082 -0600,
25,25,0,1,1,baseline,27,2.7,0.14,3.0,-0.324,flat,flat_curv,0.0,0.0,-0.14,rew,input_data/stims/Shape_2.70_3.00.png,input_data/stims/Shape_4.00_2.00.png,input_data/stims/Shape_0.00_2.00.png,1,-1,-1.0,1.0,1,up,11.07073599999967,None,up,1.4922888999990391,None,None,None,['right'],[1.2085454999996728],[0.45605559999967227],up,1.912573199999315,None,3,0,3,0,0,25,25,27,1033.6653599,,,,,,,,,,,,,,,,,1033.6495900999998,0.0006175999988045078,1034.5843872999994,1034.5847950999996,1034.5987745000002,1035.598819499999,1035.5823603999997,1035.5827876000003,0.00043820000064442866,1036.9166585000003,1036.9179652000003,1036.9322314,1036.9322314,1036.9322314,1036.9322314,1036.9322314,1036.9322314,1036.9322314,1038.8499603,"[-0.324, -0.324, -0.324, -0.324, -0.324, -0.324, -0.324, -0.324, -0.324, -0.324, -0.324, -0.324, -0.324, -0.324, -0.324, -0.324, -0.324, -0.324, -0.324, -0.324, -0.324, -0.324, -0.324, -0.324, -0.324, -0.324, -0.324, -0.324, -0.324, -0.324, -0.324, -0.324, -0.324, -0.324, -0.324, -0.324, -0.324, -0.324, -0.324, -0.324, -0.324, -0.324, -0.324, -0.324, -0.324, -0.324, -0.324, -0.324, -0.324, -0.324, -0.324, -0.324, -0.324, -0.324, -0.324, -0.324, -0.324, -0.324, -0.324, -0.324, -0.324, -0.324, -0.324, -0.324, -0.324, -0.324, -0.324, -0.324, -0.324, -0.324, -0.324, -0.324, -0.324, -0.324, -0.316, -0.308, -0.3, -0.292, -0.284, -0.276, -0.268, -0.26, -0.252, -0.244, -0.236, -0.228, -0.22, -0.212, -0.204, -0.196, -0.188, -0.18, -0.172, -0.164, -0.156, -0.148, -0.14, -0.132, -0.124, -0.116, -0.108, -0.108, -0.108, -0.108, -0.108, -0.108, -0.108, -0.108, -0.108, -0.108, -0.108, -0.108, -0.108, -0.108, -0.108, -0.108, -0.108]",None,None,['right'],[1.2085454999996728],[0.45605559999967227],up,1.912573199999315,None,1038.8503752999986,1038.865686199999,1039.1155313,1039.0990540999992,1039.0994319000001,1039.1155313,,1040.115631499999,,1040.0990414999997,1,3,1039.1155313,1040.115631499999,,,,,,,,,,,,,,,,,,,,,202605,,D,2026-08-12_18h59.12.320,valence_final_v2,2024.2.4,60,2026-08-12 18h59.30.846082 -0600,
26,26,0,1,1,baseline,25,2.5,0.1,1.0,0.264,flat,flat_curv,0.0,0.0,-0.1,rew,input_data/stims/Shape_2.50_1.00.png,input_data/stims/Shape_4.00_2.00.png,input_data/stims/Shape_0.00_2.00.png,1,-1,1.0,-1.0,1,up,11.07073599999967,None,up,1.4922888999990391,None,None,None,['left'],[0.7520965999992768],[0.8639601000013499],up,1.7441562000003614,None,3,0,3,0,0,26,26,25,1040.115631499999,,,,,,,,,,,,,,,,,1040.0996464,0.0006064999997761333,1041.0347189000004,1041.0351223999987,1041.0490381,1042.04896,1042.0324380999991,1042.0328563000003,0.00042829999983950984,1043.3181796999997,1043.3197805,1043.3326915999987,1043.3326915999987,1043.3326915999987,1043.3326915999987,1043.3326915999987,1043.3326915999987,1043.3326915999987,1045.0834481000002,"[0.264, 0.264, 0.264, 0.264, 0.264, 0.264, 0.264, 0.264, 0.264, 0.264, 0.264, 0.264, 0.264, 0.264, 0.264, 0.264, 0.264, 0.264, 0.264, 0.264, 0.264, 0.264, 0.264, 0.264, 0.264, 0.264, 0.264, 0.264, 0.264, 0.264, 0.264, 0.264, 0.264, 0.264, 0.264, 0.264, 0.264, 0.264, 0.264, 0.264, 0.264, 0.264, 0.264, 0.264, 0.264, 0.264, 0.264, 0.256, 0.248, 0.24, 0.232, 0.224, 0.216, 0.208, 0.2, 0.192, 0.184, 0.176, 0.168, 0.16, 0.152, 0.144, 0.136, 0.128, 0.12, 0.112, 0.104, 0.096, 0.088, 0.08, 0.072, 0.064, 0.056, 0.048, 0.04, 0.032, 0.024, 0.016, 0.008, 0.0, -0.008, -0.016, -0.024, -0.032, -0.04, -0.048, -0.056, -0.064, -0.072, -0.08, -0.088, -0.096, -0.104, -0.112, -0.12, -0.128, -0.136, -0.144, -0.144, -0.144, -0.144, -0.144, -0.144, -0.144, -0.144, -0.144, -0.144]",None,None,['left'],[0.7520965999992768],[0.8639601000013499],up,1.7441562000003614,None,1045.0838339999991,1045.099091,1045.3491195999995,1045.332585,1045.3329589999994,1045.3491195999995,,1046.3491729999987,,1046.3325636999998,1,3,1045.3491195999995,1046.3491729999987,,,,,,,,,,,,,,,,,,,,,202605,,D,2026-08-12_18h59.12.320,valence_final_v2,2024.2.4,60,2026-08-12 18h59.30.846082 -0600,
27,27,0,1,1,baseline,17,1.7,-0.06,3.0,0.232,curv,flat_curv,0.0,0.0,0.06,pen,input_data/stims/Shape_1.70_3.00.png,input_data/stims/Shape_4.00_2.00.png,input_data/stims/Shape_0.00_2.00.png,-1,-1,1.0,1.0,-1,up,11.07073599999967,None,up,1.4922888999990391,None,None,None,"['right', 'left']","[1.2365681000010227, 1.6045669000013731]","[0.26404379999985395, 1.0399734000002354]",up,2.740594200000487,None,3,0,3,0,0,27,27,17,1046.3491729999987,,,,,,,,,,,,,,,,,1046.3331751999995,0.000613300000622985,1047.2667972,1047.267206999999,1047.282572099999,1048.2825895999995,1048.2659151999997,1048.266345099999,0.0004411000008985866,1049.6008834999993,1049.6025558000001,1049.6161672999988,1049.6161672999988,1049.6161672999988,1049.6161672999988,1049.6161672999988,1049.6161672999988,1049.6161672999988,1052.3668577999997,"[0.232, 0.232, 0.232, 0.232, 0.232, 0.232, 0.232, 0.232, 0.232, 0.232, 0.232, 0.232, 0.232, 0.232, 0.232, 0.232, 0.232, 0.232, 0.232, 0.232, 0.232, 0.232, 0.232, 0.232, 0.232, 0.232, 0.232, 0.232, 0.232, 0.232, 0.232, 0.232, 0.232, 0.232, 0.232, 0.232, 0.232, 0.232, 0.232, 0.232, 0.232, 0.232, 0.232, 0.232, 0.232, 0.232, 0.232, 0.232, 0.232, 0.232, 0.232, 0.232, 0.232, 0.232, 0.232, 0.232, 0.232, 0.232, 0.232, 0.232, 0.232, 0.232, 0.232, 0.232, 0.232, 0.232, 0.232, 0.232, 0.232, 0.232, 0.232, 0.232, 0.232, 0.232, 0.232, 0.232, 0.24, 0.248, 0.256, 0.264, 0.272, 0.28, 0.288, 0.296, 0.304, 0.312, 0.32, 0.328, 0.336, 0.344, 0.352, 0.36, 0.36, 0.36, 0.36, 0.36, 0.36, 0.36, 0.352, 0.344, 0.336, 0.328, 0.32, 0.312, 0.304, 0.296, 0.288, 0.28, 0.272, 0.264, 0.256, 0.248, 0.24, 0.232, 0.224, 0.216, 0.208, 0.2, 0.192, 0.184, 0.176, 0.168, 0.16, 0.152, 0.144, 0.136, 0.128, 0.12, 0.112, 0.104, 0.096, 0.088, 0.08, 0.072, 0.064, 0.056, 0.048, 0.04, 0.032, 0.024, 0.016, 0.008, 0.0, -0.008, -0.016, -0.024, -0.032, -0.04, -0.048, -0.056, -0.064, -0.072, -0.08, -0.088, -0.096, -0.104, -0.112, -0.12, -0.128, -0.136, -0.136, -0.136, -0.136, -0.136, -0.136, -0.136, -0.136]",None,None,"['right', 'left']","[1.2365681000010227, 1.6045669000013731]","[0.26404379999985395, 1.0399734000002354]",up,2.740594200000487,None,1052.3672982999997,1052.3826950999992,1052.6326501000003,1052.6160443999997,1052.6164155999995,1052.6326501000003,1052.6326501000003,1053.6326246999997,1053.6326246999997,1053.6161075,0,-3,,,,,,,,,,,,,,,,,,,,,,,202605,,D,2026-08-12_18h59.12.320,valence_final_v2,2024.2.4,60,2026-08-12 18h59.30.846082 -0600,
28,28,0,1,1,baseline,5,0.5,-0.3,1.0,-0.124,curv,flat_curv,0.0,0.0,0.3,pen,input_data/stims/Shape_0.50_1.00.png,input_data/stims/Shape_4.00_2.00.png,input_data/stims/Shape_0.00_2.00.png,-1,-1,-1.0,-1.0,-1,up,11.07073599999967,None,up,1.4922888999990391,None,None,None,['right'],[1.1573766000001342],[0.5199530000008963],up,2.2372730000006413,None,3,0,3,0,0,28,28,5,1053.6326246999997,,,,,,,,,,,,,,,,,1053.6167030999986,0.000597399999605841,1054.6017892,1054.6026017000004,1054.6159587999991,1055.6159554999995,1055.5995094999998,1055.5999343000003,0.0004358000005595386,1056.9846410999999,1056.9859416999989,1056.999452099999,1056.999452099999,1056.999452099999,1056.999452099999,1056.999452099999,1056.999452099999,1056.999452099999,1059.2501415999996,"[-0.124, -0.124, -0.124, -0.124, -0.124, -0.124, -0.124, -0.124, -0.124, -0.124, -0.124, -0.124, -0.124, -0.124, -0.124, -0.124, -0.124, -0.124, -0.124, -0.124, -0.124, -0.124, -0.124, -0.124, -0.124, -0.124, -0.124, -0.124, -0.124, -0.124, -0.124, -0.124, -0.124, -0.124, -0.124, -0.124, -0.124, -0.124, -0.124, -0.124, -0.124, -0.124, -0.124, -0.124, -0.124, -0.124, -0.124, -0.124, -0.124, -0.124, -0.124, -0.124, -0.124, -0.124, -0.124, -0.124, -0.124, -0.124, -0.124, -0.124, -0.124, -0.124, -0.124, -0.124, -0.124, -0.124, -0.124, -0.124, -0.124, -0.124, -0.124, -0.116, -0.108, -0.1, -0.092, -0.084, -0.076, -0.068, -0.06, -0.052, -0.044, -0.036, -0.028, -0.02, -0.012, -0.004, 0.004, 0.012, 0.02, 0.028, 0.036, 0.044, 0.052, 0.06, 0.068, 0.076, 0.084, 0.092, 0.1, 0.108, 0.116, 0.124, 0.124, 0.124, 0.124, 0.124, 0.124, 0.124, 0.124, 0.124, 0.124, 0.124, 0.124, 0.124, 0.124, 0.124, 0.124, 0.124, 0.124, 0.124, 0.124, 0.124, 0.124, 0.124, 0.124, 0.124, 0.124, 0.124, 0.124, 0.124, 0.124, 0.124, 0.124, 0.124, 0.124, 0.124, 0.124]",None,None,['right'],[1.1573766000001342],[0.5199530000008963],up,2.2372730000006413,None,1059.2505443999999,1059.2657839999993,1059.5157853,1059.4992450999998,1059.4996167999998,1059.5157853,,1060.5158118,,1060.4989430999995,1,1,,,1059.5157853,1060.5158118,,,,,,,,,,,,,,,,,,,202605,,D,2026-08-12_18h59.12.320,valence_final_v2,2024.2.4,60,2026-08-12 18h59.30.846082 -0600,
29,29,0,1,1,baseline,28,2.9,0.18,1.0,0.38,flat,curv_flat,0.0,0.0,0.18,rew,input_data/stims/Shape_2.90_1.00.png,input_data/stims/Shape_0.00_2.00.png,input_data/stims/Shape_4.00_2.00.png,1,1,1.0,-1.0,1,up,11.07073599999967,None,up,1.4922888999990391,None,None,None,['left'],[0.7050231999983225],[1.3119688000006136],up,2.241079199999149,None,3,0,3,0,0,29,29,28,1060.5158118,,,,,,,,,,,,,,,,,1060.4995564,0.0006164999995235121,1061.4350839999988,1061.4357574999995,1061.4495874000004,1062.4496283999997,1062.433029599999,1062.433459599999,0.0004417000000103144,1063.8672726999994,1063.8684751,1063.883711999999,1063.883711999999,1063.883711999999,1063.883711999999,1063.883711999999,1063.883711999999,1063.883711999999,1066.1344150999994,"[0.38, 0.38, 0.38, 0.38, 0.38, 0.38, 0.38, 0.38, 0.38, 0.38, 0.38, 0.38, 0.38, 0.38, 0.38, 0.38, 0.38, 0.38, 0.38, 0.38, 0.38, 0.38, 0.38, 0.38, 0.38, 0.38, 0.38, 0.38, 0.38, 0.38, 0.38, 0.38, 0.38, 0.38, 0.38, 0.38, 0.38, 0.38, 0.38, 0.38, 0.38, 0.38, 0.38, 0.38, 0.372, 0.364, 0.356, 0.348, 0.34, 0.332, 0.324, 0.316, 0.308, 0.3, 0.292, 0.284, 0.276, 0.268, 0.26, 0.252, 0.244, 0.236, 0.228, 0.22, 0.212, 0.204, 0.196, 0.188, 0.18, 0.172, 0.164, 0.156, 0.148, 0.14, 0.132, 0.124, 0.116, 0.108, 0.1, 0.092, 0.084, 0.076, 0.068, 0.06, 0.052, 0.044, 0.036, 0.028, 0.02, 0.012, 0.004, -0.004, -0.012, -0.02, -0.028, -0.036, -0.044, -0.052, -0.06, -0.068, -0.076, -0.084, -0.092, -0.1, -0.108, -0.116, -0.124, -0.132, -0.14, -0.148, -0.156, -0.164, -0.172, -0.18, -0.188, -0.196, -0.204, -0.212, -0.22, -0.228, -0.236, -0.244, -0.252, -0.252, -0.252, -0.252, -0.252, -0.252, -0.252, -0.252, -0.252, -0.252, -0.252, -0.252, -0.252, -0.252, -0.252]",None,None,['left'],[0.7050231999983225],[1.3119688000006136],up,2.241079199999149,None,1066.134837399999,1066.1500926999997,1066.4000940999995,1066.3836193999996,1066.3840069999987,1066.4000940999995,,1067.4001049999988,,1067.3836751999988,0,-1,,,,,1066.4000940999995,1067.4001049999988,,,,,,,,,,,,,,,,,202605,,D,2026-08-12_18h59.12.320,valence_final_v2,2024.2.4,60,2026-08-12 18h59.30.846082 -0600,
30,30,0,1,1,baseline,12,1.3,-0.14,1.0,-0.06,curv,curv_flat,0.0,0.0,-0.14,pen,input_data/stims/Shape_1.30_1.00.png,input_data/stims/Shape_0.00_2.00.png,input_data/stims/Shape_4.00_2.00.png,-1,1,-1.0,-1.0,-1,up,11.07073599999967,None,up,1.4922888999990391,None,None,None,['right'],[2.2135852000010345],[0.40802309999889985],up,2.9416113999996014,None,3,0,3,0,0,30,30,12,1067.4001049999988,,,,,,,,,,,,,,,,,1067.3842759999989,0.0006018999993102625,1068.2689892999988,1068.2697752000004,1068.2835607999987,1069.2835763999992,1069.2670402999993,1069.2674816999988,0.00044239999988349155,1070.5518126999996,1070.5529809,1070.5671447999994,1070.5671447999994,1070.5671447999994,1070.5671447999994,1070.5671447999994,1070.5671447999994,1070.5671447999994,1073.5179678999993,"[-0.06, -0.06, -0.06, -0.06, -0.06, -0.06, -0.06, -0.06, -0.06, -0.06, -0.06, -0.06, -0.06, -0.06, -0.06, -0.06, -0.06, -0.06, -0.06, -0.06, -0.06, -0.06, -0.06, -0.06, -0.06, -0.06, -0.06, -0.06, -0.06, -0.06, -0.06, -0.06, -0.06, -0.06, -0.06, -0.06, -0.06, -0.06, -0.06, -0.06, -0.06, -0.06, -0.06, -0.06, -0.06, -0.06, -0.06, -0.06, -0.06, -0.06, -0.06, -0.06, -0.06, -0.06, -0.06, -0.06, -0.06, -0.06, -0.06, -0.06, -0.06, -0.06, -0.06, -0.06, -0.06, -0.06, -0.06, -0.06, -0.06, -0.06, -0.06, -0.06, -0.06, -0.06, -0.06, -0.06, -0.06, -0.06, -0.06, -0.06, -0.06, -0.06, -0.06, -0.06, -0.06, -0.06, -0.06, -0.06, -0.06, -0.06, -0.06, -0.06, -0.06, -0.06, -0.06, -0.06, -0.06, -0.06, -0.06, -0.06, -0.06, -0.06, -0.06, -0.06, -0.06, -0.06, -0.06, -0.06, -0.06, -0.06, -0.06, -0.06, -0.06, -0.06, -0.06, -0.06, -0.06, -0.06, -0.06, -0.06, -0.06, -0.06, -0.06, -0.06, -0.06, -0.06, -0.06, -0.06, -0.06, -0.06, -0.06, -0.06, -0.06, -0.06, -0.052, -0.044, -0.036, -0.028, -0.02, -0.012, -0.004, 0.004, 0.012, 0.02, 0.028, 0.036, 0.044, 0.052, 0.06, 0.068, 0.076, 0.084, 0.092, 0.1, 0.108, 0.116, 0.124, 0.132, 0.132, 0.132, 0.132, 0.132, 0.132, 0.132, 0.132, 0.132, 0.132, 0.132, 0.132, 0.132, 0.132, 0.132, 0.132, 0.132, 0.132, 0.132, 0.132, 0.132]",None,None,['right'],[2.2135852000010345],[0.40802309999889985],up,2.9416113999996014,None,1073.5183959999995,1073.533603599999,1073.7836756999986,1073.7671082999987,1073.7674986000002,1073.7836756999986,1073.7836756999986,1074.7836932999999,1074.7836932999999,1074.7671073000001,0,-3,,,,,,,,,,,,,,,,,,,,,,,202605,,D,2026-08-12_18h59.12.320,valence_final_v2,2024.2.4,60,2026-08-12 18h59.30.846082 -0600,
31,31,0,1,1,baseline,9,0.9,-0.22,1.0,0.092,curv,flat_curv,0.0,0.0,0.22,pen,input_data/stims/Shape_0.90_1.00.png,input_data/stims/Shape_4.00_2.00.png,input_data/stims/Shape_0.00_2.00.png,-1,-1,1.0,-1.0,-1,up,11.07073599999967,None,up,1.4922888999990391,None,None,None,['left'],[0.8703648999999132],[0.6640399999996589],up,1.694370200000776,None,3,0,3,0,0,31,31,9,1074.7836932999999,,,,,,,,,,,,,,,,,1074.7677193,0.0006154000002425164,1075.6520984999988,1075.652854599999,1075.6670312999995,1076.6670115999987,1076.6504929999992,1076.6509158999997,0.0004331999989517499,1078.1349730000002,1078.1362197999988,1078.1503544999996,1078.1503544999996,1078.1503544999996,1078.1503544999996,1078.1503544999996,1078.1503544999996,1078.1503544999996,1079.8514742999996,"[0.092, 0.092, 0.092, 0.092, 0.092, 0.092, 0.092, 0.092, 0.092, 0.092, 0.092, 0.092, 0.092, 0.092, 0.092, 0.092, 0.092, 0.092, 0.092, 0.092, 0.092, 0.092, 0.092, 0.092, 0.092, 0.092, 0.092, 0.092, 0.092, 0.092, 0.092, 0.092, 0.092, 0.092, 0.092, 0.092, 0.092, 0.092, 0.092, 0.092, 0.092, 0.092, 0.092, 0.092, 0.092, 0.092, 0.092, 0.092, 0.092, 0.092, 0.092, 0.092, 0.092, 0.092, 0.084, 0.076, 0.068, 0.06, 0.052, 0.044, 0.036, 0.028, 0.02, 0.012, 0.004, -0.004, -0.012, -0.02, -0.028, -0.036, -0.044, -0.052, -0.06, -0.068, -0.076, -0.084, -0.092, -0.1, -0.108, -0.116, -0.124, -0.132, -0.14, -0.148, -0.156, -0.164, -0.172, -0.18, -0.188, -0.196, -0.204, -0.212, -0.22, -0.228, -0.228, -0.228, -0.228, -0.228, -0.228, -0.228, -0.228, -0.228, -0.228, -0.228]",None,None,['left'],[0.8703648999999132],[0.6640399999996589],up,1.694370200000776,None,1079.851858,1079.8671042999995,1080.1171345000002,1080.1005874999992,1080.1009708000001,1080.1171345000002,1080.1171345000002,1081.1171558999995,1081.1171558999995,1081.1006519999992,0,-3,,,,,,,,,,,,,,,,,,,,,,,202605,,D,2026-08-12_18h59.12.320,valence_final_v2,2024.2.4,60,2026-08-12 18h59.30.846082 -0600,
32,32,0,1,1,baseline,37,3.7,0.34,1.0,0.164,flat,flat_curv,0.0,0.0,-0.34,rew,input_data/stims/Shape_3.70_1.00.png,input_data/stims/Shape_4.00_2.00.png,input_data/stims/Shape_0.00_2.00.png,1,-1,1.0,-1.0,1,up,11.07073599999967,None,up,1.4922888999990391,None,None,None,['left'],[0.8247986000005767],[0.6319437000001926],up,1.6807728000003408,None,3,0,3,0,0,32,32,37,1081.1171558999995,,,,,,,,,,,,,,,,,1081.1012468999998,0.000596100000620936,1082.1854385999995,1082.1859213999996,1082.2005467,1083.2005554999996,1083.184072,1083.1844985999996,0.0004368999998405343,1084.6683421999987,1084.669812,1084.6839819999987,1084.6839819999987,1084.6839819999987,1084.6839819999987,1084.6839819999987,1084.6839819999987,1084.6839819999987,1086.3683213999993,"[0.164, 0.164, 0.164, 0.164, 0.164, 0.164, 0.164, 0.164, 0.164, 0.164, 0.164, 0.164, 0.164, 0.164, 0.164, 0.164, 0.164, 0.164, 0.164, 0.164, 0.164, 0.164, 0.164, 0.164, 0.164, 0.164, 0.164, 0.164, 0.164, 0.164, 0.164, 0.164, 0.164, 0.164, 0.164, 0.164, 0.164, 0.164, 0.164, 0.164, 0.164, 0.164, 0.164, 0.164, 0.164, 0.164, 0.164, 0.164, 0.164, 0.164, 0.164, 0.156, 0.148, 0.14, 0.132, 0.124, 0.116, 0.108, 0.1, 0.092, 0.084, 0.076, 0.068, 0.06, 0.052, 0.044, 0.036, 0.028, 0.02, 0.012, 0.004, -0.004, -0.012, -0.02, -0.028, -0.036, -0.044, -0.052, -0.06, -0.068, -0.076, -0.084, -0.092, -0.1, -0.108, -0.116, -0.124, -0.132, -0.14, -0.14, -0.14, -0.14, -0.14, -0.14, -0.14, -0.14, -0.14, -0.14, -0.14, -0.14, -0.14, -0.14, -0.14]",None,None,['left'],[0.8247986000005767],[0.6319437000001926],up,1.6807728000003408,None,1086.3687140000002,1086.3833101,1086.6339807999993,1086.617433899999,1086.6178213999992,1086.6339807999993,,1087.6340032999997,,1087.6174799,1,3,1086.6339807999993,1087.6340032999997,,,,,,,,,,,,,,,,,,,,,202605,,D,2026-08-12_18h59.12.320,valence_final_v2,2024.2.4,60,2026-08-12 18h59.30.846082 -0600,
33,33,0,1,1,baseline,7,0.7,-0.26,3.0,0.064,curv,flat_curv,0.0,0.0,0.26,pen,input_data/stims/Shape_0.70_3.00.png,input_data/stims/Shape_4.00_2.00.png,input_data/stims/Shape_0.00_2.00.png,-1,-1,1.0,1.0,-1,up,11.07073599999967,None,up,1.4922888999990391,None,None,None,['left'],[1.2355846999998903],[0.5358670000005077],up,1.9875747999994928,None,3,0,3,0,0,33,33,7,1087.6340032999997,,,,,,,,,,,,,,,,,1087.6180860999993,0.0006068000002414919,1088.7035263999987,1088.7039195999987,1088.7174040999998,1089.7174588999987,1089.7009510999997,1089.7014027999994,0.00047309999899880495,1090.9850178999986,1090.9865164999992,1091.0011873000003,1091.0011873000003,1091.0011873000003,1091.0011873000003,1091.0011873000003,1091.0011873000003,1091.0011873000003,1093.0017773,"[0.064, 0.064, 0.064, 0.064, 0.064, 0.064, 0.064, 0.064, 0.064, 0.064, 0.064, 0.064, 0.064, 0.064, 0.064, 0.064, 0.064, 0.064, 0.064, 0.064, 0.064, 0.064, 0.064, 0.064, 0.064, 0.064, 0.064, 0.064, 0.064, 0.064, 0.064, 0.064, 0.064, 0.064, 0.064, 0.064, 0.064, 0.064, 0.064, 0.064, 0.064, 0.064, 0.064, 0.064, 0.064, 0.064, 0.064, 0.064, 0.064, 0.064, 0.064, 0.064, 0.064, 0.064, 0.064, 0.064, 0.064, 0.064, 0.064, 0.064, 0.064, 0.064, 0.064, 0.064, 0.064, 0.064, 0.064, 0.064, 0.064, 0.064, 0.064, 0.064, 0.064, 0.064, 0.064, 0.064, 0.056, 0.048, 0.04, 0.032, 0.024, 0.016, 0.008, 0.0, -0.008, -0.016, -0.024, -0.032, -0.04, -0.048, -0.056, -0.064, -0.072, -0.08, -0.088, -0.096, -0.104, -0.112, -0.12, -0.128, -0.136, -0.144, -0.152, -0.16, -0.168, -0.176, -0.184, -0.192, -0.192, -0.192, -0.192, -0.192, -0.192, -0.192, -0.192, -0.192, -0.192, -0.192, -0.192, -0.192, -0.192, -0.192]",None,None,['left'],[1.2355846999998903],[0.5358670000005077],up,1.9875747999994928,None,1093.0021851000001,1093.0184026999996,1093.2675130999996,1093.2509228,1093.2513034000003,1093.2675130999996,1093.2675130999996,1094.2675485,1094.2675485,1094.2510200999986,0,-3,,,,,,,,,,,,,,,,,,,,,,,202605,,D,2026-08-12_18h59.12.320,valence_final_v2,2024.2.4,60,2026-08-12 18h59.30.846082 -0600,
34,34,0,1,1,baseline,13,1.3,-0.14,3.0,-0.36,curv,flat_curv,0.0,0.0,0.14,pen,input_data/stims/Shape_1.30_3.00.png,input_data/stims/Shape_4.00_2.00.png,input_data/stims/Shape_0.00_2.00.png,-1,-1,-1.0,1.0,-1,up,11.07073599999967,None,up,1.4922888999990391,None,None,None,['right'],[0.8883841000006214],[0.8799552000000403],up,2.624413800000184,None,3,0,3,0,0,34,34,13,1094.2675485,,,,,,,,,,,,,,,,,1094.2516345000004,0.0006166000002849614,1095.1856314999986,1095.1861334999994,1095.2008876,1096.200899899999,1096.1844072999993,1096.1848301999999,0.00043420000110927504,1097.6701453999995,1097.6715609999992,1097.6843506999994,1097.6843506999994,1097.6843506999994,1097.6843506999994,1097.6843506999994,1097.6843506999994,1097.6843506999994,1100.3175443,"[-0.36, -0.36, -0.36, -0.36, -0.36, -0.36, -0.36, -0.36, -0.36, -0.36, -0.36, -0.36, -0.36, -0.36, -0.36, -0.36, -0.36, -0.36, -0.36, -0.36, -0.36, -0.36, -0.36, -0.36, -0.36, -0.36, -0.36, -0.36, -0.36, -0.36, -0.36, -0.36, -0.36, -0.36, -0.36, -0.36, -0.36, -0.36, -0.36, -0.36, -0.36, -0.36, -0.36, -0.36, -0.36, -0.36, -0.36, -0.36, -0.36, -0.36, -0.36, -0.36, -0.36, -0.36, -0.36, -0.352, -0.344, -0.336, -0.328, -0.32, -0.312, -0.304, -0.296, -0.288, -0.28, -0.272, -0.264, -0.256, -0.248, -0.24, -0.232, -0.224, -0.216, -0.208, -0.2, -0.192, -0.184, -0.176, -0.168, -0.16, -0.152, -0.144, -0.136, -0.128, -0.12, -0.112, -0.104, -0.096, -0.088, -0.08, -0.072, -0.064, -0.056, -0.048, -0.04, -0.032, -0.024, -0.016, -0.008, 0.0, 0.008, 0.016, 0.024, 0.032, 0.04, 0.048, 0.056, 0.064, 0.064, 0.064, 0.064, 0.064, 0.064, 0.064, 0.064, 0.064, 0.064, 0.064, 0.064, 0.064, 0.064, 0.064, 0.064, 0.064, 0.064, 0.064, 0.064, 0.064, 0.064, 0.064, 0.064, 0.064, 0.064, 0.064, 0.064, 0.064, 0.064, 0.064, 0.064, 0.064, 0.064, 0.064, 0.064, 0.064, 0.064, 0.064, 0.064, 0.064, 0.064, 0.064, 0.064, 0.064, 0.064, 0.064, 0.064, 0.064, 0.064, 0.064, 0.064, 0.064]",None,None,['right'],[0.8883841000006214],[0.8799552000000403],up,2.624413800000184,None,1100.3179827999993,1100.3330525000001,1100.5830599,1100.5665055999998,1100.566881499999,1100.5830599,,1101.5830948000003,,1101.5665609999996,1,1,,,1100.5830599,1101.5830948000003,,,,,,,,,,,,,,,,,,,202605,,D,2026-08-12_18h59.12.320,valence_final_v2,2024.2.4,60,2026-08-12 18h59.30.846082 -0600,
35,35,0,1,1,baseline,30,3.1,0.22,3.0,0.128,flat,curv_flat,0.0,0.0,0.22,rew,input_data/stims/Shape_3.10_3.00.png,input_data/stims/Shape_0.00_2.00.png,input_data/stims/Shape_4.00_2.00.png,1,1,1.0,1.0,1,up,11.07073599999967,None,up,1.4922888999990391,None,None,None,['left'],[1.3869126000008691],[0.743972099999155],up,2.250887899999725,None,3,0,3,0,0,35,35,30,1101.5830948000003,,,,,,,,,,,,,,,,,1101.5671716999987,0.0006131000009190757,1102.5014491000002,1102.5018631999992,1102.5164571999994,1103.5164676000004,1103.4999291000004,1103.5003433000002,0.00042440000106580555,1104.8344619,1104.8357352999992,1104.849861499999,1104.849861499999,1104.849861499999,1104.849861499999,1104.849861499999,1104.849861499999,1104.849861499999,1107.117533499999,"[0.128, 0.128, 0.128, 0.128, 0.128, 0.128, 0.128, 0.128, 0.128, 0.128, 0.128, 0.128, 0.128, 0.128, 0.128, 0.128, 0.128, 0.128, 0.128, 0.128, 0.128, 0.128, 0.128, 0.128, 0.128, 0.128, 0.128, 0.128, 0.128, 0.128, 0.128, 0.128, 0.128, 0.128, 0.128, 0.128, 0.128, 0.128, 0.128, 0.128, 0.128, 0.128, 0.128, 0.128, 0.128, 0.128, 0.128, 0.128, 0.128, 0.128, 0.128, 0.128, 0.128, 0.128, 0.128, 0.128, 0.128, 0.128, 0.128, 0.128, 0.128, 0.128, 0.128, 0.128, 0.128, 0.128, 0.128, 0.128, 0.128, 0.128, 0.128, 0.128, 0.128, 0.128, 0.128, 0.128, 0.128, 0.128, 0.128, 0.128, 0.128, 0.128, 0.128, 0.128, 0.128, 0.12, 0.112, 0.104, 0.096, 0.088, 0.08, 0.072, 0.064, 0.056, 0.048, 0.04, 0.032, 0.024, 0.016, 0.008, 0.0, -0.008, -0.016, -0.024, -0.032, -0.04, -0.048, -0.056, -0.064, -0.072, -0.08, -0.088, -0.096, -0.104, -0.112, -0.12, -0.128, -0.136, -0.144, -0.152, -0.16, -0.168, -0.176, -0.184, -0.192, -0.2, -0.208, -0.216, -0.224, -0.224, -0.224, -0.224, -0.224, -0.224, -0.224, -0.224, -0.224, -0.224]",None,None,['left'],[1.3869126000008691],[0.743972099999155],up,2.250887899999725,None,1107.1179309999989,1107.1332473000002,1107.3832505999999,1107.3666944999986,1107.3670716999986,1107.3832505999999,,1108.3832772999995,,1108.3667439,0,-1,,,,,1107.3832505999999,1108.3832772999995,,,,,,,,,,,,,,,,,202605,,D,2026-08-12_18h59.12.320,valence_final_v2,2024.2.4,60,2026-08-12 18h59.30.846082 -0600,
36,36,0,1,1,baseline,23,2.3,0.06,3.0,0.14,flat,flat_curv,0.0,0.0,-0.06,rew,input_data/stims/Shape_2.30_3.00.png,input_data/stims/Shape_4.00_2.00.png,input_data/stims/Shape_0.00_2.00.png,1,-1,1.0,1.0,1,up,11.07073599999967,None,up,1.4922888999990391,None,None,None,['left'],[1.4067191000012826],[0.6079878999989887],up,2.2947261999997863,None,3,0,3,0,0,36,36,23,1108.3832772999995,,,,,,,,,,,,,,,,,1108.3673543999994,0.0006111999991844641,1109.4513472999988,1109.4519557999993,1109.4666567000004,1110.4666689999995,1110.4501210999988,1110.450542999999,0.00043139999979757704,1111.9354461000003,1111.9367239000003,1111.9500463999993,1111.9500463999993,1111.9500463999993,1111.9500463999993,1111.9500463999993,1111.9500463999993,1111.9500463999993,1114.2510767000003,"[0.14, 0.14, 0.14, 0.14, 0.14, 0.14, 0.14, 0.14, 0.14, 0.14, 0.14, 0.14, 0.14, 0.14, 0.14, 0.14, 0.14, 0.14, 0.14, 0.14, 0.14, 0.14, 0.14, 0.14, 0.14, 0.14, 0.14, 0.14, 0.14, 0.14, 0.14, 0.14, 0.14, 0.14, 0.14, 0.14, 0.14, 0.14, 0.14, 0.14, 0.14, 0.14, 0.14, 0.14, 0.14, 0.14, 0.14, 0.14, 0.14, 0.14, 0.14, 0.14, 0.14, 0.14, 0.14, 0.14, 0.14, 0.14, 0.14, 0.14, 0.14, 0.14, 0.14, 0.14, 0.14, 0.14, 0.14, 0.14, 0.14, 0.14, 0.14, 0.14, 0.14, 0.14, 0.14, 0.14, 0.14, 0.14, 0.14, 0.14, 0.14, 0.14, 0.14, 0.14, 0.14, 0.14, 0.132, 0.124, 0.116, 0.108, 0.1, 0.092, 0.084, 0.076, 0.068, 0.06, 0.052, 0.044, 0.036, 0.028, 0.02, 0.012, 0.004, -0.004, -0.012, -0.02, -0.028, -0.036, -0.044, -0.052, -0.06, -0.068, -0.076, -0.084, -0.092, -0.1, -0.108, -0.116, -0.124, -0.132, -0.14, -0.148, -0.148, -0.148, -0.148, -0.148, -0.148, -0.148, -0.148, -0.148, -0.148, -0.148, -0.148, -0.148, -0.148, -0.148, -0.148, -0.148, -0.148, -0.148]",None,None,['left'],[1.4067191000012826],[0.6079878999989887],up,2.2947261999997863,None,1114.2515279,1114.2667569999994,1114.5167641999997,1114.500234699999,1114.5006162999998,1114.5167641999997,,1115.5167918999996,,1115.5003163000001,1,3,1114.5167641999997,1115.5167918999996,,,,,,,,,,,,,,,,,,,,,202605,,D,2026-08-12_18h59.12.320,valence_final_v2,2024.2.4,60,2026-08-12 18h59.30.846082 -0600,
37,37,0,1,1,baseline,20,2.1,0.02,1.0,0.368,flat,curv_flat,0.0,0.0,0.02,rew,input_data/stims/Shape_2.10_1.00.png,input_data/stims/Shape_0.00_2.00.png,input_data/stims/Shape_4.00_2.00.png,1,1,1.0,-1.0,1,up,11.07073599999967,None,up,1.4922888999990391,None,None,None,['left'],[1.5851613000013458],[0.6880913999993936],up,2.7612128000000666,None,3,0,3,0,0,37,37,20,1115.5167918999996,,,,,,,,,,,,,,,,,1115.500913599999,0.000598599999648286,1116.3856617000001,1116.3860883999987,1116.4001718,1117.4002002999987,1117.3836577000002,1117.384089699999,0.00044460000026447233,1118.6684595999996,1118.6697650999995,1118.6835782999988,1118.6835782999988,1118.6835782999988,1118.6835782999988,1118.6835782999988,1118.6835782999988,1118.6835782999988,1121.4516593999997,"[0.368, 0.368, 0.368, 0.368, 0.368, 0.368, 0.368, 0.368, 0.368, 0.368, 0.368, 0.368, 0.368, 0.368, 0.368, 0.368, 0.368, 0.368, 0.368, 0.368, 0.368, 0.368, 0.368, 0.368, 0.368, 0.368, 0.368, 0.368, 0.368, 0.368, 0.368, 0.368, 0.368, 0.368, 0.368, 0.368, 0.368, 0.368, 0.368, 0.368, 0.368, 0.368, 0.368, 0.368, 0.368, 0.368, 0.368, 0.368, 0.368, 0.368, 0.368, 0.368, 0.368, 0.368, 0.368, 0.368, 0.368, 0.368, 0.368, 0.368, 0.368, 0.368, 0.368, 0.368, 0.368, 0.368, 0.368, 0.368, 0.368, 0.368, 0.368, 0.368, 0.368, 0.368, 0.368, 0.368, 0.368, 0.368, 0.368, 0.368, 0.368, 0.368, 0.368, 0.368, 0.368, 0.368, 0.368, 0.368, 0.368, 0.368, 0.368, 0.368, 0.368, 0.368, 0.368, 0.368, 0.368, 0.36, 0.352, 0.344, 0.336, 0.328, 0.32, 0.312, 0.304, 0.296, 0.288, 0.28, 0.272, 0.264, 0.256, 0.248, 0.24, 0.232, 0.224, 0.216, 0.208, 0.2, 0.192, 0.184, 0.176, 0.168, 0.16, 0.152, 0.144, 0.136, 0.128, 0.12, 0.112, 0.104, 0.096, 0.088, 0.08, 0.072, 0.064, 0.056, 0.048, 0.04, 0.04, 0.04, 0.04, 0.04, 0.04, 0.04, 0.04, 0.04, 0.04, 0.04, 0.04, 0.04, 0.04, 0.04, 0.04, 0.04, 0.04, 0.04, 0.04, 0.04, 0.04, 0.04, 0.04, 0.04, 0.04, 0.04, 0.04, 0.04, 0.04, 0.04]",None,None,['left'],[1.5851613000013458],[0.6880913999993936],up,2.7612128000000666,None,1121.4521606999988,1121.4670809999989,1121.7170803999998,1121.700551,1121.7009388999995,1121.7170803999998,,1122.7179087999993,,1122.701416599999,1,3,1121.7170803999998,1122.7179087999993,,,,,,,,,,,,,,,,,,,,,202605,,D,2026-08-12_18h59.12.320,valence_final_v2,2024.2.4,60,2026-08-12 18h59.30.846082 -0600,
38,38,0,1,1,baseline,31,3.1,0.22,3.0,-0.076,flat,flat_curv,0.0,0.0,-0.22,rew,input_data/stims/Shape_3.10_3.00.png,input_data/stims/Shape_4.00_2.00.png,input_data/stims/Shape_0.00_2.00.png,1,-1,-1.0,1.0,1,up,11.07073599999967,None,up,1.4922888999990391,None,None,None,"['left', 'right']","[0.8961246999988361, 1.7121307999987039]","[0.43201829999998154, 0.38400220000039553]",up,2.2881149999993795,None,3,0,3,0,0,38,38,31,1122.7179087999993,,,,,,,,,,,,,,,,,1122.7020278,0.0006128000004537171,1123.6875302999997,1123.6879329999992,1123.7013119999992,1124.7013260000003,1124.684667899999,1124.6851078,0.00045169999975769315,1126.0696748999999,1126.071027099999,1126.0845981000002,1126.0845981000002,1126.0845981000002,1126.0845981000002,1126.0845981000002,1126.0845981000002,1126.0845981000002,1128.3848438999994,"[-0.076, -0.076, -0.076, -0.076, -0.076, -0.076, -0.076, -0.076, -0.076, -0.076, -0.076, -0.076, -0.076, -0.076, -0.076, -0.076, -0.076, -0.076, -0.076, -0.076, -0.076, -0.076, -0.076, -0.076, -0.076, -0.076, -0.076, -0.076, -0.076, -0.076, -0.076, -0.076, -0.076, -0.076, -0.076, -0.076, -0.076, -0.076, -0.076, -0.076, -0.076, -0.076, -0.076, -0.076, -0.076, -0.076, -0.076, -0.076, -0.076, -0.076, -0.076, -0.076, -0.076, -0.076, -0.076, -0.084, -0.092, -0.1, -0.108, -0.116, -0.124, -0.132, -0.14, -0.148, -0.156, -0.164, -0.172, -0.18, -0.188, -0.196, -0.204, -0.212, -0.22, -0.228, -0.236, -0.244, -0.252, -0.26, -0.268, -0.276, -0.284, -0.284, -0.284, -0.284, -0.284, -0.284, -0.284, -0.284, -0.284, -0.284, -0.284, -0.284, -0.284, -0.284, -0.284, -0.284, -0.284, -0.284, -0.284, -0.284, -0.284, -0.284, -0.284, -0.284, -0.276, -0.268, -0.26, -0.252, -0.244, -0.236, -0.228, -0.22, -0.212, -0.204, -0.196, -0.188, -0.18, -0.172, -0.164, -0.156, -0.148, -0.14, -0.132, -0.124, -0.116, -0.108, -0.1, -0.1, -0.1, -0.1, -0.1, -0.1, -0.1, -0.1, -0.1, -0.1, -0.1, -0.1, -0.1, -0.1]",None,None,"['left', 'right']","[0.8961246999988361, 1.7121307999987039]","[0.43201829999998154, 0.38400220000039553]",up,2.2881149999993795,None,1128.3852666999992,1128.4005328000003,1128.650499199999,1128.6339572999987,1128.6343251999988,1128.650499199999,,1129.6505235000004,,1129.634005,1,3,1128.650499199999,1129.6505235000004,,,,,,,,,,,,,,,,,,,,,202605,,D,2026-08-12_18h59.12.320,valence_final_v2,2024.2.4,60,2026-08-12 18h59.30.846082 -0600,
39,39,0,1,1,baseline,6,0.7,-0.26,3.0,0.124,curv,curv_flat,0.0,0.0,-0.26,pen,input_data/stims/Shape_0.70_3.00.png,input_data/stims/Shape_0.00_2.00.png,input_data/stims/Shape_4.00_2.00.png,-1,1,1.0,1.0,-1,up,11.07073599999967,None,up,1.4922888999990391,None,None,None,['left'],[1.5953527000001486],[0.7759774999994988],up,2.523314500000197,None,3,0,3,0,0,39,39,6,1129.6505235000004,,,,,,,,,,,,,,,,,1129.6346190000004,0.0006157999996503349,1130.6685034000002,1130.6690478,1130.6838969,1131.6839136999988,1131.6673541,1131.6677734000004,0.00043000000005122274,1133.0025401000003,1133.0038461000004,1133.0174129999996,1133.0174129999996,1133.0174129999996,1133.0174129999996,1133.0174129999996,1133.0174129999996,1133.0174129999996,1135.5516607999998,"[0.124, 0.124, 0.124, 0.124, 0.124, 0.124, 0.124, 0.124, 0.124, 0.124, 0.124, 0.124, 0.124, 0.124, 0.124, 0.124, 0.124, 0.124, 0.124, 0.124, 0.124, 0.124, 0.124, 0.124, 0.124, 0.124, 0.124, 0.124, 0.124, 0.124, 0.124, 0.124, 0.124, 0.124, 0.124, 0.124, 0.124, 0.124, 0.124, 0.124, 0.124, 0.124, 0.124, 0.124, 0.124, 0.124, 0.124, 0.124, 0.124, 0.124, 0.124, 0.124, 0.124, 0.124, 0.124, 0.124, 0.124, 0.124, 0.124, 0.124, 0.124, 0.124, 0.124, 0.124, 0.124, 0.124, 0.124, 0.124, 0.124, 0.124, 0.124, 0.124, 0.124, 0.124, 0.124, 0.124, 0.124, 0.124, 0.124, 0.124, 0.124, 0.124, 0.124, 0.124, 0.124, 0.124, 0.124, 0.124, 0.124, 0.124, 0.124, 0.124, 0.124, 0.124, 0.124, 0.124, 0.124, 0.116, 0.108, 0.1, 0.092, 0.084, 0.076, 0.068, 0.06, 0.052, 0.044, 0.036, 0.028, 0.02, 0.012, 0.004, -0.004, -0.012, -0.02, -0.028, -0.036, -0.044, -0.052, -0.06, -0.068, -0.076, -0.084, -0.092, -0.1, -0.108, -0.116, -0.124, -0.132, -0.14, -0.148, -0.156, -0.164, -0.172, -0.18, -0.188, -0.196, -0.204, -0.212, -0.22, -0.228, -0.236, -0.244, -0.252, -0.252, -0.252, -0.252, -0.252, -0.252, -0.252, -0.252, -0.252, -0.252, -0.252]",None,None,['left'],[1.5953527000001486],[0.7759774999994988],up,2.523314500000197,None,1135.5521062999997,1135.567345899999,1135.8173558999988,1135.8008006,1135.8011859999988,1135.8173558999988,,1136.8173768999986,,1136.8008542999996,1,1,,,1135.8173558999988,1136.8173768999986,,,,,,,,,,,,,,,,,,,202605,,D,2026-08-12_18h59.12.320,valence_final_v2,2024.2.4,60,2026-08-12 18h59.30.846082 -0600,
0,0,0,2,1,curv_comp,54,0.7,-0.26,1.0,-0.388,curv,curv_flat,-0.2,-0.2,-0.26,pen,input_data/stims/Shape_0.70_1.00.png,input_data/stims/Shape_0.00_2.00.png,input_data/stims/Shape_4.00_2.00.png,-1,1,-1.0,-1.0,-1,None,,,up,2.3777788000006694,None,None,None,['right'],[2.7762191999991046],[None],None,,,4,0,4,0,0,0,0,14,1149.867772399999,,1147.4346718999986,,,,1147.4346984000003,None,,,1147.4386138999998,1147.4510185,1147.4510185,1149.8346026999989,up,2.3777788000006694,None,1149.8611321999997,0.02652470000066387,1150.7949670999988,1150.7956911,1150.801092399999,1151.8011170999998,1151.7845925000001,1151.7850144000004,0.0004337999998824671,1153.2694508000004,1153.270765199999,1153.2845259999995,1153.2845259999995,1153.2845259999995,1153.2845259999995,1153.2845259999995,1153.2845259999995,1153.2845259999995,1156.2690729999995,"[-0.388, -0.388, -0.388, -0.388, -0.388, -0.388, -0.388, -0.388, -0.388, -0.388, -0.388, -0.388, -0.388, -0.388, -0.388, -0.388, -0.388, -0.388, -0.388, -0.388, -0.388, -0.388, -0.388, -0.388, -0.388, -0.388, -0.388, -0.388, -0.388, -0.388, -0.388, -0.388, -0.388, -0.388, -0.388, -0.388, -0.388, -0.388, -0.388, -0.388, -0.388, -0.388, -0.388, -0.388, -0.388, -0.388, -0.388, -0.388, -0.388, -0.388, -0.388, -0.388, -0.388, -0.388, -0.388, -0.388, -0.388, -0.388, -0.388, -0.388, -0.388, -0.388, -0.388, -0.388, -0.388, -0.388, -0.388, -0.388, -0.388, -0.388, -0.388, -0.388, -0.388, -0.388, -0.388, -0.388, -0.388, -0.388, -0.388, -0.388, -0.388, -0.388, -0.388, -0.388, -0.388, -0.388, -0.388, -0.388, -0.388, -0.388, -0.388, -0.388, -0.388, -0.388, -0.388, -0.388, -0.388, -0.388, -0.388, -0.388, -0.388, -0.388, -0.388, -0.388, -0.388, -0.388, -0.388, -0.388, -0.388, -0.388, -0.388, -0.388, -0.388, -0.388, -0.388, -0.388, -0.388, -0.388, -0.388, -0.388, -0.388, -0.388, -0.388, -0.388, -0.388, -0.388, -0.388, -0.388, -0.388, -0.388, -0.388, -0.388, -0.388, -0.388, -0.388, -0.388, -0.388, -0.388, -0.388, -0.388, -0.388, -0.388, -0.388, -0.388, -0.388, -0.388, -0.388, -0.388, -0.388, -0.388, -0.388, -0.388, -0.388, -0.388, -0.388, -0.388, -0.388, -0.388, -0.388, -0.388, -0.388, -0.388, -0.388, -0.388, -0.388, -0.388, -0.388, -0.388, -0.38, -0.372, -0.364, -0.356, -0.348, -0.34, -0.332, -0.324, -0.316, -0.308, -0.3, -0.292, -0.284]",None,None,['right'],[2.7762191999991046],[None],None,,,1156.2696722,1156.2845899000004,1156.5345839000001,1156.5180980999994,1156.5203965,1156.5345839000001,1156.5345839000001,1157.53463,1157.53463,1157.518093499999,0,-3,,,,,,,1156.2845899000004,1156.2845899000004,1156.2845899000004,1156.2845899000004,1156.2845899000004,1156.2845899000004,1156.2845899000004,1136.8145238999987,1136.8173768999986,1136.8173768999986,1147.4345526999987,0,6,up,10.611428899999737,None,202605,,D,2026-08-12_18h59.12.320,valence_final_v2,2024.2.4,60,2026-08-12 18h59.30.846082 -0600,
1,1,0,2,1,curv_comp,70,2.1,0.02,1.0,0.092,flat,curv_flat,-0.2,-0.2,0.02,rew,input_data/stims/Shape_2.10_1.00.png,input_data/stims/Shape_0.00_2.00.png,input_data/stims/Shape_4.00_2.00.png,1,1,1.0,-1.0,1,None,,,up,2.3777788000006694,None,None,None,['left'],[0.7773245000007591],[0.46403920000011567],up,1.473374999999578,None,4,0,4,0,0,1,1,30,1157.53463,,,,,,,,,,,,,,,,,1157.5186940000003,0.0006009999997331761,1158.5532564999994,1158.5536589999992,1158.5679946,1159.5680027999988,1159.551449999999,1159.5518604999997,0.0004199999984848546,1161.0359823,1161.0375817000004,1161.0513945999992,1161.0513945999992,1161.0513945999992,1161.0513945999992,1161.0513945999992,1161.0513945999992,1161.0513945999992,1162.5357807,"[0.092, 0.092, 0.092, 0.092, 0.092, 0.092, 0.092, 0.092, 0.092, 0.092, 0.092, 0.092, 0.092, 0.092, 0.092, 0.092, 0.092, 0.092, 0.092, 0.092, 0.092, 0.092, 0.092, 0.092, 0.092, 0.092, 0.092, 0.092, 0.092, 0.092, 0.092, 0.092, 0.092, 0.092, 0.092, 0.092, 0.092, 0.092, 0.092, 0.092, 0.092, 0.092, 0.092, 0.092, 0.092, 0.092, 0.092, 0.092, 0.084, 0.076, 0.068, 0.06, 0.052, 0.044, 0.036, 0.028, 0.02, 0.012, 0.004, -0.004, -0.012, -0.02, -0.028, -0.036, -0.044, -0.052, -0.06, -0.068, -0.076, -0.084, -0.092, -0.1, -0.108, -0.116, -0.124, -0.132, -0.132, -0.132, -0.132, -0.132, -0.132, -0.132, -0.132, -0.132, -0.132, -0.132, -0.132, -0.132, -0.132, -0.132, -0.132]",None,None,['left'],[0.7773245000007591],[0.46403920000011567],up,1.473374999999578,None,1162.5361716999996,1162.5514169999988,1162.8014219999986,1162.7849026000004,1162.7857416999996,1162.8014219999986,,1163.8014654999988,,1163.7849534999987,1,3,1162.8014219999986,1163.8014654999988,,,,,,,,,,,,,,,,,,,,,202605,,D,2026-08-12_18h59.12.320,valence_final_v2,2024.2.4,60,2026-08-12 18h59.30.846082 -0600,
2,2,0,2,1,curv_comp,45,0.3,-0.34,1.0,-0.248,curv,flat_curv,-0.2,0.2,0.34,pen,input_data/stims/Shape_0.30_1.00.png,input_data/stims/Shape_4.00_2.00.png,input_data/stims/Shape_0.00_2.00.png,-1,-1,-1.0,-1.0,-1,None,,,up,2.3777788000006694,None,None,None,['right'],[0.9685145999992528],[0.767964500000744],up,2.128535899999406,None,4,0,4,0,0,2,2,5,1163.8014654999988,,,,,,,,,,,,,,,,,1163.7855662999991,0.0006142000002000714,1164.869819399999,1164.870629699999,1164.8848338999996,1165.8848571999988,1165.8682998000004,1165.8687200000004,0.00042970000140485354,1167.2539115,1167.2555624999986,1167.2682330999996,1167.2682330999996,1167.2682330999996,1167.2682330999996,1167.2682330999996,1167.2682330999996,1167.2682330999996,1169.4027976999987,"[-0.248, -0.248, -0.248, -0.248, -0.248, -0.248, -0.248, -0.248, -0.248, -0.248, -0.248, -0.248, -0.248, -0.248, -0.248, -0.248, -0.248, -0.248, -0.248, -0.248, -0.248, -0.248, -0.248, -0.248, -0.248, -0.248, -0.248, -0.248, -0.248, -0.248, -0.248, -0.248, -0.248, -0.248, -0.248, -0.248, -0.248, -0.248, -0.248, -0.248, -0.248, -0.248, -0.248, -0.248, -0.248, -0.248, -0.248, -0.248, -0.248, -0.248, -0.248, -0.248, -0.248, -0.248, -0.248, -0.248, -0.248, -0.248, -0.248, -0.248, -0.24, -0.232, -0.224, -0.216, -0.208, -0.2, -0.192, -0.184, -0.176, -0.168, -0.16, -0.152, -0.144, -0.136, -0.128, -0.12, -0.112, -0.104, -0.096, -0.088, -0.08, -0.072, -0.064, -0.056, -0.048, -0.04, -0.032, -0.024, -0.016, -0.008, 0.0, 0.008, 0.016, 0.024, 0.032, 0.04, 0.048, 0.056, 0.064, 0.072, 0.08, 0.088, 0.096, 0.104, 0.112, 0.12, 0.12, 0.12, 0.12, 0.12, 0.12, 0.12, 0.12, 0.12, 0.12, 0.12, 0.12, 0.12, 0.12, 0.12, 0.12, 0.12, 0.12, 0.12, 0.12, 0.12, 0.12, 0.12, 0.12, 0.12]",None,None,['right'],[0.9685145999992528],[0.767964500000744],up,2.128535899999406,None,1169.403213399999,1169.4182842999999,1169.6682842999999,1169.6517437000002,1169.6521211,1169.6682842999999,1169.6682842999999,1170.6683078999995,1170.6683078999995,1170.6518137000003,0,-3,,,,,,,,,,,,,,,,,,,,,,,202605,,D,2026-08-12_18h59.12.320,valence_final_v2,2024.2.4,60,2026-08-12 18h59.30.846082 -0600,
3,3,0,2,1,curv_comp,41,0.1,-0.38,1.0,-0.216,curv,flat_curv,-0.2,0.2,0.38,pen,input_data/stims/Shape_0.10_1.00.png,input_data/stims/Shape_4.00_2.00.png,input_data/stims/Shape_0.00_2.00.png,-1,-1,-1.0,-1.0,-1,None,,,up,2.3777788000006694,None,None,None,['right'],[0.48767079999925045],[1.159970800001247],up,1.8556050000006508,None,4,0,4,0,0,3,3,1,1170.6683078999995,,,,,,,,,,,,,,,,,1170.6524228999988,0.0006097999994381098,1171.6859587,1171.6867315,1171.7016979,1172.7017130000004,1172.685154499999,1172.6855729,0.00042949999988195486,1174.0691668,1174.070650399999,1174.0850973999986,1174.0850973999986,1174.0850973999986,1174.0850973999986,1174.0850973999986,1174.0850973999986,1174.0850973999986,1175.9527638,"[-0.216, -0.216, -0.216, -0.216, -0.216, -0.216, -0.216, -0.216, -0.216, -0.216, -0.216, -0.216, -0.216, -0.216, -0.216, -0.216, -0.216, -0.216, -0.216, -0.216, -0.216, -0.216, -0.216, -0.216, -0.216, -0.216, -0.216, -0.216, -0.216, -0.216, -0.216, -0.208, -0.2, -0.192, -0.184, -0.176, -0.168, -0.16, -0.152, -0.144, -0.136, -0.128, -0.12, -0.112, -0.104, -0.096, -0.088, -0.08, -0.072, -0.064, -0.056, -0.048, -0.04, -0.032, -0.024, -0.016, -0.008, 0.0, 0.008, 0.016, 0.024, 0.032, 0.04, 0.048, 0.056, 0.064, 0.072, 0.08, 0.088, 0.096, 0.104, 0.112, 0.12, 0.128, 0.136, 0.144, 0.152, 0.16, 0.168, 0.176, 0.184, 0.192, 0.2, 0.208, 0.216, 0.224, 0.232, 0.24, 0.248, 0.256, 0.264, 0.272, 0.28, 0.288, 0.296, 0.304, 0.312, 0.32, 0.328, 0.336, 0.336, 0.336, 0.336, 0.336, 0.336, 0.336, 0.336, 0.336, 0.336, 0.336, 0.336, 0.336, 0.336, 0.336]",None,None,['right'],[0.48767079999925045],[1.159970800001247],up,1.8556050000006508,None,1175.9531674999998,1175.9684755999988,1176.2184883999998,1176.2019573999987,1176.2023362,1176.2184883999998,,1177.2186081,,1177.2021057000002,1,1,,,1176.2184883999998,1177.2186081,,,,,,,,,,,,,,,,,,,202605,,D,2026-08-12_18h59.12.320,valence_final_v2,2024.2.4,60,2026-08-12 18h59.30.846082 -0600,
4,4,0,2,1,curv_comp,48,0.5,-0.3,3.0,-0.364,curv,curv_flat,-0.2,-0.2,-0.3,pen,input_data/stims/Shape_0.50_3.00.png,input_data/stims/Shape_0.00_2.00.png,input_data/stims/Shape_4.00_2.00.png,-1,1,-1.0,1.0,-1,None,,,up,2.3777788000006694,None,None,None,['right'],[1.2683954000003723],[0.3280078000007052],up,1.9403342999994493,None,4,0,4,0,0,4,4,8,1177.2186081,,,,,,,,,,,,,,,,,1177.202708499999,0.0006052999997336883,1178.237105099999,1178.2375360999995,1178.2522317999992,1179.252743699999,1179.236176299999,1179.236589099999,0.0004233999989082804,1180.5212066000004,1180.5226437000001,1180.5363754999998,1180.5363754999998,1180.5363754999998,1180.5363754999998,1180.5363754999998,1180.5363754999998,1180.5363754999998,1182.4872393999995,"[-0.364, -0.364, -0.364, -0.364, -0.364, -0.364, -0.364, -0.364, -0.364, -0.364, -0.364, -0.364, -0.364, -0.364, -0.364, -0.364, -0.364, -0.364, -0.364, -0.364, -0.364, -0.364, -0.364, -0.364, -0.364, -0.364, -0.364, -0.364, -0.364, -0.364, -0.364, -0.364, -0.364, -0.364, -0.364, -0.364, -0.364, -0.364, -0.364, -0.364, -0.364, -0.364, -0.364, -0.364, -0.364, -0.364, -0.364, -0.364, -0.364, -0.364, -0.364, -0.364, -0.364, -0.364, -0.364, -0.364, -0.364, -0.364, -0.364, -0.364, -0.364, -0.364, -0.364, -0.364, -0.364, -0.364, -0.364, -0.364, -0.364, -0.364, -0.364, -0.364, -0.364, -0.364, -0.364, -0.364, -0.364, -0.364, -0.356, -0.348, -0.34, -0.332, -0.324, -0.316, -0.308, -0.3, -0.292, -0.284, -0.276, -0.268, -0.26, -0.252, -0.244, -0.236, -0.228, -0.22, -0.212, -0.212, -0.212, -0.212, -0.212, -0.212, -0.212, -0.212, -0.212, -0.212, -0.212, -0.212, -0.212, -0.212, -0.212, -0.212, -0.212, -0.212, -0.212, -0.212, -0.212, -0.212, -0.212]",None,None,['right'],[1.2683954000003723],[0.3280078000007052],up,1.9403342999994493,None,1182.4876531999998,1182.5028801999997,1182.7528923999998,1182.7363765999999,1182.7367806000002,1182.7528923999998,,1183.7528450999998,,1183.7363597999993,1,1,,,1182.7528923999998,1183.7528450999998,,,,,,,,,,,,,,,,,,,202605,,D,2026-08-12_18h59.12.320,valence_final_v2,2024.2.4,60,2026-08-12 18h59.30.846082 -0600,
5,5,0,2,1,curv_comp,51,0.5,-0.3,3.0,-0.276,curv,flat_curv,-0.2,0.2,0.3,pen,input_data/stims/Shape_0.50_3.00.png,input_data/stims/Shape_4.00_2.00.png,input_data/stims/Shape_0.00_2.00.png,-1,-1,-1.0,1.0,-1,None,,,up,2.3777788000006694,None,None,None,['right'],[1.2290658000001713],[1.1759053000005224],up,2.709050699999352,None,4,0,4,0,0,5,5,11,1183.7528450999998,,,,,,,,,,,,,,,,,1183.736949799999,0.0005898999988858122,1184.7712171000003,1184.771630199999,1184.7866885999993,1185.7866849999991,1185.7702321999986,1185.7706603999995,0.00043929999992542434,1187.1045985,1187.1059901999997,1187.1197113999988,1187.1197113999988,1187.1197113999988,1187.1197113999988,1187.1197113999988,1187.1197113999988,1187.1197113999988,1189.8364740999987,"[-0.276, -0.276, -0.276, -0.276, -0.276, -0.276, -0.276, -0.276, -0.276, -0.276, -0.276, -0.276, -0.276, -0.276, -0.276, -0.276, -0.276, -0.276, -0.276, -0.276, -0.276, -0.276, -0.276, -0.276, -0.276, -0.276, -0.276, -0.276, -0.276, -0.276, -0.276, -0.276, -0.276, -0.276, -0.276, -0.276, -0.276, -0.276, -0.276, -0.276, -0.276, -0.276, -0.276, -0.276, -0.276, -0.276, -0.276, -0.276, -0.276, -0.276, -0.276, -0.276, -0.276, -0.276, -0.276, -0.276, -0.276, -0.276, -0.276, -0.276, -0.276, -0.276, -0.276, -0.276, -0.276, -0.276, -0.276, -0.276, -0.276, -0.276, -0.276, -0.276, -0.276, -0.276, -0.276, -0.268, -0.26, -0.252, -0.244, -0.236, -0.228, -0.22, -0.212, -0.204, -0.196, -0.188, -0.18, -0.172, -0.164, -0.156, -0.148, -0.14, -0.132, -0.124, -0.116, -0.108, -0.1, -0.092, -0.084, -0.076, -0.068, -0.06, -0.052, -0.044, -0.036, -0.028, -0.02, -0.012, -0.004, 0.004, 0.012, 0.02, 0.028, 0.036, 0.044, 0.052, 0.06, 0.068, 0.076, 0.084, 0.092, 0.1, 0.108, 0.116, 0.124, 0.132, 0.14, 0.148, 0.156, 0.164, 0.172, 0.18, 0.188, 0.196, 0.204, 0.212, 0.22, 0.228, 0.236, 0.244, 0.252, 0.26, 0.268, 0.276, 0.284, 0.292, 0.292, 0.292, 0.292, 0.292, 0.292, 0.292, 0.292, 0.292, 0.292, 0.292, 0.292, 0.292, 0.292, 0.292, 0.292, 0.292, 0.292, 0.292, 0.292]",None,None,['right'],[1.2290658000001713],[1.1759053000005224],up,2.709050699999352,None,1189.8368950000004,1189.8521842999999,1190.1021965,1190.0856528999993,1190.0860305999995,1190.1021965,,1191.102222899999,,1191.0857201,1,1,,,1190.1021965,1191.102222899999,,,,,,,,,,,,,,,,,,,202605,,D,2026-08-12_18h59.12.320,valence_final_v2,2024.2.4,60,2026-08-12 18h59.30.846082 -0600,
6,6,0,2,1,curv_comp,71,2.1,0.02,3.0,-0.088,flat,flat_curv,-0.2,0.2,-0.02,rew,input_data/stims/Shape_2.10_3.00.png,input_data/stims/Shape_4.00_2.00.png,input_data/stims/Shape_0.00_2.00.png,1,-1,-1.0,1.0,1,None,,,up,2.3777788000006694,None,None,None,['right'],[0.8237771999993129],[0.7680073999999877],up,1.9517180000002554,None,4,0,4,0,0,6,6,31,1191.102222899999,,,,,,,,,,,,,,,,,1191.0863227999998,0.0006042000004526926,1192.0700938999998,1192.0706011999991,1192.0855871000003,1193.0856514999996,1193.0691549999992,1193.0696095000003,0.0004669999998441199,1194.4531943999991,1194.4548551999997,1194.4689987000002,1194.4689987000002,1194.4689987000002,1194.4689987000002,1194.4689987000002,1194.4689987000002,1194.4689987000002,1196.4366821999993,"[-0.088, -0.088, -0.088, -0.088, -0.088, -0.088, -0.088, -0.088, -0.088, -0.088, -0.088, -0.088, -0.088, -0.088, -0.088, -0.088, -0.088, -0.088, -0.088, -0.088, -0.088, -0.088, -0.088, -0.088, -0.088, -0.088, -0.088, -0.088, -0.088, -0.088, -0.088, -0.088, -0.088, -0.088, -0.088, -0.088, -0.088, -0.088, -0.088, -0.088, -0.088, -0.088, -0.088, -0.088, -0.088, -0.088, -0.088, -0.088, -0.088, -0.088, -0.088, -0.08, -0.072, -0.064, -0.056, -0.048, -0.04, -0.032, -0.024, -0.016, -0.008, 0.0, 0.008, 0.016, 0.024, 0.032, 0.04, 0.048, 0.056, 0.064, 0.072, 0.08, 0.088, 0.096, 0.104, 0.112, 0.12, 0.128, 0.136, 0.144, 0.152, 0.16, 0.168, 0.176, 0.184, 0.192, 0.2, 0.208, 0.216, 0.224, 0.232, 0.24, 0.248, 0.256, 0.264, 0.272, 0.28, 0.28, 0.28, 0.28, 0.28, 0.28, 0.28, 0.28, 0.28, 0.28, 0.28, 0.28, 0.28, 0.28, 0.28, 0.28, 0.28, 0.28, 0.28, 0.28, 0.28, 0.28, 0.28, 0.28]",None,None,['right'],[0.8237771999993129],[0.7680073999999877],up,1.9517180000002554,None,1196.4370791000001,1196.4523762999997,1196.7023596999989,1196.6858352999989,1196.686210599999,1196.7023596999989,,1197.702392699999,,1197.6858653,0,-1,,,,,1196.7023596999989,1197.702392699999,,,,,,,,,,,,,,,,,202605,,D,2026-08-12_18h59.12.320,valence_final_v2,2024.2.4,60,2026-08-12 18h59.30.846082 -0600,
7,7,0,2,1,curv_comp,79,2.9,0.18,1.0,0.12,flat,flat_curv,-0.2,0.2,-0.18,rew,input_data/stims/Shape_2.90_1.00.png,input_data/stims/Shape_4.00_2.00.png,input_data/stims/Shape_0.00_2.00.png,1,-1,-1.0,-1.0,1,None,,,up,2.3777788000006694,None,None,None,['right'],[1.0535872999989806],[0.3759944000012183],up,1.5815594999985478,None,4,0,4,0,0,7,7,39,1197.702392699999,,,,,,,,,,,,,,,,,1197.6864705999997,0.0006062000011297641,1198.6211524999999,1198.6217806000004,1198.6357627999987,1199.635781699999,1199.6192616999997,1199.619690399999,0.0004384000003483379,1201.1042954000004,1201.1056752999993,1201.1191725999997,1201.1191725999997,1201.1191725999997,1201.1191725999997,1201.1191725999997,1201.1191725999997,1201.1191725999997,1202.7035089,"[0.12, 0.12, 0.12, 0.12, 0.12, 0.12, 0.12, 0.12, 0.12, 0.12, 0.12, 0.12, 0.12, 0.12, 0.12, 0.12, 0.12, 0.12, 0.12, 0.12, 0.12, 0.12, 0.12, 0.12, 0.12, 0.12, 0.12, 0.12, 0.12, 0.12, 0.12, 0.12, 0.12, 0.12, 0.12, 0.12, 0.12, 0.12, 0.12, 0.12, 0.12, 0.12, 0.12, 0.12, 0.12, 0.12, 0.12, 0.12, 0.12, 0.12, 0.12, 0.12, 0.12, 0.12, 0.12, 0.12, 0.12, 0.12, 0.12, 0.12, 0.12, 0.12, 0.12, 0.12, 0.12, 0.128, 0.136, 0.144, 0.152, 0.16, 0.168, 0.176, 0.184, 0.192, 0.2, 0.208, 0.216, 0.224, 0.232, 0.24, 0.248, 0.256, 0.264, 0.272, 0.28, 0.288, 0.296, 0.296, 0.296, 0.296, 0.296, 0.296, 0.296, 0.296, 0.296, 0.296, 0.296]",None,None,['right'],[1.0535872999989806],[0.3759944000012183],up,1.5815594999985478,None,1202.703904099999,1202.7192114999998,1202.9692149999992,1202.9526631999997,1202.9530374999995,1202.9692149999992,,1203.9692477999997,,1203.9527366000002,0,-1,,,,,1202.9692149999992,1203.9692477999997,,,,,,,,,,,,,,,,,202605,,D,2026-08-12_18h59.12.320,valence_final_v2,2024.2.4,60,2026-08-12 18h59.30.846082 -0600,
8,8,0,2,1,curv_comp,44,0.3,-0.34,1.0,0.136,curv,curv_flat,-0.2,-0.2,-0.34,pen,input_data/stims/Shape_0.30_1.00.png,input_data/stims/Shape_0.00_2.00.png,input_data/stims/Shape_4.00_2.00.png,-1,1,1.0,-1.0,-1,None,,,up,2.3777788000006694,None,None,None,['left'],[0.6247232999994594],[0.7840233999995689],up,1.6327439999986382,None,4,0,4,0,0,8,8,4,1203.9692477999997,,,,,,,,,,,,,,,,,1203.9533450999988,0.0006090999995649327,1204.8375219999998,1204.8379218999999,1204.8526134000003,1205.8526234,1205.8360656000004,1205.8364879,0.00043170000026293565,1207.2214514999996,1207.2228796,1207.2359975,1207.2359975,1207.2359975,1207.2359975,1207.2359975,1207.2359975,1207.2359975,1208.8705219000003,"[0.136, 0.136, 0.136, 0.136, 0.136, 0.136, 0.136, 0.136, 0.136, 0.136, 0.136, 0.136, 0.136, 0.136, 0.136, 0.136, 0.136, 0.136, 0.136, 0.136, 0.136, 0.136, 0.136, 0.136, 0.136, 0.136, 0.136, 0.136, 0.136, 0.136, 0.136, 0.136, 0.136, 0.136, 0.136, 0.136, 0.136, 0.136, 0.136, 0.128, 0.12, 0.112, 0.104, 0.096, 0.088, 0.08, 0.072, 0.064, 0.056, 0.048, 0.04, 0.032, 0.024, 0.016, 0.008, 0.0, -0.008, -0.016, -0.024, -0.032, -0.04, -0.048, -0.056, -0.064, -0.072, -0.08, -0.088, -0.096, -0.104, -0.112, -0.12, -0.128, -0.136, -0.144, -0.152, -0.16, -0.168, -0.176, -0.184, -0.192, -0.2, -0.208, -0.216, -0.224, -0.232, -0.24, -0.24, -0.24, -0.24, -0.24, -0.24, -0.24, -0.24, -0.24, -0.24, -0.24, -0.24, -0.24, -0.24, -0.24]",None,None,['left'],[0.6247232999994594],[0.7840233999995689],up,1.6327439999986382,None,1208.870966999999,1208.886043299999,1209.136039699999,1209.1195143999994,1209.119888199999,1209.136039699999,,1210.1360712999995,,1210.1195728000002,1,1,,,1209.136039699999,1210.1360712999995,,,,,,,,,,,,,,,,,,,202605,,D,2026-08-12_18h59.12.320,valence_final_v2,2024.2.4,60,2026-08-12 18h59.30.846082 -0600,
9,9,0,2,1,curv_comp,55,0.7,-0.26,3.0,-0.14,curv,flat_curv,-0.2,0.2,0.26,pen,input_data/stims/Shape_0.70_3.00.png,input_data/stims/Shape_4.00_2.00.png,input_data/stims/Shape_0.00_2.00.png,-1,-1,-1.0,1.0,-1,None,,,up,2.3777788000006694,None,None,None,['right'],[0.6199390000001586],[0.7519713999990927],up,1.5799396000002162,None,4,0,4,0,0,9,9,15,1210.1360712999995,,,,,,,,,,,,,,,,,1210.1201650000003,0.0005940999999438645,1211.0045436,1211.0049894000003,1211.0194505,1212.0194620999991,1212.002926699999,1212.0033561,0.0004411000008985866,1213.337300699999,1213.3388347,1213.3528303999992,1213.3528303999992,1213.3528303999992,1213.3528303999992,1213.3528303999992,1213.3528303999992,1213.3528303999992,1214.9371960999997,"[-0.14, -0.14, -0.14, -0.14, -0.14, -0.14, -0.14, -0.14, -0.14, -0.14, -0.14, -0.14, -0.14, -0.14, -0.14, -0.14, -0.14, -0.14, -0.14, -0.14, -0.14, -0.14, -0.14, -0.14, -0.14, -0.14, -0.14, -0.14, -0.14, -0.14, -0.14, -0.14, -0.14, -0.14, -0.14, -0.14, -0.14, -0.14, -0.14, -0.132, -0.124, -0.116, -0.108, -0.1, -0.092, -0.084, -0.076, -0.068, -0.06, -0.052, -0.044, -0.036, -0.028, -0.02, -0.012, -0.004, 0.004, 0.012, 0.02, 0.028, 0.036, 0.044, 0.052, 0.06, 0.068, 0.076, 0.084, 0.092, 0.1, 0.108, 0.116, 0.124, 0.132, 0.14, 0.148, 0.156, 0.164, 0.172, 0.18, 0.188, 0.196, 0.204, 0.212, 0.22, 0.22, 0.22, 0.22, 0.22, 0.22, 0.22, 0.22, 0.22, 0.22, 0.22, 0.22, 0.22, 0.22]",None,None,['right'],[0.6199390000001586],[0.7519713999990927],up,1.5799396000002162,None,1214.937584199999,1214.9528778000004,1215.2028666999995,1215.1863495999987,1215.1867287999994,1215.2028666999995,,1216.2029084999995,,1216.1863789,1,1,,,1215.2028666999995,1216.2029084999995,,,,,,,,,,,,,,,,,,,202605,,D,2026-08-12_18h59.12.320,valence_final_v2,2024.2.4,60,2026-08-12 18h59.30.846082 -0600,
10,10,0,2,1,curv_comp,78,2.9,0.18,3.0,-0.264,flat,curv_flat,-0.2,-0.2,0.18,rew,input_data/stims/Shape_2.90_3.00.png,input_data/stims/Shape_0.00_2.00.png,input_data/stims/Shape_4.00_2.00.png,1,1,-1.0,1.0,1,None,,,up,2.3777788000006694,None,None,None,"['right', 'left']","[0.44909200000074634, 1.465083400000367]","[0.8960012999996252, 0.68794010000056]",up,2.193083199999819,None,4,0,4,0,0,10,10,38,1216.2029084999995,,,,,,,,,,,,,,,,,1216.1869714000004,0.0005904999998165295,1217.0707032999999,1217.071148699999,1217.0862799999995,1218.0863475999995,1218.0698230999988,1218.0702621,0.0004512000014074147,1219.4045533999997,1219.4062126999997,1219.4196658,1219.4196658,1219.4196658,1219.4196658,1219.4196658,1219.4196658,1219.4196658,1221.620684899999,"[-0.264, -0.264, -0.264, -0.264, -0.264, -0.264, -0.264, -0.264, -0.264, -0.264, -0.264, -0.264, -0.264, -0.264, -0.264, -0.264, -0.264, -0.264, -0.264, -0.264, -0.264, -0.264, -0.264, -0.264, -0.264, -0.264, -0.264, -0.264, -0.256, -0.248, -0.24, -0.232, -0.224, -0.216, -0.208, -0.2, -0.192, -0.184, -0.176, -0.168, -0.16, -0.152, -0.144, -0.136, -0.128, -0.12, -0.112, -0.104, -0.096, -0.088, -0.08, -0.072, -0.064, -0.056, -0.048, -0.04, -0.032, -0.024, -0.016, -0.008, 0.0, 0.008, 0.016, 0.024, 0.032, 0.04, 0.048, 0.056, 0.064, 0.072, 0.08, 0.088, 0.096, 0.104, 0.112, 0.12, 0.128, 0.136, 0.144, 0.152, 0.16, 0.168, 0.168, 0.168, 0.168, 0.168, 0.168, 0.168, 0.168, 0.16, 0.152, 0.144, 0.136, 0.128, 0.12, 0.112, 0.104, 0.096, 0.088, 0.08, 0.072, 0.064, 0.056, 0.048, 0.04, 0.032, 0.024, 0.016, 0.008, 0.0, -0.008, -0.016, -0.024, -0.032, -0.04, -0.048, -0.056, -0.064, -0.072, -0.08, -0.088, -0.096, -0.104, -0.112, -0.12, -0.128, -0.136, -0.144, -0.152, -0.16, -0.168, -0.168, -0.168, -0.168]",None,None,"['right', 'left']","[0.44909200000074634, 1.465083400000367]","[0.8960012999996252, 0.68794010000056]",up,2.193083199999819,None,1221.6211016999987,1221.6364065999987,1221.8863879,1221.8698606999988,1221.8702420999998,1221.8863879,,1222.8864102999996,,1222.8699223999993,1,3,1221.8863879,1222.8864102999996,,,,,,,,,,,,,,,,,,,,,202605,,D,2026-08-12_18h59.12.320,valence_final_v2,2024.2.4,60,2026-08-12 18h59.30.846082 -0600,
11,11,0,2,1,curv_comp,74,2.5,0.1,1.0,-0.28,flat,curv_flat,-0.2,-0.2,0.1,rew,input_data/stims/Shape_2.50_1.00.png,input_data/stims/Shape_0.00_2.00.png,input_data/stims/Shape_4.00_2.00.png,1,1,-1.0,-1.0,1,None,,,up,2.3777788000006694,None,None,None,['right'],[1.3636191000005056],[0.5201020999993489],up,2.107515499999863,None,4,0,4,0,0,11,11,34,1222.8864102999996,,,,,,,,,,,,,,,,,1222.8705222999997,0.0006008999989717267,1223.8545407000001,1223.8550415999998,1223.8697857999996,1224.869820599999,1224.8532711999997,1224.8536927999994,0.0004316000013204757,1226.3377918999995,1226.3390999000003,1226.3532030999995,1226.3532030999995,1226.3532030999995,1226.3532030999995,1226.3532030999995,1226.3532030999995,1226.3532030999995,1228.4709564999994,"[-0.28, -0.28, -0.28, -0.28, -0.28, -0.28, -0.28, -0.28, -0.28, -0.28, -0.28, -0.28, -0.28, -0.28, -0.28, -0.28, -0.28, -0.28, -0.28, -0.28, -0.28, -0.28, -0.28, -0.28, -0.28, -0.28, -0.28, -0.28, -0.28, -0.28, -0.28, -0.28, -0.28, -0.28, -0.28, -0.28, -0.28, -0.28, -0.28, -0.28, -0.28, -0.28, -0.28, -0.28, -0.28, -0.28, -0.28, -0.28, -0.28, -0.28, -0.28, -0.28, -0.28, -0.28, -0.28, -0.28, -0.28, -0.28, -0.28, -0.28, -0.28, -0.28, -0.28, -0.28, -0.28, -0.28, -0.28, -0.28, -0.28, -0.28, -0.28, -0.28, -0.28, -0.28, -0.28, -0.28, -0.28, -0.28, -0.28, -0.28, -0.28, -0.28, -0.28, -0.272, -0.264, -0.256, -0.248, -0.24, -0.232, -0.224, -0.216, -0.208, -0.2, -0.192, -0.184, -0.176, -0.168, -0.16, -0.152, -0.144, -0.136, -0.128, -0.12, -0.112, -0.104, -0.096, -0.088, -0.08, -0.072, -0.064, -0.056, -0.048, -0.04, -0.032, -0.024, -0.024, -0.024, -0.024, -0.024, -0.024, -0.024, -0.024, -0.024, -0.024, -0.024, -0.024, -0.024, -0.024, -0.024]",None,None,['right'],[1.3636191000005056],[0.5201020999993489],up,2.107515499999863,None,1228.471391699999,1228.4865723999992,1228.7365785999991,1228.7200531999988,1228.7204294999992,1228.7365785999991,,1229.7366048000004,,1229.7200930999988,1,3,1228.7365785999991,1229.7366048000004,,,,,,,,,,,,,,,,,,,,,202605,,D,2026-08-12_18h59.12.320,valence_final_v2,2024.2.4,60,2026-08-12 18h59.30.846082 -0600,
12,12,0,2,1,curv_comp,76,2.7,0.14,1.0,0.316,flat,curv_flat,-0.2,-0.2,0.14,rew,input_data/stims/Shape_2.70_1.00.png,input_data/stims/Shape_0.00_2.00.png,input_data/stims/Shape_4.00_2.00.png,1,1,1.0,-1.0,1,None,,,up,2.3777788000006694,None,None,None,"['right', 'left']","[1.053398300000481, 1.4053188000016235]","[0.31192190000001574, 0.4880896999984543]",up,2.1173484999999346,None,4,0,4,0,0,12,12,36,1229.7366048000004,,,,,,,,,,,,,,,,,1229.7206776999992,0.0005837999997311272,1230.6046862999992,1230.605164999999,1230.6199856999992,1231.6199982999988,1231.603470099999,1231.6038824999996,0.0004239999998389976,1232.8877845999996,1232.8897084,1232.9033788999986,1232.9033788999986,1232.9033788999986,1232.9033788999986,1232.9033788999986,1232.9033788999986,1232.9033788999986,1235.0377295999988,"[0.316, 0.316, 0.316, 0.316, 0.316, 0.316, 0.316, 0.316, 0.316, 0.316, 0.316, 0.316, 0.316, 0.316, 0.316, 0.316, 0.316, 0.316, 0.316, 0.316, 0.316, 0.316, 0.316, 0.316, 0.316, 0.316, 0.316, 0.316, 0.316, 0.316, 0.316, 0.316, 0.316, 0.316, 0.316, 0.316, 0.316, 0.316, 0.316, 0.316, 0.316, 0.316, 0.316, 0.316, 0.316, 0.316, 0.316, 0.316, 0.316, 0.316, 0.316, 0.316, 0.316, 0.316, 0.316, 0.316, 0.316, 0.316, 0.316, 0.316, 0.316, 0.316, 0.316, 0.316, 0.316, 0.324, 0.332, 0.34, 0.348, 0.356, 0.364, 0.372, 0.38, 0.388, 0.396, 0.396, 0.396, 0.396, 0.396, 0.396, 0.396, 0.396, 0.396, 0.396, 0.396, 0.396, 0.388, 0.38, 0.372, 0.364, 0.356, 0.348, 0.34, 0.332, 0.324, 0.316, 0.308, 0.3, 0.292, 0.284, 0.276, 0.268, 0.26, 0.252, 0.244, 0.236, 0.228, 0.22, 0.212, 0.204, 0.196, 0.188, 0.18, 0.172, 0.164, 0.164, 0.164, 0.164, 0.164, 0.164, 0.164, 0.164, 0.164, 0.164, 0.164, 0.164, 0.164, 0.164, 0.164, 0.164]",None,None,"['right', 'left']","[1.053398300000481, 1.4053188000016235]","[0.31192190000001574, 0.4880896999984543]",up,2.1173484999999346,None,1235.0381457000003,1235.0534441,1235.3034489000001,1235.2868875999993,1235.2872900000002,1235.3034489000001,,1236.3034678999993,,1236.2869501999994,1,3,1235.3034489000001,1236.3034678999993,,,,,,,,,,,,,,,,,,,,,202605,,D,2026-08-12_18h59.12.320,valence_final_v2,2024.2.4,60,2026-08-12 18h59.30.846082 -0600,
13,13,0,2,1,curv_comp,77,2.7,0.14,1.0,-0.204,flat,flat_curv,-0.2,0.2,-0.14,rew,input_data/stims/Shape_2.70_1.00.png,input_data/stims/Shape_4.00_2.00.png,input_data/stims/Shape_0.00_2.00.png,1,-1,-1.0,-1.0,1,None,,,up,2.3777788000006694,None,None,None,['right'],[1.1319702000000689],[0.3279547000001912],up,1.6519650999998703,None,4,0,4,0,0,13,13,37,1236.3034678999993,,,,,,,,,,,,,,,,,1236.2875397999996,0.0005909999999857973,1237.3222982999996,1237.3229078000004,1237.337174799999,1238.3369488999997,1238.3204062000004,1238.3208273,0.00043169999844394624,1239.7058851000002,1239.707398299999,1239.7207722999992,1239.7207722999992,1239.7207722999992,1239.7207722999992,1239.7207722999992,1239.7207722999992,1239.7207722999992,1241.3884762999987,"[-0.204, -0.204, -0.204, -0.204, -0.204, -0.204, -0.204, -0.204, -0.204, -0.204, -0.204, -0.204, -0.204, -0.204, -0.204, -0.204, -0.204, -0.204, -0.204, -0.204, -0.204, -0.204, -0.204, -0.204, -0.204, -0.204, -0.204, -0.204, -0.204, -0.204, -0.204, -0.204, -0.204, -0.204, -0.204, -0.204, -0.204, -0.204, -0.204, -0.204, -0.204, -0.204, -0.204, -0.204, -0.204, -0.204, -0.204, -0.204, -0.204, -0.204, -0.204, -0.204, -0.204, -0.204, -0.204, -0.204, -0.204, -0.204, -0.204, -0.204, -0.204, -0.204, -0.204, -0.204, -0.204, -0.204, -0.204, -0.204, -0.204, -0.196, -0.188, -0.18, -0.172, -0.164, -0.156, -0.148, -0.14, -0.132, -0.124, -0.116, -0.108, -0.1, -0.092, -0.084, -0.076, -0.068, -0.06, -0.052, -0.044, -0.044, -0.044, -0.044, -0.044, -0.044, -0.044, -0.044, -0.044, -0.044, -0.044, -0.044, -0.044, -0.044]",None,None,['right'],[1.1319702000000689],[0.3279547000001912],up,1.6519650999998703,None,1241.3888957,1241.404118299999,1241.6541304000002,1241.6375879999996,1241.6379668999998,1241.6541304000002,,1242.6545078999989,,1242.6379840999998,1,3,1241.6541304000002,1242.6545078999989,,,,,,,,,,,,,,,,,,,,,202605,,D,2026-08-12_18h59.12.320,valence_final_v2,2024.2.4,60,2026-08-12 18h59.30.846082 -0600,
14,14,0,2,1,curv_comp,63,1.3,-0.14,3.0,-0.264,flat,flat_curv,-0.2,0.2,0.14,rew,input_data/stims/Shape_1.30_3.00.png,input_data/stims/Shape_4.00_2.00.png,input_data/stims/Shape_0.00_2.00.png,1,-1,-1.0,1.0,1,None,,,up,2.3777788000006694,None,None,None,['right'],[1.4289392999999109],[0.8479888000001665],up,2.3649218999998993,None,4,0,4,0,0,14,14,23,1242.6545078999989,,,,,,,,,,,,,,,,,1242.6385744999989,0.0005917999988014344,1243.573902099999,1243.5746674999991,1243.587919399999,1244.5883190000004,1244.5718476999991,1244.5723103,0.0004748999999719672,1246.055996699999,1246.0575630999992,1246.0717602000004,1246.0717602000004,1246.0717602000004,1246.0717602000004,1246.0717602000004,1246.0717602000004,1246.0717602000004,1248.4381127999986,"[-0.264, -0.264, -0.264, -0.264, -0.264, -0.264, -0.264, -0.264, -0.264, -0.264, -0.264, -0.264, -0.264, -0.264, -0.264, -0.264, -0.264, -0.264, -0.264, -0.264, -0.264, -0.264, -0.264, -0.264, -0.264, -0.264, -0.264, -0.264, -0.264, -0.264, -0.264, -0.264, -0.264, -0.264, -0.264, -0.264, -0.264, -0.264, -0.264, -0.264, -0.264, -0.264, -0.264, -0.264, -0.264, -0.264, -0.264, -0.264, -0.264, -0.264, -0.264, -0.264, -0.264, -0.264, -0.264, -0.264, -0.264, -0.264, -0.264, -0.264, -0.264, -0.264, -0.264, -0.264, -0.264, -0.264, -0.264, -0.264, -0.264, -0.264, -0.264, -0.264, -0.264, -0.264, -0.264, -0.264, -0.264, -0.264, -0.264, -0.264, -0.264, -0.264, -0.264, -0.264, -0.264, -0.264, -0.264, -0.256, -0.248, -0.24, -0.232, -0.224, -0.216, -0.208, -0.2, -0.192, -0.184, -0.176, -0.168, -0.16, -0.152, -0.144, -0.136, -0.128, -0.12, -0.112, -0.104, -0.096, -0.088, -0.08, -0.072, -0.064, -0.056, -0.048, -0.04, -0.032, -0.024, -0.016, -0.008, 0.0, 0.008, 0.016, 0.024, 0.032, 0.04, 0.048, 0.056, 0.064, 0.072, 0.08, 0.088, 0.096, 0.104, 0.112, 0.12, 0.128, 0.136, 0.144, 0.144, 0.144, 0.144, 0.144, 0.144, 0.144]",None,None,['right'],[1.4289392999999109],[0.8479888000001665],up,2.3649218999998993,None,1248.4385091000004,1248.4537861999997,1248.703792799999,1248.6872559999993,1248.6876441999993,1248.703792799999,,1249.703837699999,,1249.6873071999999,1,3,1248.703792799999,1249.703837699999,,,,,,,,,,,,,,,,,,,,,202605,,D,2026-08-12_18h59.12.320,valence_final_v2,2024.2.4,60,2026-08-12 18h59.30.846082 -0600,
15,15,0,2,1,curv_comp,66,1.7,-0.06,3.0,0.2,flat,curv_flat,-0.2,-0.2,-0.06,rew,input_data/stims/Shape_1.70_3.00.png,input_data/stims/Shape_0.00_2.00.png,input_data/stims/Shape_4.00_2.00.png,1,1,1.0,1.0,1,None,,,up,2.3777788000006694,None,None,None,['left'],[1.1080873000009888],[0.519935299998906],up,1.9961278999999195,None,4,0,4,0,0,15,15,26,1249.703837699999,,,,,,,,,,,,,,,,,1249.6879052999993,0.0005978999997751089,1250.7225992999993,1250.7229724999997,1250.7371993999986,1251.7372204999992,1251.7207015000004,1251.7211349999998,0.00044519999937620014,1253.1047851000003,1253.1060598000004,1253.1206487,1253.1206487,1253.1206487,1253.1206487,1253.1206487,1253.1206487,1253.1206487,1255.1216318999996,"[0.2, 0.2, 0.2, 0.2, 0.2, 0.2, 0.2, 0.2, 0.2, 0.2, 0.2, 0.2, 0.2, 0.2, 0.2, 0.2, 0.2, 0.2, 0.2, 0.2, 0.2, 0.2, 0.2, 0.2, 0.2, 0.2, 0.2, 0.2, 0.2, 0.2, 0.2, 0.2, 0.2, 0.2, 0.2, 0.2, 0.2, 0.2, 0.2, 0.2, 0.2, 0.2, 0.2, 0.2, 0.2, 0.2, 0.2, 0.2, 0.2, 0.2, 0.2, 0.2, 0.2, 0.2, 0.2, 0.2, 0.2, 0.2, 0.2, 0.2, 0.2, 0.2, 0.2, 0.2, 0.2, 0.2, 0.2, 0.2, 0.192, 0.184, 0.176, 0.168, 0.16, 0.152, 0.144, 0.136, 0.128, 0.12, 0.112, 0.104, 0.096, 0.088, 0.08, 0.072, 0.064, 0.056, 0.048, 0.04, 0.032, 0.024, 0.016, 0.008, 0.0, -0.008, -0.016, -0.024, -0.032, -0.04, -0.048, -0.048, -0.048, -0.048, -0.048, -0.048, -0.048, -0.048, -0.048, -0.048, -0.048, -0.048, -0.048, -0.048, -0.048, -0.048, -0.048, -0.048, -0.048, -0.048, -0.048, -0.048, -0.048, -0.048]",None,None,['left'],[1.1080873000009888],[0.519935299998906],up,1.9961278999999195,None,1255.1220445999988,1255.1373034999997,1255.3873074999992,1255.3707969999996,1255.3711721,1255.3873074999992,,1256.3873387999993,,1256.3708201999998,1,3,1255.3873074999992,1256.3873387999993,,,,,,,,,,,,,,,,,,,,,202605,,D,2026-08-12_18h59.12.320,valence_final_v2,2024.2.4,60,2026-08-12 18h59.30.846082 -0600,
16,16,0,2,1,curv_comp,56,0.9,-0.22,1.0,-0.308,curv,curv_flat,-0.2,-0.2,-0.22,pen,input_data/stims/Shape_0.90_1.00.png,input_data/stims/Shape_0.00_2.00.png,input_data/stims/Shape_4.00_2.00.png,-1,1,-1.0,-1.0,-1,None,,,up,2.3777788000006694,None,None,None,['right'],[0.6365688999994745],[0.5759658000006311],up,1.5725673999986611,None,4,0,4,0,0,16,16,16,1256.3873387999993,,,,,,,,,,,,,,,,,1256.3714146999991,0.0005944000004092231,1257.4067206,1257.4071396,1257.4207310000002,1258.4207501,1258.4042016999992,1258.4046301999988,0.000439199999163975,1259.6888304000004,1259.6900466999996,1259.7041188999992,1259.7041188999992,1259.7041188999992,1259.7041188999992,1259.7041188999992,1259.7041188999992,1259.7041188999992,1261.288445799999,"[-0.308, -0.308, -0.308, -0.308, -0.308, -0.308, -0.308, -0.308, -0.308, -0.308, -0.308, -0.308, -0.308, -0.308, -0.308, -0.308, -0.308, -0.308, -0.308, -0.308, -0.308, -0.308, -0.308, -0.308, -0.308, -0.308, -0.308, -0.308, -0.308, -0.308, -0.308, -0.308, -0.308, -0.308, -0.308, -0.308, -0.308, -0.308, -0.308, -0.308, -0.3, -0.292, -0.284, -0.276, -0.268, -0.26, -0.252, -0.244, -0.236, -0.228, -0.22, -0.212, -0.204, -0.196, -0.188, -0.18, -0.172, -0.164, -0.156, -0.148, -0.14, -0.132, -0.124, -0.116, -0.108, -0.1, -0.092, -0.084, -0.076, -0.068, -0.06, -0.052, -0.044, -0.036, -0.036, -0.036, -0.036, -0.036, -0.036, -0.036, -0.036, -0.036, -0.036, -0.036, -0.036, -0.036, -0.036, -0.036, -0.036, -0.036, -0.036, -0.036, -0.036, -0.036, -0.036, -0.036, -0.036]",None,None,['right'],[0.6365688999994745],[0.5759658000006311],up,1.5725673999986611,None,1261.2888523000001,1261.3041432999999,1261.5541522999993,1261.5376049999995,1261.5379999999986,1261.5541522999993,1261.5541522999993,1262.554181399999,1262.554181399999,1262.5376555999992,0,-3,,,,,,,,,,,,,,,,,,,,,,,202605,,D,2026-08-12_18h59.12.320,valence_final_v2,2024.2.4,60,2026-08-12 18h59.30.846082 -0600,
17,17,0,2,1,curv_comp,47,0.3,-0.34,3.0,-0.072,curv,flat_curv,-0.2,0.2,0.34,pen,input_data/stims/Shape_0.30_3.00.png,input_data/stims/Shape_4.00_2.00.png,input_data/stims/Shape_0.00_2.00.png,-1,-1,-1.0,1.0,-1,None,,,up,2.3777788000006694,None,None,None,"['left', 'right']","[0.7418015000002924, 1.845764000001509]","[0.2959638000011182, 0.6479710999992676]",up,2.6537628000005498,None,4,0,4,0,0,17,17,7,1262.554181399999,,,,,,,,,,,,,,,,,1262.5382731999998,0.0006179000010888558,1263.4219156,1263.4226445999993,1263.4375467999998,1264.4375609999988,1264.4210133999986,1264.42144,0.00043679999907908496,1265.856071099999,1265.8580483999995,1265.8709510999997,1265.8709510999997,1265.8709510999997,1265.8709510999997,1265.8709510999997,1265.8709510999997,1265.8709510999997,1268.5386629999994,"[-0.072, -0.072, -0.072, -0.072, -0.072, -0.072, -0.072, -0.072, -0.072, -0.072, -0.072, -0.072, -0.072, -0.072, -0.072, -0.072, -0.072, -0.072, -0.072, -0.072, -0.072, -0.072, -0.072, -0.072, -0.072, -0.072, -0.072, -0.072, -0.072, -0.072, -0.072, -0.072, -0.072, -0.072, -0.072, -0.072, -0.072, -0.072, -0.072, -0.072, -0.072, -0.072, -0.072, -0.072, -0.072, -0.072, -0.08, -0.088, -0.096, -0.104, -0.112, -0.12, -0.128, -0.136, -0.144, -0.152, -0.16, -0.168, -0.176, -0.184, -0.192, -0.2, -0.208, -0.216, -0.216, -0.216, -0.216, -0.216, -0.216, -0.216, -0.216, -0.216, -0.216, -0.216, -0.216, -0.216, -0.216, -0.216, -0.216, -0.216, -0.216, -0.216, -0.216, -0.216, -0.216, -0.216, -0.216, -0.216, -0.216, -0.216, -0.216, -0.216, -0.216, -0.216, -0.216, -0.216, -0.216, -0.216, -0.216, -0.216, -0.216, -0.216, -0.216, -0.216, -0.216, -0.216, -0.216, -0.216, -0.216, -0.216, -0.216, -0.216, -0.208, -0.2, -0.192, -0.184, -0.176, -0.168, -0.16, -0.152, -0.144, -0.136, -0.128, -0.12, -0.112, -0.104, -0.096, -0.088, -0.08, -0.072, -0.064, -0.056, -0.048, -0.04, -0.032, -0.024, -0.016, -0.008, 0.0, 0.008, 0.016, 0.024, 0.032, 0.04, 0.048, 0.056, 0.064, 0.072, 0.08, 0.088, 0.096, 0.096, 0.096, 0.096, 0.096, 0.096, 0.096, 0.096, 0.096, 0.096, 0.096, 0.096]",None,None,"['left', 'right']","[0.7418015000002924, 1.845764000001509]","[0.2959638000011182, 0.6479710999992676]",up,2.6537628000005498,None,1268.5391118999996,1268.5543658999995,1268.8043469000004,1268.7878163999994,1268.7882002999995,1268.8043469000004,1268.8043469000004,1269.804374199999,1269.804374199999,1269.7878634999997,0,-3,,,,,,,,,,,,,,,,,,,,,,,202605,,D,2026-08-12_18h59.12.320,valence_final_v2,2024.2.4,60,2026-08-12 18h59.30.846082 -0600,
18,18,0,2,1,curv_comp,67,1.7,-0.06,3.0,-0.356,flat,flat_curv,-0.2,0.2,0.06,rew,input_data/stims/Shape_1.70_3.00.png,input_data/stims/Shape_4.00_2.00.png,input_data/stims/Shape_0.00_2.00.png,1,-1,-1.0,1.0,1,None,,,up,2.3777788000006694,None,None,None,['right'],[1.2535880999985238],[0.6559291000012308],up,2.189563399999315,None,4,0,4,0,0,18,18,27,1269.804374199999,,,,,,,,,,,,,,,,,1269.7884918,0.0006291999998211395,1270.8731771999992,1270.8737942999996,1270.8877684,1271.8877668999994,1271.8712548000003,1271.8716833999988,0.0004392000009829644,1273.256226899999,1273.2575507000001,1273.2711531999994,1273.2711531999994,1273.2711531999994,1273.2711531999994,1273.2711531999994,1273.2711531999994,1273.2711531999994,1275.4722506999988,"[-0.356, -0.356, -0.356, -0.356, -0.356, -0.356, -0.356, -0.356, -0.356, -0.356, -0.356, -0.356, -0.356, -0.356, -0.356, -0.356, -0.356, -0.356, -0.356, -0.356, -0.356, -0.356, -0.356, -0.356, -0.356, -0.356, -0.356, -0.356, -0.356, -0.356, -0.356, -0.356, -0.356, -0.356, -0.356, -0.356, -0.356, -0.356, -0.356, -0.356, -0.356, -0.356, -0.356, -0.356, -0.356, -0.356, -0.356, -0.356, -0.356, -0.356, -0.356, -0.356, -0.356, -0.356, -0.356, -0.356, -0.356, -0.356, -0.356, -0.356, -0.356, -0.356, -0.356, -0.356, -0.356, -0.356, -0.356, -0.356, -0.356, -0.356, -0.356, -0.356, -0.356, -0.356, -0.356, -0.356, -0.356, -0.348, -0.34, -0.332, -0.324, -0.316, -0.308, -0.3, -0.292, -0.284, -0.276, -0.268, -0.26, -0.252, -0.244, -0.236, -0.228, -0.22, -0.212, -0.204, -0.196, -0.188, -0.18, -0.172, -0.164, -0.156, -0.148, -0.14, -0.132, -0.124, -0.116, -0.108, -0.1, -0.092, -0.084, -0.076, -0.068, -0.06, -0.052, -0.044, -0.044, -0.044, -0.044, -0.044, -0.044, -0.044, -0.044, -0.044, -0.044, -0.044, -0.044, -0.044, -0.044, -0.044, -0.044, -0.044, -0.044, -0.044]",None,None,['right'],[1.2535880999985238],[0.6559291000012308],up,2.189563399999315,None,1275.472674999999,1275.4878737999989,1275.7378747999992,1275.7213479000002,1275.7217294999991,1275.7378747999992,,1276.7378990999987,,1276.7214105999992,1,3,1275.7378747999992,1276.7378990999987,,,,,,,,,,,,,,,,,,,,,202605,,D,2026-08-12_18h59.12.320,valence_final_v2,2024.2.4,60,2026-08-12 18h59.30.846082 -0600,
19,19,0,2,1,curv_comp,62,1.3,-0.14,3.0,-0.204,flat,curv_flat,-0.2,-0.2,-0.14,rew,input_data/stims/Shape_1.30_3.00.png,input_data/stims/Shape_0.00_2.00.png,input_data/stims/Shape_4.00_2.00.png,1,1,-1.0,1.0,1,None,,,up,2.3777788000006694,None,None,None,['right'],[1.3260166000000027],[0.7199617999995098],up,2.21400580000045,None,4,0,4,0,0,19,19,22,1276.7378990999987,,,,,,,,,,,,,,,,,1276.7220130999995,0.0006047999995644204,1277.7061439999998,1277.7065321999999,1277.7212851000004,1278.7212824999988,1278.704757899999,1278.7051811000001,0.0004336000001785578,1280.0396486999998,1280.0415453999994,1280.0546869999998,1280.0546869999998,1280.0546869999998,1280.0546869999998,1280.0546869999998,1280.0546869999998,1280.0546869999998,1282.272370499999,"[-0.204, -0.204, -0.204, -0.204, -0.204, -0.204, -0.204, -0.204, -0.204, -0.204, -0.204, -0.204, -0.204, -0.204, -0.204, -0.204, -0.204, -0.204, -0.204, -0.204, -0.204, -0.204, -0.204, -0.204, -0.204, -0.204, -0.204, -0.204, -0.204, -0.204, -0.204, -0.204, -0.204, -0.204, -0.204, -0.204, -0.204, -0.204, -0.204, -0.204, -0.204, -0.204, -0.204, -0.204, -0.204, -0.204, -0.204, -0.204, -0.204, -0.204, -0.204, -0.204, -0.204, -0.204, -0.204, -0.204, -0.204, -0.204, -0.204, -0.204, -0.204, -0.204, -0.204, -0.204, -0.204, -0.204, -0.204, -0.204, -0.204, -0.204, -0.204, -0.204, -0.204, -0.204, -0.204, -0.204, -0.204, -0.204, -0.204, -0.204, -0.204, -0.196, -0.188, -0.18, -0.172, -0.164, -0.156, -0.148, -0.14, -0.132, -0.124, -0.116, -0.108, -0.1, -0.092, -0.084, -0.076, -0.068, -0.06, -0.052, -0.044, -0.036, -0.028, -0.02, -0.012, -0.004, 0.004, 0.012, 0.02, 0.028, 0.036, 0.044, 0.052, 0.06, 0.068, 0.076, 0.084, 0.092, 0.1, 0.108, 0.116, 0.124, 0.132, 0.14, 0.14, 0.14, 0.14, 0.14, 0.14, 0.14, 0.14, 0.14, 0.14, 0.14, 0.14]",None,None,['right'],[1.3260166000000027],[0.7199617999995098],up,2.21400580000045,None,1282.272786399999,1282.2880647000002,1282.5380595999995,1282.5215294999998,1282.5219003000002,1282.5380595999995,,1283.5380839999998,,1283.5215876999991,1,3,1282.5380595999995,1283.5380839999998,,,,,,,,,,,,,,,,,,,,,202605,,D,2026-08-12_18h59.12.320,valence_final_v2,2024.2.4,60,2026-08-12 18h59.30.846082 -0600,
20,20,0,2,1,curv_comp,52,0.7,-0.26,3.0,0.072,curv,curv_flat,-0.2,-0.2,-0.26,pen,input_data/stims/Shape_0.70_3.00.png,input_data/stims/Shape_0.00_2.00.png,input_data/stims/Shape_4.00_2.00.png,-1,1,1.0,1.0,-1,None,,,up,2.3777788000006694,None,None,None,['right'],[0.43581190000077186],[0.4240661000003456],up,1.1158384999998816,None,4,0,4,0,0,20,20,12,1283.5380839999998,,,,,,,,,,,,,,,,,1283.5221898,0.000602699999944889,1284.5561079,1284.5565210000004,1284.5714783999993,1285.5714859,1285.5549537999996,1285.5553846000003,0.0004422000001795823,1286.8894956999993,1286.8907190999998,1286.9048767000004,1286.9048767000004,1286.9048767000004,1286.9048767000004,1286.9048767000004,1286.9048767000004,1286.9048767000004,1288.022640199999,"[0.072, 0.072, 0.072, 0.072, 0.072, 0.072, 0.072, 0.072, 0.072, 0.072, 0.072, 0.072, 0.072, 0.072, 0.072, 0.072, 0.072, 0.072, 0.072, 0.072, 0.072, 0.072, 0.072, 0.072, 0.072, 0.072, 0.072, 0.072, 0.08, 0.088, 0.096, 0.104, 0.112, 0.12, 0.128, 0.136, 0.144, 0.152, 0.16, 0.168, 0.176, 0.184, 0.192, 0.2, 0.208, 0.216, 0.224, 0.232, 0.24, 0.248, 0.256, 0.264, 0.272, 0.272, 0.272, 0.272, 0.272, 0.272, 0.272, 0.272, 0.272, 0.272, 0.272, 0.272, 0.272, 0.272, 0.272, 0.272, 0.272]",None,None,['right'],[0.43581190000077186],[0.4240661000003456],up,1.1158384999998816,None,1288.0230095999996,1288.038282399999,1288.2882260999995,1288.271710699999,1288.2720948999995,1288.2882260999995,1288.2882260999995,1289.2882567999986,1289.2882567999986,1289.2717725999992,0,-3,,,,,,,,,,,,,,,,,,,,,,,202605,,D,2026-08-12_18h59.12.320,valence_final_v2,2024.2.4,60,2026-08-12 18h59.30.846082 -0600,
21,21,0,2,1,curv_comp,43,0.1,-0.38,3.0,-0.212,curv,flat_curv,-0.2,0.2,0.38,pen,input_data/stims/Shape_0.10_3.00.png,input_data/stims/Shape_4.00_2.00.png,input_data/stims/Shape_0.00_2.00.png,-1,-1,-1.0,1.0,-1,None,,,up,2.3777788000006694,None,None,None,"['left', 'right']","[0.611703700000362, 1.243716699998913]","[0.3279958999992232, 0.6079640000007203]",up,1.9556658000001335,None,4,0,4,0,0,21,21,3,1289.2882567999986,,,,,,,,,,,,,,,,,1289.2724168000004,0.0006451000008382834,1290.3067364999988,1290.3071389999986,1290.321624799999,1291.3216500999988,1291.305133599999,1291.3055612999997,0.0004374999989522621,1292.6902685999994,1292.6915539000001,1292.7050318000001,1292.7050318000001,1292.7050318000001,1292.7050318000001,1292.7050318000001,1292.7050318000001,1292.7050318000001,1294.6728094999999,"[-0.212, -0.212, -0.212, -0.212, -0.212, -0.212, -0.212, -0.212, -0.212, -0.212, -0.212, -0.212, -0.212, -0.212, -0.212, -0.212, -0.212, -0.212, -0.212, -0.212, -0.212, -0.212, -0.212, -0.212, -0.212, -0.212, -0.212, -0.212, -0.212, -0.212, -0.212, -0.212, -0.212, -0.212, -0.212, -0.212, -0.212, -0.212, -0.22, -0.228, -0.236, -0.244, -0.252, -0.26, -0.268, -0.276, -0.284, -0.292, -0.3, -0.308, -0.316, -0.324, -0.332, -0.34, -0.348, -0.356, -0.364, -0.372, -0.372, -0.372, -0.372, -0.372, -0.372, -0.372, -0.372, -0.372, -0.372, -0.372, -0.372, -0.372, -0.372, -0.372, -0.372, -0.372, -0.372, -0.372, -0.364, -0.356, -0.348, -0.34, -0.332, -0.324, -0.316, -0.308, -0.3, -0.292, -0.284, -0.276, -0.268, -0.26, -0.252, -0.244, -0.236, -0.228, -0.22, -0.212, -0.204, -0.196, -0.188, -0.18, -0.172, -0.164, -0.156, -0.148, -0.14, -0.132, -0.124, -0.116, -0.108, -0.1, -0.092, -0.084, -0.076, -0.076, -0.076, -0.076, -0.076, -0.076, -0.076, -0.076]",None,None,"['left', 'right']","[0.611703700000362, 1.243716699998913]","[0.3279958999992232, 0.6079640000007203]",up,1.9556658000001335,None,1294.6732479999991,1294.6884307,1294.9384226000002,1294.9218748999992,1294.9222614999999,1294.9384226000002,1294.9384226000002,1295.9384444999996,1295.9384444999996,1295.9219225999987,0,-3,,,,,,,,,,,,,,,,,,,,,,,202605,,D,2026-08-12_18h59.12.320,valence_final_v2,2024.2.4,60,2026-08-12 18h59.30.846082 -0600,
22,22,0,2,1,curv_comp,49,0.5,-0.3,3.0,0.072,curv,flat_curv,-0.2,0.2,0.3,pen,input_data/stims/Shape_0.50_3.00.png,input_data/stims/Shape_4.00_2.00.png,input_data/stims/Shape_0.00_2.00.png,-1,-1,-1.0,1.0,-1,None,,,up,2.3777788000006694,None,None,None,['left'],[1.498700900001495],[0.5279621999998199],up,2.3066924000013387,None,4,0,4,0,0,22,22,9,1295.9384444999996,,,,,,,,,,,,,,,,,1295.9225162000002,0.0005964000010862947,1296.8575879,1296.8579809000003,1296.8721972999992,1297.8719519999995,1297.8553954999988,1297.8558217999998,0.00043709999954444356,1299.2896194999994,1299.2909208,1299.3060528999995,1299.3060528999995,1299.3060528999995,1299.3060528999995,1299.3060528999995,1299.3060528999995,1299.3060528999995,1301.6238505000001,"[0.072, 0.072, 0.072, 0.072, 0.072, 0.072, 0.072, 0.072, 0.072, 0.072, 0.072, 0.072, 0.072, 0.072, 0.072, 0.072, 0.072, 0.072, 0.072, 0.072, 0.072, 0.072, 0.072, 0.072, 0.072, 0.072, 0.072, 0.072, 0.072, 0.072, 0.072, 0.072, 0.072, 0.072, 0.072, 0.072, 0.072, 0.072, 0.072, 0.072, 0.072, 0.072, 0.072, 0.072, 0.072, 0.072, 0.072, 0.072, 0.072, 0.072, 0.072, 0.072, 0.072, 0.072, 0.072, 0.072, 0.072, 0.072, 0.072, 0.072, 0.072, 0.072, 0.072, 0.072, 0.072, 0.072, 0.072, 0.072, 0.072, 0.072, 0.072, 0.072, 0.072, 0.072, 0.072, 0.072, 0.072, 0.072, 0.072, 0.072, 0.072, 0.072, 0.072, 0.072, 0.072, 0.072, 0.072, 0.072, 0.072, 0.072, 0.072, 0.064, 0.056, 0.048, 0.04, 0.032, 0.024, 0.016, 0.008, 0.0, -0.008, -0.016, -0.024, -0.032, -0.04, -0.048, -0.056, -0.064, -0.072, -0.08, -0.088, -0.096, -0.104, -0.112, -0.12, -0.128, -0.136, -0.144, -0.152, -0.16, -0.168, -0.176, -0.184, -0.184, -0.184, -0.184, -0.184, -0.184, -0.184, -0.184, -0.184, -0.184, -0.184, -0.184, -0.184, -0.184, -0.184, -0.184, -0.184, -0.184, -0.184]",None,None,['left'],[1.498700900001495],[0.5279621999998199],up,2.3066924000013387,None,1301.6242683,1301.6395027999988,1301.8895145999995,1301.8730027000001,1301.8733864999995,1301.8895145999995,1301.8895145999995,1302.889554899999,1302.889554899999,1302.8730803999988,0,-3,,,,,,,,,,,,,,,,,,,,,,,202605,,D,2026-08-12_18h59.12.320,valence_final_v2,2024.2.4,60,2026-08-12 18h59.30.846082 -0600,
23,23,0,2,1,curv_comp,58,0.9,-0.22,1.0,-0.396,curv,curv_flat,-0.2,-0.2,-0.22,pen,input_data/stims/Shape_0.90_1.00.png,input_data/stims/Shape_0.00_2.00.png,input_data/stims/Shape_4.00_2.00.png,-1,1,-1.0,-1.0,-1,None,,,up,2.3777788000006694,None,None,None,['right'],[2.4560277000000497],[None],None,,,4,0,4,0,0,23,23,18,1302.889554899999,,,,,,,,,,,,,,,,,1302.8736773,0.0005978999997751089,1303.9579513999997,1303.958780699999,1303.972953999999,1304.9734178999988,1304.9567858999999,1304.9571985999992,0.00042349999966972973,1306.3425460999988,1306.3438368999996,1306.3567155,1306.3567155,1306.3567155,1306.3567155,1306.3567155,1306.3567155,1306.3567155,1309.3399437999997,"[-0.396, -0.396, -0.396, -0.396, -0.396, -0.396, -0.396, -0.396, -0.396, -0.396, -0.396, -0.396, -0.396, -0.396, -0.396, -0.396, -0.396, -0.396, -0.396, -0.396, -0.396, -0.396, -0.396, -0.396, -0.396, -0.396, -0.396, -0.396, -0.396, -0.396, -0.396, -0.396, -0.396, -0.396, -0.396, -0.396, -0.396, -0.396, -0.396, -0.396, -0.396, -0.396, -0.396, -0.396, -0.396, -0.396, -0.396, -0.396, -0.396, -0.396, -0.396, -0.396, -0.396, -0.396, -0.396, -0.396, -0.396, -0.396, -0.396, -0.396, -0.396, -0.396, -0.396, -0.396, -0.396, -0.396, -0.396, -0.396, -0.396, -0.396, -0.396, -0.396, -0.396, -0.396, -0.396, -0.396, -0.396, -0.396, -0.396, -0.396, -0.396, -0.396, -0.396, -0.396, -0.396, -0.396, -0.396, -0.396, -0.396, -0.396, -0.396, -0.396, -0.396, -0.396, -0.396, -0.396, -0.396, -0.396, -0.396, -0.396, -0.396, -0.396, -0.396, -0.396, -0.396, -0.396, -0.396, -0.396, -0.396, -0.396, -0.396, -0.396, -0.396, -0.396, -0.396, -0.396, -0.396, -0.396, -0.396, -0.396, -0.396, -0.396, -0.396, -0.396, -0.396, -0.396, -0.396, -0.396, -0.396, -0.396, -0.396, -0.396, -0.396, -0.396, -0.396, -0.396, -0.396, -0.396, -0.396, -0.396, -0.396, -0.396, -0.396, -0.396, -0.396, -0.396, -0.396, -0.396, -0.396, -0.388, -0.38, -0.372, -0.364, -0.356, -0.348, -0.34, -0.332, -0.324, -0.316, -0.308, -0.3, -0.292, -0.284, -0.276, -0.268, -0.26, -0.252, -0.244, -0.236, -0.228, -0.22, -0.212, -0.204, -0.196, -0.188, -0.18, -0.172, -0.164, -0.156, -0.148, -0.14]",None,None,['right'],[2.4560277000000497],[None],None,,,1309.3405003999997,1309.3554863999998,1309.6055176999998,1309.5890295999998,1309.5911594999998,1309.6055176999998,1309.6055176999998,1310.6055199000002,1310.6055199000002,1310.589007999999,0,-3,,,,,,,1309.3554863999998,1309.3554863999998,1309.3554863999998,1309.3554863999998,1309.3554863999998,1309.3554863999998,1309.3554863999998,,,,,,,,,,202605,,D,2026-08-12_18h59.12.320,valence_final_v2,2024.2.4,60,2026-08-12 18h59.30.846082 -0600,
24,24,0,2,1,curv_comp,73,2.3,0.06,3.0,-0.356,flat,flat_curv,-0.2,0.2,-0.06,rew,input_data/stims/Shape_2.30_3.00.png,input_data/stims/Shape_4.00_2.00.png,input_data/stims/Shape_0.00_2.00.png,1,-1,-1.0,1.0,1,None,,,up,2.3777788000006694,None,None,None,['right'],[0.8924387000006391],[0.9760841999996046],up,2.0364979000005405,None,4,0,4,0,0,24,24,33,1310.6055199000002,,,,,,,,,,,,,,,,,1310.5896183999994,0.0006133999995654449,1311.6736056999998,1311.6743936000003,1311.6888961000004,1312.6888978999996,1312.672375799999,1312.6728076,0.00044460000026447233,1314.0574340000003,1314.0587385999988,1314.0722993,1314.0722993,1314.0722993,1314.0722993,1314.0722993,1314.0722993,1314.0722993,1316.1233104999992,"[-0.356, -0.356, -0.356, -0.356, -0.356, -0.356, -0.356, -0.356, -0.356, -0.356, -0.356, -0.356, -0.356, -0.356, -0.356, -0.356, -0.356, -0.356, -0.356, -0.356, -0.356, -0.356, -0.356, -0.356, -0.356, -0.356, -0.356, -0.356, -0.356, -0.356, -0.356, -0.356, -0.356, -0.356, -0.356, -0.356, -0.356, -0.356, -0.356, -0.356, -0.356, -0.356, -0.356, -0.356, -0.356, -0.356, -0.356, -0.356, -0.356, -0.356, -0.356, -0.356, -0.356, -0.356, -0.356, -0.348, -0.34, -0.332, -0.324, -0.316, -0.308, -0.3, -0.292, -0.284, -0.276, -0.268, -0.26, -0.252, -0.244, -0.236, -0.228, -0.22, -0.212, -0.204, -0.196, -0.188, -0.18, -0.172, -0.164, -0.156, -0.148, -0.14, -0.132, -0.124, -0.116, -0.108, -0.1, -0.092, -0.084, -0.076, -0.068, -0.06, -0.052, -0.044, -0.036, -0.028, -0.02, -0.012, -0.004, 0.004, 0.012, 0.02, 0.028, 0.036, 0.044, 0.052, 0.06, 0.068, 0.076, 0.084, 0.092, 0.1, 0.108, 0.116, 0.116, 0.116, 0.116, 0.116, 0.116, 0.116, 0.116, 0.116, 0.116, 0.116, 0.116]",None,None,['right'],[0.8924387000006391],[0.9760841999996046],up,2.0364979000005405,None,1316.1237658999999,1316.1390145999994,1316.3890140000003,1316.3724862,1316.3733362999992,1316.3890140000003,,1317.3890491999991,,1317.3725398999995,1,3,1316.3890140000003,1317.3890491999991,,,,,,,,,,,,,,,,,,,,,202605,,D,2026-08-12_18h59.12.320,valence_final_v2,2024.2.4,60,2026-08-12 18h59.30.846082 -0600,
25,25,0,2,1,curv_comp,75,2.5,0.1,1.0,-0.22,flat,flat_curv,-0.2,0.2,-0.1,rew,input_data/stims/Shape_2.50_1.00.png,input_data/stims/Shape_4.00_2.00.png,input_data/stims/Shape_0.00_2.00.png,1,-1,-1.0,-1.0,1,None,,,up,2.3777788000006694,None,None,None,['right'],[0.6169389999995474],[0.43999520000033954],up,1.2569466000004468,None,4,0,4,0,0,25,25,35,1317.3890491999991,,,,,,,,,,,,,,,,,1317.3731446000002,0.0006059000006644055,1318.2575694999996,1318.2583822999986,1318.2724180999994,1319.2724355999999,1319.256080699999,1319.2565677999992,0.0004980000012437813,1320.541572099999,1320.5427366999993,1320.5558079000002,1320.5558079000002,1320.5558079000002,1320.5558079000002,1320.5558079000002,1320.5558079000002,1320.5558079000002,1321.8235475000001,"[-0.22, -0.22, -0.22, -0.22, -0.22, -0.22, -0.22, -0.22, -0.22, -0.22, -0.22, -0.22, -0.22, -0.22, -0.22, -0.22, -0.22, -0.22, -0.22, -0.22, -0.22, -0.22, -0.22, -0.22, -0.22, -0.22, -0.22, -0.22, -0.22, -0.22, -0.22, -0.22, -0.22, -0.22, -0.22, -0.22, -0.22, -0.22, -0.22, -0.212, -0.204, -0.196, -0.188, -0.18, -0.172, -0.164, -0.156, -0.148, -0.14, -0.132, -0.124, -0.116, -0.108, -0.1, -0.092, -0.084, -0.076, -0.068, -0.06, -0.052, -0.044, -0.036, -0.028, -0.02, -0.012, -0.012, -0.012, -0.012, -0.012, -0.012, -0.012, -0.012, -0.012, -0.012, -0.012, -0.012, -0.012, -0.012]",None,None,['right'],[0.6169389999995474],[0.43999520000033954],up,1.2569466000004468,None,1321.8239615000002,1321.8391558999992,1322.0891586999987,1322.0726391999997,1322.0730289000003,1322.0891586999987,,1323.089257399999,,1323.072827099999,1,3,1322.0891586999987,1323.089257399999,,,,,,,,,,,,,,,,,,,,,202605,,D,2026-08-12_18h59.12.320,valence_final_v2,2024.2.4,60,2026-08-12 18h59.30.846082 -0600,
26,26,0,2,1,curv_comp,59,0.9,-0.22,1.0,0.308,curv,flat_curv,-0.2,0.2,0.22,pen,input_data/stims/Shape_0.90_1.00.png,input_data/stims/Shape_4.00_2.00.png,input_data/stims/Shape_0.00_2.00.png,-1,-1,1.0,-1.0,-1,None,,,up,2.3777788000006694,None,None,None,['left'],[1.1127087999993819],[0.5600878000004741],up,1.7927208999990398,None,4,0,4,0,0,26,26,19,1323.089257399999,,,,,,,,,,,,,,,,,1323.073456,0.0006298000007518567,1324.057429999999,1324.0578602999994,1324.0725767000004,1325.0725853000004,1325.0560420000002,1325.0564666999999,0.0004343999989941949,1326.3407955999992,1326.3420958999995,1326.3559704,1326.3559704,1326.3559704,1326.3559704,1326.3559704,1326.3559704,1326.3559704,1328.1570952000002,"[0.308, 0.308, 0.308, 0.308, 0.308, 0.308, 0.308, 0.308, 0.308, 0.308, 0.308, 0.308, 0.308, 0.308, 0.308, 0.308, 0.308, 0.308, 0.308, 0.308, 0.308, 0.308, 0.308, 0.308, 0.308, 0.308, 0.308, 0.308, 0.308, 0.308, 0.308, 0.308, 0.308, 0.308, 0.308, 0.308, 0.308, 0.308, 0.308, 0.308, 0.308, 0.308, 0.308, 0.308, 0.308, 0.308, 0.308, 0.308, 0.308, 0.308, 0.308, 0.308, 0.308, 0.308, 0.308, 0.308, 0.308, 0.308, 0.308, 0.308, 0.308, 0.308, 0.308, 0.308, 0.308, 0.308, 0.308, 0.308, 0.3, 0.292, 0.284, 0.276, 0.268, 0.26, 0.252, 0.244, 0.236, 0.228, 0.22, 0.212, 0.204, 0.196, 0.188, 0.18, 0.172, 0.164, 0.156, 0.148, 0.14, 0.132, 0.124, 0.116, 0.108, 0.1, 0.092, 0.084, 0.076, 0.068, 0.06, 0.052, 0.044, 0.036, 0.036, 0.036, 0.036, 0.036, 0.036, 0.036, 0.036, 0.036]",None,None,['left'],[1.1127087999993819],[0.5600878000004741],up,1.7927208999990398,None,1328.1575085999993,1328.1726851999993,1328.4226586999994,1328.4061187999996,1328.4064890999998,1328.4226586999994,1328.4226586999994,1329.422703799999,1329.422703799999,1329.4061973999997,0,-3,,,,,,,,,,,,,,,,,,,,,,,202605,,D,2026-08-12_18h59.12.320,valence_final_v2,2024.2.4,60,2026-08-12 18h59.30.846082 -0600,
27,27,0,2,1,curv_comp,42,0.1,-0.38,3.0,0.172,curv,curv_flat,-0.2,-0.2,-0.38,pen,input_data/stims/Shape_0.10_3.00.png,input_data/stims/Shape_0.00_2.00.png,input_data/stims/Shape_4.00_2.00.png,-1,1,1.0,1.0,-1,None,,,up,2.3777788000006694,None,None,None,['left'],[1.277310800000123],[0.9199817999997322],up,2.565300500000376,None,4,0,4,0,0,27,27,2,1329.422703799999,,,,,,,,,,,,,,,,,1329.4067918,0.0005956999993941281,1330.3416873999995,1330.3421098999988,1330.3560724,1331.356075399999,1331.3395638999991,1331.3399880999987,0.00043569999979808927,1332.8236959999995,1332.8250231000002,1332.8394666999993,1332.8394666999993,1332.8394666999993,1332.8394666999993,1332.8394666999993,1332.8394666999993,1332.8394666999993,1335.4071645999993,"[0.172, 0.172, 0.172, 0.172, 0.172, 0.172, 0.172, 0.172, 0.172, 0.172, 0.172, 0.172, 0.172, 0.172, 0.172, 0.172, 0.172, 0.172, 0.172, 0.172, 0.172, 0.172, 0.172, 0.172, 0.172, 0.172, 0.172, 0.172, 0.172, 0.172, 0.172, 0.172, 0.172, 0.172, 0.172, 0.172, 0.172, 0.172, 0.172, 0.172, 0.172, 0.172, 0.172, 0.172, 0.172, 0.172, 0.172, 0.172, 0.172, 0.172, 0.172, 0.172, 0.172, 0.172, 0.172, 0.172, 0.172, 0.172, 0.172, 0.172, 0.172, 0.172, 0.172, 0.172, 0.172, 0.172, 0.172, 0.172, 0.172, 0.172, 0.172, 0.172, 0.172, 0.172, 0.172, 0.172, 0.172, 0.172, 0.164, 0.156, 0.148, 0.14, 0.132, 0.124, 0.116, 0.108, 0.1, 0.092, 0.084, 0.076, 0.068, 0.06, 0.052, 0.044, 0.036, 0.028, 0.02, 0.012, 0.004, -0.004, -0.012, -0.02, -0.028, -0.036, -0.044, -0.052, -0.06, -0.068, -0.076, -0.084, -0.092, -0.1, -0.108, -0.116, -0.124, -0.132, -0.14, -0.148, -0.156, -0.164, -0.172, -0.18, -0.188, -0.196, -0.204, -0.212, -0.22, -0.228, -0.236, -0.244, -0.252, -0.26, -0.268, -0.268, -0.268, -0.268, -0.268, -0.268, -0.268, -0.268, -0.268, -0.268, -0.268, -0.268, -0.268, -0.268, -0.268, -0.268, -0.268, -0.268, -0.268, -0.268, -0.268, -0.268, -0.268, -0.268]",None,None,['left'],[1.277310800000123],[0.9199817999997322],up,2.565300500000376,None,1335.4075851999987,1335.4228559999992,1335.6728621000002,1335.6563377999992,1335.6567211000001,1335.6728621000002,,1336.6729008999991,,1336.6563922999994,1,1,,,1335.6728621000002,1336.6729008999991,,,,,,,,,,,,,,,,,,,202605,,D,2026-08-12_18h59.12.320,valence_final_v2,2024.2.4,60,2026-08-12 18h59.30.846082 -0600,
28,28,0,2,1,curv_comp,60,1.1,-0.18,1.0,0.132,flat,curv_flat,-0.2,-0.2,-0.18,rew,input_data/stims/Shape_1.10_1.00.png,input_data/stims/Shape_0.00_2.00.png,input_data/stims/Shape_4.00_2.00.png,1,1,1.0,-1.0,1,None,,,up,2.3777788000006694,None,None,None,['left'],[1.3410076000000117],[0.5039775000004738],up,2.1489993000013783,None,4,0,4,0,0,28,28,20,1336.6729008999991,,,,,,,,,,,,,,,,,1336.6570254999988,0.0006369999991875375,1337.5406819,1337.5414732999998,1337.5562696999987,1338.556273799999,1338.5397460000004,1338.5401602999991,0.00042489999941608403,1340.0237259999994,1340.0250746000002,1340.0396798000002,1340.0396798000002,1340.0396798000002,1340.0396798000002,1340.0396798000002,1340.0396798000002,1340.0396798000002,1342.1906701999997,"[0.132, 0.132, 0.132, 0.132, 0.132, 0.132, 0.132, 0.132, 0.132, 0.132, 0.132, 0.132, 0.132, 0.132, 0.132, 0.132, 0.132, 0.132, 0.132, 0.132, 0.132, 0.132, 0.132, 0.132, 0.132, 0.132, 0.132, 0.132, 0.132, 0.132, 0.132, 0.132, 0.132, 0.132, 0.132, 0.132, 0.132, 0.132, 0.132, 0.132, 0.132, 0.132, 0.132, 0.132, 0.132, 0.132, 0.132, 0.132, 0.132, 0.132, 0.132, 0.132, 0.132, 0.132, 0.132, 0.132, 0.132, 0.132, 0.132, 0.132, 0.132, 0.132, 0.132, 0.132, 0.132, 0.132, 0.132, 0.132, 0.132, 0.132, 0.132, 0.132, 0.132, 0.132, 0.132, 0.132, 0.132, 0.132, 0.132, 0.132, 0.132, 0.132, 0.124, 0.116, 0.108, 0.1, 0.092, 0.084, 0.076, 0.068, 0.06, 0.052, 0.044, 0.036, 0.028, 0.02, 0.012, 0.004, -0.004, -0.012, -0.02, -0.028, -0.036, -0.044, -0.052, -0.06, -0.068, -0.076, -0.084, -0.092, -0.1, -0.108, -0.108, -0.108, -0.108, -0.108, -0.108, -0.108, -0.108, -0.108, -0.108, -0.108, -0.108, -0.108, -0.108, -0.108, -0.108, -0.108, -0.108, -0.108, -0.108]",None,None,['left'],[1.3410076000000117],[0.5039775000004738],up,2.1489993000013783,None,1342.1910865999998,1342.2063815000001,1342.4563832999993,1342.4398404999993,1342.4402143999996,1342.4563832999993,,1343.4564117999998,,1343.4399168,1,3,1342.4563832999993,1343.4564117999998,,,,,,,,,,,,,,,,,,,,,202605,,D,2026-08-12_18h59.12.320,valence_final_v2,2024.2.4,60,2026-08-12 18h59.30.846082 -0600,
29,29,0,2,1,curv_comp,53,0.7,-0.26,1.0,-0.224,curv,flat_curv,-0.2,0.2,0.26,pen,input_data/stims/Shape_0.70_1.00.png,input_data/stims/Shape_4.00_2.00.png,input_data/stims/Shape_0.00_2.00.png,-1,-1,-1.0,-1.0,-1,None,,,up,2.3777788000006694,None,None,None,['right'],[0.7374783999985084],[0.7280048000011448],up,1.7215320999985124,None,4,0,4,0,0,29,29,13,1343.4564117999998,,,,,,,,,,,,,,,,,1343.4405176,0.0006034999987605261,1344.5247669,1344.5251724999998,1344.5398136999993,1345.5398059999989,1345.523276599999,1345.5237008999993,0.0004363999996712664,1346.9089081000002,1346.9103577999995,1346.9231992999994,1346.9231992999994,1346.9231992999994,1346.9231992999994,1346.9231992999994,1346.9231992999994,1346.9231992999994,1348.657592399999,"[-0.224, -0.224, -0.224, -0.224, -0.224, -0.224, -0.224, -0.224, -0.224, -0.224, -0.224, -0.224, -0.224, -0.224, -0.224, -0.224, -0.224, -0.224, -0.224, -0.224, -0.224, -0.224, -0.224, -0.224, -0.224, -0.224, -0.224, -0.224, -0.224, -0.224, -0.224, -0.224, -0.224, -0.224, -0.224, -0.224, -0.224, -0.224, -0.224, -0.224, -0.224, -0.224, -0.224, -0.224, -0.224, -0.224, -0.216, -0.208, -0.2, -0.192, -0.184, -0.176, -0.168, -0.16, -0.152, -0.144, -0.136, -0.128, -0.12, -0.112, -0.104, -0.096, -0.088, -0.08, -0.072, -0.064, -0.056, -0.048, -0.04, -0.032, -0.024, -0.016, -0.008, 0.0, 0.008, 0.016, 0.024, 0.032, 0.04, 0.048, 0.056, 0.064, 0.072, 0.08, 0.088, 0.096, 0.104, 0.112, 0.12, 0.12, 0.12, 0.12, 0.12, 0.12, 0.12, 0.12, 0.12, 0.12, 0.12, 0.12, 0.12, 0.12, 0.12, 0.12, 0.12, 0.12]",None,None,['right'],[0.7374783999985084],[0.7280048000011448],up,1.7215320999985124,None,1348.6579824,1348.6732448999992,1348.9232304999987,1348.9067216999993,1348.9070986999996,1348.9232304999987,1348.9232304999987,1349.9232820999987,1349.9232820999987,1349.9067538999989,0,-3,,,,,,,,,,,,,,,,,,,,,,,202605,,D,2026-08-12_18h59.12.320,valence_final_v2,2024.2.4,60,2026-08-12 18h59.30.846082 -0600,
30,30,0,2,1,curv_comp,65,1.5,-0.1,1.0,-0.272,flat,flat_curv,-0.2,0.2,0.1,rew,input_data/stims/Shape_1.50_1.00.png,input_data/stims/Shape_4.00_2.00.png,input_data/stims/Shape_0.00_2.00.png,1,-1,-1.0,-1.0,1,None,,,up,2.3777788000006694,None,None,None,['right'],[1.1046468000004097],[0.7759370999992825],up,2.504640200000722,None,4,0,4,0,0,30,30,25,1349.9232820999987,,,,,,,,,,,,,,,,,1349.907337999999,0.0005844999996043043,1350.7918759000004,1350.7922452000003,1350.806632599999,1351.8066414999994,1351.7901125999997,1351.7905451999995,0.0004378000012366101,1353.1241935999988,1353.1254470999993,1353.1400832999989,1353.1400832999989,1353.1400832999989,1353.1400832999989,1353.1400832999989,1353.1400832999989,1353.1400832999989,1355.6577567999993,"[-0.272, -0.272, -0.272, -0.272, -0.272, -0.272, -0.272, -0.272, -0.272, -0.272, -0.272, -0.272, -0.272, -0.272, -0.272, -0.272, -0.272, -0.272, -0.272, -0.272, -0.272, -0.272, -0.272, -0.272, -0.272, -0.272, -0.272, -0.272, -0.272, -0.272, -0.272, -0.272, -0.272, -0.272, -0.272, -0.272, -0.272, -0.272, -0.272, -0.272, -0.272, -0.272, -0.272, -0.272, -0.272, -0.272, -0.272, -0.272, -0.272, -0.272, -0.272, -0.272, -0.272, -0.272, -0.272, -0.272, -0.272, -0.272, -0.272, -0.272, -0.272, -0.272, -0.272, -0.272, -0.272, -0.272, -0.272, -0.272, -0.264, -0.256, -0.248, -0.24, -0.232, -0.224, -0.216, -0.208, -0.2, -0.192, -0.184, -0.176, -0.168, -0.16, -0.152, -0.144, -0.136, -0.128, -0.12, -0.112, -0.104, -0.096, -0.088, -0.08, -0.072, -0.064, -0.056, -0.048, -0.04, -0.032, -0.024, -0.016, -0.008, 0.0, 0.008, 0.016, 0.024, 0.032, 0.04, 0.048, 0.056, 0.064, 0.072, 0.08, 0.088, 0.096, 0.096, 0.096, 0.096, 0.096, 0.096, 0.096, 0.096, 0.096, 0.096, 0.096, 0.096, 0.096, 0.096, 0.096, 0.096, 0.096, 0.096, 0.096, 0.096, 0.096, 0.096, 0.096, 0.096, 0.096, 0.096, 0.096, 0.096, 0.096, 0.096, 0.096, 0.096, 0.096, 0.096, 0.096, 0.096, 0.096, 0.096, 0.096, 0.096]",None,None,['right'],[1.1046468000004097],[0.7759370999992825],up,2.504640200000722,None,1355.6581526999998,1355.6734361,1355.923439099999,1355.9068945,1355.9072675999996,1355.923439099999,,1356.9235678999994,,1356.9070472000003,1,3,1355.923439099999,1356.9235678999994,,,,,,,,,,,,,,,,,,,,,202605,,D,2026-08-12_18h59.12.320,valence_final_v2,2024.2.4,60,2026-08-12 18h59.30.846082 -0600,
31,31,0,2,1,curv_comp,40,0.1,-0.38,3.0,-0.316,curv,curv_flat,-0.2,-0.2,-0.38,pen,input_data/stims/Shape_0.10_3.00.png,input_data/stims/Shape_0.00_2.00.png,input_data/stims/Shape_4.00_2.00.png,-1,1,-1.0,1.0,-1,None,,,up,2.3777788000006694,None,None,None,['right'],[0.8672430000005988],[0.9280146999990393],up,1.9952969000005396,None,4,0,4,0,0,31,31,0,1356.9235678999994,,,,,,,,,,,,,,,,,1356.9076335999998,0.0005883000012545381,1357.8921604999996,1357.8926296999998,1357.9071938999987,1358.9069566999988,1358.8906883,1358.8911159,0.0004386000000522472,1360.2248357999997,1360.2261179999987,1360.2414293000002,1360.2414293000002,1360.2414293000002,1360.2414293000002,1360.2414293000002,1360.2414293000002,1360.2414293000002,1362.2421704999997,"[-0.316, -0.316, -0.316, -0.316, -0.316, -0.316, -0.316, -0.316, -0.316, -0.316, -0.316, -0.316, -0.316, -0.316, -0.316, -0.316, -0.316, -0.316, -0.316, -0.316, -0.316, -0.316, -0.316, -0.316, -0.316, -0.316, -0.316, -0.316, -0.316, -0.316, -0.316, -0.316, -0.316, -0.316, -0.316, -0.316, -0.316, -0.316, -0.316, -0.316, -0.316, -0.316, -0.316, -0.316, -0.316, -0.316, -0.316, -0.316, -0.316, -0.316, -0.316, -0.316, -0.316, -0.316, -0.308, -0.3, -0.292, -0.284, -0.276, -0.268, -0.26, -0.252, -0.244, -0.236, -0.228, -0.22, -0.212, -0.204, -0.196, -0.188, -0.18, -0.172, -0.164, -0.156, -0.148, -0.14, -0.132, -0.124, -0.116, -0.108, -0.1, -0.092, -0.084, -0.076, -0.068, -0.06, -0.052, -0.044, -0.036, -0.028, -0.02, -0.012, -0.004, 0.004, 0.012, 0.02, 0.028, 0.036, 0.044, 0.052, 0.06, 0.068, 0.076, 0.084, 0.092, 0.1, 0.108, 0.116, 0.124, 0.124, 0.124, 0.124, 0.124, 0.124, 0.124, 0.124, 0.124, 0.124, 0.124, 0.124, 0.124, 0.124]",None,None,['right'],[0.8672430000005988],[0.9280146999990393],up,1.9952969000005396,None,1362.2425887999998,1362.2578734999988,1362.5078348999996,1362.4913211999992,1362.4916967999998,1362.5078348999996,1362.5078348999996,1363.5078596999992,1363.5078596999992,1363.4914024999998,0,-3,,,,,,,,,,,,,,,,,,,,,,,202605,,D,2026-08-12_18h59.12.320,valence_final_v2,2024.2.4,60,2026-08-12 18h59.30.846082 -0600,
32,32,0,2,1,curv_comp,57,0.9,-0.22,1.0,0.116,curv,flat_curv,-0.2,0.2,0.22,pen,input_data/stims/Shape_0.90_1.00.png,input_data/stims/Shape_4.00_2.00.png,input_data/stims/Shape_0.00_2.00.png,-1,-1,-1.0,-1.0,-1,None,,,up,2.3777788000006694,None,None,None,['left'],[1.3137621999994735],[0.4879871000011917],up,1.9697582999997394,None,4,0,4,0,0,32,32,17,1363.5078596999992,,,,,,,,,,,,,,,,,1363.4919895999992,0.0005879000000277301,1364.3764214999992,1364.3768478999991,1364.3911792,1365.391205,1365.374748799999,1365.3751914999993,0.00045479999971576035,1366.6600534999998,1366.6616959999992,1366.6749889999992,1366.6749889999992,1366.6749889999992,1366.6749889999992,1366.6749889999992,1366.6749889999992,1366.6749889999992,1368.6580591999991,"[0.116, 0.116, 0.116, 0.116, 0.116, 0.116, 0.116, 0.116, 0.116, 0.116, 0.116, 0.116, 0.116, 0.116, 0.116, 0.116, 0.116, 0.116, 0.116, 0.116, 0.116, 0.116, 0.116, 0.116, 0.116, 0.116, 0.116, 0.116, 0.116, 0.116, 0.116, 0.116, 0.116, 0.116, 0.116, 0.116, 0.116, 0.116, 0.116, 0.116, 0.116, 0.116, 0.116, 0.116, 0.116, 0.116, 0.116, 0.116, 0.116, 0.116, 0.116, 0.116, 0.116, 0.116, 0.116, 0.116, 0.116, 0.116, 0.116, 0.116, 0.116, 0.116, 0.116, 0.116, 0.116, 0.116, 0.116, 0.116, 0.116, 0.116, 0.116, 0.116, 0.116, 0.116, 0.116, 0.116, 0.116, 0.116, 0.116, 0.116, 0.108, 0.1, 0.092, 0.084, 0.076, 0.068, 0.06, 0.052, 0.044, 0.036, 0.028, 0.02, 0.012, 0.004, -0.004, -0.012, -0.02, -0.028, -0.036, -0.044, -0.052, -0.06, -0.068, -0.076, -0.084, -0.092, -0.1, -0.108, -0.116, -0.124, -0.124, -0.124, -0.124, -0.124, -0.124, -0.124, -0.124, -0.124, -0.124, -0.124, -0.124]",None,None,['left'],[1.3137621999994735],[0.4879871000011917],up,1.9697582999997394,None,1368.6584495999996,1368.6738002999991,1368.9238010999998,1368.9072641000002,1368.9076465999988,1368.9238010999998,1368.9238010999998,1369.9238299999997,1369.9238299999997,1369.9073177999999,0,-3,,,,,,,,,,,,,,,,,,,,,,,202605,,D,2026-08-12_18h59.12.320,valence_final_v2,2024.2.4,60,2026-08-12 18h59.30.846082 -0600,
33,33,0,2,1,curv_comp,61,1.1,-0.18,3.0,0.356,flat,flat_curv,-0.2,0.2,0.18,rew,input_data/stims/Shape_1.10_3.00.png,input_data/stims/Shape_4.00_2.00.png,input_data/stims/Shape_0.00_2.00.png,1,-1,1.0,1.0,1,None,,,up,2.3777788000006694,None,None,None,['left'],[1.0821434999998019],[0.8799828000010166],up,2.194135700001425,None,4,0,4,0,0,33,33,21,1369.9238299999997,,,,,,,,,,,,,,,,,1369.9079143999988,0.0006047999995644204,1370.9915244000003,1370.9920244999994,1371.0071912999992,1372.007243,1371.9906794999988,1371.9911081999999,0.0004389000005176058,1373.4746415999998,1373.4760079999996,1373.4905985999994,1373.4905985999994,1373.4905985999994,1373.4905985999994,1373.4905985999994,1373.4905985999994,1373.4905985999994,1375.6916294000002,"[0.356, 0.356, 0.356, 0.356, 0.356, 0.356, 0.356, 0.356, 0.356, 0.356, 0.356, 0.356, 0.356, 0.356, 0.356, 0.356, 0.356, 0.356, 0.356, 0.356, 0.356, 0.356, 0.356, 0.356, 0.356, 0.356, 0.356, 0.356, 0.356, 0.356, 0.356, 0.356, 0.356, 0.356, 0.356, 0.356, 0.356, 0.356, 0.356, 0.356, 0.356, 0.356, 0.356, 0.356, 0.356, 0.356, 0.356, 0.356, 0.356, 0.356, 0.356, 0.356, 0.356, 0.356, 0.356, 0.356, 0.356, 0.356, 0.356, 0.356, 0.356, 0.356, 0.356, 0.356, 0.356, 0.356, 0.348, 0.34, 0.332, 0.324, 0.316, 0.308, 0.3, 0.292, 0.284, 0.276, 0.268, 0.26, 0.252, 0.244, 0.236, 0.228, 0.22, 0.212, 0.204, 0.196, 0.188, 0.18, 0.172, 0.164, 0.156, 0.148, 0.14, 0.132, 0.124, 0.116, 0.108, 0.1, 0.092, 0.084, 0.076, 0.068, 0.06, 0.052, 0.044, 0.036, 0.028, 0.02, 0.012, 0.004, -0.004, -0.012, -0.02, -0.028, -0.036, -0.044, -0.052, -0.06, -0.068, -0.068, -0.068, -0.068, -0.068, -0.068, -0.068, -0.068, -0.068, -0.068, -0.068, -0.068, -0.068, -0.068, -0.068, -0.068]",None,None,['left'],[1.0821434999998019],[0.8799828000010166],up,2.194135700001425,None,1375.6920742000002,1375.7073141,1375.9573091000002,1375.9407890999992,1375.941176299999,1375.9573091000002,,1376.957338799999,,1376.9408208000004,1,3,1375.9573091000002,1376.957338799999,,,,,,,,,,,,,,,,,,,,,202605,,D,2026-08-12_18h59.12.320,valence_final_v2,2024.2.4,60,2026-08-12 18h59.30.846082 -0600,
34,34,0,2,1,curv_comp,72,2.3,0.06,1.0,0.36,flat,curv_flat,-0.2,-0.2,0.06,rew,input_data/stims/Shape_2.30_1.00.png,input_data/stims/Shape_0.00_2.00.png,input_data/stims/Shape_4.00_2.00.png,1,1,1.0,-1.0,1,None,,,up,2.3777788000006694,None,None,None,"['right', 'left']","[1.618524499999694, 1.8025820999991993]","[0.1440507000006619, 1.095975100000942]",up,2.898557200000141,None,4,0,4,0,0,34,34,32,1376.957338799999,,,,,,,,,,,,,,,,,1376.9414244,0.0006047999995644204,1377.9749654999996,1377.9753612999993,1377.9907320999991,1378.9907272,1378.974221299999,1378.9746503999995,0.0004410999990795972,1380.4591134000002,1380.4604792999999,1380.4741400999992,1380.4741400999992,1380.4741400999992,1380.4741400999992,1380.4741400999992,1380.4741400999992,1380.4741400999992,1383.3753906999991,"[0.36, 0.36, 0.36, 0.36, 0.36, 0.36, 0.36, 0.36, 0.36, 0.36, 0.36, 0.36, 0.36, 0.36, 0.36, 0.36, 0.36, 0.36, 0.36, 0.36, 0.36, 0.36, 0.36, 0.36, 0.36, 0.36, 0.36, 0.36, 0.36, 0.36, 0.36, 0.36, 0.36, 0.36, 0.36, 0.36, 0.36, 0.36, 0.36, 0.36, 0.36, 0.36, 0.36, 0.36, 0.36, 0.36, 0.36, 0.36, 0.36, 0.36, 0.36, 0.36, 0.36, 0.36, 0.36, 0.36, 0.36, 0.36, 0.36, 0.36, 0.36, 0.36, 0.36, 0.36, 0.36, 0.36, 0.36, 0.36, 0.36, 0.36, 0.36, 0.36, 0.36, 0.36, 0.36, 0.36, 0.36, 0.36, 0.36, 0.36, 0.36, 0.36, 0.36, 0.36, 0.36, 0.36, 0.36, 0.36, 0.36, 0.36, 0.36, 0.36, 0.36, 0.36, 0.36, 0.36, 0.36, 0.36, 0.36, 0.368, 0.376, 0.384, 0.392, 0.4, 0.4, 0.4, 0.4, 0.4, 0.4, 0.4, 0.392, 0.384, 0.376, 0.368, 0.36, 0.352, 0.344, 0.336, 0.328, 0.32, 0.312, 0.304, 0.296, 0.288, 0.28, 0.272, 0.264, 0.256, 0.248, 0.24, 0.232, 0.224, 0.216, 0.208, 0.2, 0.192, 0.184, 0.176, 0.168, 0.16, 0.152, 0.144, 0.136, 0.128, 0.12, 0.112, 0.104, 0.096, 0.088, 0.08, 0.072, 0.064, 0.056, 0.048, 0.04, 0.032, 0.024, 0.016, 0.008, 0.0, -0.008, -0.016, -0.024, -0.032, -0.04, -0.048, -0.056, -0.064, -0.072, -0.08, -0.088, -0.096, -0.104, -0.112, -0.12, -0.12]",None,None,"['right', 'left']","[1.618524499999694, 1.8025820999991993]","[0.1440507000006619, 1.095975100000942]",up,2.898557200000141,None,1383.3758097999998,1383.3908580999996,1383.6408824999999,1383.6243431000003,1383.6247239000004,1383.6408824999999,,1384.6408918999987,,1384.6243615999992,1,3,1383.6408824999999,1384.6408918999987,,,,,,,,,,,,,,,,,,,,,202605,,D,2026-08-12_18h59.12.320,valence_final_v2,2024.2.4,60,2026-08-12 18h59.30.846082 -0600,
35,35,0,2,1,curv_comp,50,0.5,-0.3,1.0,-0.364,curv,curv_flat,-0.2,-0.2,-0.3,pen,input_data/stims/Shape_0.50_1.00.png,input_data/stims/Shape_0.00_2.00.png,input_data/stims/Shape_4.00_2.00.png,-1,1,-1.0,-1.0,-1,None,,,up,2.3777788000006694,None,None,None,['right'],[0.5510561000010057],[0.671949699999459],up,1.3910377000011067,None,4,0,4,0,0,35,35,10,1384.6408918999987,,,,,,,,,,,,,,,,,1384.6249497999997,0.0005897999999433523,1385.558743399999,1385.5595352,1385.5742640999997,1386.5742878,1386.5577295000003,1386.5581462999999,0.00042750000102387276,1387.9426316999998,1387.9439194999995,1387.9576633999986,1387.9576633999986,1387.9576633999986,1387.9576633999986,1387.9576633999986,1387.9576633999986,1387.9576633999986,1389.3586811999994,"[-0.364, -0.364, -0.364, -0.364, -0.364, -0.364, -0.364, -0.364, -0.364, -0.364, -0.364, -0.364, -0.364, -0.364, -0.364, -0.364, -0.364, -0.364, -0.364, -0.364, -0.364, -0.364, -0.364, -0.364, -0.364, -0.364, -0.364, -0.364, -0.364, -0.364, -0.364, -0.364, -0.364, -0.364, -0.364, -0.356, -0.348, -0.34, -0.332, -0.324, -0.316, -0.308, -0.3, -0.292, -0.284, -0.276, -0.268, -0.26, -0.252, -0.244, -0.236, -0.228, -0.22, -0.212, -0.204, -0.196, -0.188, -0.18, -0.172, -0.164, -0.156, -0.148, -0.14, -0.132, -0.124, -0.116, -0.108, -0.1, -0.092, -0.084, -0.076, -0.068, -0.06, -0.052, -0.044, -0.044, -0.044, -0.044, -0.044, -0.044, -0.044, -0.044, -0.044, -0.044, -0.044, -0.044]",None,None,['right'],[0.5510561000010057],[0.671949699999459],up,1.3910377000011067,None,1389.3590986999989,1389.3743596000004,1389.6243515999995,1389.6078084,1389.6081892999991,1389.6243515999995,1389.6243515999995,1390.624396199999,1390.624396199999,1390.6078665999994,0,-3,,,,,,,,,,,,,,,,,,,,,,,202605,,D,2026-08-12_18h59.12.320,valence_final_v2,2024.2.4,60,2026-08-12 18h59.30.846082 -0600,
36,36,0,2,1,curv_comp,68,1.9,-0.02,3.0,-0.392,flat,curv_flat,-0.2,-0.2,-0.02,rew,input_data/stims/Shape_1.90_3.00.png,input_data/stims/Shape_0.00_2.00.png,input_data/stims/Shape_4.00_2.00.png,1,1,-1.0,1.0,1,None,,,up,2.3777788000006694,None,None,None,['right'],[1.0595011000004888],[1.096015900000566],up,2.419504700001198,None,4,0,4,0,0,36,36,28,1390.624396199999,,,,,,,,,,,,,,,,,1390.6084742999992,0.000609200000326382,1391.5434226999987,1391.5437992999996,1391.5577581999987,1392.5577672999989,1392.5412376000004,1392.5416496999987,0.0004214000000501983,1394.0267133999987,1394.0279923999988,1394.0411551999987,1394.0411551999987,1394.0411551999987,1394.0411551999987,1394.0411551999987,1394.0411551999987,1394.0411551999987,1396.4755461999994,"[-0.392, -0.392, -0.392, -0.392, -0.392, -0.392, -0.392, -0.392, -0.392, -0.392, -0.392, -0.392, -0.392, -0.392, -0.392, -0.392, -0.392, -0.392, -0.392, -0.392, -0.392, -0.392, -0.392, -0.392, -0.392, -0.392, -0.392, -0.392, -0.392, -0.392, -0.392, -0.392, -0.392, -0.392, -0.392, -0.392, -0.392, -0.392, -0.392, -0.392, -0.392, -0.392, -0.392, -0.392, -0.392, -0.392, -0.392, -0.392, -0.392, -0.392, -0.392, -0.392, -0.392, -0.392, -0.392, -0.392, -0.392, -0.392, -0.392, -0.392, -0.392, -0.392, -0.392, -0.392, -0.392, -0.384, -0.376, -0.368, -0.36, -0.352, -0.344, -0.336, -0.328, -0.32, -0.312, -0.304, -0.296, -0.288, -0.28, -0.272, -0.264, -0.256, -0.248, -0.24, -0.232, -0.224, -0.216, -0.208, -0.2, -0.192, -0.184, -0.176, -0.168, -0.16, -0.152, -0.144, -0.136, -0.128, -0.12, -0.112, -0.104, -0.096, -0.088, -0.08, -0.072, -0.064, -0.056, -0.048, -0.04, -0.032, -0.024, -0.016, -0.008, 0.0, 0.008, 0.016, 0.024, 0.032, 0.04, 0.048, 0.056, 0.064, 0.072, 0.08, 0.088, 0.096, 0.104, 0.112, 0.12, 0.128, 0.136, 0.136, 0.136, 0.136, 0.136, 0.136, 0.136, 0.136, 0.136, 0.136, 0.136, 0.136, 0.136, 0.136, 0.136, 0.136, 0.136, 0.136]",None,None,['right'],[1.0595011000004888],[1.096015900000566],up,2.419504700001198,None,1396.4759577000004,1396.4912222999992,1396.7412188999988,1396.724689499999,1396.7250672999999,1396.7412188999988,,1397.7412566999992,,1397.724752799999,1,3,1396.7412188999988,1397.7412566999992,,,,,,,,,,,,,,,,,,,,,202605,,D,2026-08-12_18h59.12.320,valence_final_v2,2024.2.4,60,2026-08-12 18h59.30.846082 -0600,
37,37,0,2,1,curv_comp,64,1.5,-0.1,3.0,0.292,flat,curv_flat,-0.2,-0.2,-0.1,rew,input_data/stims/Shape_1.50_3.00.png,input_data/stims/Shape_0.00_2.00.png,input_data/stims/Shape_4.00_2.00.png,1,1,1.0,1.0,1,None,,,up,2.3777788000006694,None,None,None,['left'],[1.1646891000000323],[0.8559509999995498],up,2.2447066999993694,None,4,0,4,0,0,37,37,24,1397.7412566999992,,,,,,,,,,,,,,,,,1397.7253645,0.0006140000004961621,1398.6602542,1398.6608223999992,1398.6746344000003,1399.6746320000002,1399.6580830999992,1399.6585020000002,0.0004301000008126721,1400.9924094999988,1400.9936115,1401.0080223999994,1401.0080223999994,1401.0080223999994,1401.0080223999994,1401.0080223999994,1401.0080223999994,1401.0080223999994,1403.2590538999993,"[0.292, 0.292, 0.292, 0.292, 0.292, 0.292, 0.292, 0.292, 0.292, 0.292, 0.292, 0.292, 0.292, 0.292, 0.292, 0.292, 0.292, 0.292, 0.292, 0.292, 0.292, 0.292, 0.292, 0.292, 0.292, 0.292, 0.292, 0.292, 0.292, 0.292, 0.292, 0.292, 0.292, 0.292, 0.292, 0.292, 0.292, 0.292, 0.292, 0.292, 0.292, 0.292, 0.292, 0.292, 0.292, 0.292, 0.292, 0.292, 0.292, 0.292, 0.292, 0.292, 0.292, 0.292, 0.292, 0.292, 0.292, 0.292, 0.292, 0.292, 0.292, 0.292, 0.292, 0.292, 0.292, 0.292, 0.292, 0.292, 0.292, 0.292, 0.292, 0.284, 0.276, 0.268, 0.26, 0.252, 0.244, 0.236, 0.228, 0.22, 0.212, 0.204, 0.196, 0.188, 0.18, 0.172, 0.164, 0.156, 0.148, 0.14, 0.132, 0.124, 0.116, 0.108, 0.1, 0.092, 0.084, 0.076, 0.068, 0.06, 0.052, 0.044, 0.036, 0.028, 0.02, 0.012, 0.004, -0.004, -0.012, -0.02, -0.028, -0.036, -0.044, -0.052, -0.06, -0.068, -0.076, -0.084, -0.092, -0.1, -0.108, -0.116, -0.124, -0.124, -0.124, -0.124, -0.124, -0.124, -0.124, -0.124, -0.124, -0.124, -0.124, -0.124, -0.124, -0.124, -0.124]",None,None,['left'],[1.1646891000000323],[0.8559509999995498],up,2.2447066999993694,None,1403.2594744999988,1403.2747335000004,1403.5247416999991,1403.5082041999995,1403.5085921999998,1403.5247416999991,,1404.5247823999998,,1404.5082678999988,1,3,1403.5247416999991,1404.5247823999998,,,,,,,,,,,,,,,,,,,,,202605,,D,2026-08-12_18h59.12.320,valence_final_v2,2024.2.4,60,2026-08-12 18h59.30.846082 -0600,
38,38,0,2,1,curv_comp,46,0.3,-0.34,3.0,-0.26,curv,curv_flat,-0.2,-0.2,-0.34,pen,input_data/stims/Shape_0.30_3.00.png,input_data/stims/Shape_0.00_2.00.png,input_data/stims/Shape_4.00_2.00.png,-1,1,-1.0,1.0,-1,None,,,up,2.3777788000006694,None,None,None,['right'],[2.1411857999992208],[0.46402020000095945],up,2.8851455000003625,None,4,0,4,0,0,38,38,6,1404.5247823999998,,,,,,,,,,,,,,,,,1404.5088758000002,0.0006094000000302913,1405.4425398000003,1405.4430202000003,1405.458154,1406.4581598000004,1406.4416246,1406.4420418999998,0.0004264999988663476,1407.7773871999998,1407.778695699999,1407.7915381000003,1407.7915381000003,1407.7915381000003,1407.7915381000003,1407.7915381000003,1407.7915381000003,1407.7915381000003,1410.6926392999994,"[-0.26, -0.26, -0.26, -0.26, -0.26, -0.26, -0.26, -0.26, -0.26, -0.26, -0.26, -0.26, -0.26, -0.26, -0.26, -0.26, -0.26, -0.26, -0.26, -0.26, -0.26, -0.26, -0.26, -0.26, -0.26, -0.26, -0.26, -0.26, -0.26, -0.26, -0.26, -0.26, -0.26, -0.26, -0.26, -0.26, -0.26, -0.26, -0.26, -0.26, -0.26, -0.26, -0.26, -0.26, -0.26, -0.26, -0.26, -0.26, -0.26, -0.26, -0.26, -0.26, -0.26, -0.26, -0.26, -0.26, -0.26, -0.26, -0.26, -0.26, -0.26, -0.26, -0.26, -0.26, -0.26, -0.26, -0.26, -0.26, -0.26, -0.26, -0.26, -0.26, -0.26, -0.26, -0.26, -0.26, -0.26, -0.26, -0.26, -0.26, -0.26, -0.26, -0.26, -0.26, -0.26, -0.26, -0.26, -0.26, -0.26, -0.26, -0.26, -0.26, -0.26, -0.26, -0.26, -0.26, -0.26, -0.26, -0.26, -0.26, -0.26, -0.26, -0.26, -0.26, -0.26, -0.26, -0.26, -0.26, -0.26, -0.26, -0.26, -0.26, -0.26, -0.26, -0.26, -0.26, -0.26, -0.26, -0.26, -0.26, -0.26, -0.26, -0.26, -0.26, -0.26, -0.26, -0.26, -0.26, -0.26, -0.26, -0.252, -0.244, -0.236, -0.228, -0.22, -0.212, -0.204, -0.196, -0.188, -0.18, -0.172, -0.164, -0.156, -0.148, -0.14, -0.132, -0.124, -0.116, -0.108, -0.1, -0.092, -0.084, -0.076, -0.068, -0.06, -0.052, -0.044, -0.036, -0.036, -0.036, -0.036, -0.036, -0.036, -0.036, -0.036, -0.036, -0.036, -0.036, -0.036, -0.036, -0.036, -0.036, -0.036, -0.036, -0.036, -0.036]",None,None,['right'],[2.1411857999992208],[0.46402020000095945],up,2.8851455000003625,None,1410.6930723999994,1410.7082819999996,1410.9582911999987,1410.9417668999995,1410.942148,1410.9582911999987,1410.9582911999987,1411.9583239999993,1411.9583239999993,1411.9418678000002,0,-3,,,,,,,,,,,,,,,,,,,,,,,202605,,D,2026-08-12_18h59.12.320,valence_final_v2,2024.2.4,60,2026-08-12 18h59.30.846082 -0600,
39,39,0,2,1,curv_comp,69,1.9,-0.02,1.0,-0.4,flat,flat_curv,-0.2,0.2,0.02,rew,input_data/stims/Shape_1.90_1.00.png,input_data/stims/Shape_4.00_2.00.png,input_data/stims/Shape_0.00_2.00.png,1,-1,-1.0,-1.0,1,None,,,up,2.3777788000006694,None,None,None,"['left', 'right']","[1.1916221999999834, 1.9276425000007293]","[0.5519459999995888, None]",None,,,4,0,4,0,0,39,39,29,1411.9583239999993,,,,,,,,,,,,,,,,,1411.9424593999993,0.0005920000003243331,1412.8768896000001,1412.8773187999996,1412.8916995,1413.8917208000003,1413.8751801999988,1413.875599699999,0.00042969999958586413,1415.3097887000004,1415.311092599999,1415.3250922999996,1415.3250922999996,1415.3250922999996,1415.3250922999996,1415.3250922999996,1415.3250922999996,1415.3250922999996,1418.3099948999989,"[-0.4, -0.4, -0.4, -0.4, -0.4, -0.4, -0.4, -0.4, -0.4, -0.4, -0.4, -0.4, -0.4, -0.4, -0.4, -0.4, -0.4, -0.4, -0.4, -0.4, -0.4, -0.4, -0.4, -0.4, -0.4, -0.4, -0.4, -0.4, -0.4, -0.4, -0.4, -0.4, -0.4, -0.4, -0.4, -0.4, -0.4, -0.4, -0.4, -0.4, -0.4, -0.4, -0.4, -0.4, -0.4, -0.4, -0.4, -0.4, -0.4, -0.4, -0.4, -0.4, -0.4, -0.4, -0.4, -0.4, -0.4, -0.4, -0.4, -0.4, -0.4, -0.4, -0.4, -0.4, -0.4, -0.4, -0.4, -0.4, -0.4, -0.4, -0.4, -0.4, -0.4, -0.4, -0.4, -0.4, -0.4, -0.4, -0.4, -0.4, -0.4, -0.4, -0.4, -0.4, -0.4, -0.4, -0.4, -0.4, -0.4, -0.4, -0.4, -0.4, -0.4, -0.4, -0.4, -0.4, -0.4, -0.4, -0.4, -0.4, -0.4, -0.4, -0.4, -0.4, -0.4, -0.4, -0.4, -0.4, -0.4, -0.4, -0.4, -0.4, -0.4, -0.4, -0.4, -0.4, -0.4, -0.392, -0.384, -0.376, -0.368, -0.36, -0.352, -0.344, -0.336, -0.328, -0.32, -0.312, -0.304, -0.296, -0.288, -0.28, -0.272, -0.264, -0.256, -0.248, -0.24, -0.232, -0.224, -0.216, -0.208, -0.2, -0.192, -0.184, -0.176, -0.168, -0.16, -0.152, -0.144, -0.136, -0.128, -0.12, -0.112, -0.104, -0.096, -0.088, -0.08, -0.072, -0.064, -0.056, -0.048, -0.04, -0.032, -0.024, -0.016, -0.008, 0.0, 0.008, 0.016, 0.024, 0.032, 0.04, 0.048, 0.056, 0.064, 0.072, 0.08, 0.088, 0.096, 0.104, 0.112]",None,None,"['left', 'right']","[1.1916221999999834, 1.9276425000007293]","[0.5519459999995888, None]",None,,,1418.3105727999991,1418.3252754999994,1418.5752763,1418.5587302999993,1418.5609478999995,1418.5752763,,1419.5757431000002,,1419.5588305,0,-1,,,,,1418.5752763,1419.5757431000002,1418.3252754999994,1418.3252754999994,1418.3252754999994,1418.3252754999994,1418.3252754999994,1418.3252754999994,1418.3252754999994,,,,,,,,,,202605,,D,2026-08-12_18h59.12.320,valence_final_v2,2024.2.4,60,2026-08-12 18h59.30.846082 -0600,
0,0,0,3,1,flat_comp,83,1.3,-0.14,3.0,-0.064,curv,flat_curv,0.2,-0.2,0.14,pen,input_data/stims/Shape_1.30_3.00.png,input_data/stims/Shape_4.00_2.00.png,input_data/stims/Shape_0.00_2.00.png,-1,-1,1.0,1.0,-1,None,,,up,1.8569502999998804,None,None,None,['right'],[2.430626999999731],[0.3760858999994525],None,,,5,0,5,0,0,0,0,3,1422.9766287000002,,1421.0590242999988,,,,1421.0590501999995,None,,,1421.0615473999987,1421.0758033000002,1421.0758033000002,1422.9434647999988,up,1.8569502999998804,None,1422.9711047,0.027634699999907752,1424.054750199999,1424.0551345999993,1424.0766955,1425.0767142999994,1425.0601165999997,1425.0605331999996,0.00042689999827416614,1426.4950100999995,1426.4966556,1426.5100423999993,1426.5100423999993,1426.5100423999993,1426.5100423999993,1426.5100423999993,1426.5100423999993,1426.5100423999993,1429.4932179999996,"[-0.064, -0.064, -0.064, -0.064, -0.064, -0.064, -0.064, -0.064, -0.064, -0.064, -0.064, -0.064, -0.064, -0.064, -0.064, -0.064, -0.064, -0.064, -0.064, -0.064, -0.064, -0.064, -0.064, -0.064, -0.064, -0.064, -0.064, -0.064, -0.064, -0.064, -0.064, -0.064, -0.064, -0.064, -0.064, -0.064, -0.064, -0.064, -0.064, -0.064, -0.064, -0.064, -0.064, -0.064, -0.064, -0.064, -0.064, -0.064, -0.064, -0.064, -0.064, -0.064, -0.064, -0.064, -0.064, -0.064, -0.064, -0.064, -0.064, -0.064, -0.064, -0.064, -0.064, -0.064, -0.064, -0.064, -0.064, -0.064, -0.064, -0.064, -0.064, -0.064, -0.064, -0.064, -0.064, -0.064, -0.064, -0.064, -0.064, -0.064, -0.064, -0.064, -0.064, -0.064, -0.064, -0.064, -0.064, -0.064, -0.064, -0.064, -0.064, -0.064, -0.064, -0.064, -0.064, -0.064, -0.064, -0.064, -0.064, -0.064, -0.064, -0.064, -0.064, -0.064, -0.064, -0.064, -0.064, -0.064, -0.064, -0.064, -0.064, -0.064, -0.064, -0.064, -0.064, -0.064, -0.064, -0.064, -0.064, -0.064, -0.064, -0.064, -0.064, -0.064, -0.064, -0.064, -0.064, -0.064, -0.064, -0.064, -0.064, -0.064, -0.064, -0.064, -0.064, -0.064, -0.064, -0.064, -0.064, -0.064, -0.064, -0.064, -0.064, -0.064, -0.064, -0.064, -0.064, -0.056, -0.048, -0.04, -0.032, -0.024, -0.016, -0.008, 0.0, 0.008, 0.016, 0.024, 0.032, 0.04, 0.048, 0.056, 0.064, 0.072, 0.08, 0.088, 0.096, 0.104, 0.112, 0.12, 0.12, 0.12, 0.12, 0.12, 0.12, 0.12, 0.12, 0.12, 0.12, 0.12, 0.12]",None,None,['right'],[2.430626999999731],[0.3760858999994525],None,,,1429.4937627,1429.5088157999999,1429.7588111999994,1429.7422919,1429.7426751999992,1429.7588111999994,1429.7588111999994,1430.7588445000001,1430.7588445000001,1430.7423232,0,-3,,,,,,,1429.5088157999999,1429.5088157999999,1429.5088157999999,1429.5088157999999,1429.5088157999999,1429.5088157999999,1429.5088157999999,1419.5721173999991,1419.5757431000002,1419.5757431000002,1421.058906799999,12,8,up,1.477008299998488,None,202605,,D,2026-08-12_18h59.12.320,valence_final_v2,2024.2.4,60,2026-08-12 18h59.30.846082 -0600,
1,1,0,3,1,flat_comp,97,2.7,0.14,1.0,0.216,curv,flat_curv,0.2,-0.2,-0.14,pen,input_data/stims/Shape_2.70_1.00.png,input_data/stims/Shape_4.00_2.00.png,input_data/stims/Shape_0.00_2.00.png,-1,-1,1.0,-1.0,-1,None,,,up,1.8569502999998804,None,None,None,"['left', 'left']","[0.9611136999992596, 2.4331215000001976]","[0.8800354000013613, 0.2639973999994254]",None,,,5,0,5,0,0,1,1,17,1430.7588445000001,,,,,,,,,,,,,,,,,1430.7429100999998,0.0005873999998584623,1431.777007499999,1431.7774166,1431.7922148999987,1432.7922448999998,1432.7756974999993,1432.7761203999999,0.00043289999848639127,1434.0606016000002,1434.0623701999994,1434.0756021999987,1434.0756021999987,1434.0756021999987,1434.0756021999987,1434.0756021999987,1434.0756021999987,1434.0756021999987,1437.0599065999995,"[0.216, 0.216, 0.216, 0.216, 0.216, 0.216, 0.216, 0.216, 0.216, 0.216, 0.216, 0.216, 0.216, 0.216, 0.216, 0.216, 0.216, 0.216, 0.216, 0.216, 0.216, 0.216, 0.216, 0.216, 0.216, 0.216, 0.216, 0.216, 0.216, 0.216, 0.216, 0.216, 0.216, 0.216, 0.216, 0.216, 0.216, 0.216, 0.216, 0.216, 0.216, 0.216, 0.216, 0.216, 0.216, 0.216, 0.216, 0.216, 0.216, 0.216, 0.216, 0.216, 0.216, 0.216, 0.216, 0.216, 0.216, 0.216, 0.216, 0.208, 0.2, 0.192, 0.184, 0.176, 0.168, 0.16, 0.152, 0.144, 0.136, 0.128, 0.12, 0.112, 0.104, 0.096, 0.088, 0.08, 0.072, 0.064, 0.056, 0.048, 0.04, 0.032, 0.024, 0.016, 0.008, 0.0, -0.008, -0.016, -0.024, -0.032, -0.04, -0.048, -0.056, -0.064, -0.072, -0.08, -0.088, -0.096, -0.104, -0.112, -0.12, -0.128, -0.136, -0.144, -0.152, -0.16, -0.168, -0.176, -0.184, -0.192, -0.2, -0.208, -0.208, -0.208, -0.208, -0.208, -0.208, -0.208, -0.208, -0.208, -0.208, -0.208, -0.208, -0.208, -0.208, -0.208, -0.208, -0.208, -0.208, -0.208, -0.208, -0.208, -0.208, -0.208, -0.208, -0.208, -0.208, -0.208, -0.208, -0.208, -0.208, -0.208, -0.208, -0.208, -0.208, -0.208, -0.208, -0.216, -0.224, -0.232, -0.24, -0.248, -0.256, -0.264, -0.272, -0.28, -0.288, -0.296, -0.304, -0.312, -0.32, -0.328, -0.336, -0.336, -0.336, -0.336, -0.336, -0.336, -0.336, -0.336, -0.336, -0.336, -0.336, -0.336, -0.336, -0.336, -0.336, -0.336, -0.336, -0.336, -0.336]",None,None,"['left', 'left']","[0.9611136999992596, 2.4331215000001976]","[0.8800354000013613, 0.2639973999994254]",None,,,1437.060394799999,1437.0756712000002,1437.3256867,1437.3091633000004,1437.3095365999998,1437.3256867,1437.3256867,1438.3257285,1438.3257285,1438.3092115,0,-3,,,,,,,1437.0756712000002,1437.0756712000002,1437.0756712000002,1437.0756712000002,1437.0756712000002,1437.0756712000002,1437.0756712000002,,,,,,,,,,202605,,D,2026-08-12_18h59.12.320,valence_final_v2,2024.2.4,60,2026-08-12 18h59.30.846082 -0600,
2,2,0,3,1,flat_comp,100,3.1,0.22,1.0,0.288,flat,curv_flat,0.2,0.2,0.22,rew,input_data/stims/Shape_3.10_1.00.png,input_data/stims/Shape_0.00_2.00.png,input_data/stims/Shape_4.00_2.00.png,1,1,1.0,-1.0,1,None,,,up,1.8569502999998804,None,None,None,['left'],[1.4162469999992027],[1.0079093000003922],up,2.7122276999998576,None,5,0,5,0,0,2,2,20,1438.3257285,,,,,,,,,,,,,,,,,1438.3098195000002,0.0006090000006224727,1439.3441839999996,1439.3448325999998,1439.3590951999995,1440.3591023999998,1440.342574799999,1440.3429915999986,0.0004269999990356155,1441.6780548999996,1441.6796199,1441.692519799999,1441.692519799999,1441.692519799999,1441.692519799999,1441.692519799999,1441.692519799999,1441.692519799999,1444.4102270000003,"[0.288, 0.288, 0.288, 0.288, 0.288, 0.288, 0.288, 0.288, 0.288, 0.288, 0.288, 0.288, 0.288, 0.288, 0.288, 0.288, 0.288, 0.288, 0.288, 0.288, 0.288, 0.288, 0.288, 0.288, 0.288, 0.288, 0.288, 0.288, 0.288, 0.288, 0.288, 0.288, 0.288, 0.288, 0.288, 0.288, 0.288, 0.288, 0.288, 0.288, 0.288, 0.288, 0.288, 0.288, 0.288, 0.288, 0.288, 0.288, 0.288, 0.288, 0.288, 0.288, 0.288, 0.288, 0.288, 0.288, 0.288, 0.288, 0.288, 0.288, 0.288, 0.288, 0.288, 0.288, 0.288, 0.288, 0.288, 0.288, 0.288, 0.288, 0.288, 0.288, 0.288, 0.288, 0.288, 0.288, 0.288, 0.288, 0.288, 0.288, 0.288, 0.288, 0.288, 0.288, 0.288, 0.288, 0.28, 0.272, 0.264, 0.256, 0.248, 0.24, 0.232, 0.224, 0.216, 0.208, 0.2, 0.192, 0.184, 0.176, 0.168, 0.16, 0.152, 0.144, 0.136, 0.128, 0.12, 0.112, 0.104, 0.096, 0.088, 0.08, 0.072, 0.064, 0.056, 0.048, 0.04, 0.032, 0.024, 0.016, 0.008, 0.0, -0.008, -0.016, -0.024, -0.032, -0.04, -0.048, -0.056, -0.064, -0.072, -0.08, -0.088, -0.096, -0.104, -0.112, -0.12, -0.128, -0.136, -0.144, -0.152, -0.16, -0.168, -0.176, -0.184, -0.192, -0.2, -0.2, -0.2, -0.2, -0.2, -0.2, -0.2, -0.2, -0.2, -0.2, -0.2, -0.2, -0.2, -0.2, -0.2, -0.2, -0.2, -0.2, -0.2]",None,None,['left'],[1.4162469999992027],[1.0079093000003922],up,2.7122276999998576,None,1444.4106436999991,1444.4258969999992,1444.6758785000002,1444.659353699999,1444.660198399999,1444.6758785000002,,1445.6759086999991,,1445.659415,0,-1,,,,,1444.6758785000002,1445.6759086999991,,,,,,,,,,,,,,,,,202605,,D,2026-08-12_18h59.12.320,valence_final_v2,2024.2.4,60,2026-08-12 18h59.30.846082 -0600,
3,3,0,3,1,flat_comp,117,3.9,0.38,3.0,0.204,flat,flat_curv,0.2,-0.2,-0.38,rew,input_data/stims/Shape_3.90_3.00.png,input_data/stims/Shape_4.00_2.00.png,input_data/stims/Shape_0.00_2.00.png,1,-1,1.0,1.0,1,None,,,up,1.8569502999998804,None,None,None,['left'],[0.9579689000001963],[0.9279812999993737],up,2.2379820000005566,None,5,0,5,0,0,3,3,37,1445.6759086999991,,,,,,,,,,,,,,,,,1445.660041199999,0.0006262000006245216,1446.594822699999,1446.5952311,1446.609287199999,1447.6093084000004,1447.5927732,1447.5932034999987,0.00044010000056005083,1448.9280559,1448.9294709999995,1448.9426946999993,1448.9426946999993,1448.9426946999993,1448.9426946999993,1448.9426946999993,1448.9426946999993,1448.9426946999993,1451.1937261000003,"[0.204, 0.204, 0.204, 0.204, 0.204, 0.204, 0.204, 0.204, 0.204, 0.204, 0.204, 0.204, 0.204, 0.204, 0.204, 0.204, 0.204, 0.204, 0.204, 0.204, 0.204, 0.204, 0.204, 0.204, 0.204, 0.204, 0.204, 0.204, 0.204, 0.204, 0.204, 0.204, 0.204, 0.204, 0.204, 0.204, 0.204, 0.204, 0.204, 0.204, 0.204, 0.204, 0.204, 0.204, 0.204, 0.204, 0.204, 0.204, 0.204, 0.204, 0.204, 0.204, 0.204, 0.204, 0.204, 0.204, 0.204, 0.204, 0.204, 0.196, 0.188, 0.18, 0.172, 0.164, 0.156, 0.148, 0.14, 0.132, 0.124, 0.116, 0.108, 0.1, 0.092, 0.084, 0.076, 0.068, 0.06, 0.052, 0.044, 0.036, 0.028, 0.02, 0.012, 0.004, -0.004, -0.012, -0.02, -0.028, -0.036, -0.044, -0.052, -0.06, -0.068, -0.076, -0.084, -0.092, -0.1, -0.108, -0.116, -0.124, -0.132, -0.14, -0.148, -0.156, -0.164, -0.172, -0.18, -0.188, -0.196, -0.204, -0.212, -0.22, -0.228, -0.236, -0.244, -0.244, -0.244, -0.244, -0.244, -0.244, -0.244, -0.244, -0.244, -0.244, -0.244, -0.244, -0.244, -0.244, -0.244, -0.244, -0.244, -0.244, -0.244, -0.244, -0.244, -0.244, -0.244]",None,None,['left'],[0.9579689000001963],[0.9279812999993737],up,2.2379820000005566,None,1451.1941465,1451.2094149000004,1451.4594003000002,1451.4428841999998,1451.4432586999992,1451.4594003000002,,1452.4594789999992,,1452.4429401999987,1,3,1451.4594003000002,1452.4594789999992,,,,,,,,,,,,,,,,,,,,,202605,,D,2026-08-12_18h59.12.320,valence_final_v2,2024.2.4,60,2026-08-12 18h59.30.846082 -0600,
4,4,0,3,1,flat_comp,107,3.3,0.26,1.0,0.324,flat,flat_curv,0.2,-0.2,-0.26,rew,input_data/stims/Shape_3.30_1.00.png,input_data/stims/Shape_4.00_2.00.png,input_data/stims/Shape_0.00_2.00.png,1,-1,1.0,-1.0,1,None,,,up,1.8569502999998804,None,None,None,['left'],[0.6485006000002613],[1.2079388000001927],up,2.048463200000697,None,5,0,5,0,0,4,4,27,1452.4594789999992,,,,,,,,,,,,,,,,,1452.4435546999994,0.0006167999999888707,1453.3772479,1453.3778791000004,1453.3928178999995,1454.3928397,1454.3762793999995,1454.3767038999995,0.00043420000110927504,1455.6605622999996,1455.6624570000004,1455.6762022999992,1455.6762022999992,1455.6762022999992,1455.6762022999992,1455.6762022999992,1455.6762022999992,1455.6762022999992,1457.7272575999996,"[0.324, 0.324, 0.324, 0.324, 0.324, 0.324, 0.324, 0.324, 0.324, 0.324, 0.324, 0.324, 0.324, 0.324, 0.324, 0.324, 0.324, 0.324, 0.324, 0.324, 0.324, 0.324, 0.324, 0.324, 0.324, 0.324, 0.324, 0.324, 0.324, 0.324, 0.324, 0.324, 0.324, 0.324, 0.324, 0.324, 0.324, 0.324, 0.324, 0.324, 0.316, 0.308, 0.3, 0.292, 0.284, 0.276, 0.268, 0.26, 0.252, 0.244, 0.236, 0.228, 0.22, 0.212, 0.204, 0.196, 0.188, 0.18, 0.172, 0.164, 0.156, 0.148, 0.14, 0.132, 0.124, 0.116, 0.108, 0.1, 0.092, 0.084, 0.076, 0.068, 0.06, 0.052, 0.044, 0.036, 0.028, 0.02, 0.012, 0.004, -0.004, -0.012, -0.02, -0.028, -0.036, -0.044, -0.052, -0.06, -0.068, -0.076, -0.084, -0.092, -0.1, -0.108, -0.116, -0.124, -0.132, -0.14, -0.148, -0.156, -0.164, -0.172, -0.18, -0.188, -0.196, -0.204, -0.212, -0.22, -0.228, -0.236, -0.244, -0.252, -0.26, -0.26, -0.26, -0.26, -0.26, -0.26, -0.26, -0.26, -0.26, -0.26, -0.26, -0.26, -0.26]",None,None,['left'],[0.6485006000002613],[1.2079388000001927],up,2.048463200000697,None,1457.7276537999987,1457.742933399999,1457.9929267999996,1457.976375799999,1457.976746799999,1457.9929267999996,,1458.9929586999988,,1458.9764766999997,1,3,1457.9929267999996,1458.9929586999988,,,,,,,,,,,,,,,,,,,,,202605,,D,2026-08-12_18h59.12.320,valence_final_v2,2024.2.4,60,2026-08-12 18h59.30.846082 -0600,
5,5,0,3,1,flat_comp,82,1.3,-0.14,1.0,-0.36,curv,curv_flat,0.2,0.2,-0.14,pen,input_data/stims/Shape_1.30_1.00.png,input_data/stims/Shape_0.00_2.00.png,input_data/stims/Shape_4.00_2.00.png,-1,1,-1.0,-1.0,-1,None,,,up,1.8569502999998804,None,None,None,['right'],[1.5269908999998734],[0.7199906000005285],up,2.8069838999999774,None,5,0,5,0,0,5,5,2,1458.9929586999988,,,,,,,,,,,,,,,,,1458.9770838999993,0.0006078999995224876,1459.8614392,1459.8619345999996,1459.8763218000004,1460.8763251,1460.8597931999993,1460.8602083999995,0.00042550000034680124,1462.2943704999998,1462.2957666000002,1462.3097251,1462.3097251,1462.3097251,1462.3097251,1462.3097251,1462.3097251,1462.3097251,1465.1274391999996,"[-0.36, -0.36, -0.36, -0.36, -0.36, -0.36, -0.36, -0.36, -0.36, -0.36, -0.36, -0.36, -0.36, -0.36, -0.36, -0.36, -0.36, -0.36, -0.36, -0.36, -0.36, -0.36, -0.36, -0.36, -0.36, -0.36, -0.36, -0.36, -0.36, -0.36, -0.36, -0.36, -0.36, -0.36, -0.36, -0.36, -0.36, -0.36, -0.36, -0.36, -0.36, -0.36, -0.36, -0.36, -0.36, -0.36, -0.36, -0.36, -0.36, -0.36, -0.36, -0.36, -0.36, -0.36, -0.36, -0.36, -0.36, -0.36, -0.36, -0.36, -0.36, -0.36, -0.36, -0.36, -0.36, -0.36, -0.36, -0.36, -0.36, -0.36, -0.36, -0.36, -0.36, -0.36, -0.36, -0.36, -0.36, -0.36, -0.36, -0.36, -0.36, -0.36, -0.36, -0.36, -0.36, -0.36, -0.36, -0.36, -0.36, -0.36, -0.36, -0.36, -0.36, -0.352, -0.344, -0.336, -0.328, -0.32, -0.312, -0.304, -0.296, -0.288, -0.28, -0.272, -0.264, -0.256, -0.248, -0.24, -0.232, -0.224, -0.216, -0.208, -0.2, -0.192, -0.184, -0.176, -0.168, -0.16, -0.152, -0.144, -0.136, -0.128, -0.12, -0.112, -0.104, -0.096, -0.088, -0.08, -0.072, -0.064, -0.056, -0.048, -0.04, -0.032, -0.024, -0.016, -0.016, -0.016, -0.016, -0.016, -0.016, -0.016, -0.016, -0.016, -0.016, -0.016, -0.016, -0.016, -0.016, -0.016, -0.016, -0.016, -0.016, -0.016, -0.016, -0.016, -0.016, -0.016, -0.016, -0.016, -0.016, -0.016, -0.016, -0.016, -0.016, -0.016, -0.016, -0.016, -0.016, -0.016, -0.016]",None,None,['right'],[1.5269908999998734],[0.7199906000005285],up,2.8069838999999774,None,1465.1278672999997,1465.1431188999995,1465.393127899999,1465.3765714,1465.376943199999,1465.393127899999,,1466.3931426,,1466.3766281999997,1,1,,,1465.393127899999,1466.3931426,,,,,,,,,,,,,,,,,,,202605,,D,2026-08-12_18h59.12.320,valence_final_v2,2024.2.4,60,2026-08-12 18h59.30.846082 -0600,
6,6,0,3,1,flat_comp,103,3.1,0.22,3.0,-0.072,flat,flat_curv,0.2,-0.2,-0.22,rew,input_data/stims/Shape_3.10_3.00.png,input_data/stims/Shape_4.00_2.00.png,input_data/stims/Shape_0.00_2.00.png,1,-1,1.0,1.0,1,None,,,up,1.8569502999998804,None,None,None,"['left', 'right']","[1.1067118999999366, 2.210710999999719]","[0.46399810000002617, 0.3360787000001437]",None,,,5,0,5,0,0,6,6,23,1466.3931426,,,,,,,,,,,,,,,,,1466.3772688999998,0.000645099999019294,1467.2621966999995,1467.2627811000002,1467.2765235999996,1468.2765354000003,1468.2600289000002,1468.2604634,0.00044660000094154384,1469.5939483000002,1469.5955085999994,1469.6099529999992,1469.6099529999992,1469.6099529999992,1469.6099529999992,1469.6099529999992,1469.6099529999992,1469.6099529999992,1472.5947235999993,"[-0.072, -0.072, -0.072, -0.072, -0.072, -0.072, -0.072, -0.072, -0.072, -0.072, -0.072, -0.072, -0.072, -0.072, -0.072, -0.072, -0.072, -0.072, -0.072, -0.072, -0.072, -0.072, -0.072, -0.072, -0.072, -0.072, -0.072, -0.072, -0.072, -0.072, -0.072, -0.072, -0.072, -0.072, -0.072, -0.072, -0.072, -0.072, -0.072, -0.072, -0.072, -0.072, -0.072, -0.072, -0.072, -0.072, -0.072, -0.072, -0.072, -0.072, -0.072, -0.072, -0.072, -0.072, -0.072, -0.072, -0.072, -0.072, -0.072, -0.072, -0.072, -0.072, -0.072, -0.072, -0.072, -0.072, -0.072, -0.072, -0.08, -0.088, -0.096, -0.104, -0.112, -0.12, -0.128, -0.136, -0.144, -0.152, -0.16, -0.168, -0.176, -0.184, -0.192, -0.2, -0.208, -0.216, -0.224, -0.232, -0.24, -0.248, -0.256, -0.264, -0.272, -0.28, -0.288, -0.296, -0.296, -0.296, -0.296, -0.296, -0.296, -0.296, -0.296, -0.296, -0.296, -0.296, -0.296, -0.296, -0.296, -0.296, -0.296, -0.296, -0.296, -0.296, -0.296, -0.296, -0.296, -0.296, -0.296, -0.296, -0.296, -0.296, -0.296, -0.296, -0.296, -0.296, -0.296, -0.296, -0.296, -0.296, -0.296, -0.296, -0.296, -0.296, -0.288, -0.28, -0.272, -0.264, -0.256, -0.248, -0.24, -0.232, -0.224, -0.216, -0.208, -0.2, -0.192, -0.184, -0.176, -0.168, -0.16, -0.152, -0.144, -0.136, -0.136, -0.136, -0.136, -0.136, -0.136, -0.136, -0.136, -0.136, -0.136, -0.136, -0.136, -0.136, -0.136, -0.136, -0.136, -0.136, -0.136, -0.136, -0.136, -0.136, -0.136, -0.136, -0.136, -0.136, -0.136, -0.136, -0.136]",None,None,"['left', 'right']","[1.1067118999999366, 2.210710999999719]","[0.46399810000002617, 0.3360787000001437]",None,,,1472.5952822,1472.6101010999992,1472.8601127000002,1472.8435649000003,1472.8457756999996,1472.8601127000002,,1473.8609410999998,,1473.8443348,0,-1,,,,,1472.8601127000002,1473.8609410999998,1472.6101010999992,1472.6101010999992,1472.6101010999992,1472.6101010999992,1472.6101010999992,1472.6101010999992,1472.6101010999992,,,,,,,,,,202605,,D,2026-08-12_18h59.12.320,valence_final_v2,2024.2.4,60,2026-08-12 18h59.30.846082 -0600,
7,7,0,3,1,flat_comp,102,3.1,0.22,3.0,0.344,flat,curv_flat,0.2,0.2,0.22,rew,input_data/stims/Shape_3.10_3.00.png,input_data/stims/Shape_0.00_2.00.png,input_data/stims/Shape_4.00_2.00.png,1,1,1.0,1.0,1,None,,,up,1.8569502999998804,None,None,None,['left'],[1.1429194000011194],[0.9680495999982668],up,2.38293110000086,None,5,0,5,0,0,7,7,22,1473.8609410999998,,,,,,,,,,,,,,,,,1473.8449294000002,0.0005968000004941132,1474.780107999999,1474.7808155000002,1474.7943152999997,1475.7942595000004,1475.7778449999987,1475.7782745000004,0.00044069999967177864,1477.0619800000004,1477.0635951000004,1477.0777507999992,1477.0777507999992,1477.0777507999992,1477.0777507999992,1477.0777507999992,1477.0777507999992,1477.0777507999992,1479.4621738999995,"[0.344, 0.344, 0.344, 0.344, 0.344, 0.344, 0.344, 0.344, 0.344, 0.344, 0.344, 0.344, 0.344, 0.344, 0.344, 0.344, 0.344, 0.344, 0.344, 0.344, 0.344, 0.344, 0.344, 0.344, 0.344, 0.344, 0.344, 0.344, 0.344, 0.344, 0.344, 0.344, 0.344, 0.344, 0.344, 0.344, 0.344, 0.344, 0.344, 0.344, 0.344, 0.344, 0.344, 0.344, 0.344, 0.344, 0.344, 0.344, 0.344, 0.344, 0.344, 0.344, 0.344, 0.344, 0.344, 0.344, 0.344, 0.344, 0.344, 0.344, 0.344, 0.344, 0.344, 0.344, 0.344, 0.344, 0.344, 0.344, 0.344, 0.344, 0.336, 0.328, 0.32, 0.312, 0.304, 0.296, 0.288, 0.28, 0.272, 0.264, 0.256, 0.248, 0.24, 0.232, 0.224, 0.216, 0.208, 0.2, 0.192, 0.184, 0.176, 0.168, 0.16, 0.152, 0.144, 0.136, 0.128, 0.12, 0.112, 0.104, 0.096, 0.088, 0.08, 0.072, 0.064, 0.056, 0.048, 0.04, 0.032, 0.024, 0.016, 0.008, 0.0, -0.008, -0.016, -0.024, -0.032, -0.04, -0.048, -0.056, -0.064, -0.072, -0.08, -0.088, -0.096, -0.104, -0.112, -0.12, -0.12, -0.12, -0.12, -0.12, -0.12, -0.12, -0.12, -0.12, -0.12, -0.12, -0.12, -0.12, -0.12, -0.12, -0.12, -0.12, -0.12]",None,None,['left'],[1.1429194000011194],[0.9680495999982668],up,2.38293110000086,None,1479.4626136999996,1479.4778092999986,1479.7277651000004,1479.7112087999994,1479.7120458999998,1479.7277651000004,,1480.7277200999997,,1480.7111955,0,-1,,,,,1479.7277651000004,1480.7277200999997,,,,,,,,,,,,,,,,,202605,,D,2026-08-12_18h59.12.320,valence_final_v2,2024.2.4,60,2026-08-12 18h59.30.846082 -0600,
8,8,0,3,1,flat_comp,105,3.3,0.26,3.0,0.248,flat,flat_curv,0.2,-0.2,-0.26,rew,input_data/stims/Shape_3.30_3.00.png,input_data/stims/Shape_4.00_2.00.png,input_data/stims/Shape_0.00_2.00.png,1,-1,1.0,1.0,1,None,,,up,1.8569502999998804,None,None,None,['left'],[1.238122699998712],[0.8400138000015431],up,2.4541446000002907,None,5,0,5,0,0,8,8,25,1480.7277200999997,,,,,,,,,,,,,,,,,1480.711804999999,0.000611600000411272,1481.7963776999986,1481.796770699999,1481.8111453000001,1482.8111293000002,1482.7945827999993,1482.7949988,0.00042500000017753337,1484.2787604999994,1484.280216699999,1484.2945340999995,1484.2945340999995,1484.2945340999995,1484.2945340999995,1484.2945340999995,1484.2945340999995,1484.2945340999995,1486.762327299999,"[0.248, 0.248, 0.248, 0.248, 0.248, 0.248, 0.248, 0.248, 0.248, 0.248, 0.248, 0.248, 0.248, 0.248, 0.248, 0.248, 0.248, 0.248, 0.248, 0.248, 0.248, 0.248, 0.248, 0.248, 0.248, 0.248, 0.248, 0.248, 0.248, 0.248, 0.248, 0.248, 0.248, 0.248, 0.248, 0.248, 0.248, 0.248, 0.248, 0.248, 0.248, 0.248, 0.248, 0.248, 0.248, 0.248, 0.248, 0.248, 0.248, 0.248, 0.248, 0.248, 0.248, 0.248, 0.248, 0.248, 0.248, 0.248, 0.248, 0.248, 0.248, 0.248, 0.248, 0.248, 0.248, 0.248, 0.248, 0.248, 0.248, 0.248, 0.248, 0.248, 0.248, 0.248, 0.248, 0.248, 0.24, 0.232, 0.224, 0.216, 0.208, 0.2, 0.192, 0.184, 0.176, 0.168, 0.16, 0.152, 0.144, 0.136, 0.128, 0.12, 0.112, 0.104, 0.096, 0.088, 0.08, 0.072, 0.064, 0.056, 0.048, 0.04, 0.032, 0.024, 0.016, 0.008, 0.0, -0.008, -0.016, -0.024, -0.032, -0.04, -0.048, -0.056, -0.064, -0.072, -0.08, -0.088, -0.096, -0.104, -0.112, -0.12, -0.128, -0.136, -0.144, -0.152, -0.152, -0.152, -0.152, -0.152, -0.152, -0.152, -0.152, -0.152, -0.152, -0.152, -0.152, -0.152, -0.152, -0.152, -0.152, -0.152, -0.152, -0.152, -0.152, -0.152, -0.152, -0.152, -0.152, -0.152]",None,None,['left'],[1.238122699998712],[0.8400138000015431],up,2.4541446000002907,None,1486.7627573999998,1486.7779907999993,1487.0279763999988,1487.0114085999994,1487.0117751999987,1487.0279763999988,,1488.0274892999987,,1488.011637399999,0,-1,,,,,1487.0279763999988,1488.0274892999987,,,,,,,,,,,,,,,,,202605,,D,2026-08-12_18h59.12.320,valence_final_v2,2024.2.4,60,2026-08-12 18h59.30.846082 -0600,
9,9,0,3,1,flat_comp,114,3.7,0.34,3.0,0.216,flat,curv_flat,0.2,0.2,0.34,rew,input_data/stims/Shape_3.70_3.00.png,input_data/stims/Shape_0.00_2.00.png,input_data/stims/Shape_4.00_2.00.png,1,1,1.0,1.0,1,None,,,up,1.8569502999998804,None,None,None,"['left', 'right']","[1.8137268999998923, 2.293690099999367]","[0.32792779999908817, 0.40000400000099035]",None,,,5,0,5,0,0,9,9,34,1488.0274892999987,,,,,,,,,,,,,,,,,1488.012245,0.0006088000009185635,1488.9966987999996,1488.9970885999992,1489.0113724000003,1490.011390399999,1489.9947766999994,1489.9951896000002,0.00042349999966972973,1491.279568,1491.2807928000002,1491.2950373999993,1491.2950373999993,1491.2950373999993,1491.2950373999993,1491.2950373999993,1491.2950373999993,1491.2950373999993,1494.2791206000002,"[0.216, 0.216, 0.216, 0.216, 0.216, 0.216, 0.216, 0.216, 0.216, 0.216, 0.216, 0.216, 0.216, 0.216, 0.216, 0.216, 0.216, 0.216, 0.216, 0.216, 0.216, 0.216, 0.216, 0.216, 0.216, 0.216, 0.216, 0.216, 0.216, 0.216, 0.216, 0.216, 0.216, 0.216, 0.216, 0.216, 0.216, 0.216, 0.216, 0.216, 0.216, 0.216, 0.216, 0.216, 0.216, 0.216, 0.216, 0.216, 0.216, 0.216, 0.216, 0.216, 0.216, 0.216, 0.216, 0.216, 0.216, 0.216, 0.216, 0.216, 0.216, 0.216, 0.216, 0.216, 0.216, 0.216, 0.216, 0.216, 0.216, 0.216, 0.216, 0.216, 0.216, 0.216, 0.216, 0.216, 0.216, 0.216, 0.216, 0.216, 0.216, 0.216, 0.216, 0.216, 0.216, 0.216, 0.216, 0.216, 0.216, 0.216, 0.216, 0.216, 0.216, 0.216, 0.216, 0.216, 0.216, 0.216, 0.216, 0.216, 0.216, 0.216, 0.216, 0.216, 0.216, 0.216, 0.216, 0.216, 0.216, 0.216, 0.208, 0.2, 0.192, 0.184, 0.176, 0.168, 0.16, 0.152, 0.144, 0.136, 0.128, 0.12, 0.112, 0.104, 0.096, 0.088, 0.08, 0.072, 0.064, 0.056, 0.056, 0.056, 0.056, 0.056, 0.056, 0.056, 0.056, 0.056, 0.056, 0.064, 0.072, 0.08, 0.088, 0.096, 0.104, 0.112, 0.12, 0.128, 0.136, 0.144, 0.152, 0.16, 0.168, 0.176, 0.184, 0.192, 0.2, 0.208, 0.216, 0.224, 0.232, 0.24, 0.248, 0.248, 0.248, 0.248, 0.248, 0.248, 0.248, 0.248, 0.248, 0.248, 0.248, 0.248, 0.248, 0.248, 0.248, 0.248, 0.248, 0.248, 0.248]",None,None,"['left', 'right']","[1.8137268999998923, 2.293690099999367]","[0.32792779999908817, 0.40000400000099035]",None,,,1494.2796227,1494.2948400999994,1494.5447750000003,1494.5284362000002,1494.5306246,1494.5447750000003,,1495.5447958000004,,1495.5284661999995,0,-1,,,,,1494.5447750000003,1495.5447958000004,1494.2948400999994,1494.2948400999994,1494.2948400999994,1494.2948400999994,1494.2948400999994,1494.2948400999994,1494.2948400999994,,,,,,,,,,202605,,D,2026-08-12_18h59.12.320,valence_final_v2,2024.2.4,60,2026-08-12 18h59.30.846082 -0600,
10,10,0,3,1,flat_comp,110,3.5,0.3,3.0,0.352,flat,curv_flat,0.2,0.2,0.3,rew,input_data/stims/Shape_3.50_3.00.png,input_data/stims/Shape_0.00_2.00.png,input_data/stims/Shape_4.00_2.00.png,1,1,1.0,1.0,1,None,,,up,1.8569502999998804,None,None,None,['left'],[0.734817300000941],[0.36797699999988254],up,1.766757299999881,None,5,0,5,0,0,10,10,30,1495.5447958000004,,,,,,,,,,,,,,,,,1495.5290585999992,0.0005946000001131324,1496.5133413999993,1496.5137992,1496.5283158999991,1497.5282785999989,1497.5116712999989,1497.5121003000004,0.0004392000009829644,1498.8457001999996,1498.8469277000004,1498.861913499999,1498.861913499999,1498.861913499999,1498.861913499999,1498.861913499999,1498.861913499999,1498.861913499999,1500.646147899999,"[0.352, 0.352, 0.352, 0.352, 0.352, 0.352, 0.352, 0.352, 0.352, 0.352, 0.352, 0.352, 0.352, 0.352, 0.352, 0.352, 0.352, 0.352, 0.352, 0.352, 0.352, 0.352, 0.352, 0.352, 0.352, 0.352, 0.352, 0.352, 0.352, 0.352, 0.352, 0.352, 0.352, 0.352, 0.352, 0.352, 0.352, 0.352, 0.352, 0.352, 0.352, 0.352, 0.352, 0.352, 0.352, 0.352, 0.344, 0.336, 0.328, 0.32, 0.312, 0.304, 0.296, 0.288, 0.28, 0.272, 0.264, 0.256, 0.248, 0.24, 0.232, 0.224, 0.216, 0.208, 0.2, 0.192, 0.184, 0.176, 0.176, 0.176, 0.176, 0.176, 0.176, 0.176, 0.176, 0.176, 0.176, 0.176, 0.176, 0.176, 0.176, 0.176, 0.176, 0.176, 0.176, 0.176, 0.176, 0.176, 0.176, 0.176, 0.176, 0.176, 0.176, 0.176, 0.176, 0.176, 0.176, 0.176, 0.176, 0.176, 0.176, 0.176, 0.176, 0.176, 0.176, 0.176, 0.176, 0.176, 0.176]",None,None,['left'],[0.734817300000941],[0.36797699999988254],up,1.766757299999881,None,1500.6466091999991,1500.6616992,1500.9116894999988,1500.8951159999997,1500.895972299999,1500.9116894999988,,1501.9117061999987,,1501.8951865999989,0,-1,,,,,1500.9116894999988,1501.9117061999987,,,,,,,,,,,,,,,,,202605,,D,2026-08-12_18h59.12.320,valence_final_v2,2024.2.4,60,2026-08-12 18h59.30.846082 -0600,
11,11,0,3,1,flat_comp,94,2.5,0.1,3.0,-0.38,curv,curv_flat,0.2,0.2,0.1,pen,input_data/stims/Shape_2.50_3.00.png,input_data/stims/Shape_0.00_2.00.png,input_data/stims/Shape_4.00_2.00.png,-1,1,-1.0,1.0,-1,None,,,up,1.8569502999998804,None,None,None,['right'],[0.8861713999995118],[1.343894999999975],up,2.6062621000000945,None,5,0,5,0,0,11,11,14,1501.9117061999987,,,,,,,,,,,,,,,,,1501.8957873999989,0.0006023000005370704,1502.9794463999988,1502.9799208999993,1502.9950864999992,1503.9950957,1503.9780317000004,1503.9784652999988,0.00044470000102592167,1505.462818099999,1505.4644150999993,1505.4785396999996,1505.4785396999996,1505.4785396999996,1505.4785396999996,1505.4785396999996,1505.4785396999996,1505.4785396999996,1508.0958629999986,"[-0.38, -0.38, -0.38, -0.38, -0.38, -0.38, -0.38, -0.38, -0.38, -0.38, -0.38, -0.38, -0.38, -0.38, -0.38, -0.38, -0.38, -0.38, -0.38, -0.38, -0.38, -0.38, -0.38, -0.38, -0.38, -0.38, -0.38, -0.38, -0.38, -0.38, -0.38, -0.38, -0.38, -0.38, -0.38, -0.38, -0.38, -0.38, -0.38, -0.38, -0.38, -0.38, -0.38, -0.38, -0.38, -0.38, -0.38, -0.38, -0.38, -0.38, -0.38, -0.38, -0.38, -0.38, -0.38, -0.372, -0.364, -0.356, -0.348, -0.34, -0.332, -0.324, -0.316, -0.308, -0.3, -0.292, -0.284, -0.276, -0.268, -0.26, -0.252, -0.244, -0.236, -0.228, -0.22, -0.212, -0.204, -0.196, -0.188, -0.18, -0.172, -0.164, -0.156, -0.148, -0.14, -0.132, -0.124, -0.116, -0.108, -0.1, -0.092, -0.084, -0.076, -0.068, -0.06, -0.052, -0.044, -0.036, -0.028, -0.02, -0.012, -0.004, 0.004, 0.012, 0.02, 0.028, 0.036, 0.044, 0.052, 0.06, 0.068, 0.076, 0.084, 0.092, 0.1, 0.108, 0.116, 0.124, 0.132, 0.14, 0.148, 0.156, 0.164, 0.172, 0.18, 0.188, 0.196, 0.204, 0.212, 0.22, 0.228, 0.236, 0.244, 0.252, 0.26, 0.26, 0.26, 0.26, 0.26, 0.26, 0.26, 0.26, 0.26, 0.26, 0.26, 0.26, 0.26, 0.26, 0.26, 0.26, 0.26, 0.26, 0.26, 0.26, 0.26, 0.26, 0.26, 0.26, 0.26]",None,None,['right'],[0.8861713999995118],[1.343894999999975],up,2.6062621000000945,None,1508.0962820999994,1508.111375299999,1508.361895,1508.3452211000003,1508.3455880000001,1508.361895,1508.361895,1509.3619215999988,1509.3619215999988,1509.345288999999,0,-3,,,,,,,,,,,,,,,,,,,,,,,202605,,D,2026-08-12_18h59.12.320,valence_final_v2,2024.2.4,60,2026-08-12 18h59.30.846082 -0600,
12,12,0,3,1,flat_comp,119,3.9,0.38,3.0,0.008,flat,flat_curv,0.2,-0.2,-0.38,rew,input_data/stims/Shape_3.90_3.00.png,input_data/stims/Shape_4.00_2.00.png,input_data/stims/Shape_0.00_2.00.png,1,-1,1.0,1.0,1,None,,,up,1.8569502999998804,None,None,None,['left'],[0.9997015999997529],[0.33602460000111023],up,1.679747000000134,None,5,0,5,0,0,12,12,39,1509.3619215999988,,,,,,,,,,,,,,,,,1509.3458824999998,0.0005934999990131473,1510.2810135,1510.2817412000004,1510.2952881,1511.295246399999,1511.2788296999988,1511.2792530999996,0.0004332000007707393,1512.6136964999987,1512.6149062000004,1512.6289643,1512.6289643,1512.6289643,1512.6289643,1512.6289643,1512.6289643,1512.6289643,1514.3129528999998,"[0.008, 0.008, 0.008, 0.008, 0.008, 0.008, 0.008, 0.008, 0.008, 0.008, 0.008, 0.008, 0.008, 0.008, 0.008, 0.008, 0.008, 0.008, 0.008, 0.008, 0.008, 0.008, 0.008, 0.008, 0.008, 0.008, 0.008, 0.008, 0.008, 0.008, 0.008, 0.008, 0.008, 0.008, 0.008, 0.008, 0.008, 0.008, 0.008, 0.008, 0.008, 0.008, 0.008, 0.008, 0.008, 0.008, 0.008, 0.008, 0.008, 0.008, 0.008, 0.008, 0.008, 0.008, 0.008, 0.008, 0.008, 0.008, 0.008, 0.008, 0.008, 0.0, -0.008, -0.016, -0.024, -0.032, -0.04, -0.048, -0.056, -0.064, -0.072, -0.08, -0.088, -0.096, -0.104, -0.112, -0.12, -0.128, -0.136, -0.144, -0.152, -0.16, -0.16, -0.16, -0.16, -0.16, -0.16, -0.16, -0.16, -0.16, -0.16, -0.16, -0.16, -0.16, -0.16, -0.16, -0.16, -0.16, -0.16, -0.16, -0.16, -0.16, -0.16]",None,None,['left'],[0.9997015999997529],[0.33602460000111023],up,1.679747000000134,None,1514.3133521,1514.3287421999994,1514.5789227999994,1514.5621917999997,1514.5625698999993,1514.5789227999994,,1515.5789359999999,,1515.5621845999995,0,-1,,,,,1514.5789227999994,1515.5789359999999,,,,,,,,,,,,,,,,,202605,,D,2026-08-12_18h59.12.320,valence_final_v2,2024.2.4,60,2026-08-12 18h59.30.846082 -0600,
13,13,0,3,1,flat_comp,104,3.3,0.26,3.0,0.38,flat,curv_flat,0.2,0.2,0.26,rew,input_data/stims/Shape_3.30_3.00.png,input_data/stims/Shape_0.00_2.00.png,input_data/stims/Shape_4.00_2.00.png,1,1,1.0,1.0,1,None,,,up,1.8569502999998804,None,None,None,"['left', 'right']","[1.2552303000011307, 2.391262299999653]","[0.5279772999983834, 0.216009200001281]",None,,,5,0,5,0,0,13,13,24,1515.5789359999999,,,,,,,,,,,,,,,,,1515.5628184999987,0.0006353999997372739,1516.4980852999997,1516.4985589999997,1516.5121354000003,1517.512165799999,1517.4955357999988,1517.4959509,0.0004264999988663476,1518.8295731999988,1518.8308387999987,1518.8454279999987,1518.8454279999987,1518.8454279999987,1518.8454279999987,1518.8454279999987,1518.8454279999987,1518.8454279999987,1521.8302594999986,"[0.38, 0.38, 0.38, 0.38, 0.38, 0.38, 0.38, 0.38, 0.38, 0.38, 0.38, 0.38, 0.38, 0.38, 0.38, 0.38, 0.38, 0.38, 0.38, 0.38, 0.38, 0.38, 0.38, 0.38, 0.38, 0.38, 0.38, 0.38, 0.38, 0.38, 0.38, 0.38, 0.38, 0.38, 0.38, 0.38, 0.38, 0.38, 0.38, 0.38, 0.38, 0.38, 0.38, 0.38, 0.38, 0.38, 0.38, 0.38, 0.38, 0.38, 0.38, 0.38, 0.38, 0.38, 0.38, 0.38, 0.38, 0.38, 0.38, 0.38, 0.38, 0.38, 0.38, 0.38, 0.38, 0.38, 0.38, 0.38, 0.38, 0.38, 0.38, 0.38, 0.38, 0.38, 0.38, 0.38, 0.38, 0.372, 0.364, 0.356, 0.348, 0.34, 0.332, 0.324, 0.316, 0.308, 0.3, 0.292, 0.284, 0.276, 0.268, 0.26, 0.252, 0.244, 0.236, 0.228, 0.22, 0.212, 0.204, 0.196, 0.188, 0.18, 0.172, 0.164, 0.156, 0.148, 0.14, 0.132, 0.132, 0.132, 0.132, 0.132, 0.132, 0.132, 0.132, 0.132, 0.132, 0.132, 0.132, 0.132, 0.132, 0.132, 0.132, 0.132, 0.132, 0.132, 0.132, 0.132, 0.132, 0.132, 0.132, 0.132, 0.132, 0.132, 0.132, 0.132, 0.132, 0.132, 0.132, 0.132, 0.132, 0.132, 0.132, 0.132, 0.132, 0.14, 0.148, 0.156, 0.164, 0.172, 0.18, 0.188, 0.196, 0.204, 0.212, 0.22, 0.228, 0.236, 0.236, 0.236, 0.236, 0.236, 0.236, 0.236, 0.236, 0.236, 0.236, 0.236, 0.236, 0.236, 0.236, 0.236, 0.236, 0.236, 0.236, 0.236, 0.236, 0.236, 0.236, 0.236, 0.236]",None,None,"['left', 'right']","[1.2552303000011307, 2.391262299999653]","[0.5279772999983834, 0.216009200001281]",None,,,1521.8307698999997,1521.8459887999998,1522.0960106000002,1522.0795835999998,1522.0818946999989,1522.0960106000002,,1523.0953880999987,,1523.0789022999998,0,-1,,,,,1522.0960106000002,1523.0953880999987,1521.8459887999998,1521.8459887999998,1521.8459887999998,1521.8459887999998,1521.8459887999998,1521.8459887999998,1521.8459887999998,,,,,,,,,,202605,,D,2026-08-12_18h59.12.320,valence_final_v2,2024.2.4,60,2026-08-12 18h59.30.846082 -0600,
14,14,0,3,1,flat_comp,99,2.9,0.18,1.0,0.208,curv,flat_curv,0.2,-0.2,-0.18,pen,input_data/stims/Shape_2.90_1.00.png,input_data/stims/Shape_4.00_2.00.png,input_data/stims/Shape_0.00_2.00.png,-1,-1,1.0,-1.0,-1,None,,,up,1.8569502999998804,None,None,None,['left'],[0.931900499999756],[0.9360596999995323],up,2.1638965000001917,None,5,0,5,0,0,14,14,19,1523.0953880999987,,,,,,,,,,,,,,,,,1523.0795304000003,0.0006305000006250339,1524.0642458000002,1524.0648110999991,1524.0794824999994,1525.0794840999988,1525.0628966999993,1525.0633239999988,0.00043759999971371144,1526.498204899999,1526.4995397999992,1526.512808399999,1526.512808399999,1526.512808399999,1526.512808399999,1526.512808399999,1526.512808399999,1526.512808399999,1528.6791857999997,"[0.208, 0.208, 0.208, 0.208, 0.208, 0.208, 0.208, 0.208, 0.208, 0.208, 0.208, 0.208, 0.208, 0.208, 0.208, 0.208, 0.208, 0.208, 0.208, 0.208, 0.208, 0.208, 0.208, 0.208, 0.208, 0.208, 0.208, 0.208, 0.208, 0.208, 0.208, 0.208, 0.208, 0.208, 0.208, 0.208, 0.208, 0.208, 0.208, 0.208, 0.208, 0.208, 0.208, 0.208, 0.208, 0.208, 0.208, 0.208, 0.208, 0.208, 0.208, 0.208, 0.208, 0.208, 0.208, 0.208, 0.208, 0.2, 0.192, 0.184, 0.176, 0.168, 0.16, 0.152, 0.144, 0.136, 0.128, 0.12, 0.112, 0.104, 0.096, 0.088, 0.08, 0.072, 0.064, 0.056, 0.048, 0.04, 0.032, 0.024, 0.016, 0.008, 0.0, -0.008, -0.016, -0.024, -0.032, -0.04, -0.048, -0.056, -0.064, -0.072, -0.08, -0.088, -0.096, -0.104, -0.112, -0.12, -0.128, -0.136, -0.144, -0.152, -0.16, -0.168, -0.176, -0.184, -0.192, -0.2, -0.208, -0.216, -0.224, -0.232, -0.24, -0.248, -0.248, -0.248, -0.248, -0.248, -0.248, -0.248, -0.248, -0.248, -0.248, -0.248, -0.248, -0.248, -0.248, -0.248, -0.248, -0.248, -0.248, -0.248]",None,None,['left'],[0.931900499999756],[0.9360596999995323],up,2.1638965000001917,None,1528.6796044000002,1528.6948816999993,1528.944872099999,1528.9283360999998,1528.9291826999997,1528.944872099999,1528.944872099999,1529.944904599999,1529.944904599999,1529.9284042999989,0,-3,,,,,,,,,,,,,,,,,,,,,,,202605,,D,2026-08-12_18h59.12.320,valence_final_v2,2024.2.4,60,2026-08-12 18h59.30.846082 -0600,
15,15,0,3,1,flat_comp,90,2.1,0.02,3.0,0.112,curv,curv_flat,0.2,0.2,0.02,pen,input_data/stims/Shape_2.10_3.00.png,input_data/stims/Shape_0.00_2.00.png,input_data/stims/Shape_4.00_2.00.png,-1,1,-1.0,1.0,-1,None,,,up,1.8569502999998804,None,None,None,['right'],[2.2589721999993344],[0.19999079999979585],up,2.6589784000007057,None,5,0,5,0,0,15,15,10,1529.944904599999,,,,,,,,,,,,,,,,,1529.9290194999994,0.0006157999996503349,1531.0132261999988,1531.0136353999987,1531.028304399999,1532.0283101999994,1532.011779299999,1532.0121963000001,0.000427700000727782,1533.3471775999988,1533.3484112999995,1533.3616982999993,1533.3616982999993,1533.3616982999993,1533.3616982999993,1533.3616982999993,1533.3616982999993,1533.3616982999993,1536.0294371,"[0.112, 0.112, 0.112, 0.112, 0.112, 0.112, 0.112, 0.112, 0.112, 0.112, 0.112, 0.112, 0.112, 0.112, 0.112, 0.112, 0.112, 0.112, 0.112, 0.112, 0.112, 0.112, 0.112, 0.112, 0.112, 0.112, 0.112, 0.112, 0.112, 0.112, 0.112, 0.112, 0.112, 0.112, 0.112, 0.112, 0.112, 0.112, 0.112, 0.112, 0.112, 0.112, 0.112, 0.112, 0.112, 0.112, 0.112, 0.112, 0.112, 0.112, 0.112, 0.112, 0.112, 0.112, 0.112, 0.112, 0.112, 0.112, 0.112, 0.112, 0.112, 0.112, 0.112, 0.112, 0.112, 0.112, 0.112, 0.112, 0.112, 0.112, 0.112, 0.112, 0.112, 0.112, 0.112, 0.112, 0.112, 0.112, 0.112, 0.112, 0.112, 0.112, 0.112, 0.112, 0.112, 0.112, 0.112, 0.112, 0.112, 0.112, 0.112, 0.112, 0.112, 0.112, 0.112, 0.112, 0.112, 0.112, 0.112, 0.112, 0.112, 0.112, 0.112, 0.112, 0.112, 0.112, 0.112, 0.112, 0.112, 0.112, 0.112, 0.112, 0.112, 0.112, 0.112, 0.112, 0.112, 0.112, 0.112, 0.112, 0.112, 0.112, 0.112, 0.112, 0.112, 0.112, 0.112, 0.112, 0.112, 0.112, 0.112, 0.112, 0.112, 0.112, 0.112, 0.112, 0.112, 0.12, 0.128, 0.136, 0.144, 0.152, 0.16, 0.168, 0.176, 0.184, 0.192, 0.2, 0.208, 0.208, 0.208, 0.208, 0.208, 0.208, 0.208, 0.208, 0.208, 0.208, 0.208, 0.208, 0.208, 0.208]",None,None,['right'],[2.2589721999993344],[0.19999079999979585],up,2.6589784000007057,None,1536.0298727999998,1536.0450862999987,1536.2950815999993,1536.2785432,1536.2789202999993,1536.2950815999993,1536.2950815999993,1537.2951128000004,1537.2951128000004,1537.2786030999996,0,-3,,,,,,,,,,,,,,,,,,,,,,,202605,,D,2026-08-12_18h59.12.320,valence_final_v2,2024.2.4,60,2026-08-12 18h59.30.846082 -0600,
16,16,0,3,1,flat_comp,113,3.7,0.34,3.0,0.244,flat,flat_curv,0.2,-0.2,-0.34,rew,input_data/stims/Shape_3.70_3.00.png,input_data/stims/Shape_4.00_2.00.png,input_data/stims/Shape_0.00_2.00.png,1,-1,1.0,1.0,1,None,,,up,1.8569502999998804,None,None,None,['left'],[1.4228026999990107],[0.783995199999481],up,2.4228240999982518,None,5,0,5,0,0,16,16,33,1537.2951128000004,,,,,,,,,,,,,,,,,1537.2792298999993,0.0006271000002016081,1538.2633190999986,1538.2637209000004,1538.2785071999988,1539.2784964000002,1539.2619723999996,1539.2624192999992,0.00045789999967382755,1540.6475924999995,1540.6494550999996,1540.6618956999991,1540.6618956999991,1540.6618956999991,1540.6618956999991,1540.6618956999991,1540.6618956999991,1540.6618956999991,1543.0964210999991,"[0.244, 0.244, 0.244, 0.244, 0.244, 0.244, 0.244, 0.244, 0.244, 0.244, 0.244, 0.244, 0.244, 0.244, 0.244, 0.244, 0.244, 0.244, 0.244, 0.244, 0.244, 0.244, 0.244, 0.244, 0.244, 0.244, 0.244, 0.244, 0.244, 0.244, 0.244, 0.244, 0.244, 0.244, 0.244, 0.244, 0.244, 0.244, 0.244, 0.244, 0.244, 0.244, 0.244, 0.244, 0.244, 0.244, 0.244, 0.244, 0.244, 0.244, 0.244, 0.244, 0.244, 0.244, 0.244, 0.244, 0.244, 0.244, 0.244, 0.244, 0.244, 0.244, 0.244, 0.244, 0.244, 0.244, 0.244, 0.244, 0.244, 0.244, 0.244, 0.244, 0.244, 0.244, 0.244, 0.244, 0.244, 0.244, 0.244, 0.244, 0.244, 0.244, 0.244, 0.244, 0.244, 0.244, 0.244, 0.236, 0.228, 0.22, 0.212, 0.204, 0.196, 0.188, 0.18, 0.172, 0.164, 0.156, 0.148, 0.14, 0.132, 0.124, 0.116, 0.108, 0.1, 0.092, 0.084, 0.076, 0.068, 0.06, 0.052, 0.044, 0.036, 0.028, 0.02, 0.012, 0.004, -0.004, -0.012, -0.02, -0.028, -0.036, -0.044, -0.052, -0.06, -0.068, -0.076, -0.084, -0.092, -0.1, -0.108, -0.116, -0.124, -0.132, -0.132, -0.132, -0.132, -0.132, -0.132, -0.132, -0.132, -0.132, -0.132, -0.132, -0.132, -0.132, -0.132, -0.132]",None,None,['left'],[1.4228026999990107],[0.783995199999481],up,2.4228240999982518,None,1543.096829,1543.1119999999992,1543.3619602999988,1543.3455003999989,1543.3459008999998,1543.3619602999988,,1544.3619712,,1544.3454801999997,0,-1,,,,,1543.3619602999988,1544.3619712,,,,,,,,,,,,,,,,,202605,,D,2026-08-12_18h59.12.320,valence_final_v2,2024.2.4,60,2026-08-12 18h59.30.846082 -0600,
17,17,0,3,1,flat_comp,88,1.9,-0.02,3.0,-0.168,curv,curv_flat,0.2,0.2,-0.02,pen,input_data/stims/Shape_1.90_3.00.png,input_data/stims/Shape_0.00_2.00.png,input_data/stims/Shape_4.00_2.00.png,-1,1,-1.0,1.0,-1,None,,,up,1.8569502999998804,None,None,None,['right'],[0.9479315999997198],[0.5359189999999217],up,1.7559321999997337,None,5,0,5,0,0,17,17,8,1544.3619712,,,,,,,,,,,,,,,,,1544.3460794999992,0.0006009000007907161,1545.3815944999988,1545.3820567000002,1545.3953676,1546.3953807999987,1546.3788435999995,1546.3792673999997,0.0004334999994171085,1547.7139312,1547.7153285999993,1547.7287586999992,1547.7287586999992,1547.7287586999992,1547.7287586999992,1547.7287586999992,1547.7287586999992,1547.7287586999992,1549.496433299999,"[-0.168, -0.168, -0.168, -0.168, -0.168, -0.168, -0.168, -0.168, -0.168, -0.168, -0.168, -0.168, -0.168, -0.168, -0.168, -0.168, -0.168, -0.168, -0.168, -0.168, -0.168, -0.168, -0.168, -0.168, -0.168, -0.168, -0.168, -0.168, -0.168, -0.168, -0.168, -0.168, -0.168, -0.168, -0.168, -0.168, -0.168, -0.168, -0.168, -0.168, -0.168, -0.168, -0.168, -0.168, -0.168, -0.168, -0.168, -0.168, -0.168, -0.168, -0.168, -0.168, -0.168, -0.168, -0.168, -0.168, -0.168, -0.168, -0.16, -0.152, -0.144, -0.136, -0.128, -0.12, -0.112, -0.104, -0.096, -0.088, -0.08, -0.072, -0.064, -0.056, -0.048, -0.04, -0.032, -0.024, -0.016, -0.008, 0.0, 0.008, 0.016, 0.024, 0.032, 0.04, 0.048, 0.056, 0.064, 0.072, 0.08, 0.088, 0.096, 0.096, 0.096, 0.096, 0.096, 0.096, 0.096, 0.096, 0.096, 0.096, 0.096, 0.096, 0.096, 0.096, 0.096, 0.096, 0.096, 0.096]",None,None,['right'],[0.9479315999997198],[0.5359189999999217],up,1.7559321999997337,None,1549.4968437999996,1549.5121486999997,1549.7621299999992,1549.7455959,1549.7459968999992,1549.7621299999992,,1550.7621655999992,,1550.7456485000002,1,1,,,1549.7621299999992,1550.7621655999992,,,,,,,,,,,,,,,,,,,202605,,D,2026-08-12_18h59.12.320,valence_final_v2,2024.2.4,60,2026-08-12 18h59.30.846082 -0600,
18,18,0,3,1,flat_comp,84,1.5,-0.1,3.0,0.3,curv,curv_flat,0.2,0.2,-0.1,pen,input_data/stims/Shape_1.50_3.00.png,input_data/stims/Shape_0.00_2.00.png,input_data/stims/Shape_4.00_2.00.png,-1,1,1.0,1.0,-1,None,,,up,1.8569502999998804,None,None,None,['left'],[1.0017234000006283],[0.7600084000005154],up,1.9457812000000558,None,5,0,5,0,0,18,18,4,1550.7621655999992,,,,,,,,,,,,,,,,,1550.7462617,0.0006150000008346979,1551.6306007000003,1551.6310271999992,1551.645540899999,1552.6455465999989,1552.6290109000001,1552.6294335999992,0.0004349999999249121,1553.9635923999995,1553.9649024999999,1553.9789150999986,1553.9789150999986,1553.9789150999986,1553.9789150999986,1553.9789150999986,1553.9789150999986,1553.9789150999986,1555.9299756,"[0.3, 0.3, 0.3, 0.3, 0.3, 0.3, 0.3, 0.3, 0.3, 0.3, 0.3, 0.3, 0.3, 0.3, 0.3, 0.3, 0.3, 0.3, 0.3, 0.3, 0.3, 0.3, 0.3, 0.3, 0.3, 0.3, 0.3, 0.3, 0.3, 0.3, 0.3, 0.3, 0.3, 0.3, 0.3, 0.3, 0.3, 0.3, 0.3, 0.3, 0.3, 0.3, 0.3, 0.3, 0.3, 0.3, 0.3, 0.3, 0.3, 0.3, 0.3, 0.3, 0.3, 0.3, 0.3, 0.3, 0.3, 0.3, 0.3, 0.3, 0.3, 0.3, 0.292, 0.284, 0.276, 0.268, 0.26, 0.252, 0.244, 0.236, 0.228, 0.22, 0.212, 0.204, 0.196, 0.188, 0.18, 0.172, 0.164, 0.156, 0.148, 0.14, 0.132, 0.124, 0.116, 0.108, 0.1, 0.092, 0.084, 0.076, 0.068, 0.06, 0.052, 0.044, 0.036, 0.028, 0.02, 0.012, 0.004, -0.004, -0.012, -0.02, -0.028, -0.036, -0.044, -0.052, -0.06, -0.06, -0.06, -0.06, -0.06, -0.06, -0.06, -0.06, -0.06, -0.06, -0.06, -0.06, -0.06]",None,None,['left'],[1.0017234000006283],[0.7600084000005154],up,1.9457812000000558,None,1555.9303765999994,1555.945620999999,1556.1956319,1556.1791123999992,1556.179490299999,1556.1956319,,1557.1956881999995,,1557.1792351000004,1,1,,,1556.1956319,1557.1956881999995,,,,,,,,,,,,,,,,,,,202605,,D,2026-08-12_18h59.12.320,valence_final_v2,2024.2.4,60,2026-08-12 18h59.30.846082 -0600,
19,19,0,3,1,flat_comp,111,3.5,0.3,1.0,0.068,flat,flat_curv,0.2,-0.2,-0.3,rew,input_data/stims/Shape_3.50_1.00.png,input_data/stims/Shape_4.00_2.00.png,input_data/stims/Shape_0.00_2.00.png,1,-1,1.0,-1.0,1,None,,,up,1.8569502999998804,None,None,None,['left'],[1.1002626000008604],[0.3119903000006161],up,1.7722610000000714,None,5,0,5,0,0,19,19,31,1557.1956881999995,,,,,,,,,,,,,,,,,1557.1798409999992,0.0006056000001990469,1558.2634798,1558.263986599999,1558.2790668999987,1559.2790747,1559.2625589,1559.2629909999996,0.0004425999995874008,1560.6979609999999,1560.6995991000003,1560.7124387000003,1560.7124387000003,1560.7124387000003,1560.7124387000003,1560.7124387000003,1560.7124387000003,1560.7124387000003,1562.4968498999988,"[0.068, 0.068, 0.068, 0.068, 0.068, 0.068, 0.068, 0.068, 0.068, 0.068, 0.068, 0.068, 0.068, 0.068, 0.068, 0.068, 0.068, 0.068, 0.068, 0.068, 0.068, 0.068, 0.068, 0.068, 0.068, 0.068, 0.068, 0.068, 0.068, 0.068, 0.068, 0.068, 0.068, 0.068, 0.068, 0.068, 0.068, 0.068, 0.068, 0.068, 0.068, 0.068, 0.068, 0.068, 0.068, 0.068, 0.068, 0.068, 0.068, 0.068, 0.068, 0.068, 0.068, 0.068, 0.068, 0.068, 0.068, 0.068, 0.068, 0.068, 0.068, 0.068, 0.068, 0.068, 0.068, 0.068, 0.068, 0.068, 0.06, 0.052, 0.044, 0.036, 0.028, 0.02, 0.012, 0.004, -0.004, -0.012, -0.02, -0.028, -0.036, -0.044, -0.052, -0.06, -0.068, -0.076, -0.076, -0.076, -0.076, -0.076, -0.076, -0.076, -0.076, -0.076, -0.076, -0.076, -0.076, -0.076, -0.076, -0.076, -0.076, -0.076, -0.076, -0.076, -0.076, -0.076, -0.076, -0.076, -0.076]",None,None,['left'],[1.1002626000008604],[0.3119903000006161],up,1.7722610000000714,None,1562.4972617000003,1562.5124883999997,1562.7624780999995,1562.7459421000003,1562.7463331,1562.7624780999995,,1563.762530599999,,1563.7460085000002,0,-1,,,,,1562.7624780999995,1563.762530599999,,,,,,,,,,,,,,,,,202605,,D,2026-08-12_18h59.12.320,valence_final_v2,2024.2.4,60,2026-08-12 18h59.30.846082 -0600,
20,20,0,3,1,flat_comp,92,2.3,0.06,1.0,0.388,curv,curv_flat,0.2,0.2,0.06,pen,input_data/stims/Shape_2.30_1.00.png,input_data/stims/Shape_0.00_2.00.png,input_data/stims/Shape_4.00_2.00.png,-1,1,1.0,-1.0,-1,None,,,up,1.8569502999998804,None,None,None,"['right', 'left']","[0.9474572999988595, 1.3393827999989298]","[0.34389069999997446, 0.6799458999994386]",up,2.459429900000032,None,5,0,5,0,0,20,20,12,1563.762530599999,,,,,,,,,,,,,,,,,1563.7466033,0.000595799998336588,1564.7806399,1564.781039899999,1564.7958872,1565.7958949000003,1565.7793770999997,1565.7798019000002,0.0004357999987405492,1567.1136893999992,1567.1149415,1567.1292943999997,1567.1292943999997,1567.1292943999997,1567.1292943999997,1567.1292943999997,1567.1292943999997,1567.1292943999997,1569.5969822999996,"[0.388, 0.388, 0.388, 0.388, 0.388, 0.388, 0.388, 0.388, 0.388, 0.388, 0.388, 0.388, 0.388, 0.388, 0.388, 0.388, 0.388, 0.388, 0.388, 0.388, 0.388, 0.388, 0.388, 0.388, 0.388, 0.388, 0.388, 0.388, 0.388, 0.388, 0.388, 0.388, 0.388, 0.388, 0.388, 0.388, 0.388, 0.388, 0.388, 0.388, 0.388, 0.388, 0.388, 0.388, 0.388, 0.388, 0.388, 0.388, 0.388, 0.388, 0.388, 0.388, 0.388, 0.388, 0.388, 0.388, 0.388, 0.388, 0.396, 0.396, 0.396, 0.396, 0.396, 0.396, 0.396, 0.396, 0.396, 0.396, 0.396, 0.396, 0.396, 0.396, 0.396, 0.396, 0.396, 0.396, 0.396, 0.396, 0.396, 0.396, 0.396, 0.396, 0.388, 0.38, 0.372, 0.364, 0.356, 0.348, 0.34, 0.332, 0.324, 0.316, 0.308, 0.3, 0.292, 0.284, 0.276, 0.268, 0.26, 0.252, 0.244, 0.236, 0.228, 0.22, 0.212, 0.204, 0.196, 0.188, 0.18, 0.172, 0.164, 0.156, 0.148, 0.14, 0.132, 0.124, 0.116, 0.108, 0.1, 0.092, 0.084, 0.076, 0.068, 0.068, 0.068, 0.068, 0.068, 0.068, 0.068, 0.068, 0.068, 0.068, 0.068, 0.068, 0.068, 0.068, 0.068, 0.068, 0.068, 0.068, 0.068, 0.068, 0.068, 0.068, 0.068, 0.068, 0.068, 0.068, 0.068, 0.068]",None,None,"['right', 'left']","[0.9474572999988595, 1.3393827999989298]","[0.34389069999997446, 0.6799458999994386]",up,2.459429900000032,None,1569.5974026000004,1569.612693699999,1569.8626879999993,1569.846148499999,1569.8465335,1569.8626879999993,,1570.8627244999989,,1570.8462136999988,1,1,,,1569.8626879999993,1570.8627244999989,,,,,,,,,,,,,,,,,,,202605,,D,2026-08-12_18h59.12.320,valence_final_v2,2024.2.4,60,2026-08-12 18h59.30.846082 -0600,
21,21,0,3,1,flat_comp,80,1.1,-0.18,3.0,0.328,curv,curv_flat,0.2,0.2,-0.18,pen,input_data/stims/Shape_1.10_3.00.png,input_data/stims/Shape_0.00_2.00.png,input_data/stims/Shape_4.00_2.00.png,-1,1,1.0,1.0,-1,None,,,up,1.8569502999998804,None,None,None,['left'],[2.0022991000005277],[0.4879765000005136],None,,,5,0,5,0,0,21,21,0,1570.8627244999989,,,,,,,,,,,,,,,,,1570.8468186999999,0.0006052000007912284,1571.781652399999,1571.7820620999992,1571.7961852999997,1572.7962088000004,1572.7796602999988,1572.7801001999997,0.00045110000064596534,1574.1151790000004,1574.1164634999986,1574.1303862999994,1574.1303862999994,1574.1303862999994,1574.1303862999994,1574.1303862999994,1574.1303862999994,1574.1303862999994,1577.114669999999,"[0.328, 0.328, 0.328, 0.328, 0.328, 0.328, 0.328, 0.328, 0.328, 0.328, 0.328, 0.328, 0.328, 0.328, 0.328, 0.328, 0.328, 0.328, 0.328, 0.328, 0.328, 0.328, 0.328, 0.328, 0.328, 0.328, 0.328, 0.328, 0.328, 0.328, 0.328, 0.328, 0.328, 0.328, 0.328, 0.328, 0.328, 0.328, 0.328, 0.328, 0.328, 0.328, 0.328, 0.328, 0.328, 0.328, 0.328, 0.328, 0.328, 0.328, 0.328, 0.328, 0.328, 0.328, 0.328, 0.328, 0.328, 0.328, 0.328, 0.328, 0.328, 0.328, 0.328, 0.328, 0.328, 0.328, 0.328, 0.328, 0.328, 0.328, 0.328, 0.328, 0.328, 0.328, 0.328, 0.328, 0.328, 0.328, 0.328, 0.328, 0.328, 0.328, 0.328, 0.328, 0.328, 0.328, 0.328, 0.328, 0.328, 0.328, 0.328, 0.328, 0.328, 0.328, 0.328, 0.328, 0.328, 0.328, 0.328, 0.328, 0.328, 0.328, 0.328, 0.328, 0.328, 0.328, 0.328, 0.328, 0.328, 0.328, 0.328, 0.328, 0.328, 0.328, 0.328, 0.328, 0.328, 0.328, 0.328, 0.328, 0.328, 0.328, 0.32, 0.312, 0.304, 0.296, 0.288, 0.28, 0.272, 0.264, 0.256, 0.248, 0.24, 0.232, 0.224, 0.216, 0.208, 0.2, 0.192, 0.184, 0.176, 0.168, 0.16, 0.152, 0.144, 0.136, 0.128, 0.12, 0.112, 0.104, 0.096, 0.096, 0.096, 0.096, 0.096, 0.096, 0.096, 0.096, 0.096, 0.096, 0.096, 0.096, 0.096, 0.096, 0.096, 0.096, 0.096, 0.096, 0.096, 0.096, 0.096, 0.096, 0.096, 0.096, 0.096, 0.096, 0.096, 0.096, 0.096, 0.096, 0.096]",None,None,['left'],[2.0022991000005277],[0.4879765000005136],None,,,1577.1151709999995,1577.1304092999999,1577.3805118,1577.3639215999992,1577.3661341999996,1577.3805118,1577.3805118,1578.3805336999994,1578.3805336999994,1578.3640569,0,-3,,,,,,,1577.1304092999999,1577.1304092999999,1577.1304092999999,1577.1304092999999,1577.1304092999999,1577.1304092999999,1577.1304092999999,,,,,,,,,,202605,,D,2026-08-12_18h59.12.320,valence_final_v2,2024.2.4,60,2026-08-12 18h59.30.846082 -0600,
22,22,0,3,1,flat_comp,98,2.9,0.18,1.0,0.004,curv,curv_flat,0.2,0.2,0.18,pen,input_data/stims/Shape_2.90_1.00.png,input_data/stims/Shape_0.00_2.00.png,input_data/stims/Shape_4.00_2.00.png,-1,1,-1.0,-1.0,-1,None,,,up,1.8569502999998804,None,None,None,['right'],[0.9930089999998017],[0.37623659999917436],up,2.0330426000000443,None,5,0,5,0,0,22,22,18,1578.3805336999994,,,,,,,,,,,,,,,,,1578.3646496000001,0.0005930999996053288,1579.4485836999993,1579.4494097999996,1579.4637881999988,1580.463805899999,1580.447251399999,1580.4476694999994,0.0004284000006009592,1581.7321723999994,1581.7335361999994,1581.7476264999987,1581.7476264999987,1581.7476264999987,1581.7476264999987,1581.7476264999987,1581.7476264999987,1581.7476264999987,1583.7974297,"[0.004, 0.004, 0.004, 0.004, 0.004, 0.004, 0.004, 0.004, 0.004, 0.004, 0.004, 0.004, 0.004, 0.004, 0.004, 0.004, 0.004, 0.004, 0.004, 0.004, 0.004, 0.004, 0.004, 0.004, 0.004, 0.004, 0.004, 0.004, 0.004, 0.004, 0.004, 0.004, 0.004, 0.004, 0.004, 0.004, 0.004, 0.004, 0.004, 0.004, 0.004, 0.004, 0.004, 0.004, 0.004, 0.004, 0.004, 0.004, 0.004, 0.004, 0.004, 0.004, 0.004, 0.004, 0.004, 0.004, 0.004, 0.004, 0.004, 0.004, 0.004, 0.012, 0.02, 0.028, 0.036, 0.044, 0.052, 0.06, 0.068, 0.076, 0.084, 0.092, 0.1, 0.108, 0.116, 0.124, 0.132, 0.14, 0.148, 0.156, 0.164, 0.172, 0.18, 0.188, 0.188, 0.188, 0.188, 0.188, 0.188, 0.188, 0.188, 0.188, 0.188, 0.188, 0.188, 0.188, 0.188, 0.188, 0.188, 0.188, 0.188, 0.188, 0.188, 0.188, 0.188, 0.188, 0.188, 0.188, 0.188, 0.188, 0.188, 0.188, 0.188, 0.188, 0.188, 0.188, 0.188, 0.188, 0.188, 0.188, 0.188, 0.188, 0.188, 0.188, 0.188]",None,None,['right'],[0.9930089999998017],[0.37623659999917436],up,2.0330426000000443,None,1583.7978227999993,1583.8130772000004,1584.0630739999997,1584.0465217,1584.0473602999991,1584.0630739999997,,1585.0630874999988,,1585.0465840999987,1,1,,,1584.0630739999997,1585.0630874999988,,,,,,,,,,,,,,,,,,,202605,,D,2026-08-12_18h59.12.320,valence_final_v2,2024.2.4,60,2026-08-12 18h59.30.846082 -0600,
23,23,0,3,1,flat_comp,101,3.1,0.22,3.0,0.344,flat,flat_curv,0.2,-0.2,-0.22,rew,input_data/stims/Shape_3.10_3.00.png,input_data/stims/Shape_4.00_2.00.png,input_data/stims/Shape_0.00_2.00.png,1,-1,1.0,1.0,1,None,,,up,1.8569502999998804,None,None,None,['left'],[0.8028131999999459],[0.9520004999994853],up,2.1468572999983735,None,5,0,5,0,0,23,23,21,1585.0630874999988,,,,,,,,,,,,,,,,,1585.047191399999,0.0006074999982956797,1585.9325829999998,1585.9333776000003,1585.9464750999996,1586.9464747000002,1586.9299379000004,1586.9303581000004,0.00043029999869759195,1588.3145857,1588.3159188999998,1588.3298813000001,1588.3298813000001,1588.3298813000001,1588.3298813000001,1588.3298813000001,1588.3298813000001,1588.3298813000001,1590.4809284999992,"[0.344, 0.344, 0.344, 0.344, 0.344, 0.344, 0.344, 0.344, 0.344, 0.344, 0.344, 0.344, 0.344, 0.344, 0.344, 0.344, 0.344, 0.344, 0.344, 0.344, 0.344, 0.344, 0.344, 0.344, 0.344, 0.344, 0.344, 0.344, 0.344, 0.344, 0.344, 0.344, 0.344, 0.344, 0.344, 0.344, 0.344, 0.344, 0.344, 0.344, 0.344, 0.344, 0.344, 0.344, 0.344, 0.344, 0.344, 0.344, 0.344, 0.344, 0.336, 0.328, 0.32, 0.312, 0.304, 0.296, 0.288, 0.28, 0.272, 0.264, 0.256, 0.248, 0.24, 0.232, 0.224, 0.216, 0.208, 0.2, 0.192, 0.184, 0.176, 0.168, 0.16, 0.152, 0.144, 0.136, 0.128, 0.12, 0.112, 0.104, 0.096, 0.088, 0.08, 0.072, 0.064, 0.056, 0.048, 0.04, 0.032, 0.024, 0.016, 0.008, 0.0, -0.008, -0.016, -0.024, -0.032, -0.04, -0.048, -0.056, -0.064, -0.072, -0.08, -0.088, -0.096, -0.104, -0.112, -0.112, -0.112, -0.112, -0.112, -0.112, -0.112, -0.112, -0.112, -0.112, -0.112, -0.112, -0.112, -0.112, -0.112, -0.112, -0.112, -0.112, -0.112, -0.112, -0.112, -0.112, -0.112, -0.112, -0.112]",None,None,['left'],[0.8028131999999459],[0.9520004999994853],up,2.1468572999983735,None,1590.481340799999,1590.4965768999991,1590.7465854000002,1590.7300481000002,1590.7304215999993,1590.7465854000002,,1591.7466213999996,,1591.7301300999989,0,-1,,,,,1590.7465854000002,1591.7466213999996,,,,,,,,,,,,,,,,,202605,,D,2026-08-12_18h59.12.320,valence_final_v2,2024.2.4,60,2026-08-12 18h59.30.846082 -0600,
24,24,0,3,1,flat_comp,112,3.7,0.34,1.0,0.088,flat,curv_flat,0.2,0.2,0.34,rew,input_data/stims/Shape_3.70_1.00.png,input_data/stims/Shape_0.00_2.00.png,input_data/stims/Shape_4.00_2.00.png,1,1,-1.0,-1.0,1,None,,,up,1.8569502999998804,None,None,None,['right'],[1.9713092999991204],[0.4879871000011917],None,,,5,0,5,0,0,24,24,32,1591.7466213999996,,,,,,,,,,,,,,,,,1591.7307275000003,0.0005998000015097205,1592.6147736000003,1592.615146,1592.6299815000002,1593.6300087,1593.6134731000002,1593.6138926999993,0.00043029999869759195,1595.0977105999991,1595.0989376999987,1595.113395299999,1595.113395299999,1595.113395299999,1595.113395299999,1595.113395299999,1595.113395299999,1595.113395299999,1598.097817599999,"[0.088, 0.088, 0.088, 0.088, 0.088, 0.088, 0.088, 0.088, 0.088, 0.088, 0.088, 0.088, 0.088, 0.088, 0.088, 0.088, 0.088, 0.088, 0.088, 0.088, 0.088, 0.088, 0.088, 0.088, 0.088, 0.088, 0.088, 0.088, 0.088, 0.088, 0.088, 0.088, 0.088, 0.088, 0.088, 0.088, 0.088, 0.088, 0.088, 0.088, 0.088, 0.088, 0.088, 0.088, 0.088, 0.088, 0.088, 0.088, 0.088, 0.088, 0.088, 0.088, 0.088, 0.088, 0.088, 0.088, 0.088, 0.088, 0.088, 0.088, 0.088, 0.088, 0.088, 0.088, 0.088, 0.088, 0.088, 0.088, 0.088, 0.088, 0.088, 0.088, 0.088, 0.088, 0.088, 0.088, 0.088, 0.088, 0.088, 0.088, 0.088, 0.088, 0.088, 0.088, 0.088, 0.088, 0.088, 0.088, 0.088, 0.088, 0.088, 0.088, 0.088, 0.088, 0.088, 0.088, 0.088, 0.088, 0.088, 0.088, 0.088, 0.088, 0.088, 0.088, 0.088, 0.088, 0.088, 0.088, 0.088, 0.088, 0.088, 0.088, 0.088, 0.088, 0.088, 0.088, 0.088, 0.088, 0.088, 0.088, 0.096, 0.104, 0.112, 0.12, 0.128, 0.136, 0.144, 0.152, 0.16, 0.168, 0.176, 0.184, 0.192, 0.2, 0.208, 0.216, 0.224, 0.232, 0.24, 0.248, 0.256, 0.264, 0.272, 0.28, 0.288, 0.296, 0.304, 0.312, 0.32, 0.32, 0.32, 0.32, 0.32, 0.32, 0.32, 0.32, 0.32, 0.32, 0.32, 0.32, 0.32, 0.32, 0.32, 0.32, 0.32, 0.32, 0.32, 0.32, 0.32, 0.32, 0.32, 0.32, 0.32, 0.32, 0.32, 0.32, 0.32, 0.32, 0.32, 0.32, 0.32]",None,None,['right'],[1.9713092999991204],[0.4879871000011917],None,,,1598.0983646999994,1598.1135491999994,1598.3634530999989,1598.3469172999994,1598.3491003999989,1598.3634530999989,,1599.3634817999991,,1599.3469931,0,-1,,,,,1598.3634530999989,1599.3634817999991,1598.1135491999994,1598.1135491999994,1598.1135491999994,1598.1135491999994,1598.1135491999994,1598.1135491999994,1598.1135491999994,,,,,,,,,,202605,,D,2026-08-12_18h59.12.320,valence_final_v2,2024.2.4,60,2026-08-12 18h59.30.846082 -0600,
25,25,0,3,1,flat_comp,93,2.3,0.06,1.0,-0.184,curv,flat_curv,0.2,-0.2,-0.06,pen,input_data/stims/Shape_2.30_1.00.png,input_data/stims/Shape_4.00_2.00.png,input_data/stims/Shape_0.00_2.00.png,-1,-1,1.0,-1.0,-1,None,,,up,1.8569502999998804,None,None,None,['left'],[1.06644580000102],[0.3759824999997363],up,1.7464949000004708,None,5,0,5,0,0,25,25,13,1599.3634817999991,,,,,,,,,,,,,,,,,1599.3475978999995,0.0006047999995644204,1600.2320543999995,1600.2326171000004,1600.2468750999997,1601.2468719999997,1601.2303524,1601.2307935999997,0.0004515000000537839,1602.7151262999996,1602.7166072,1602.7302684999995,1602.7302684999995,1602.7302684999995,1602.7302684999995,1602.7302684999995,1602.7302684999995,1602.7302684999995,1604.4813290000002,"[-0.184, -0.184, -0.184, -0.184, -0.184, -0.184, -0.184, -0.184, -0.184, -0.184, -0.184, -0.184, -0.184, -0.184, -0.184, -0.184, -0.184, -0.184, -0.184, -0.184, -0.184, -0.184, -0.184, -0.184, -0.184, -0.184, -0.184, -0.184, -0.184, -0.184, -0.184, -0.184, -0.184, -0.184, -0.184, -0.184, -0.184, -0.184, -0.184, -0.184, -0.184, -0.184, -0.184, -0.184, -0.184, -0.184, -0.184, -0.184, -0.184, -0.184, -0.184, -0.184, -0.184, -0.184, -0.184, -0.184, -0.184, -0.184, -0.184, -0.184, -0.184, -0.184, -0.184, -0.184, -0.184, -0.192, -0.2, -0.208, -0.216, -0.224, -0.232, -0.24, -0.248, -0.256, -0.264, -0.272, -0.28, -0.288, -0.296, -0.304, -0.312, -0.32, -0.328, -0.336, -0.344, -0.352, -0.36, -0.368, -0.368, -0.368, -0.368, -0.368, -0.368, -0.368, -0.368, -0.368, -0.368, -0.368, -0.368, -0.368, -0.368, -0.368, -0.368, -0.368, -0.368, -0.368, -0.368]",None,None,['left'],[1.06644580000102],[0.3759824999997363],up,1.7464949000004708,None,1604.4817356999993,1604.4969755000002,1604.7469707,1604.7304308000002,1604.7312834000004,1604.7469707,1604.7469707,1605.7469939000002,1605.7469939000002,1605.7304883999986,0,-3,,,,,,,,,,,,,,,,,,,,,,,202605,,D,2026-08-12_18h59.12.320,valence_final_v2,2024.2.4,60,2026-08-12 18h59.30.846082 -0600,
26,26,0,3,1,flat_comp,91,2.1,0.02,3.0,0.28,curv,flat_curv,0.2,-0.2,-0.02,pen,input_data/stims/Shape_2.10_3.00.png,input_data/stims/Shape_4.00_2.00.png,input_data/stims/Shape_0.00_2.00.png,-1,-1,1.0,1.0,-1,None,,,up,1.8569502999998804,None,None,None,['left'],[0.8609045000011974],[0.8239831999999296],up,1.9568626000000222,None,5,0,5,0,0,26,26,11,1605.7469939000002,,,,,,,,,,,,,,,,,1605.7311147,0.0006268999986787094,1606.6147158999993,1606.6155409000003,1606.630375499999,1607.6304086,1607.613874499999,1607.6143140000004,0.0004503999989537988,1609.0485967999994,1609.0503841999998,1609.0637788999993,1609.0637788999993,1609.0637788999993,1609.0637788999993,1609.0637788999993,1609.0637788999993,1609.0637788999993,1611.0314691999993,"[0.28, 0.28, 0.28, 0.28, 0.28, 0.28, 0.28, 0.28, 0.28, 0.28, 0.28, 0.28, 0.28, 0.28, 0.28, 0.28, 0.28, 0.28, 0.28, 0.28, 0.28, 0.28, 0.28, 0.28, 0.28, 0.28, 0.28, 0.28, 0.28, 0.28, 0.28, 0.28, 0.28, 0.28, 0.28, 0.28, 0.28, 0.28, 0.28, 0.28, 0.28, 0.28, 0.28, 0.28, 0.28, 0.28, 0.28, 0.28, 0.28, 0.28, 0.28, 0.28, 0.28, 0.272, 0.264, 0.256, 0.248, 0.24, 0.232, 0.224, 0.216, 0.208, 0.2, 0.192, 0.184, 0.176, 0.168, 0.16, 0.152, 0.144, 0.136, 0.128, 0.12, 0.112, 0.104, 0.096, 0.088, 0.08, 0.072, 0.064, 0.056, 0.048, 0.04, 0.032, 0.024, 0.016, 0.008, 0.0, -0.008, -0.016, -0.024, -0.032, -0.04, -0.048, -0.056, -0.064, -0.072, -0.08, -0.088, -0.096, -0.104, -0.112, -0.12, -0.12, -0.12, -0.12, -0.12, -0.12, -0.12, -0.12, -0.12, -0.12, -0.12, -0.12, -0.12, -0.12, -0.12, -0.12, -0.12, -0.12]",None,None,['left'],[0.8609045000011974],[0.8239831999999296],up,1.9568626000000222,None,1611.0318576999998,1611.0471453999999,1611.297151499999,1611.2806232999992,1611.281000699999,1611.297151499999,,1612.2971763999994,,1612.2806646999998,1,1,,,1611.297151499999,1612.2971763999994,,,,,,,,,,,,,,,,,,,202605,,D,2026-08-12_18h59.12.320,valence_final_v2,2024.2.4,60,2026-08-12 18h59.30.846082 -0600,
27,27,0,3,1,flat_comp,106,3.3,0.26,1.0,0.392,flat,curv_flat,0.2,0.2,0.26,rew,input_data/stims/Shape_3.30_1.00.png,input_data/stims/Shape_0.00_2.00.png,input_data/stims/Shape_4.00_2.00.png,1,1,1.0,-1.0,1,None,,,up,1.8569502999998804,None,None,None,['left'],[1.1987128000000666],[0.9599913999991259],up,2.390737399999125,None,5,0,5,0,0,27,27,26,1612.2971763999994,,,,,,,,,,,,,,,,,1612.2812859999995,0.0006212999996932922,1613.3654800999993,1613.3659969,1613.3805678999997,1614.3805689,1614.364035999999,1614.3644587999988,0.0004327000006014714,1615.7986265,1615.7999371999995,1615.8139637000004,1615.8139637000004,1615.8139637000004,1615.8139637000004,1615.8139637000004,1615.8139637000004,1615.8139637000004,1618.2149993999992,"[0.392, 0.392, 0.392, 0.392, 0.392, 0.392, 0.392, 0.392, 0.392, 0.392, 0.392, 0.392, 0.392, 0.392, 0.392, 0.392, 0.392, 0.392, 0.392, 0.392, 0.392, 0.392, 0.392, 0.392, 0.392, 0.392, 0.392, 0.392, 0.392, 0.392, 0.392, 0.392, 0.392, 0.392, 0.392, 0.392, 0.392, 0.392, 0.392, 0.392, 0.392, 0.392, 0.392, 0.392, 0.392, 0.392, 0.392, 0.392, 0.392, 0.392, 0.392, 0.392, 0.392, 0.392, 0.392, 0.392, 0.392, 0.392, 0.392, 0.392, 0.392, 0.392, 0.392, 0.392, 0.392, 0.392, 0.392, 0.392, 0.392, 0.392, 0.392, 0.392, 0.392, 0.384, 0.376, 0.368, 0.36, 0.352, 0.344, 0.336, 0.328, 0.32, 0.312, 0.304, 0.296, 0.288, 0.28, 0.272, 0.264, 0.256, 0.248, 0.24, 0.232, 0.224, 0.216, 0.208, 0.2, 0.192, 0.184, 0.176, 0.168, 0.16, 0.152, 0.144, 0.136, 0.128, 0.12, 0.112, 0.104, 0.096, 0.088, 0.08, 0.072, 0.064, 0.056, 0.048, 0.04, 0.032, 0.024, 0.016, 0.008, 0.0, -0.008, -0.016, -0.024, -0.032, -0.04, -0.048, -0.056, -0.064, -0.072, -0.072, -0.072, -0.072, -0.072, -0.072, -0.072, -0.072, -0.072, -0.072, -0.072, -0.072, -0.072, -0.072, -0.072, -0.072]",None,None,['left'],[1.1987128000000666],[0.9599913999991259],up,2.390737399999125,None,1618.2154252,1618.230695799999,1618.4806861999987,1618.4641425999998,1618.464511799999,1618.4806861999987,,1619.4807103999992,,1619.4641948999997,0,-1,,,,,1618.4806861999987,1619.4807103999992,,,,,,,,,,,,,,,,,202605,,D,2026-08-12_18h59.12.320,valence_final_v2,2024.2.4,60,2026-08-12 18h59.30.846082 -0600,
28,28,0,3,1,flat_comp,87,1.7,-0.06,1.0,-0.06,curv,flat_curv,0.2,-0.2,0.06,pen,input_data/stims/Shape_1.70_1.00.png,input_data/stims/Shape_4.00_2.00.png,input_data/stims/Shape_0.00_2.00.png,-1,-1,1.0,-1.0,-1,None,,,up,1.8569502999998804,None,None,None,['left'],[1.2911498000012216],[0.22403529999974126],up,1.955185300001176,None,5,0,5,0,0,28,28,7,1619.4807103999992,,,,,,,,,,,,,,,,,1619.4648164999999,0.0006220999985089293,1620.5494299999991,1620.5499553999998,1620.5641132,1621.5641226999996,1621.5475643999998,1621.547994999999,0.0004407999986142386,1622.8815797999996,1622.8828820999988,1622.8974841999989,1622.8974841999989,1622.8974841999989,1622.8974841999989,1622.8974841999989,1622.8974841999989,1622.8974841999989,1624.8652211999997,"[-0.06, -0.06, -0.06, -0.06, -0.06, -0.06, -0.06, -0.06, -0.06, -0.06, -0.06, -0.06, -0.06, -0.06, -0.06, -0.06, -0.06, -0.06, -0.06, -0.06, -0.06, -0.06, -0.06, -0.06, -0.06, -0.06, -0.06, -0.06, -0.06, -0.06, -0.06, -0.06, -0.06, -0.06, -0.06, -0.06, -0.06, -0.06, -0.06, -0.06, -0.06, -0.06, -0.06, -0.06, -0.06, -0.06, -0.06, -0.06, -0.06, -0.06, -0.06, -0.06, -0.06, -0.06, -0.06, -0.06, -0.06, -0.06, -0.06, -0.06, -0.06, -0.06, -0.06, -0.06, -0.06, -0.06, -0.06, -0.06, -0.06, -0.06, -0.06, -0.06, -0.06, -0.06, -0.06, -0.06, -0.06, -0.06, -0.06, -0.068, -0.076, -0.084, -0.092, -0.1, -0.108, -0.116, -0.124, -0.132, -0.14, -0.148, -0.156, -0.164, -0.164, -0.164, -0.164, -0.164, -0.164, -0.164, -0.164, -0.164, -0.164, -0.164, -0.164, -0.164, -0.164, -0.164, -0.164, -0.164, -0.164, -0.164, -0.164, -0.164, -0.164, -0.164, -0.164, -0.164, -0.164, -0.164, -0.164, -0.164]",None,None,['left'],[1.2911498000012216],[0.22403529999974126],up,1.955185300001176,None,1624.865651,1624.8808957,1625.1308814000004,1625.114331499999,1625.1147256000004,1625.1308814000004,,1626.1309089999995,,1626.1143728999996,1,1,,,1625.1308814000004,1626.1309089999995,,,,,,,,,,,,,,,,,,,202605,,D,2026-08-12_18h59.12.320,valence_final_v2,2024.2.4,60,2026-08-12 18h59.30.846082 -0600,
29,29,0,3,1,flat_comp,109,3.5,0.3,3.0,0.228,flat,flat_curv,0.2,-0.2,-0.3,rew,input_data/stims/Shape_3.50_3.00.png,input_data/stims/Shape_4.00_2.00.png,input_data/stims/Shape_0.00_2.00.png,1,-1,1.0,1.0,1,None,,,up,1.8569502999998804,None,None,None,"['left', 'left', 'left']","[0.8490662000003795, 1.864992800001346, 2.440958099999989]","[0.6638707000001887, 0.27197459999842977, 0.15999180000108026]",None,,,5,0,5,0,0,29,29,29,1626.1309089999995,,,,,,,,,,,,,,,,,1626.1150113000003,0.0006395999989763368,1627.0991139999987,1627.0996183999996,1627.1142820999994,1628.1143309999989,1628.0978538,1628.0982982999994,0.0004654000003938563,1629.532577099999,1629.5337640999987,1629.5476841,1629.5476841,1629.5476841,1629.5476841,1629.5476841,1629.5476841,1629.5476841,1632.5325627999991,"[0.228, 0.228, 0.228, 0.228, 0.228, 0.228, 0.228, 0.228, 0.228, 0.228, 0.228, 0.228, 0.228, 0.228, 0.228, 0.228, 0.228, 0.228, 0.228, 0.228, 0.228, 0.228, 0.228, 0.228, 0.228, 0.228, 0.228, 0.228, 0.228, 0.228, 0.228, 0.228, 0.228, 0.228, 0.228, 0.228, 0.228, 0.228, 0.228, 0.228, 0.228, 0.228, 0.228, 0.228, 0.228, 0.228, 0.228, 0.228, 0.228, 0.228, 0.228, 0.228, 0.22, 0.212, 0.204, 0.196, 0.188, 0.18, 0.172, 0.164, 0.156, 0.148, 0.14, 0.132, 0.124, 0.116, 0.108, 0.1, 0.092, 0.084, 0.076, 0.068, 0.06, 0.052, 0.044, 0.036, 0.028, 0.02, 0.012, 0.004, -0.004, -0.012, -0.02, -0.028, -0.036, -0.044, -0.052, -0.06, -0.068, -0.076, -0.084, -0.092, -0.092, -0.092, -0.092, -0.092, -0.092, -0.092, -0.092, -0.092, -0.092, -0.092, -0.092, -0.092, -0.092, -0.092, -0.092, -0.092, -0.092, -0.092, -0.092, -0.092, -0.092, -0.1, -0.108, -0.116, -0.124, -0.132, -0.14, -0.148, -0.156, -0.164, -0.172, -0.18, -0.188, -0.196, -0.204, -0.212, -0.22, -0.228, -0.228, -0.228, -0.228, -0.228, -0.228, -0.228, -0.228, -0.228, -0.228, -0.228, -0.228, -0.228, -0.228, -0.228, -0.228, -0.228, -0.228, -0.228, -0.236, -0.244, -0.252, -0.26, -0.268, -0.276, -0.284, -0.292, -0.3, -0.308, -0.308, -0.308, -0.308, -0.308, -0.308, -0.308, -0.308, -0.308, -0.308, -0.308, -0.308, -0.308, -0.308, -0.308, -0.308, -0.308, -0.308, -0.308, -0.308, -0.308, -0.308, -0.308, -0.308]",None,None,"['left', 'left', 'left']","[0.8490662000003795, 1.864992800001346, 2.440958099999989]","[0.6638707000001887, 0.27197459999842977, 0.15999180000108026]",None,,,1632.5330973,1632.547859299999,1632.7978645999992,1632.7813546999987,1632.7836007999995,1632.7978645999992,,1633.7978879000002,,1633.7813902999987,0,-1,,,,,1632.7978645999992,1633.7978879000002,1632.547859299999,1632.547859299999,1632.547859299999,1632.547859299999,1632.547859299999,1632.547859299999,1632.547859299999,,,,,,,,,,202605,,D,2026-08-12_18h59.12.320,valence_final_v2,2024.2.4,60,2026-08-12 18h59.30.846082 -0600,
30,30,0,3,1,flat_comp,116,3.9,0.38,3.0,0.176,flat,curv_flat,0.2,0.2,0.38,rew,input_data/stims/Shape_3.90_3.00.png,input_data/stims/Shape_0.00_2.00.png,input_data/stims/Shape_4.00_2.00.png,1,1,-1.0,1.0,1,None,,,up,1.8569502999998804,None,None,None,"['right', 'left']","[0.8132107999990694, 1.2692047999989882]","[0.2561144000010245, 0.3759719000008772]",up,1.861198399999921,None,5,0,5,0,0,30,30,36,1633.7978879000002,,,,,,,,,,,,,,,,,1633.7819901000003,0.0006003999988024589,1634.6656248,1634.6662008999992,1634.682132599999,1635.6821062,1635.6654534999998,1635.6658866999987,0.00044499999967229087,1637.0010098999992,1637.0024460000004,1637.0154764,1637.0154764,1637.0154764,1637.0154764,1637.0154764,1637.0154764,1637.0154764,1638.8831804000001,"[0.176, 0.176, 0.176, 0.176, 0.176, 0.176, 0.176, 0.176, 0.176, 0.176, 0.176, 0.176, 0.176, 0.176, 0.176, 0.176, 0.176, 0.176, 0.176, 0.176, 0.176, 0.176, 0.176, 0.176, 0.176, 0.176, 0.176, 0.176, 0.176, 0.176, 0.176, 0.176, 0.176, 0.176, 0.176, 0.176, 0.176, 0.176, 0.176, 0.176, 0.176, 0.176, 0.176, 0.176, 0.176, 0.176, 0.176, 0.176, 0.176, 0.176, 0.184, 0.192, 0.2, 0.208, 0.216, 0.224, 0.232, 0.24, 0.248, 0.256, 0.264, 0.272, 0.28, 0.288, 0.296, 0.304, 0.304, 0.304, 0.304, 0.304, 0.304, 0.304, 0.304, 0.304, 0.304, 0.304, 0.304, 0.304, 0.296, 0.288, 0.28, 0.272, 0.264, 0.256, 0.248, 0.24, 0.232, 0.224, 0.216, 0.208, 0.2, 0.192, 0.184, 0.176, 0.168, 0.16, 0.152, 0.144, 0.136, 0.128, 0.128, 0.128, 0.128, 0.128, 0.128, 0.128, 0.128, 0.128, 0.128, 0.128, 0.128, 0.128, 0.128, 0.128]",None,None,"['right', 'left']","[0.8132107999990694, 1.2692047999989882]","[0.2561144000010245, 0.3759719000008772]",up,1.861198399999921,None,1638.8835925000003,1638.8987976999997,1639.1487503999997,1639.1322966999996,1639.1331465000003,1639.1487503999997,,1640.1488219000003,,1640.1323525999996,0,-1,,,,,1639.1487503999997,1640.1488219000003,,,,,,,,,,,,,,,,,202605,,D,2026-08-12_18h59.12.320,valence_final_v2,2024.2.4,60,2026-08-12 18h59.30.846082 -0600,
31,31,0,3,1,flat_comp,108,3.5,0.3,1.0,-0.268,flat,curv_flat,0.2,0.2,0.3,rew,input_data/stims/Shape_3.50_1.00.png,input_data/stims/Shape_0.00_2.00.png,input_data/stims/Shape_4.00_2.00.png,1,1,-1.0,-1.0,1,None,,,up,1.8569502999998804,None,None,None,"['right', 'right']","[0.6950895000009041, 1.8710666999995738]","[0.8960666000002675, 0.13605480000114767]",up,2.599138400000811,None,5,0,5,0,0,31,31,28,1640.1488219000003,,,,,,,,,,,,,,,,,1640.1329552999996,0.0006033000008756062,1641.0664731999987,1641.0668867000004,1641.0822673999992,1642.0823022999994,1642.065657199999,1642.066076699999,0.000431800001024385,1643.5498295999987,1643.5511494999992,1643.5655587,1643.5655587,1643.5655587,1643.5655587,1643.5655587,1643.5655587,1643.5655587,1646.1666292999998,"[-0.268, -0.268, -0.268, -0.268, -0.268, -0.268, -0.268, -0.268, -0.268, -0.268, -0.268, -0.268, -0.268, -0.268, -0.268, -0.268, -0.268, -0.268, -0.268, -0.268, -0.268, -0.268, -0.268, -0.268, -0.268, -0.268, -0.268, -0.268, -0.268, -0.268, -0.268, -0.268, -0.268, -0.268, -0.268, -0.268, -0.268, -0.268, -0.268, -0.268, -0.268, -0.268, -0.268, -0.26, -0.252, -0.244, -0.236, -0.228, -0.22, -0.212, -0.204, -0.196, -0.188, -0.18, -0.172, -0.164, -0.156, -0.148, -0.14, -0.132, -0.124, -0.116, -0.108, -0.1, -0.092, -0.084, -0.076, -0.068, -0.06, -0.052, -0.044, -0.036, -0.028, -0.02, -0.012, -0.004, 0.004, 0.012, 0.02, 0.028, 0.036, 0.044, 0.052, 0.06, 0.068, 0.076, 0.084, 0.092, 0.1, 0.108, 0.116, 0.124, 0.132, 0.14, 0.148, 0.156, 0.164, 0.164, 0.164, 0.164, 0.164, 0.164, 0.164, 0.164, 0.164, 0.164, 0.164, 0.164, 0.164, 0.164, 0.164, 0.164, 0.164, 0.164, 0.172, 0.18, 0.188, 0.196, 0.204, 0.212, 0.22, 0.228, 0.228, 0.228, 0.228, 0.228, 0.228, 0.228, 0.228, 0.228, 0.228, 0.228, 0.228, 0.228, 0.228, 0.228, 0.228, 0.228, 0.228, 0.228, 0.228, 0.228, 0.228, 0.228, 0.228, 0.228, 0.228, 0.228, 0.228, 0.228, 0.228, 0.228, 0.228, 0.228, 0.228, 0.228, 0.228, 0.228]",None,None,"['right', 'right']","[0.6950895000009041, 1.8710666999995738]","[0.8960666000002675, 0.13605480000114767]",up,2.599138400000811,None,1646.1670496999996,1646.1824362999996,1646.432284299999,1646.4158159999988,1646.4161949999998,1646.432284299999,,1647.4324121999998,,1647.4158202999988,1,3,1646.432284299999,1647.4324121999998,,,,,,,,,,,,,,,,,,,,,202605,,D,2026-08-12_18h59.12.320,valence_final_v2,2024.2.4,60,2026-08-12 18h59.30.846082 -0600,
32,32,0,3,1,flat_comp,85,1.5,-0.1,1.0,-0.152,curv,flat_curv,0.2,-0.2,0.1,pen,input_data/stims/Shape_1.50_1.00.png,input_data/stims/Shape_4.00_2.00.png,input_data/stims/Shape_0.00_2.00.png,-1,-1,1.0,-1.0,-1,None,,,up,1.8569502999998804,None,None,None,['left'],[1.5575826999993296],[0.24000830000113638],up,2.0855774999999994,None,5,0,5,0,0,32,32,5,1647.4324121999998,,,,,,,,,,,,,,,,,1647.4164476999995,0.0006291000008786796,1648.3507809999992,1648.3511872999989,1648.3656604999996,1649.3658125999991,1649.3492530999993,1649.349677099999,0.00043310000000928994,1650.7849819000003,1650.7865167,1650.7991153000003,1650.7991153000003,1650.7991153000003,1650.7991153000003,1650.7991153000003,1650.7991153000003,1650.7991153000003,1652.9001632,"[-0.152, -0.152, -0.152, -0.152, -0.152, -0.152, -0.152, -0.152, -0.152, -0.152, -0.152, -0.152, -0.152, -0.152, -0.152, -0.152, -0.152, -0.152, -0.152, -0.152, -0.152, -0.152, -0.152, -0.152, -0.152, -0.152, -0.152, -0.152, -0.152, -0.152, -0.152, -0.152, -0.152, -0.152, -0.152, -0.152, -0.152, -0.152, -0.152, -0.152, -0.152, -0.152, -0.152, -0.152, -0.152, -0.152, -0.152, -0.152, -0.152, -0.152, -0.152, -0.152, -0.152, -0.152, -0.152, -0.152, -0.152, -0.152, -0.152, -0.152, -0.152, -0.152, -0.152, -0.152, -0.152, -0.152, -0.152, -0.152, -0.152, -0.152, -0.152, -0.152, -0.152, -0.152, -0.152, -0.152, -0.152, -0.152, -0.152, -0.152, -0.152, -0.152, -0.152, -0.152, -0.152, -0.152, -0.152, -0.152, -0.152, -0.152, -0.152, -0.152, -0.152, -0.152, -0.152, -0.16, -0.168, -0.176, -0.184, -0.192, -0.2, -0.208, -0.216, -0.224, -0.232, -0.24, -0.248, -0.256, -0.264, -0.264, -0.264, -0.264, -0.264, -0.264, -0.264, -0.264, -0.264, -0.264, -0.264, -0.264, -0.264, -0.264, -0.264, -0.264, -0.264, -0.264, -0.264, -0.264]",None,None,['left'],[1.5575826999993296],[0.24000830000113638],up,2.0855774999999994,None,1652.9005601999997,1652.9158769999995,1653.1653812999994,1653.1488480999997,1653.1493489000004,1653.1653812999994,1653.1653812999994,1654.1658332999996,1654.1658332999996,1654.1493432999996,0,-3,,,,,,,,,,,,,,,,,,,,,,,202605,,D,2026-08-12_18h59.12.320,valence_final_v2,2024.2.4,60,2026-08-12 18h59.30.846082 -0600,
33,33,0,3,1,flat_comp,95,2.5,0.1,1.0,0.308,curv,flat_curv,0.2,-0.2,-0.1,pen,input_data/stims/Shape_2.50_1.00.png,input_data/stims/Shape_4.00_2.00.png,input_data/stims/Shape_0.00_2.00.png,-1,-1,1.0,-1.0,-1,None,,,up,1.8569502999998804,None,None,None,['left'],[1.3956218000002991],[0.9599703000003501],up,2.4676017000001593,None,5,0,5,0,0,33,33,15,1654.1658332999996,,,,,,,,,,,,,,,,,1654.1499445999998,0.000602600001002429,1655.1849263999993,1655.1853262000004,1655.1993217999989,1656.1992995,1656.1828207999988,1656.183245099999,0.00043569999979808927,1657.616845999999,1657.6181321000004,1657.6330015999993,1657.6330015999993,1657.6330015999993,1657.6330015999993,1657.6330015999993,1657.6330015999993,1657.6330015999993,1660.1171546999994,"[0.308, 0.308, 0.308, 0.308, 0.308, 0.308, 0.308, 0.308, 0.308, 0.308, 0.308, 0.308, 0.308, 0.308, 0.308, 0.308, 0.308, 0.308, 0.308, 0.308, 0.308, 0.308, 0.308, 0.308, 0.308, 0.308, 0.308, 0.308, 0.308, 0.308, 0.308, 0.308, 0.308, 0.308, 0.308, 0.308, 0.308, 0.308, 0.308, 0.308, 0.308, 0.308, 0.308, 0.308, 0.308, 0.308, 0.308, 0.308, 0.308, 0.308, 0.308, 0.308, 0.308, 0.308, 0.308, 0.308, 0.308, 0.308, 0.308, 0.308, 0.308, 0.308, 0.308, 0.308, 0.308, 0.308, 0.308, 0.308, 0.308, 0.308, 0.308, 0.308, 0.308, 0.308, 0.308, 0.308, 0.308, 0.308, 0.308, 0.308, 0.308, 0.308, 0.308, 0.308, 0.308, 0.3, 0.292, 0.284, 0.276, 0.268, 0.26, 0.252, 0.244, 0.236, 0.228, 0.22, 0.212, 0.204, 0.196, 0.188, 0.18, 0.172, 0.164, 0.156, 0.148, 0.14, 0.132, 0.124, 0.116, 0.108, 0.1, 0.092, 0.084, 0.076, 0.068, 0.06, 0.052, 0.044, 0.036, 0.028, 0.02, 0.012, 0.004, -0.004, -0.012, -0.02, -0.028, -0.036, -0.044, -0.052, -0.06, -0.068, -0.076, -0.084, -0.092, -0.1, -0.108, -0.116, -0.124, -0.132, -0.14, -0.148, -0.156, -0.156, -0.156, -0.156, -0.156, -0.156, -0.156, -0.156, -0.156]",None,None,['left'],[1.3956218000002991],[0.9599703000003501],up,2.4676017000001593,None,1660.1176152999997,1660.1327614000002,1660.3828121999995,1660.366154199999,1660.3665330999993,1660.3828121999995,,1661.3828463999998,,1661.3661763,1,1,,,1660.3828121999995,1661.3828463999998,,,,,,,,,,,,,,,,,,,202605,,D,2026-08-12_18h59.12.320,valence_final_v2,2024.2.4,60,2026-08-12 18h59.30.846082 -0600,
34,34,0,3,1,flat_comp,118,3.9,0.38,1.0,-0.104,flat,curv_flat,0.2,0.2,0.38,rew,input_data/stims/Shape_3.90_1.00.png,input_data/stims/Shape_0.00_2.00.png,input_data/stims/Shape_4.00_2.00.png,1,1,-1.0,-1.0,1,None,,,up,1.8569502999998804,None,None,None,"['right', 'right']","[0.8591830999994272, 2.1551454000000376]","[0.6479773999999452, 0.17599999999947613]",up,2.6351238999995985,None,5,0,5,0,0,34,34,38,1661.3828463999998,,,,,,,,,,,,,,,,,1661.3667860999994,0.0006106000000727363,1662.3516488999994,1662.3520504999997,1662.3660490000002,1663.366086099999,1663.3495769,1663.3499980999986,0.0004324000001361128,1664.6339697000003,1664.6353707999988,1664.6495068000004,1664.6495068000004,1664.6495068000004,1664.6495068000004,1664.6495068000004,1664.6495068000004,1664.6495068000004,1667.3005006000003,"[-0.104, -0.104, -0.104, -0.104, -0.104, -0.104, -0.104, -0.104, -0.104, -0.104, -0.104, -0.104, -0.104, -0.104, -0.104, -0.104, -0.104, -0.104, -0.104, -0.104, -0.104, -0.104, -0.104, -0.104, -0.104, -0.104, -0.104, -0.104, -0.104, -0.104, -0.104, -0.104, -0.104, -0.104, -0.104, -0.104, -0.104, -0.104, -0.104, -0.104, -0.104, -0.104, -0.104, -0.104, -0.104, -0.104, -0.104, -0.104, -0.104, -0.104, -0.104, -0.104, -0.104, -0.096, -0.088, -0.08, -0.072, -0.064, -0.056, -0.048, -0.04, -0.032, -0.024, -0.016, -0.008, 0.0, 0.008, 0.016, 0.024, 0.032, 0.04, 0.048, 0.056, 0.064, 0.072, 0.08, 0.088, 0.096, 0.104, 0.112, 0.12, 0.128, 0.136, 0.144, 0.152, 0.16, 0.168, 0.176, 0.184, 0.192, 0.2, 0.208, 0.208, 0.208, 0.208, 0.208, 0.208, 0.208, 0.208, 0.208, 0.208, 0.208, 0.208, 0.208, 0.208, 0.208, 0.208, 0.208, 0.208, 0.208, 0.208, 0.208, 0.208, 0.208, 0.208, 0.208, 0.208, 0.208, 0.208, 0.208, 0.208, 0.208, 0.208, 0.208, 0.208, 0.208, 0.208, 0.208, 0.208, 0.208, 0.208, 0.216, 0.224, 0.232, 0.24, 0.248, 0.256, 0.264, 0.272, 0.28, 0.288, 0.288, 0.288, 0.288, 0.288, 0.288, 0.288, 0.288, 0.288, 0.288, 0.288, 0.288, 0.288, 0.288, 0.288, 0.288, 0.288, 0.288, 0.288, 0.288, 0.288]",None,None,"['right', 'right']","[0.8591830999994272, 2.1551454000000376]","[0.6479773999999452, 0.17599999999947613]",up,2.6351238999995985,None,1667.3009333999998,1667.3162226999993,1667.5661920000002,1667.5491364999998,1667.549514799999,1667.5661920000002,,1668.5662315999998,,1668.5497624,1,3,1667.5661920000002,1668.5662315999998,,,,,,,,,,,,,,,,,,,,,202605,,D,2026-08-12_18h59.12.320,valence_final_v2,2024.2.4,60,2026-08-12 18h59.30.846082 -0600,
35,35,0,3,1,flat_comp,89,1.9,-0.02,1.0,-0.296,curv,flat_curv,0.2,-0.2,0.02,pen,input_data/stims/Shape_1.90_1.00.png,input_data/stims/Shape_4.00_2.00.png,input_data/stims/Shape_0.00_2.00.png,-1,-1,-1.0,-1.0,-1,None,,,up,1.8569502999998804,None,None,None,['right'],[2.527275500000542],[0.3759702000006655],None,,,5,0,5,0,0,35,35,9,1668.5662315999998,,,,,,,,,,,,,,,,,1668.5503561999994,0.0005959999998594867,1669.4347418999987,1669.4355376999993,1669.4496863999993,1670.4496192999995,1670.4331220999993,1670.4335420999996,0.00042660000144678634,1671.9180594999998,1671.9196116999992,1671.9333740000002,1671.9333740000002,1671.9333740000002,1671.9333740000002,1671.9333740000002,1671.9333740000002,1671.9333740000002,1674.9169807999988,"[-0.296, -0.296, -0.296, -0.296, -0.296, -0.296, -0.296, -0.296, -0.296, -0.296, -0.296, -0.296, -0.296, -0.296, -0.296, -0.296, -0.296, -0.296, -0.296, -0.296, -0.296, -0.296, -0.296, -0.296, -0.296, -0.296, -0.296, -0.296, -0.296, -0.296, -0.296, -0.296, -0.296, -0.296, -0.296, -0.296, -0.296, -0.296, -0.296, -0.296, -0.296, -0.296, -0.296, -0.296, -0.296, -0.296, -0.296, -0.296, -0.296, -0.296, -0.296, -0.296, -0.296, -0.296, -0.296, -0.296, -0.296, -0.296, -0.296, -0.296, -0.296, -0.296, -0.296, -0.296, -0.296, -0.296, -0.296, -0.296, -0.296, -0.296, -0.296, -0.296, -0.296, -0.296, -0.296, -0.296, -0.296, -0.296, -0.296, -0.296, -0.296, -0.296, -0.296, -0.296, -0.296, -0.296, -0.296, -0.296, -0.296, -0.296, -0.296, -0.296, -0.296, -0.296, -0.296, -0.296, -0.296, -0.296, -0.296, -0.296, -0.296, -0.296, -0.296, -0.296, -0.296, -0.296, -0.296, -0.296, -0.296, -0.296, -0.296, -0.296, -0.296, -0.296, -0.296, -0.296, -0.296, -0.296, -0.296, -0.296, -0.296, -0.296, -0.296, -0.296, -0.296, -0.296, -0.296, -0.296, -0.296, -0.296, -0.296, -0.296, -0.296, -0.296, -0.296, -0.296, -0.296, -0.296, -0.296, -0.296, -0.296, -0.296, -0.296, -0.296, -0.296, -0.296, -0.296, -0.296, -0.296, -0.296, -0.296, -0.296, -0.296, -0.288, -0.28, -0.272, -0.264, -0.256, -0.248, -0.24, -0.232, -0.224, -0.216, -0.208, -0.2, -0.192, -0.184, -0.176, -0.168, -0.16, -0.152, -0.144, -0.136, -0.128, -0.12, -0.112, -0.112, -0.112, -0.112, -0.112, -0.112]",None,None,['right'],[2.527275500000542],[0.3759702000006655],None,,,1674.9175083999999,1674.932754899999,1675.1823898000002,1675.1662582999998,1675.1685722000002,1675.1823898000002,1675.1823898000002,1676.1828231,1676.1828231,1676.1663924999993,0,-3,,,,,,,1674.932754899999,1674.932754899999,1674.932754899999,1674.932754899999,1674.932754899999,1674.932754899999,1674.932754899999,,,,,,,,,,202605,,D,2026-08-12_18h59.12.320,valence_final_v2,2024.2.4,60,2026-08-12 18h59.30.846082 -0600,
36,36,0,3,1,flat_comp,115,3.7,0.34,1.0,-0.176,flat,flat_curv,0.2,-0.2,-0.34,rew,input_data/stims/Shape_3.70_1.00.png,input_data/stims/Shape_4.00_2.00.png,input_data/stims/Shape_0.00_2.00.png,1,-1,1.0,-1.0,1,None,,,up,1.8569502999998804,None,None,None,['right'],[2.4630930999992415],[0.32794509999985166],up,2.8950972000002366,None,5,0,5,0,0,36,36,35,1676.1828231,,,,,,,,,,,,,,,,,1676.1670381999993,0.0006451999997807434,1677.2521251999988,1677.2528021999988,1677.2661589999989,1678.266169299999,1678.2496515999992,1678.2500693999991,0.0004274000002624234,1679.5338414999987,1679.535104999999,1679.5495892999988,1679.5495892999988,1679.5495892999988,1679.5495892999988,1679.5495892999988,1679.5495892999988,1679.5495892999988,1682.4505878,"[-0.176, -0.176, -0.176, -0.176, -0.176, -0.176, -0.176, -0.176, -0.176, -0.176, -0.176, -0.176, -0.176, -0.176, -0.176, -0.176, -0.176, -0.176, -0.176, -0.176, -0.176, -0.176, -0.176, -0.176, -0.176, -0.176, -0.176, -0.176, -0.176, -0.176, -0.176, -0.176, -0.176, -0.176, -0.176, -0.176, -0.176, -0.176, -0.176, -0.176, -0.176, -0.176, -0.176, -0.176, -0.176, -0.176, -0.176, -0.176, -0.176, -0.176, -0.176, -0.176, -0.176, -0.176, -0.176, -0.176, -0.176, -0.176, -0.176, -0.176, -0.176, -0.176, -0.176, -0.176, -0.176, -0.176, -0.176, -0.176, -0.176, -0.176, -0.176, -0.176, -0.176, -0.176, -0.176, -0.176, -0.176, -0.176, -0.176, -0.176, -0.176, -0.176, -0.176, -0.176, -0.176, -0.176, -0.176, -0.176, -0.176, -0.176, -0.176, -0.176, -0.176, -0.176, -0.176, -0.176, -0.176, -0.176, -0.176, -0.176, -0.176, -0.176, -0.176, -0.176, -0.176, -0.176, -0.176, -0.176, -0.176, -0.176, -0.176, -0.176, -0.176, -0.176, -0.176, -0.176, -0.176, -0.176, -0.176, -0.176, -0.176, -0.176, -0.176, -0.176, -0.176, -0.176, -0.176, -0.176, -0.176, -0.176, -0.176, -0.176, -0.176, -0.176, -0.176, -0.176, -0.176, -0.176, -0.176, -0.176, -0.176, -0.176, -0.176, -0.176, -0.176, -0.176, -0.176, -0.176, -0.176, -0.168, -0.16, -0.152, -0.144, -0.136, -0.128, -0.12, -0.112, -0.104, -0.096, -0.088, -0.08, -0.072, -0.064, -0.056, -0.048, -0.04, -0.032, -0.024, -0.016, -0.016, -0.016, -0.016, -0.016, -0.016, -0.016, -0.016]",None,None,['right'],[2.4630930999992415],[0.32794509999985166],up,2.8950972000002366,None,1682.4510004999993,1682.4662828,1682.7162861999986,1682.6993974999987,1682.7002558999993,1682.7162861999986,,1683.715964699999,,1683.6994474999992,0,-1,,,,,1682.7162861999986,1683.715964699999,,,,,,,,,,,,,,,,,202605,,D,2026-08-12_18h59.12.320,valence_final_v2,2024.2.4,60,2026-08-12 18h59.30.846082 -0600,
37,37,0,3,1,flat_comp,96,2.7,0.14,1.0,-0.024,curv,curv_flat,0.2,0.2,0.14,pen,input_data/stims/Shape_2.70_1.00.png,input_data/stims/Shape_0.00_2.00.png,input_data/stims/Shape_4.00_2.00.png,-1,1,-1.0,-1.0,-1,None,,,up,1.8569502999998804,None,None,None,['right'],[1.6392130999993242],[0.4159828000010748],up,2.4072188999998616,None,5,0,5,0,0,37,37,16,1683.715964699999,,,,,,,,,,,,,,,,,1683.7000761999989,0.0006297999989328673,1684.6343029,1684.6347176,1684.6501068999987,1685.6500895999998,1685.6335184,1685.6339442999997,0.0004377000004751608,1686.9182922,1686.9197232999995,1686.9334665999995,1686.9334665999995,1686.9334665999995,1686.9334665999995,1686.9334665999995,1686.9334665999995,1686.9334665999995,1689.3511492999987,"[-0.024, -0.024, -0.024, -0.024, -0.024, -0.024, -0.024, -0.024, -0.024, -0.024, -0.024, -0.024, -0.024, -0.024, -0.024, -0.024, -0.024, -0.024, -0.024, -0.024, -0.024, -0.024, -0.024, -0.024, -0.024, -0.024, -0.024, -0.024, -0.024, -0.024, -0.024, -0.024, -0.024, -0.024, -0.024, -0.024, -0.024, -0.024, -0.024, -0.024, -0.024, -0.024, -0.024, -0.024, -0.024, -0.024, -0.024, -0.024, -0.024, -0.024, -0.024, -0.024, -0.024, -0.024, -0.024, -0.024, -0.024, -0.024, -0.024, -0.024, -0.024, -0.024, -0.024, -0.024, -0.024, -0.024, -0.024, -0.024, -0.024, -0.024, -0.024, -0.024, -0.024, -0.024, -0.024, -0.024, -0.024, -0.024, -0.024, -0.024, -0.024, -0.024, -0.024, -0.024, -0.024, -0.024, -0.024, -0.024, -0.024, -0.024, -0.024, -0.024, -0.024, -0.024, -0.024, -0.024, -0.024, -0.024, -0.024, -0.024, -0.016, -0.008, 0.0, 0.008, 0.016, 0.024, 0.032, 0.04, 0.048, 0.056, 0.064, 0.072, 0.08, 0.088, 0.096, 0.104, 0.112, 0.12, 0.128, 0.136, 0.144, 0.152, 0.16, 0.168, 0.176, 0.176, 0.176, 0.176, 0.176, 0.176, 0.176, 0.176, 0.176, 0.176, 0.176, 0.176, 0.176, 0.176, 0.176, 0.176, 0.176, 0.176, 0.176, 0.176, 0.176, 0.176, 0.176]",None,None,['right'],[1.6392130999993242],[0.4159828000010748],up,2.4072188999998616,None,1689.3515630000002,1689.3668839999991,1689.6169043999998,1689.6003584999999,1689.600738699999,1689.6169043999998,,1690.6169066000002,,1690.6003683999988,1,1,,,1689.6169043999998,1690.6169066000002,,,,,,,,,,,,,,,,,,,202605,,D,2026-08-12_18h59.12.320,valence_final_v2,2024.2.4,60,2026-08-12 18h59.30.846082 -0600,
38,38,0,3,1,flat_comp,81,1.1,-0.18,1.0,0.268,curv,flat_curv,0.2,-0.2,0.18,pen,input_data/stims/Shape_1.10_1.00.png,input_data/stims/Shape_4.00_2.00.png,input_data/stims/Shape_0.00_2.00.png,-1,-1,1.0,-1.0,-1,None,,,up,1.8569502999998804,None,None,None,['left'],[1.0672305999996752],[0.943825399999696],up,2.403022599999531,None,5,0,5,0,0,38,38,1,1690.6169066000002,,,,,,,,,,,,,,,,,1690.6009623999998,0.0005959000009170268,1691.5850653999987,1691.585559699999,1691.6003008999996,1692.6003127999993,1692.5838000000003,1692.5842154999991,0.0004250999991199933,1694.0182038000003,1694.019540199999,1694.0336886999994,1694.0336886999994,1694.0336886999994,1694.0336886999994,1694.0336886999994,1694.0336886999994,1694.0336886999994,1696.4513473999996,"[0.268, 0.268, 0.268, 0.268, 0.268, 0.268, 0.268, 0.268, 0.268, 0.268, 0.268, 0.268, 0.268, 0.268, 0.268, 0.268, 0.268, 0.268, 0.268, 0.268, 0.268, 0.268, 0.268, 0.268, 0.268, 0.268, 0.268, 0.268, 0.268, 0.268, 0.268, 0.268, 0.268, 0.268, 0.268, 0.268, 0.268, 0.268, 0.268, 0.268, 0.268, 0.268, 0.268, 0.268, 0.268, 0.268, 0.268, 0.268, 0.268, 0.268, 0.268, 0.268, 0.268, 0.268, 0.268, 0.268, 0.268, 0.268, 0.268, 0.268, 0.268, 0.268, 0.268, 0.268, 0.268, 0.268, 0.26, 0.252, 0.244, 0.236, 0.228, 0.22, 0.212, 0.204, 0.196, 0.188, 0.18, 0.172, 0.164, 0.156, 0.148, 0.14, 0.132, 0.124, 0.116, 0.108, 0.1, 0.092, 0.084, 0.076, 0.068, 0.06, 0.052, 0.044, 0.036, 0.028, 0.02, 0.012, 0.004, -0.004, -0.012, -0.02, -0.028, -0.036, -0.044, -0.052, -0.06, -0.068, -0.076, -0.084, -0.092, -0.1, -0.108, -0.116, -0.124, -0.132, -0.14, -0.148, -0.156, -0.164, -0.172, -0.18, -0.18, -0.18, -0.18, -0.18, -0.18, -0.18, -0.18, -0.18, -0.18, -0.18, -0.18, -0.18, -0.18, -0.18, -0.18, -0.18, -0.18, -0.18, -0.18, -0.18, -0.18, -0.18, -0.18, -0.18, -0.18]",None,None,['left'],[1.0672305999996752],[0.943825399999696],up,2.403022599999531,None,1696.4517622999992,1696.4670986,1696.717043499999,1696.7005525999994,1696.7009278999994,1696.717043499999,,1697.7170547999995,,1697.7005757999996,1,1,,,1696.717043499999,1697.7170547999995,,,,,,,,,,,,,,,,,,,202605,,D,2026-08-12_18h59.12.320,valence_final_v2,2024.2.4,60,2026-08-12 18h59.30.846082 -0600,
39,39,0,3,1,flat_comp,86,1.7,-0.06,3.0,0.296,curv,curv_flat,0.2,0.2,-0.06,pen,input_data/stims/Shape_1.70_3.00.png,input_data/stims/Shape_0.00_2.00.png,input_data/stims/Shape_4.00_2.00.png,-1,1,1.0,1.0,-1,None,,,up,1.8569502999998804,None,None,None,['left'],[1.0324218999994628],[1.2080062000004546],up,2.5684320999989723,None,5,0,5,0,0,39,39,6,1697.7170547999995,,,,,,,,,,,,,,,,,1697.701171499999,0.0005965999989712145,1698.6856417,1698.6860383000003,1698.7004823999996,1699.7004951999988,1699.6840197000001,1699.6844471000004,0.0004375000007712515,1701.0680653,1701.0692782999995,1701.084234599999,1701.084234599999,1701.084234599999,1701.084234599999,1701.084234599999,1701.084234599999,1701.084234599999,1703.6685478999989,"[0.296, 0.296, 0.296, 0.296, 0.296, 0.296, 0.296, 0.296, 0.296, 0.296, 0.296, 0.296, 0.296, 0.296, 0.296, 0.296, 0.296, 0.296, 0.296, 0.296, 0.296, 0.296, 0.296, 0.296, 0.296, 0.296, 0.296, 0.296, 0.296, 0.296, 0.296, 0.296, 0.296, 0.296, 0.296, 0.296, 0.296, 0.296, 0.296, 0.296, 0.296, 0.296, 0.296, 0.296, 0.296, 0.296, 0.296, 0.296, 0.296, 0.296, 0.296, 0.296, 0.296, 0.296, 0.296, 0.296, 0.296, 0.296, 0.296, 0.296, 0.296, 0.296, 0.296, 0.288, 0.28, 0.272, 0.264, 0.256, 0.248, 0.24, 0.232, 0.224, 0.216, 0.208, 0.2, 0.192, 0.184, 0.176, 0.168, 0.16, 0.152, 0.144, 0.136, 0.128, 0.12, 0.112, 0.104, 0.096, 0.088, 0.08, 0.072, 0.064, 0.056, 0.048, 0.04, 0.032, 0.024, 0.016, 0.008, 0.0, -0.008, -0.016, -0.024, -0.032, -0.04, -0.048, -0.056, -0.064, -0.072, -0.08, -0.088, -0.096, -0.104, -0.112, -0.12, -0.128, -0.136, -0.144, -0.152, -0.16, -0.168, -0.176, -0.184, -0.192, -0.2, -0.208, -0.216, -0.224, -0.232, -0.24, -0.248, -0.256, -0.264, -0.272, -0.28, -0.288, -0.288, -0.288, -0.288, -0.288, -0.288, -0.288, -0.288, -0.288, -0.288, -0.288, -0.288, -0.288, -0.288, -0.288, -0.288, -0.288, -0.288, -0.288, -0.288, -0.288, -0.288]",None,None,['left'],[1.0324218999994628],[1.2080062000004546],up,2.5684320999989723,None,1703.6689688999995,1703.6838589999988,1703.9339024,1703.9173871000003,1703.917764599999,1703.9339024,,1704.949935999999,,1704.917447599999,1,1,,,1703.9339024,1704.949935999999,,,,,,,,,,,,,,,,,,,202605,,D,2026-08-12_18h59.12.320,valence_final_v2,2024.2.4,60,2026-08-12 18h59.30.846082 -0600,
,,,,,,,,,,,,,,,,,,,,,,,,,,,,,,,,,,,,,,,,,,,,,,,,,,,,,,,,,,,,,,,,,,,,,,,,,,,,,,,,,,,,,,,,,,,,,,,,,,,,,,,,,,,,,,,,,,,,,1704.9317312000003,1704.949935999999,1704.949935999999,1717.4011687000002,-20,5,up,12.438739900000655,None,,,,,,,,,
