thisN,thisTrialN,thisRepN,blockN,run,condition,trial_key,stim_file_pos,stim_pos,noise_pos,marker_init,shape,shape_order,true_div,div_pos,target_pos,valence,target_file,img1_file,img2_file,valence_direction,direction,marker_direction,noise_direction,shape_category,valence_resp.keys,valence_resp.rt,valence_resp.duration,block_start_resp.keys,block_start_resp.rt,block_start_resp.duration,marker.response,marker.rt,slider_resp.keys,slider_resp.rt,slider_resp.duration,submit_resp.keys,submit_resp.rt,submit_resp.duration,blocks.thisRepN,blocks.thisTrialN,blocks.thisN,blocks.thisIndex,trials.thisRepN,trials.thisTrialN,trials.thisN,trials.thisIndex,thisRow.t,notes,valence_instruct.started,valence_image.started,valence_text.started,valence_resp.started,valence_instruct.stopped,blocks.valence_resp.keys,blocks.valence_resp.rt,blocks.valence_resp.duration,block_start.started,block_start_text.started,block_start_resp.started,block_start.stopped,blocks.block_start_resp.keys,blocks.block_start_resp.rt,blocks.block_start_resp.duration,baseline.started,ISI1.started,baseline.stopped,stim.started,target_stim.started,target_stim.stopped,stim.stopped,delay.started,ISI2.started,delay.stopped,task.started,img1.started,img2.started,divider_line.started,slider_line.started,marker.started,slider_resp.started,submit_resp.started,task.stopped,positions,trials.marker.response,trials.marker.rt,trials.slider_resp.keys,trials.slider_resp.rt,trials.slider_resp.duration,trials.submit_resp.keys,trials.submit_resp.rt,trials.submit_resp.duration,anticipation.started,anticipation_text.started,anticipation_text.stopped,anticipation.stopped,feedback.started,no_resp_text.started,three_cross.started,no_resp_text.stopped,three_cross.stopped,feedback.stopped,correct,outcome,three_coin.started,three_coin.stopped,one_coin.started,one_coin.stopped,one_cross.started,one_cross.stopped,block_end.started,block_end_text.started,block_end_resp.started,block_end.stopped,block_outcome,block_bonus,blocks.block_end_resp.keys,blocks.block_end_resp.rt,blocks.block_end_resp.duration,subj,practice?,sess_type,date,expName,psychopyVersion,frameRate,expStart,
0,0,0,1,1,baseline,15,1.5,-0.1,1.0,0.384,curv,flat_curv,0.0,0.0,0.1,pen,input_data/stims/Shape_1.50_1.00.png,input_data/stims/Shape_4.00_2.00.png,input_data/stims/Shape_0.00_2.00.png,-1,-1,1.0,-1.0,-1,up,21.16914989999998,None,up,1.1369406999999683,None,None,None,"['left', 'left']","[0.8013007000000698, 1.2011837000000014]","[0.1598566000000119, None]",up,1.9370321000000104,None,0,0,0,0,0,0,0,15,22.627370799999994,,0.24038519999999153,0.25180909999994583,0.25180909999994583,0.25180909999994583,21.427569500000004,up,21.16914989999998,None,21.43259409999996,21.44398130000002,21.44398130000002,22.594222100000025,up,1.1369406999999683,None,22.62255379999999,0.02832069999999476,23.556843400000048,23.557286500000032,23.562037300000043,24.560765800000013,24.544343700000013,24.544778599999972,0.00044519999994463433,25.978977299999997,25.980295599999977,25.995707400000015,25.995707400000015,25.995707400000015,25.995707400000015,25.995707400000015,25.995707400000015,25.995707400000015,27.945617500000026,"[0.384, 0.384, 0.384, 0.384, 0.384, 0.384, 0.384, 0.384, 0.384, 0.384, 0.384, 0.384, 0.384, 0.384, 0.384, 0.384, 0.384, 0.384, 0.384, 0.384, 0.384, 0.384, 0.384, 0.384, 0.384, 0.384, 0.384, 0.384, 0.384, 0.384, 0.384, 0.384, 0.384, 0.384, 0.384, 0.384, 0.384, 0.384, 0.384, 0.384, 0.384, 0.384, 0.384, 0.384, 0.384, 0.384, 0.384, 0.384, 0.384, 0.384, 0.376, 0.368, 0.36, 0.352, 0.344, 0.336, 0.328, 0.32, 0.312, 0.312, 0.312, 0.312, 0.312, 0.312, 0.312, 0.312, 0.312, 0.312, 0.312, 0.312, 0.312, 0.312, 0.312, 0.312, 0.304, 0.296, 0.288, 0.28, 0.272, 0.264, 0.256, 0.248, 0.24, 0.232, 0.224, 0.216, 0.208, 0.2, 0.192, 0.184, 0.176, 0.168, 0.16, 0.152, 0.144, 0.136, 0.128, 0.12, 0.112, 0.104, 0.096, 0.088, 0.08, 0.072, 0.064, 0.056, 0.048, 0.04, 0.032, 0.024, 0.016, 0.008, 0.0, -0.008, -0.016, -0.024, -0.032, -0.04, -0.048]",None,None,"['left', 'left']","[0.8013007000000698, 1.2011837000000014]","[0.1598566000000119, None]",up,1.9370321000000104,None,27.946030999999948,27.960861000000023,28.210860600000046,28.19431929999996,28.19473119999998,28.210860600000046,28.210860600000046,29.21089010000003,29.21089010000003,29.194354299999986,0,-3,,,,,,,,,,,,,,,,202604,,C,2026-08-01_12h45.50.488,valence_final_v2,2024.2.4,60,2026-08-01 12h46.07.947797 -0600,
1,1,0,1,1,baseline,14,1.5,-0.1,3.0,-0.34,curv,curv_flat,0.0,0.0,-0.1,pen,input_data/stims/Shape_1.50_3.00.png,input_data/stims/Shape_0.00_2.00.png,input_data/stims/Shape_4.00_2.00.png,-1,1,-1.0,1.0,-1,up,21.16914989999998,None,up,1.1369406999999683,None,None,None,['right'],[0.9752010000000837],[None],up,1.975145100000077,None,0,0,0,0,0,1,1,14,29.21089010000003,,,,,,,,,,,,,,,,,29.195058300000028,0.0007043000000521715,30.179307900000026,30.179958899999974,30.19422159999999,31.194276100000025,31.177748199999996,31.178177499999947,0.0004403000000365864,32.66295170000001,32.6642736,32.67765769999994,32.67765769999994,32.67765769999994,32.67765769999994,32.67765769999994,32.67765769999994,32.67765769999994,34.662484500000005,"[-0.34, -0.34, -0.34, -0.34, -0.34, -0.34, -0.34, -0.34, -0.34, -0.34, -0.34, -0.34, -0.34, -0.34, -0.34, -0.34, -0.34, -0.34, -0.34, -0.34, -0.34, -0.34, -0.34, -0.34, -0.34, -0.34, -0.34, -0.34, -0.34, -0.34, -0.34, -0.34, -0.34, -0.34, -0.34, -0.34, -0.34, -0.34, -0.34, -0.34, -0.34, -0.34, -0.34, -0.34, -0.34, -0.34, -0.34, -0.34, -0.34, -0.34, -0.34, -0.34, -0.34, -0.34, -0.34, -0.34, -0.34, -0.34, -0.34, -0.34, -0.332, -0.324, -0.316, -0.308, -0.3, -0.292, -0.284, -0.276, -0.268, -0.26, -0.252, -0.244, -0.236, -0.228, -0.22, -0.212, -0.204, -0.196, -0.188, -0.18, -0.172, -0.164, -0.156, -0.148, -0.14, -0.132, -0.124, -0.116, -0.108, -0.1, -0.092, -0.084, -0.076, -0.068, -0.06, -0.052, -0.044, -0.036, -0.028, -0.02, -0.012, -0.004, 0.004, 0.012, 0.02, 0.028, 0.036, 0.044, 0.052, 0.06, 0.068, 0.076, 0.084, 0.092, 0.1, 0.108, 0.116, 0.124, 0.132, 0.14, 0.148]",None,None,['right'],[0.9752010000000837],[None],up,1.975145100000077,None,34.66286179999997,34.67771579999999,34.92771359999995,34.91119549999996,34.911605699999996,34.92771359999995,34.92771359999995,35.92778599999997,35.92778599999997,35.91126510000004,0,-3,,,,,,,,,,,,,,,,202604,,C,2026-08-01_12h45.50.488,valence_final_v2,2024.2.4,60,2026-08-01 12h46.07.947797 -0600,
2,2,0,1,1,baseline,38,3.9,0.38,3.0,-0.008,flat,curv_flat,0.0,0.0,0.38,rew,input_data/stims/Shape_3.90_3.00.png,input_data/stims/Shape_0.00_2.00.png,input_data/stims/Shape_4.00_2.00.png,1,1,-1.0,1.0,1,up,21.16914989999998,None,up,1.1369406999999683,None,None,None,"['right', 'right']","[0.96640960000002, 1.5264113000000634]","[0.2479108999999653, 0.2880056000000195]",up,1.8544276000000082,None,0,0,0,0,0,2,2,38,35.92778599999997,,,,,,,,,,,,,,,,,35.911922900000036,0.0006607999999914682,36.895600700000045,36.896035299999994,36.91111980000005,37.91112390000001,37.89463490000003,37.89506549999999,0.0004406000000471977,39.280026099999986,39.28126439999994,39.29448249999996,39.29448249999996,39.29448249999996,39.29448249999996,39.29448249999996,39.29448249999996,39.29448249999996,41.1623343,"[-0.008, -0.008, -0.008, -0.008, -0.008, -0.008, -0.008, -0.008, -0.008, -0.008, -0.008, -0.008, -0.008, -0.008, -0.008, -0.008, -0.008, -0.008, -0.008, -0.008, -0.008, -0.008, -0.008, -0.008, -0.008, -0.008, -0.008, -0.008, -0.008, -0.008, -0.008, -0.008, -0.008, -0.008, -0.008, -0.008, -0.008, -0.008, -0.008, -0.008, -0.008, -0.008, -0.008, -0.008, -0.008, -0.008, -0.008, -0.008, -0.008, -0.008, -0.008, -0.008, -0.008, -0.008, -0.008, -0.008, -0.008, -0.008, -0.008, 0.0, 0.008, 0.016, 0.024, 0.032, 0.04, 0.048, 0.056, 0.064, 0.072, 0.08, 0.088, 0.096, 0.104, 0.112, 0.112, 0.112, 0.112, 0.112, 0.112, 0.112, 0.112, 0.112, 0.112, 0.112, 0.112, 0.112, 0.112, 0.112, 0.112, 0.112, 0.112, 0.112, 0.112, 0.12, 0.128, 0.136, 0.144, 0.152, 0.16, 0.168, 0.176, 0.184, 0.192, 0.2, 0.208, 0.216, 0.224, 0.232, 0.24, 0.248, 0.248, 0.248, 0.248, 0.248]",None,None,"['right', 'right']","[0.96640960000002, 1.5264113000000634]","[0.2479108999999653, 0.2880056000000195]",up,1.8544276000000082,None,41.16275940000003,41.17795220000005,41.42794040000001,41.4114237,41.41185059999998,41.42794040000001,,42.42797780000001,,42.41148989999999,1,3,41.42794040000001,42.42797780000001,,,,,,,,,,,,,,202604,,C,2026-08-01_12h45.50.488,valence_final_v2,2024.2.4,60,2026-08-01 12h46.07.947797 -0600,
3,3,0,1,1,baseline,4,0.5,-0.3,1.0,0.124,curv,curv_flat,0.0,0.0,-0.3,pen,input_data/stims/Shape_0.50_1.00.png,input_data/stims/Shape_0.00_2.00.png,input_data/stims/Shape_4.00_2.00.png,-1,1,1.0,-1.0,-1,up,21.16914989999998,None,up,1.1369406999999683,None,None,None,['left'],[0.6858803999999736],[0.7359096000000136],up,1.5417936000000054,None,0,0,0,0,0,3,3,4,42.42797780000001,,,,,,,,,,,,,,,,,42.41212680000001,0.0006401000000550994,43.39674519999994,43.39719619999994,43.41145700000004,44.41147590000003,44.39512239999999,44.39556240000002,0.0004513000000088141,45.67965479999998,45.68109900000002,45.695024200000034,45.695024200000034,45.695024200000034,45.695024200000034,45.695024200000034,45.695024200000034,45.695024200000034,47.24660410000001,"[0.124, 0.124, 0.124, 0.124, 0.124, 0.124, 0.124, 0.124, 0.124, 0.124, 0.124, 0.124, 0.124, 0.124, 0.124, 0.124, 0.124, 0.124, 0.124, 0.124, 0.124, 0.124, 0.124, 0.124, 0.124, 0.124, 0.124, 0.124, 0.124, 0.124, 0.124, 0.124, 0.124, 0.124, 0.124, 0.124, 0.124, 0.124, 0.124, 0.124, 0.124, 0.124, 0.124, 0.116, 0.108, 0.1, 0.092, 0.084, 0.076, 0.068, 0.06, 0.052, 0.044, 0.036, 0.028, 0.02, 0.012, 0.004, -0.004, -0.012, -0.02, -0.028, -0.036, -0.044, -0.052, -0.06, -0.068, -0.076, -0.084, -0.092, -0.1, -0.108, -0.116, -0.124, -0.132, -0.14, -0.148, -0.156, -0.164, -0.172, -0.18, -0.188, -0.196, -0.204, -0.212, -0.22, -0.228, -0.228, -0.228, -0.228, -0.228, -0.228, -0.228, -0.228, -0.228]",None,None,['left'],[0.6858803999999736],[0.7359096000000136],up,1.5417936000000054,None,47.247056199999975,47.26175260000002,47.51175049999995,47.4957177,47.4961442,47.51175049999995,,48.51179149999996,,48.49504590000004,1,1,,,47.51175049999995,48.51179149999996,,,,,,,,,,,,202604,,C,2026-08-01_12h45.50.488,valence_final_v2,2024.2.4,60,2026-08-01 12h46.07.947797 -0600,
4,4,0,1,1,baseline,2,0.3,-0.34,1.0,-0.228,curv,curv_flat,0.0,0.0,-0.34,pen,input_data/stims/Shape_0.30_1.00.png,input_data/stims/Shape_0.00_2.00.png,input_data/stims/Shape_4.00_2.00.png,-1,1,-1.0,-1.0,-1,up,21.16914989999998,None,up,1.1369406999999683,None,None,None,['left'],[0.6420657999999548],[0.2640314000000217],up,1.0261439999999311,None,0,0,0,0,0,4,4,2,48.51179149999996,,,,,,,,,,,,,,,,,48.495675000000006,0.0006339999999909196,49.480234300000006,49.480636900000036,49.49563899999998,50.49561300000005,50.478692799999976,50.479126199999996,0.0004442000000608459,51.96283979999998,51.96414800000002,51.97885169999995,51.97885169999995,51.97885169999995,51.97885169999995,51.97885169999995,51.97885169999995,51.97885169999995,53.012951199999975,"[-0.228, -0.228, -0.228, -0.228, -0.228, -0.228, -0.228, -0.228, -0.228, -0.228, -0.228, -0.228, -0.228, -0.228, -0.228, -0.228, -0.228, -0.228, -0.228, -0.228, -0.228, -0.228, -0.228, -0.228, -0.228, -0.228, -0.228, -0.228, -0.228, -0.228, -0.228, -0.228, -0.228, -0.228, -0.228, -0.228, -0.228, -0.228, -0.228, -0.228, -0.236, -0.244, -0.252, -0.26, -0.268, -0.276, -0.284, -0.292, -0.3, -0.308, -0.316, -0.324, -0.332, -0.34, -0.348, -0.356, -0.356, -0.356, -0.356, -0.356, -0.356, -0.356, -0.356, -0.356]",None,None,['left'],[0.6420657999999548],[0.2640314000000217],up,1.0261439999999311,None,53.01332060000004,53.02862019999998,53.27862230000005,53.262078599999995,53.26247030000002,53.27862230000005,,54.278653299999974,,54.26214589999995,1,1,,,53.27862230000005,54.278653299999974,,,,,,,,,,,,202604,,C,2026-08-01_12h45.50.488,valence_final_v2,2024.2.4,60,2026-08-01 12h46.07.947797 -0600,
5,5,0,1,1,baseline,16,1.7,-0.06,1.0,0.288,curv,curv_flat,0.0,0.0,-0.06,pen,input_data/stims/Shape_1.70_1.00.png,input_data/stims/Shape_0.00_2.00.png,input_data/stims/Shape_4.00_2.00.png,-1,1,1.0,-1.0,-1,up,21.16914989999998,None,up,1.1369406999999683,None,None,None,"['left', 'right']","[0.8555593999999473, 1.423607699999934]","[0.3360402000000704, None]",up,1.567614400000025,None,0,0,0,0,0,5,5,16,54.278653299999974,,,,,,,,,,,,,,,,,54.26277189999996,0.0006279000000404267,55.14679860000001,55.14719009999999,55.16197629999999,56.16227709999998,56.14727919999996,56.14771059999998,0.0004410999999890919,57.582873800000016,57.5843787,57.597267500000044,57.597267500000044,57.597267500000044,57.597267500000044,57.597267500000044,57.597267500000044,57.597267500000044,59.180437900000015,"[0.288, 0.288, 0.288, 0.288, 0.288, 0.288, 0.288, 0.288, 0.288, 0.288, 0.288, 0.288, 0.288, 0.288, 0.288, 0.288, 0.288, 0.288, 0.288, 0.288, 0.288, 0.288, 0.288, 0.288, 0.288, 0.288, 0.288, 0.288, 0.288, 0.288, 0.288, 0.288, 0.288, 0.288, 0.288, 0.288, 0.288, 0.288, 0.288, 0.288, 0.288, 0.288, 0.288, 0.288, 0.288, 0.288, 0.288, 0.288, 0.288, 0.288, 0.288, 0.288, 0.288, 0.28, 0.272, 0.264, 0.256, 0.248, 0.24, 0.232, 0.224, 0.216, 0.208, 0.2, 0.192, 0.184, 0.176, 0.168, 0.16, 0.152, 0.144, 0.136, 0.128, 0.128, 0.128, 0.128, 0.128, 0.128, 0.128, 0.128, 0.128, 0.128, 0.128, 0.128, 0.128, 0.128, 0.128, 0.136, 0.144, 0.152, 0.16, 0.168, 0.176, 0.184, 0.192, 0.2, 0.208]",None,None,"['left', 'right']","[0.8555593999999473, 1.423607699999934]","[0.3360402000000704, None]",up,1.567614400000025,None,59.18084759999999,59.19724180000003,59.44567289999998,59.429164900000046,59.42957309999997,59.44567289999998,59.44567289999998,60.44590049999999,60.44590049999999,60.428990099999965,0,-3,,,,,,,,,,,,,,,,202604,,C,2026-08-01_12h45.50.488,valence_final_v2,2024.2.4,60,2026-08-01 12h46.07.947797 -0600,
6,6,0,1,1,baseline,32,3.3,0.26,1.0,-0.036,flat,curv_flat,0.0,0.0,0.26,rew,input_data/stims/Shape_3.30_1.00.png,input_data/stims/Shape_0.00_2.00.png,input_data/stims/Shape_4.00_2.00.png,1,1,-1.0,-1.0,1,up,21.16914989999998,None,up,1.1369406999999683,None,None,None,['right'],[0.6300169999999525],[0.37599180000006527],up,1.2859355000000505,None,0,0,0,0,0,6,6,32,60.44590049999999,,,,,,,,,,,,,,,,,60.429599800000005,0.000611199999980272,61.31327139999996,61.31367020000005,61.328818299999966,62.328830100000005,62.31232079999995,62.31274829999995,0.00043740000000980217,63.648130599999945,63.649381999999946,63.66286949999994,63.66286949999994,63.66286949999994,63.66286949999994,63.66286949999994,63.66286949999994,63.66286949999994,64.96333270000002,"[-0.036, -0.036, -0.036, -0.036, -0.036, -0.036, -0.036, -0.036, -0.036, -0.036, -0.036, -0.036, -0.036, -0.036, -0.036, -0.036, -0.036, -0.036, -0.036, -0.036, -0.036, -0.036, -0.036, -0.036, -0.036, -0.036, -0.036, -0.036, -0.036, -0.036, -0.036, -0.036, -0.036, -0.036, -0.036, -0.036, -0.036, -0.036, -0.036, -0.028, -0.02, -0.012, -0.004, 0.004, 0.012, 0.02, 0.028, 0.036, 0.044, 0.052, 0.06, 0.068, 0.076, 0.084, 0.092, 0.1, 0.108, 0.116, 0.124, 0.132, 0.14, 0.148, 0.148, 0.148, 0.148, 0.148, 0.148, 0.148, 0.148, 0.148, 0.148, 0.148, 0.148, 0.148, 0.148, 0.148, 0.148, 0.148, 0.148, 0.148]",None,None,['right'],[0.6300169999999525],[0.37599180000006527],up,1.2859355000000505,None,64.96370200000001,64.97893820000002,65.22891800000002,65.21241080000004,65.2128305,65.22891800000002,,66.22899340000004,,66.21246810000002,1,3,65.22891800000002,66.22899340000004,,,,,,,,,,,,,,202604,,C,2026-08-01_12h45.50.488,valence_final_v2,2024.2.4,60,2026-08-01 12h46.07.947797 -0600,
7,7,0,1,1,baseline,10,1.1,-0.18,3.0,-0.128,curv,curv_flat,0.0,0.0,-0.18,pen,input_data/stims/Shape_1.10_3.00.png,input_data/stims/Shape_0.00_2.00.png,input_data/stims/Shape_4.00_2.00.png,-1,1,-1.0,1.0,-1,up,21.16914989999998,None,up,1.1369406999999683,None,None,None,['left'],[0.724680899999953],[0.23201159999996435],up,1.0607559000000037,None,0,0,0,0,0,7,7,10,66.22899340000004,,,,,,,,,,,,,,,,,66.21306990000005,0.0006028999999898588,67.2468457,67.24723300000005,67.26231640000003,68.2623582,68.2463143,68.24680169999999,0.0004992000000356711,69.68052550000004,69.68213119999996,69.69618230000003,69.69618230000003,69.69618230000003,69.69618230000003,69.69618230000003,69.69618230000003,69.69618230000003,70.76345049999998,"[-0.128, -0.128, -0.128, -0.128, -0.128, -0.128, -0.128, -0.128, -0.128, -0.128, -0.128, -0.128, -0.128, -0.128, -0.128, -0.128, -0.128, -0.128, -0.128, -0.128, -0.128, -0.128, -0.128, -0.128, -0.128, -0.128, -0.128, -0.128, -0.128, -0.128, -0.128, -0.128, -0.128, -0.128, -0.128, -0.128, -0.128, -0.128, -0.128, -0.128, -0.128, -0.128, -0.128, -0.128, -0.128, -0.136, -0.144, -0.152, -0.16, -0.168, -0.176, -0.184, -0.192, -0.2, -0.208, -0.216, -0.224, -0.232, -0.24, -0.24, -0.24, -0.24, -0.24, -0.24, -0.24, -0.24]",None,None,['left'],[0.724680899999953],[0.23201159999996435],up,1.0607559000000037,None,70.7638617,70.77912919999994,71.02919580000002,71.01257720000001,71.01301000000001,71.02919580000002,,72.02920310000002,,72.0127162,1,1,,,71.02919580000002,72.02920310000002,,,,,,,,,,,,202604,,C,2026-08-01_12h45.50.488,valence_final_v2,2024.2.4,60,2026-08-01 12h46.07.947797 -0600,
8,8,0,1,1,baseline,29,2.9,0.18,3.0,0.28,flat,flat_curv,0.0,0.0,-0.18,rew,input_data/stims/Shape_2.90_3.00.png,input_data/stims/Shape_4.00_2.00.png,input_data/stims/Shape_0.00_2.00.png,1,-1,1.0,1.0,1,up,21.16914989999998,None,up,1.1369406999999683,None,None,None,['left'],[0.7962532000000238],[None],up,1.4201600000000099,None,0,0,0,0,0,8,8,29,72.02920310000002,,,,,,,,,,,,,,,,,72.01337249999995,0.0006408000000419634,73.09754650000002,73.09843969999997,73.11248890000002,74.11250859999996,74.09647370000005,74.0969106,0.0004476000000295244,75.48041479999995,75.48171820000005,75.49664900000005,75.49664900000005,75.49664900000005,75.49664900000005,75.49664900000005,75.49664900000005,75.49664900000005,76.93075060000001,"[0.28, 0.28, 0.28, 0.28, 0.28, 0.28, 0.28, 0.28, 0.28, 0.28, 0.28, 0.28, 0.28, 0.28, 0.28, 0.28, 0.28, 0.28, 0.28, 0.28, 0.28, 0.28, 0.28, 0.28, 0.28, 0.28, 0.28, 0.28, 0.28, 0.28, 0.28, 0.28, 0.28, 0.28, 0.28, 0.28, 0.28, 0.28, 0.28, 0.28, 0.28, 0.28, 0.28, 0.28, 0.28, 0.28, 0.28, 0.28, 0.28, 0.272, 0.264, 0.256, 0.248, 0.24, 0.232, 0.224, 0.216, 0.208, 0.2, 0.192, 0.184, 0.176, 0.168, 0.16, 0.152, 0.144, 0.136, 0.128, 0.12, 0.112, 0.104, 0.096, 0.088, 0.08, 0.072, 0.064, 0.056, 0.048, 0.04, 0.032, 0.024, 0.016, 0.008, 0.0, -0.008, -0.016, -0.024, -0.032]",None,None,['left'],[0.7962532000000238],[None],up,1.4201600000000099,None,76.9311444,76.94643289999999,77.19640789999994,77.17940199999998,77.17982740000002,77.19640789999994,,78.19641130000002,,78.17946629999994,1,3,77.19640789999994,78.19641130000002,,,,,,,,,,,,,,202604,,C,2026-08-01_12h45.50.488,valence_final_v2,2024.2.4,60,2026-08-01 12h46.07.947797 -0600,
9,9,0,1,1,baseline,23,2.3,0.06,3.0,0.14,flat,flat_curv,0.0,0.0,-0.06,rew,input_data/stims/Shape_2.30_3.00.png,input_data/stims/Shape_4.00_2.00.png,input_data/stims/Shape_0.00_2.00.png,1,-1,1.0,1.0,1,up,21.16914989999998,None,up,1.1369406999999683,None,None,None,['left'],[0.534458299999983],[None],up,1.0943268999999418,None,0,0,0,0,0,9,9,23,78.19641130000002,,,,,,,,,,,,,,,,,78.18011739999997,0.0006542999999510357,79.21450600000003,79.214969,79.22931830000005,80.22934869999995,80.21284479999997,80.21328930000004,0.0004543999999668813,81.64873090000003,81.65018480000003,81.6625477,81.6625477,81.6625477,81.6625477,81.6625477,81.6625477,81.6625477,82.7641453,"[0.14, 0.14, 0.14, 0.14, 0.14, 0.14, 0.14, 0.14, 0.14, 0.14, 0.14, 0.14, 0.14, 0.14, 0.14, 0.14, 0.14, 0.14, 0.14, 0.14, 0.14, 0.14, 0.14, 0.14, 0.14, 0.14, 0.14, 0.14, 0.14, 0.14, 0.14, 0.14, 0.14, 0.14, 0.132, 0.124, 0.116, 0.108, 0.1, 0.092, 0.084, 0.076, 0.068, 0.06, 0.052, 0.044, 0.036, 0.028, 0.02, 0.012, 0.004, -0.004, -0.012, -0.02, -0.028, -0.036, -0.044, -0.052, -0.06, -0.068, -0.076, -0.084, -0.092, -0.1, -0.108, -0.116, -0.124, -0.132]",None,None,['left'],[0.534458299999983],[None],up,1.0943268999999418,None,82.76452359999996,82.7794222,83.02941799999996,83.0129389,83.01333469999997,83.02941799999996,,84.02944969999999,,84.01296100000002,1,3,83.02941799999996,84.02944969999999,,,,,,,,,,,,,,202604,,C,2026-08-01_12h45.50.488,valence_final_v2,2024.2.4,60,2026-08-01 12h46.07.947797 -0600,
10,10,0,1,1,baseline,0,0.1,-0.38,1.0,-0.328,curv,curv_flat,0.0,0.0,-0.38,pen,input_data/stims/Shape_0.10_1.00.png,input_data/stims/Shape_0.00_2.00.png,input_data/stims/Shape_4.00_2.00.png,-1,1,-1.0,-1.0,-1,up,21.16914989999998,None,up,1.1369406999999683,None,None,None,['left'],[1.0919205000000147],[0.19205079999994723],up,1.315821000000028,None,0,0,0,0,0,10,10,0,84.02944969999999,,,,,,,,,,,,,,,,,84.01359579999996,0.0006376000000045678,84.94880709999995,84.94925909999995,84.9632987,85.96283259999996,85.94680630000005,85.947228,0.00043190000008053175,87.28079290000005,87.28204759999994,87.29702150000003,87.29702150000003,87.29702150000003,87.29702150000003,87.29702150000003,87.29702150000003,87.29702150000003,88.61408389999997,"[-0.328, -0.328, -0.328, -0.328, -0.328, -0.328, -0.328, -0.328, -0.328, -0.328, -0.328, -0.328, -0.328, -0.328, -0.328, -0.328, -0.328, -0.328, -0.328, -0.328, -0.328, -0.328, -0.328, -0.328, -0.328, -0.328, -0.328, -0.328, -0.328, -0.328, -0.328, -0.328, -0.328, -0.328, -0.328, -0.328, -0.328, -0.328, -0.328, -0.328, -0.328, -0.328, -0.328, -0.328, -0.328, -0.328, -0.328, -0.328, -0.328, -0.328, -0.328, -0.328, -0.328, -0.328, -0.328, -0.328, -0.328, -0.328, -0.328, -0.328, -0.328, -0.328, -0.328, -0.328, -0.328, -0.328, -0.328, -0.336, -0.344, -0.352, -0.36, -0.368, -0.376, -0.384, -0.392, -0.4, -0.4, -0.4, -0.4, -0.4, -0.4]",None,None,['left'],[1.0919205000000147],[0.19205079999994723],up,1.315821000000028,None,88.61453119999999,88.62958409999999,88.8795791,88.86305779999998,88.86348190000001,88.8795791,,89.87961099999995,,89.86313050000001,1,1,,,88.8795791,89.87961099999995,,,,,,,,,,,,202604,,C,2026-08-01_12h45.50.488,valence_final_v2,2024.2.4,60,2026-08-01 12h46.07.947797 -0600,
11,11,0,1,1,baseline,35,3.5,0.3,3.0,0.196,flat,flat_curv,0.0,0.0,-0.3,rew,input_data/stims/Shape_3.50_3.00.png,input_data/stims/Shape_4.00_2.00.png,input_data/stims/Shape_0.00_2.00.png,1,-1,1.0,1.0,1,up,21.16914989999998,None,up,1.1369406999999683,None,None,None,['left'],[0.784178699999984],[None],up,1.3759367000000111,None,0,0,0,0,0,11,11,35,89.87961099999995,,,,,,,,,,,,,,,,,89.86372589999996,0.0005965000000287546,90.94881559999999,90.94922589999999,90.96278670000004,91.9630138,91.94702310000002,91.94745669999998,0.00044200000002092565,93.38228030000005,93.38353329999995,93.39688490000003,93.39688490000003,93.39688490000003,93.39688490000003,93.39688490000003,93.39688490000003,93.39688490000003,94.78111460000002,"[0.196, 0.196, 0.196, 0.196, 0.196, 0.196, 0.196, 0.196, 0.196, 0.196, 0.196, 0.196, 0.196, 0.196, 0.196, 0.196, 0.196, 0.196, 0.196, 0.196, 0.196, 0.196, 0.196, 0.196, 0.196, 0.196, 0.196, 0.196, 0.196, 0.196, 0.196, 0.196, 0.196, 0.196, 0.196, 0.196, 0.196, 0.196, 0.196, 0.196, 0.196, 0.196, 0.196, 0.196, 0.196, 0.196, 0.196, 0.196, 0.196, 0.188, 0.18, 0.172, 0.164, 0.156, 0.148, 0.14, 0.132, 0.124, 0.116, 0.108, 0.1, 0.092, 0.084, 0.076, 0.068, 0.06, 0.052, 0.044, 0.036, 0.028, 0.02, 0.012, 0.004, -0.004, -0.012, -0.02, -0.028, -0.036, -0.044, -0.052, -0.06, -0.068, -0.076, -0.084, -0.092]",None,None,['left'],[0.784178699999984],[None],up,1.3759367000000111,None,94.78148309999995,94.79696330000002,95.04643659999999,95.03182030000005,95.03222159999996,95.04643659999999,,96.04693429999998,,96.0300661,1,3,95.04643659999999,96.04693429999998,,,,,,,,,,,,,,202604,,C,2026-08-01_12h45.50.488,valence_final_v2,2024.2.4,60,2026-08-01 12h46.07.947797 -0600,
12,12,0,1,1,baseline,6,0.7,-0.26,3.0,0.124,curv,curv_flat,0.0,0.0,-0.26,pen,input_data/stims/Shape_0.70_3.00.png,input_data/stims/Shape_0.00_2.00.png,input_data/stims/Shape_4.00_2.00.png,-1,1,1.0,1.0,-1,up,21.16914989999998,None,up,1.1369406999999683,None,None,None,['left'],[0.6382714999999735],[None],up,1.1982977999999775,None,0,0,0,0,0,12,12,6,96.04693429999998,,,,,,,,,,,,,,,,,96.03067680000004,0.000612900000078298,97.06424430000004,97.06465609999998,97.07983969999998,98.0798423,98.06332320000001,98.06378829999994,0.0004752999999482199,99.3975977,99.39886509999997,99.41405540000005,99.41405540000005,99.41405540000005,99.41405540000005,99.41405540000005,99.41405540000005,99.41405540000005,100.61472040000001,"[0.124, 0.124, 0.124, 0.124, 0.124, 0.124, 0.124, 0.124, 0.124, 0.124, 0.124, 0.124, 0.124, 0.124, 0.124, 0.124, 0.124, 0.124, 0.124, 0.124, 0.124, 0.124, 0.124, 0.124, 0.124, 0.124, 0.124, 0.124, 0.124, 0.124, 0.124, 0.124, 0.124, 0.124, 0.124, 0.124, 0.124, 0.124, 0.124, 0.124, 0.116, 0.108, 0.1, 0.092, 0.084, 0.076, 0.068, 0.06, 0.052, 0.044, 0.036, 0.028, 0.02, 0.012, 0.004, -0.004, -0.012, -0.02, -0.028, -0.036, -0.044, -0.052, -0.06, -0.068, -0.076, -0.084, -0.092, -0.1, -0.108, -0.116, -0.124, -0.132, -0.14, -0.148]",None,None,['left'],[0.6382714999999735],[None],up,1.1982977999999775,None,100.61509160000003,100.62992610000003,100.87993559999995,100.86344489999999,100.8638416,100.87993559999995,,101.87995799999999,,101.8634644,1,1,,,100.87993559999995,101.87995799999999,,,,,,,,,,,,202604,,C,2026-08-01_12h45.50.488,valence_final_v2,2024.2.4,60,2026-08-01 12h46.07.947797 -0600,
13,13,0,1,1,baseline,24,2.5,0.1,3.0,0.356,flat,curv_flat,0.0,0.0,0.1,rew,input_data/stims/Shape_2.50_3.00.png,input_data/stims/Shape_0.00_2.00.png,input_data/stims/Shape_4.00_2.00.png,1,1,1.0,1.0,1,up,21.16914989999998,None,up,1.1369406999999683,None,None,None,None,,,up,1.1303702000000158,None,0,0,0,0,0,13,13,24,101.87995799999999,,,,,,,,,,,,,,,,,101.86407110000005,0.0006086000000777858,102.7476451,102.74803540000005,102.76331479999999,103.76386530000002,103.74684879999995,103.7473023,0.000462599999991653,105.13126290000002,105.13252680000005,105.14652760000001,105.14652760000001,105.14652760000001,105.14652760000001,105.14652760000001,105.14652760000001,105.14652760000001,106.28119719999995,"[0.356, 0.356, 0.356, 0.356, 0.356, 0.356, 0.356, 0.356, 0.356, 0.356, 0.356, 0.356, 0.356, 0.356, 0.356, 0.356, 0.356, 0.356, 0.356, 0.356, 0.356, 0.356, 0.356, 0.356, 0.356, 0.356, 0.356, 0.356, 0.356, 0.356, 0.356, 0.356, 0.356, 0.356, 0.356, 0.356, 0.356, 0.356, 0.356, 0.356, 0.356, 0.356, 0.356, 0.356, 0.356, 0.356, 0.356, 0.356, 0.356, 0.356, 0.356, 0.356, 0.356, 0.356, 0.356, 0.356, 0.356, 0.356, 0.356, 0.356, 0.356, 0.356, 0.356, 0.356, 0.356, 0.356, 0.356, 0.356, 0.356, 0.356]",None,None,None,,,up,1.1303702000000158,None,106.28157120000003,106.29723820000004,106.54723009999998,106.53024800000003,106.53765280000005,106.54723009999998,,107.54691460000004,,107.53029430000004,0,-1,,,,,106.54723009999998,107.54691460000004,,,,,,,,,,202604,,C,2026-08-01_12h45.50.488,valence_final_v2,2024.2.4,60,2026-08-01 12h46.07.947797 -0600,
14,14,0,1,1,baseline,7,0.7,-0.26,3.0,0.064,curv,flat_curv,0.0,0.0,0.26,pen,input_data/stims/Shape_0.70_3.00.png,input_data/stims/Shape_4.00_2.00.png,input_data/stims/Shape_0.00_2.00.png,-1,-1,1.0,1.0,-1,up,21.16914989999998,None,up,1.1369406999999683,None,None,None,['left'],[1.1424731000000747],[None],up,1.518353500000103,None,0,0,0,0,0,14,14,7,107.54691460000004,,,,,,,,,,,,,,,,,107.53096089999997,0.0006669999999076026,108.41451410000002,108.41493260000004,108.43015249999996,109.43017009999994,109.41416059999995,109.41461179999999,0.0004615000000285363,110.79854699999999,110.80002400000001,110.81445469999994,110.81445469999994,110.81445469999994,110.81445469999994,110.81445469999994,110.81445469999994,110.81445469999994,112.35009390000005,"[0.064, 0.064, 0.064, 0.064, 0.064, 0.064, 0.064, 0.064, 0.064, 0.064, 0.064, 0.064, 0.064, 0.064, 0.064, 0.064, 0.064, 0.064, 0.064, 0.064, 0.064, 0.064, 0.064, 0.064, 0.064, 0.064, 0.064, 0.064, 0.064, 0.064, 0.064, 0.064, 0.064, 0.064, 0.064, 0.064, 0.064, 0.064, 0.064, 0.064, 0.064, 0.064, 0.064, 0.064, 0.064, 0.064, 0.064, 0.064, 0.064, 0.064, 0.064, 0.064, 0.064, 0.064, 0.064, 0.064, 0.064, 0.064, 0.064, 0.064, 0.064, 0.064, 0.064, 0.064, 0.064, 0.064, 0.064, 0.064, 0.064, 0.064, 0.056, 0.048, 0.04, 0.032, 0.024, 0.016, 0.008, 0.0, -0.008, -0.016, -0.024, -0.032, -0.04, -0.048, -0.056, -0.064, -0.072, -0.08, -0.088, -0.096, -0.104, -0.112, -0.12, -0.128]",None,None,['left'],[1.1424731000000747],[None],up,1.518353500000103,None,112.35051269999997,112.3638704,112.61386240000002,112.59889420000002,112.59978130000002,112.61386240000002,112.61386240000002,113.61387179999997,113.61387179999997,113.59762779999994,0,-3,,,,,,,,,,,,,,,,202604,,C,2026-08-01_12h45.50.488,valence_final_v2,2024.2.4,60,2026-08-01 12h46.07.947797 -0600,
15,15,0,1,1,baseline,5,0.5,-0.3,1.0,-0.124,curv,flat_curv,0.0,0.0,0.3,pen,input_data/stims/Shape_0.50_1.00.png,input_data/stims/Shape_4.00_2.00.png,input_data/stims/Shape_0.00_2.00.png,-1,-1,-1.0,-1.0,-1,up,21.16914989999998,None,up,1.1369406999999683,None,None,None,['right'],[0.5521097000000736],[None],up,0.9520750000001499,None,0,0,0,0,0,15,15,5,113.61387179999997,,,,,,,,,,,,,,,,,113.59826850000002,0.0006439000000000306,114.4820277,114.48253699999998,114.4987883,115.49699840000005,115.48099930000001,115.48143100000004,0.0004395999999360356,116.96496289999993,116.96625800000004,116.9807712999999,116.9807712999999,116.9807712999999,116.9807712999999,116.9807712999999,116.9807712999999,116.9807712999999,117.9489612000001,"[-0.124, -0.124, -0.124, -0.124, -0.124, -0.124, -0.124, -0.124, -0.124, -0.124, -0.124, -0.124, -0.124, -0.124, -0.124, -0.124, -0.124, -0.124, -0.124, -0.124, -0.124, -0.124, -0.124, -0.124, -0.124, -0.124, -0.124, -0.124, -0.124, -0.124, -0.124, -0.124, -0.124, -0.124, -0.124, -0.116, -0.108, -0.1, -0.092, -0.084, -0.076, -0.068, -0.06, -0.052, -0.044, -0.036, -0.028, -0.02, -0.012, -0.004, 0.004, 0.012, 0.02, 0.028, 0.036, 0.044, 0.052, 0.06, 0.068, 0.076]",None,None,['right'],[0.5521097000000736],[None],up,0.9520750000001499,None,117.94932129999995,117.96421720000001,118.21422949999999,118.1971812999999,118.19758330000002,118.21422949999999,,119.21425540000007,,119.19719159999988,1,1,,,118.21422949999999,119.21425540000007,,,,,,,,,,,,202604,,C,2026-08-01_12h45.50.488,valence_final_v2,2024.2.4,60,2026-08-01 12h46.07.947797 -0600,
16,16,0,1,1,baseline,34,3.5,0.3,1.0,-0.048,flat,curv_flat,0.0,0.0,0.3,rew,input_data/stims/Shape_3.50_1.00.png,input_data/stims/Shape_0.00_2.00.png,input_data/stims/Shape_4.00_2.00.png,1,1,-1.0,-1.0,1,up,21.16914989999998,None,up,1.1369406999999683,None,None,None,['right'],[0.5863150000000132],[None],up,1.0182340999999724,None,0,0,0,0,0,16,16,34,119.21425540000007,,,,,,,,,,,,,,,,,119.19782780000003,0.0006369000000177039,120.28166049999993,120.28209269999991,120.29713830000003,121.29721540000003,121.28064419999998,121.2811226,0.0004842999999254971,122.7155868000001,122.71709810000004,122.73055229999989,122.73055229999989,122.73055229999989,122.73055229999989,122.73055229999989,122.73055229999989,122.73055229999989,123.76530760000003,"[-0.048, -0.048, -0.048, -0.048, -0.048, -0.048, -0.048, -0.048, -0.048, -0.048, -0.048, -0.048, -0.048, -0.048, -0.048, -0.048, -0.048, -0.048, -0.048, -0.048, -0.048, -0.048, -0.048, -0.048, -0.048, -0.048, -0.048, -0.048, -0.048, -0.048, -0.048, -0.048, -0.048, -0.048, -0.048, -0.048, -0.048, -0.04, -0.032, -0.024, -0.016, -0.008, 0.0, 0.008, 0.016, 0.024, 0.032, 0.04, 0.048, 0.056, 0.064, 0.072, 0.08, 0.088, 0.096, 0.104, 0.112, 0.12, 0.128, 0.136, 0.144, 0.152, 0.16, 0.168]",None,None,['right'],[0.5863150000000132],[None],up,1.0182340999999724,None,123.76566719999994,123.78057860000001,124.03058659999999,124.01453819999995,124.01492169999995,124.03058659999999,,125.03061319999995,,125.01415680000002,1,3,124.03058659999999,125.03061319999995,,,,,,,,,,,,,,202604,,C,2026-08-01_12h45.50.488,valence_final_v2,2024.2.4,60,2026-08-01 12h46.07.947797 -0600,
17,17,0,1,1,baseline,31,3.1,0.22,3.0,-0.076,flat,flat_curv,0.0,0.0,-0.22,rew,input_data/stims/Shape_3.10_3.00.png,input_data/stims/Shape_4.00_2.00.png,input_data/stims/Shape_0.00_2.00.png,1,-1,-1.0,1.0,1,up,21.16914989999998,None,up,1.1369406999999683,None,None,None,['left'],[0.45115289999989727],[None],up,0.7711060999999972,None,0,0,0,0,0,17,17,31,125.03061319999995,,,,,,,,,,,,,,,,,125.01478379999992,0.0006292000000485132,125.94854790000011,125.94899410000005,125.96397009999998,126.96447939999996,126.94785779999995,126.94833460000007,0.00048809999998411513,128.2838513999999,128.28535490000002,128.2976757,128.2976757,128.2976757,128.2976757,128.2976757,128.2976757,128.2976757,129.0820996000001,"[-0.076, -0.076, -0.076, -0.076, -0.076, -0.076, -0.076, -0.076, -0.076, -0.076, -0.076, -0.076, -0.076, -0.076, -0.076, -0.076, -0.076, -0.076, -0.076, -0.076, -0.076, -0.076, -0.076, -0.076, -0.076, -0.076, -0.076, -0.076, -0.076, -0.084, -0.092, -0.1, -0.108, -0.116, -0.124, -0.132, -0.14, -0.148, -0.156, -0.164, -0.172, -0.18, -0.188, -0.196, -0.204, -0.212, -0.22, -0.228, -0.236]",None,None,['left'],[0.45115289999989727],[None],up,0.7711060999999972,None,129.08245599999998,129.09736959999998,129.3473362000001,129.33087940000007,129.33129629999996,129.3473362000001,,130.3474198,,130.33093730000007,1,3,129.3473362000001,130.3474198,,,,,,,,,,,,,,202604,,C,2026-08-01_12h45.50.488,valence_final_v2,2024.2.4,60,2026-08-01 12h46.07.947797 -0600,
18,18,0,1,1,baseline,27,2.7,0.14,3.0,-0.324,flat,flat_curv,0.0,0.0,-0.14,rew,input_data/stims/Shape_2.70_3.00.png,input_data/stims/Shape_4.00_2.00.png,input_data/stims/Shape_0.00_2.00.png,1,-1,-1.0,1.0,1,up,21.16914989999998,None,up,1.1369406999999683,None,None,None,None,,,up,1.346298299999944,None,0,0,0,0,0,18,18,27,130.3474198,,,,,,,,,,,,,,,,,130.33157210000002,0.0006390999999439373,131.31517509999992,131.31556540000008,131.33080280000001,132.3308206999999,132.31483289999994,132.3153059,0.00048360000005231996,133.6988505999999,133.7003082,133.7146888000001,133.7146888000001,133.7146888000001,133.7146888000001,133.7146888000001,133.7146888000001,133.7146888000001,135.06544569999994,"[-0.324, -0.324, -0.324, -0.324, -0.324, -0.324, -0.324, -0.324, -0.324, -0.324, -0.324, -0.324, -0.324, -0.324, -0.324, -0.324, -0.324, -0.324, -0.324, -0.324, -0.324, -0.324, -0.324, -0.324, -0.324, -0.324, -0.324, -0.324, -0.324, -0.324, -0.324, -0.324, -0.324, -0.324, -0.324, -0.324, -0.324, -0.324, -0.324, -0.324, -0.324, -0.324, -0.324, -0.324, -0.324, -0.324, -0.324, -0.324, -0.324, -0.324, -0.324, -0.324, -0.324, -0.324, -0.324, -0.324, -0.324, -0.324, -0.324, -0.324, -0.324, -0.324, -0.324, -0.324, -0.324, -0.324, -0.324, -0.324, -0.324, -0.324, -0.324, -0.324, -0.324, -0.324, -0.324, -0.324, -0.324, -0.324, -0.324, -0.324, -0.324, -0.324, -0.324]",None,None,None,,,up,1.346298299999944,None,135.06583779999994,135.08261490000007,135.3309023999999,135.31489520000002,135.31736179999996,135.3309023999999,,136.3309392,,136.31442409999988,0,-1,,,,,135.3309023999999,136.3309392,,,,,,,,,,202604,,C,2026-08-01_12h45.50.488,valence_final_v2,2024.2.4,60,2026-08-01 12h46.07.947797 -0600,
19,19,0,1,1,baseline,8,0.9,-0.22,3.0,0.148,curv,curv_flat,0.0,0.0,-0.22,pen,input_data/stims/Shape_0.90_3.00.png,input_data/stims/Shape_0.00_2.00.png,input_data/stims/Shape_4.00_2.00.png,-1,1,1.0,1.0,-1,up,21.16914989999998,None,up,1.1369406999999683,None,None,None,['left'],[0.4011788999998771],[None],up,0.8891942999998719,None,0,0,0,0,0,19,19,8,136.3309392,,,,,,,,,,,,,,,,,136.31506860000002,0.0006490999999186897,137.34908899999994,137.34960919999992,137.36477260000004,138.3647835999999,138.34785909999994,138.34831429999997,0.00046580000002904853,139.73271450000004,139.73403309999992,139.7477622,139.7477622,139.7477622,139.7477622,139.7477622,139.7477622,139.7477622,140.64907290000008,"[0.148, 0.148, 0.148, 0.148, 0.148, 0.148, 0.148, 0.148, 0.148, 0.148, 0.148, 0.148, 0.148, 0.148, 0.148, 0.148, 0.148, 0.148, 0.148, 0.148, 0.148, 0.148, 0.148, 0.148, 0.148, 0.148, 0.14, 0.132, 0.124, 0.116, 0.108, 0.1, 0.092, 0.084, 0.076, 0.068, 0.06, 0.052, 0.044, 0.036, 0.028, 0.02, 0.012, 0.004, -0.004, -0.012, -0.02, -0.028, -0.036, -0.044, -0.052, -0.06, -0.068, -0.076, -0.084, -0.092]",None,None,['left'],[0.4011788999998771],[None],up,0.8891942999998719,None,140.64947790000008,140.66484309999998,140.9148546,140.89785459999996,140.89876270000002,140.9148546,,141.91489319999994,,141.89801950000003,1,1,,,140.9148546,141.91489319999994,,,,,,,,,,,,202604,,C,2026-08-01_12h45.50.488,valence_final_v2,2024.2.4,60,2026-08-01 12h46.07.947797 -0600,
20,20,0,1,1,baseline,11,1.1,-0.18,1.0,0.388,curv,flat_curv,0.0,0.0,0.18,pen,input_data/stims/Shape_1.10_1.00.png,input_data/stims/Shape_4.00_2.00.png,input_data/stims/Shape_0.00_2.00.png,-1,-1,1.0,-1.0,-1,up,21.16914989999998,None,up,1.1369406999999683,None,None,None,['left'],[0.8376009999999496],[None],up,1.157739999999876,None,0,0,0,0,0,20,20,11,141.91489319999994,,,,,,,,,,,,,,,,,141.89866210000002,0.000646599999981845,142.9325809999999,142.93300140000008,142.9477829000001,143.9477966999999,143.93131200000005,143.9317425999999,0.0004401999999572581,145.41678250000007,145.41825619999997,145.4311891000001,145.4311891000001,145.4311891000001,145.4311891000001,145.4311891000001,145.4311891000001,145.4311891000001,146.60006699999997,"[0.388, 0.388, 0.388, 0.388, 0.388, 0.388, 0.388, 0.388, 0.388, 0.388, 0.388, 0.388, 0.388, 0.388, 0.388, 0.388, 0.388, 0.388, 0.388, 0.388, 0.388, 0.388, 0.388, 0.388, 0.388, 0.388, 0.388, 0.388, 0.388, 0.388, 0.388, 0.388, 0.388, 0.388, 0.388, 0.388, 0.388, 0.388, 0.388, 0.388, 0.388, 0.388, 0.388, 0.388, 0.388, 0.388, 0.388, 0.388, 0.388, 0.388, 0.388, 0.388, 0.38, 0.372, 0.364, 0.356, 0.348, 0.34, 0.332, 0.324, 0.316, 0.308, 0.3, 0.292, 0.284, 0.276, 0.268, 0.26, 0.252, 0.244, 0.236, 0.228]",None,None,['left'],[0.8376009999999496],[None],up,1.157739999999876,None,146.6004497,146.6145562999999,146.86506610000004,146.84807940000007,146.84848210000007,146.86506610000004,,147.86504129999992,,147.84810950000008,1,1,,,146.86506610000004,147.86504129999992,,,,,,,,,,,,202604,,C,2026-08-01_12h45.50.488,valence_final_v2,2024.2.4,60,2026-08-01 12h46.07.947797 -0600,
21,21,0,1,1,baseline,19,1.9,-0.02,3.0,0.316,curv,flat_curv,0.0,0.0,0.02,pen,input_data/stims/Shape_1.90_3.00.png,input_data/stims/Shape_4.00_2.00.png,input_data/stims/Shape_0.00_2.00.png,-1,-1,1.0,1.0,-1,up,21.16914989999998,None,up,1.1369406999999683,None,None,None,['left'],[0.5575113999998393],[None],up,1.4054191999998693,None,0,0,0,0,0,21,21,19,147.86504129999992,,,,,,,,,,,,,,,,,147.84874049999996,0.000632500000165237,148.78245559999993,148.7828475,148.7979420999999,149.79796350000004,149.78146290000007,149.7819163999999,0.00046329999986483017,151.21588860000008,151.21719059999998,151.23135390000004,151.23135390000004,151.23135390000004,151.23135390000004,151.23135390000004,151.23135390000004,151.23135390000004,152.6495963000001,"[0.316, 0.316, 0.316, 0.316, 0.316, 0.316, 0.316, 0.316, 0.316, 0.316, 0.316, 0.316, 0.316, 0.316, 0.316, 0.316, 0.316, 0.316, 0.316, 0.316, 0.316, 0.316, 0.316, 0.316, 0.316, 0.316, 0.316, 0.316, 0.316, 0.316, 0.316, 0.316, 0.316, 0.316, 0.316, 0.308, 0.3, 0.292, 0.284, 0.276, 0.268, 0.26, 0.252, 0.244, 0.236, 0.228, 0.22, 0.212, 0.204, 0.196, 0.188, 0.18, 0.172, 0.164, 0.156, 0.148, 0.14, 0.132, 0.124, 0.116, 0.108, 0.1, 0.092, 0.084, 0.076, 0.068, 0.06, 0.052, 0.044, 0.036, 0.028, 0.02, 0.012, 0.004, -0.004, -0.012, -0.02, -0.028, -0.036, -0.044, -0.052, -0.06, -0.068, -0.076, -0.084, -0.092, -0.1]",None,None,['left'],[0.5575113999998393],[None],up,1.4054191999998693,None,152.64998430000003,152.66472119999992,152.91519970000002,152.89819959999988,152.8986056,152.91519970000002,152.91519970000002,153.91521419999992,153.91521419999992,153.89827000000002,0,-3,,,,,,,,,,,,,,,,202604,,C,2026-08-01_12h45.50.488,valence_final_v2,2024.2.4,60,2026-08-01 12h46.07.947797 -0600,
22,22,0,1,1,baseline,12,1.3,-0.14,1.0,-0.06,curv,curv_flat,0.0,0.0,-0.14,pen,input_data/stims/Shape_1.30_1.00.png,input_data/stims/Shape_0.00_2.00.png,input_data/stims/Shape_4.00_2.00.png,-1,1,-1.0,-1.0,-1,up,21.16914989999998,None,up,1.1369406999999683,None,None,None,['right'],[0.5954028000001017],[None],up,1.0113977000000887,None,0,0,0,0,0,22,22,12,153.91521419999992,,,,,,,,,,,,,,,,,153.89891350000005,0.0006456999999500113,154.88238680000006,154.8827806999999,154.8981169,155.89813220000008,155.8816399000001,155.88211519999993,0.00048549999996794213,157.2660125000001,157.26727979999998,157.28151889999992,157.28151889999992,157.28151889999992,157.28151889999992,157.28151889999992,157.28151889999992,157.28151889999992,158.2996827999999,"[-0.06, -0.06, -0.06, -0.06, -0.06, -0.06, -0.06, -0.06, -0.06, -0.06, -0.06, -0.06, -0.06, -0.06, -0.06, -0.06, -0.06, -0.06, -0.06, -0.06, -0.06, -0.06, -0.06, -0.06, -0.06, -0.06, -0.06, -0.06, -0.06, -0.06, -0.06, -0.06, -0.06, -0.06, -0.06, -0.06, -0.06, -0.052, -0.044, -0.036, -0.028, -0.02, -0.012, -0.004, 0.004, 0.012, 0.02, 0.028, 0.036, 0.044, 0.052, 0.06, 0.068, 0.076, 0.084, 0.092, 0.1, 0.108, 0.116, 0.124, 0.132, 0.14, 0.148]",None,None,['right'],[0.5954028000001017],[None],up,1.0113977000000887,None,158.30006530000003,158.3153787,158.56536900000003,158.5483805,158.54877879999992,158.56536900000003,158.56536900000003,159.5654249999999,159.5654249999999,159.54843670000002,0,-3,,,,,,,,,,,,,,,,202604,,C,2026-08-01_12h45.50.488,valence_final_v2,2024.2.4,60,2026-08-01 12h46.07.947797 -0600,
23,23,0,1,1,baseline,36,3.7,0.34,1.0,-0.028,flat,curv_flat,0.0,0.0,0.34,rew,input_data/stims/Shape_3.70_1.00.png,input_data/stims/Shape_0.00_2.00.png,input_data/stims/Shape_4.00_2.00.png,1,1,-1.0,-1.0,1,up,21.16914989999998,None,up,1.1369406999999683,None,None,None,['right'],[0.6428364000000784],[None],up,0.9788132000001042,None,0,0,0,0,0,23,23,36,159.5654249999999,,,,,,,,,,,,,,,,,159.5490426,0.0006071000000247295,160.58266029999993,160.58342920000007,160.59827759999996,161.59829539999998,161.58177390000003,161.58223910000004,0.00047590000008312927,162.86644740000008,162.8677128999999,162.88206359999992,162.88206359999992,162.88206359999992,162.88206359999992,162.88206359999992,162.88206359999992,162.88206359999992,163.8669575,"[-0.028, -0.028, -0.028, -0.028, -0.028, -0.028, -0.028, -0.028, -0.028, -0.028, -0.028, -0.028, -0.028, -0.028, -0.028, -0.028, -0.028, -0.028, -0.028, -0.028, -0.028, -0.028, -0.028, -0.028, -0.028, -0.028, -0.028, -0.028, -0.028, -0.028, -0.028, -0.028, -0.028, -0.028, -0.028, -0.028, -0.028, -0.028, -0.028, -0.028, -0.02, -0.012, -0.004, 0.004, 0.012, 0.02, 0.028, 0.036, 0.044, 0.052, 0.06, 0.068, 0.076, 0.084, 0.092, 0.1, 0.108, 0.116, 0.124, 0.132, 0.14]",None,None,['right'],[0.6428364000000784],[None],up,0.9788132000001042,None,163.86733130000005,163.88170389999993,164.13170909999997,164.11568150000005,164.11609880000003,164.13170909999997,,165.13175760000001,,165.11532169999998,1,3,164.13170909999997,165.13175760000001,,,,,,,,,,,,,,202604,,C,2026-08-01_12h45.50.488,valence_final_v2,2024.2.4,60,2026-08-01 12h46.07.947797 -0600,
24,24,0,1,1,baseline,37,3.7,0.34,1.0,0.164,flat,flat_curv,0.0,0.0,-0.34,rew,input_data/stims/Shape_3.70_1.00.png,input_data/stims/Shape_4.00_2.00.png,input_data/stims/Shape_0.00_2.00.png,1,-1,1.0,-1.0,1,up,21.16914989999998,None,up,1.1369406999999683,None,None,None,['left'],[0.4141284000002088],[None],up,0.8621261000000686,None,0,0,0,0,0,24,24,37,165.13175760000001,,,,,,,,,,,,,,,,,165.11598450000008,0.0006633999998939544,166.15009180000004,166.15052789999993,166.16559339999992,167.16560319999996,167.14862200000005,167.14911990000007,0.0005104000001665554,168.58321820000003,168.5845625999999,168.5987543,168.5987543,168.5987543,168.5987543,168.5987543,168.5987543,168.5987543,169.46842589999994,"[0.164, 0.164, 0.164, 0.164, 0.164, 0.164, 0.164, 0.164, 0.164, 0.164, 0.164, 0.164, 0.164, 0.164, 0.164, 0.164, 0.164, 0.164, 0.164, 0.164, 0.164, 0.164, 0.164, 0.164, 0.164, 0.164, 0.156, 0.148, 0.14, 0.132, 0.124, 0.116, 0.108, 0.1, 0.092, 0.084, 0.076, 0.068, 0.06, 0.052, 0.044, 0.036, 0.028, 0.02, 0.012, 0.004, -0.004, -0.012, -0.02, -0.028, -0.036, -0.044, -0.052, -0.06]",None,None,['left'],[0.4141284000002088],[None],up,0.8621261000000686,None,169.4688175,169.48213309999994,169.73214649999989,169.7171313,169.7175223999999,169.73214649999989,,170.7318873999999,,170.7159484,1,3,169.73214649999989,170.7318873999999,,,,,,,,,,,,,,202604,,C,2026-08-01_12h45.50.488,valence_final_v2,2024.2.4,60,2026-08-01 12h46.07.947797 -0600,
25,25,0,1,1,baseline,13,1.3,-0.14,3.0,-0.36,curv,flat_curv,0.0,0.0,0.14,pen,input_data/stims/Shape_1.30_3.00.png,input_data/stims/Shape_4.00_2.00.png,input_data/stims/Shape_0.00_2.00.png,-1,-1,-1.0,1.0,-1,up,21.16914989999998,None,up,1.1369406999999683,None,None,None,"['right', 'left']","[0.5502607999999327, 0.9822862999999415]","[0.3839599000000362, 0.2959995000001072]",up,1.2782858000000488,None,0,0,0,0,0,25,25,13,170.7318873999999,,,,,,,,,,,,,,,,,170.71665730000007,0.0007118000000900793,171.65023510000003,171.65068409999992,171.6657492999999,172.6657681999999,172.6487648000001,172.64921420000007,0.0004599000001235254,173.9837768000001,173.98517520000007,173.99866880000002,173.99866880000002,173.99866880000002,173.99866880000002,173.99866880000002,173.99866880000002,173.99866880000002,175.28328410000006,"[-0.36, -0.36, -0.36, -0.36, -0.36, -0.36, -0.36, -0.36, -0.36, -0.36, -0.36, -0.36, -0.36, -0.36, -0.36, -0.36, -0.36, -0.36, -0.36, -0.36, -0.36, -0.36, -0.36, -0.36, -0.36, -0.36, -0.36, -0.36, -0.36, -0.36, -0.36, -0.36, -0.36, -0.36, -0.36, -0.352, -0.344, -0.336, -0.328, -0.32, -0.312, -0.304, -0.296, -0.288, -0.28, -0.272, -0.264, -0.256, -0.248, -0.24, -0.232, -0.224, -0.216, -0.208, -0.2, -0.192, -0.184, -0.176, -0.176, -0.176, -0.184, -0.192, -0.2, -0.208, -0.216, -0.224, -0.232, -0.24, -0.248, -0.256, -0.264, -0.272, -0.28, -0.288, -0.296, -0.304, -0.312, -0.32, -0.32]",None,None,"['right', 'left']","[0.5502607999999327, 0.9822862999999415]","[0.3839599000000362, 0.2959995000001072]",up,1.2782858000000488,None,175.2837017999999,175.2986904999999,175.5487472000001,175.53218980000008,175.53260699999998,175.5487472000001,175.5487472000001,176.5487597,176.5487597,176.53223360000004,0,-3,,,,,,,,,,,,,,,,202604,,C,2026-08-01_12h45.50.488,valence_final_v2,2024.2.4,60,2026-08-01 12h46.07.947797 -0600,
26,26,0,1,1,baseline,18,1.9,-0.02,1.0,-0.124,curv,curv_flat,0.0,0.0,-0.02,pen,input_data/stims/Shape_1.90_1.00.png,input_data/stims/Shape_0.00_2.00.png,input_data/stims/Shape_4.00_2.00.png,-1,1,-1.0,-1.0,-1,up,21.16914989999998,None,up,1.1369406999999683,None,None,None,['right'],[0.501606000000038],[0.5520129999999881],up,1.053619000000026,None,0,0,0,0,0,26,26,18,176.5487597,,,,,,,,,,,,,,,,,176.53285659999995,0.0006230999999843334,177.51712239999995,177.51752479999993,177.5320898000001,178.53211610000005,178.51612080000007,178.5165745999999,0.0004624999999123247,180.00016119999998,180.00146340000003,180.01529519999997,180.01529519999997,180.01529519999997,180.01529519999997,180.01529519999997,180.01529519999997,180.01529519999997,181.0830651,"[-0.124, -0.124, -0.124, -0.124, -0.124, -0.124, -0.124, -0.124, -0.124, -0.124, -0.124, -0.124, -0.124, -0.124, -0.124, -0.124, -0.124, -0.124, -0.124, -0.124, -0.124, -0.124, -0.124, -0.124, -0.124, -0.124, -0.124, -0.124, -0.124, -0.124, -0.124, -0.124, -0.116, -0.108, -0.1, -0.092, -0.084, -0.076, -0.068, -0.06, -0.052, -0.044, -0.036, -0.028, -0.02, -0.012, -0.004, 0.004, 0.012, 0.02, 0.028, 0.036, 0.044, 0.052, 0.06, 0.068, 0.076, 0.084, 0.092, 0.1, 0.108, 0.116, 0.124, 0.132, 0.14, 0.14]",None,None,['right'],[0.501606000000038],[0.5520129999999881],up,1.053619000000026,None,181.08349299999998,181.0984990999999,181.34850530000006,181.33202990000007,181.33246440000005,181.34850530000006,181.34850530000006,182.34852779999994,182.34852779999994,182.33207849999997,0,-3,,,,,,,,,,,,,,,,202604,,C,2026-08-01_12h45.50.488,valence_final_v2,2024.2.4,60,2026-08-01 12h46.07.947797 -0600,
27,27,0,1,1,baseline,39,3.9,0.38,3.0,0.024,flat,flat_curv,0.0,0.0,-0.38,rew,input_data/stims/Shape_3.90_3.00.png,input_data/stims/Shape_4.00_2.00.png,input_data/stims/Shape_0.00_2.00.png,1,-1,1.0,1.0,1,up,21.16914989999998,None,up,1.1369406999999683,None,None,None,['left'],[0.4636011000000053],[0.40006080000011934],up,0.8636619000001247,None,0,0,0,0,0,27,27,39,182.34852779999994,,,,,,,,,,,,,,,,,182.33269469999993,0.0006178000001000328,183.26775439999994,183.26814550000006,183.2819057999999,184.28193509999994,184.2654549,184.26592070000004,0.0004761000000144122,185.55093799999997,185.5522936000001,185.56527160000007,185.56527160000007,185.56527160000007,185.56527160000007,185.56527160000007,185.56527160000007,185.56527160000007,186.4332321999999,"[0.024, 0.024, 0.024, 0.024, 0.024, 0.024, 0.024, 0.024, 0.024, 0.024, 0.024, 0.024, 0.024, 0.024, 0.024, 0.024, 0.024, 0.024, 0.024, 0.024, 0.024, 0.024, 0.024, 0.024, 0.024, 0.024, 0.024, 0.024, 0.024, 0.016, 0.008, 0.0, -0.008, -0.016, -0.024, -0.032, -0.04, -0.048, -0.056, -0.064, -0.072, -0.08, -0.088, -0.096, -0.104, -0.112, -0.12, -0.128, -0.136, -0.144, -0.152, -0.16, -0.168, -0.168]",None,None,['left'],[0.4636011000000053],[0.40006080000011934],up,0.8636619000001247,None,186.43360769999992,186.44865930000003,186.69865979999997,186.68216799999993,186.6825672000001,186.69865979999997,,187.6986872000001,,187.68219190000002,1,3,186.69865979999997,187.6986872000001,,,,,,,,,,,,,,202604,,C,2026-08-01_12h45.50.488,valence_final_v2,2024.2.4,60,2026-08-01 12h46.07.947797 -0600,
28,28,0,1,1,baseline,21,2.1,0.02,1.0,0.076,flat,flat_curv,0.0,0.0,-0.02,rew,input_data/stims/Shape_2.10_1.00.png,input_data/stims/Shape_4.00_2.00.png,input_data/stims/Shape_0.00_2.00.png,1,-1,1.0,-1.0,1,up,21.16914989999998,None,up,1.1369406999999683,None,None,None,['left'],[0.5474283999999443],[None],up,0.8033671999999115,None,0,0,0,0,0,28,28,21,187.6986872000001,,,,,,,,,,,,,,,,,187.6828643,0.0006750000000010914,188.56830090000005,188.5686938,188.5820597999999,189.58206299999995,189.5656556,189.56609250000008,0.00044610000009015494,191.05136460000006,191.05282249999993,191.0654198000001,191.0654198000001,191.0654198000001,191.0654198000001,191.0654198000001,191.0654198000001,191.0654198000001,191.88356340000007,"[0.076, 0.076, 0.076, 0.076, 0.076, 0.076, 0.076, 0.076, 0.076, 0.076, 0.076, 0.076, 0.076, 0.076, 0.076, 0.076, 0.076, 0.076, 0.076, 0.076, 0.076, 0.076, 0.076, 0.076, 0.076, 0.076, 0.076, 0.076, 0.076, 0.076, 0.076, 0.076, 0.076, 0.076, 0.068, 0.06, 0.052, 0.044, 0.036, 0.028, 0.02, 0.012, 0.004, -0.004, -0.012, -0.02, -0.028, -0.036, -0.044, -0.052, -0.06]",None,None,['left'],[0.5474283999999443],[None],up,0.8033671999999115,None,191.8839200000001,191.89881750000006,192.1488126999999,192.13230970000006,192.13276400000007,192.1488126999999,,193.1488442000001,,193.13235870000005,1,3,192.1488126999999,193.1488442000001,,,,,,,,,,,,,,202604,,C,2026-08-01_12h45.50.488,valence_final_v2,2024.2.4,60,2026-08-01 12h46.07.947797 -0600,
29,29,0,1,1,baseline,26,2.7,0.14,3.0,0.072,flat,curv_flat,0.0,0.0,0.14,rew,input_data/stims/Shape_2.70_3.00.png,input_data/stims/Shape_0.00_2.00.png,input_data/stims/Shape_4.00_2.00.png,1,1,1.0,1.0,1,up,21.16914989999998,None,up,1.1369406999999683,None,None,None,['right'],[0.529223600000023],[0.31228079999982583],up,0.8415043999998488,None,0,0,0,0,0,29,29,26,193.1488442000001,,,,,,,,,,,,,,,,,193.1329884999999,0.0006308000001808978,194.01792269999999,194.01835990000006,194.0322116000001,195.0322726999999,195.0158143,195.01628440000002,0.00048199999991993536,196.50130649999994,196.50256610000008,196.515575,196.515575,196.515575,196.515575,196.515575,196.515575,196.515575,197.36687930000005,"[0.072, 0.072, 0.072, 0.072, 0.072, 0.072, 0.072, 0.072, 0.072, 0.072, 0.072, 0.072, 0.072, 0.072, 0.072, 0.072, 0.072, 0.072, 0.072, 0.072, 0.072, 0.072, 0.072, 0.072, 0.072, 0.072, 0.072, 0.072, 0.072, 0.072, 0.072, 0.072, 0.072, 0.08, 0.088, 0.096, 0.104, 0.112, 0.12, 0.128, 0.136, 0.144, 0.152, 0.16, 0.168, 0.176, 0.184, 0.192, 0.2, 0.208, 0.216, 0.224, 0.224]",None,None,['right'],[0.529223600000023],[0.31228079999982583],up,0.8415043999998488,None,197.36725489999992,197.3823025999999,197.63231080000003,197.61578539999994,197.61619359999997,197.63231080000003,,198.63233920000005,,198.61578709999992,1,3,197.63231080000003,198.63233920000005,,,,,,,,,,,,,,202604,,C,2026-08-01_12h45.50.488,valence_final_v2,2024.2.4,60,2026-08-01 12h46.07.947797 -0600,
30,30,0,1,1,baseline,1,0.1,-0.38,1.0,-0.192,curv,flat_curv,0.0,0.0,0.38,pen,input_data/stims/Shape_0.10_1.00.png,input_data/stims/Shape_4.00_2.00.png,input_data/stims/Shape_0.00_2.00.png,-1,-1,-1.0,-1.0,-1,up,21.16914989999998,None,up,1.1369406999999683,None,None,None,['right'],[0.5996926000000258],[None],up,0.9197790000000623,None,0,0,0,0,0,30,30,1,198.63233920000005,,,,,,,,,,,,,,,,,198.6164414000001,0.0006558999998560466,199.6500757,199.6509686999999,199.66566810000006,200.6656956999999,200.64920530000006,200.64966850000008,0.0004734999999982392,201.9345594,201.9361972999999,201.9490965000001,201.9490965000001,201.9490965000001,201.9490965000001,201.9490965000001,201.9490965000001,201.9490965000001,202.8838202999999,"[-0.192, -0.192, -0.192, -0.192, -0.192, -0.192, -0.192, -0.192, -0.192, -0.192, -0.192, -0.192, -0.192, -0.192, -0.192, -0.192, -0.192, -0.192, -0.192, -0.192, -0.192, -0.192, -0.192, -0.192, -0.192, -0.192, -0.192, -0.192, -0.192, -0.192, -0.192, -0.192, -0.192, -0.192, -0.192, -0.192, -0.192, -0.184, -0.176, -0.168, -0.16, -0.152, -0.144, -0.136, -0.128, -0.12, -0.112, -0.104, -0.096, -0.088, -0.08, -0.072, -0.064, -0.056, -0.048, -0.04, -0.032, -0.024]",None,None,['right'],[0.5996926000000258],[None],up,0.9197790000000623,None,202.88422759999992,202.8991170999999,203.14913119999994,203.13259630000005,203.13298930000008,203.14913119999994,203.14913119999994,204.14915000000008,204.14915000000008,204.13265310000008,0,-3,,,,,,,,,,,,,,,,202604,,C,2026-08-01_12h45.50.488,valence_final_v2,2024.2.4,60,2026-08-01 12h46.07.947797 -0600,
31,31,0,1,1,baseline,20,2.1,0.02,1.0,0.368,flat,curv_flat,0.0,0.0,0.02,rew,input_data/stims/Shape_2.10_1.00.png,input_data/stims/Shape_0.00_2.00.png,input_data/stims/Shape_4.00_2.00.png,1,1,1.0,-1.0,1,up,21.16914989999998,None,up,1.1369406999999683,None,None,None,['left'],[0.7129727000001367],[0.6560088999999607],up,1.3689816000000974,None,0,0,0,0,0,31,31,20,204.14915000000008,,,,,,,,,,,,,,,,,204.13329349999992,0.0006407999999282765,205.1670797999999,205.16751979999992,205.18251159999988,206.18254420000005,206.16602279999995,206.1664601000001,0.0004463000000214379,207.50025990000006,207.50152480000008,207.51587800000004,207.51587800000004,207.51587800000004,207.51587800000004,207.51587800000004,207.51587800000004,207.51587800000004,208.90052320000007,"[0.368, 0.368, 0.368, 0.368, 0.368, 0.368, 0.368, 0.368, 0.368, 0.368, 0.368, 0.368, 0.368, 0.368, 0.368, 0.368, 0.368, 0.368, 0.368, 0.368, 0.368, 0.368, 0.368, 0.368, 0.368, 0.368, 0.368, 0.368, 0.368, 0.368, 0.368, 0.368, 0.368, 0.368, 0.368, 0.368, 0.368, 0.368, 0.368, 0.368, 0.368, 0.368, 0.368, 0.368, 0.36, 0.352, 0.344, 0.336, 0.328, 0.32, 0.312, 0.304, 0.296, 0.288, 0.28, 0.272, 0.264, 0.256, 0.248, 0.24, 0.232, 0.224, 0.216, 0.208, 0.2, 0.192, 0.184, 0.176, 0.168, 0.16, 0.152, 0.144, 0.136, 0.128, 0.12, 0.112, 0.104, 0.096, 0.088, 0.08, 0.072, 0.064, 0.056, 0.048, 0.048]",None,None,['left'],[0.7129727000001367],[0.6560088999999607],up,1.3689816000000974,None,208.90090569999995,208.91591099999994,209.16591389999996,209.14944239999988,209.1498769000001,209.16591389999996,,210.1659476000001,,210.14954679999994,1,3,209.16591389999996,210.1659476000001,,,,,,,,,,,,,,202604,,C,2026-08-01_12h45.50.488,valence_final_v2,2024.2.4,60,2026-08-01 12h46.07.947797 -0600,
32,32,0,1,1,baseline,9,0.9,-0.22,1.0,0.092,curv,flat_curv,0.0,0.0,0.22,pen,input_data/stims/Shape_0.90_1.00.png,input_data/stims/Shape_4.00_2.00.png,input_data/stims/Shape_0.00_2.00.png,-1,-1,1.0,-1.0,-1,up,21.16914989999998,None,up,1.1369406999999683,None,None,None,['right'],[0.6040591000000859],[None],up,0.8200632000000496,None,0,0,0,0,0,32,32,9,210.1659476000001,,,,,,,,,,,,,,,,,210.15019410000002,0.0006511999999929685,211.1346881999999,211.1351042,211.149358,212.1493839000001,212.1328589000001,212.13338770000007,0.0005394999998316052,213.6187599000001,213.6202422,213.63278679999996,213.63278679999996,213.63278679999996,213.63278679999996,213.63278679999996,213.63278679999996,213.63278679999996,214.46753890000002,"[0.092, 0.092, 0.092, 0.092, 0.092, 0.092, 0.092, 0.092, 0.092, 0.092, 0.092, 0.092, 0.092, 0.092, 0.092, 0.092, 0.092, 0.092, 0.092, 0.092, 0.092, 0.092, 0.092, 0.092, 0.092, 0.092, 0.092, 0.092, 0.092, 0.092, 0.092, 0.092, 0.092, 0.092, 0.092, 0.092, 0.092, 0.092, 0.1, 0.108, 0.116, 0.124, 0.132, 0.14, 0.148, 0.156, 0.164, 0.172, 0.18, 0.188, 0.196, 0.204]",None,None,['right'],[0.6040591000000859],[None],up,0.8200632000000496,None,214.46790240000007,214.4827497,214.73282329999995,214.7162747000001,214.71667100000002,214.73282329999995,,215.7329570999999,,215.71643219999999,1,1,,,214.73282329999995,215.7329570999999,,,,,,,,,,,,202604,,C,2026-08-01_12h45.50.488,valence_final_v2,2024.2.4,60,2026-08-01 12h46.07.947797 -0600,
33,33,0,1,1,baseline,28,2.9,0.18,1.0,0.38,flat,curv_flat,0.0,0.0,0.18,rew,input_data/stims/Shape_2.90_1.00.png,input_data/stims/Shape_0.00_2.00.png,input_data/stims/Shape_4.00_2.00.png,1,1,1.0,-1.0,1,up,21.16914989999998,None,up,1.1369406999999683,None,None,None,['left'],[0.904495999999881],[None],up,1.280511400000023,None,0,0,0,0,0,33,33,28,215.7329570999999,,,,,,,,,,,,,,,,,215.71707750000007,0.0006482999999661843,216.7022126999999,216.7025964999999,216.71650929999998,217.7162643999999,217.6999067999999,217.70034580000004,0.0004506000000219501,219.08556669999996,219.08681650000005,219.10032489999992,219.10032489999992,219.10032489999992,219.10032489999992,219.10032489999992,219.10032489999992,219.10032489999992,220.3845596,"[0.38, 0.38, 0.38, 0.38, 0.38, 0.38, 0.38, 0.38, 0.38, 0.38, 0.38, 0.38, 0.38, 0.38, 0.38, 0.38, 0.38, 0.38, 0.38, 0.38, 0.38, 0.38, 0.38, 0.38, 0.38, 0.38, 0.38, 0.38, 0.38, 0.38, 0.38, 0.38, 0.38, 0.38, 0.38, 0.38, 0.38, 0.38, 0.38, 0.38, 0.38, 0.38, 0.38, 0.38, 0.38, 0.38, 0.38, 0.38, 0.38, 0.38, 0.38, 0.38, 0.38, 0.38, 0.38, 0.38, 0.372, 0.364, 0.356, 0.348, 0.34, 0.332, 0.324, 0.316, 0.308, 0.3, 0.292, 0.284, 0.276, 0.268, 0.26, 0.252, 0.244, 0.236, 0.228, 0.22, 0.212, 0.204, 0.196]",None,None,['left'],[0.904495999999881],[None],up,1.280511400000023,None,220.38492239999994,220.3998746000001,220.64986800000008,220.6333535,220.6337569000001,220.64986800000008,,221.6498777999999,,221.63338020000003,1,3,220.64986800000008,221.6498777999999,,,,,,,,,,,,,,202604,,C,2026-08-01_12h45.50.488,valence_final_v2,2024.2.4,60,2026-08-01 12h46.07.947797 -0600,
34,34,0,1,1,baseline,17,1.7,-0.06,3.0,0.232,curv,flat_curv,0.0,0.0,0.06,pen,input_data/stims/Shape_1.70_3.00.png,input_data/stims/Shape_4.00_2.00.png,input_data/stims/Shape_0.00_2.00.png,-1,-1,1.0,1.0,-1,up,21.16914989999998,None,up,1.1369406999999683,None,None,None,['left'],[0.9563077000000249],[0.7122693000001163],up,1.6685770000001412,None,0,0,0,0,0,34,34,17,221.6498777999999,,,,,,,,,,,,,,,,,221.63401669999996,0.0006399999999757711,222.56771930000002,222.56811189999996,222.58352049999996,223.5832701999999,223.56673919999992,223.56720699999994,0.00047769999991942313,225.00067479999996,225.00192789999994,225.01652909999996,225.01652909999996,225.01652909999996,225.01652909999996,225.01652909999996,225.01652909999996,225.01652909999996,226.70123079999996,"[0.232, 0.232, 0.232, 0.232, 0.232, 0.232, 0.232, 0.232, 0.232, 0.232, 0.232, 0.232, 0.232, 0.232, 0.232, 0.232, 0.232, 0.232, 0.232, 0.232, 0.232, 0.232, 0.232, 0.232, 0.232, 0.232, 0.232, 0.232, 0.232, 0.232, 0.232, 0.232, 0.232, 0.232, 0.232, 0.232, 0.232, 0.232, 0.232, 0.232, 0.232, 0.232, 0.232, 0.232, 0.232, 0.232, 0.232, 0.232, 0.232, 0.232, 0.232, 0.232, 0.232, 0.232, 0.232, 0.232, 0.232, 0.232, 0.232, 0.224, 0.216, 0.208, 0.2, 0.192, 0.184, 0.176, 0.168, 0.16, 0.152, 0.144, 0.136, 0.128, 0.12, 0.112, 0.104, 0.096, 0.088, 0.08, 0.072, 0.064, 0.056, 0.048, 0.04, 0.032, 0.024, 0.016, 0.008, 0.0, -0.008, -0.016, -0.024, -0.032, -0.04, -0.048, -0.056, -0.064, -0.072, -0.08, -0.088, -0.096, -0.104, -0.112, -0.112]",None,None,['left'],[0.9563077000000249],[0.7122693000001163],up,1.6685770000001412,None,226.7016096000001,226.71685190000005,226.9666421999999,226.95017560000008,226.9505974,226.9666421999999,226.9666421999999,227.96665180000002,227.96665180000002,227.9502364000001,0,-3,,,,,,,,,,,,,,,,202604,,C,2026-08-01_12h45.50.488,valence_final_v2,2024.2.4,60,2026-08-01 12h46.07.947797 -0600,
35,35,0,1,1,baseline,30,3.1,0.22,3.0,0.128,flat,curv_flat,0.0,0.0,0.22,rew,input_data/stims/Shape_3.10_3.00.png,input_data/stims/Shape_0.00_2.00.png,input_data/stims/Shape_4.00_2.00.png,1,1,1.0,1.0,1,up,21.16914989999998,None,up,1.1369406999999683,None,None,None,['right'],[0.5189109000000371],[0.20801409999990028],up,0.8630828000000292,None,0,0,0,0,0,35,35,30,227.96665180000002,,,,,,,,,,,,,,,,,227.9508823,0.0006470000000717846,229.03495809999993,229.0355573999999,229.05011079999997,230.05012399999998,230.0336668000001,230.03415759999996,0.0005017000000862026,231.31945280000002,231.32069009999998,231.33394269999997,231.33394269999997,231.33394269999997,231.33394269999997,231.33394269999997,231.33394269999997,231.33394269999997,232.2015388000001,"[0.128, 0.128, 0.128, 0.128, 0.128, 0.128, 0.128, 0.128, 0.128, 0.128, 0.128, 0.128, 0.128, 0.128, 0.128, 0.128, 0.128, 0.128, 0.128, 0.128, 0.128, 0.128, 0.128, 0.128, 0.128, 0.128, 0.128, 0.128, 0.128, 0.128, 0.128, 0.128, 0.128, 0.136, 0.144, 0.152, 0.16, 0.168, 0.176, 0.184, 0.192, 0.2, 0.208, 0.216, 0.224, 0.224, 0.224, 0.224, 0.224, 0.224, 0.224, 0.224, 0.224, 0.224]",None,None,['right'],[0.5189109000000371],[0.20801409999990028],up,0.8630828000000292,None,232.2019567000001,232.21673509999994,232.46711549999998,232.4503246999999,232.4507159000001,232.46711549999998,,233.46687099999997,,233.4503903000001,1,3,232.46711549999998,233.46687099999997,,,,,,,,,,,,,,202604,,C,2026-08-01_12h45.50.488,valence_final_v2,2024.2.4,60,2026-08-01 12h46.07.947797 -0600,
36,36,0,1,1,baseline,3,0.3,-0.34,3.0,-0.044,curv,flat_curv,0.0,0.0,0.34,pen,input_data/stims/Shape_0.30_3.00.png,input_data/stims/Shape_4.00_2.00.png,input_data/stims/Shape_0.00_2.00.png,-1,-1,-1.0,1.0,-1,up,21.16914989999998,None,up,1.1369406999999683,None,None,None,['right'],[0.6752023999999892],[None],up,1.0671591999998782,None,0,0,0,0,0,36,36,3,233.46687099999997,,,,,,,,,,,,,,,,,233.45102729999996,0.0006237999998575106,234.4347363999999,234.4351551000001,234.450248,235.4502748000001,235.4337796000001,235.43420589999994,0.00043459999983497255,236.81829920000007,236.81954899999994,236.83364470000004,236.83364470000004,236.83364470000004,236.83364470000004,236.83364470000004,236.83364470000004,236.83364470000004,237.90171599999996,"[-0.044, -0.044, -0.044, -0.044, -0.044, -0.044, -0.044, -0.044, -0.044, -0.044, -0.044, -0.044, -0.044, -0.044, -0.044, -0.044, -0.044, -0.044, -0.044, -0.044, -0.044, -0.044, -0.044, -0.044, -0.044, -0.044, -0.044, -0.044, -0.044, -0.044, -0.044, -0.044, -0.044, -0.044, -0.044, -0.044, -0.044, -0.044, -0.044, -0.044, -0.044, -0.044, -0.036, -0.028, -0.02, -0.012, -0.004, 0.004, 0.012, 0.02, 0.028, 0.036, 0.044, 0.052, 0.06, 0.068, 0.076, 0.084, 0.092, 0.1, 0.108, 0.116, 0.124, 0.132, 0.14, 0.148]",None,None,['right'],[0.6752023999999892],[None],up,1.0671591999998782,None,237.90210579999996,237.91721870000003,238.16693969999994,238.15058540000007,238.15097430000003,238.16693969999994,,239.16706850000003,,239.15057439999998,1,1,,,238.16693969999994,239.16706850000003,,,,,,,,,,,,202604,,C,2026-08-01_12h45.50.488,valence_final_v2,2024.2.4,60,2026-08-01 12h46.07.947797 -0600,
37,37,0,1,1,baseline,22,2.3,0.06,1.0,0.232,flat,curv_flat,0.0,0.0,0.06,rew,input_data/stims/Shape_2.30_1.00.png,input_data/stims/Shape_0.00_2.00.png,input_data/stims/Shape_4.00_2.00.png,1,1,1.0,-1.0,1,up,21.16914989999998,None,up,1.1369406999999683,None,None,None,['right'],[0.776326200000085],[0.2239955000000009],up,1.2162753000000066,None,0,0,0,0,0,37,37,22,239.16706850000003,,,,,,,,,,,,,,,,,239.15120560000003,0.0006341000000702479,240.13588199999992,240.13627039999994,240.15040979999992,241.15042729999993,241.13391209999997,241.13434590000008,0.0004450000001270382,242.4685498,242.46981390000008,242.4845188999999,242.4845188999999,242.4845188999999,242.4845188999999,242.4845188999999,242.4845188999999,242.4845188999999,243.7185806000001,"[0.232, 0.232, 0.232, 0.232, 0.232, 0.232, 0.232, 0.232, 0.232, 0.232, 0.232, 0.232, 0.232, 0.232, 0.232, 0.232, 0.232, 0.232, 0.232, 0.232, 0.232, 0.232, 0.232, 0.232, 0.232, 0.232, 0.232, 0.232, 0.232, 0.232, 0.232, 0.232, 0.232, 0.232, 0.232, 0.232, 0.232, 0.232, 0.232, 0.232, 0.232, 0.232, 0.232, 0.232, 0.232, 0.232, 0.232, 0.232, 0.24, 0.248, 0.256, 0.264, 0.272, 0.28, 0.288, 0.296, 0.304, 0.312, 0.32, 0.328, 0.336, 0.344, 0.344, 0.344, 0.344, 0.344, 0.344, 0.344, 0.344, 0.344, 0.344, 0.344, 0.344, 0.344, 0.344, 0.344]",None,None,['right'],[0.776326200000085],[0.2239955000000009],up,1.2162753000000066,None,243.71895469999993,243.73382909999998,243.98383509999996,243.96725279999998,243.9676462000001,243.98383509999996,,244.9838982,,244.9676763000001,1,3,243.98383509999996,244.9838982,,,,,,,,,,,,,,202604,,C,2026-08-01_12h45.50.488,valence_final_v2,2024.2.4,60,2026-08-01 12h46.07.947797 -0600,
38,38,0,1,1,baseline,33,3.3,0.26,3.0,-0.176,flat,flat_curv,0.0,0.0,-0.26,rew,input_data/stims/Shape_3.30_3.00.png,input_data/stims/Shape_4.00_2.00.png,input_data/stims/Shape_0.00_2.00.png,1,-1,-1.0,1.0,1,up,21.16914989999998,None,up,1.1369406999999683,None,None,None,['left'],[0.542225500000086],[0.22393859999988308],up,0.9021990000001097,None,0,0,0,0,0,38,38,33,244.9838982,,,,,,,,,,,,,,,,,244.96838730000002,0.0007130999999844789,245.90251550000005,245.9029518000001,245.91764410000008,246.91720180000004,246.90074790000006,246.90119629999992,0.00045999999997548,248.3358505,248.3371876,248.35065010000005,248.35065010000005,248.35065010000005,248.35065010000005,248.35065010000005,248.35065010000005,248.35065010000005,249.2683346,"[-0.176, -0.176, -0.176, -0.176, -0.176, -0.176, -0.176, -0.176, -0.176, -0.176, -0.176, -0.176, -0.176, -0.176, -0.176, -0.176, -0.176, -0.176, -0.176, -0.176, -0.176, -0.176, -0.176, -0.176, -0.176, -0.176, -0.176, -0.176, -0.176, -0.176, -0.176, -0.176, -0.176, -0.176, -0.184, -0.192, -0.2, -0.208, -0.216, -0.224, -0.232, -0.24, -0.248, -0.256, -0.264, -0.272, -0.28, -0.28, -0.28, -0.28, -0.28, -0.28, -0.28, -0.28, -0.28, -0.28, -0.28]",None,None,['left'],[0.542225500000086],[0.22393859999988308],up,0.9021990000001097,None,249.26870689999998,249.28399359999992,249.5342749,249.5175683000001,249.51796690000003,249.5342749,,250.533904,,250.5175187000001,1,3,249.5342749,250.533904,,,,,,,,,,,,,,202604,,C,2026-08-01_12h45.50.488,valence_final_v2,2024.2.4,60,2026-08-01 12h46.07.947797 -0600,
39,39,0,1,1,baseline,25,2.5,0.1,1.0,0.264,flat,flat_curv,0.0,0.0,-0.1,rew,input_data/stims/Shape_2.50_1.00.png,input_data/stims/Shape_4.00_2.00.png,input_data/stims/Shape_0.00_2.00.png,1,-1,1.0,-1.0,1,up,21.16914989999998,None,up,1.1369406999999683,None,None,None,['left'],[0.5920866000001297],[None],up,1.3040147000001525,None,0,0,0,0,0,39,39,25,250.533904,,,,,,,,,,,,,,,,,250.5181338000001,0.0006160000000363652,251.4020114000001,251.40241150000008,251.41772189999995,252.41742710000005,252.40090109999994,252.40133460000004,0.00044410000009520445,253.88561429999993,253.88693640000008,253.900798,253.900798,253.900798,253.900798,253.900798,253.900798,253.900798,255.21899960000007,"[0.264, 0.264, 0.264, 0.264, 0.264, 0.264, 0.264, 0.264, 0.264, 0.264, 0.264, 0.264, 0.264, 0.264, 0.264, 0.264, 0.264, 0.264, 0.264, 0.264, 0.264, 0.264, 0.264, 0.264, 0.264, 0.264, 0.264, 0.264, 0.264, 0.264, 0.264, 0.264, 0.264, 0.264, 0.264, 0.264, 0.264, 0.256, 0.248, 0.24, 0.232, 0.224, 0.216, 0.208, 0.2, 0.192, 0.184, 0.176, 0.168, 0.16, 0.152, 0.144, 0.136, 0.128, 0.12, 0.112, 0.104, 0.096, 0.088, 0.08, 0.072, 0.064, 0.056, 0.048, 0.04, 0.032, 0.024, 0.016, 0.008, 0.0, -0.008, -0.016, -0.024, -0.032, -0.04, -0.048, -0.056, -0.064, -0.072, -0.08, -0.088]",None,None,['left'],[0.5920866000001297],[None],up,1.3040147000001525,None,255.2193982,255.23403410000003,255.4844379,255.46750869999994,255.46790769999996,255.4844379,,256.5008612999999,,256.4676957999999,1,3,255.4844379,256.5008612999999,,,,,,,,,,,,,,202604,,C,2026-08-01_12h45.50.488,valence_final_v2,2024.2.4,60,2026-08-01 12h46.07.947797 -0600,
0,0,0,3,1,flat_comp,106,3.3,0.26,1.0,0.392,flat,curv_flat,0.2,0.2,0.26,rew,input_data/stims/Shape_3.30_1.00.png,input_data/stims/Shape_0.00_2.00.png,input_data/stims/Shape_4.00_2.00.png,1,1,1.0,-1.0,1,None,,,up,0.8868540999999368,None,None,None,['left'],[0.939882599999919],[0.2159894000001259],up,1.3079135000000406,None,1,0,1,0,0,0,0,26,260.0509945,,259.1013084,,,,259.10134000000005,None,,,259.10396619999995,259.1179576999999,259.1179576999999,260.0178817,up,0.8868540999999368,None,260.0461997000001,0.028309399999898233,261.0302633,261.0306365,261.0510106999999,262.0510095000001,262.0345037999999,262.0349387,0.0004452999999102758,263.36998260000007,263.3713239,263.38496580000003,263.38496580000003,263.38496580000003,263.38496580000003,263.38496580000003,263.38496580000003,263.38496580000003,264.7024649000001,"[0.392, 0.392, 0.392, 0.392, 0.392, 0.392, 0.392, 0.392, 0.392, 0.392, 0.392, 0.392, 0.392, 0.392, 0.392, 0.392, 0.392, 0.392, 0.392, 0.392, 0.392, 0.392, 0.392, 0.392, 0.392, 0.392, 0.392, 0.392, 0.392, 0.392, 0.392, 0.392, 0.392, 0.392, 0.392, 0.392, 0.392, 0.392, 0.392, 0.392, 0.392, 0.392, 0.392, 0.392, 0.392, 0.392, 0.392, 0.392, 0.392, 0.392, 0.392, 0.392, 0.392, 0.392, 0.392, 0.392, 0.392, 0.392, 0.384, 0.376, 0.368, 0.36, 0.352, 0.344, 0.336, 0.328, 0.32, 0.312, 0.304, 0.296, 0.288, 0.288, 0.288, 0.288, 0.288, 0.288, 0.288, 0.288, 0.288, 0.288, 0.288]",None,None,['left'],[0.939882599999919],[0.2159894000001259],up,1.3079135000000406,None,264.7028965999999,264.7184261000001,264.96833879999997,264.95133369999996,264.9517277000001,264.96833879999997,,265.96791900000005,,265.9514355,1,3,264.96833879999997,265.96791900000005,,,,,256.48803609999993,256.5008612999999,256.5008612999999,259.1011751,32,11,up,2.6000496000001476,None,202604,,C,2026-08-01_12h45.50.488,valence_final_v2,2024.2.4,60,2026-08-01 12h46.07.947797 -0600,
1,1,0,3,1,flat_comp,111,3.5,0.3,1.0,0.068,flat,flat_curv,0.2,-0.2,-0.3,rew,input_data/stims/Shape_3.50_1.00.png,input_data/stims/Shape_4.00_2.00.png,input_data/stims/Shape_0.00_2.00.png,1,-1,1.0,-1.0,1,None,,,up,0.8868540999999368,None,None,None,['left'],[0.6396993000000748],[None],up,1.3596959999999854,None,1,0,1,0,0,1,1,31,265.96791900000005,,,,,,,,,,,,,,,,,265.9520649,0.0006303000000116299,267.03613110000003,267.0365289,267.0512666000001,268.05129380000005,268.0347809000001,268.03524649999997,0.0004754999999931897,269.4688953000001,269.4702100999999,269.4851479,269.4851479,269.4851479,269.4851479,269.4851479,269.4851479,269.4851479,270.85279819999994,"[0.068, 0.068, 0.068, 0.068, 0.068, 0.068, 0.068, 0.068, 0.068, 0.068, 0.068, 0.068, 0.068, 0.068, 0.068, 0.068, 0.068, 0.068, 0.068, 0.068, 0.068, 0.068, 0.068, 0.068, 0.068, 0.068, 0.068, 0.068, 0.068, 0.068, 0.068, 0.068, 0.068, 0.068, 0.068, 0.068, 0.068, 0.068, 0.068, 0.068, 0.06, 0.052, 0.044, 0.036, 0.028, 0.02, 0.012, 0.004, -0.004, -0.012, -0.02, -0.028, -0.036, -0.044, -0.052, -0.06, -0.068, -0.076, -0.084, -0.092, -0.1, -0.108, -0.116, -0.124, -0.132, -0.14, -0.148, -0.156, -0.164, -0.172, -0.18, -0.188, -0.196, -0.204, -0.212, -0.22, -0.228, -0.236, -0.244, -0.252, -0.26, -0.268, -0.276, -0.284]",None,None,['left'],[0.6396993000000748],[None],up,1.3596959999999854,None,270.8531769,270.8680860999999,271.11808869999993,271.10154539999996,271.1019371000001,271.11808869999993,,272.11814130000005,,272.10158779999995,1,3,271.11808869999993,272.11814130000005,,,,,,,,,,,,,,202604,,C,2026-08-01_12h45.50.488,valence_final_v2,2024.2.4,60,2026-08-01 12h46.07.947797 -0600,
2,2,0,3,1,flat_comp,85,1.5,-0.1,1.0,-0.152,curv,flat_curv,0.2,-0.2,0.1,pen,input_data/stims/Shape_1.50_1.00.png,input_data/stims/Shape_4.00_2.00.png,input_data/stims/Shape_0.00_2.00.png,-1,-1,1.0,-1.0,-1,None,,,up,0.8868540999999368,None,None,None,['right'],[0.49387479999995776],[None],up,0.9018195999999534,None,1,0,1,0,0,2,2,5,272.11814130000005,,,,,,,,,,,,,,,,,272.1022389000001,0.0006542000000990811,273.1362091,273.1366531,273.15145670000004,274.1514759999999,274.1354381,274.1358741,0.0004453999999896041,275.519357,275.52143949999993,275.5349978999999,275.5349978999999,275.5349978999999,275.5349978999999,275.5349978999999,275.5349978999999,275.5349978999999,276.4529122,"[-0.152, -0.152, -0.152, -0.152, -0.152, -0.152, -0.152, -0.152, -0.152, -0.152, -0.152, -0.152, -0.152, -0.152, -0.152, -0.152, -0.152, -0.152, -0.152, -0.152, -0.152, -0.152, -0.152, -0.152, -0.152, -0.152, -0.152, -0.152, -0.152, -0.152, -0.152, -0.144, -0.136, -0.128, -0.12, -0.112, -0.104, -0.096, -0.088, -0.08, -0.072, -0.064, -0.056, -0.048, -0.04, -0.032, -0.024, -0.016, -0.008, 0.0, 0.008, 0.016, 0.024, 0.032, 0.04, 0.048, 0.056]",None,None,['right'],[0.49387479999995776],[None],up,0.9018195999999534,None,276.4533063,276.4682621999999,276.71824619999995,276.7016990000001,276.7021189999999,276.71824619999995,,277.7181641000001,,277.70175269999993,1,1,,,276.71824619999995,277.7181641000001,,,,,,,,,,,,202604,,C,2026-08-01_12h45.50.488,valence_final_v2,2024.2.4,60,2026-08-01 12h46.07.947797 -0600,
3,3,0,3,1,flat_comp,92,2.3,0.06,1.0,0.388,curv,curv_flat,0.2,0.2,0.06,pen,input_data/stims/Shape_2.30_1.00.png,input_data/stims/Shape_0.00_2.00.png,input_data/stims/Shape_4.00_2.00.png,-1,1,1.0,-1.0,-1,None,,,up,0.8868540999999368,None,None,None,['left'],[0.9713956000000508],[0.2401542000000063],up,1.291411600000174,None,1,0,1,0,0,3,3,12,277.7181641000001,,,,,,,,,,,,,,,,,277.7023564,0.000603899999987334,278.78628689999994,278.78667200000007,278.8015991000001,279.80162499999994,279.78560559999994,279.78603409999994,0.0004380000000310247,281.16999150000004,281.1713218000001,281.1854918,281.1854918,281.1854918,281.1854918,281.1854918,281.1854918,281.1854918,282.4865644,"[0.388, 0.388, 0.388, 0.388, 0.388, 0.388, 0.388, 0.388, 0.388, 0.388, 0.388, 0.388, 0.388, 0.388, 0.388, 0.388, 0.388, 0.388, 0.388, 0.388, 0.388, 0.388, 0.388, 0.388, 0.388, 0.388, 0.388, 0.388, 0.388, 0.388, 0.388, 0.388, 0.388, 0.388, 0.388, 0.388, 0.388, 0.388, 0.388, 0.388, 0.388, 0.388, 0.388, 0.388, 0.388, 0.388, 0.388, 0.388, 0.388, 0.388, 0.388, 0.388, 0.388, 0.388, 0.388, 0.388, 0.388, 0.388, 0.388, 0.388, 0.38, 0.372, 0.364, 0.356, 0.348, 0.34, 0.332, 0.324, 0.316, 0.308, 0.3, 0.292, 0.284, 0.276, 0.276, 0.276, 0.276, 0.276, 0.276, 0.276]",None,None,['left'],[0.9713956000000508],[0.2401542000000063],up,1.291411600000174,None,282.4869566000001,282.5016959999999,282.7516956999999,282.7351932,282.7356105,282.7516956999999,282.7516956999999,283.7517259,283.7517259,283.7357297,0,-3,,,,,,,,,,,,,,,,202604,,C,2026-08-01_12h45.50.488,valence_final_v2,2024.2.4,60,2026-08-01 12h46.07.947797 -0600,
4,4,0,3,1,flat_comp,116,3.9,0.38,3.0,0.176,flat,curv_flat,0.2,0.2,0.38,rew,input_data/stims/Shape_3.90_3.00.png,input_data/stims/Shape_0.00_2.00.png,input_data/stims/Shape_4.00_2.00.png,1,1,-1.0,1.0,1,None,,,up,0.8868540999999368,None,None,None,['right'],[0.8443856000001233],[0.4799851000000217],up,1.3963579999999638,None,1,0,1,0,0,4,4,36,283.7517259,,,,,,,,,,,,,,,,,283.7363511,0.0006225000001904846,284.6704933,284.6712546,284.68619739999997,285.68565019999994,285.6686263,285.66906069999993,0.0004463000000214379,286.95438950000005,286.9556756999999,286.9684933,286.9684933,286.9684933,286.9684933,286.9684933,286.9684933,286.9684933,288.36957500000005,"[0.176, 0.176, 0.176, 0.176, 0.176, 0.176, 0.176, 0.176, 0.176, 0.176, 0.176, 0.176, 0.176, 0.176, 0.176, 0.176, 0.176, 0.176, 0.176, 0.176, 0.176, 0.176, 0.176, 0.176, 0.176, 0.176, 0.176, 0.176, 0.176, 0.176, 0.176, 0.176, 0.176, 0.176, 0.176, 0.176, 0.176, 0.176, 0.176, 0.176, 0.176, 0.176, 0.176, 0.176, 0.176, 0.176, 0.176, 0.176, 0.176, 0.176, 0.176, 0.176, 0.184, 0.192, 0.2, 0.208, 0.216, 0.224, 0.232, 0.24, 0.248, 0.256, 0.264, 0.272, 0.28, 0.288, 0.296, 0.304, 0.312, 0.32, 0.328, 0.336, 0.344, 0.352, 0.36, 0.368, 0.376, 0.384, 0.392, 0.4, 0.4, 0.4, 0.4, 0.4, 0.4, 0.4]",None,None,['right'],[0.8443856000001233],[0.4799851000000217],up,1.3963579999999638,None,288.36997940000003,288.38568410000005,288.63567980000005,288.6186842000001,288.61910019999993,288.63567980000005,,289.6362998000001,,289.6188232999999,1,3,288.63567980000005,289.6362998000001,,,,,,,,,,,,,,202604,,C,2026-08-01_12h45.50.488,valence_final_v2,2024.2.4,60,2026-08-01 12h46.07.947797 -0600,
5,5,0,3,1,flat_comp,99,2.9,0.18,1.0,0.208,curv,flat_curv,0.2,-0.2,-0.18,pen,input_data/stims/Shape_2.90_1.00.png,input_data/stims/Shape_4.00_2.00.png,input_data/stims/Shape_0.00_2.00.png,-1,-1,1.0,-1.0,-1,None,,,up,0.8868540999999368,None,None,None,['left'],[0.5548204000001533],[None],up,1.5149016000000302,None,1,0,1,0,0,5,5,19,289.6362998000001,,,,,,,,,,,,,,,,,289.61943099999996,0.0006112999999459134,290.55330749999996,290.5537309,290.56860130000007,291.5687260000001,291.55210410000007,291.55255380000006,0.00045999999997548,292.98731179999993,292.9888445,293.00199729999997,293.00199729999997,293.00199729999997,293.00199729999997,293.00199729999997,293.00199729999997,293.00199729999997,294.52007089999995,"[0.208, 0.208, 0.208, 0.208, 0.208, 0.208, 0.208, 0.208, 0.208, 0.208, 0.208, 0.208, 0.208, 0.208, 0.208, 0.208, 0.208, 0.208, 0.208, 0.208, 0.208, 0.208, 0.208, 0.208, 0.208, 0.208, 0.208, 0.208, 0.208, 0.208, 0.208, 0.208, 0.208, 0.208, 0.208, 0.2, 0.192, 0.184, 0.176, 0.168, 0.16, 0.152, 0.144, 0.136, 0.128, 0.12, 0.112, 0.104, 0.096, 0.088, 0.08, 0.072, 0.064, 0.056, 0.048, 0.04, 0.032, 0.024, 0.016, 0.008, 0.0, -0.008, -0.016, -0.024, -0.032, -0.04, -0.048, -0.056, -0.064, -0.072, -0.08, -0.088, -0.096, -0.104, -0.112, -0.12, -0.128, -0.136, -0.144, -0.152, -0.16, -0.168, -0.176, -0.184, -0.192, -0.2, -0.208, -0.216, -0.224, -0.232, -0.24, -0.248, -0.256]",None,None,['left'],[0.5548204000001533],[None],up,1.5149016000000302,None,294.5204791,294.5353957000001,294.78584680000006,294.7688915,294.76930789999994,294.78584680000006,294.78584680000006,295.7858937,295.7858937,295.7689793999999,0,-3,,,,,,,,,,,,,,,,202604,,C,2026-08-01_12h45.50.488,valence_final_v2,2024.2.4,60,2026-08-01 12h46.07.947797 -0600,
6,6,0,3,1,flat_comp,86,1.7,-0.06,3.0,0.296,curv,curv_flat,0.2,0.2,-0.06,pen,input_data/stims/Shape_1.70_3.00.png,input_data/stims/Shape_0.00_2.00.png,input_data/stims/Shape_4.00_2.00.png,-1,1,1.0,1.0,-1,None,,,up,0.8868540999999368,None,None,None,"['left', 'right']","[1.2062599000000773, 1.6623087999998916]","[0.28799709999998413, 0.19998690000011266]",up,2.118197999999893,None,1,0,1,0,0,6,6,6,295.7858937,,,,,,,,,,,,,,,,,295.76962059999994,0.0006435999998757325,296.65354919999993,296.65430879999997,296.66876390000004,297.66879559999995,297.6522844,297.6527537999999,0.000483400000121037,299.0865688,299.08792099999994,299.1025842,299.1025842,299.1025842,299.1025842,299.1025842,299.1025842,299.1025842,301.23730579999994,"[0.296, 0.296, 0.296, 0.296, 0.296, 0.296, 0.296, 0.296, 0.296, 0.296, 0.296, 0.296, 0.296, 0.296, 0.296, 0.296, 0.296, 0.296, 0.296, 0.296, 0.296, 0.296, 0.296, 0.296, 0.296, 0.296, 0.296, 0.296, 0.296, 0.296, 0.296, 0.296, 0.296, 0.296, 0.296, 0.296, 0.296, 0.296, 0.296, 0.296, 0.296, 0.296, 0.296, 0.296, 0.296, 0.296, 0.296, 0.296, 0.296, 0.296, 0.296, 0.296, 0.296, 0.296, 0.296, 0.296, 0.296, 0.296, 0.296, 0.296, 0.296, 0.296, 0.296, 0.296, 0.296, 0.296, 0.296, 0.296, 0.296, 0.296, 0.296, 0.296, 0.296, 0.296, 0.288, 0.28, 0.272, 0.264, 0.256, 0.248, 0.24, 0.232, 0.224, 0.216, 0.208, 0.2, 0.192, 0.184, 0.176, 0.168, 0.16, 0.16, 0.16, 0.16, 0.16, 0.16, 0.16, 0.16, 0.16, 0.16, 0.16, 0.168, 0.176, 0.184, 0.192, 0.2, 0.208, 0.216, 0.224, 0.232, 0.24, 0.248, 0.256, 0.256, 0.256, 0.256, 0.256, 0.256, 0.256, 0.256, 0.256, 0.256, 0.256, 0.256, 0.256, 0.256, 0.256, 0.256, 0.256, 0.256]",None,None,"['left', 'right']","[1.2062599000000773, 1.6623087999998916]","[0.28799709999998413, 0.19998690000011266]",up,2.118197999999893,None,301.2377110000001,301.2522176000001,301.5022167999999,301.4861863,301.4865716999999,301.5022167999999,301.5022167999999,302.50228819999995,302.50228819999995,302.4862595000001,0,-3,,,,,,,,,,,,,,,,202604,,C,2026-08-01_12h45.50.488,valence_final_v2,2024.2.4,60,2026-08-01 12h46.07.947797 -0600,
7,7,0,3,1,flat_comp,109,3.5,0.3,3.0,0.228,flat,flat_curv,0.2,-0.2,-0.3,rew,input_data/stims/Shape_3.50_3.00.png,input_data/stims/Shape_4.00_2.00.png,input_data/stims/Shape_0.00_2.00.png,1,-1,1.0,1.0,1,None,,,up,0.8868540999999368,None,None,None,['left'],[0.5618758999999045],[None],up,1.5538047999998525,None,1,0,1,0,0,7,7,29,302.50228819999995,,,,,,,,,,,,,,,,,302.4868915999999,0.0006358999999065418,303.3704134999999,303.37079819999997,303.3860931999999,304.3861281999999,304.3691253999999,304.3695742000001,0.00045920000002297456,305.80356459999996,305.8048424,305.8190217,305.8190217,305.8190217,305.8190217,305.8190217,305.8190217,305.8190217,307.38771239999994,"[0.228, 0.228, 0.228, 0.228, 0.228, 0.228, 0.228, 0.228, 0.228, 0.228, 0.228, 0.228, 0.228, 0.228, 0.228, 0.228, 0.228, 0.228, 0.228, 0.228, 0.228, 0.228, 0.228, 0.228, 0.228, 0.228, 0.228, 0.228, 0.228, 0.228, 0.228, 0.228, 0.228, 0.228, 0.228, 0.22, 0.212, 0.204, 0.196, 0.188, 0.18, 0.172, 0.164, 0.156, 0.148, 0.14, 0.132, 0.124, 0.116, 0.108, 0.1, 0.092, 0.084, 0.076, 0.068, 0.06, 0.052, 0.044, 0.036, 0.028, 0.02, 0.012, 0.004, -0.004, -0.012, -0.02, -0.028, -0.036, -0.044, -0.052, -0.06, -0.068, -0.076, -0.084, -0.092, -0.1, -0.108, -0.116, -0.124, -0.132, -0.14, -0.148, -0.156, -0.164, -0.172, -0.18, -0.188, -0.196, -0.204, -0.212, -0.22, -0.228, -0.236, -0.244, -0.252, -0.26]",None,None,['left'],[0.5618758999999045],[None],up,1.5538047999998525,None,307.38810950000004,307.4023940000001,307.6524022,307.6364024999999,307.63679809999996,307.6524022,,308.6524289,,308.6364029,1,3,307.6524022,308.6524289,,,,,,,,,,,,,,202604,,C,2026-08-01_12h45.50.488,valence_final_v2,2024.2.4,60,2026-08-01 12h46.07.947797 -0600,
8,8,0,3,1,flat_comp,119,3.9,0.38,3.0,0.008,flat,flat_curv,0.2,-0.2,-0.38,rew,input_data/stims/Shape_3.90_3.00.png,input_data/stims/Shape_4.00_2.00.png,input_data/stims/Shape_0.00_2.00.png,1,-1,1.0,1.0,1,None,,,up,0.8868540999999368,None,None,None,['left'],[0.5753133000000616],[None],up,1.1592748999999003,None,1,0,1,0,0,8,8,39,308.6524289,,,,,,,,,,,,,,,,,308.63703709999993,0.000638799999933326,309.67071569999996,309.67131299999994,309.68628920000003,310.6869092999999,310.6693007,310.6697273000001,0.0004372000000785192,312.05457149999995,312.05605550000007,312.0695515000001,312.0695515000001,312.0695515000001,312.0695515000001,312.0695515000001,312.0695515000001,312.0695515000001,313.23777929999994,"[0.008, 0.008, 0.008, 0.008, 0.008, 0.008, 0.008, 0.008, 0.008, 0.008, 0.008, 0.008, 0.008, 0.008, 0.008, 0.008, 0.008, 0.008, 0.008, 0.008, 0.008, 0.008, 0.008, 0.008, 0.008, 0.008, 0.008, 0.008, 0.008, 0.008, 0.008, 0.008, 0.008, 0.008, 0.008, 0.008, 0.0, -0.008, -0.016, -0.024, -0.032, -0.04, -0.048, -0.056, -0.064, -0.072, -0.08, -0.088, -0.096, -0.104, -0.112, -0.12, -0.128, -0.136, -0.144, -0.152, -0.16, -0.168, -0.176, -0.184, -0.192, -0.2, -0.208, -0.216, -0.224, -0.232, -0.24, -0.248, -0.256, -0.264, -0.272, -0.28]",None,None,['left'],[0.5753133000000616],[None],up,1.1592748999999003,None,313.2381933999999,313.2525672999999,313.5025603,313.4865504999999,313.4869657999999,313.5025603,,314.5026074000001,,314.4871875,1,3,313.5025603,314.5026074000001,,,,,,,,,,,,,,202604,,C,2026-08-01_12h45.50.488,valence_final_v2,2024.2.4,60,2026-08-01 12h46.07.947797 -0600,
9,9,0,3,1,flat_comp,112,3.7,0.34,1.0,0.088,flat,curv_flat,0.2,0.2,0.34,rew,input_data/stims/Shape_3.70_1.00.png,input_data/stims/Shape_0.00_2.00.png,input_data/stims/Shape_4.00_2.00.png,1,1,-1.0,-1.0,1,None,,,up,0.8868540999999368,None,None,None,['right'],[0.7514862000000448],[None],up,1.0874805999999353,None,1,0,1,0,0,9,9,32,314.5026074000001,,,,,,,,,,,,,,,,,314.48782930000004,0.0006447000000662229,315.3721772,315.37260460000005,315.38646499999993,316.38706790000003,316.3694465,316.3698831999999,0.0004489000000376109,317.8535367999999,317.85482089999994,317.8693606999999,317.8693606999999,317.8693606999999,317.8693606999999,317.8693606999999,317.8693606999999,317.8693606999999,318.97084340000004,"[0.088, 0.088, 0.088, 0.088, 0.088, 0.088, 0.088, 0.088, 0.088, 0.088, 0.088, 0.088, 0.088, 0.088, 0.088, 0.088, 0.088, 0.088, 0.088, 0.088, 0.088, 0.088, 0.088, 0.088, 0.088, 0.088, 0.088, 0.088, 0.088, 0.088, 0.088, 0.088, 0.088, 0.088, 0.088, 0.088, 0.088, 0.088, 0.088, 0.088, 0.088, 0.088, 0.088, 0.088, 0.088, 0.088, 0.088, 0.096, 0.104, 0.112, 0.12, 0.128, 0.136, 0.144, 0.152, 0.16, 0.168, 0.176, 0.184, 0.192, 0.2, 0.208, 0.216, 0.224, 0.232, 0.24, 0.248, 0.256]",None,None,['right'],[0.7514862000000448],[None],up,1.0874805999999353,None,318.97125289999997,318.98651400000006,319.2359997,319.2195370999999,319.21997109999995,319.2359997,,320.23663750000003,,320.2196422999999,1,3,319.2359997,320.23663750000003,,,,,,,,,,,,,,202604,,C,2026-08-01_12h45.50.488,valence_final_v2,2024.2.4,60,2026-08-01 12h46.07.947797 -0600,
10,10,0,3,1,flat_comp,104,3.3,0.26,3.0,0.38,flat,curv_flat,0.2,0.2,0.26,rew,input_data/stims/Shape_3.30_3.00.png,input_data/stims/Shape_0.00_2.00.png,input_data/stims/Shape_4.00_2.00.png,1,1,1.0,1.0,1,None,,,up,0.8868540999999368,None,None,None,['left'],[0.9076280000001589],[0.18403449999982513],up,1.25160290000008,None,1,0,1,0,0,10,10,24,320.23663750000003,,,,,,,,,,,,,,,,,320.2202868999999,0.0006491000001460634,321.25466530000006,321.25520500000005,321.2694527,322.2694708,322.2529521,322.2533881999999,0.0004464000001007662,323.53780629999994,323.53936250000004,323.5532124,323.5532124,323.5532124,323.5532124,323.5532124,323.5532124,323.5532124,324.8209796,"[0.38, 0.38, 0.38, 0.38, 0.38, 0.38, 0.38, 0.38, 0.38, 0.38, 0.38, 0.38, 0.38, 0.38, 0.38, 0.38, 0.38, 0.38, 0.38, 0.38, 0.38, 0.38, 0.38, 0.38, 0.38, 0.38, 0.38, 0.38, 0.38, 0.38, 0.38, 0.38, 0.38, 0.38, 0.38, 0.38, 0.38, 0.38, 0.38, 0.38, 0.38, 0.38, 0.38, 0.38, 0.38, 0.38, 0.38, 0.38, 0.38, 0.38, 0.38, 0.38, 0.38, 0.38, 0.38, 0.38, 0.372, 0.364, 0.356, 0.348, 0.34, 0.332, 0.324, 0.316, 0.308, 0.3, 0.292, 0.292, 0.292, 0.292, 0.292, 0.292, 0.292, 0.292, 0.292, 0.292, 0.292, 0.292]",None,None,['left'],[0.9076280000001589],[0.18403449999982513],up,1.25160290000008,None,324.82135299999993,324.8368675999999,325.0864852000001,325.07000860000005,325.0704211000001,325.0864852000001,,326.0858632999999,,326.0694129,1,3,325.0864852000001,326.0858632999999,,,,,,,,,,,,,,202604,,C,2026-08-01_12h45.50.488,valence_final_v2,2024.2.4,60,2026-08-01 12h46.07.947797 -0600,
11,11,0,3,1,flat_comp,103,3.1,0.22,3.0,-0.072,flat,flat_curv,0.2,-0.2,-0.22,rew,input_data/stims/Shape_3.10_3.00.png,input_data/stims/Shape_4.00_2.00.png,input_data/stims/Shape_0.00_2.00.png,1,-1,1.0,1.0,1,None,,,up,0.8868540999999368,None,None,None,['left'],[0.500278999999864],[None],up,0.8841760000000249,None,1,0,1,0,0,11,11,23,326.0858632999999,,,,,,,,,,,,,,,,,326.0700398,0.0006241000000954955,326.9539615,326.9545042000001,326.96927629999993,327.96928990000004,327.9527813000001,327.95321079999997,0.0004409999999097636,329.3379031999999,329.3391579999999,329.3526680000001,329.3526680000001,329.3526680000001,329.3526680000001,329.3526680000001,329.3526680000001,329.3526680000001,330.25406050000004,"[-0.072, -0.072, -0.072, -0.072, -0.072, -0.072, -0.072, -0.072, -0.072, -0.072, -0.072, -0.072, -0.072, -0.072, -0.072, -0.072, -0.072, -0.072, -0.072, -0.072, -0.072, -0.072, -0.072, -0.072, -0.072, -0.072, -0.072, -0.072, -0.072, -0.072, -0.072, -0.072, -0.08, -0.088, -0.096, -0.104, -0.112, -0.12, -0.128, -0.136, -0.144, -0.152, -0.16, -0.168, -0.176, -0.184, -0.192, -0.2, -0.208, -0.216, -0.224, -0.232, -0.24, -0.248, -0.256, -0.264]",None,None,['left'],[0.500278999999864],[None],up,0.8841760000000249,None,330.2544386999999,330.26934730000005,330.51935489999994,330.50284320000003,330.50327389999995,330.51935489999994,,331.51939559999994,,331.50290959999995,1,3,330.51935489999994,331.51939559999994,,,,,,,,,,,,,,202604,,C,2026-08-01_12h45.50.488,valence_final_v2,2024.2.4,60,2026-08-01 12h46.07.947797 -0600,
12,12,0,3,1,flat_comp,91,2.1,0.02,3.0,0.28,curv,flat_curv,0.2,-0.2,-0.02,pen,input_data/stims/Shape_2.10_3.00.png,input_data/stims/Shape_4.00_2.00.png,input_data/stims/Shape_0.00_2.00.png,-1,-1,1.0,1.0,-1,None,,,up,0.8868540999999368,None,None,None,['left'],[0.5526619999998275],[None],up,1.656695199999831,None,1,0,1,0,0,12,12,11,331.51939559999994,,,,,,,,,,,,,,,,,331.5035686,0.0006564000000253145,332.5377357000001,332.5382169999999,332.5527274,333.55273,333.5362882999999,333.5367351000001,0.000458799999933035,334.8221373,334.8234243999999,334.8361730999999,334.8361730999999,334.8361730999999,334.8361730999999,334.8361730999999,334.8361730999999,334.8361730999999,336.5041983,"[0.28, 0.28, 0.28, 0.28, 0.28, 0.28, 0.28, 0.28, 0.28, 0.28, 0.28, 0.28, 0.28, 0.28, 0.28, 0.28, 0.28, 0.28, 0.28, 0.28, 0.28, 0.28, 0.28, 0.28, 0.28, 0.28, 0.28, 0.28, 0.28, 0.28, 0.28, 0.28, 0.28, 0.28, 0.28, 0.272, 0.264, 0.256, 0.248, 0.24, 0.232, 0.224, 0.216, 0.208, 0.2, 0.192, 0.184, 0.176, 0.168, 0.16, 0.152, 0.144, 0.136, 0.128, 0.12, 0.112, 0.104, 0.096, 0.088, 0.08, 0.072, 0.064, 0.056, 0.048, 0.04, 0.032, 0.024, 0.016, 0.008, 0.0, -0.008, -0.016, -0.024, -0.032, -0.04, -0.048, -0.056, -0.064, -0.072, -0.08, -0.088, -0.096, -0.104, -0.112, -0.12, -0.128, -0.136, -0.144, -0.152, -0.16, -0.168, -0.176, -0.184, -0.192, -0.2, -0.208, -0.216, -0.224, -0.232, -0.24, -0.248, -0.256]",None,None,['left'],[0.5526619999998275],[None],up,1.656695199999831,None,336.5045822000001,336.5195642,336.7695316999999,336.7530038000001,336.7534296,336.7695316999999,336.7695316999999,337.7695631,337.7695631,337.7530839,0,-3,,,,,,,,,,,,,,,,202604,,C,2026-08-01_12h45.50.488,valence_final_v2,2024.2.4,60,2026-08-01 12h46.07.947797 -0600,
13,13,0,3,1,flat_comp,115,3.7,0.34,1.0,-0.176,flat,flat_curv,0.2,-0.2,-0.34,rew,input_data/stims/Shape_3.70_1.00.png,input_data/stims/Shape_4.00_2.00.png,input_data/stims/Shape_0.00_2.00.png,1,-1,1.0,-1.0,1,None,,,up,0.8868540999999368,None,None,None,['left'],[0.5685645000000932],[None],up,0.9045963999999458,None,1,0,1,0,0,13,13,35,337.7695631,,,,,,,,,,,,,,,,,337.7537215000001,0.0006412000000182161,338.83809400000007,338.8386369000001,338.85290739999994,339.85292390000006,339.83644659999993,339.8368815,0.0004453999999896041,341.2216801999999,341.2229000000001,341.2362925000001,341.2362925000001,341.2362925000001,341.2362925000001,341.2362925000001,341.2362925000001,341.2362925000001,342.1544146,"[-0.176, -0.176, -0.176, -0.176, -0.176, -0.176, -0.176, -0.176, -0.176, -0.176, -0.176, -0.176, -0.176, -0.176, -0.176, -0.176, -0.176, -0.176, -0.176, -0.176, -0.176, -0.176, -0.176, -0.176, -0.176, -0.176, -0.176, -0.176, -0.176, -0.176, -0.176, -0.176, -0.176, -0.176, -0.176, -0.176, -0.184, -0.192, -0.2, -0.208, -0.216, -0.224, -0.232, -0.24, -0.248, -0.256, -0.264, -0.272, -0.28, -0.288, -0.296, -0.304, -0.312, -0.32, -0.328, -0.336, -0.344]",None,None,['left'],[0.5685645000000932],[None],up,0.9045963999999458,None,342.15482099999997,342.1696912000001,342.4196914999999,342.4031578999999,342.4035465999999,342.4196914999999,,343.419722,,343.40325040000005,1,3,342.4196914999999,343.419722,,,,,,,,,,,,,,202604,,C,2026-08-01_12h45.50.488,valence_final_v2,2024.2.4,60,2026-08-01 12h46.07.947797 -0600,
14,14,0,3,1,flat_comp,114,3.7,0.34,3.0,0.216,flat,curv_flat,0.2,0.2,0.34,rew,input_data/stims/Shape_3.70_3.00.png,input_data/stims/Shape_0.00_2.00.png,input_data/stims/Shape_4.00_2.00.png,1,1,1.0,1.0,1,None,,,up,0.8868540999999368,None,None,None,['right'],[0.6324657000000116],[0.2319583999999395],up,1.0244314999999915,None,1,0,1,0,0,14,14,34,343.419722,,,,,,,,,,,,,,,,,343.4039173,0.000670200000058685,344.3381283,344.3386099999999,344.3530864999999,345.35310029999994,345.3365989,345.33704079999995,0.00045269999986885523,346.8207573000001,346.8220275,346.83644919999995,346.83644919999995,346.83644919999995,346.83644919999995,346.83644919999995,346.83644919999995,346.83644919999995,347.8709169,"[0.216, 0.216, 0.216, 0.216, 0.216, 0.216, 0.216, 0.216, 0.216, 0.216, 0.216, 0.216, 0.216, 0.216, 0.216, 0.216, 0.216, 0.216, 0.216, 0.216, 0.216, 0.216, 0.216, 0.216, 0.216, 0.216, 0.216, 0.216, 0.216, 0.216, 0.216, 0.216, 0.216, 0.216, 0.216, 0.216, 0.216, 0.216, 0.216, 0.224, 0.232, 0.24, 0.248, 0.256, 0.264, 0.272, 0.28, 0.288, 0.296, 0.304, 0.312, 0.32, 0.328, 0.328, 0.328, 0.328, 0.328, 0.328, 0.328, 0.328, 0.328, 0.328, 0.328, 0.328]",None,None,['right'],[0.6324657000000116],[0.2319583999999395],up,1.0244314999999915,None,347.8713216,347.88647520000006,348.13655000000006,348.12000509999996,348.1204311,348.13655000000006,,349.1365334999999,,349.1200616,1,3,348.13655000000006,349.1365334999999,,,,,,,,,,,,,,202604,,C,2026-08-01_12h45.50.488,valence_final_v2,2024.2.4,60,2026-08-01 12h46.07.947797 -0600,
15,15,0,3,1,flat_comp,89,1.9,-0.02,1.0,-0.296,curv,flat_curv,0.2,-0.2,0.02,pen,input_data/stims/Shape_1.90_1.00.png,input_data/stims/Shape_4.00_2.00.png,input_data/stims/Shape_0.00_2.00.png,-1,-1,-1.0,-1.0,-1,None,,,up,0.8868540999999368,None,None,None,['right'],[0.9375425000000632],[None],up,1.321527900000092,None,1,0,1,0,0,15,15,9,349.1365334999999,,,,,,,,,,,,,,,,,349.1207206,0.0006627999998727319,350.2050608999999,350.20544929999994,350.2199273,351.21995359999994,351.20339509999997,351.20382729999994,0.00044160000015835976,352.5882705,352.5895319,352.60332329999994,352.60332329999994,352.60332329999994,352.60332329999994,352.60332329999994,352.60332329999994,352.60332329999994,353.9381121,"[-0.296, -0.296, -0.296, -0.296, -0.296, -0.296, -0.296, -0.296, -0.296, -0.296, -0.296, -0.296, -0.296, -0.296, -0.296, -0.296, -0.296, -0.296, -0.296, -0.296, -0.296, -0.296, -0.296, -0.296, -0.296, -0.296, -0.296, -0.296, -0.296, -0.296, -0.296, -0.296, -0.296, -0.296, -0.296, -0.296, -0.296, -0.296, -0.296, -0.296, -0.296, -0.296, -0.296, -0.296, -0.296, -0.296, -0.296, -0.296, -0.296, -0.296, -0.296, -0.296, -0.296, -0.296, -0.296, -0.296, -0.296, -0.296, -0.288, -0.28, -0.272, -0.264, -0.256, -0.248, -0.24, -0.232, -0.224, -0.216, -0.208, -0.2, -0.192, -0.184, -0.176, -0.168, -0.16, -0.152, -0.144, -0.136, -0.128, -0.12, -0.112, -0.104]",None,None,['right'],[0.9375425000000632],[None],up,1.321527900000092,None,353.9385003000001,353.9533041000001,354.20331010000007,354.1868353000001,354.1872503999999,354.20331010000007,,355.2033528999999,,355.18703730000004,1,1,,,354.20331010000007,355.2033528999999,,,,,,,,,,,,202604,,C,2026-08-01_12h45.50.488,valence_final_v2,2024.2.4,60,2026-08-01 12h46.07.947797 -0600,
16,16,0,3,1,flat_comp,100,3.1,0.22,1.0,0.288,flat,curv_flat,0.2,0.2,0.22,rew,input_data/stims/Shape_3.10_1.00.png,input_data/stims/Shape_0.00_2.00.png,input_data/stims/Shape_4.00_2.00.png,1,1,1.0,-1.0,1,None,,,up,0.8868540999999368,None,None,None,['left'],[1.3707099999999173],[0.1360647000001336],up,1.6106987999999092,None,1,0,1,0,0,16,16,20,355.2033528999999,,,,,,,,,,,,,,,,,355.18769009999994,0.0006536999999298132,356.2219718,356.2224580999999,356.2367481,357.2367726000001,357.22029800000007,357.22073639999996,0.00045030000001133885,358.5552282,358.55697180000004,358.5701711999999,358.5701711999999,358.5701711999999,358.5701711999999,358.5701711999999,358.5701711999999,358.5701711999999,360.1879095999999,"[0.288, 0.288, 0.288, 0.288, 0.288, 0.288, 0.288, 0.288, 0.288, 0.288, 0.288, 0.288, 0.288, 0.288, 0.288, 0.288, 0.288, 0.288, 0.288, 0.288, 0.288, 0.288, 0.288, 0.288, 0.288, 0.288, 0.288, 0.288, 0.288, 0.288, 0.288, 0.288, 0.288, 0.288, 0.288, 0.288, 0.288, 0.288, 0.288, 0.288, 0.288, 0.288, 0.288, 0.288, 0.288, 0.288, 0.288, 0.288, 0.288, 0.288, 0.288, 0.288, 0.288, 0.288, 0.288, 0.288, 0.288, 0.288, 0.288, 0.288, 0.288, 0.288, 0.288, 0.288, 0.288, 0.288, 0.288, 0.288, 0.288, 0.288, 0.288, 0.288, 0.288, 0.288, 0.288, 0.288, 0.288, 0.288, 0.288, 0.288, 0.288, 0.288, 0.288, 0.288, 0.28, 0.272, 0.264, 0.256, 0.248, 0.24, 0.232, 0.224, 0.224, 0.224, 0.224, 0.224, 0.224, 0.224, 0.224]",None,None,['left'],[1.3707099999999173],[0.1360647000001336],up,1.6106987999999092,None,360.18835350000006,360.203494,360.4534986,360.4370375,360.4374563,360.4534986,,361.45357150000007,,361.4370702,1,3,360.4534986,361.45357150000007,,,,,,,,,,,,,,202604,,C,2026-08-01_12h45.50.488,valence_final_v2,2024.2.4,60,2026-08-01 12h46.07.947797 -0600,
17,17,0,3,1,flat_comp,110,3.5,0.3,3.0,0.352,flat,curv_flat,0.2,0.2,0.3,rew,input_data/stims/Shape_3.50_3.00.png,input_data/stims/Shape_0.00_2.00.png,input_data/stims/Shape_4.00_2.00.png,1,1,1.0,1.0,1,None,,,up,0.8868540999999368,None,None,None,['left'],[0.8605748999998468],[0.17594130000020414],up,1.1165733000000273,None,1,0,1,0,0,17,17,30,361.45357150000007,,,,,,,,,,,,,,,,,361.4377204000001,0.0006527999998979794,362.47307220000005,362.47358399999996,362.48693650000007,363.4869417000001,363.470459,363.4709196,0.0004725000001144508,364.9052937,364.90656750000005,364.9203441000001,364.9203441000001,364.9203441000001,364.9203441000001,364.9203441000001,364.9203441000001,364.9203441000001,366.03811069999995,"[0.352, 0.352, 0.352, 0.352, 0.352, 0.352, 0.352, 0.352, 0.352, 0.352, 0.352, 0.352, 0.352, 0.352, 0.352, 0.352, 0.352, 0.352, 0.352, 0.352, 0.352, 0.352, 0.352, 0.352, 0.352, 0.352, 0.352, 0.352, 0.352, 0.352, 0.352, 0.352, 0.352, 0.352, 0.352, 0.352, 0.352, 0.352, 0.352, 0.352, 0.352, 0.352, 0.352, 0.352, 0.352, 0.352, 0.352, 0.352, 0.352, 0.352, 0.352, 0.352, 0.352, 0.344, 0.336, 0.328, 0.32, 0.312, 0.304, 0.296, 0.288, 0.28, 0.272, 0.264, 0.264, 0.264, 0.264, 0.264, 0.264]",None,None,['left'],[0.8605748999998468],[0.17594130000020414],up,1.1165733000000273,None,366.0385084999999,366.05369899999994,366.3036857999999,366.2872437,366.28764280000007,366.3036857999999,,367.3037000999999,,367.2872653999999,1,3,366.3036857999999,367.3037000999999,,,,,,,,,,,,,,202604,,C,2026-08-01_12h45.50.488,valence_final_v2,2024.2.4,60,2026-08-01 12h46.07.947797 -0600,
18,18,0,3,1,flat_comp,98,2.9,0.18,1.0,0.004,curv,curv_flat,0.2,0.2,0.18,pen,input_data/stims/Shape_2.90_1.00.png,input_data/stims/Shape_0.00_2.00.png,input_data/stims/Shape_4.00_2.00.png,-1,1,-1.0,-1.0,-1,None,,,up,0.8868540999999368,None,None,None,['right'],[0.7063687000002119],[None],up,1.13034800000014,None,1,0,1,0,0,18,18,18,367.3037000999999,,,,,,,,,,,,,,,,,367.28787,0.0006081999999878462,368.17209990000003,368.1725330999999,368.18714420000003,369.1871708,369.17064130000006,369.1710947,0.000448399999868343,370.55532630000005,370.5566785,370.57053329999997,370.57053329999997,370.57053329999997,370.57053329999997,370.57053329999997,370.57053329999997,370.57053329999997,371.7053325999999,"[0.004, 0.004, 0.004, 0.004, 0.004, 0.004, 0.004, 0.004, 0.004, 0.004, 0.004, 0.004, 0.004, 0.004, 0.004, 0.004, 0.004, 0.004, 0.004, 0.004, 0.004, 0.004, 0.004, 0.004, 0.004, 0.004, 0.004, 0.004, 0.004, 0.004, 0.004, 0.004, 0.004, 0.004, 0.004, 0.004, 0.004, 0.004, 0.004, 0.004, 0.004, 0.004, 0.004, 0.004, 0.012, 0.02, 0.028, 0.036, 0.044, 0.052, 0.06, 0.068, 0.076, 0.084, 0.092, 0.1, 0.108, 0.116, 0.124, 0.132, 0.14, 0.148, 0.156, 0.164, 0.172, 0.18, 0.188, 0.196, 0.204, 0.212]",None,None,['right'],[0.7063687000002119],[None],up,1.13034800000014,None,371.7057017000001,371.7207187,371.97068,371.9540697000001,371.9544571,371.97068,371.97068,372.9707181,372.9707181,372.9541330999999,0,-3,,,,,,,,,,,,,,,,202604,,C,2026-08-01_12h45.50.488,valence_final_v2,2024.2.4,60,2026-08-01 12h46.07.947797 -0600,
19,19,0,3,1,flat_comp,95,2.5,0.1,1.0,0.308,curv,flat_curv,0.2,-0.2,-0.1,pen,input_data/stims/Shape_2.50_1.00.png,input_data/stims/Shape_4.00_2.00.png,input_data/stims/Shape_0.00_2.00.png,-1,-1,1.0,-1.0,-1,None,,,up,0.8868540999999368,None,None,None,['left'],[0.5611833000000388],[None],up,1.7450682000001052,None,1,0,1,0,0,19,19,15,372.9707181,,,,,,,,,,,,,,,,,372.9547649,0.0006341000000702479,373.8894609,373.8898533,373.9047670000001,374.9042771999999,374.8879261999999,374.88838939999994,0.000474400000030073,376.3723291,376.3736834,376.3877031999999,376.3877031999999,376.3877031999999,376.3877031999999,376.3877031999999,376.3877031999999,376.3877031999999,378.1392996999999,"[0.308, 0.308, 0.308, 0.308, 0.308, 0.308, 0.308, 0.308, 0.308, 0.308, 0.308, 0.308, 0.308, 0.308, 0.308, 0.308, 0.308, 0.308, 0.308, 0.308, 0.308, 0.308, 0.308, 0.308, 0.308, 0.308, 0.308, 0.308, 0.308, 0.308, 0.308, 0.308, 0.308, 0.308, 0.308, 0.3, 0.292, 0.284, 0.276, 0.268, 0.26, 0.252, 0.244, 0.236, 0.228, 0.22, 0.212, 0.204, 0.196, 0.188, 0.18, 0.172, 0.164, 0.156, 0.148, 0.14, 0.132, 0.124, 0.116, 0.108, 0.1, 0.092, 0.084, 0.076, 0.068, 0.06, 0.052, 0.044, 0.036, 0.028, 0.02, 0.012, 0.004, -0.004, -0.012, -0.02, -0.028, -0.036, -0.044, -0.052, -0.06, -0.068, -0.076, -0.084, -0.092, -0.1, -0.108, -0.116, -0.124, -0.132, -0.14, -0.148, -0.156, -0.164, -0.172, -0.18, -0.188, -0.196, -0.204, -0.212, -0.22, -0.228, -0.236, -0.244, -0.252, -0.26, -0.268]",None,None,['left'],[0.5611833000000388],[None],up,1.7450682000001052,None,378.1397174,378.15485019999994,378.4048753999999,378.3878691000001,378.3882560999999,378.4048753999999,378.4048753999999,379.4048893999999,379.4048893999999,379.3878229999999,0,-3,,,,,,,,,,,,,,,,202604,,C,2026-08-01_12h45.50.488,valence_final_v2,2024.2.4,60,2026-08-01 12h46.07.947797 -0600,
20,20,0,3,1,flat_comp,94,2.5,0.1,3.0,-0.38,curv,curv_flat,0.2,0.2,0.1,pen,input_data/stims/Shape_2.50_3.00.png,input_data/stims/Shape_0.00_2.00.png,input_data/stims/Shape_4.00_2.00.png,-1,1,-1.0,1.0,-1,None,,,up,0.8868540999999368,None,None,None,['right'],[0.39736470000002555],[None],up,1.6853158000001258,None,1,0,1,0,0,20,20,14,379.4048893999999,,,,,,,,,,,,,,,,,379.38846939999996,0.0006508999999823573,380.27222130000007,380.27263819999996,380.28787079999995,381.2877454999999,381.2712888,381.2717223000001,0.00044449999995777034,382.6554482,382.6567646,382.6715576,382.6715576,382.6715576,382.6715576,382.6715576,382.6715576,382.6715576,384.37263139999993,"[-0.38, -0.38, -0.38, -0.38, -0.38, -0.38, -0.38, -0.38, -0.38, -0.38, -0.38, -0.38, -0.38, -0.38, -0.38, -0.38, -0.38, -0.38, -0.38, -0.38, -0.38, -0.38, -0.38, -0.38, -0.38, -0.372, -0.364, -0.356, -0.348, -0.34, -0.332, -0.324, -0.316, -0.308, -0.3, -0.292, -0.284, -0.276, -0.268, -0.26, -0.252, -0.244, -0.236, -0.228, -0.22, -0.212, -0.204, -0.196, -0.188, -0.18, -0.172, -0.164, -0.156, -0.148, -0.14, -0.132, -0.124, -0.116, -0.108, -0.1, -0.092, -0.084, -0.076, -0.068, -0.06, -0.052, -0.044, -0.036, -0.028, -0.02, -0.012, -0.004, 0.004, 0.012, 0.02, 0.028, 0.036, 0.044, 0.052, 0.06, 0.068, 0.076, 0.084, 0.092, 0.1, 0.108, 0.116, 0.124, 0.132, 0.14, 0.148, 0.156, 0.164, 0.172, 0.18, 0.188, 0.196, 0.204, 0.212, 0.22, 0.228, 0.236, 0.244, 0.252]",None,None,['right'],[0.39736470000002555],[None],up,1.6853158000001258,None,384.3730007999999,384.3879740000001,384.6379378999999,384.62138429999993,384.62178099999994,384.6379378999999,384.6379378999999,385.6379115000001,385.6379115000001,385.62143649999996,0,-3,,,,,,,,,,,,,,,,202604,,C,2026-08-01_12h45.50.488,valence_final_v2,2024.2.4,60,2026-08-01 12h46.07.947797 -0600,
21,21,0,3,1,flat_comp,105,3.3,0.26,3.0,0.248,flat,flat_curv,0.2,-0.2,-0.26,rew,input_data/stims/Shape_3.30_3.00.png,input_data/stims/Shape_4.00_2.00.png,input_data/stims/Shape_0.00_2.00.png,1,-1,1.0,1.0,1,None,,,up,0.8868540999999368,None,None,None,['left'],[0.5575873000000229],[None],up,1.6297083000001749,None,1,0,1,0,0,21,21,25,385.6379115000001,,,,,,,,,,,,,,,,,385.62207520000004,0.0006418000000394386,386.50631770000007,386.50677669999993,386.52128529999993,387.52131240000006,387.50528470000006,387.50576119999994,0.0004874999999628926,388.83945030000007,388.84077609999997,388.8552576000001,388.8552576000001,388.8552576000001,388.8552576000001,388.8552576000001,388.8552576000001,388.8552576000001,390.4894068,"[0.248, 0.248, 0.248, 0.248, 0.248, 0.248, 0.248, 0.248, 0.248, 0.248, 0.248, 0.248, 0.248, 0.248, 0.248, 0.248, 0.248, 0.248, 0.248, 0.248, 0.248, 0.248, 0.248, 0.248, 0.248, 0.248, 0.248, 0.248, 0.248, 0.248, 0.248, 0.248, 0.248, 0.248, 0.248, 0.24, 0.232, 0.224, 0.216, 0.208, 0.2, 0.192, 0.184, 0.176, 0.168, 0.16, 0.152, 0.144, 0.136, 0.128, 0.12, 0.112, 0.104, 0.096, 0.088, 0.08, 0.072, 0.064, 0.056, 0.048, 0.04, 0.032, 0.024, 0.016, 0.008, 0.0, -0.008, -0.016, -0.024, -0.032, -0.04, -0.048, -0.056, -0.064, -0.072, -0.08, -0.088, -0.096, -0.104, -0.112, -0.12, -0.128, -0.136, -0.144, -0.152, -0.16, -0.168, -0.176, -0.184, -0.192, -0.2, -0.208, -0.216, -0.224, -0.232, -0.24, -0.248, -0.256, -0.264, -0.272]",None,None,['left'],[0.5575873000000229],[None],up,1.6297083000001749,None,390.4898153999999,390.50449420000007,390.75487570000007,390.7381466999999,390.7385581,390.75487570000007,,391.7545202,,391.7381672,1,3,390.75487570000007,391.7545202,,,,,,,,,,,,,,202604,,C,2026-08-01_12h45.50.488,valence_final_v2,2024.2.4,60,2026-08-01 12h46.07.947797 -0600,
22,22,0,3,1,flat_comp,82,1.3,-0.14,1.0,-0.36,curv,curv_flat,0.2,0.2,-0.14,pen,input_data/stims/Shape_1.30_1.00.png,input_data/stims/Shape_0.00_2.00.png,input_data/stims/Shape_4.00_2.00.png,-1,1,-1.0,-1.0,-1,None,,,up,0.8868540999999368,None,None,None,['left'],[0.7035088999998607],[None],up,1.0794347999999445,None,1,0,1,0,0,22,22,2,391.7545202,,,,,,,,,,,,,,,,,391.7388130999999,0.0006499000000985689,392.77301150000005,392.77388299999996,392.78804520000006,393.788044,393.7715463999999,393.7719731000001,0.0004354999998668063,395.20747240000003,395.2088728,395.2214365000001,395.2214365000001,395.2214365000001,395.2214365000001,395.2214365000001,395.2214365000001,395.2214365000001,396.30617470000004,"[-0.36, -0.36, -0.36, -0.36, -0.36, -0.36, -0.36, -0.36, -0.36, -0.36, -0.36, -0.36, -0.36, -0.36, -0.36, -0.36, -0.36, -0.36, -0.36, -0.36, -0.36, -0.36, -0.36, -0.36, -0.36, -0.36, -0.36, -0.36, -0.36, -0.36, -0.36, -0.36, -0.36, -0.36, -0.36, -0.36, -0.36, -0.36, -0.36, -0.36, -0.36, -0.36, -0.36, -0.36, -0.368, -0.376, -0.384, -0.392, -0.4, -0.4, -0.4, -0.4, -0.4, -0.4, -0.4, -0.4, -0.4, -0.4, -0.4, -0.4, -0.4, -0.4, -0.4, -0.4, -0.4, -0.4, -0.4]",None,None,['left'],[0.7035088999998607],[None],up,1.0794347999999445,None,396.30655779999995,396.32146520000003,396.5714612999999,396.5548070000001,396.5552254999999,396.5714612999999,,397.57150409999997,,397.5552641999999,1,1,,,396.5714612999999,397.57150409999997,,,,,,,,,,,,202604,,C,2026-08-01_12h45.50.488,valence_final_v2,2024.2.4,60,2026-08-01 12h46.07.947797 -0600,
23,23,0,3,1,flat_comp,97,2.7,0.14,1.0,0.216,curv,flat_curv,0.2,-0.2,-0.14,pen,input_data/stims/Shape_2.70_1.00.png,input_data/stims/Shape_4.00_2.00.png,input_data/stims/Shape_0.00_2.00.png,-1,-1,1.0,-1.0,-1,None,,,up,0.8868540999999368,None,None,None,['left'],[1.1106406000001243],[None],up,1.4145963000000847,None,1,0,1,0,0,23,23,17,397.57150409999997,,,,,,,,,,,,,,,,,397.55586890000006,0.0006071999998766842,398.5906197999999,398.5912790000001,398.60514780000005,399.6048784999999,399.5883949,399.58888020000006,0.0004966999999851396,401.0226417,401.0239072999999,401.0382578,401.0382578,401.0382578,401.0382578,401.0382578,401.0382578,401.0382578,402.4566467000001,"[0.216, 0.216, 0.216, 0.216, 0.216, 0.216, 0.216, 0.216, 0.216, 0.216, 0.216, 0.216, 0.216, 0.216, 0.216, 0.216, 0.216, 0.216, 0.216, 0.216, 0.216, 0.216, 0.216, 0.216, 0.216, 0.216, 0.216, 0.216, 0.216, 0.216, 0.216, 0.216, 0.216, 0.216, 0.216, 0.216, 0.216, 0.216, 0.216, 0.216, 0.216, 0.216, 0.216, 0.216, 0.216, 0.216, 0.216, 0.216, 0.216, 0.216, 0.216, 0.216, 0.216, 0.216, 0.216, 0.216, 0.216, 0.216, 0.216, 0.216, 0.216, 0.216, 0.216, 0.216, 0.216, 0.216, 0.216, 0.216, 0.208, 0.2, 0.192, 0.184, 0.176, 0.168, 0.16, 0.152, 0.144, 0.136, 0.128, 0.12, 0.112, 0.104, 0.096, 0.088, 0.08, 0.072, 0.064]",None,None,['left'],[1.1106406000001243],[None],up,1.4145963000000847,None,402.45702900000003,402.47162289999994,402.7216374000001,402.7049817999999,402.70543770000006,402.7216374000001,,403.7216652000001,,403.7054265999999,1,1,,,402.7216374000001,403.7216652000001,,,,,,,,,,,,202604,,C,2026-08-01_12h45.50.488,valence_final_v2,2024.2.4,60,2026-08-01 12h46.07.947797 -0600,
24,24,0,3,1,flat_comp,90,2.1,0.02,3.0,0.112,curv,curv_flat,0.2,0.2,0.02,pen,input_data/stims/Shape_2.10_3.00.png,input_data/stims/Shape_0.00_2.00.png,input_data/stims/Shape_4.00_2.00.png,-1,1,-1.0,1.0,-1,None,,,up,0.8868540999999368,None,None,None,['right'],[0.6503697000000557],[None],up,1.0021088999999392,None,1,0,1,0,0,24,24,10,403.7216652000001,,,,,,,,,,,,,,,,,403.70605710000007,0.0006345000001601875,404.7403129999999,404.74112260000004,404.7550272,405.75490649999995,405.7385315,405.73900549999996,0.0004843000001528708,407.12359589999994,407.1255276999999,407.1387662000001,407.1387662000001,407.1387662000001,407.1387662000001,407.1387662000001,407.1387662000001,407.1387662000001,408.156871,"[0.112, 0.112, 0.112, 0.112, 0.112, 0.112, 0.112, 0.112, 0.112, 0.112, 0.112, 0.112, 0.112, 0.112, 0.112, 0.112, 0.112, 0.112, 0.112, 0.112, 0.112, 0.112, 0.112, 0.112, 0.112, 0.112, 0.112, 0.112, 0.112, 0.112, 0.112, 0.112, 0.112, 0.112, 0.112, 0.112, 0.112, 0.112, 0.112, 0.112, 0.112, 0.12, 0.128, 0.136, 0.144, 0.152, 0.16, 0.168, 0.176, 0.184, 0.192, 0.2, 0.208, 0.216, 0.224, 0.232, 0.24, 0.248, 0.256, 0.264, 0.272, 0.28, 0.288]",None,None,['right'],[0.6503697000000557],[None],up,1.0021088999999392,None,408.1572559,408.1717872999999,408.42181059999996,408.4052823999999,408.4056718999999,408.42181059999996,408.42181059999996,409.4218265999999,409.4218265999999,409.4055806,0,-3,,,,,,,,,,,,,,,,202604,,C,2026-08-01_12h45.50.488,valence_final_v2,2024.2.4,60,2026-08-01 12h46.07.947797 -0600,
25,25,0,3,1,flat_comp,88,1.9,-0.02,3.0,-0.168,curv,curv_flat,0.2,0.2,-0.02,pen,input_data/stims/Shape_1.90_3.00.png,input_data/stims/Shape_0.00_2.00.png,input_data/stims/Shape_4.00_2.00.png,-1,1,-1.0,1.0,-1,None,,,up,0.8868540999999368,None,None,None,"['right', 'right']","[0.7503454999998667, 1.7263100999998642]","[0.35994879999998375, 0.18405100000018138]",up,1.9103611000000456,None,1,0,1,0,0,25,25,8,409.4218265999999,,,,,,,,,,,,,,,,,409.4062121999999,0.0006350999999540363,410.3401854,410.3410666000001,410.3554307999999,411.3550670000001,411.33869930000003,411.33919690000005,0.0005099999998492422,412.6237801000001,412.6250744,412.6385836999999,412.6385836999999,412.6385836999999,412.6385836999999,412.6385836999999,412.6385836999999,412.6385836999999,414.5568167,"[-0.168, -0.168, -0.168, -0.168, -0.168, -0.168, -0.168, -0.168, -0.168, -0.168, -0.168, -0.168, -0.168, -0.168, -0.168, -0.168, -0.168, -0.168, -0.168, -0.168, -0.168, -0.168, -0.168, -0.168, -0.168, -0.168, -0.168, -0.168, -0.168, -0.168, -0.168, -0.168, -0.168, -0.168, -0.168, -0.168, -0.168, -0.168, -0.168, -0.168, -0.168, -0.168, -0.168, -0.168, -0.168, -0.168, -0.168, -0.16, -0.152, -0.144, -0.136, -0.128, -0.12, -0.112, -0.104, -0.096, -0.088, -0.08, -0.072, -0.064, -0.056, -0.048, -0.04, -0.032, -0.024, -0.016, -0.008, 0.0, 0.0, 0.0, 0.0, 0.0, 0.0, 0.0, 0.0, 0.0, 0.0, 0.0, 0.0, 0.0, 0.0, 0.0, 0.0, 0.0, 0.0, 0.0, 0.0, 0.0, 0.0, 0.0, 0.0, 0.0, 0.0, 0.0, 0.0, 0.0, 0.0, 0.0, 0.0, 0.0, 0.0, 0.0, 0.0, 0.0, 0.0, 0.008, 0.016, 0.024, 0.032, 0.04, 0.048, 0.056, 0.064, 0.072, 0.08, 0.088, 0.088]",None,None,"['right', 'right']","[0.7503454999998667, 1.7263100999998642]","[0.35994879999998375, 0.18405100000018138]",up,1.9103611000000456,None,414.5572272999999,414.5719660000001,414.82196639999995,414.8053277,414.8057324,414.82196639999995,,415.8219917,,415.8057944000001,1,1,,,414.82196639999995,415.8219917,,,,,,,,,,,,202604,,C,2026-08-01_12h45.50.488,valence_final_v2,2024.2.4,60,2026-08-01 12h46.07.947797 -0600,
26,26,0,3,1,flat_comp,118,3.9,0.38,1.0,-0.104,flat,curv_flat,0.2,0.2,0.38,rew,input_data/stims/Shape_3.90_1.00.png,input_data/stims/Shape_0.00_2.00.png,input_data/stims/Shape_4.00_2.00.png,1,1,-1.0,-1.0,1,None,,,up,0.8868540999999368,None,None,None,['right'],[0.6142225999999482],[None],up,1.3741020999998454,None,1,0,1,0,0,26,26,38,415.8219917,,,,,,,,,,,,,,,,,415.80642,0.0006289000000379019,416.84099430000003,416.8414876999999,416.8558216,417.8552481999999,417.83886670000004,417.8393293999999,0.00047359999985019385,419.2239896,419.2253213,419.23876359999997,419.23876359999997,419.23876359999997,419.23876359999997,419.23876359999997,419.23876359999997,419.23876359999997,420.6235290000001,"[-0.104, -0.104, -0.104, -0.104, -0.104, -0.104, -0.104, -0.104, -0.104, -0.104, -0.104, -0.104, -0.104, -0.104, -0.104, -0.104, -0.104, -0.104, -0.104, -0.104, -0.104, -0.104, -0.104, -0.104, -0.104, -0.104, -0.104, -0.104, -0.104, -0.104, -0.104, -0.104, -0.104, -0.104, -0.104, -0.104, -0.104, -0.104, -0.096, -0.088, -0.08, -0.072, -0.064, -0.056, -0.048, -0.04, -0.032, -0.024, -0.016, -0.008, 0.0, 0.008, 0.016, 0.024, 0.032, 0.04, 0.048, 0.056, 0.064, 0.072, 0.08, 0.088, 0.096, 0.104, 0.112, 0.12, 0.128, 0.136, 0.144, 0.152, 0.16, 0.168, 0.176, 0.184, 0.192, 0.2, 0.208, 0.216, 0.224, 0.232, 0.24, 0.248, 0.256, 0.264, 0.272]",None,None,['right'],[0.6142225999999482],[None],up,1.3741020999998454,None,420.6238795999999,420.6388168,420.8888605000001,420.87231099999997,420.8727247999999,420.8888605000001,,421.8888313000001,,421.87234120000005,1,3,420.8888605000001,421.8888313000001,,,,,,,,,,,,,,202604,,C,2026-08-01_12h45.50.488,valence_final_v2,2024.2.4,60,2026-08-01 12h46.07.947797 -0600,
27,27,0,3,1,flat_comp,80,1.1,-0.18,3.0,0.328,curv,curv_flat,0.2,0.2,-0.18,pen,input_data/stims/Shape_1.10_3.00.png,input_data/stims/Shape_0.00_2.00.png,input_data/stims/Shape_4.00_2.00.png,-1,1,1.0,1.0,-1,None,,,up,0.8868540999999368,None,None,None,['left'],[0.8383467999999539],[None],up,1.2463663999999426,None,1,0,1,0,0,27,27,0,421.8888313000001,,,,,,,,,,,,,,,,,421.8729744000001,0.0006349000000227534,422.75785529999996,422.7582487000001,422.7722078999999,423.7723282999999,423.7563180000001,423.75674659999993,0.0004397000000153639,425.1908600999999,425.19207930000005,425.2065125999999,425.2065125999999,425.2065125999999,425.2065125999999,425.2065125999999,425.2065125999999,425.2065125999999,426.45773369999995,"[0.328, 0.328, 0.328, 0.328, 0.328, 0.328, 0.328, 0.328, 0.328, 0.328, 0.328, 0.328, 0.328, 0.328, 0.328, 0.328, 0.328, 0.328, 0.328, 0.328, 0.328, 0.328, 0.328, 0.328, 0.328, 0.328, 0.328, 0.328, 0.328, 0.328, 0.328, 0.328, 0.328, 0.328, 0.328, 0.328, 0.328, 0.328, 0.328, 0.328, 0.328, 0.328, 0.328, 0.328, 0.328, 0.328, 0.328, 0.328, 0.328, 0.328, 0.328, 0.328, 0.32, 0.312, 0.304, 0.296, 0.288, 0.28, 0.272, 0.264, 0.256, 0.248, 0.24, 0.232, 0.224, 0.216, 0.208, 0.2, 0.192, 0.184, 0.176, 0.168, 0.16, 0.152, 0.144, 0.136, 0.128]",None,None,['left'],[0.8383467999999539],[None],up,1.2463663999999426,None,426.45813680000003,426.47240769999996,426.72242070000004,426.70697540000003,426.7074017000001,426.72242070000004,,427.7224447,,427.7064325,1,1,,,426.72242070000004,427.7224447,,,,,,,,,,,,202604,,C,2026-08-01_12h45.50.488,valence_final_v2,2024.2.4,60,2026-08-01 12h46.07.947797 -0600,
28,28,0,3,1,flat_comp,81,1.1,-0.18,1.0,0.268,curv,flat_curv,0.2,-0.2,0.18,pen,input_data/stims/Shape_1.10_1.00.png,input_data/stims/Shape_4.00_2.00.png,input_data/stims/Shape_0.00_2.00.png,-1,-1,1.0,-1.0,-1,None,,,up,0.8868540999999368,None,None,None,['right'],[0.6620061999999507],[0.19199049999997442],up,0.9899905999998282,None,1,0,1,0,0,28,28,1,427.7224447,,,,,,,,,,,,,,,,,427.7070447,0.0006386000000020431,428.6911452999999,428.69154089999995,428.7063022000001,429.70628509999995,429.6893346999999,429.6897700999999,0.0004463000000214379,431.0251460999999,431.0265066999999,431.0388733000001,431.0388733000001,431.0388733000001,431.0388733000001,431.0388733000001,431.0388733000001,431.0388733000001,432.03992619999997,"[0.268, 0.268, 0.268, 0.268, 0.268, 0.268, 0.268, 0.268, 0.268, 0.268, 0.268, 0.268, 0.268, 0.268, 0.268, 0.268, 0.268, 0.268, 0.268, 0.268, 0.268, 0.268, 0.268, 0.268, 0.268, 0.268, 0.268, 0.268, 0.268, 0.268, 0.268, 0.268, 0.268, 0.268, 0.268, 0.268, 0.268, 0.268, 0.268, 0.268, 0.268, 0.276, 0.284, 0.292, 0.3, 0.308, 0.316, 0.324, 0.332, 0.34, 0.348, 0.356, 0.364, 0.364, 0.364, 0.364, 0.364, 0.364, 0.364, 0.364, 0.364, 0.364]",None,None,['right'],[0.6620061999999507],[0.19199049999997442],up,0.9899905999998282,None,432.0403161999999,432.05550389999996,432.3055046999999,432.2890655,432.2894969,432.3055046999999,,433.3055336000001,,433.2891157,1,1,,,432.3055046999999,433.3055336000001,,,,,,,,,,,,202604,,C,2026-08-01_12h45.50.488,valence_final_v2,2024.2.4,60,2026-08-01 12h46.07.947797 -0600,
29,29,0,3,1,flat_comp,108,3.5,0.3,1.0,-0.268,flat,curv_flat,0.2,0.2,0.3,rew,input_data/stims/Shape_3.50_1.00.png,input_data/stims/Shape_0.00_2.00.png,input_data/stims/Shape_4.00_2.00.png,1,1,-1.0,-1.0,1,None,,,up,0.8868540999999368,None,None,None,['right'],[0.6725052000001597],[None],up,1.7605436000001191,None,1,0,1,0,0,29,29,28,433.3055336000001,,,,,,,,,,,,,,,,,433.28973800000006,0.000626100000090446,434.27494349999995,434.2754430000001,434.2889484000001,435.2889815,435.27248569999995,435.2729243,0.00044930000012755045,436.7571626,436.7585759,436.7723508,436.7723508,436.7723508,436.7723508,436.7723508,436.7723508,436.7723508,438.54053579999993,"[-0.268, -0.268, -0.268, -0.268, -0.268, -0.268, -0.268, -0.268, -0.268, -0.268, -0.268, -0.268, -0.268, -0.268, -0.268, -0.268, -0.268, -0.268, -0.268, -0.268, -0.268, -0.268, -0.268, -0.268, -0.268, -0.268, -0.268, -0.268, -0.268, -0.268, -0.268, -0.268, -0.268, -0.268, -0.268, -0.268, -0.268, -0.268, -0.268, -0.268, -0.268, -0.268, -0.26, -0.252, -0.244, -0.236, -0.228, -0.22, -0.212, -0.204, -0.196, -0.188, -0.18, -0.172, -0.164, -0.156, -0.148, -0.14, -0.132, -0.124, -0.116, -0.108, -0.1, -0.092, -0.084, -0.076, -0.068, -0.06, -0.052, -0.044, -0.036, -0.028, -0.02, -0.012, -0.004, 0.004, 0.012, 0.02, 0.028, 0.036, 0.044, 0.052, 0.06, 0.068, 0.076, 0.084, 0.092, 0.1, 0.108, 0.116, 0.124, 0.132, 0.14, 0.148, 0.156, 0.164, 0.172, 0.18, 0.188, 0.196, 0.204, 0.212, 0.22, 0.228, 0.236, 0.244, 0.252, 0.26]",None,None,['right'],[0.6725052000001597],[None],up,1.7605436000001191,None,438.5409346,438.55569320000006,438.8056843999999,438.7892350000001,438.7896363000001,438.8056843999999,,439.8057107000001,,439.7892763000001,1,3,438.8056843999999,439.8057107000001,,,,,,,,,,,,,,202604,,C,2026-08-01_12h45.50.488,valence_final_v2,2024.2.4,60,2026-08-01 12h46.07.947797 -0600,
30,30,0,3,1,flat_comp,87,1.7,-0.06,1.0,-0.06,curv,flat_curv,0.2,-0.2,0.06,pen,input_data/stims/Shape_1.70_1.00.png,input_data/stims/Shape_4.00_2.00.png,input_data/stims/Shape_0.00_2.00.png,-1,-1,1.0,-1.0,-1,None,,,up,0.8868540999999368,None,None,None,['left'],[0.688320099999828],[None],up,1.1043592999999419,None,1,0,1,0,0,30,30,7,439.8057107000001,,,,,,,,,,,,,,,,,439.7898861,0.0006128999998509244,440.7248846000001,440.7255867,440.73913260000006,441.7391461000001,441.7226535000001,441.7231379000001,0.000494000000117012,443.1569014999999,443.1581327,443.1725350999999,443.1725350999999,443.1725350999999,443.1725350999999,443.1725350999999,443.1725350999999,443.1725350999999,444.2905870999999,"[-0.06, -0.06, -0.06, -0.06, -0.06, -0.06, -0.06, -0.06, -0.06, -0.06, -0.06, -0.06, -0.06, -0.06, -0.06, -0.06, -0.06, -0.06, -0.06, -0.06, -0.06, -0.06, -0.06, -0.06, -0.06, -0.06, -0.06, -0.06, -0.06, -0.06, -0.06, -0.06, -0.06, -0.06, -0.06, -0.06, -0.06, -0.06, -0.06, -0.06, -0.06, -0.06, -0.06, -0.068, -0.076, -0.084, -0.092, -0.1, -0.108, -0.116, -0.124, -0.132, -0.14, -0.148, -0.156, -0.164, -0.172, -0.18, -0.188, -0.196, -0.204, -0.212, -0.22, -0.228, -0.236, -0.244, -0.252, -0.26, -0.268]",None,None,['left'],[0.688320099999828],[None],up,1.1043592999999419,None,444.2909753,444.3058622,444.5558537999999,444.5393769000001,444.53977240000006,444.5558537999999,444.5558537999999,445.5558844000001,445.5558844000001,445.53945450000003,0,-3,,,,,,,,,,,,,,,,202604,,C,2026-08-01_12h45.50.488,valence_final_v2,2024.2.4,60,2026-08-01 12h46.07.947797 -0600,
31,31,0,3,1,flat_comp,96,2.7,0.14,1.0,-0.024,curv,curv_flat,0.2,0.2,0.14,pen,input_data/stims/Shape_2.70_1.00.png,input_data/stims/Shape_0.00_2.00.png,input_data/stims/Shape_4.00_2.00.png,-1,1,-1.0,-1.0,-1,None,,,up,0.8868540999999368,None,None,None,['right'],[0.5201888999999937],[None],up,0.9601323000001685,None,1,0,1,0,0,31,31,16,445.5558844000001,,,,,,,,,,,,,,,,,445.5400618,0.0006101000001308421,446.4239217999999,446.4243319000001,446.4392947,447.43932329999996,447.4228217000001,447.4232591000001,0.00044930000012755045,448.7572137000001,448.7586204999999,448.7726865000001,448.7726865000001,448.7726865000001,448.7726865000001,448.7726865000001,448.7726865000001,448.7726865000001,449.74082409999994,"[-0.024, -0.024, -0.024, -0.024, -0.024, -0.024, -0.024, -0.024, -0.024, -0.024, -0.024, -0.024, -0.024, -0.024, -0.024, -0.024, -0.024, -0.024, -0.024, -0.024, -0.024, -0.024, -0.024, -0.024, -0.024, -0.024, -0.024, -0.024, -0.024, -0.024, -0.024, -0.024, -0.024, -0.016, -0.008, 0.0, 0.008, 0.016, 0.024, 0.032, 0.04, 0.048, 0.056, 0.064, 0.072, 0.08, 0.088, 0.096, 0.104, 0.112, 0.12, 0.128, 0.136, 0.144, 0.152, 0.16, 0.168, 0.176, 0.184, 0.192]",None,None,['right'],[0.5201888999999937],[None],up,0.9601323000001685,None,449.74121290000005,449.7560073000001,450.0060665,449.9895732000001,449.9899812,450.0060665,,451.0060334000001,,450.98958619999996,1,1,,,450.0060665,451.0060334000001,,,,,,,,,,,,202604,,C,2026-08-01_12h45.50.488,valence_final_v2,2024.2.4,60,2026-08-01 12h46.07.947797 -0600,
32,32,0,3,1,flat_comp,107,3.3,0.26,1.0,0.324,flat,flat_curv,0.2,-0.2,-0.26,rew,input_data/stims/Shape_3.30_1.00.png,input_data/stims/Shape_4.00_2.00.png,input_data/stims/Shape_0.00_2.00.png,1,-1,1.0,-1.0,1,None,,,up,0.8868540999999368,None,None,None,['left'],[0.5881202000000485],[None],up,1.7480898000001162,None,1,0,1,0,0,32,32,27,451.0060334000001,,,,,,,,,,,,,,,,,450.9902203999999,0.0006375000000389264,451.9752135,451.9756513000001,451.98944330000006,452.9894714999999,452.9729595,452.97340640000004,0.00045860000000175205,454.25693809999996,454.2582730999999,454.2728079,454.2728079,454.2728079,454.2728079,454.2728079,454.2728079,454.2728079,456.0242747000001,"[0.324, 0.324, 0.324, 0.324, 0.324, 0.324, 0.324, 0.324, 0.324, 0.324, 0.324, 0.324, 0.324, 0.324, 0.324, 0.324, 0.324, 0.324, 0.324, 0.324, 0.324, 0.324, 0.324, 0.324, 0.324, 0.324, 0.324, 0.324, 0.324, 0.324, 0.324, 0.324, 0.324, 0.324, 0.324, 0.324, 0.324, 0.316, 0.308, 0.3, 0.292, 0.284, 0.276, 0.268, 0.26, 0.252, 0.244, 0.236, 0.228, 0.22, 0.212, 0.204, 0.196, 0.188, 0.18, 0.172, 0.164, 0.156, 0.148, 0.14, 0.132, 0.124, 0.116, 0.108, 0.1, 0.092, 0.084, 0.076, 0.068, 0.06, 0.052, 0.044, 0.036, 0.028, 0.02, 0.012, 0.004, -0.004, -0.012, -0.02, -0.028, -0.036, -0.044, -0.052, -0.06, -0.068, -0.076, -0.084, -0.092, -0.1, -0.108, -0.116, -0.124, -0.132, -0.14, -0.148, -0.156, -0.164, -0.172, -0.18, -0.188, -0.196, -0.204, -0.212, -0.22, -0.228, -0.236]",None,None,['left'],[0.5881202000000485],[None],up,1.7480898000001162,None,456.0246524999999,456.03955929999995,456.28957660000003,456.2731396999999,456.2735328,456.28957660000003,,457.2895869,,457.2730613,1,3,456.28957660000003,457.2895869,,,,,,,,,,,,,,202604,,C,2026-08-01_12h45.50.488,valence_final_v2,2024.2.4,60,2026-08-01 12h46.07.947797 -0600,
33,33,0,3,1,flat_comp,101,3.1,0.22,3.0,0.344,flat,flat_curv,0.2,-0.2,-0.22,rew,input_data/stims/Shape_3.10_3.00.png,input_data/stims/Shape_4.00_2.00.png,input_data/stims/Shape_0.00_2.00.png,1,-1,1.0,1.0,1,None,,,up,0.8868540999999368,None,None,None,['left'],[0.5525248999999803],[None],up,1.7684716999999637,None,1,0,1,0,0,33,33,21,457.2895869,,,,,,,,,,,,,,,,,457.2736986000001,0.0006410999999388878,458.25814230000003,458.2585345000001,458.2729289,459.27297039999996,459.25648379999996,459.2569367,0.0004635000000234868,460.5415369000001,460.5431837,460.55631099999994,460.55631099999994,460.55631099999994,460.55631099999994,460.55631099999994,460.55631099999994,460.55631099999994,462.34147429999996,"[0.344, 0.344, 0.344, 0.344, 0.344, 0.344, 0.344, 0.344, 0.344, 0.344, 0.344, 0.344, 0.344, 0.344, 0.344, 0.344, 0.344, 0.344, 0.344, 0.344, 0.344, 0.344, 0.344, 0.344, 0.344, 0.344, 0.344, 0.344, 0.344, 0.344, 0.344, 0.344, 0.344, 0.344, 0.344, 0.336, 0.328, 0.32, 0.312, 0.304, 0.296, 0.288, 0.28, 0.272, 0.264, 0.256, 0.248, 0.24, 0.232, 0.224, 0.216, 0.208, 0.2, 0.192, 0.184, 0.176, 0.168, 0.16, 0.152, 0.144, 0.136, 0.128, 0.12, 0.112, 0.104, 0.096, 0.088, 0.08, 0.072, 0.064, 0.056, 0.048, 0.04, 0.032, 0.024, 0.016, 0.008, 0.0, -0.008, -0.016, -0.024, -0.032, -0.04, -0.048, -0.056, -0.064, -0.072, -0.08, -0.088, -0.096, -0.104, -0.112, -0.12, -0.128, -0.136, -0.144, -0.152, -0.16, -0.168, -0.176, -0.184, -0.192, -0.2, -0.208, -0.216, -0.224, -0.232, -0.24, -0.248]",None,None,['left'],[0.5525248999999803],[None],up,1.7684716999999637,None,462.34193070000003,462.35636080000006,462.60635420000006,462.5899060999999,462.5903145000001,462.60635420000006,,463.60638099999994,,463.5899323,1,3,462.60635420000006,463.60638099999994,,,,,,,,,,,,,,202604,,C,2026-08-01_12h45.50.488,valence_final_v2,2024.2.4,60,2026-08-01 12h46.07.947797 -0600,
34,34,0,3,1,flat_comp,84,1.5,-0.1,3.0,0.3,curv,curv_flat,0.2,0.2,-0.1,pen,input_data/stims/Shape_1.50_3.00.png,input_data/stims/Shape_0.00_2.00.png,input_data/stims/Shape_4.00_2.00.png,-1,1,1.0,1.0,-1,None,,,up,0.8868540999999368,None,None,None,['left'],[0.8597070000000713],[0.2719867000000704],up,1.179689000000053,None,1,0,1,0,0,34,34,4,463.60638099999994,,,,,,,,,,,,,,,,,463.5905911000001,0.0006628999999520602,464.5752721,464.5757155,464.5897973,465.58981329999995,465.5733137000001,465.57377970000005,0.00047790000007807976,467.05810280000003,467.0593411000001,467.0731784999999,467.0731784999999,467.0731784999999,467.0731784999999,467.0731784999999,467.0731784999999,467.0731784999999,468.2575931,"[0.3, 0.3, 0.3, 0.3, 0.3, 0.3, 0.3, 0.3, 0.3, 0.3, 0.3, 0.3, 0.3, 0.3, 0.3, 0.3, 0.3, 0.3, 0.3, 0.3, 0.3, 0.3, 0.3, 0.3, 0.3, 0.3, 0.3, 0.3, 0.3, 0.3, 0.3, 0.3, 0.3, 0.3, 0.3, 0.3, 0.3, 0.3, 0.3, 0.3, 0.3, 0.3, 0.3, 0.3, 0.3, 0.3, 0.3, 0.3, 0.3, 0.3, 0.3, 0.3, 0.3, 0.292, 0.284, 0.276, 0.268, 0.26, 0.252, 0.244, 0.236, 0.228, 0.22, 0.212, 0.204, 0.196, 0.188, 0.18, 0.172, 0.172, 0.172, 0.172, 0.172]",None,None,['left'],[0.8597070000000713],[0.2719867000000704],up,1.179689000000053,None,468.25800130000005,468.2732459,468.5232466000001,468.5067877,468.5071842000001,468.5232466000001,,469.5232714,,469.5067955999999,1,1,,,468.5232466000001,469.5232714,,,,,,,,,,,,202604,,C,2026-08-01_12h45.50.488,valence_final_v2,2024.2.4,60,2026-08-01 12h46.07.947797 -0600,
35,35,0,3,1,flat_comp,117,3.9,0.38,3.0,0.204,flat,flat_curv,0.2,-0.2,-0.38,rew,input_data/stims/Shape_3.90_3.00.png,input_data/stims/Shape_4.00_2.00.png,input_data/stims/Shape_0.00_2.00.png,1,-1,1.0,1.0,1,None,,,up,0.8868540999999368,None,None,None,['left'],[0.5687384000000293],[None],up,1.5527529999999388,None,1,0,1,0,0,35,35,37,469.5232714,,,,,,,,,,,,,,,,,469.5074292999999,0.0006366000000070926,470.4915333,470.4922723000001,470.50663799999995,471.5066157,471.4901719999999,471.49060870000005,0.00044780000007449416,472.9254127999999,472.9267063000001,472.9400382,472.9400382,472.9400382,472.9400382,472.9400382,472.9400382,472.9400382,474.5082923000001,"[0.204, 0.204, 0.204, 0.204, 0.204, 0.204, 0.204, 0.204, 0.204, 0.204, 0.204, 0.204, 0.204, 0.204, 0.204, 0.204, 0.204, 0.204, 0.204, 0.204, 0.204, 0.204, 0.204, 0.204, 0.204, 0.204, 0.204, 0.204, 0.204, 0.204, 0.204, 0.204, 0.204, 0.204, 0.204, 0.204, 0.196, 0.188, 0.18, 0.172, 0.164, 0.156, 0.148, 0.14, 0.132, 0.124, 0.116, 0.108, 0.1, 0.092, 0.084, 0.076, 0.068, 0.06, 0.052, 0.044, 0.036, 0.028, 0.02, 0.012, 0.004, -0.004, -0.012, -0.02, -0.028, -0.036, -0.044, -0.052, -0.06, -0.068, -0.076, -0.084, -0.092, -0.1, -0.108, -0.116, -0.124, -0.132, -0.14, -0.148, -0.156, -0.164, -0.172, -0.18, -0.188, -0.196, -0.204, -0.212, -0.22, -0.228, -0.236, -0.244, -0.252, -0.26, -0.268, -0.276]",None,None,['left'],[0.5687384000000293],[None],up,1.5527529999999388,None,474.5087070999999,474.5233895,474.7733866,474.7569118,474.7573587999999,474.7733866,,475.77350749999994,,475.7570927999999,1,3,474.7733866,475.77350749999994,,,,,,,,,,,,,,202604,,C,2026-08-01_12h45.50.488,valence_final_v2,2024.2.4,60,2026-08-01 12h46.07.947797 -0600,
36,36,0,3,1,flat_comp,113,3.7,0.34,3.0,0.244,flat,flat_curv,0.2,-0.2,-0.34,rew,input_data/stims/Shape_3.70_3.00.png,input_data/stims/Shape_4.00_2.00.png,input_data/stims/Shape_0.00_2.00.png,1,-1,1.0,1.0,1,None,,,up,0.8868540999999368,None,None,None,['left'],[0.5203208000000359],[None],up,1.5282320999999683,None,1,0,1,0,0,36,36,33,475.77350749999994,,,,,,,,,,,,,,,,,475.7577023,0.0006121999999777472,476.8421718999999,476.84256689999995,476.85687799999994,477.8568976,477.84047109999995,477.84090630000003,0.0004463000000214379,479.32633150000004,479.3276167,479.3405577,479.3405577,479.3405577,479.3405577,479.3405577,479.3405577,479.3405577,480.87533339999993,"[0.244, 0.244, 0.244, 0.244, 0.244, 0.244, 0.244, 0.244, 0.244, 0.244, 0.244, 0.244, 0.244, 0.244, 0.244, 0.244, 0.244, 0.244, 0.244, 0.244, 0.244, 0.244, 0.244, 0.244, 0.244, 0.244, 0.244, 0.244, 0.244, 0.244, 0.244, 0.244, 0.244, 0.236, 0.228, 0.22, 0.212, 0.204, 0.196, 0.188, 0.18, 0.172, 0.164, 0.156, 0.148, 0.14, 0.132, 0.124, 0.116, 0.108, 0.1, 0.092, 0.084, 0.076, 0.068, 0.06, 0.052, 0.044, 0.036, 0.028, 0.02, 0.012, 0.004, -0.004, -0.012, -0.02, -0.028, -0.036, -0.044, -0.052, -0.06, -0.068, -0.076, -0.084, -0.092, -0.1, -0.108, -0.116, -0.124, -0.132, -0.14, -0.148, -0.156, -0.164, -0.172, -0.18, -0.188, -0.196, -0.204, -0.212, -0.22, -0.228, -0.236, -0.244]",None,None,['left'],[0.5203208000000359],[None],up,1.5282320999999683,None,480.87570949999997,480.8905989000001,481.14062309999997,481.1246539,481.1250735,481.14062309999997,,482.14062909999996,,482.12469309999994,1,3,481.14062309999997,482.14062909999996,,,,,,,,,,,,,,202604,,C,2026-08-01_12h45.50.488,valence_final_v2,2024.2.4,60,2026-08-01 12h46.07.947797 -0600,
37,37,0,3,1,flat_comp,83,1.3,-0.14,3.0,-0.064,curv,flat_curv,0.2,-0.2,0.14,pen,input_data/stims/Shape_1.30_3.00.png,input_data/stims/Shape_4.00_2.00.png,input_data/stims/Shape_0.00_2.00.png,-1,-1,1.0,1.0,-1,None,,,up,0.8868540999999368,None,None,None,['right'],[0.6511316000000988],[None],up,0.9870817999999417,None,1,0,1,0,0,37,37,3,482.14062909999996,,,,,,,,,,,,,,,,,482.1253751999999,0.0006875999999920168,483.1600049,483.16046629999994,483.17380719999994,484.1745033000001,484.1576937000001,484.1581462999999,0.0004625000001396984,485.44265499999995,485.4438901,485.4577281999999,485.4577281999999,485.4577281999999,485.4577281999999,485.4577281999999,485.4577281999999,485.4577281999999,486.45887600000003,"[-0.064, -0.064, -0.064, -0.064, -0.064, -0.064, -0.064, -0.064, -0.064, -0.064, -0.064, -0.064, -0.064, -0.064, -0.064, -0.064, -0.064, -0.064, -0.064, -0.064, -0.064, -0.064, -0.064, -0.064, -0.064, -0.064, -0.064, -0.064, -0.064, -0.064, -0.064, -0.064, -0.064, -0.064, -0.064, -0.064, -0.064, -0.064, -0.064, -0.064, -0.064, -0.056, -0.048, -0.04, -0.032, -0.024, -0.016, -0.008, 0.0, 0.008, 0.016, 0.024, 0.032, 0.04, 0.048, 0.056, 0.064, 0.072, 0.08, 0.088, 0.096, 0.104]",None,None,['right'],[0.6511316000000988],[None],up,0.9870817999999417,None,486.45927199999994,486.4745653000001,486.7246137000001,486.70761329999993,486.70804269999996,486.7246137000001,,487.7241187000001,,487.70761849999997,1,1,,,486.7246137000001,487.7241187000001,,,,,,,,,,,,202604,,C,2026-08-01_12h45.50.488,valence_final_v2,2024.2.4,60,2026-08-01 12h46.07.947797 -0600,
38,38,0,3,1,flat_comp,102,3.1,0.22,3.0,0.344,flat,curv_flat,0.2,0.2,0.22,rew,input_data/stims/Shape_3.10_3.00.png,input_data/stims/Shape_0.00_2.00.png,input_data/stims/Shape_4.00_2.00.png,1,1,1.0,1.0,1,None,,,up,0.8868540999999368,None,None,None,['left'],[0.5742878999999448],[0.17600500000003194],up,0.9503432999999859,None,1,0,1,0,0,38,38,22,487.7241187000001,,,,,,,,,,,,,,,,,487.70827169999995,0.0006565000001046428,488.6925202000001,488.69290549999994,488.70748719999995,489.7075469,489.69113329999993,489.69157830000006,0.00045699999986936746,491.1754704000001,491.1767570999999,491.1905518,491.1905518,491.1905518,491.1905518,491.1905518,491.1905518,491.1905518,492.15826619999996,"[0.344, 0.344, 0.344, 0.344, 0.344, 0.344, 0.344, 0.344, 0.344, 0.344, 0.344, 0.344, 0.344, 0.344, 0.344, 0.344, 0.344, 0.344, 0.344, 0.344, 0.344, 0.344, 0.344, 0.344, 0.344, 0.344, 0.344, 0.344, 0.344, 0.344, 0.344, 0.344, 0.344, 0.344, 0.344, 0.344, 0.336, 0.328, 0.32, 0.312, 0.304, 0.296, 0.288, 0.28, 0.272, 0.264, 0.256, 0.256, 0.256, 0.256, 0.256, 0.256, 0.256, 0.256, 0.256, 0.256, 0.256, 0.256, 0.256, 0.256]",None,None,['left'],[0.5742878999999448],[0.17600500000003194],up,0.9503432999999859,None,492.1586539000001,492.1738690000001,492.4238775,492.40740040000003,492.40782219999994,492.4238775,,493.4239096,,493.4074635999999,1,3,492.4238775,493.4239096,,,,,,,,,,,,,,202604,,C,2026-08-01_12h45.50.488,valence_final_v2,2024.2.4,60,2026-08-01 12h46.07.947797 -0600,
39,39,0,3,1,flat_comp,93,2.3,0.06,1.0,-0.184,curv,flat_curv,0.2,-0.2,-0.06,pen,input_data/stims/Shape_2.30_1.00.png,input_data/stims/Shape_4.00_2.00.png,input_data/stims/Shape_0.00_2.00.png,-1,-1,1.0,-1.0,-1,None,,,up,0.8868540999999368,None,None,None,"['left', 'right']","[0.8781685999999809, 1.2062058999999863]","[0.17617949999998928, None]",up,1.5341035999999804,None,1,0,1,0,0,39,39,13,493.4239096,,,,,,,,,,,,,,,,,493.4080877,0.0006286000000272907,494.44254850000004,494.44293920000007,494.4573618999999,495.45731680000006,495.4408015,495.4412401000001,0.00044870000010632793,496.77574689999994,496.7770157000001,496.79070420000005,496.79070420000005,496.79070420000005,496.79070420000005,496.79070420000005,496.79070420000005,496.79070420000005,498.34207879999997,"[-0.184, -0.184, -0.184, -0.184, -0.184, -0.184, -0.184, -0.184, -0.184, -0.184, -0.184, -0.184, -0.184, -0.184, -0.184, -0.184, -0.184, -0.184, -0.184, -0.184, -0.184, -0.184, -0.184, -0.184, -0.184, -0.184, -0.184, -0.184, -0.184, -0.184, -0.184, -0.184, -0.184, -0.184, -0.184, -0.184, -0.184, -0.184, -0.184, -0.184, -0.184, -0.184, -0.184, -0.184, -0.184, -0.184, -0.184, -0.184, -0.184, -0.184, -0.184, -0.184, -0.184, -0.184, -0.192, -0.2, -0.208, -0.216, -0.224, -0.232, -0.24, -0.248, -0.256, -0.264, -0.272, -0.272, -0.272, -0.272, -0.272, -0.272, -0.272, -0.272, -0.272, -0.272, -0.264, -0.256, -0.248, -0.24, -0.232, -0.224, -0.216, -0.208, -0.2, -0.192, -0.184, -0.176, -0.168, -0.16, -0.152, -0.144, -0.136, -0.128, -0.12, -0.112, -0.104]",None,None,"['left', 'right']","[0.8781685999999809, 1.2062058999999863]","[0.17617949999998928, None]",up,1.5341035999999804,None,498.3424484000001,498.35741139999993,498.60740380000004,498.5909270000001,498.59132480000005,498.60740380000004,,499.607439,,499.59097280000003,1,1,,,498.60740380000004,499.607439,,,,,,,,,,,,202604,,C,2026-08-01_12h45.50.488,valence_final_v2,2024.2.4,60,2026-08-01 12h46.07.947797 -0600,
0,0,0,2,1,curv_comp,43,0.1,-0.38,3.0,-0.212,curv,flat_curv,-0.2,0.2,0.38,pen,input_data/stims/Shape_0.10_3.00.png,input_data/stims/Shape_4.00_2.00.png,input_data/stims/Shape_0.00_2.00.png,-1,-1,-1.0,1.0,-1,None,,,up,0.5814111000001958,None,None,None,['right'],[0.5899813000000904],[None],up,1.5019216999999117,None,2,0,2,0,0,0,0,3,502.0241483000001,,501.39119100000005,,,,501.3912211999999,None,,,501.39377780000007,501.4074896999999,501.4074896999999,501.9910965,up,0.5814111000001958,None,502.01840759999993,0.027303000000074462,502.9532984000001,502.9541177,502.9575463,503.9575707,503.94104030000005,503.9414796,0.0004521000000750064,505.3767890999999,505.3781877,505.39094650000004,505.39094650000004,505.39094650000004,505.39094650000004,505.39094650000004,505.39094650000004,505.39094650000004,506.9090715000001,"[-0.212, -0.212, -0.212, -0.212, -0.212, -0.212, -0.212, -0.212, -0.212, -0.212, -0.212, -0.212, -0.212, -0.212, -0.212, -0.212, -0.212, -0.212, -0.212, -0.212, -0.212, -0.212, -0.212, -0.212, -0.212, -0.212, -0.212, -0.212, -0.212, -0.212, -0.212, -0.212, -0.212, -0.212, -0.212, -0.212, -0.212, -0.204, -0.196, -0.188, -0.18, -0.172, -0.164, -0.156, -0.148, -0.14, -0.132, -0.124, -0.116, -0.108, -0.1, -0.092, -0.084, -0.076, -0.068, -0.06, -0.052, -0.044, -0.036, -0.028, -0.02, -0.012, -0.004, 0.004, 0.012, 0.02, 0.028, 0.036, 0.044, 0.052, 0.06, 0.068, 0.076, 0.084, 0.092, 0.1, 0.108, 0.116, 0.124, 0.132, 0.14, 0.148, 0.156, 0.164, 0.172, 0.18, 0.188, 0.196, 0.204, 0.212, 0.22, 0.228, 0.236]",None,None,['right'],[0.5899813000000904],[None],up,1.5019216999999117,None,506.90944049999996,506.9242868,507.1743181999999,507.1578237,507.15825370000005,507.1743181999999,,508.1743246,,508.1578613999999,1,1,,,507.1743181999999,508.1743246,,,499.6050458000001,499.607439,499.607439,501.3910511,44,18,up,1.7734542000000602,None,202604,,C,2026-08-01_12h45.50.488,valence_final_v2,2024.2.4,60,2026-08-01 12h46.07.947797 -0600,
1,1,0,2,1,curv_comp,42,0.1,-0.38,3.0,0.172,curv,curv_flat,-0.2,-0.2,-0.38,pen,input_data/stims/Shape_0.10_3.00.png,input_data/stims/Shape_0.00_2.00.png,input_data/stims/Shape_4.00_2.00.png,-1,1,1.0,1.0,-1,None,,,up,0.5814111000001958,None,None,None,['left'],[0.5598157999997966],[None],up,1.4558203999999932,None,2,0,2,0,0,1,1,2,508.1743246,,,,,,,,,,,,,,,,,508.15850680000005,0.0006507000000510743,509.24321810000004,509.2439352,509.25772270000004,510.2577464,510.24123410000004,510.2417045000001,0.0004816999999093241,511.72698479999997,511.7283057000001,511.74108420000005,511.74108420000005,511.74108420000005,511.74108420000005,511.74108420000005,511.74108420000005,511.74108420000005,513.2093796999999,"[0.172, 0.172, 0.172, 0.172, 0.172, 0.172, 0.172, 0.172, 0.172, 0.172, 0.172, 0.172, 0.172, 0.172, 0.172, 0.172, 0.172, 0.172, 0.172, 0.172, 0.172, 0.172, 0.172, 0.172, 0.172, 0.172, 0.172, 0.172, 0.172, 0.172, 0.172, 0.172, 0.172, 0.172, 0.172, 0.164, 0.156, 0.148, 0.14, 0.132, 0.124, 0.116, 0.108, 0.1, 0.092, 0.084, 0.076, 0.068, 0.06, 0.052, 0.044, 0.036, 0.028, 0.02, 0.012, 0.004, -0.004, -0.012, -0.02, -0.028, -0.036, -0.044, -0.052, -0.06, -0.068, -0.076, -0.084, -0.092, -0.1, -0.108, -0.116, -0.124, -0.132, -0.14, -0.148, -0.156, -0.164, -0.172, -0.18, -0.188, -0.196, -0.204, -0.212, -0.22, -0.228, -0.236, -0.244, -0.252, -0.26, -0.268]",None,None,['left'],[0.5598157999997966],[None],up,1.4558203999999932,None,513.2097973000001,513.2244853999999,513.4744731,513.4579888,513.458381,513.4744731,,514.4745018,,514.4580440999999,1,1,,,513.4744731,514.4745018,,,,,,,,,,,,202604,,C,2026-08-01_12h45.50.488,valence_final_v2,2024.2.4,60,2026-08-01 12h46.07.947797 -0600,
2,2,0,2,1,curv_comp,59,0.9,-0.22,1.0,0.308,curv,flat_curv,-0.2,0.2,0.22,pen,input_data/stims/Shape_0.90_1.00.png,input_data/stims/Shape_4.00_2.00.png,input_data/stims/Shape_0.00_2.00.png,-1,-1,1.0,-1.0,-1,None,,,up,0.5814111000001958,None,None,None,['right'],[0.9995784000000185],[0.20795969999994668],up,1.295609400000103,None,2,0,2,0,0,2,2,19,514.4745018,,,,,,,,,,,,,,,,,514.4587149,0.0006726999999955297,515.5430387,515.5435418999999,515.5579062999999,516.5579134000001,516.5414101,516.5418544999999,0.00045040000009066716,517.9258065,517.9271677999999,517.9413139,517.9413139,517.9413139,517.9413139,517.9413139,517.9413139,517.9413139,519.2423837,"[0.308, 0.308, 0.308, 0.308, 0.308, 0.308, 0.308, 0.308, 0.308, 0.308, 0.308, 0.308, 0.308, 0.308, 0.308, 0.308, 0.308, 0.308, 0.308, 0.308, 0.308, 0.308, 0.308, 0.308, 0.308, 0.308, 0.308, 0.308, 0.308, 0.308, 0.308, 0.308, 0.308, 0.308, 0.308, 0.308, 0.308, 0.308, 0.308, 0.308, 0.308, 0.308, 0.308, 0.308, 0.308, 0.308, 0.308, 0.308, 0.308, 0.308, 0.308, 0.308, 0.308, 0.308, 0.308, 0.308, 0.308, 0.308, 0.308, 0.308, 0.308, 0.316, 0.324, 0.332, 0.34, 0.348, 0.356, 0.364, 0.372, 0.38, 0.388, 0.396, 0.396, 0.396, 0.396, 0.396, 0.396, 0.396, 0.396, 0.396]",None,None,['right'],[0.9995784000000185],[0.20795969999994668],up,1.295609400000103,None,519.2428385,519.2579936999999,519.5079947999999,519.4914760999999,519.4918965,519.5079947999999,,520.5080420999999,,520.4915358,1,1,,,519.5079947999999,520.5080420999999,,,,,,,,,,,,202604,,C,2026-08-01_12h45.50.488,valence_final_v2,2024.2.4,60,2026-08-01 12h46.07.947797 -0600,
3,3,0,2,1,curv_comp,53,0.7,-0.26,1.0,-0.224,curv,flat_curv,-0.2,0.2,0.26,pen,input_data/stims/Shape_0.70_1.00.png,input_data/stims/Shape_4.00_2.00.png,input_data/stims/Shape_0.00_2.00.png,-1,-1,-1.0,-1.0,-1,None,,,up,0.5814111000001958,None,None,None,None,,,up,0.9680702999999085,None,2,0,2,0,0,3,3,13,520.5080420999999,,,,,,,,,,,,,,,,,520.4921793,0.0006473000000823959,521.4760978,521.476493,521.4913994,522.4914396,522.4748814999999,522.4753387,0.000469199999997727,523.9099235,523.9114779,523.9247872,523.9247872,523.9247872,523.9247872,523.9247872,523.9247872,523.9247872,524.9092704999999,"[-0.224, -0.224, -0.224, -0.224, -0.224, -0.224, -0.224, -0.224, -0.224, -0.224, -0.224, -0.224, -0.224, -0.224, -0.224, -0.224, -0.224, -0.224, -0.224, -0.224, -0.224, -0.224, -0.224, -0.224, -0.224, -0.224, -0.224, -0.224, -0.224, -0.224, -0.224, -0.224, -0.224, -0.224, -0.224, -0.224, -0.224, -0.224, -0.224, -0.224, -0.224, -0.224, -0.224, -0.224, -0.224, -0.224, -0.224, -0.224, -0.224, -0.224, -0.224, -0.224, -0.224, -0.224, -0.224, -0.224, -0.224, -0.224, -0.224, -0.224, -0.224]",None,None,None,,,up,0.9680702999999085,None,524.9096331,524.9248111,525.1748967,525.1584271999999,525.1608223,525.1748967,525.1748967,526.1748355000001,526.1748355000001,526.1583972,0,-3,,,,,,,,,,,,,,,,202604,,C,2026-08-01_12h45.50.488,valence_final_v2,2024.2.4,60,2026-08-01 12h46.07.947797 -0600,
4,4,0,2,1,curv_comp,49,0.5,-0.3,3.0,0.072,curv,flat_curv,-0.2,0.2,0.3,pen,input_data/stims/Shape_0.50_3.00.png,input_data/stims/Shape_4.00_2.00.png,input_data/stims/Shape_0.00_2.00.png,-1,-1,-1.0,1.0,-1,None,,,up,0.5814111000001958,None,None,None,['right'],[0.7290777000000617],[0.3599405999998453],up,1.169110900000078,None,2,0,2,0,0,4,4,9,526.1748355000001,,,,,,,,,,,,,,,,,526.1590597000001,0.0006648999999470107,527.2430960999999,527.2435546,527.2582702999999,528.258443,528.2419057000001,528.2423522,0.000479600000062419,529.6759447000001,529.6772517,529.691796,529.691796,529.691796,529.691796,529.691796,529.691796,529.691796,530.8764655000001,"[0.072, 0.072, 0.072, 0.072, 0.072, 0.072, 0.072, 0.072, 0.072, 0.072, 0.072, 0.072, 0.072, 0.072, 0.072, 0.072, 0.072, 0.072, 0.072, 0.072, 0.072, 0.072, 0.072, 0.072, 0.072, 0.072, 0.072, 0.072, 0.072, 0.072, 0.072, 0.072, 0.072, 0.072, 0.072, 0.072, 0.072, 0.072, 0.072, 0.072, 0.072, 0.072, 0.072, 0.072, 0.072, 0.08, 0.088, 0.096, 0.104, 0.112, 0.12, 0.128, 0.136, 0.144, 0.152, 0.16, 0.168, 0.176, 0.184, 0.192, 0.2, 0.208, 0.216, 0.224, 0.232, 0.24, 0.248, 0.248, 0.248, 0.248, 0.248, 0.248, 0.248]",None,None,['right'],[0.7290777000000617],[0.3599405999998453],up,1.169110900000078,None,530.8768661,530.8918963,531.1419089,531.1254514000001,531.1263648,531.1419089,,532.1419222000001,,532.1257265999999,1,1,,,531.1419089,532.1419222000001,,,,,,,,,,,,202604,,C,2026-08-01_12h45.50.488,valence_final_v2,2024.2.4,60,2026-08-01 12h46.07.947797 -0600,
5,5,0,2,1,curv_comp,71,2.1,0.02,3.0,-0.088,flat,flat_curv,-0.2,0.2,-0.02,rew,input_data/stims/Shape_2.10_3.00.png,input_data/stims/Shape_4.00_2.00.png,input_data/stims/Shape_0.00_2.00.png,1,-1,-1.0,1.0,1,None,,,up,0.5814111000001958,None,None,None,['left'],[0.45960149999996247],[None],up,0.7795590999999149,None,2,0,2,0,0,5,5,31,532.1419222000001,,,,,,,,,,,,,,,,,532.1263679,0.0006448999999975058,533.1099591999999,533.1103907,533.1265668,534.1259833,534.1089142,534.1093757,0.0004681000000346103,535.3941266999999,535.3955483999999,535.4092228000001,535.4092228000001,535.4092228000001,535.4092228000001,535.4092228000001,535.4092228000001,535.4092228000001,536.1935599,"[-0.088, -0.088, -0.088, -0.088, -0.088, -0.088, -0.088, -0.088, -0.088, -0.088, -0.088, -0.088, -0.088, -0.088, -0.088, -0.088, -0.088, -0.088, -0.088, -0.088, -0.088, -0.088, -0.088, -0.088, -0.088, -0.088, -0.088, -0.088, -0.088, -0.096, -0.104, -0.112, -0.12, -0.128, -0.136, -0.144, -0.152, -0.16, -0.168, -0.176, -0.184, -0.192, -0.2, -0.208, -0.216, -0.224, -0.232, -0.24, -0.248]",None,None,['left'],[0.45960149999996247],[None],up,0.7795590999999149,None,536.1939206000001,536.2088735000001,536.4588272,536.4423052000001,536.4426964,536.4588272,,537.458868,,537.4424049999999,1,3,536.4588272,537.458868,,,,,,,,,,,,,,202604,,C,2026-08-01_12h45.50.488,valence_final_v2,2024.2.4,60,2026-08-01 12h46.07.947797 -0600,
6,6,0,2,1,curv_comp,46,0.3,-0.34,3.0,-0.26,curv,curv_flat,-0.2,-0.2,-0.34,pen,input_data/stims/Shape_0.30_3.00.png,input_data/stims/Shape_0.00_2.00.png,input_data/stims/Shape_4.00_2.00.png,-1,1,-1.0,1.0,-1,None,,,up,0.5814111000001958,None,None,None,['right'],[0.7607532000001811],[0.2799302999999327],up,1.1767772000000605,None,2,0,2,0,0,6,6,6,537.458868,,,,,,,,,,,,,,,,,537.4430497,0.0006477999997969164,538.4783122,538.4787198,538.4922284,539.4922382000001,539.4762052,539.4766472,0.0004536999999800173,540.8602288999999,540.8615028,540.876134,540.876134,540.876134,540.876134,540.876134,540.876134,540.876134,542.0603870000001,"[-0.26, -0.26, -0.26, -0.26, -0.26, -0.26, -0.26, -0.26, -0.26, -0.26, -0.26, -0.26, -0.26, -0.26, -0.26, -0.26, -0.26, -0.26, -0.26, -0.26, -0.26, -0.26, -0.26, -0.26, -0.26, -0.26, -0.26, -0.26, -0.26, -0.26, -0.26, -0.26, -0.26, -0.26, -0.26, -0.26, -0.26, -0.26, -0.26, -0.26, -0.26, -0.26, -0.26, -0.26, -0.26, -0.26, -0.26, -0.252, -0.244, -0.236, -0.228, -0.22, -0.212, -0.204, -0.196, -0.188, -0.18, -0.172, -0.164, -0.156, -0.148, -0.14, -0.132, -0.124, -0.124, -0.124, -0.124, -0.124, -0.124, -0.124, -0.124, -0.124, -0.124]",None,None,['right'],[0.7607532000001811],[0.2799302999999327],up,1.1767772000000605,None,542.0608371,542.0774522,542.3274915999999,542.3093843,542.3097852,542.3274915999999,542.3274915999999,543.3275212,543.3275212,543.3094719,0,-3,,,,,,,,,,,,,,,,202604,,C,2026-08-01_12h45.50.488,valence_final_v2,2024.2.4,60,2026-08-01 12h46.07.947797 -0600,
7,7,0,2,1,curv_comp,63,1.3,-0.14,3.0,-0.264,flat,flat_curv,-0.2,0.2,0.14,rew,input_data/stims/Shape_1.30_3.00.png,input_data/stims/Shape_4.00_2.00.png,input_data/stims/Shape_0.00_2.00.png,1,-1,-1.0,1.0,1,None,,,up,0.5814111000001958,None,None,None,['right'],[0.9067363999999998],[0.5999893999999131],up,1.5387246000000232,None,2,0,2,0,0,7,7,23,543.3275212,,,,,,,,,,,,,,,,,543.310143,0.0006766999999854306,544.3953112999999,544.395742,544.4093438000001,545.4087521,545.3922100999999,545.3926607,0.0004609000000073138,546.8272527999999,546.8287391,546.8421428,546.8421428,546.8421428,546.8421428,546.8421428,546.8421428,546.8421428,548.393175,"[-0.264, -0.264, -0.264, -0.264, -0.264, -0.264, -0.264, -0.264, -0.264, -0.264, -0.264, -0.264, -0.264, -0.264, -0.264, -0.264, -0.264, -0.264, -0.264, -0.264, -0.264, -0.264, -0.264, -0.264, -0.264, -0.264, -0.264, -0.264, -0.264, -0.264, -0.264, -0.264, -0.264, -0.264, -0.264, -0.264, -0.264, -0.264, -0.264, -0.264, -0.264, -0.264, -0.264, -0.264, -0.264, -0.264, -0.264, -0.264, -0.264, -0.264, -0.264, -0.264, -0.264, -0.264, -0.264, -0.264, -0.256, -0.248, -0.24, -0.232, -0.224, -0.216, -0.208, -0.2, -0.192, -0.184, -0.176, -0.168, -0.16, -0.152, -0.144, -0.136, -0.128, -0.12, -0.112, -0.104, -0.096, -0.088, -0.08, -0.072, -0.064, -0.056, -0.048, -0.04, -0.032, -0.024, -0.016, -0.008, 0.0, 0.008, 0.016, 0.024, 0.024, 0.024, 0.024]",None,None,['right'],[0.9067363999999998],[0.5999893999999131],up,1.5387246000000232,None,548.3935554999999,548.4088281,548.6588261,548.6423226999999,548.642721,548.6588261,,549.6588502999999,,549.6423722999999,1,3,548.6588261,549.6588502999999,,,,,,,,,,,,,,202604,,C,2026-08-01_12h45.50.488,valence_final_v2,2024.2.4,60,2026-08-01 12h46.07.947797 -0600,
8,8,0,2,1,curv_comp,79,2.9,0.18,1.0,0.12,flat,flat_curv,-0.2,0.2,-0.18,rew,input_data/stims/Shape_2.90_1.00.png,input_data/stims/Shape_4.00_2.00.png,input_data/stims/Shape_0.00_2.00.png,1,-1,-1.0,-1.0,1,None,,,up,0.5814111000001958,None,None,None,['left'],[0.5612707999998747],[None],up,1.0972807999999077,None,2,0,2,0,0,8,8,39,549.6588502999999,,,,,,,,,,,,,,,,,549.6430084,0.0006401000000550994,550.5273685999999,550.5277617,550.5422252,551.5422416,551.5257749000001,551.5262405,0.00047670000003563473,552.8614191999999,552.8631558000001,552.8755872999999,552.8755872999999,552.8755872999999,552.8755872999999,552.8755872999999,552.8755872999999,552.8755872999999,553.9771090999999,"[0.12, 0.12, 0.12, 0.12, 0.12, 0.12, 0.12, 0.12, 0.12, 0.12, 0.12, 0.12, 0.12, 0.12, 0.12, 0.12, 0.12, 0.12, 0.12, 0.12, 0.12, 0.12, 0.12, 0.12, 0.12, 0.12, 0.12, 0.12, 0.12, 0.12, 0.12, 0.12, 0.12, 0.12, 0.12, 0.112, 0.104, 0.096, 0.088, 0.08, 0.072, 0.064, 0.056, 0.048, 0.04, 0.032, 0.024, 0.016, 0.008, 0.0, -0.008, -0.016, -0.024, -0.032, -0.04, -0.048, -0.056, -0.064, -0.072, -0.08, -0.088, -0.096, -0.104, -0.112, -0.12, -0.128, -0.136, -0.144]",None,None,['left'],[0.5612707999998747],[None],up,1.0972807999999077,None,553.9774933,553.9923199000001,554.2423084000001,554.2257519999999,554.2261608,554.2423084000001,,555.242345,,555.2258072000001,1,3,554.2423084000001,555.242345,,,,,,,,,,,,,,202604,,C,2026-08-01_12h45.50.488,valence_final_v2,2024.2.4,60,2026-08-01 12h46.07.947797 -0600,
9,9,0,2,1,curv_comp,72,2.3,0.06,1.0,0.36,flat,curv_flat,-0.2,-0.2,0.06,rew,input_data/stims/Shape_2.30_1.00.png,input_data/stims/Shape_0.00_2.00.png,input_data/stims/Shape_4.00_2.00.png,1,1,1.0,-1.0,1,None,,,up,0.5814111000001958,None,None,None,"['right', 'left']","[0.5396886000000904, 0.9877681999998913]","[0.28806939999981296, 0.21598850000009406]",up,1.2677386000000297,None,2,0,2,0,0,9,9,32,555.242345,,,,,,,,,,,,,,,,,555.2264465,0.0006433000000924949,556.1112632999999,556.1116564,556.1256697,557.1256952,557.1092414999999,557.1096750999999,0.00044410000009520445,558.3933733,558.3946255,558.4091212,558.4091212,558.4091212,558.4091212,558.4091212,558.4091212,558.4091212,559.6935408999999,"[0.36, 0.36, 0.36, 0.36, 0.36, 0.36, 0.36, 0.36, 0.36, 0.36, 0.36, 0.36, 0.36, 0.36, 0.36, 0.36, 0.36, 0.36, 0.36, 0.36, 0.36, 0.36, 0.36, 0.36, 0.36, 0.36, 0.36, 0.36, 0.36, 0.36, 0.36, 0.36, 0.36, 0.36, 0.368, 0.376, 0.384, 0.392, 0.4, 0.4, 0.4, 0.4, 0.4, 0.4, 0.4, 0.4, 0.4, 0.4, 0.4, 0.4, 0.4, 0.4, 0.4, 0.4, 0.4, 0.4, 0.4, 0.4, 0.4, 0.4, 0.4, 0.392, 0.384, 0.376, 0.368, 0.36, 0.352, 0.344, 0.336, 0.328, 0.32, 0.312, 0.304, 0.296, 0.296, 0.296, 0.296, 0.296, 0.296]",None,None,"['right', 'left']","[0.5396886000000904, 0.9877681999998913]","[0.28806939999981296, 0.21598850000009406]",up,1.2677386000000297,None,559.6939381000001,559.7091314999999,559.9591440999999,559.942627,559.9430493000001,559.9591440999999,,560.9591689,,560.9426969,1,3,559.9591440999999,560.9591689,,,,,,,,,,,,,,202604,,C,2026-08-01_12h45.50.488,valence_final_v2,2024.2.4,60,2026-08-01 12h46.07.947797 -0600,
10,10,0,2,1,curv_comp,68,1.9,-0.02,3.0,-0.392,flat,curv_flat,-0.2,-0.2,-0.02,rew,input_data/stims/Shape_1.90_3.00.png,input_data/stims/Shape_0.00_2.00.png,input_data/stims/Shape_4.00_2.00.png,1,1,-1.0,1.0,1,None,,,up,0.5814111000001958,None,None,None,"['right', 'left']","[0.6389311000000362, 1.3348574000001463]","[0.6479713000001084, None]",up,1.4149603000000752,None,2,0,2,0,0,10,10,28,560.9591689,,,,,,,,,,,,,,,,,560.9433462000001,0.0006527000000460248,561.9774814000001,561.9779173000001,561.9925495000001,562.9925611,562.9760700999999,562.9765103999999,0.0004516999999850668,564.3114228999999,564.3126358000001,564.3259148999999,564.3259148999999,564.3259148999999,564.3259148999999,564.3259148999999,564.3259148999999,564.3259148999999,565.7440035000001,"[-0.392, -0.392, -0.392, -0.392, -0.392, -0.392, -0.392, -0.392, -0.392, -0.392, -0.392, -0.392, -0.392, -0.392, -0.392, -0.392, -0.392, -0.392, -0.392, -0.392, -0.392, -0.392, -0.392, -0.392, -0.392, -0.392, -0.392, -0.392, -0.392, -0.392, -0.392, -0.392, -0.392, -0.392, -0.392, -0.392, -0.392, -0.392, -0.392, -0.392, -0.384, -0.376, -0.368, -0.36, -0.352, -0.344, -0.336, -0.328, -0.32, -0.312, -0.304, -0.296, -0.288, -0.28, -0.272, -0.264, -0.256, -0.248, -0.24, -0.232, -0.224, -0.216, -0.208, -0.2, -0.192, -0.184, -0.176, -0.168, -0.16, -0.152, -0.144, -0.136, -0.128, -0.12, -0.112, -0.104, -0.096, -0.088, -0.08, -0.08, -0.08, -0.08, -0.088, -0.096, -0.104, -0.112, -0.12]",None,None,"['right', 'left']","[0.6389311000000362, 1.3348574000001463]","[0.6479713000001084, None]",up,1.4149603000000752,None,565.7444042999999,565.7593185,566.0093192,565.9928424000001,565.9932434000001,566.0093192,,567.0093356000001,,566.9928417,1,3,566.0093192,567.0093356000001,,,,,,,,,,,,,,202604,,C,2026-08-01_12h45.50.488,valence_final_v2,2024.2.4,60,2026-08-01 12h46.07.947797 -0600,
11,11,0,2,1,curv_comp,75,2.5,0.1,1.0,-0.22,flat,flat_curv,-0.2,0.2,-0.1,rew,input_data/stims/Shape_2.50_1.00.png,input_data/stims/Shape_4.00_2.00.png,input_data/stims/Shape_0.00_2.00.png,1,-1,-1.0,-1.0,1,None,,,up,0.5814111000001958,None,None,None,['right'],[0.7906743999999435],[0.2320064000000457],up,1.0546971999999641,None,2,0,2,0,0,11,11,35,567.0093356000001,,,,,,,,,,,,,,,,,566.9934751,0.0006367000000864209,568.0276439999999,568.0280369000001,568.0427108,569.0427386,569.0262363,569.0266743000001,0.00047159999985524337,570.3108418999999,570.3124921,570.3261904,570.3261904,570.3261904,570.3261904,570.3261904,570.3261904,570.3261904,571.3938442,"[-0.22, -0.22, -0.22, -0.22, -0.22, -0.22, -0.22, -0.22, -0.22, -0.22, -0.22, -0.22, -0.22, -0.22, -0.22, -0.22, -0.22, -0.22, -0.22, -0.22, -0.22, -0.22, -0.22, -0.22, -0.22, -0.22, -0.22, -0.22, -0.22, -0.22, -0.22, -0.22, -0.22, -0.22, -0.22, -0.22, -0.22, -0.22, -0.22, -0.22, -0.22, -0.22, -0.22, -0.22, -0.22, -0.22, -0.22, -0.22, -0.22, -0.212, -0.204, -0.196, -0.188, -0.18, -0.172, -0.164, -0.156, -0.148, -0.14, -0.132, -0.124, -0.116, -0.108, -0.108, -0.108, -0.108]",None,None,['right'],[0.7906743999999435],[0.2320064000000457],up,1.0546971999999641,None,571.3942134,571.4094898,571.6594752,571.6429559,571.6433513999999,571.6594752,,572.6595045,,572.6430096,1,3,571.6594752,572.6595045,,,,,,,,,,,,,,202604,,C,2026-08-01_12h45.50.488,valence_final_v2,2024.2.4,60,2026-08-01 12h46.07.947797 -0600,
12,12,0,2,1,curv_comp,44,0.3,-0.34,1.0,0.136,curv,curv_flat,-0.2,-0.2,-0.34,pen,input_data/stims/Shape_0.30_1.00.png,input_data/stims/Shape_0.00_2.00.png,input_data/stims/Shape_4.00_2.00.png,-1,1,1.0,-1.0,-1,None,,,up,0.5814111000001958,None,None,None,['left'],[1.0746209000001272],[0.10407689999988179],up,1.3305780000000595,None,2,0,2,0,0,12,12,4,572.6595045,,,,,,,,,,,,,,,,,572.6436722,0.0006664000000000669,573.5776236999999,573.5783729999999,573.5928514000001,574.5928441,574.5763940999999,574.5768326000001,0.0004489000000376109,576.0114998,576.0127867,576.0262504000001,576.0262504000001,576.0262504000001,576.0262504000001,576.0262504000001,576.0262504000001,576.0262504000001,577.3606885999999,"[0.136, 0.136, 0.136, 0.136, 0.136, 0.136, 0.136, 0.136, 0.136, 0.136, 0.136, 0.136, 0.136, 0.136, 0.136, 0.136, 0.136, 0.136, 0.136, 0.136, 0.136, 0.136, 0.136, 0.136, 0.136, 0.136, 0.136, 0.136, 0.136, 0.136, 0.136, 0.136, 0.136, 0.136, 0.136, 0.136, 0.136, 0.136, 0.136, 0.136, 0.136, 0.136, 0.136, 0.136, 0.136, 0.136, 0.136, 0.136, 0.136, 0.136, 0.136, 0.136, 0.136, 0.136, 0.136, 0.136, 0.136, 0.136, 0.136, 0.136, 0.136, 0.136, 0.136, 0.136, 0.136, 0.136, 0.128, 0.12, 0.112, 0.104, 0.096, 0.088, 0.088, 0.088, 0.088, 0.088, 0.088, 0.088, 0.088, 0.088, 0.088, 0.088]",None,None,['left'],[1.0746209000001272],[0.10407689999988179],up,1.3305780000000595,None,577.3610915999999,577.3763058999999,577.6263048,577.6098085,577.6102301,577.6263048,577.6263048,578.6263339000001,578.6263339000001,578.6098593999999,0,-3,,,,,,,,,,,,,,,,202604,,C,2026-08-01_12h45.50.488,valence_final_v2,2024.2.4,60,2026-08-01 12h46.07.947797 -0600,
13,13,0,2,1,curv_comp,61,1.1,-0.18,3.0,0.356,flat,flat_curv,-0.2,0.2,0.18,rew,input_data/stims/Shape_1.10_3.00.png,input_data/stims/Shape_4.00_2.00.png,input_data/stims/Shape_0.00_2.00.png,1,-1,1.0,1.0,1,None,,,up,0.5814111000001958,None,None,None,['left'],[1.2377395999999408],[0.5759857999998985],up,1.8857201999999234,None,2,0,2,0,0,13,13,21,578.6263339000001,,,,,,,,,,,,,,,,,578.6104892,0.0006329999998797575,579.5947162000001,579.5952395999999,579.6097444000001,580.6097261000001,580.5932297999999,580.5937091,0.0004905000000690052,581.9276845,581.9290666999999,581.9431085,581.9431085,581.9431085,581.9431085,581.9431085,581.9431085,581.9431085,583.8442277999999,"[0.356, 0.356, 0.356, 0.356, 0.356, 0.356, 0.356, 0.356, 0.356, 0.356, 0.356, 0.356, 0.356, 0.356, 0.356, 0.356, 0.356, 0.356, 0.356, 0.356, 0.356, 0.356, 0.356, 0.356, 0.356, 0.356, 0.356, 0.356, 0.356, 0.356, 0.356, 0.356, 0.356, 0.356, 0.356, 0.356, 0.356, 0.356, 0.356, 0.356, 0.356, 0.356, 0.356, 0.356, 0.356, 0.356, 0.356, 0.356, 0.356, 0.356, 0.356, 0.356, 0.356, 0.356, 0.356, 0.356, 0.356, 0.356, 0.356, 0.356, 0.356, 0.356, 0.356, 0.356, 0.356, 0.356, 0.356, 0.356, 0.356, 0.356, 0.356, 0.356, 0.356, 0.356, 0.356, 0.356, 0.348, 0.34, 0.332, 0.324, 0.316, 0.308, 0.3, 0.292, 0.284, 0.276, 0.268, 0.26, 0.252, 0.244, 0.236, 0.228, 0.22, 0.212, 0.204, 0.196, 0.188, 0.18, 0.172, 0.164, 0.156, 0.148, 0.14, 0.132, 0.124, 0.116, 0.108, 0.1, 0.092, 0.084, 0.084, 0.084, 0.084, 0.084, 0.084, 0.084]",None,None,['left'],[1.2377395999999408],[0.5759857999998985],up,1.8857201999999234,None,583.8446540000001,583.8598403,584.1098243,584.0932752,584.0937015999999,584.1098243,,585.1098562000001,,585.0934039,1,3,584.1098243,585.1098562000001,,,,,,,,,,,,,,202604,,C,2026-08-01_12h45.50.488,valence_final_v2,2024.2.4,60,2026-08-01 12h46.07.947797 -0600,
14,14,0,2,1,curv_comp,51,0.5,-0.3,3.0,-0.276,curv,flat_curv,-0.2,0.2,0.3,pen,input_data/stims/Shape_0.50_3.00.png,input_data/stims/Shape_4.00_2.00.png,input_data/stims/Shape_0.00_2.00.png,-1,-1,-1.0,1.0,-1,None,,,up,0.5814111000001958,None,None,None,['right'],[0.5163066000000072],[1.0719724999999016],up,1.6282866999999897,None,2,0,2,0,0,14,14,11,585.1098562000001,,,,,,,,,,,,,,,,,585.0940641000001,0.0006631999999626714,586.0779381000001,586.0783405999999,586.0932279,587.0932147,587.0767476,587.0772091,0.000474400000030073,588.5619808,588.5633167,588.5765892999999,588.5765892999999,588.5765892999999,588.5765892999999,588.5765892999999,588.5765892999999,588.5765892999999,590.2110163000001,"[-0.276, -0.276, -0.276, -0.276, -0.276, -0.276, -0.276, -0.276, -0.276, -0.276, -0.276, -0.276, -0.276, -0.276, -0.276, -0.276, -0.276, -0.276, -0.276, -0.276, -0.276, -0.276, -0.276, -0.276, -0.276, -0.276, -0.276, -0.276, -0.276, -0.276, -0.276, -0.276, -0.268, -0.26, -0.252, -0.244, -0.236, -0.228, -0.22, -0.212, -0.204, -0.196, -0.188, -0.18, -0.172, -0.164, -0.156, -0.148, -0.14, -0.132, -0.124, -0.116, -0.108, -0.1, -0.092, -0.084, -0.076, -0.068, -0.06, -0.052, -0.044, -0.036, -0.028, -0.02, -0.012, -0.004, 0.004, 0.012, 0.02, 0.028, 0.036, 0.044, 0.052, 0.06, 0.068, 0.076, 0.084, 0.092, 0.1, 0.108, 0.116, 0.124, 0.132, 0.14, 0.148, 0.156, 0.164, 0.172, 0.18, 0.188, 0.196, 0.204, 0.212, 0.22, 0.228, 0.236, 0.244, 0.244, 0.244, 0.244]",None,None,['right'],[0.5163066000000072],[1.0719724999999016],up,1.6282866999999897,None,590.2114214,590.2266628000001,590.4766452,590.4601977000001,590.4606044000001,590.4766452,,591.4767602000001,,591.4602467999999,1,1,,,590.4766452,591.4767602000001,,,,,,,,,,,,202604,,C,2026-08-01_12h45.50.488,valence_final_v2,2024.2.4,60,2026-08-01 12h46.07.947797 -0600,
15,15,0,2,1,curv_comp,48,0.5,-0.3,3.0,-0.364,curv,curv_flat,-0.2,-0.2,-0.3,pen,input_data/stims/Shape_0.50_3.00.png,input_data/stims/Shape_0.00_2.00.png,input_data/stims/Shape_4.00_2.00.png,-1,1,-1.0,1.0,-1,None,,,up,0.5814111000001958,None,None,None,['right'],[1.0492827999999008],[0.2321501999999782],up,1.46528689999991,None,2,0,2,0,0,15,15,8,591.4767602000001,,,,,,,,,,,,,,,,,591.4609072,0.0006637999999838939,592.3449996,592.3458152,592.3601150000001,593.3601358,593.3435556999999,593.3440208999999,0.00047669999980826105,594.6279481,594.6293572999999,594.6436247999999,594.6436247999999,594.6436247999999,594.6436247999999,594.6436247999999,594.6436247999999,594.6436247999999,596.1114789,"[-0.364, -0.364, -0.364, -0.364, -0.364, -0.364, -0.364, -0.364, -0.364, -0.364, -0.364, -0.364, -0.364, -0.364, -0.364, -0.364, -0.364, -0.364, -0.364, -0.364, -0.364, -0.364, -0.364, -0.364, -0.364, -0.364, -0.364, -0.364, -0.364, -0.364, -0.364, -0.364, -0.364, -0.364, -0.364, -0.364, -0.364, -0.364, -0.364, -0.364, -0.364, -0.364, -0.364, -0.364, -0.364, -0.364, -0.364, -0.364, -0.364, -0.364, -0.364, -0.364, -0.364, -0.364, -0.364, -0.364, -0.364, -0.364, -0.364, -0.364, -0.364, -0.364, -0.364, -0.364, -0.356, -0.348, -0.34, -0.332, -0.324, -0.316, -0.308, -0.3, -0.292, -0.284, -0.276, -0.268, -0.26, -0.252, -0.252, -0.252, -0.252, -0.252, -0.252, -0.252, -0.252, -0.252, -0.252, -0.252, -0.252, -0.252]",None,None,['right'],[1.0492827999999008],[0.2321501999999782],up,1.46528689999991,None,596.1118878999999,596.1270043999999,596.3771049000001,596.3605894000001,596.3610226,596.3771049000001,,597.3770573,,597.3606341999999,1,1,,,596.3771049000001,597.3770573,,,,,,,,,,,,202604,,C,2026-08-01_12h45.50.488,valence_final_v2,2024.2.4,60,2026-08-01 12h46.07.947797 -0600,
16,16,0,2,1,curv_comp,64,1.5,-0.1,3.0,0.292,flat,curv_flat,-0.2,-0.2,-0.1,rew,input_data/stims/Shape_1.50_3.00.png,input_data/stims/Shape_0.00_2.00.png,input_data/stims/Shape_4.00_2.00.png,1,1,1.0,1.0,1,None,,,up,0.5814111000001958,None,None,None,['left'],[1.0524430999998913],[0.4959344000001238],up,1.7643591999999444,None,2,0,2,0,0,16,16,24,597.3770573,,,,,,,,,,,,,,,,,597.3613173,0.0006881000001612847,598.2459401,598.2463535999999,598.2604763,599.2606380999999,599.2440863,599.2445421000001,0.00048509999987800256,600.7281200000001,600.7294708000001,600.7445005000001,600.7445005000001,600.7445005000001,600.7445005000001,600.7445005000001,600.7445005000001,600.7445005000001,602.5117928000001,"[0.292, 0.292, 0.292, 0.292, 0.292, 0.292, 0.292, 0.292, 0.292, 0.292, 0.292, 0.292, 0.292, 0.292, 0.292, 0.292, 0.292, 0.292, 0.292, 0.292, 0.292, 0.292, 0.292, 0.292, 0.292, 0.292, 0.292, 0.292, 0.292, 0.292, 0.292, 0.292, 0.292, 0.292, 0.292, 0.292, 0.292, 0.292, 0.292, 0.292, 0.292, 0.292, 0.292, 0.292, 0.292, 0.292, 0.292, 0.292, 0.292, 0.292, 0.292, 0.292, 0.292, 0.292, 0.292, 0.292, 0.292, 0.292, 0.292, 0.292, 0.292, 0.292, 0.292, 0.292, 0.292, 0.284, 0.276, 0.268, 0.26, 0.252, 0.244, 0.236, 0.228, 0.22, 0.212, 0.204, 0.196, 0.188, 0.18, 0.172, 0.164, 0.156, 0.148, 0.14, 0.132, 0.124, 0.116, 0.108, 0.1, 0.092, 0.084, 0.076, 0.068, 0.06, 0.06, 0.06, 0.06, 0.06, 0.06, 0.06, 0.06, 0.06, 0.06, 0.06, 0.06, 0.06, 0.06, 0.06]",None,None,['left'],[1.0524430999998913],[0.4959344000001238],up,1.7643591999999444,None,602.512179,602.5275187000001,602.7778542,602.7608504000001,602.7612372,602.7778542,,603.7785003,,603.7608988999999,1,3,602.7778542,603.7785003,,,,,,,,,,,,,,202604,,C,2026-08-01_12h45.50.488,valence_final_v2,2024.2.4,60,2026-08-01 12h46.07.947797 -0600,
17,17,0,2,1,curv_comp,40,0.1,-0.38,3.0,-0.316,curv,curv_flat,-0.2,-0.2,-0.38,pen,input_data/stims/Shape_0.10_3.00.png,input_data/stims/Shape_0.00_2.00.png,input_data/stims/Shape_4.00_2.00.png,-1,1,-1.0,1.0,-1,None,,,up,0.5814111000001958,None,None,None,['right'],[0.9581617999999708],[0.20805670000004284],up,1.342192999999952,None,2,0,2,0,0,17,17,0,603.7785003,,,,,,,,,,,,,,,,,603.7615148000001,0.0006184999999732099,604.8457967,604.8461963000001,604.8607639,605.8607856,605.8447603999999,605.8452375,0.0004882999999153981,607.2788537,607.2801576999999,607.2946636,607.2946636,607.2946636,607.2946636,607.2946636,607.2946636,607.2946636,608.645764,"[-0.316, -0.316, -0.316, -0.316, -0.316, -0.316, -0.316, -0.316, -0.316, -0.316, -0.316, -0.316, -0.316, -0.316, -0.316, -0.316, -0.316, -0.316, -0.316, -0.316, -0.316, -0.316, -0.316, -0.316, -0.316, -0.316, -0.316, -0.316, -0.316, -0.316, -0.316, -0.316, -0.316, -0.316, -0.316, -0.316, -0.316, -0.316, -0.316, -0.316, -0.316, -0.316, -0.316, -0.316, -0.316, -0.316, -0.316, -0.316, -0.316, -0.316, -0.316, -0.316, -0.316, -0.316, -0.316, -0.316, -0.316, -0.316, -0.316, -0.308, -0.3, -0.292, -0.284, -0.276, -0.268, -0.26, -0.252, -0.244, -0.236, -0.228, -0.22, -0.212, -0.212, -0.212, -0.212, -0.212, -0.212, -0.212, -0.212, -0.212, -0.212, -0.212, -0.212]",None,None,['right'],[0.9581617999999708],[0.20805670000004284],up,1.342192999999952,None,608.6461212999999,608.6608743,608.9109078,608.8948624000001,608.8952462000001,608.9109078,,609.9109125000001,,609.8949097999999,1,1,,,608.9109078,609.9109125000001,,,,,,,,,,,,202604,,C,2026-08-01_12h45.50.488,valence_final_v2,2024.2.4,60,2026-08-01 12h46.07.947797 -0600,
18,18,0,2,1,curv_comp,66,1.7,-0.06,3.0,0.2,flat,curv_flat,-0.2,-0.2,-0.06,rew,input_data/stims/Shape_1.70_3.00.png,input_data/stims/Shape_0.00_2.00.png,input_data/stims/Shape_4.00_2.00.png,1,1,1.0,1.0,1,None,,,up,0.5814111000001958,None,None,None,"['left', 'left']","[1.261164000000008, 1.7812002999999095]","[0.16794639999989158, 0.2318695999999818]",up,2.1651463999999123,None,2,0,2,0,0,18,18,26,609.9109125000001,,,,,,,,,,,,,,,,,609.8955345,0.0006276999999954569,610.9291982999999,610.9299855,610.9450647,611.9442860999999,611.9278052999999,611.9282810000001,0.00048620000006849295,613.3121442999999,613.3134983000001,613.3277247,613.3277247,613.3277247,613.3277247,613.3277247,613.3277247,613.3277247,615.4959454000001,"[0.2, 0.2, 0.2, 0.2, 0.2, 0.2, 0.2, 0.2, 0.2, 0.2, 0.2, 0.2, 0.2, 0.2, 0.2, 0.2, 0.2, 0.2, 0.2, 0.2, 0.2, 0.2, 0.2, 0.2, 0.2, 0.2, 0.2, 0.2, 0.2, 0.2, 0.2, 0.2, 0.2, 0.2, 0.2, 0.2, 0.2, 0.2, 0.2, 0.2, 0.2, 0.2, 0.2, 0.2, 0.2, 0.2, 0.2, 0.2, 0.2, 0.2, 0.2, 0.2, 0.2, 0.2, 0.2, 0.2, 0.2, 0.2, 0.2, 0.2, 0.2, 0.2, 0.2, 0.2, 0.2, 0.2, 0.2, 0.2, 0.2, 0.2, 0.2, 0.2, 0.2, 0.2, 0.2, 0.2, 0.2, 0.192, 0.184, 0.176, 0.168, 0.16, 0.152, 0.144, 0.136, 0.128, 0.12, 0.12, 0.12, 0.12, 0.12, 0.12, 0.12, 0.12, 0.12, 0.12, 0.12, 0.12, 0.12, 0.12, 0.12, 0.12, 0.12, 0.12, 0.12, 0.12, 0.12, 0.12, 0.112, 0.104, 0.096, 0.088, 0.08, 0.072, 0.064, 0.056, 0.048, 0.04, 0.032, 0.024, 0.016, 0.008, 0.008, 0.008, 0.008, 0.008, 0.008, 0.008, 0.008, 0.008, 0.008, 0.008]",None,None,"['left', 'left']","[1.261164000000008, 1.7812002999999095]","[0.16794639999989158, 0.2318695999999818]",up,2.1651463999999123,None,615.4963336,615.5110639000001,615.7610696,615.7455612,615.7459497000001,615.7610696,,616.7611000999999,,616.7451445999999,1,3,615.7610696,616.7611000999999,,,,,,,,,,,,,,202604,,C,2026-08-01_12h45.50.488,valence_final_v2,2024.2.4,60,2026-08-01 12h46.07.947797 -0600,
19,19,0,2,1,curv_comp,60,1.1,-0.18,1.0,0.132,flat,curv_flat,-0.2,-0.2,-0.18,rew,input_data/stims/Shape_1.10_1.00.png,input_data/stims/Shape_0.00_2.00.png,input_data/stims/Shape_4.00_2.00.png,1,1,1.0,-1.0,1,None,,,up,0.5814111000001958,None,None,None,['left'],[0.7703538000000663],[0.7360822000000553],up,1.666491599999972,None,2,0,2,0,0,19,19,20,616.7611000999999,,,,,,,,,,,,,,,,,616.745759,0.0006152999999358144,617.7794802,617.7803201999999,617.79427,618.7949884999999,618.7781174999999,618.7785848,0.00047850000009930227,620.1630601999999,620.1644454999999,620.1784458999999,620.1784458999999,620.1784458999999,620.1784458999999,620.1784458999999,620.1784458999999,620.1784458999999,621.8461407000001,"[0.132, 0.132, 0.132, 0.132, 0.132, 0.132, 0.132, 0.132, 0.132, 0.132, 0.132, 0.132, 0.132, 0.132, 0.132, 0.132, 0.132, 0.132, 0.132, 0.132, 0.132, 0.132, 0.132, 0.132, 0.132, 0.132, 0.132, 0.132, 0.132, 0.132, 0.132, 0.132, 0.132, 0.132, 0.132, 0.132, 0.132, 0.132, 0.132, 0.132, 0.132, 0.132, 0.132, 0.132, 0.132, 0.132, 0.132, 0.132, 0.124, 0.116, 0.108, 0.1, 0.092, 0.084, 0.076, 0.068, 0.06, 0.052, 0.044, 0.036, 0.028, 0.02, 0.012, 0.004, -0.004, -0.012, -0.02, -0.028, -0.036, -0.044, -0.052, -0.06, -0.068, -0.076, -0.084, -0.092, -0.1, -0.108, -0.116, -0.124, -0.132, -0.14, -0.148, -0.156, -0.164, -0.172, -0.18, -0.188, -0.196, -0.204, -0.212, -0.22, -0.22, -0.22, -0.22, -0.22, -0.22, -0.22, -0.22, -0.22, -0.22, -0.22]",None,None,['left'],[0.7703538000000663],[0.7360822000000553],up,1.666491599999972,None,621.8465477999999,621.8612538000001,622.1112431,622.0952119,622.0956170999999,622.1112431,,623.1113042999999,,623.0952971,0,-1,,,,,622.1112431,623.1113042999999,,,,,,,,,,202604,,C,2026-08-01_12h45.50.488,valence_final_v2,2024.2.4,60,2026-08-01 12h46.07.947797 -0600,
20,20,0,2,1,curv_comp,74,2.5,0.1,1.0,-0.28,flat,curv_flat,-0.2,-0.2,0.1,rew,input_data/stims/Shape_2.50_1.00.png,input_data/stims/Shape_0.00_2.00.png,input_data/stims/Shape_4.00_2.00.png,1,1,-1.0,-1.0,1,None,,,up,0.5814111000001958,None,None,None,['right'],[0.5224310999999489],[None],up,1.2424707999998645,None,2,0,2,0,0,20,20,34,623.1113042999999,,,,,,,,,,,,,,,,,623.0959117000001,0.0006175000000894215,624.1300709000001,624.1304575,624.1451413000001,625.1446832999999,625.1282335,625.1286784,0.00048029999993559613,626.5623208999999,626.5636459000001,626.5783482999999,626.5783482999999,626.5783482999999,626.5783482999999,626.5783482999999,626.5783482999999,626.5783482999999,627.8295385,"[-0.28, -0.28, -0.28, -0.28, -0.28, -0.28, -0.28, -0.28, -0.28, -0.28, -0.28, -0.28, -0.28, -0.28, -0.28, -0.28, -0.28, -0.28, -0.28, -0.28, -0.28, -0.28, -0.28, -0.28, -0.28, -0.28, -0.28, -0.28, -0.28, -0.28, -0.28, -0.28, -0.28, -0.272, -0.264, -0.256, -0.248, -0.24, -0.232, -0.224, -0.216, -0.208, -0.2, -0.192, -0.184, -0.176, -0.168, -0.16, -0.152, -0.144, -0.136, -0.128, -0.12, -0.112, -0.104, -0.096, -0.088, -0.08, -0.072, -0.064, -0.056, -0.048, -0.04, -0.032, -0.024, -0.016, -0.008, 0.0, 0.008, 0.016, 0.024, 0.032, 0.04, 0.048, 0.056, 0.064, 0.072]",None,None,['right'],[0.5224310999999489],[None],up,1.2424707999998645,None,627.8299040999999,627.8452031,628.0952282,628.0782995999999,628.0786973,628.0952282,,629.0952752,,629.0784599,1,3,628.0952282,629.0952752,,,,,,,,,,,,,,202604,,C,2026-08-01_12h45.50.488,valence_final_v2,2024.2.4,60,2026-08-01 12h46.07.947797 -0600,
21,21,0,2,1,curv_comp,65,1.5,-0.1,1.0,-0.272,flat,flat_curv,-0.2,0.2,0.1,rew,input_data/stims/Shape_1.50_1.00.png,input_data/stims/Shape_4.00_2.00.png,input_data/stims/Shape_0.00_2.00.png,1,-1,-1.0,-1.0,1,None,,,up,0.5814111000001958,None,None,None,['right'],[0.9073026999999456],[0.7519881000000623],up,1.7154002999998283,None,2,0,2,0,0,21,21,25,629.0952752,,,,,,,,,,,,,,,,,629.0790619,0.0006029999999555002,630.1135290999999,630.1139161,630.1281224,631.1282393,631.1116584,631.1120904999999,0.00044260000004214817,632.5471343999999,632.5485788,632.5615689,632.5615689,632.5615689,632.5615689,632.5615689,632.5615689,632.5615689,634.2793084000001,"[-0.272, -0.272, -0.272, -0.272, -0.272, -0.272, -0.272, -0.272, -0.272, -0.272, -0.272, -0.272, -0.272, -0.272, -0.272, -0.272, -0.272, -0.272, -0.272, -0.272, -0.272, -0.272, -0.272, -0.272, -0.272, -0.272, -0.272, -0.272, -0.272, -0.272, -0.272, -0.272, -0.272, -0.272, -0.272, -0.272, -0.272, -0.272, -0.272, -0.272, -0.272, -0.272, -0.272, -0.272, -0.272, -0.272, -0.272, -0.272, -0.272, -0.272, -0.272, -0.272, -0.272, -0.272, -0.272, -0.272, -0.264, -0.256, -0.248, -0.24, -0.232, -0.224, -0.216, -0.208, -0.2, -0.192, -0.184, -0.176, -0.168, -0.16, -0.152, -0.144, -0.136, -0.128, -0.12, -0.112, -0.104, -0.096, -0.088, -0.08, -0.072, -0.064, -0.056, -0.048, -0.04, -0.032, -0.024, -0.016, -0.008, 0.0, 0.008, 0.016, 0.024, 0.032, 0.04, 0.048, 0.056, 0.064, 0.072, 0.08, 0.088, 0.088, 0.088, 0.088, 0.088]",None,None,['right'],[0.9073026999999456],[0.7519881000000623],up,1.7154002999998283,None,634.2796787999999,634.2954265,634.5453785000001,634.528459,634.5288460999999,634.5453785000001,,635.5454182,,635.5285247,1,3,634.5453785000001,635.5454182,,,,,,,,,,,,,,202604,,C,2026-08-01_12h45.50.488,valence_final_v2,2024.2.4,60,2026-08-01 12h46.07.947797 -0600,
22,22,0,2,1,curv_comp,56,0.9,-0.22,1.0,-0.308,curv,curv_flat,-0.2,-0.2,-0.22,pen,input_data/stims/Shape_0.90_1.00.png,input_data/stims/Shape_0.00_2.00.png,input_data/stims/Shape_4.00_2.00.png,-1,1,-1.0,-1.0,-1,None,,,up,0.5814111000001958,None,None,None,"['left', 'right']","[1.3787550999998075, 1.674710799999957]","[0.12796490000005178, 0.191894899999852]",up,1.9386591999998473,None,2,0,2,0,0,22,22,16,635.5454182,,,,,,,,,,,,,,,,,635.5291558,0.0006335000000490254,636.4642050000001,636.4646409999999,636.4783518,637.4783584999999,637.4618446999999,637.4623081000001,0.0004727999998976884,638.7461887000001,638.7475506,638.7621782,638.7621782,638.7621782,638.7621782,638.7621782,638.7621782,638.7621782,640.7127933,"[-0.308, -0.308, -0.308, -0.308, -0.308, -0.308, -0.308, -0.308, -0.308, -0.308, -0.308, -0.308, -0.308, -0.308, -0.308, -0.308, -0.308, -0.308, -0.308, -0.308, -0.308, -0.308, -0.308, -0.308, -0.308, -0.308, -0.308, -0.308, -0.308, -0.308, -0.308, -0.308, -0.308, -0.308, -0.308, -0.308, -0.308, -0.308, -0.308, -0.308, -0.308, -0.308, -0.308, -0.308, -0.308, -0.308, -0.308, -0.308, -0.308, -0.308, -0.308, -0.308, -0.308, -0.308, -0.308, -0.308, -0.308, -0.308, -0.308, -0.308, -0.308, -0.308, -0.308, -0.308, -0.308, -0.308, -0.308, -0.308, -0.308, -0.308, -0.308, -0.308, -0.308, -0.308, -0.308, -0.308, -0.308, -0.308, -0.308, -0.308, -0.308, -0.308, -0.308, -0.308, -0.316, -0.324, -0.332, -0.34, -0.348, -0.356, -0.364, -0.372, -0.372, -0.372, -0.372, -0.372, -0.372, -0.372, -0.372, -0.372, -0.372, -0.372, -0.364, -0.356, -0.348, -0.34, -0.332, -0.324, -0.316, -0.308, -0.3, -0.292, -0.284, -0.276, -0.276, -0.276, -0.276, -0.276, -0.276]",None,None,"['left', 'right']","[1.3787550999998075, 1.674710799999957]","[0.12796490000005178, 0.191894899999852]",up,1.9386591999998473,None,640.7132218999999,640.7284535,640.9785098000001,640.9619548,640.9623682,640.9785098000001,,641.9784805,,641.9619953,1,1,,,640.9785098000001,641.9784805,,,,,,,,,,,,202604,,C,2026-08-01_12h45.50.488,valence_final_v2,2024.2.4,60,2026-08-01 12h46.07.947797 -0600,
23,23,0,2,1,curv_comp,78,2.9,0.18,3.0,-0.264,flat,curv_flat,-0.2,-0.2,0.18,rew,input_data/stims/Shape_2.90_3.00.png,input_data/stims/Shape_0.00_2.00.png,input_data/stims/Shape_4.00_2.00.png,1,1,-1.0,1.0,1,None,,,up,0.5814111000001958,None,None,None,['right'],[0.49906559999999445],[None],up,1.1630104000000756,None,2,0,2,0,0,23,23,38,641.9784805,,,,,,,,,,,,,,,,,641.9626035,0.0006340999998428742,642.8463765,642.8467798,642.8618542999999,643.8618992999999,643.8458578000001,643.8463298999999,0.00048339999989366333,645.3298974,645.3311858999999,645.3457681000001,645.3457681000001,645.3457681000001,645.3457681000001,645.3457681000001,645.3457681000001,645.3457681000001,646.5134293,"[-0.264, -0.264, -0.264, -0.264, -0.264, -0.264, -0.264, -0.264, -0.264, -0.264, -0.264, -0.264, -0.264, -0.264, -0.264, -0.264, -0.264, -0.264, -0.264, -0.264, -0.264, -0.264, -0.264, -0.264, -0.264, -0.264, -0.264, -0.264, -0.264, -0.264, -0.264, -0.256, -0.248, -0.24, -0.232, -0.224, -0.216, -0.208, -0.2, -0.192, -0.184, -0.176, -0.168, -0.16, -0.152, -0.144, -0.136, -0.128, -0.12, -0.112, -0.104, -0.096, -0.088, -0.08, -0.072, -0.064, -0.056, -0.048, -0.04, -0.032, -0.024, -0.016, -0.008, 0.0, 0.008, 0.016, 0.024, 0.032, 0.04, 0.048, 0.056, 0.064]",None,None,['right'],[0.49906559999999445],[None],up,1.1630104000000756,None,646.513802,646.5286213999999,646.7786089,646.7621125,646.7625466999999,646.7786089,,647.778649,,647.7621995999999,1,3,646.7786089,647.778649,,,,,,,,,,,,,,202604,,C,2026-08-01_12h45.50.488,valence_final_v2,2024.2.4,60,2026-08-01 12h46.07.947797 -0600,
24,24,0,2,1,curv_comp,55,0.7,-0.26,3.0,-0.14,curv,flat_curv,-0.2,0.2,0.26,pen,input_data/stims/Shape_0.70_3.00.png,input_data/stims/Shape_4.00_2.00.png,input_data/stims/Shape_0.00_2.00.png,-1,-1,-1.0,1.0,-1,None,,,up,0.5814111000001958,None,None,None,['right'],[0.6405981000000338],[None],up,1.4646073999999771,None,2,0,2,0,0,24,24,15,647.778649,,,,,,,,,,,,,,,,,647.7628145,0.0006180000000313157,648.847193,648.8476371,648.8620156999999,649.8620317000001,649.8459847,649.8464448999999,0.00047159999985524337,651.1804512,651.1818288000001,651.1962586999999,651.1962586999999,651.1962586999999,651.1962586999999,651.1962586999999,651.1962586999999,651.1962586999999,652.6634915000001,"[-0.14, -0.14, -0.14, -0.14, -0.14, -0.14, -0.14, -0.14, -0.14, -0.14, -0.14, -0.14, -0.14, -0.14, -0.14, -0.14, -0.14, -0.14, -0.14, -0.14, -0.14, -0.14, -0.14, -0.14, -0.14, -0.14, -0.14, -0.14, -0.14, -0.14, -0.14, -0.14, -0.14, -0.14, -0.14, -0.14, -0.14, -0.14, -0.14, -0.14, -0.132, -0.124, -0.116, -0.108, -0.1, -0.092, -0.084, -0.076, -0.068, -0.06, -0.052, -0.044, -0.036, -0.028, -0.02, -0.012, -0.004, 0.004, 0.012, 0.02, 0.028, 0.036, 0.044, 0.052, 0.06, 0.068, 0.076, 0.084, 0.092, 0.1, 0.108, 0.116, 0.124, 0.132, 0.14, 0.148, 0.156, 0.164, 0.172, 0.18, 0.188, 0.196, 0.204, 0.212, 0.22, 0.228, 0.236, 0.244, 0.252, 0.26]",None,None,['right'],[0.6405981000000338],[None],up,1.4646073999999771,None,652.6638515999999,652.6788275,652.9287946999999,652.9122739999999,652.9126855000001,652.9287946999999,,653.9288088,,653.9123168,1,1,,,652.9287946999999,653.9288088,,,,,,,,,,,,202604,,C,2026-08-01_12h45.50.488,valence_final_v2,2024.2.4,60,2026-08-01 12h46.07.947797 -0600,
25,25,0,2,1,curv_comp,50,0.5,-0.3,1.0,-0.364,curv,curv_flat,-0.2,-0.2,-0.3,pen,input_data/stims/Shape_0.50_1.00.png,input_data/stims/Shape_0.00_2.00.png,input_data/stims/Shape_4.00_2.00.png,-1,1,-1.0,-1.0,-1,None,,,up,0.5814111000001958,None,None,None,['left'],[1.1448835999999574],[0.16795529999990322],up,1.4327888999998777,None,2,0,2,0,0,25,25,10,653.9288088,,,,,,,,,,,,,,,,,653.9129670000001,0.000689299999976356,654.8975572999999,654.8979774000001,654.9119821,655.9122005,655.8962272,655.8966631,0.00044649999995272083,657.1804774999999,657.1819168000001,657.1960117,657.1960117,657.1960117,657.1960117,657.1960117,657.1960117,657.1960117,658.6300591,"[-0.364, -0.364, -0.364, -0.364, -0.364, -0.364, -0.364, -0.364, -0.364, -0.364, -0.364, -0.364, -0.364, -0.364, -0.364, -0.364, -0.364, -0.364, -0.364, -0.364, -0.364, -0.364, -0.364, -0.364, -0.364, -0.364, -0.364, -0.364, -0.364, -0.364, -0.364, -0.364, -0.364, -0.364, -0.364, -0.364, -0.364, -0.364, -0.364, -0.364, -0.364, -0.364, -0.364, -0.364, -0.364, -0.364, -0.364, -0.364, -0.364, -0.364, -0.364, -0.364, -0.364, -0.364, -0.364, -0.364, -0.364, -0.364, -0.364, -0.364, -0.364, -0.364, -0.364, -0.364, -0.364, -0.364, -0.364, -0.364, -0.364, -0.364, -0.372, -0.38, -0.388, -0.396, -0.396, -0.396, -0.396, -0.396, -0.396, -0.396, -0.396, -0.396, -0.396, -0.396, -0.396, -0.396, -0.396, -0.396]",None,None,['left'],[1.1448835999999574],[0.16795529999990322],up,1.4327888999998777,None,658.6304358000001,658.646124,658.8961148,658.8791402,658.8795478000001,658.8961148,,659.8961481,,659.8792113999999,1,1,,,658.8961148,659.8961481,,,,,,,,,,,,202604,,C,2026-08-01_12h45.50.488,valence_final_v2,2024.2.4,60,2026-08-01 12h46.07.947797 -0600,
26,26,0,2,1,curv_comp,41,0.1,-0.38,1.0,-0.216,curv,flat_curv,-0.2,0.2,0.38,pen,input_data/stims/Shape_0.10_1.00.png,input_data/stims/Shape_4.00_2.00.png,input_data/stims/Shape_0.00_2.00.png,-1,-1,-1.0,-1.0,-1,None,,,up,0.5814111000001958,None,None,None,['right'],[0.5741270000000895],[None],up,1.4780236999999943,None,2,0,2,0,0,26,26,1,659.8961481,,,,,,,,,,,,,,,,,659.8798094,0.0006003000000873726,660.9146351999999,660.9150275000001,660.929348,661.9290869,661.9125252,661.9129816999999,0.0004667000000608823,663.2467104000001,663.248037,663.262793,663.262793,663.262793,663.262793,663.262793,663.262793,663.262793,664.7476918000001,"[-0.216, -0.216, -0.216, -0.216, -0.216, -0.216, -0.216, -0.216, -0.216, -0.216, -0.216, -0.216, -0.216, -0.216, -0.216, -0.216, -0.216, -0.216, -0.216, -0.216, -0.216, -0.216, -0.216, -0.216, -0.216, -0.216, -0.216, -0.216, -0.216, -0.216, -0.216, -0.216, -0.216, -0.216, -0.216, -0.216, -0.208, -0.2, -0.192, -0.184, -0.176, -0.168, -0.16, -0.152, -0.144, -0.136, -0.128, -0.12, -0.112, -0.104, -0.096, -0.088, -0.08, -0.072, -0.064, -0.056, -0.048, -0.04, -0.032, -0.024, -0.016, -0.008, 0.0, 0.008, 0.016, 0.024, 0.032, 0.04, 0.048, 0.056, 0.064, 0.072, 0.08, 0.088, 0.096, 0.104, 0.112, 0.12, 0.128, 0.136, 0.144, 0.152, 0.16, 0.168, 0.176, 0.184, 0.192, 0.2, 0.208, 0.216, 0.224]",None,None,['right'],[0.5741270000000895],[None],up,1.4780236999999943,None,664.7480898,664.7624568,665.0124771,664.9959735000001,664.9963978,665.0124771,,666.0125173,,665.9965475,1,1,,,665.0124771,666.0125173,,,,,,,,,,,,202604,,C,2026-08-01_12h45.50.488,valence_final_v2,2024.2.4,60,2026-08-01 12h46.07.947797 -0600,
27,27,0,2,1,curv_comp,70,2.1,0.02,1.0,0.092,flat,curv_flat,-0.2,-0.2,0.02,rew,input_data/stims/Shape_2.10_1.00.png,input_data/stims/Shape_0.00_2.00.png,input_data/stims/Shape_4.00_2.00.png,1,1,1.0,-1.0,1,None,,,up,0.5814111000001958,None,None,None,['left'],[0.8056649000000107],[None],up,1.4776437999998961,None,2,0,2,0,0,27,27,30,666.0125173,,,,,,,,,,,,,,,,,665.9971942999999,0.0006503999998130894,667.0814736000001,667.0821384,667.0963657000001,668.0963948,668.079363,668.0797835,0.0004297999998925661,669.4635632000001,669.4648307000001,669.4792934999999,669.4792934999999,669.4792934999999,669.4792934999999,669.4792934999999,669.4792934999999,669.4792934999999,670.9639785,"[0.092, 0.092, 0.092, 0.092, 0.092, 0.092, 0.092, 0.092, 0.092, 0.092, 0.092, 0.092, 0.092, 0.092, 0.092, 0.092, 0.092, 0.092, 0.092, 0.092, 0.092, 0.092, 0.092, 0.092, 0.092, 0.092, 0.092, 0.092, 0.092, 0.092, 0.092, 0.092, 0.092, 0.092, 0.092, 0.092, 0.092, 0.092, 0.092, 0.092, 0.092, 0.092, 0.092, 0.092, 0.092, 0.092, 0.092, 0.092, 0.092, 0.092, 0.084, 0.076, 0.068, 0.06, 0.052, 0.044, 0.036, 0.028, 0.02, 0.012, 0.004, -0.004, -0.012, -0.02, -0.028, -0.036, -0.044, -0.052, -0.06, -0.068, -0.076, -0.084, -0.092, -0.1, -0.108, -0.116, -0.124, -0.132, -0.14, -0.148, -0.156, -0.164, -0.172, -0.18, -0.188, -0.196, -0.204, -0.212, -0.22, -0.228, -0.236]",None,None,['left'],[0.8056649000000107],[None],up,1.4776437999998961,None,670.9643961999999,670.9792146000001,671.2291865999999,671.2126734,671.2130933,671.2291865999999,,672.2292151999999,,672.2127428,0,-1,,,,,671.2291865999999,672.2292151999999,,,,,,,,,,202604,,C,2026-08-01_12h45.50.488,valence_final_v2,2024.2.4,60,2026-08-01 12h46.07.947797 -0600,
28,28,0,2,1,curv_comp,54,0.7,-0.26,1.0,-0.388,curv,curv_flat,-0.2,-0.2,-0.26,pen,input_data/stims/Shape_0.70_1.00.png,input_data/stims/Shape_0.00_2.00.png,input_data/stims/Shape_4.00_2.00.png,-1,1,-1.0,-1.0,-1,None,,,up,0.5814111000001958,None,None,None,['right'],[0.766164099999969],[0.20000270000014098],up,1.1501261000000795,None,2,0,2,0,0,28,28,14,672.2292151999999,,,,,,,,,,,,,,,,,672.2134103,0.0006719999998949788,673.2985388999999,673.2989303999999,673.3128255,674.3126404000001,674.296375,674.2968129,0.00044870000010632793,675.6311022000001,675.6323682999999,675.6467506,675.6467506,675.6467506,675.6467506,675.6467506,675.6467506,675.6467506,676.8137166,"[-0.388, -0.388, -0.388, -0.388, -0.388, -0.388, -0.388, -0.388, -0.388, -0.388, -0.388, -0.388, -0.388, -0.388, -0.388, -0.388, -0.388, -0.388, -0.388, -0.388, -0.388, -0.388, -0.388, -0.388, -0.388, -0.388, -0.388, -0.388, -0.388, -0.388, -0.388, -0.388, -0.388, -0.388, -0.388, -0.388, -0.388, -0.388, -0.388, -0.388, -0.388, -0.388, -0.388, -0.388, -0.388, -0.388, -0.388, -0.388, -0.38, -0.372, -0.364, -0.356, -0.348, -0.34, -0.332, -0.324, -0.316, -0.308, -0.3, -0.292, -0.292, -0.292, -0.292, -0.292, -0.292, -0.292, -0.292, -0.292, -0.292, -0.292, -0.292, -0.292]",None,None,['right'],[0.766164099999969],[0.20000270000014098],up,1.1501261000000795,None,676.8141420000001,676.8293706999999,677.0793480000001,677.0628358,677.0632342,677.0793480000001,,678.0793761000001,,678.0629158999999,1,1,,,677.0793480000001,678.0793761000001,,,,,,,,,,,,202604,,C,2026-08-01_12h45.50.488,valence_final_v2,2024.2.4,60,2026-08-01 12h46.07.947797 -0600,
29,29,0,2,1,curv_comp,57,0.9,-0.22,1.0,0.116,curv,flat_curv,-0.2,0.2,0.22,pen,input_data/stims/Shape_0.90_1.00.png,input_data/stims/Shape_4.00_2.00.png,input_data/stims/Shape_0.00_2.00.png,-1,-1,-1.0,-1.0,-1,None,,,up,0.5814111000001958,None,None,None,['right'],[0.5365485999998327],[0.3919290999999703],up,1.0003786999998283,None,2,0,2,0,0,29,29,17,678.0793761000001,,,,,,,,,,,,,,,,,678.0635521,0.000638799999933326,679.0981012000001,679.0985641000001,679.1127657000001,680.1128117,680.0963329,680.0967827999999,0.000487299999804236,681.381366,681.3830885000001,681.3964124999999,681.3964124999999,681.3964124999999,681.3964124999999,681.3964124999999,681.3964124999999,681.3964124999999,682.4139647999999,"[0.116, 0.116, 0.116, 0.116, 0.116, 0.116, 0.116, 0.116, 0.116, 0.116, 0.116, 0.116, 0.116, 0.116, 0.116, 0.116, 0.116, 0.116, 0.116, 0.116, 0.116, 0.116, 0.116, 0.116, 0.116, 0.116, 0.116, 0.116, 0.116, 0.116, 0.116, 0.116, 0.116, 0.116, 0.124, 0.132, 0.14, 0.148, 0.156, 0.164, 0.172, 0.18, 0.188, 0.196, 0.204, 0.212, 0.22, 0.228, 0.236, 0.244, 0.252, 0.26, 0.268, 0.276, 0.284, 0.292, 0.3, 0.3, 0.3, 0.3, 0.3, 0.3, 0.3]",None,None,['right'],[0.5365485999998327],[0.3919290999999703],up,1.0003786999998283,None,682.4143367999999,682.4295097999999,682.6795092000001,682.6629919999999,682.6633813,682.6795092000001,,683.6795649,,683.6631168,1,1,,,682.6795092000001,683.6795649,,,,,,,,,,,,202604,,C,2026-08-01_12h45.50.488,valence_final_v2,2024.2.4,60,2026-08-01 12h46.07.947797 -0600,
30,30,0,2,1,curv_comp,45,0.3,-0.34,1.0,-0.248,curv,flat_curv,-0.2,0.2,0.34,pen,input_data/stims/Shape_0.30_1.00.png,input_data/stims/Shape_4.00_2.00.png,input_data/stims/Shape_0.00_2.00.png,-1,-1,-1.0,-1.0,-1,None,,,up,0.5814111000001958,None,None,None,['right'],[0.6178238999998484],[None],up,1.5538965999999164,None,2,0,2,0,0,30,30,5,683.6795649,,,,,,,,,,,,,,,,,683.6637301,0.0006152000000838598,684.5477417000001,684.5481452,684.5629101000001,685.5629275,685.5467127999999,685.5471667,0.00046489999999721476,686.9315097,686.9329160000001,686.9469593,686.9469593,686.9469593,686.9469593,686.9469593,686.9469593,686.9469593,688.5143876999999,"[-0.248, -0.248, -0.248, -0.248, -0.248, -0.248, -0.248, -0.248, -0.248, -0.248, -0.248, -0.248, -0.248, -0.248, -0.248, -0.248, -0.248, -0.248, -0.248, -0.248, -0.248, -0.248, -0.248, -0.248, -0.248, -0.248, -0.248, -0.248, -0.248, -0.248, -0.248, -0.248, -0.248, -0.248, -0.248, -0.248, -0.248, -0.248, -0.248, -0.24, -0.232, -0.224, -0.216, -0.208, -0.2, -0.192, -0.184, -0.176, -0.168, -0.16, -0.152, -0.144, -0.136, -0.128, -0.12, -0.112, -0.104, -0.096, -0.088, -0.08, -0.072, -0.064, -0.056, -0.048, -0.04, -0.032, -0.024, -0.016, -0.008, 0.0, 0.008, 0.016, 0.024, 0.032, 0.04, 0.048, 0.056, 0.064, 0.072, 0.08, 0.088, 0.096, 0.104, 0.112, 0.12, 0.128, 0.136, 0.144, 0.152, 0.16, 0.168, 0.176, 0.184, 0.192, 0.2, 0.208]",None,None,['right'],[0.6178238999998484],[None],up,1.5538965999999164,None,688.5147513999999,688.5296795,688.7796832,688.7631776,688.7635759000001,688.7796832,,689.7797096,,689.7632625,1,1,,,688.7796832,689.7797096,,,,,,,,,,,,202604,,C,2026-08-01_12h45.50.488,valence_final_v2,2024.2.4,60,2026-08-01 12h46.07.947797 -0600,
31,31,0,2,1,curv_comp,62,1.3,-0.14,3.0,-0.204,flat,curv_flat,-0.2,-0.2,-0.14,rew,input_data/stims/Shape_1.30_3.00.png,input_data/stims/Shape_0.00_2.00.png,input_data/stims/Shape_4.00_2.00.png,1,1,-1.0,1.0,1,None,,,up,0.5814111000001958,None,None,None,['left'],[0.8664754999999786],[0.10406659999989643],up,1.1464618999998493,None,2,0,2,0,0,31,31,22,689.7797096,,,,,,,,,,,,,,,,,689.7638701,0.0006094000000302913,690.8491659,690.8495827999999,690.8630833999999,691.8631329000001,691.8469590999999,691.8474253,0.0004764999998769781,693.1315887,693.1328737,693.1463755999999,693.1463755999999,693.1463755999999,693.1463755999999,693.1463755999999,693.1463755999999,693.1463755999999,694.2976341,"[-0.204, -0.204, -0.204, -0.204, -0.204, -0.204, -0.204, -0.204, -0.204, -0.204, -0.204, -0.204, -0.204, -0.204, -0.204, -0.204, -0.204, -0.204, -0.204, -0.204, -0.204, -0.204, -0.204, -0.204, -0.204, -0.204, -0.204, -0.204, -0.204, -0.204, -0.204, -0.204, -0.204, -0.204, -0.204, -0.204, -0.204, -0.204, -0.204, -0.204, -0.204, -0.204, -0.204, -0.204, -0.204, -0.204, -0.204, -0.204, -0.204, -0.204, -0.204, -0.204, -0.204, -0.212, -0.22, -0.228, -0.236, -0.244, -0.252, -0.26, -0.26, -0.26, -0.26, -0.26, -0.26, -0.26, -0.26, -0.26, -0.26, -0.26, -0.26]",None,None,['left'],[0.8664754999999786],[0.10406659999989643],up,1.1464618999998493,None,694.2980154,694.3131921,694.563436,694.5465694999999,694.5469491,694.563436,,695.5630781000001,,695.5466606000001,0,-1,,,,,694.563436,695.5630781000001,,,,,,,,,,202604,,C,2026-08-01_12h45.50.488,valence_final_v2,2024.2.4,60,2026-08-01 12h46.07.947797 -0600,
32,32,0,2,1,curv_comp,52,0.7,-0.26,3.0,0.072,curv,curv_flat,-0.2,-0.2,-0.26,pen,input_data/stims/Shape_0.70_3.00.png,input_data/stims/Shape_0.00_2.00.png,input_data/stims/Shape_4.00_2.00.png,-1,1,1.0,1.0,-1,None,,,up,0.5814111000001958,None,None,None,['left'],[0.7483821999999236],[None],up,1.4123299999998835,None,2,0,2,0,0,32,32,12,695.5630781000001,,,,,,,,,,,,,,,,,695.5472911,0.0006326000000171916,696.5322076000001,696.5326107,696.5468642,697.5464673,697.5301049000001,697.5305950999999,0.0005025999998906627,698.8652519000001,698.8665127,698.8804571,698.8804571,698.8804571,698.8804571,698.8804571,698.8804571,698.8804571,700.2983501,"[0.072, 0.072, 0.072, 0.072, 0.072, 0.072, 0.072, 0.072, 0.072, 0.072, 0.072, 0.072, 0.072, 0.072, 0.072, 0.072, 0.072, 0.072, 0.072, 0.072, 0.072, 0.072, 0.072, 0.072, 0.072, 0.072, 0.072, 0.072, 0.072, 0.072, 0.072, 0.072, 0.072, 0.072, 0.072, 0.072, 0.072, 0.072, 0.072, 0.072, 0.072, 0.072, 0.072, 0.072, 0.072, 0.072, 0.064, 0.056, 0.048, 0.04, 0.032, 0.024, 0.016, 0.008, 0.0, -0.008, -0.016, -0.024, -0.032, -0.04, -0.048, -0.056, -0.064, -0.072, -0.08, -0.088, -0.096, -0.104, -0.112, -0.12, -0.128, -0.136, -0.144, -0.152, -0.16, -0.168, -0.176, -0.184, -0.192, -0.2, -0.208, -0.216, -0.224, -0.232, -0.24, -0.248, -0.256]",None,None,['left'],[0.7483821999999236],[None],up,1.4123299999998835,None,700.2987400000001,700.3132276,700.5636404,700.5468553,700.5472813,700.5636404,,701.5632586999999,,701.5471658,1,1,,,700.5636404,701.5632586999999,,,,,,,,,,,,202604,,C,2026-08-01_12h45.50.488,valence_final_v2,2024.2.4,60,2026-08-01 12h46.07.947797 -0600,
33,33,0,2,1,curv_comp,58,0.9,-0.22,1.0,-0.396,curv,curv_flat,-0.2,-0.2,-0.22,pen,input_data/stims/Shape_0.90_1.00.png,input_data/stims/Shape_0.00_2.00.png,input_data/stims/Shape_4.00_2.00.png,-1,1,-1.0,-1.0,-1,None,,,up,0.5814111000001958,None,None,None,['right'],[0.9127223000000413],[0.20796709999990526],up,1.2647181999998338,None,2,0,2,0,0,33,33,18,701.5632586999999,,,,,,,,,,,,,,,,,701.5478377000001,0.000676499999826774,702.4829653999999,702.4834579,702.4970142000001,703.4966418,703.4802624,703.4807179999999,0.0004668000001402106,704.7654200000001,704.7669295,704.7801588000001,704.7801588000001,704.7801588000001,704.7801588000001,704.7801588000001,704.7801588000001,704.7801588000001,706.0481882,"[-0.396, -0.396, -0.396, -0.396, -0.396, -0.396, -0.396, -0.396, -0.396, -0.396, -0.396, -0.396, -0.396, -0.396, -0.396, -0.396, -0.396, -0.396, -0.396, -0.396, -0.396, -0.396, -0.396, -0.396, -0.396, -0.396, -0.396, -0.396, -0.396, -0.396, -0.396, -0.396, -0.396, -0.396, -0.396, -0.396, -0.396, -0.396, -0.396, -0.396, -0.396, -0.396, -0.396, -0.396, -0.396, -0.396, -0.396, -0.396, -0.396, -0.396, -0.396, -0.396, -0.396, -0.396, -0.396, -0.396, -0.388, -0.38, -0.372, -0.364, -0.356, -0.348, -0.34, -0.332, -0.324, -0.316, -0.308, -0.3, -0.292, -0.292, -0.292, -0.292, -0.292, -0.292, -0.292, -0.292, -0.292, -0.292]",None,None,['right'],[0.9127223000000413],[0.20796709999990526],up,1.2647181999998338,None,706.0485689000001,706.0633891000001,706.3135249000001,706.2969896999999,706.2973782,706.3135249000001,,707.3135401000001,,707.2973109999999,1,1,,,706.3135249000001,707.3135401000001,,,,,,,,,,,,202604,,C,2026-08-01_12h45.50.488,valence_final_v2,2024.2.4,60,2026-08-01 12h46.07.947797 -0600,
34,34,0,2,1,curv_comp,76,2.7,0.14,1.0,0.316,flat,curv_flat,-0.2,-0.2,0.14,rew,input_data/stims/Shape_2.70_1.00.png,input_data/stims/Shape_0.00_2.00.png,input_data/stims/Shape_4.00_2.00.png,1,1,1.0,-1.0,1,None,,,up,0.5814111000001958,None,None,None,"['left', 'left']","[0.8301483000000189, 1.1901344000000336]","[0.023908399999982066, 0.18401749999998174]",up,1.454064600000038,None,2,0,2,0,0,34,34,36,707.3135401000001,,,,,,,,,,,,,,,,,707.2979515000001,0.000644199999896955,708.2821325000001,708.2825568,708.2971896,709.2971094999999,709.2804798999999,709.2809395,0.0004708999999820662,710.6159458000001,710.6172398,710.6306701,710.6306701,710.6306701,710.6306701,710.6306701,710.6306701,710.6306701,712.0983499,"[0.316, 0.316, 0.316, 0.316, 0.316, 0.316, 0.316, 0.316, 0.316, 0.316, 0.316, 0.316, 0.316, 0.316, 0.316, 0.316, 0.316, 0.316, 0.316, 0.316, 0.316, 0.316, 0.316, 0.316, 0.316, 0.316, 0.316, 0.316, 0.316, 0.316, 0.316, 0.316, 0.316, 0.316, 0.316, 0.316, 0.316, 0.316, 0.316, 0.316, 0.316, 0.316, 0.316, 0.316, 0.316, 0.316, 0.316, 0.316, 0.316, 0.316, 0.316, 0.308, 0.3, 0.3, 0.3, 0.3, 0.3, 0.3, 0.3, 0.3, 0.3, 0.3, 0.3, 0.3, 0.3, 0.3, 0.3, 0.3, 0.3, 0.3, 0.3, 0.3, 0.3, 0.292, 0.284, 0.276, 0.268, 0.26, 0.252, 0.244, 0.236, 0.228, 0.22, 0.212, 0.212, 0.212, 0.212, 0.212, 0.212, 0.212]",None,None,"['left', 'left']","[0.8301483000000189, 1.1901344000000336]","[0.023908399999982066, 0.18401749999998174]",up,1.454064600000038,None,712.0987305,712.1136872000001,712.3640197000001,712.3471753,712.3475646,712.3640197000001,,713.3636138,,713.3472725999999,1,3,712.3640197000001,713.3636138,,,,,,,,,,,,,,202604,,C,2026-08-01_12h45.50.488,valence_final_v2,2024.2.4,60,2026-08-01 12h46.07.947797 -0600,
35,35,0,2,1,curv_comp,73,2.3,0.06,3.0,-0.356,flat,flat_curv,-0.2,0.2,-0.06,rew,input_data/stims/Shape_2.30_3.00.png,input_data/stims/Shape_4.00_2.00.png,input_data/stims/Shape_0.00_2.00.png,1,-1,-1.0,1.0,1,None,,,up,0.5814111000001958,None,None,None,"['right', 'right']","[0.77434530000005, 1.2702937999999904]","[0.2719414999999117, None]",up,1.5743514000000687,None,2,0,2,0,0,35,35,33,713.3636138,,,,,,,,,,,,,,,,,713.3478953,0.000625900000159163,714.3331065000001,714.3335049000001,714.3470196,715.3471370000001,715.3305962999999,715.3310462999999,0.00046169999995981925,716.6153754999999,716.6167343000001,716.6304888999999,716.6304888999999,716.6304888999999,716.6304888999999,716.6304888999999,716.6304888999999,716.6304888999999,718.2155498999999,"[-0.356, -0.356, -0.356, -0.356, -0.356, -0.356, -0.356, -0.356, -0.356, -0.356, -0.356, -0.356, -0.356, -0.356, -0.356, -0.356, -0.356, -0.356, -0.356, -0.356, -0.356, -0.356, -0.356, -0.356, -0.356, -0.356, -0.356, -0.356, -0.356, -0.356, -0.356, -0.356, -0.356, -0.356, -0.356, -0.356, -0.356, -0.356, -0.356, -0.356, -0.356, -0.356, -0.356, -0.356, -0.356, -0.356, -0.356, -0.356, -0.348, -0.34, -0.332, -0.324, -0.316, -0.308, -0.3, -0.292, -0.284, -0.276, -0.268, -0.26, -0.252, -0.244, -0.236, -0.228, -0.228, -0.228, -0.228, -0.228, -0.228, -0.228, -0.228, -0.228, -0.228, -0.228, -0.228, -0.228, -0.228, -0.228, -0.22, -0.212, -0.204, -0.196, -0.188, -0.18, -0.172, -0.164, -0.156, -0.148, -0.14, -0.132, -0.124, -0.116, -0.108, -0.1, -0.092, -0.084, -0.076]",None,None,"['right', 'right']","[0.77434530000005, 1.2702937999999904]","[0.2719414999999117, None]",up,1.5743514000000687,None,718.2159376000001,718.2305266,718.4805307,718.4638805999999,718.4642702,718.4805307,,719.4805511999999,,719.464325,1,3,718.4805307,719.4805511999999,,,,,,,,,,,,,,202604,,C,2026-08-01_12h45.50.488,valence_final_v2,2024.2.4,60,2026-08-01 12h46.07.947797 -0600,
36,36,0,2,1,curv_comp,77,2.7,0.14,1.0,-0.204,flat,flat_curv,-0.2,0.2,-0.14,rew,input_data/stims/Shape_2.70_1.00.png,input_data/stims/Shape_4.00_2.00.png,input_data/stims/Shape_0.00_2.00.png,1,-1,-1.0,-1.0,1,None,,,up,0.5814111000001958,None,None,None,['left'],[0.6635354000000007],[0.17608249999989312],up,0.8635739999999714,None,2,0,2,0,0,36,36,37,719.4805511999999,,,,,,,,,,,,,,,,,719.4649335,0.0006068000000141183,720.4493051000001,720.4496935999999,720.4641803999999,721.4638142,721.4476966000001,721.4481165999999,0.0004296999998132378,722.7825759000001,722.7838343,722.7973224000001,722.7973224000001,722.7973224000001,722.7973224000001,722.7973224000001,722.7973224000001,722.7973224000001,723.6653141999999,"[-0.204, -0.204, -0.204, -0.204, -0.204, -0.204, -0.204, -0.204, -0.204, -0.204, -0.204, -0.204, -0.204, -0.204, -0.204, -0.204, -0.204, -0.204, -0.204, -0.204, -0.204, -0.204, -0.204, -0.204, -0.204, -0.204, -0.204, -0.204, -0.204, -0.204, -0.204, -0.204, -0.204, -0.204, -0.204, -0.204, -0.204, -0.204, -0.204, -0.204, -0.204, -0.212, -0.22, -0.228, -0.236, -0.244, -0.252, -0.26, -0.268, -0.276, -0.284, -0.292, -0.292, -0.292]",None,None,['left'],[0.6635354000000007],[0.17608249999989312],up,0.8635739999999714,None,723.6657145,723.6806842,723.9306777,723.9140268,723.9144203,723.9306777,,724.9307543000001,,724.9142467999999,1,3,723.9306777,724.9307543000001,,,,,,,,,,,,,,202604,,C,2026-08-01_12h45.50.488,valence_final_v2,2024.2.4,60,2026-08-01 12h46.07.947797 -0600,
37,37,0,2,1,curv_comp,47,0.3,-0.34,3.0,-0.072,curv,flat_curv,-0.2,0.2,0.34,pen,input_data/stims/Shape_0.30_3.00.png,input_data/stims/Shape_4.00_2.00.png,input_data/stims/Shape_0.00_2.00.png,-1,-1,-1.0,1.0,-1,None,,,up,0.5814111000001958,None,None,None,['right'],[0.4113662999998269],[None],up,0.5313532999998642,None,2,0,2,0,0,37,37,7,724.9307543000001,,,,,,,,,,,,,,,,,724.9148551,0.0006114000000252418,725.9984596999999,725.9992172999999,726.0143363000001,727.0139644,726.9974887,726.9979228999999,0.0004449000000477099,728.2814468,728.2829986999999,728.2974820999999,728.2974820999999,728.2974820999999,728.2974820999999,728.2974820999999,728.2974820999999,728.2974820999999,728.8322669,"[-0.072, -0.072, -0.072, -0.072, -0.072, -0.072, -0.072, -0.072, -0.072, -0.072, -0.072, -0.072, -0.072, -0.072, -0.072, -0.072, -0.072, -0.072, -0.072, -0.072, -0.072, -0.072, -0.072, -0.072, -0.072, -0.072, -0.064, -0.056, -0.048, -0.04, -0.032, -0.024, -0.016, -0.008]",None,None,['right'],[0.4113662999998269],[None],up,0.5313532999998642,None,728.8326054,728.8475976000001,729.0975143,729.0809906000001,729.0813981,729.0975143,729.0975143,730.0990444,730.0990444,730.0815736999999,0,-3,,,,,,,,,,,,,,,,202604,,C,2026-08-01_12h45.50.488,valence_final_v2,2024.2.4,60,2026-08-01 12h46.07.947797 -0600,
38,38,0,2,1,curv_comp,67,1.7,-0.06,3.0,-0.356,flat,flat_curv,-0.2,0.2,0.06,rew,input_data/stims/Shape_1.70_3.00.png,input_data/stims/Shape_4.00_2.00.png,input_data/stims/Shape_0.00_2.00.png,1,-1,-1.0,1.0,1,None,,,up,0.5814111000001958,None,None,None,['right'],[0.9239455999997972],[None],up,1.2438998000000083,None,2,0,2,0,0,38,38,27,730.0990444,,,,,,,,,,,,,,,,,730.0822641999999,0.0006951000000299246,731.1172366,731.1176356,731.1308972,732.1309087999999,732.1146574,732.1150847,0.0004376000001684588,733.4495395,733.4508219999999,733.4649724,733.4649724,733.4649724,733.4649724,733.4649724,733.4649724,733.4649724,734.7160287,"[-0.356, -0.356, -0.356, -0.356, -0.356, -0.356, -0.356, -0.356, -0.356, -0.356, -0.356, -0.356, -0.356, -0.356, -0.356, -0.356, -0.356, -0.356, -0.356, -0.356, -0.356, -0.356, -0.356, -0.356, -0.356, -0.356, -0.356, -0.356, -0.356, -0.356, -0.356, -0.356, -0.356, -0.356, -0.356, -0.356, -0.356, -0.356, -0.356, -0.356, -0.356, -0.356, -0.356, -0.356, -0.356, -0.356, -0.356, -0.356, -0.356, -0.356, -0.356, -0.356, -0.356, -0.356, -0.356, -0.356, -0.356, -0.348, -0.34, -0.332, -0.324, -0.316, -0.308, -0.3, -0.292, -0.284, -0.276, -0.268, -0.26, -0.252, -0.244, -0.236, -0.228, -0.22, -0.212, -0.204, -0.196]",None,None,['right'],[0.9239455999997972],[None],up,1.2438998000000083,None,734.7164208999999,734.7309885999999,734.9810064,734.9644907999999,734.9648865,734.9810064,,735.9810239,,735.9647882999999,1,3,734.9810064,735.9810239,,,,,,,,,,,,,,202604,,C,2026-08-01_12h45.50.488,valence_final_v2,2024.2.4,60,2026-08-01 12h46.07.947797 -0600,
39,39,0,2,1,curv_comp,69,1.9,-0.02,1.0,-0.4,flat,flat_curv,-0.2,0.2,0.02,rew,input_data/stims/Shape_1.90_1.00.png,input_data/stims/Shape_4.00_2.00.png,input_data/stims/Shape_0.00_2.00.png,1,-1,-1.0,-1.0,1,None,,,up,0.5814111000001958,None,None,None,['right'],[0.5570940999998584],[None],up,1.3090846000000056,None,2,0,2,0,0,39,39,29,735.9810239,,,,,,,,,,,,,,,,,735.9654326000001,0.0006476999999449617,736.9002234000001,736.9010102999999,736.9146578000001,737.9142697000001,737.8979383,737.8984704000001,0.0005461999999170075,739.2320076,739.2339012000001,739.2477858000001,739.2477858000001,739.2477858000001,739.2477858000001,739.2477858000001,739.2477858000001,739.2477858000001,740.5661687,"[-0.4, -0.4, -0.4, -0.4, -0.4, -0.4, -0.4, -0.4, -0.4, -0.4, -0.4, -0.4, -0.4, -0.4, -0.4, -0.4, -0.4, -0.4, -0.4, -0.4, -0.4, -0.4, -0.4, -0.4, -0.4, -0.4, -0.4, -0.4, -0.4, -0.4, -0.4, -0.4, -0.4, -0.4, -0.4, -0.392, -0.384, -0.376, -0.368, -0.36, -0.352, -0.344, -0.336, -0.328, -0.32, -0.312, -0.304, -0.296, -0.288, -0.28, -0.272, -0.264, -0.256, -0.248, -0.24, -0.232, -0.224, -0.216, -0.208, -0.2, -0.192, -0.184, -0.176, -0.168, -0.16, -0.152, -0.144, -0.136, -0.128, -0.12, -0.112, -0.104, -0.096, -0.088, -0.08, -0.072, -0.064, -0.056, -0.048, -0.04, -0.032]",None,None,['right'],[0.5570940999998584],[None],up,1.3090846000000056,None,740.5665585999999,740.5811448999999,740.8311654,740.8145181000001,740.8149107999999,740.8311654,,741.8478832,,741.8149516,1,3,740.8311654,741.8478832,,,,,,,,,,,,,,202604,,C,2026-08-01_12h45.50.488,valence_final_v2,2024.2.4,60,2026-08-01 12h46.07.947797 -0600,
,,,,,,,,,,,,,,,,,,,,,,,,,,,,,,,,,,,,,,,,,,,,,,,,,,,,,,,,,,,,,,,,,,,,,,,,,,,,,,,,,,,,,,,,,,,,,,,,,,,,,,,,,,,,,,741.8311523000001,741.8478832,741.8478832,,,,,,,,,,,,,,,
