thisN,thisTrialN,thisRepN,blockN,run,condition,trial_key,stim_file_pos,stim_pos,noise_pos,marker_init,shape,shape_order,true_div,div_pos,target_pos,valence,target_file,img1_file,img2_file,valence_direction,direction,marker_direction,noise_direction,shape_category,valence_resp.keys,valence_resp.rt,valence_resp.duration,block_start_resp.keys,block_start_resp.rt,block_start_resp.duration,marker.response,marker.rt,slider_resp.keys,slider_resp.rt,slider_resp.duration,submit_resp.keys,submit_resp.rt,submit_resp.duration,blocks.thisRepN,blocks.thisTrialN,blocks.thisN,blocks.thisIndex,trials.thisRepN,trials.thisTrialN,trials.thisN,trials.thisIndex,thisRow.t,notes,valence_instruct.started,valence_image.started,valence_text.started,valence_resp.started,valence_instruct.stopped,blocks.valence_resp.keys,blocks.valence_resp.rt,blocks.valence_resp.duration,block_start.started,block_start_text.started,block_start_resp.started,block_start.stopped,blocks.block_start_resp.keys,blocks.block_start_resp.rt,blocks.block_start_resp.duration,baseline.started,ISI1.started,baseline.stopped,stim.started,target_stim.started,target_stim.stopped,stim.stopped,delay.started,ISI2.started,delay.stopped,task.started,img1.started,img2.started,divider_line.started,slider_line.started,marker.started,slider_resp.started,submit_resp.started,task.stopped,positions,trials.marker.response,trials.marker.rt,trials.slider_resp.keys,trials.slider_resp.rt,trials.slider_resp.duration,trials.submit_resp.keys,trials.submit_resp.rt,trials.submit_resp.duration,anticipation.started,anticipation_text.started,anticipation_text.stopped,anticipation.stopped,feedback.started,no_resp_text.started,three_coin.started,no_resp_text.stopped,three_coin.stopped,feedback.stopped,correct,outcome,one_coin.started,one_coin.stopped,one_cross.started,one_cross.stopped,three_cross.started,three_cross.stopped,block_end.started,block_end_text.started,block_end_resp.started,block_end.stopped,block_outcome,block_bonus,blocks.block_end_resp.keys,blocks.block_end_resp.rt,blocks.block_end_resp.duration,img1.stopped,img2.stopped,divider_line.stopped,slider_line.stopped,marker.stopped,slider_resp.stopped,submit_resp.stopped,subj,practice?,sess_type,date,expName,psychopyVersion,frameRate,expStart,
0,0,0,4,2,baseline,136,1.7,-0.06,3.0,0.064,curv,curv_flat,0.0,0.0,-0.06,rew,input_data/stims/Shape_1.70_3.00.png,input_data/stims/Shape_0.00_2.00.png,input_data/stims/Shape_4.00_2.00.png,1,1,1.0,1.0,-1,up,17.719282099977136,None,up,0.9748283999506384,None,None,None,"['left', 'left']","[0.5278915000380948, 0.9918899000622332]","[0.2720218999311328, 0.06421989994123578]",up,1.056109800003469,None,0,0,0,0,0,0,0,16,18.982191700022668,,0.20777420001104474,0.2214257000014186,0.2214257000014186,0.2214257000014186,17.949131299974397,up,17.719282099977136,None,17.954067099955864,17.965866399928927,17.965866399928927,18.9491017999826,up,0.9748283999506384,None,18.975970200030133,0.02685280004516244,20.061145199928433,20.06166389991995,20.082239900017157,21.082258899929002,21.06611170002725,21.066536800004542,0.0004347999347373843,22.501192299998365,22.502660600002855,22.516713900025934,22.516713900025934,22.516713900025934,22.516713900025934,22.516713900025934,22.516713900025934,22.516713900025934,23.58356239995919,"[0.064, 0.064, 0.064, 0.064, 0.064, 0.064, 0.064, 0.064, 0.064, 0.064, 0.064, 0.064, 0.064, 0.064, 0.064, 0.064, 0.064, 0.064, 0.064, 0.064, 0.064, 0.064, 0.064, 0.064, 0.064, 0.064, 0.064, 0.064, 0.064, 0.064, 0.064, 0.064, 0.064, 0.056, 0.048, 0.04, 0.032, 0.024, 0.016, 0.008, 0.0, -0.008, -0.016, -0.024, -0.032, -0.04, -0.048, -0.056, -0.064, -0.072, -0.072, -0.072, -0.072, -0.072, -0.072, -0.072, -0.072, -0.072, -0.072, -0.072, -0.072, -0.08, -0.088, -0.096, -0.104, -0.104]",None,None,"['left', 'left']","[0.5278915000380948, 0.9918899000622332]","[0.2720218999311328, 0.06421989994123578]",up,1.056109800003469,None,23.583962899981998,23.59899420000147,23.848993199993856,23.83246649999637,23.83287039992865,23.848993199993856,23.848993199993856,24.8490310999332,24.8490310999332,24.832873599953018,1,3,,,,,,,,,,,,,,,,,,,,,,,202603,,B,2026-07-22_11h27.17.442,valence_final_v2,2024.2.4,60,2026-07-22 11h27.28.654970 -0600,
1,1,0,4,2,baseline,126,0.7,-0.26,3.0,-0.312,curv,curv_flat,0.0,0.0,-0.26,rew,input_data/stims/Shape_0.70_3.00.png,input_data/stims/Shape_0.00_2.00.png,input_data/stims/Shape_4.00_2.00.png,1,1,-1.0,1.0,-1,up,17.719282099977136,None,up,0.9748283999506384,None,None,None,"['right', 'right']","[0.5104899000143632, 1.1348010000074282]","[0.22401579993311316, 0.15968329994939268]",up,1.47855250001885,None,0,0,0,0,0,1,1,6,24.8490310999332,,,,,,,,,,,,,,,,,24.833505099988542,0.0006304999114945531,25.717811799957417,25.718672899995,25.73239359993022,26.73241399996914,26.716320400009863,26.716745399986394,0.00043489993549883366,28.151455299928784,28.153054099995643,28.166181799955666,28.166181799955666,28.166181799955666,28.166181799955666,28.166181799955666,28.166181799955666,28.166181799955666,29.65055110002868,"[-0.312, -0.312, -0.312, -0.312, -0.312, -0.312, -0.312, -0.312, -0.312, -0.312, -0.312, -0.312, -0.312, -0.312, -0.312, -0.312, -0.312, -0.312, -0.312, -0.312, -0.312, -0.312, -0.312, -0.312, -0.312, -0.312, -0.312, -0.312, -0.312, -0.312, -0.312, -0.312, -0.304, -0.296, -0.288, -0.28, -0.272, -0.264, -0.256, -0.248, -0.24, -0.232, -0.224, -0.216, -0.208, -0.2, -0.2, -0.2, -0.2, -0.2, -0.2, -0.2, -0.2, -0.2, -0.2, -0.2, -0.2, -0.2, -0.2, -0.2, -0.2, -0.2, -0.2, -0.2, -0.2, -0.2, -0.2, -0.2, -0.2, -0.2, -0.192, -0.184, -0.176, -0.168, -0.16, -0.152, -0.144, -0.136, -0.128, -0.128, -0.128, -0.128, -0.128, -0.128, -0.128, -0.128, -0.128, -0.128, -0.128, -0.128, -0.128]",None,None,"['right', 'right']","[0.5104899000143632, 1.1348010000074282]","[0.22401579993311316, 0.15968329994939268]",up,1.47855250001885,None,29.650936299934983,29.666216399986297,29.916250800015405,29.899308099993505,29.89969290001318,29.916250800015405,29.916250800015405,30.91586930002086,30.91586930002086,30.899486399954185,1,3,,,,,,,,,,,,,,,,,,,,,,,202603,,B,2026-07-22_11h27.17.442,valence_final_v2,2024.2.4,60,2026-07-22 11h27.28.654970 -0600,
2,2,0,4,2,baseline,148,2.9,0.18,1.0,-0.092,flat,curv_flat,0.0,0.0,0.18,pen,input_data/stims/Shape_2.90_1.00.png,input_data/stims/Shape_0.00_2.00.png,input_data/stims/Shape_4.00_2.00.png,-1,1,-1.0,-1.0,1,up,17.719282099977136,None,up,0.9748283999506384,None,None,None,['right'],[0.36800759995821863],[0.36804560001473874],up,0.8960504999849945,None,0,0,0,0,0,2,2,28,30.91586930002086,,,,,,,,,,,,,,,,,30.900075700017624,0.0005905999569222331,31.785356499953195,31.78579599992372,31.799607899971306,32.79939689999446,32.7828998999903,32.78334520000499,0.00045549997594207525,34.1178796000313,34.11943640001118,34.13262029993348,34.13262029993348,34.13262029993348,34.13262029993348,34.13262029993348,34.13262029993348,34.13262029993348,35.03399709996302,"[-0.092, -0.092, -0.092, -0.092, -0.092, -0.092, -0.092, -0.092, -0.092, -0.092, -0.092, -0.092, -0.092, -0.092, -0.092, -0.092, -0.092, -0.092, -0.092, -0.092, -0.092, -0.092, -0.092, -0.092, -0.084, -0.076, -0.068, -0.06, -0.052, -0.044, -0.036, -0.028, -0.02, -0.012, -0.004, 0.004, 0.012, 0.02, 0.028, 0.036, 0.044, 0.052, 0.06, 0.068, 0.076, 0.084, 0.084, 0.084, 0.084, 0.084, 0.084, 0.084, 0.084, 0.084, 0.084, 0.084]",None,None,['right'],[0.36800759995821863],[0.36804560001473874],up,0.8960504999849945,None,35.03438329999335,35.04931849997956,35.299705900019035,35.28279349999502,35.28318989998661,35.299705900019035,,36.299346899962984,,36.28284499992151,1,1,35.299705900019035,36.299346899962984,,,,,,,,,,,,,,,,,,,,,202603,,B,2026-07-22_11h27.17.442,valence_final_v2,2024.2.4,60,2026-07-22 11h27.28.654970 -0600,
3,3,0,4,2,baseline,153,3.3,0.26,1.0,0.136,flat,flat_curv,0.0,0.0,-0.26,pen,input_data/stims/Shape_3.30_1.00.png,input_data/stims/Shape_4.00_2.00.png,input_data/stims/Shape_0.00_2.00.png,-1,-1,1.0,-1.0,1,up,17.719282099977136,None,up,0.9748283999506384,None,None,None,"['right', 'left']","[0.2784807999851182, 0.5183754999889061]","[0.1920316000469029, 0.5760383000597358]",up,1.2784684000071138,None,0,0,0,0,0,3,3,33,36.299346899962984,,,,,,,,,,,,,,,,,36.28344129992183,0.0006001000292599201,37.21729009994306,37.217822699924,37.23307429999113,38.232727300026454,38.21635449992027,38.216785999946296,0.00044219999108463526,39.55115559999831,39.55244619993027,39.56622169993352,39.56622169993352,39.56622169993352,39.56622169993352,39.56622169993352,39.56622169993352,39.56622169993352,40.85048299992923,"[0.136, 0.136, 0.136, 0.136, 0.136, 0.136, 0.136, 0.136, 0.136, 0.136, 0.136, 0.136, 0.136, 0.136, 0.136, 0.136, 0.136, 0.136, 0.144, 0.152, 0.16, 0.168, 0.176, 0.184, 0.192, 0.2, 0.208, 0.216, 0.224, 0.232, 0.232, 0.232, 0.232, 0.224, 0.216, 0.208, 0.2, 0.192, 0.184, 0.176, 0.168, 0.16, 0.152, 0.144, 0.136, 0.128, 0.12, 0.112, 0.104, 0.096, 0.088, 0.08, 0.072, 0.064, 0.056, 0.048, 0.04, 0.032, 0.024, 0.016, 0.008, 0.0, -0.008, -0.016, -0.024, -0.032, -0.04, -0.04, -0.04, -0.04, -0.04, -0.04, -0.04, -0.04, -0.04, -0.04, -0.04, -0.04, -0.04]",None,None,"['right', 'left']","[0.2784807999851182, 0.5183754999889061]","[0.1920316000469029, 0.5760383000597358]",up,1.2784684000071138,None,40.85085930000059,40.866531000006944,41.116560800001025,41.099662599968724,41.10005120001733,41.116560800001025,,42.116180400014855,,42.09970010002144,1,1,41.116560800001025,42.116180400014855,,,,,,,,,,,,,,,,,,,,,202603,,B,2026-07-22_11h27.17.442,valence_final_v2,2024.2.4,60,2026-07-22 11h27.28.654970 -0600,
4,4,0,4,2,baseline,137,1.7,-0.06,1.0,0.296,curv,flat_curv,0.0,0.0,0.06,rew,input_data/stims/Shape_1.70_1.00.png,input_data/stims/Shape_4.00_2.00.png,input_data/stims/Shape_0.00_2.00.png,1,-1,1.0,-1.0,-1,up,17.719282099977136,None,up,0.9748283999506384,None,None,None,None,,,up,0.8270485000684857,None,0,0,0,0,0,4,4,17,42.116180400014855,,,,,,,,,,,,,,,,,42.10030269995332,0.0006055000703781843,42.98469229997136,42.98512249998748,42.99954929994419,43.99981539999135,43.983771099941805,43.98421589995269,0.00045540009159594774,45.419580699992366,45.421033299993724,45.433631299994886,45.433631299994886,45.433631299994886,45.433631299994886,45.433631299994886,45.433631299994886,45.433631299994886,46.268118700012565,"[0.296, 0.296, 0.296, 0.296, 0.296, 0.296, 0.296, 0.296, 0.296, 0.296, 0.296, 0.296, 0.296, 0.296, 0.296, 0.296, 0.296, 0.296, 0.296, 0.296, 0.296, 0.296, 0.296, 0.296, 0.296, 0.296, 0.296, 0.296, 0.296, 0.296, 0.296, 0.296, 0.296, 0.296, 0.296, 0.296, 0.296, 0.296, 0.296, 0.296, 0.296, 0.296, 0.296, 0.296, 0.296, 0.296, 0.296, 0.296, 0.296, 0.296, 0.296, 0.296]",None,None,None,,,up,0.8270485000684857,None,46.268486400018446,46.28374779992737,46.53373799996916,46.517257099971175,46.52572859998327,46.53373799996916,,47.53366999991704,,47.51730589999352,0,-1,,,46.53373799996916,47.53366999991704,,,,,,,,,,,,,,,,,,,202603,,B,2026-07-22_11h27.17.442,valence_final_v2,2024.2.4,60,2026-07-22 11h27.28.654970 -0600,
5,5,0,4,2,baseline,128,0.9,-0.22,3.0,-0.396,curv,curv_flat,0.0,0.0,-0.22,rew,input_data/stims/Shape_0.90_3.00.png,input_data/stims/Shape_0.00_2.00.png,input_data/stims/Shape_4.00_2.00.png,1,1,-1.0,1.0,-1,up,17.719282099977136,None,up,0.9748283999506384,None,None,None,"['left', 'right', 'left']","[0.4016961999004707, 0.681688699987717, 1.0896717999130487]","[0.23207940009888262, 0.2879915999947116, 0.16016129998024553]",up,1.3536301999120042,None,0,0,0,0,0,5,5,8,47.53366999991704,,,,,,,,,,,,,,,,,47.51800069992896,0.0006979999598115683,48.60167789994739,48.60207799996715,48.617196399951354,49.617187099996954,49.6006297999993,49.60105349996593,0.0004352000541985035,51.035132999997586,51.03641289996449,51.05099409993272,51.05099409993272,51.05099409993272,51.05099409993272,51.05099409993272,51.05099409993272,51.05099409993272,52.418269800022244,"[-0.396, -0.396, -0.396, -0.396, -0.396, -0.396, -0.396, -0.396, -0.396, -0.396, -0.396, -0.396, -0.396, -0.396, -0.396, -0.396, -0.396, -0.396, -0.396, -0.396, -0.396, -0.396, -0.396, -0.396, -0.396, -0.396, -0.396, -0.396, -0.396, -0.396, -0.396, -0.396, -0.396, -0.396, -0.396, -0.396, -0.396, -0.396, -0.396, -0.396, -0.396, -0.396, -0.388, -0.38, -0.372, -0.364, -0.356, -0.348, -0.34, -0.332, -0.324, -0.316, -0.308, -0.3, -0.292, -0.284, -0.276, -0.268, -0.26, -0.252, -0.252, -0.252, -0.252, -0.252, -0.252, -0.252, -0.252, -0.26, -0.268, -0.276, -0.284, -0.292, -0.3, -0.308, -0.316, -0.324, -0.332, -0.332, -0.332, -0.332, -0.332, -0.332, -0.332, -0.332]",None,None,"['left', 'right', 'left']","[0.4016961999004707, 0.681688699987717, 1.0896717999130487]","[0.23207940009888262, 0.2879915999947116, 0.16016129998024553]",up,1.3536301999120042,None,52.41866009996738,52.43392949993722,52.68391130003147,52.667401999933645,52.66825170000084,52.68391130003147,52.68391130003147,53.68388769996818,53.68388769996818,53.666957999928854,1,3,,,,,,,,,,,,,,,,,,,,,,,202603,,B,2026-07-22_11h27.17.442,valence_final_v2,2024.2.4,60,2026-07-22 11h27.28.654970 -0600,
6,6,0,4,2,baseline,127,0.7,-0.26,3.0,-0.228,curv,flat_curv,0.0,0.0,0.26,rew,input_data/stims/Shape_0.70_3.00.png,input_data/stims/Shape_4.00_2.00.png,input_data/stims/Shape_0.00_2.00.png,1,-1,-1.0,1.0,-1,up,17.719282099977136,None,up,0.9748283999506384,None,None,None,['right'],[0.633992400020361],[0.8959510000422597],up,1.7619583000196144,None,0,0,0,0,0,6,6,7,53.68388769996818,,,,,,,,,,,,,,,,,53.66756259999238,0.0006070999661460519,54.652020899928175,54.652531199972145,54.667297299951315,55.66733059997205,55.650815499946475,55.65123299998231,0.00042720010969787836,57.03555949998554,57.036784299998544,57.050733499927446,57.050733499927446,57.050733499927446,57.050733499927446,57.050733499927446,57.050733499927446,57.050733499927446,58.81752849998884,"[-0.228, -0.228, -0.228, -0.228, -0.228, -0.228, -0.228, -0.228, -0.228, -0.228, -0.228, -0.228, -0.228, -0.228, -0.228, -0.228, -0.228, -0.228, -0.228, -0.228, -0.228, -0.228, -0.228, -0.228, -0.228, -0.228, -0.228, -0.228, -0.228, -0.228, -0.228, -0.228, -0.228, -0.228, -0.228, -0.228, -0.228, -0.228, -0.228, -0.228, -0.22, -0.212, -0.204, -0.196, -0.188, -0.18, -0.172, -0.164, -0.156, -0.148, -0.14, -0.132, -0.124, -0.116, -0.108, -0.1, -0.092, -0.084, -0.076, -0.068, -0.06, -0.052, -0.044, -0.036, -0.028, -0.02, -0.012, -0.004, 0.004, 0.012, 0.02, 0.028, 0.036, 0.044, 0.052, 0.06, 0.068, 0.076, 0.084, 0.092, 0.1, 0.108, 0.116, 0.124, 0.132, 0.14, 0.148, 0.156, 0.164, 0.172, 0.18, 0.188, 0.196, 0.196, 0.196, 0.196, 0.196, 0.196, 0.196, 0.196, 0.196, 0.196, 0.196, 0.196, 0.196, 0.196, 0.196, 0.196]",None,None,['right'],[0.633992400020361],[0.8959510000422597],up,1.7619583000196144,None,58.817934899940155,58.83319879998453,59.08319479995407,59.06671990000177,59.06710099999327,59.08319479995407,59.08319479995407,60.0832320000045,60.0832320000045,60.06672589993104,1,3,,,,,,,,,,,,,,,,,,,,,,,202603,,B,2026-07-22_11h27.17.442,valence_final_v2,2024.2.4,60,2026-07-22 11h27.28.654970 -0600,
7,7,0,4,2,baseline,125,0.5,-0.3,1.0,0.016,curv,flat_curv,0.0,0.0,0.3,rew,input_data/stims/Shape_0.50_1.00.png,input_data/stims/Shape_4.00_2.00.png,input_data/stims/Shape_0.00_2.00.png,1,-1,1.0,-1.0,-1,up,17.719282099977136,None,up,0.9748283999506384,None,None,None,['right'],[0.4606338000157848],[0.4480548999272287],up,1.1006950999144465,None,0,0,0,0,0,7,7,5,60.0832320000045,,,,,,,,,,,,,,,,,60.067328799981624,0.0006057999562472105,61.10131459997501,61.102107999962755,61.116669700015336,62.11662460002117,62.100137699977495,62.10056629998144,0.00043890008237212896,63.385069499956444,63.38629569998011,63.39999689999968,63.39999689999968,63.39999689999968,63.39999689999968,63.39999689999968,63.39999689999968,63.39999689999968,64.51806289993692,"[0.016, 0.016, 0.016, 0.016, 0.016, 0.016, 0.016, 0.016, 0.016, 0.016, 0.016, 0.016, 0.016, 0.016, 0.016, 0.016, 0.016, 0.016, 0.016, 0.016, 0.016, 0.016, 0.016, 0.016, 0.016, 0.016, 0.016, 0.016, 0.016, 0.024, 0.032, 0.04, 0.048, 0.056, 0.064, 0.072, 0.08, 0.088, 0.096, 0.104, 0.112, 0.12, 0.128, 0.136, 0.144, 0.152, 0.16, 0.168, 0.176, 0.184, 0.192, 0.2, 0.208, 0.216, 0.224, 0.232, 0.232, 0.232, 0.232, 0.232, 0.232, 0.232, 0.232, 0.232, 0.232, 0.232, 0.232, 0.232, 0.232]",None,None,['right'],[0.4606338000157848],[0.4480548999272287],up,1.1006950999144465,None,64.51850350003224,64.53333909995854,64.78334209998138,64.7668704999378,64.76726829994004,64.78334209998138,64.78334209998138,65.78337079996709,65.78337079996709,65.76689740002621,1,3,,,,,,,,,,,,,,,,,,,,,,,202603,,B,2026-07-22_11h27.17.442,valence_final_v2,2024.2.4,60,2026-07-22 11h27.28.654970 -0600,
8,8,0,4,2,baseline,145,2.5,0.1,1.0,0.244,flat,flat_curv,0.0,0.0,-0.1,pen,input_data/stims/Shape_2.50_1.00.png,input_data/stims/Shape_4.00_2.00.png,input_data/stims/Shape_0.00_2.00.png,-1,-1,1.0,-1.0,1,up,17.719282099977136,None,up,0.9748283999506384,None,None,None,['left'],[0.29055040003731847],[0.3519968999316916],up,0.8427045999560505,None,0,0,0,0,0,8,8,25,65.78337079996709,,,,,,,,,,,,,,,,,65.7674952999223,0.0006012000376358628,66.70189989998471,66.70263169996906,66.71674659999553,67.7168159999419,67.70030799997039,67.70074739994016,0.0004512000596150756,69.03513959993143,69.03654010000173,69.05015469994396,69.05015469994396,69.05015469994396,69.05015469994396,69.05015469994396,69.05015469994396,69.05015469994396,69.90120850002859,"[0.244, 0.244, 0.244, 0.244, 0.244, 0.244, 0.244, 0.244, 0.244, 0.244, 0.244, 0.244, 0.244, 0.244, 0.244, 0.244, 0.244, 0.244, 0.244, 0.236, 0.228, 0.22, 0.212, 0.204, 0.196, 0.188, 0.18, 0.172, 0.164, 0.156, 0.148, 0.14, 0.132, 0.124, 0.116, 0.108, 0.1, 0.092, 0.084, 0.076, 0.076, 0.076, 0.076, 0.076, 0.076, 0.076, 0.076, 0.076, 0.076, 0.076, 0.076, 0.076, 0.076]",None,None,['left'],[0.29055040003731847],[0.3519968999316916],up,0.8427045999560505,None,69.90157809993252,69.9168512999313,70.16683609993197,70.15036800003145,70.15076749993023,70.16683609993197,,71.16687029995956,,71.1503834000323,0,-3,,,,,70.16683609993197,71.16687029995956,,,,,,,,,,,,,,,,,202603,,B,2026-07-22_11h27.17.442,valence_final_v2,2024.2.4,60,2026-07-22 11h27.28.654970 -0600,
9,9,0,4,2,baseline,158,3.9,0.38,3.0,0.284,flat,curv_flat,0.0,0.0,0.38,pen,input_data/stims/Shape_3.90_3.00.png,input_data/stims/Shape_0.00_2.00.png,input_data/stims/Shape_4.00_2.00.png,-1,1,1.0,1.0,1,up,17.719282099977136,None,up,0.9748283999506384,None,None,None,['left'],[0.46699300000909716],[0.3600453999824822],up,0.9630425999639556,None,0,0,0,0,0,9,9,38,71.16687029995956,,,,,,,,,,,,,,,,,71.15099470003042,0.0006138000171631575,72.1855483999243,72.18633399996907,72.20025280001573,73.20024319994263,73.18379439995624,73.18421939993277,0.0004341000458225608,74.61939609993715,74.62064039998222,74.63365730002988,74.63365730002988,74.63365730002988,74.63365730002988,74.63365730002988,74.63365730002988,74.63365730002988,75.60134259995539,"[0.284, 0.284, 0.284, 0.284, 0.284, 0.284, 0.284, 0.284, 0.284, 0.284, 0.284, 0.284, 0.284, 0.284, 0.284, 0.284, 0.284, 0.284, 0.284, 0.284, 0.284, 0.284, 0.284, 0.284, 0.284, 0.284, 0.284, 0.284, 0.284, 0.284, 0.276, 0.268, 0.26, 0.252, 0.244, 0.236, 0.228, 0.22, 0.212, 0.204, 0.196, 0.188, 0.18, 0.172, 0.164, 0.156, 0.148, 0.14, 0.132, 0.124, 0.116, 0.116, 0.116, 0.116, 0.116, 0.116, 0.116, 0.116, 0.116, 0.116]",None,None,['left'],[0.46699300000909716],[0.3600453999824822],up,0.9630425999639556,None,75.60174680000637,75.61703289998695,75.86699519993272,75.85051779996138,75.85090339998715,75.86699519993272,,76.86701579997316,,76.85058839991689,1,1,75.86699519993272,76.86701579997316,,,,,,,,,,,,,,,,,,,,,202603,,B,2026-07-22_11h27.17.442,valence_final_v2,2024.2.4,60,2026-07-22 11h27.28.654970 -0600,
10,10,0,4,2,baseline,152,3.3,0.26,3.0,-0.1,flat,curv_flat,0.0,0.0,0.26,pen,input_data/stims/Shape_3.30_3.00.png,input_data/stims/Shape_0.00_2.00.png,input_data/stims/Shape_4.00_2.00.png,-1,1,-1.0,1.0,1,up,17.719282099977136,None,up,0.9748283999506384,None,None,None,['right'],[0.36293440009467304],[0.38397590001113713],up,0.9389197001000866,None,0,0,0,0,0,10,10,32,76.86701579997316,,,,,,,,,,,,,,,,,76.85119299998041,0.0006074000848457217,77.73536789999343,77.73577329993714,77.75046299991664,78.75040609994903,78.73394149995875,78.73437900003046,0.00044890004210174084,80.01835979998577,80.01967009995133,80.0337889000075,80.0337889000075,80.0337889000075,80.0337889000075,80.0337889000075,80.0337889000075,80.0337889000075,80.98485429992434,"[-0.1, -0.1, -0.1, -0.1, -0.1, -0.1, -0.1, -0.1, -0.1, -0.1, -0.1, -0.1, -0.1, -0.1, -0.1, -0.1, -0.1, -0.1, -0.1, -0.1, -0.1, -0.1, -0.1, -0.092, -0.084, -0.076, -0.068, -0.06, -0.052, -0.044, -0.036, -0.028, -0.02, -0.012, -0.004, 0.004, 0.012, 0.02, 0.028, 0.036, 0.044, 0.052, 0.06, 0.068, 0.076, 0.084, 0.084, 0.084, 0.084, 0.084, 0.084, 0.084, 0.084, 0.084, 0.084, 0.084, 0.084, 0.084, 0.084]",None,None,['right'],[0.36293440009467304],[0.38397590001113713],up,0.9389197001000866,None,80.98523689992726,81.00047259998973,81.25048789998982,81.23393649992067,81.23432229994796,81.25048789998982,,82.25050419999752,,82.23400219995528,1,1,81.25048789998982,82.25050419999752,,,,,,,,,,,,,,,,,,,,,202603,,B,2026-07-22_11h27.17.442,valence_final_v2,2024.2.4,60,2026-07-22 11h27.28.654970 -0600,
11,11,0,4,2,baseline,154,3.5,0.3,3.0,-0.244,flat,curv_flat,0.0,0.0,0.3,pen,input_data/stims/Shape_3.50_3.00.png,input_data/stims/Shape_0.00_2.00.png,input_data/stims/Shape_4.00_2.00.png,-1,1,-1.0,1.0,1,up,17.719282099977136,None,up,0.9748283999506384,None,None,None,['right'],[0.8755479000974447],[0.7998496999498457],up,1.707342000096105,None,0,0,0,0,0,11,11,34,82.25050419999752,,,,,,,,,,,,,,,,,82.234595399932,0.0005969000048935413,83.119669699925,83.12045369995758,83.13388580002356,84.13389549998101,84.11743039998692,84.11785539996345,0.00043610006105154753,85.60169109993149,85.60316039994359,85.61731010000221,85.61731010000221,85.61731010000221,85.61731010000221,85.61731010000221,85.61731010000221,85.61731010000221,87.3350039999932,"[-0.244, -0.244, -0.244, -0.244, -0.244, -0.244, -0.244, -0.244, -0.244, -0.244, -0.244, -0.244, -0.244, -0.244, -0.244, -0.244, -0.244, -0.244, -0.244, -0.244, -0.244, -0.244, -0.244, -0.244, -0.244, -0.244, -0.244, -0.244, -0.244, -0.244, -0.244, -0.244, -0.244, -0.244, -0.244, -0.244, -0.244, -0.244, -0.244, -0.244, -0.244, -0.244, -0.244, -0.244, -0.244, -0.244, -0.244, -0.244, -0.244, -0.244, -0.244, -0.244, -0.244, -0.244, -0.236, -0.228, -0.22, -0.212, -0.204, -0.196, -0.188, -0.18, -0.172, -0.164, -0.156, -0.148, -0.14, -0.132, -0.124, -0.116, -0.108, -0.1, -0.092, -0.084, -0.076, -0.068, -0.06, -0.052, -0.044, -0.036, -0.028, -0.02, -0.012, -0.004, 0.004, 0.012, 0.02, 0.028, 0.036, 0.044, 0.052, 0.06, 0.068, 0.076, 0.084, 0.092, 0.1, 0.108, 0.116, 0.124, 0.132, 0.14, 0.14, 0.14, 0.14]",None,None,['right'],[0.8755479000974447],[0.7998496999498457],up,1.707342000096105,None,87.33543139998801,87.3506637000246,87.60065959999338,87.58421070000622,87.58460800000466,87.60065959999338,,88.60069699992891,,88.5842581000179,1,1,87.60065959999338,88.60069699992891,,,,,,,,,,,,,,,,,,,,,202603,,B,2026-07-22_11h27.17.442,valence_final_v2,2024.2.4,60,2026-07-22 11h27.28.654970 -0600,
12,12,0,4,2,baseline,143,2.3,0.06,3.0,-0.208,flat,flat_curv,0.0,0.0,-0.06,pen,input_data/stims/Shape_2.30_3.00.png,input_data/stims/Shape_4.00_2.00.png,input_data/stims/Shape_0.00_2.00.png,-1,-1,-1.0,1.0,1,up,17.719282099977136,None,up,0.9748283999506384,None,None,None,"['right', 'left']","[0.2952377999899909, 0.655263000051491]","[0.3359649999765679, 0.29595669999253005]",up,1.0952303999802098,None,0,0,0,0,0,12,12,23,88.60069699992891,,,,,,,,,,,,,,,,,88.58485570002813,0.0006006000330671668,89.66838289995212,89.66877999994904,89.68407770001795,90.68407570000272,90.66761370003223,90.66803499998059,0.000430900021456182,92.10315749992151,92.10438299993984,92.11749309999868,92.11749309999868,92.11749309999868,92.11749309999868,92.11749309999868,92.11749309999868,92.11749309999868,93.21852869994473,"[-0.208, -0.208, -0.208, -0.208, -0.208, -0.208, -0.208, -0.208, -0.208, -0.208, -0.208, -0.208, -0.208, -0.208, -0.208, -0.208, -0.208, -0.208, -0.208, -0.2, -0.192, -0.184, -0.176, -0.168, -0.16, -0.152, -0.144, -0.136, -0.128, -0.12, -0.112, -0.104, -0.096, -0.088, -0.08, -0.072, -0.064, -0.056, -0.048, -0.048, -0.048, -0.056, -0.064, -0.072, -0.08, -0.088, -0.096, -0.104, -0.112, -0.12, -0.128, -0.136, -0.144, -0.152, -0.16, -0.168, -0.176, -0.184, -0.192, -0.192, -0.192, -0.192, -0.192, -0.192, -0.192, -0.192, -0.192, -0.192]",None,None,"['right', 'left']","[0.2952377999899909, 0.655263000051491]","[0.3359649999765679, 0.29595669999253005]",up,1.0952303999802098,None,93.21893730002921,93.23415899998508,93.48416140000336,93.46769820002373,93.46808979997877,93.48416140000336,,94.4841855999548,,94.46779329993296,1,1,93.48416140000336,94.4841855999548,,,,,,,,,,,,,,,,,,,,,202603,,B,2026-07-22_11h27.17.442,valence_final_v2,2024.2.4,60,2026-07-22 11h27.28.654970 -0600,
13,13,0,4,2,baseline,157,3.7,0.34,3.0,-0.148,flat,flat_curv,0.0,0.0,-0.34,pen,input_data/stims/Shape_3.70_3.00.png,input_data/stims/Shape_4.00_2.00.png,input_data/stims/Shape_0.00_2.00.png,-1,-1,-1.0,1.0,1,up,17.719282099977136,None,up,0.9748283999506384,None,None,None,None,,,up,0.6353842000244185,None,0,0,0,0,0,13,13,37,94.4841855999548,,,,,,,,,,,,,,,,,94.4684120999882,0.0006228999700397253,95.50204940000549,95.502467699931,95.51758250000421,96.5176044999389,96.50108650000766,96.50151480000932,0.0004400999750941992,97.98632229992654,97.98778279998805,98.00132069992833,98.00132069992833,98.00132069992833,98.00132069992833,98.00132069992833,98.00132069992833,98.00132069992833,98.65213549998589,"[-0.148, -0.148, -0.148, -0.148, -0.148, -0.148, -0.148, -0.148, -0.148, -0.148, -0.148, -0.148, -0.148, -0.148, -0.148, -0.148, -0.148, -0.148, -0.148, -0.148, -0.148, -0.148, -0.148, -0.148, -0.148, -0.148, -0.148, -0.148, -0.148, -0.148, -0.148, -0.148, -0.148, -0.148, -0.148, -0.148, -0.148, -0.148, -0.148, -0.148, -0.148]",None,None,None,,,up,0.6353842000244185,None,98.65249349991791,98.66776869993191,98.91776430001482,98.9012311999686,98.90385679993778,98.91776430001482,,99.9178117000265,,99.90130639995914,0,-3,,,,,98.91776430001482,99.9178117000265,,,,,,,,,,,,,,,,,202603,,B,2026-07-22_11h27.17.442,valence_final_v2,2024.2.4,60,2026-07-22 11h27.28.654970 -0600,
14,14,0,4,2,baseline,156,3.7,0.34,3.0,-0.164,flat,curv_flat,0.0,0.0,0.34,pen,input_data/stims/Shape_3.70_3.00.png,input_data/stims/Shape_0.00_2.00.png,input_data/stims/Shape_4.00_2.00.png,-1,1,-1.0,1.0,1,up,17.719282099977136,None,up,0.9748283999506384,None,None,None,['right'],[0.25331000005826354],[0.5599133999785408],up,0.9172728999983519,None,0,0,0,0,0,14,14,36,99.9178117000265,,,,,,,,,,,,,,,,,99.90195919992402,0.0006564999930560589,100.83551619993523,100.83590119995642,100.8519207999343,101.85194039996713,101.83544039994013,101.83587139996234,0.0004422999918460846,103.12075569992885,103.12206299998797,103.13542659999803,103.13542659999803,103.13542659999803,103.13542659999803,103.13542659999803,103.13542659999803,103.13542659999803,104.06970609992277,"[-0.164, -0.164, -0.164, -0.164, -0.164, -0.164, -0.164, -0.164, -0.164, -0.164, -0.164, -0.164, -0.164, -0.164, -0.164, -0.164, -0.164, -0.156, -0.148, -0.14, -0.132, -0.124, -0.116, -0.108, -0.1, -0.092, -0.084, -0.076, -0.068, -0.06, -0.052, -0.044, -0.036, -0.028, -0.02, -0.012, -0.004, 0.004, 0.012, 0.02, 0.028, 0.036, 0.044, 0.052, 0.06, 0.068, 0.076, 0.084, 0.092, 0.1, 0.1, 0.1, 0.1, 0.1, 0.1, 0.1, 0.1, 0.1]",None,None,['right'],[0.25331000005826354],[0.5599133999785408],up,0.9172728999983519,None,104.07008360000327,104.08536379993893,104.33537260000594,104.31895480002277,104.3198288999265,104.33537260000594,,105.33495839999523,,105.31901939993259,1,1,104.33537260000594,105.33495839999523,,,,,,,,,,,,,,,,,,,,,202603,,B,2026-07-22_11h27.17.442,valence_final_v2,2024.2.4,60,2026-07-22 11h27.28.654970 -0600,
15,15,0,4,2,baseline,130,1.1,-0.18,3.0,-0.244,curv,curv_flat,0.0,0.0,-0.18,rew,input_data/stims/Shape_1.10_3.00.png,input_data/stims/Shape_0.00_2.00.png,input_data/stims/Shape_4.00_2.00.png,1,1,-1.0,1.0,-1,up,17.719282099977136,None,up,0.9748283999506384,None,None,None,['right'],[0.8142534999642521],[0.344034600071609],up,1.3423279999988154,None,0,0,0,0,0,15,15,10,105.33495839999523,,,,,,,,,,,,,,,,,105.31961999996565,0.0006039000581949949,106.35376610001549,106.35416460002307,106.36882490001153,107.3687934000045,107.35228859994095,107.35271050001029,0.0004336999263614416,108.68744200002402,108.68878989992663,108.70245809992775,108.70245809992775,108.70245809992775,108.70245809992775,108.70245809992775,108.70245809992775,108.70245809992775,110.053267100011,"[-0.244, -0.244, -0.244, -0.244, -0.244, -0.244, -0.244, -0.244, -0.244, -0.244, -0.244, -0.244, -0.244, -0.244, -0.244, -0.244, -0.244, -0.244, -0.244, -0.244, -0.244, -0.244, -0.244, -0.244, -0.244, -0.244, -0.244, -0.244, -0.244, -0.244, -0.244, -0.244, -0.244, -0.244, -0.244, -0.244, -0.244, -0.244, -0.244, -0.244, -0.244, -0.244, -0.244, -0.244, -0.244, -0.244, -0.244, -0.244, -0.244, -0.244, -0.236, -0.228, -0.22, -0.212, -0.204, -0.196, -0.188, -0.18, -0.172, -0.164, -0.156, -0.148, -0.14, -0.132, -0.124, -0.116, -0.108, -0.1, -0.092, -0.084, -0.076, -0.076, -0.076, -0.076, -0.076, -0.076, -0.076, -0.076, -0.076, -0.076, -0.076, -0.076, -0.076]",None,None,['right'],[0.8142534999642521],[0.344034600071609],up,1.3423279999988154,None,110.05369590001646,110.06884910003282,110.3189569999231,110.30231850000564,110.30269349995069,110.3189569999231,110.3189569999231,111.31899049994536,111.31899049994536,111.30229669995606,1,3,,,,,,,,,,,,,,,,,,,,,,,202603,,B,2026-07-22_11h27.17.442,valence_final_v2,2024.2.4,60,2026-07-22 11h27.28.654970 -0600,
16,16,0,4,2,baseline,139,1.9,-0.02,1.0,0.092,curv,flat_curv,0.0,0.0,0.02,rew,input_data/stims/Shape_1.90_1.00.png,input_data/stims/Shape_4.00_2.00.png,input_data/stims/Shape_0.00_2.00.png,1,-1,1.0,-1.0,-1,up,17.719282099977136,None,up,0.9748283999506384,None,None,None,"['right', 'left']","[0.2869803999783471, 0.5750153000699356]","[0.21597530005965382, 0.504005299997516]",up,1.2470134000759572,None,0,0,0,0,0,16,16,19,111.31899049994536,,,,,,,,,,,,,,,,,111.30288329999894,0.0005888999439775944,112.1877824999392,112.18852630001493,112.20225510001183,113.20227949996479,113.18579889996909,113.18621590000112,0.00042779999785125256,114.67056929995306,114.67213540000375,114.68572479998693,114.68572479998693,114.68572479998693,114.68572479998693,114.68572479998693,114.68572479998693,114.68572479998693,115.93671229993924,"[0.092, 0.092, 0.092, 0.092, 0.092, 0.092, 0.092, 0.092, 0.092, 0.092, 0.092, 0.092, 0.092, 0.092, 0.092, 0.092, 0.092, 0.092, 0.092, 0.1, 0.108, 0.116, 0.124, 0.132, 0.14, 0.148, 0.156, 0.164, 0.172, 0.18, 0.188, 0.196, 0.196, 0.196, 0.196, 0.196, 0.188, 0.18, 0.172, 0.164, 0.156, 0.148, 0.14, 0.132, 0.124, 0.116, 0.108, 0.1, 0.092, 0.084, 0.076, 0.068, 0.06, 0.052, 0.044, 0.036, 0.028, 0.02, 0.012, 0.004, -0.004, -0.012, -0.02, -0.028, -0.036, -0.044, -0.044, -0.044, -0.044, -0.044, -0.044, -0.044, -0.044, -0.044, -0.044, -0.044, -0.044]",None,None,"['right', 'left']","[0.2869803999783471, 0.5750153000699356]","[0.21597530005965382, 0.504005299997516]",up,1.2470134000759572,None,115.93710430001374,115.95234800002072,116.20225969993044,116.18586049997248,116.18629230000079,116.20225969993044,,117.2023778000148,,117.18595519999508,0,-1,,,116.20225969993044,117.2023778000148,,,,,,,,,,,,,,,,,,,202603,,B,2026-07-22_11h27.17.442,valence_final_v2,2024.2.4,60,2026-07-22 11h27.28.654970 -0600,
17,17,0,4,2,baseline,138,1.9,-0.02,1.0,0.056,curv,curv_flat,0.0,0.0,-0.02,rew,input_data/stims/Shape_1.90_1.00.png,input_data/stims/Shape_0.00_2.00.png,input_data/stims/Shape_4.00_2.00.png,1,1,1.0,-1.0,-1,up,17.719282099977136,None,up,0.9748283999506384,None,None,None,['left'],[0.47319659998174757],[0.2800382999703288],up,0.9290429999819025,None,0,0,0,0,0,17,17,18,117.2023778000148,,,,,,,,,,,,,,,,,117.18654259992763,0.0005985999014228582,118.27034239994828,118.27080449997447,118.285796299926,119.2858446999453,119.26926959992852,119.26969550002832,0.000435899943113327,120.60349519993179,120.60496020002756,120.61965699994471,120.61965699994471,120.61965699994471,120.61965699994471,120.61965699994471,120.61965699994471,120.61965699994471,121.55352019995917,"[0.056, 0.056, 0.056, 0.056, 0.056, 0.056, 0.056, 0.056, 0.056, 0.056, 0.056, 0.056, 0.056, 0.056, 0.056, 0.056, 0.056, 0.056, 0.056, 0.056, 0.056, 0.056, 0.056, 0.056, 0.056, 0.056, 0.056, 0.056, 0.056, 0.056, 0.048, 0.04, 0.032, 0.024, 0.016, 0.008, 0.0, -0.008, -0.016, -0.024, -0.032, -0.04, -0.048, -0.056, -0.064, -0.072, -0.08, -0.08, -0.08, -0.08, -0.08, -0.08, -0.08, -0.08, -0.08, -0.08, -0.08, -0.08]",None,None,['left'],[0.47319659998174757],[0.2800382999703288],up,0.9290429999819025,None,121.55390689999331,121.56920649996027,121.81929739995394,121.80266539996956,121.80304459994659,121.81929739995394,121.81929739995394,122.81873499997891,122.81873499997891,122.80284339992795,1,3,,,,,,,,,,,,,,,,,,,,,,,202603,,B,2026-07-22_11h27.17.442,valence_final_v2,2024.2.4,60,2026-07-22 11h27.28.654970 -0600,
18,18,0,4,2,baseline,146,2.7,0.14,1.0,0.236,flat,curv_flat,0.0,0.0,0.14,pen,input_data/stims/Shape_2.70_1.00.png,input_data/stims/Shape_0.00_2.00.png,input_data/stims/Shape_4.00_2.00.png,-1,1,1.0,-1.0,1,up,17.719282099977136,None,up,0.9748283999506384,None,None,None,"['left', 'left']","[0.5147588000399992, 0.8507213999982923]","[0.27198499999940395, 0.024011800065636635]",up,1.2266724000219256,None,0,0,0,0,0,18,18,26,122.81873499997891,,,,,,,,,,,,,,,,,122.80346169997938,0.0006207999540492892,123.78796540002804,123.7885113999946,123.80250739993062,124.80259490001481,124.78608520003036,124.78651499992702,0.0004398999735713005,126.17016189999413,126.1715697000036,126.18601950001903,126.18601950001903,126.18601950001903,126.18601950001903,126.18601950001903,126.18601950001903,126.18601950001903,127.42061929998454,"[0.236, 0.236, 0.236, 0.236, 0.236, 0.236, 0.236, 0.236, 0.236, 0.236, 0.236, 0.236, 0.236, 0.236, 0.236, 0.236, 0.236, 0.236, 0.236, 0.236, 0.236, 0.236, 0.236, 0.236, 0.236, 0.236, 0.236, 0.236, 0.236, 0.236, 0.236, 0.236, 0.228, 0.22, 0.212, 0.204, 0.196, 0.188, 0.18, 0.172, 0.164, 0.156, 0.148, 0.14, 0.132, 0.124, 0.116, 0.108, 0.1, 0.1, 0.1, 0.1, 0.1, 0.092, 0.092, 0.092, 0.092, 0.092, 0.092, 0.092, 0.092, 0.092, 0.092, 0.092, 0.092, 0.092, 0.092, 0.092, 0.092, 0.092, 0.092, 0.092, 0.092, 0.092, 0.092, 0.092]",None,None,"['left', 'left']","[0.5147588000399992, 0.8507213999982923]","[0.27198499999940395, 0.024011800065636635]",up,1.2266724000219256,None,127.42107459995896,127.43608789995778,127.68609029997606,127.66953359998297,127.66993370000273,127.68609029997606,,128.6861091000028,,128.66961909993552,1,1,127.68609029997606,128.6861091000028,,,,,,,,,,,,,,,,,,,,,202603,,B,2026-07-22_11h27.17.442,valence_final_v2,2024.2.4,60,2026-07-22 11h27.28.654970 -0600,
19,19,0,4,2,baseline,120,0.1,-0.38,1.0,-0.252,curv,curv_flat,0.0,0.0,-0.38,rew,input_data/stims/Shape_0.10_1.00.png,input_data/stims/Shape_0.00_2.00.png,input_data/stims/Shape_4.00_2.00.png,1,1,-1.0,-1.0,-1,up,17.719282099977136,None,up,0.9748283999506384,None,None,None,"['left', 'right']","[0.629731300054118, 1.013525600079447]","[0.1199465999379754, 0.24000929994508624]",up,1.4056050000945106,None,0,0,0,0,0,19,19,0,128.6861091000028,,,,,,,,,,,,,,,,,128.6702246000059,0.0006070999661460519,129.55396139994264,129.5543503999943,129.56949759996496,130.56947979994584,130.55293629993685,130.55336829996668,0.0004419999895617366,131.88705759996083,131.88835399993695,131.90317509998567,131.90317509998567,131.90317509998567,131.90317509998567,131.90317509998567,131.90317509998567,131.90317509998567,133.31990519992542,"[-0.252, -0.252, -0.252, -0.252, -0.252, -0.252, -0.252, -0.252, -0.252, -0.252, -0.252, -0.252, -0.252, -0.252, -0.252, -0.252, -0.252, -0.252, -0.252, -0.252, -0.252, -0.252, -0.252, -0.252, -0.252, -0.252, -0.252, -0.252, -0.252, -0.252, -0.252, -0.252, -0.252, -0.252, -0.252, -0.252, -0.252, -0.252, -0.252, -0.26, -0.268, -0.276, -0.284, -0.292, -0.3, -0.308, -0.316, -0.316, -0.316, -0.316, -0.316, -0.316, -0.316, -0.316, -0.316, -0.316, -0.316, -0.316, -0.316, -0.316, -0.316, -0.316, -0.308, -0.3, -0.292, -0.284, -0.276, -0.268, -0.26, -0.252, -0.244, -0.236, -0.228, -0.22, -0.212, -0.204, -0.196, -0.196, -0.196, -0.196, -0.196, -0.196, -0.196, -0.196, -0.196, -0.196, -0.196]",None,None,"['left', 'right']","[0.629731300054118, 1.013525600079447]","[0.1199465999379754, 0.24000929994508624]",up,1.4056050000945106,None,133.3203601000132,133.33531420002691,133.58534779993352,133.56881660001818,133.569204099942,133.58534779993352,133.58534779993352,134.5853369999677,134.5853369999677,134.56890229997225,1,3,,,,,,,,,,,,,,,,,,,,,,,202603,,B,2026-07-22_11h27.17.442,valence_final_v2,2024.2.4,60,2026-07-22 11h27.28.654970 -0600,
20,20,0,4,2,baseline,150,3.1,0.22,3.0,0.032,flat,curv_flat,0.0,0.0,0.22,pen,input_data/stims/Shape_3.10_3.00.png,input_data/stims/Shape_0.00_2.00.png,input_data/stims/Shape_4.00_2.00.png,-1,1,1.0,1.0,1,up,17.719282099977136,None,up,0.9748283999506384,None,None,None,['right'],[0.4325121999718249],[0.17596889997366816],up,0.7444753999589011,None,0,0,0,0,0,20,20,30,134.5853369999677,,,,,,,,,,,,,,,,,134.5694997999817,0.0006134000141173601,135.5531808999367,135.55359030002728,135.56871959997807,136.568712499924,136.55225659999996,136.55268179997802,0.00043560005724430084,137.8365428999532,137.83773749996908,137.85227779997513,137.85227779997513,137.85227779997513,137.85227779997513,137.85227779997513,137.85227779997513,137.85227779997513,138.6031484999694,"[0.032, 0.032, 0.032, 0.032, 0.032, 0.032, 0.032, 0.032, 0.032, 0.032, 0.032, 0.032, 0.032, 0.032, 0.032, 0.032, 0.032, 0.032, 0.032, 0.032, 0.032, 0.032, 0.032, 0.032, 0.032, 0.032, 0.032, 0.04, 0.048, 0.056, 0.064, 0.072, 0.08, 0.088, 0.096, 0.104, 0.112, 0.12, 0.12, 0.12, 0.12, 0.12, 0.12, 0.12, 0.12, 0.12, 0.12]",None,None,['right'],[0.4325121999718249],[0.17596889997366816],up,0.7444753999589011,None,138.603528299951,138.6187982999254,138.86877099995036,138.8523083999753,138.85268749995157,138.86877099995036,,139.8688148999354,,139.85231609991752,1,1,138.86877099995036,139.8688148999354,,,,,,,,,,,,,,,,,,,,,202603,,B,2026-07-22_11h27.17.442,valence_final_v2,2024.2.4,60,2026-07-22 11h27.28.654970 -0600,
21,21,0,4,2,baseline,155,3.5,0.3,1.0,-0.148,flat,flat_curv,0.0,0.0,-0.3,pen,input_data/stims/Shape_3.50_1.00.png,input_data/stims/Shape_4.00_2.00.png,input_data/stims/Shape_0.00_2.00.png,-1,-1,-1.0,-1.0,1,up,17.719282099977136,None,up,0.9748283999506384,None,None,None,['left'],[0.7231253000209108],[0.23205290001351386],up,1.1311141999904066,None,0,0,0,0,0,21,21,35,139.8688148999354,,,,,,,,,,,,,,,,,139.8529124999186,0.0005996000254526734,140.8371318000136,140.8376045000041,140.85218970000278,141.85220820002723,141.8356819000328,141.83611169992946,0.0004411999834701419,143.17089639999904,143.17222990002483,143.1855840999633,143.1855840999633,143.1855840999633,143.1855840999633,143.1855840999633,143.1855840999633,143.1855840999633,144.3199825999327,"[-0.148, -0.148, -0.148, -0.148, -0.148, -0.148, -0.148, -0.148, -0.148, -0.148, -0.148, -0.148, -0.148, -0.148, -0.148, -0.148, -0.148, -0.148, -0.148, -0.148, -0.148, -0.148, -0.148, -0.148, -0.148, -0.148, -0.148, -0.148, -0.148, -0.148, -0.148, -0.148, -0.148, -0.148, -0.148, -0.148, -0.148, -0.148, -0.148, -0.148, -0.148, -0.148, -0.148, -0.148, -0.148, -0.156, -0.164, -0.172, -0.18, -0.188, -0.196, -0.204, -0.212, -0.22, -0.228, -0.236, -0.244, -0.252, -0.26, -0.26, -0.26, -0.26, -0.26, -0.26, -0.26, -0.26, -0.26, -0.26, -0.26, -0.26]",None,None,['left'],[0.7231253000209108],[0.23205290001351386],up,1.1311141999904066,None,144.3203838999616,144.33561609999742,144.58561469998676,144.5691494999919,144.56953179999255,144.58561469998676,,145.58563909993973,,145.5692105999915,1,1,144.58561469998676,145.58563909993973,,,,,,,,,,,,,,,,,,,,,202603,,B,2026-07-22_11h27.17.442,valence_final_v2,2024.2.4,60,2026-07-22 11h27.28.654970 -0600,
22,22,0,4,2,baseline,132,1.3,-0.14,3.0,-0.068,curv,curv_flat,0.0,0.0,-0.14,rew,input_data/stims/Shape_1.30_3.00.png,input_data/stims/Shape_0.00_2.00.png,input_data/stims/Shape_4.00_2.00.png,1,1,-1.0,1.0,-1,up,17.719282099977136,None,up,0.9748283999506384,None,None,None,"['right', 'left']","[0.6503578999545425, 0.9303355999290943]","[0.22398750006686896, 0.4319992000237107]",up,1.4343308999668807,None,0,0,0,0,0,22,22,12,145.58563909993973,,,,,,,,,,,,,,,,,145.5698035999667,0.0005964000010862947,146.45404669991694,146.4544395999983,146.46901050000452,147.46904579992406,147.45256979996338,147.45299939997494,0.00044139998499304056,148.78794509998988,148.78925719996914,148.8024217999773,148.8024217999773,148.8024217999773,148.8024217999773,148.8024217999773,148.8024217999773,148.8024217999773,150.2534702999983,"[-0.068, -0.068, -0.068, -0.068, -0.068, -0.068, -0.068, -0.068, -0.068, -0.068, -0.068, -0.068, -0.068, -0.068, -0.068, -0.068, -0.068, -0.068, -0.068, -0.068, -0.068, -0.068, -0.068, -0.068, -0.068, -0.068, -0.068, -0.068, -0.068, -0.068, -0.068, -0.068, -0.068, -0.068, -0.068, -0.068, -0.068, -0.068, -0.068, -0.068, -0.068, -0.06, -0.052, -0.044, -0.036, -0.028, -0.02, -0.012, -0.004, 0.004, 0.012, 0.02, 0.028, 0.036, 0.036, 0.036, 0.036, 0.028, 0.02, 0.012, 0.004, -0.004, -0.012, -0.02, -0.028, -0.036, -0.044, -0.052, -0.06, -0.068, -0.076, -0.084, -0.092, -0.1, -0.108, -0.116, -0.124, -0.132, -0.14, -0.148, -0.156, -0.164, -0.172, -0.172, -0.172, -0.172, -0.172, -0.172, -0.172]",None,None,"['right', 'left']","[0.6503578999545425, 0.9303355999290943]","[0.22398750006686896, 0.4319992000237107]",up,1.4343308999668807,None,150.25387299992144,150.26912960002664,150.5191587000154,150.50263779994566,150.50302129995544,150.5191587000154,150.5191587000154,151.51915700000245,151.51915700000245,151.50271129992325,1,3,,,,,,,,,,,,,,,,,,,,,,,202603,,B,2026-07-22_11h27.17.442,valence_final_v2,2024.2.4,60,2026-07-22 11h27.28.654970 -0600,
23,23,0,4,2,baseline,144,2.5,0.1,3.0,-0.128,flat,curv_flat,0.0,0.0,0.1,pen,input_data/stims/Shape_2.50_3.00.png,input_data/stims/Shape_0.00_2.00.png,input_data/stims/Shape_4.00_2.00.png,-1,1,-1.0,1.0,1,up,17.719282099977136,None,up,0.9748283999506384,None,None,None,['right'],[0.34043970005586743],[0.5040423999307677],up,0.9485232000006363,None,0,0,0,0,0,23,23,24,151.51915700000245,,,,,,,,,,,,,,,,,151.50332150002941,0.0006125000072643161,152.48730539996177,152.48781600000802,152.50253900000826,153.50255839992315,153.48613129998557,153.48656729992945,0.00044650002382695675,154.9208925999701,154.9221727999393,154.93628020002507,154.93628020002507,154.93628020002507,154.93628020002507,154.93628020002507,154.93628020002507,154.93628020002507,155.8875116999261,"[-0.128, -0.128, -0.128, -0.128, -0.128, -0.128, -0.128, -0.128, -0.128, -0.128, -0.128, -0.128, -0.128, -0.128, -0.128, -0.128, -0.128, -0.128, -0.128, -0.128, -0.128, -0.128, -0.12, -0.112, -0.104, -0.096, -0.088, -0.08, -0.072, -0.064, -0.056, -0.048, -0.04, -0.032, -0.024, -0.016, -0.008, 0.0, 0.008, 0.016, 0.024, 0.032, 0.04, 0.048, 0.056, 0.064, 0.072, 0.08, 0.088, 0.096, 0.104, 0.112, 0.112, 0.112, 0.112, 0.112, 0.112, 0.112, 0.112]",None,None,['right'],[0.34043970005586743],[0.5040423999307677],up,0.9485232000006363,None,155.8879556999309,155.9027312999824,156.1527247999329,156.1362004999537,156.13660149998032,156.1527247999329,,157.153563400032,,157.13702080002986,1,1,156.1527247999329,157.153563400032,,,,,,,,,,,,,,,,,,,,,202603,,B,2026-07-22_11h27.17.442,valence_final_v2,2024.2.4,60,2026-07-22 11h27.28.654970 -0600,
24,24,0,4,2,baseline,159,3.9,0.38,3.0,0.04,flat,flat_curv,0.0,0.0,-0.38,pen,input_data/stims/Shape_3.90_3.00.png,input_data/stims/Shape_4.00_2.00.png,input_data/stims/Shape_0.00_2.00.png,-1,-1,1.0,1.0,1,up,17.719282099977136,None,up,0.9748283999506384,None,None,None,['left'],[0.41653709998354316],[0.43983489996753633],up,1.0643781999824569,None,0,0,0,0,0,24,24,39,157.153563400032,,,,,,,,,,,,,,,,,157.13763110002037,0.0006074999691918492,158.12121549993753,158.12161259993445,158.13694709993433,159.13692870002706,159.12052509991918,159.1209539999254,0.0004389999667182565,160.40500529995188,160.40628480003215,160.42039959994145,160.42039959994145,160.42039959994145,160.42039959994145,160.42039959994145,160.42039959994145,160.42039959994145,161.48804359999485,"[0.04, 0.04, 0.04, 0.04, 0.04, 0.04, 0.04, 0.04, 0.04, 0.04, 0.04, 0.04, 0.04, 0.04, 0.04, 0.04, 0.04, 0.04, 0.04, 0.04, 0.04, 0.04, 0.04, 0.04, 0.04, 0.04, 0.032, 0.024, 0.016, 0.008, 0.0, -0.008, -0.016, -0.024, -0.032, -0.04, -0.048, -0.056, -0.064, -0.072, -0.08, -0.088, -0.096, -0.104, -0.112, -0.12, -0.128, -0.136, -0.144, -0.152, -0.16, -0.168, -0.176, -0.176, -0.176, -0.176, -0.176, -0.176, -0.176, -0.176, -0.176, -0.176, -0.176, -0.176, -0.176, -0.176]",None,None,['left'],[0.41653709998354316],[0.43983489996753633],up,1.0643781999824569,None,161.4884611000307,161.50366489996668,161.7537016000133,161.737124199979,161.73751010000706,161.7537016000133,,162.753228400019,,162.7367452000035,1,1,161.7537016000133,162.753228400019,,,,,,,,,,,,,,,,,,,,,202603,,B,2026-07-22_11h27.17.442,valence_final_v2,2024.2.4,60,2026-07-22 11h27.28.654970 -0600,
25,25,0,4,2,baseline,134,1.5,-0.1,3.0,-0.152,curv,curv_flat,0.0,0.0,-0.1,rew,input_data/stims/Shape_1.50_3.00.png,input_data/stims/Shape_0.00_2.00.png,input_data/stims/Shape_4.00_2.00.png,1,1,-1.0,1.0,-1,up,17.719282099977136,None,up,0.9748283999506384,None,None,None,"['left', 'right']","[0.2776076999725774, 0.589583299937658]","[0.10401360003743321, 0.38396170001942664]",up,1.2535899999784306,None,0,0,0,0,0,25,25,14,162.753228400019,,,,,,,,,,,,,,,,,162.73736809997354,0.0006264999974519014,163.62148809991777,163.6219166999217,163.63707219995558,164.6371292999247,164.6206261999905,164.62104699993506,0.00043180002830922604,166.05469409993384,166.05590249993838,166.0711755999364,166.0711755999364,166.0711755999364,166.0711755999364,166.0711755999364,166.0711755999364,166.0711755999364,167.33865119994152,"[-0.152, -0.152, -0.152, -0.152, -0.152, -0.152, -0.152, -0.152, -0.152, -0.152, -0.152, -0.152, -0.152, -0.152, -0.152, -0.152, -0.152, -0.152, -0.16, -0.168, -0.176, -0.184, -0.192, -0.2, -0.2, -0.2, -0.2, -0.2, -0.2, -0.2, -0.2, -0.2, -0.2, -0.2, -0.2, -0.2, -0.2, -0.192, -0.184, -0.176, -0.168, -0.16, -0.152, -0.144, -0.136, -0.128, -0.12, -0.112, -0.104, -0.096, -0.088, -0.08, -0.072, -0.064, -0.056, -0.048, -0.04, -0.032, -0.024, -0.016, -0.016, -0.016, -0.016, -0.016, -0.016, -0.016, -0.016, -0.016, -0.016, -0.016, -0.016, -0.016, -0.016, -0.016, -0.016, -0.016, -0.016, -0.016]",None,None,"['left', 'right']","[0.2776076999725774, 0.589583299937658]","[0.10401360003743321, 0.38396170001942664]",up,1.2535899999784306,None,167.33903659996577,167.35423009993974,167.6042269000318,167.58773030003067,167.58810789999552,167.6042269000318,167.6042269000318,168.60297959996387,168.60297959996387,168.58652819995768,1,3,,,,,,,,,,,,,,,,,,,,,,,202603,,B,2026-07-22_11h27.17.442,valence_final_v2,2024.2.4,60,2026-07-22 11h27.28.654970 -0600,
26,26,0,4,2,baseline,124,0.5,-0.3,1.0,-0.364,curv,curv_flat,0.0,0.0,-0.3,rew,input_data/stims/Shape_0.50_1.00.png,input_data/stims/Shape_0.00_2.00.png,input_data/stims/Shape_4.00_2.00.png,1,1,-1.0,-1.0,-1,up,17.719282099977136,None,up,0.9748283999506384,None,None,None,['right'],[0.4950805000262335],[0.5359001999022439],up,1.3350378000177443,None,0,0,0,0,0,26,26,4,168.60297959996387,,,,,,,,,,,,,,,,,168.58711989992298,0.0005947999889031053,169.4714202999603,169.47189679997973,169.4863338000141,170.48635179991834,170.4698469999712,170.4702704999363,0.00043400004506111145,171.85539399995469,171.85672319994774,171.86974200000986,171.86974200000986,171.86974200000986,171.86974200000986,171.86974200000986,171.86974200000986,171.86974200000986,173.22083320003003,"[-0.364, -0.364, -0.364, -0.364, -0.364, -0.364, -0.364, -0.364, -0.364, -0.364, -0.364, -0.364, -0.364, -0.364, -0.364, -0.364, -0.364, -0.364, -0.364, -0.364, -0.364, -0.364, -0.364, -0.364, -0.364, -0.364, -0.364, -0.364, -0.364, -0.364, -0.364, -0.356, -0.348, -0.34, -0.332, -0.324, -0.316, -0.308, -0.3, -0.292, -0.284, -0.276, -0.268, -0.26, -0.252, -0.244, -0.236, -0.228, -0.22, -0.212, -0.204, -0.196, -0.188, -0.18, -0.172, -0.164, -0.156, -0.148, -0.14, -0.132, -0.124, -0.116, -0.108, -0.108, -0.108, -0.108, -0.108, -0.108, -0.108, -0.108, -0.108, -0.108, -0.108, -0.108, -0.108, -0.108, -0.108, -0.108, -0.108, -0.108, -0.108, -0.108, -0.108]",None,None,['right'],[0.4950805000262335],[0.5359001999022439],up,1.3350378000177443,None,173.2212370999623,173.23645249998663,173.48644629993942,173.46992609999143,173.47030739998445,173.48644629993942,173.48644629993942,174.48646479996387,174.48646479996387,174.46999509993475,1,3,,,,,,,,,,,,,,,,,,,,,,,202603,,B,2026-07-22_11h27.17.442,valence_final_v2,2024.2.4,60,2026-07-22 11h27.28.654970 -0600,
27,27,0,4,2,baseline,151,3.1,0.22,1.0,0.132,flat,flat_curv,0.0,0.0,-0.22,pen,input_data/stims/Shape_3.10_1.00.png,input_data/stims/Shape_4.00_2.00.png,input_data/stims/Shape_0.00_2.00.png,-1,-1,1.0,-1.0,1,up,17.719282099977136,None,up,0.9748283999506384,None,None,None,['left'],[0.42553470004349947],[0.4399504999164492],up,0.9214562999550253,None,0,0,0,0,0,27,27,31,174.48646479996387,,,,,,,,,,,,,,,,,174.47060489992145,0.0006134000141173601,175.40461929992307,175.40500269993208,175.4198527999688,176.41985449998174,176.40348839992657,176.40391829994041,0.0004414999857544899,177.78756889991928,177.7887840999756,177.80328480002936,177.80328480002936,177.80328480002936,177.80328480002936,177.80328480002936,177.80328480002936,177.80328480002936,178.7375986999832,"[0.132, 0.132, 0.132, 0.132, 0.132, 0.132, 0.132, 0.132, 0.132, 0.132, 0.132, 0.132, 0.132, 0.132, 0.132, 0.132, 0.132, 0.132, 0.132, 0.132, 0.132, 0.132, 0.132, 0.132, 0.132, 0.132, 0.132, 0.124, 0.116, 0.108, 0.1, 0.092, 0.084, 0.076, 0.068, 0.06, 0.052, 0.044, 0.036, 0.028, 0.02, 0.012, 0.004, -0.004, -0.012, -0.02, -0.028, -0.036, -0.044, -0.052, -0.06, -0.068, -0.076, -0.076, -0.076, -0.076, -0.076, -0.076]",None,None,['left'],[0.42553470004349947],[0.4399504999164492],up,0.9214562999550253,None,178.73797200003173,178.75328109995462,179.00325880001765,178.98678409995046,178.98718679999,179.00325880001765,,180.003303400008,,179.98685889993794,1,1,179.00325880001765,180.003303400008,,,,,,,,,,,,,,,,,,,,,202603,,B,2026-07-22_11h27.17.442,valence_final_v2,2024.2.4,60,2026-07-22 11h27.28.654970 -0600,
28,28,0,4,2,baseline,149,2.9,0.18,1.0,0.296,flat,flat_curv,0.0,0.0,-0.18,pen,input_data/stims/Shape_2.90_1.00.png,input_data/stims/Shape_4.00_2.00.png,input_data/stims/Shape_0.00_2.00.png,-1,-1,1.0,-1.0,1,up,17.719282099977136,None,up,0.9748283999506384,None,None,None,"['left', 'left']","[0.37672980001661927, 1.424685399979353]","[0.6399909000610933, 0.1920322000514716]",up,1.72069750004448,None,0,0,0,0,0,28,28,29,180.003303400008,,,,,,,,,,,,,,,,,179.98747239995282,0.0006166000384837389,180.97173639992252,180.97237229999155,180.98667759995442,181.9866957999766,181.97020159999374,181.97062569996342,0.00044269999489188194,183.40468809998129,183.4059741999954,183.42008429998532,183.42008429998532,183.42008429998532,183.42008429998532,183.42008429998532,183.42008429998532,183.42008429998532,185.15443310001865,"[0.296, 0.296, 0.296, 0.296, 0.296, 0.296, 0.296, 0.296, 0.296, 0.296, 0.296, 0.296, 0.296, 0.296, 0.296, 0.296, 0.296, 0.296, 0.296, 0.296, 0.296, 0.296, 0.296, 0.296, 0.288, 0.28, 0.272, 0.264, 0.256, 0.248, 0.24, 0.232, 0.224, 0.216, 0.208, 0.2, 0.192, 0.184, 0.176, 0.168, 0.16, 0.152, 0.144, 0.136, 0.128, 0.12, 0.112, 0.104, 0.096, 0.088, 0.08, 0.072, 0.064, 0.056, 0.048, 0.04, 0.032, 0.024, 0.016, 0.008, 0.0, -0.008, -0.016, -0.016, -0.016, -0.016, -0.016, -0.016, -0.016, -0.016, -0.016, -0.016, -0.016, -0.016, -0.016, -0.016, -0.016, -0.016, -0.016, -0.016, -0.016, -0.016, -0.016, -0.016, -0.016, -0.016, -0.016, -0.024, -0.032, -0.04, -0.048, -0.056, -0.064, -0.072, -0.08, -0.088, -0.096, -0.104, -0.112, -0.112, -0.112, -0.112, -0.112, -0.112, -0.112, -0.112]",None,None,"['left', 'left']","[0.37672980001661927, 1.424685399979353]","[0.6399909000610933, 0.1920322000514716]",up,1.72069750004448,None,185.15486030001193,185.17012219992466,185.4201203000266,185.40367020003032,185.40406720002647,185.4201203000266,,186.42013979994226,,186.403854199918,1,1,185.4201203000266,186.42013979994226,,,,,,,,,,,,,,,,,,,,,202603,,B,2026-07-22_11h27.17.442,valence_final_v2,2024.2.4,60,2026-07-22 11h27.28.654970 -0600,
29,29,0,4,2,baseline,133,1.3,-0.14,3.0,-0.144,curv,flat_curv,0.0,0.0,0.14,rew,input_data/stims/Shape_1.30_3.00.png,input_data/stims/Shape_4.00_2.00.png,input_data/stims/Shape_0.00_2.00.png,1,-1,-1.0,1.0,-1,up,17.719282099977136,None,up,0.9748283999506384,None,None,None,"['right', 'right']","[0.4277878000866622, 1.0517738000489771]","[0.3200228000059724, 0.1041857999516651]",up,1.5478222999954596,None,0,0,0,0,0,29,29,13,186.42013979994226,,,,,,,,,,,,,,,,,186.40451739996206,0.0006679999642074108,187.38975660002325,187.39031829999294,187.4035211999435,188.40354700002354,188.38707789999899,188.38751139992382,0.00044460000935941935,189.72261239995714,189.72395939996932,189.73694420000538,189.73694420000538,189.73694420000538,189.73694420000538,189.73694420000538,189.73694420000538,189.73694420000538,191.287979500019,"[-0.144, -0.144, -0.144, -0.144, -0.144, -0.144, -0.144, -0.144, -0.144, -0.144, -0.144, -0.144, -0.144, -0.144, -0.144, -0.144, -0.144, -0.144, -0.144, -0.144, -0.144, -0.144, -0.144, -0.144, -0.144, -0.144, -0.144, -0.136, -0.128, -0.12, -0.112, -0.104, -0.096, -0.088, -0.08, -0.072, -0.064, -0.056, -0.048, -0.04, -0.032, -0.024, -0.016, -0.008, 0.0, 0.008, 0.008, 0.008, 0.008, 0.008, 0.008, 0.008, 0.008, 0.008, 0.008, 0.008, 0.008, 0.008, 0.008, 0.008, 0.008, 0.008, 0.008, 0.008, 0.008, 0.016, 0.024, 0.032, 0.04, 0.048, 0.056, 0.056, 0.056, 0.056, 0.056, 0.056, 0.056, 0.056, 0.056, 0.056, 0.056, 0.056, 0.056, 0.056, 0.056, 0.056, 0.056, 0.056, 0.056, 0.056, 0.056, 0.056, 0.056, 0.056, 0.056]",None,None,"['right', 'right']","[0.4277878000866622, 1.0517738000489771]","[0.3200228000059724, 0.1041857999516651]",up,1.5478222999954596,None,191.2883817999391,191.30362639995292,191.55362389993388,191.537179499981,191.5375658000121,191.55362389993388,191.55362389993388,192.55364289996214,192.55364289996214,192.53717979998328,1,3,,,,,,,,,,,,,,,,,,,,,,,202603,,B,2026-07-22_11h27.17.442,valence_final_v2,2024.2.4,60,2026-07-22 11h27.28.654970 -0600,
30,30,0,4,2,baseline,122,0.3,-0.34,1.0,-0.096,curv,curv_flat,0.0,0.0,-0.34,rew,input_data/stims/Shape_0.30_1.00.png,input_data/stims/Shape_0.00_2.00.png,input_data/stims/Shape_4.00_2.00.png,1,1,-1.0,-1.0,-1,up,17.719282099977136,None,up,0.9748283999506384,None,None,None,['left'],[0.5345290000550449],[0.19180899998173118],up,1.1345380001002923,None,0,0,0,0,0,30,30,2,192.55364289996214,,,,,,,,,,,,,,,,,192.53776919993106,0.0005914999637752771,193.42299999995157,193.42347199993674,193.43700749997515,194.43704819993582,194.42065159999765,194.42108300002292,0.00044139998499304056,195.85567740001716,195.8569458000129,195.87041480001062,195.87041480001062,195.87041480001062,195.87041480001062,195.87041480001062,195.87041480001062,195.87041480001062,197.0214783999836,"[-0.096, -0.096, -0.096, -0.096, -0.096, -0.096, -0.096, -0.096, -0.096, -0.096, -0.096, -0.096, -0.096, -0.096, -0.096, -0.096, -0.096, -0.096, -0.096, -0.096, -0.096, -0.096, -0.096, -0.096, -0.096, -0.096, -0.096, -0.096, -0.096, -0.096, -0.096, -0.096, -0.096, -0.096, -0.104, -0.112, -0.12, -0.128, -0.136, -0.144, -0.152, -0.16, -0.168, -0.176, -0.184, -0.184, -0.184, -0.184, -0.184, -0.184, -0.184, -0.184, -0.184, -0.184, -0.184, -0.184, -0.184, -0.184, -0.184, -0.184, -0.184, -0.184, -0.184, -0.184, -0.184, -0.184, -0.184, -0.184, -0.184, -0.184, -0.184]",None,None,['left'],[0.5345290000550449],[0.19180899998173118],up,1.1345380001002923,None,197.02186350000557,197.03711419994943,197.28713149996474,197.27065740001854,197.27103579998948,197.28713149996474,197.28713149996474,198.28715629992075,198.28715629992075,198.2707205999177,1,3,,,,,,,,,,,,,,,,,,,,,,,202603,,B,2026-07-22_11h27.17.442,valence_final_v2,2024.2.4,60,2026-07-22 11h27.28.654970 -0600,
31,31,0,4,2,baseline,142,2.3,0.06,3.0,-0.028,flat,curv_flat,0.0,0.0,0.06,pen,input_data/stims/Shape_2.30_3.00.png,input_data/stims/Shape_0.00_2.00.png,input_data/stims/Shape_4.00_2.00.png,-1,1,-1.0,1.0,1,up,17.719282099977136,None,up,0.9748283999506384,None,None,None,['right'],[0.4689709999365732],[0.2558722000103444],up,1.044930599979125,None,0,0,0,0,0,31,31,22,198.28715629992075,,,,,,,,,,,,,,,,,198.27132209995762,0.0006056000711396337,199.25606369995512,199.25653040001635,199.27051790000405,200.27052399993408,200.2540717999218,200.25450269994326,0.00044059997890144587,201.68872059998102,201.68995699996594,201.70391839998774,201.70391839998774,201.70391839998774,201.70391839998774,201.70391839998774,201.70391839998774,201.70391839998774,202.7551196999848,"[-0.028, -0.028, -0.028, -0.028, -0.028, -0.028, -0.028, -0.028, -0.028, -0.028, -0.028, -0.028, -0.028, -0.028, -0.028, -0.028, -0.028, -0.028, -0.028, -0.028, -0.028, -0.028, -0.028, -0.028, -0.028, -0.028, -0.028, -0.028, -0.028, -0.028, -0.02, -0.012, -0.004, 0.004, 0.012, 0.02, 0.028, 0.036, 0.044, 0.052, 0.06, 0.068, 0.076, 0.084, 0.092, 0.092, 0.092, 0.092, 0.092, 0.092, 0.092, 0.092, 0.092, 0.092, 0.092, 0.092, 0.092, 0.092, 0.092, 0.092, 0.092, 0.092, 0.092, 0.092, 0.092]",None,None,['right'],[0.4689709999365732],[0.2558722000103444],up,1.044930599979125,None,202.75551689998247,202.77067519992124,203.02061210002284,203.00415309995878,203.00453809997998,203.02061210002284,,204.0206470999401,,204.0042972000083,1,1,203.02061210002284,204.0206470999401,,,,,,,,,,,,,,,,,,,,,202603,,B,2026-07-22_11h27.17.442,valence_final_v2,2024.2.4,60,2026-07-22 11h27.28.654970 -0600,
32,32,0,4,2,baseline,141,2.1,0.02,1.0,0.136,flat,flat_curv,0.0,0.0,-0.02,pen,input_data/stims/Shape_2.10_1.00.png,input_data/stims/Shape_4.00_2.00.png,input_data/stims/Shape_0.00_2.00.png,-1,-1,1.0,-1.0,1,up,17.719282099977136,None,up,0.9748283999506384,None,None,None,"['left', 'left']","[0.34941460005939007, 0.8933671000413597]","[0.25596829992718995, 0.16803029994480312]",up,1.3733612999785691,None,0,0,0,0,0,32,32,21,204.0206470999401,,,,,,,,,,,,,,,,,204.00494519993663,0.0006509000668302178,204.9387343999697,204.9395234999247,204.95402309997007,205.95402649999596,205.93756320001557,205.9379943999229,0.00044329999946057796,207.27281879994553,207.2743588000303,207.2874347999459,207.2874347999459,207.2874347999459,207.2874347999459,207.2874347999459,207.2874347999459,207.2874347999459,208.67183529993054,"[0.136, 0.136, 0.136, 0.136, 0.136, 0.136, 0.136, 0.136, 0.136, 0.136, 0.136, 0.136, 0.136, 0.136, 0.136, 0.136, 0.136, 0.136, 0.136, 0.136, 0.136, 0.136, 0.128, 0.12, 0.112, 0.104, 0.096, 0.088, 0.08, 0.072, 0.064, 0.056, 0.048, 0.04, 0.032, 0.024, 0.016, 0.008, 0.008, 0.008, 0.008, 0.008, 0.008, 0.008, 0.008, 0.008, 0.008, 0.008, 0.008, 0.008, 0.008, 0.008, 0.008, 0.008, 0.008, 0.0, -0.008, -0.016, -0.024, -0.032, -0.04, -0.048, -0.056, -0.064, -0.072, -0.072, -0.072, -0.072, -0.072, -0.072, -0.072, -0.072, -0.072, -0.072, -0.072, -0.072, -0.072, -0.072, -0.072, -0.072, -0.072, -0.072, -0.072, -0.072, -0.072]",None,None,"['left', 'left']","[0.34941460005939007, 0.8933671000413597]","[0.25596829992718995, 0.16803029994480312]",up,1.3733612999785691,None,208.67224270000588,208.68745179998223,208.93745119997766,208.9209717999911,208.92135870002676,208.93745119997766,,209.93748800002504,,209.92103219998535,1,1,208.93745119997766,209.93748800002504,,,,,,,,,,,,,,,,,,,,,202603,,B,2026-07-22_11h27.17.442,valence_final_v2,2024.2.4,60,2026-07-22 11h27.28.654970 -0600,
33,33,0,4,2,baseline,147,2.7,0.14,3.0,-0.204,flat,flat_curv,0.0,0.0,-0.14,pen,input_data/stims/Shape_2.70_3.00.png,input_data/stims/Shape_4.00_2.00.png,input_data/stims/Shape_0.00_2.00.png,-1,-1,-1.0,1.0,1,up,17.719282099977136,None,up,0.9748283999506384,None,None,None,"['left', 'right']","[0.45092850003857166, 0.7144456999376416]","[0.16744959994684905, 0.44002540002111346]",up,1.3384841999504715,None,0,0,0,0,0,33,33,27,209.93748800002504,,,,,,,,,,,,,,,,,209.9216389999492,0.0006092999828979373,210.9059565999778,210.9063521999633,210.9208635999821,211.92087599996012,211.90439299994614,211.90483279991895,0.00044970004819333553,213.33995049993973,213.34115460002795,213.35436779994052,213.35436779994052,213.35436779994052,213.35436779994052,213.35436779994052,213.35436779994052,213.35436779994052,214.7056687999284,"[-0.204, -0.204, -0.204, -0.204, -0.204, -0.204, -0.204, -0.204, -0.204, -0.204, -0.204, -0.204, -0.204, -0.204, -0.204, -0.204, -0.204, -0.204, -0.204, -0.204, -0.204, -0.204, -0.204, -0.204, -0.204, -0.204, -0.204, -0.204, -0.204, -0.212, -0.22, -0.228, -0.236, -0.244, -0.252, -0.26, -0.268, -0.276, -0.284, -0.284, -0.284, -0.284, -0.284, -0.284, -0.276, -0.268, -0.26, -0.252, -0.244, -0.236, -0.228, -0.22, -0.212, -0.204, -0.196, -0.188, -0.18, -0.172, -0.164, -0.156, -0.148, -0.14, -0.132, -0.124, -0.116, -0.108, -0.1, -0.092, -0.084, -0.076, -0.068, -0.068, -0.068, -0.068, -0.068, -0.068, -0.068, -0.068, -0.068, -0.068, -0.068, -0.068, -0.068]",None,None,"['left', 'right']","[0.45092850003857166, 0.7144456999376416]","[0.16744959994684905, 0.44002540002111346]",up,1.3384841999504715,None,214.70606300001964,214.72106230002828,214.97106599994004,214.95454349997453,214.95493749994785,214.97106599994004,,215.9710965999402,,215.95461249991786,1,1,214.97106599994004,215.9710965999402,,,,,,,,,,,,,,,,,,,,,202603,,B,2026-07-22_11h27.17.442,valence_final_v2,2024.2.4,60,2026-07-22 11h27.28.654970 -0600,
34,34,0,4,2,baseline,129,0.9,-0.22,1.0,0.048,curv,flat_curv,0.0,0.0,0.22,rew,input_data/stims/Shape_0.90_1.00.png,input_data/stims/Shape_4.00_2.00.png,input_data/stims/Shape_0.00_2.00.png,1,-1,1.0,-1.0,-1,up,17.719282099977136,None,up,0.9748283999506384,None,None,None,['right'],[0.8645110999932513],[0.2880058999871835],up,1.3044743000064045,None,0,0,0,0,0,34,34,9,215.9710965999402,,,,,,,,,,,,,,,,,215.95522010000423,0.0006110999966040254,216.9390246999683,216.93942890001927,216.95530649996363,217.95452929998282,217.93841830000747,217.9388480000198,0.0004411999834701419,219.37270619999617,219.37420690001454,219.388306299923,219.388306299923,219.388306299923,219.388306299923,219.388306299923,219.388306299923,219.388306299923,220.70600859995466,"[0.048, 0.048, 0.048, 0.048, 0.048, 0.048, 0.048, 0.048, 0.048, 0.048, 0.048, 0.048, 0.048, 0.048, 0.048, 0.048, 0.048, 0.048, 0.048, 0.048, 0.048, 0.048, 0.048, 0.048, 0.048, 0.048, 0.048, 0.048, 0.048, 0.048, 0.048, 0.048, 0.048, 0.048, 0.048, 0.048, 0.048, 0.048, 0.048, 0.048, 0.048, 0.048, 0.048, 0.048, 0.048, 0.048, 0.048, 0.048, 0.048, 0.048, 0.048, 0.048, 0.048, 0.056, 0.064, 0.072, 0.08, 0.088, 0.096, 0.104, 0.112, 0.12, 0.128, 0.136, 0.144, 0.152, 0.16, 0.168, 0.176, 0.184, 0.192, 0.192, 0.192, 0.192, 0.192, 0.192, 0.192, 0.192, 0.192, 0.192, 0.192]",None,None,['right'],[0.8645110999932513],[0.2880058999871835],up,1.3044743000064045,None,220.70640839997213,220.7212757000234,220.9716634999495,220.9547448999947,220.9551283000037,220.9716634999495,220.9716634999495,221.97130299999844,221.97130299999844,221.95519499992952,1,3,,,,,,,,,,,,,,,,,,,,,,,202603,,B,2026-07-22_11h27.17.442,valence_final_v2,2024.2.4,60,2026-07-22 11h27.28.654970 -0600,
35,35,0,4,2,baseline,135,1.5,-0.1,1.0,0.288,curv,flat_curv,0.0,0.0,0.1,rew,input_data/stims/Shape_1.50_1.00.png,input_data/stims/Shape_4.00_2.00.png,input_data/stims/Shape_0.00_2.00.png,1,-1,1.0,-1.0,-1,up,17.719282099977136,None,up,0.9748283999506384,None,None,None,['left'],[0.30041779996827245],[0.6478761999169365],up,1.3164497999241576,None,0,0,0,0,0,35,35,15,221.97130299999844,,,,,,,,,,,,,,,,,221.95578890002798,0.0005954999942332506,222.9400852000108,222.94054149999283,222.95467409992125,223.9546925999457,223.93856339994818,223.93897999997716,0.00042750011198222637,225.2726956999395,225.27391160000116,225.2884790999815,225.2884790999815,225.2884790999815,225.2884790999815,225.2884790999815,225.2884790999815,225.2884790999815,226.60619929991663,"[0.288, 0.288, 0.288, 0.288, 0.288, 0.288, 0.288, 0.288, 0.288, 0.288, 0.288, 0.288, 0.288, 0.288, 0.288, 0.288, 0.288, 0.288, 0.288, 0.288, 0.28, 0.272, 0.264, 0.256, 0.248, 0.24, 0.232, 0.224, 0.216, 0.208, 0.2, 0.192, 0.184, 0.176, 0.168, 0.16, 0.152, 0.144, 0.136, 0.128, 0.12, 0.112, 0.104, 0.096, 0.088, 0.08, 0.072, 0.064, 0.056, 0.048, 0.04, 0.032, 0.024, 0.016, 0.008, 0.0, -0.008, -0.016, -0.016, -0.016, -0.016, -0.016, -0.016, -0.016, -0.016, -0.016, -0.016, -0.016, -0.016, -0.016, -0.016, -0.016, -0.016, -0.016, -0.016, -0.016, -0.016, -0.016, -0.016, -0.016, -0.016]",None,None,['left'],[0.30041779996827245],[0.6478761999169365],up,1.3164497999241576,None,226.60658319992945,226.62144579994492,226.87181989999954,226.85491190000903,226.85528879996855,226.87181989999954,,227.8716018999694,,227.85532869992312,0,-1,,,226.87181989999954,227.8716018999694,,,,,,,,,,,,,,,,,,,202603,,B,2026-07-22_11h27.17.442,valence_final_v2,2024.2.4,60,2026-07-22 11h27.28.654970 -0600,
36,36,0,4,2,baseline,131,1.1,-0.18,1.0,0.004,curv,flat_curv,0.0,0.0,0.18,rew,input_data/stims/Shape_1.10_1.00.png,input_data/stims/Shape_4.00_2.00.png,input_data/stims/Shape_0.00_2.00.png,1,-1,1.0,-1.0,-1,up,17.719282099977136,None,up,0.9748283999506384,None,None,None,['right'],[0.3425979999592528],[0.30399399995803833],up,0.8545451000100002,None,0,0,0,0,0,36,36,11,227.8716018999694,,,,,,,,,,,,,,,,,227.85594679997303,0.0006225000834092498,228.94095429999288,228.94166719994973,228.95524929999374,229.9552607999649,229.93872109998483,229.93913429998793,0.0004227000754326582,231.22396119998302,231.22513089992572,231.23824779991992,231.23824779991992,231.23824779991992,231.23824779991992,231.23824779991992,231.23824779991992,231.23824779991992,232.1063607999822,"[0.004, 0.004, 0.004, 0.004, 0.004, 0.004, 0.004, 0.004, 0.004, 0.004, 0.004, 0.004, 0.004, 0.004, 0.004, 0.004, 0.004, 0.004, 0.004, 0.004, 0.004, 0.004, 0.012, 0.02, 0.028, 0.036, 0.044, 0.052, 0.06, 0.068, 0.076, 0.084, 0.092, 0.1, 0.108, 0.116, 0.124, 0.132, 0.14, 0.148, 0.148, 0.148, 0.148, 0.148, 0.148, 0.148, 0.148, 0.148, 0.148, 0.148, 0.148, 0.148, 0.148, 0.148]",None,None,['right'],[0.3425979999592528],[0.30399399995803833],up,0.8545451000100002,None,232.1067268999759,232.12159689993132,232.37198930000886,232.3550891999621,232.355488399975,232.37198930000886,232.37198930000886,233.37162350001745,233.37162350001745,233.35553830000572,1,3,,,,,,,,,,,,,,,,,,,,,,,202603,,B,2026-07-22_11h27.17.442,valence_final_v2,2024.2.4,60,2026-07-22 11h27.28.654970 -0600,
37,37,0,4,2,baseline,121,0.1,-0.38,1.0,-0.004,curv,flat_curv,0.0,0.0,0.38,rew,input_data/stims/Shape_0.10_1.00.png,input_data/stims/Shape_4.00_2.00.png,input_data/stims/Shape_0.00_2.00.png,1,-1,-1.0,-1.0,-1,up,17.719282099977136,None,up,0.9748283999506384,None,None,None,['right'],[0.4840493999654427],[0.3360122999874875],up,1.2760846999008209,None,0,0,0,0,0,37,37,1,233.37162350001745,,,,,,,,,,,,,,,,,233.35614279995207,0.0006035000551491976,234.39033510000445,234.3911245999625,234.40544839994982,235.40503469994292,235.3888835000107,235.38930929999333,0.00043509993702173233,236.8738623999525,236.87507820001338,236.8888198999921,236.8888198999921,236.8888198999921,236.8888198999921,236.8888198999921,236.8888198999921,236.8888198999921,238.17285750003066,"[-0.004, -0.004, -0.004, -0.004, -0.004, -0.004, -0.004, -0.004, -0.004, -0.004, -0.004, -0.004, -0.004, -0.004, -0.004, -0.004, -0.004, -0.004, -0.004, -0.004, -0.004, -0.004, -0.004, -0.004, -0.004, -0.004, -0.004, -0.004, -0.004, -0.004, -0.004, 0.004, 0.012, 0.02, 0.028, 0.036, 0.044, 0.052, 0.06, 0.068, 0.076, 0.084, 0.092, 0.1, 0.108, 0.116, 0.124, 0.132, 0.14, 0.148, 0.156, 0.156, 0.156, 0.156, 0.156, 0.156, 0.156, 0.156, 0.156, 0.156, 0.156, 0.156, 0.156, 0.156, 0.156, 0.156, 0.156, 0.156, 0.156, 0.156, 0.156, 0.156, 0.156, 0.156, 0.156, 0.156, 0.156, 0.156, 0.156]",None,None,['right'],[0.4840493999654427],[0.3360122999874875],up,1.2760846999008209,None,238.17327050003223,238.1884375999216,238.43844439997338,238.4221090999199,238.422495399951,238.43844439997338,238.43844439997338,239.43846249999478,239.43846249999478,239.42197109991685,1,3,,,,,,,,,,,,,,,,,,,,,,,202603,,B,2026-07-22_11h27.17.442,valence_final_v2,2024.2.4,60,2026-07-22 11h27.28.654970 -0600,
38,38,0,4,2,baseline,140,2.1,0.02,3.0,0.148,flat,curv_flat,0.0,0.0,0.02,pen,input_data/stims/Shape_2.10_3.00.png,input_data/stims/Shape_0.00_2.00.png,input_data/stims/Shape_4.00_2.00.png,-1,1,1.0,1.0,1,up,17.719282099977136,None,up,0.9748283999506384,None,None,None,"['left', 'right']","[0.2654422000050545, 0.6894461000338197]","[0.28801779996138066, 0.22395979997236282]",up,1.2333991000195965,None,0,0,0,0,0,38,38,20,239.43846249999478,,,,,,,,,,,,,,,,,239.42257419996895,0.0006056000711396337,240.30636499996763,240.30676149995998,240.32219879992772,241.32184919994324,241.3057544999756,241.30618660000619,0.000443900004029274,242.74015810003038,242.74133919994347,242.75538089999463,242.75538089999463,242.75538089999463,242.75538089999463,242.75538089999463,242.75538089999463,242.75538089999463,243.9900136999786,"[0.148, 0.148, 0.148, 0.148, 0.148, 0.148, 0.148, 0.148, 0.148, 0.148, 0.148, 0.148, 0.148, 0.148, 0.148, 0.148, 0.148, 0.14, 0.132, 0.124, 0.116, 0.108, 0.1, 0.092, 0.084, 0.076, 0.068, 0.06, 0.052, 0.044, 0.036, 0.028, 0.02, 0.012, 0.004, 0.004, 0.004, 0.004, 0.004, 0.004, 0.004, 0.004, 0.004, 0.012, 0.02, 0.028, 0.036, 0.044, 0.052, 0.06, 0.068, 0.076, 0.084, 0.092, 0.1, 0.108, 0.108, 0.108, 0.108, 0.108, 0.108, 0.108, 0.108, 0.108, 0.108, 0.108, 0.108, 0.108, 0.108, 0.108, 0.108, 0.108, 0.108, 0.108, 0.108, 0.108]",None,None,"['left', 'right']","[0.2654422000050545, 0.6894461000338197]","[0.28801779996138066, 0.22395979997236282]",up,1.2333991000195965,None,243.99040549993515,244.00526699994225,244.25562800001353,244.2387572999578,244.23914429999422,244.25562800001353,,245.2556642999407,,245.2391743999906,1,1,244.25562800001353,245.2556642999407,,,,,,,,,,,,,,,,,,,,,202603,,B,2026-07-22_11h27.17.442,valence_final_v2,2024.2.4,60,2026-07-22 11h27.28.654970 -0600,
39,39,0,4,2,baseline,123,0.3,-0.34,1.0,-0.204,curv,flat_curv,0.0,0.0,0.34,rew,input_data/stims/Shape_0.30_1.00.png,input_data/stims/Shape_4.00_2.00.png,input_data/stims/Shape_0.00_2.00.png,1,-1,-1.0,-1.0,-1,up,17.719282099977136,None,up,0.9748283999506384,None,None,None,['right'],[0.7383763999678195],[0.7440521999960765],up,1.6504288000287488,None,0,0,0,0,0,39,39,3,245.2556642999407,,,,,,,,,,,,,,,,,245.23976729996502,0.00059710000641644,246.27367249992676,246.27421449997928,246.28904399997555,247.28867509996053,247.27245489996858,247.27287949994206,0.00043510005343705416,248.7077103999909,248.70932759996504,248.72241359995678,248.72241359995678,248.72241359995678,248.72241359995678,248.72241359995678,248.72241359995678,248.72241359995678,250.3901536000194,"[-0.204, -0.204, -0.204, -0.204, -0.204, -0.204, -0.204, -0.204, -0.204, -0.204, -0.204, -0.204, -0.204, -0.204, -0.204, -0.204, -0.204, -0.204, -0.204, -0.204, -0.204, -0.204, -0.204, -0.204, -0.204, -0.204, -0.204, -0.204, -0.204, -0.204, -0.204, -0.204, -0.204, -0.204, -0.204, -0.204, -0.204, -0.204, -0.204, -0.204, -0.204, -0.204, -0.204, -0.204, -0.204, -0.204, -0.196, -0.188, -0.18, -0.172, -0.164, -0.156, -0.148, -0.14, -0.132, -0.124, -0.116, -0.108, -0.1, -0.092, -0.084, -0.076, -0.068, -0.06, -0.052, -0.044, -0.036, -0.028, -0.02, -0.012, -0.004, 0.004, 0.012, 0.02, 0.028, 0.036, 0.044, 0.052, 0.06, 0.068, 0.076, 0.084, 0.092, 0.1, 0.108, 0.116, 0.124, 0.132, 0.14, 0.148, 0.148, 0.148, 0.148, 0.148, 0.148, 0.148, 0.148, 0.148, 0.148, 0.148, 0.148, 0.148]",None,None,['right'],[0.7383763999678195],[0.7440521999960765],up,1.6504288000287488,None,250.39054539997596,250.40544040000532,250.65583099995274,250.63891729991883,250.63929429999553,250.65583099995274,250.65583099995274,251.67215759993996,251.67215759993996,251.6389680999564,1,3,,,,,,,,,,,,,,,,,,,,,,,202603,,B,2026-07-22_11h27.17.442,valence_final_v2,2024.2.4,60,2026-07-22 11h27.28.654970 -0600,
0,0,0,5,2,curv_comp,177,0.9,-0.22,1.0,-0.212,curv,flat_curv,-0.2,0.2,0.22,rew,input_data/stims/Shape_0.90_1.00.png,input_data/stims/Shape_4.00_2.00.png,input_data/stims/Shape_0.00_2.00.png,1,-1,-1.0,-1.0,-1,None,,,up,1.0605289998929948,None,None,None,['right'],[1.2247193999355659],[1.1679296999936923],up,2.6247765999287367,None,1,0,1,0,0,0,0,17,259.3723687999882,,258.2563837999478,,,,258.2564135999419,None,,,258.2599674999947,258.272329099942,258.272329099942,259.3392427000217,up,1.0605289998929948,None,259.36665540002286,0.02741410001181066,260.4008655999787,260.4012487999862,260.42276769992895,261.4224208999658,261.4063308999175,261.4067655999679,0.0004564999835565686,262.7402992999414,262.74152599996887,262.7560642999597,262.7560642999597,262.7560642999597,262.7560642999597,262.7560642999597,262.7560642999597,262.7560642999597,265.39066499995533,"[-0.212, -0.212, -0.212, -0.212, -0.212, -0.212, -0.212, -0.212, -0.212, -0.212, -0.212, -0.212, -0.212, -0.212, -0.212, -0.212, -0.212, -0.212, -0.212, -0.212, -0.212, -0.212, -0.212, -0.212, -0.212, -0.212, -0.212, -0.212, -0.212, -0.212, -0.212, -0.212, -0.212, -0.212, -0.212, -0.212, -0.212, -0.212, -0.212, -0.212, -0.212, -0.212, -0.212, -0.212, -0.212, -0.212, -0.212, -0.212, -0.212, -0.212, -0.212, -0.212, -0.212, -0.212, -0.212, -0.212, -0.212, -0.212, -0.212, -0.212, -0.212, -0.212, -0.212, -0.212, -0.212, -0.212, -0.212, -0.212, -0.212, -0.212, -0.212, -0.212, -0.212, -0.212, -0.212, -0.204, -0.196, -0.188, -0.18, -0.172, -0.164, -0.156, -0.148, -0.14, -0.132, -0.124, -0.116, -0.108, -0.1, -0.092, -0.084, -0.076, -0.068, -0.06, -0.052, -0.044, -0.036, -0.028, -0.02, -0.012, -0.004, 0.004, 0.012, 0.02, 0.028, 0.036, 0.044, 0.052, 0.06, 0.068, 0.076, 0.084, 0.092, 0.1, 0.108, 0.116, 0.124, 0.132, 0.14, 0.148, 0.156, 0.164, 0.172, 0.18, 0.188, 0.196, 0.204, 0.212, 0.22, 0.228, 0.236, 0.244, 0.252, 0.26, 0.268, 0.276, 0.284, 0.292, 0.3, 0.308, 0.316, 0.324, 0.332, 0.34, 0.348, 0.348, 0.348, 0.348, 0.348, 0.348, 0.348, 0.348, 0.348, 0.348, 0.348, 0.348, 0.348, 0.348, 0.348, 0.348]",None,None,['right'],[1.2247193999355659],[1.1679296999936923],up,2.6247765999287367,None,265.39110969996545,265.40588640002534,265.65626279998105,265.63937450002413,265.6397573000286,265.65626279998105,265.65626279998105,266.65629249997437,266.65629249997437,266.63945569994394,1,3,,,,,,,251.65816699992865,251.67215759993996,251.67215759993996,258.2562603999395,60,8,up,6.580747400061227,None,,,,,,,,202603,,B,2026-07-22_11h27.17.442,valence_final_v2,2024.2.4,60,2026-07-22 11h27.28.654970 -0600,
1,1,0,5,2,curv_comp,174,0.7,-0.26,1.0,-0.34,curv,curv_flat,-0.2,-0.2,-0.26,rew,input_data/stims/Shape_0.70_1.00.png,input_data/stims/Shape_0.00_2.00.png,input_data/stims/Shape_4.00_2.00.png,1,1,-1.0,-1.0,-1,None,,,up,1.0605289998929948,None,None,None,"['left', 'right']","[0.8818100999342278, 1.2657626000000164]","[0.22394789999816567, 0.2320771999657154]",up,1.697834699996747,None,1,0,1,0,0,1,1,14,266.65629249997437,,,,,,,,,,,,,,,,,266.64007019996643,0.0006164000369608402,267.6242068000138,267.6246103999438,267.6396207999205,268.6392980000237,268.6231557999272,268.62359779991675,0.0004550999728962779,269.90758390002884,269.90886219998356,269.9230327999685,269.9230327999685,269.9230327999685,269.9230327999685,269.9230327999685,269.9230327999685,269.9230327999685,271.6240988000063,"[-0.34, -0.34, -0.34, -0.34, -0.34, -0.34, -0.34, -0.34, -0.34, -0.34, -0.34, -0.34, -0.34, -0.34, -0.34, -0.34, -0.34, -0.34, -0.34, -0.34, -0.34, -0.34, -0.34, -0.34, -0.34, -0.34, -0.34, -0.34, -0.34, -0.34, -0.34, -0.34, -0.34, -0.34, -0.34, -0.34, -0.34, -0.34, -0.34, -0.34, -0.34, -0.34, -0.34, -0.34, -0.34, -0.34, -0.34, -0.34, -0.34, -0.34, -0.34, -0.34, -0.34, -0.34, -0.348, -0.356, -0.364, -0.372, -0.38, -0.388, -0.396, -0.396, -0.396, -0.396, -0.396, -0.396, -0.396, -0.396, -0.396, -0.396, -0.396, -0.396, -0.396, -0.396, -0.396, -0.396, -0.396, -0.388, -0.38, -0.372, -0.364, -0.356, -0.348, -0.34, -0.332, -0.324, -0.316, -0.308, -0.3, -0.292, -0.284, -0.284, -0.284, -0.284, -0.284, -0.284, -0.284, -0.284, -0.284, -0.284, -0.284, -0.284, -0.284, -0.284]",None,None,"['left', 'right']","[0.8818100999342278, 1.2657626000000164]","[0.22394789999816567, 0.2320771999657154]",up,1.697834699996747,None,271.62450459995307,271.6393896000227,271.88979329995345,271.87287239998113,271.87325870001223,271.88979329995345,271.88979329995345,272.8895830999827,272.8895830999827,272.8731569999363,1,3,,,,,,,,,,,,,,,,,,,,,,,202603,,B,2026-07-22_11h27.17.442,valence_final_v2,2024.2.4,60,2026-07-22 11h27.28.654970 -0600,
2,2,0,5,2,curv_comp,176,0.9,-0.22,1.0,-0.28,curv,curv_flat,-0.2,-0.2,-0.22,rew,input_data/stims/Shape_0.90_1.00.png,input_data/stims/Shape_0.00_2.00.png,input_data/stims/Shape_4.00_2.00.png,1,1,-1.0,-1.0,-1,None,,,up,1.0605289998929948,None,None,None,['left'],[0.7878476000623778],[0.1600668999599293],up,1.0999457000289112,None,1,0,1,0,0,2,2,16,272.8895830999827,,,,,,,,,,,,,,,,,272.8737681999337,0.0006152000278234482,273.7575633999659,273.75795459991787,273.77279419999104,274.7728142000269,274.7567253999878,274.7571598999202,0.00044570001773536205,276.0423828000203,276.04370029992424,276.05698609992396,276.05698609992396,276.05698609992396,276.05698609992396,276.05698609992396,276.05698609992396,276.05698609992396,277.1738699999405,"[-0.28, -0.28, -0.28, -0.28, -0.28, -0.28, -0.28, -0.28, -0.28, -0.28, -0.28, -0.28, -0.28, -0.28, -0.28, -0.28, -0.28, -0.28, -0.28, -0.28, -0.28, -0.28, -0.28, -0.28, -0.28, -0.28, -0.28, -0.28, -0.28, -0.28, -0.28, -0.28, -0.28, -0.28, -0.28, -0.28, -0.28, -0.28, -0.28, -0.28, -0.28, -0.28, -0.28, -0.28, -0.28, -0.28, -0.28, -0.28, -0.28, -0.288, -0.296, -0.304, -0.312, -0.32, -0.328, -0.336, -0.344, -0.352, -0.352, -0.352, -0.352, -0.352, -0.352, -0.352, -0.352, -0.352, -0.352, -0.352, -0.352]",None,None,['left'],[0.7878476000623778],[0.1600668999599293],up,1.0999457000289112,None,277.17427429999225,277.1895555999363,277.4395485999994,277.4230425999267,277.42345180001575,277.4395485999994,277.4395485999994,278.43958409992047,278.43958409992047,278.42345280002337,1,3,,,,,,,,,,,,,,,,,,,,,,,202603,,B,2026-07-22_11h27.17.442,valence_final_v2,2024.2.4,60,2026-07-22 11h27.28.654970 -0600,
3,3,0,5,2,curv_comp,160,0.1,-0.38,3.0,0.208,curv,curv_flat,-0.2,-0.2,-0.38,rew,input_data/stims/Shape_0.10_3.00.png,input_data/stims/Shape_0.00_2.00.png,input_data/stims/Shape_4.00_2.00.png,1,1,1.0,1.0,-1,None,,,up,1.0605289998929948,None,None,None,"['right', 'left']","[0.870047300006263, 1.150258900015615]","[0.20801529998425394, 1.0717492999974638]",up,2.4300446999259293,None,1,0,1,0,0,3,3,0,278.43958409992047,,,,,,,,,,,,,,,,,278.4240646000253,0.0006148000247776508,279.50927539996337,279.5096713999519,279.52335089992266,280.5230167999398,280.5070276999613,280.50746749993414,0.00045220006722956896,281.9925809999695,281.99388409999665,282.0068124999525,282.0068124999525,282.0068124999525,282.0068124999525,282.0068124999525,282.0068124999525,282.0068124999525,284.44094689993653,"[0.208, 0.208, 0.208, 0.208, 0.208, 0.208, 0.208, 0.208, 0.208, 0.208, 0.208, 0.208, 0.208, 0.208, 0.208, 0.208, 0.208, 0.208, 0.208, 0.208, 0.208, 0.208, 0.208, 0.208, 0.208, 0.208, 0.208, 0.208, 0.208, 0.208, 0.208, 0.208, 0.208, 0.208, 0.208, 0.208, 0.208, 0.208, 0.208, 0.208, 0.208, 0.208, 0.208, 0.208, 0.208, 0.208, 0.208, 0.208, 0.208, 0.208, 0.208, 0.208, 0.208, 0.208, 0.216, 0.224, 0.232, 0.24, 0.248, 0.256, 0.264, 0.272, 0.28, 0.288, 0.296, 0.304, 0.304, 0.304, 0.304, 0.304, 0.304, 0.296, 0.288, 0.28, 0.272, 0.264, 0.256, 0.248, 0.24, 0.232, 0.224, 0.216, 0.208, 0.2, 0.192, 0.184, 0.176, 0.168, 0.16, 0.152, 0.144, 0.136, 0.128, 0.12, 0.112, 0.104, 0.096, 0.088, 0.08, 0.072, 0.064, 0.056, 0.048, 0.04, 0.032, 0.024, 0.016, 0.008, 0.0, -0.008, -0.016, -0.024, -0.032, -0.04, -0.048, -0.056, -0.064, -0.072, -0.08, -0.088, -0.096, -0.104, -0.112, -0.12, -0.128, -0.136, -0.144, -0.152, -0.16, -0.168, -0.176, -0.184, -0.192, -0.2, -0.208, -0.208, -0.208, -0.208, -0.208, -0.208, -0.208, -0.208, -0.208, -0.208, -0.208, -0.208, -0.208, -0.208]",None,None,"['right', 'left']","[0.870047300006263, 1.150258900015615]","[0.20801529998425394, 1.0717492999974638]",up,2.4300446999259293,None,284.4414169000229,284.4568129000254,284.70694209996145,284.68989959999453,284.69029019994196,284.70694209996145,284.70694209996145,285.706474000006,285.706474000006,285.69034889992326,1,3,,,,,,,,,,,,,,,,,,,,,,,202603,,B,2026-07-22_11h27.17.442,valence_final_v2,2024.2.4,60,2026-07-22 11h27.28.654970 -0600,
4,4,0,5,2,curv_comp,198,2.9,0.18,1.0,0.344,flat,curv_flat,-0.2,-0.2,0.18,pen,input_data/stims/Shape_2.90_1.00.png,input_data/stims/Shape_0.00_2.00.png,input_data/stims/Shape_4.00_2.00.png,-1,1,1.0,-1.0,1,None,,,up,1.0605289998929948,None,None,None,['left'],[0.5552487999666482],[1.0960818000603467],up,1.9392691999673843,None,1,0,1,0,0,4,4,38,285.706474000006,,,,,,,,,,,,,,,,,285.6909639999503,0.0006177000468596816,286.6749210000271,286.675442299922,286.69021699996665,287.68984320003074,287.67371569992974,287.67414829996414,0.0004440000047907233,289.05771009996533,289.05899309995584,289.0736073999433,289.0736073999433,289.0736073999433,289.0736073999433,289.0736073999433,289.0736073999433,289.0736073999433,291.0246496000327,"[0.344, 0.344, 0.344, 0.344, 0.344, 0.344, 0.344, 0.344, 0.344, 0.344, 0.344, 0.344, 0.344, 0.344, 0.344, 0.344, 0.344, 0.344, 0.344, 0.344, 0.344, 0.344, 0.344, 0.344, 0.344, 0.344, 0.344, 0.344, 0.344, 0.344, 0.344, 0.344, 0.344, 0.344, 0.344, 0.336, 0.328, 0.32, 0.312, 0.304, 0.296, 0.288, 0.28, 0.272, 0.264, 0.256, 0.248, 0.24, 0.232, 0.224, 0.216, 0.208, 0.2, 0.192, 0.184, 0.176, 0.168, 0.16, 0.152, 0.144, 0.136, 0.128, 0.12, 0.112, 0.104, 0.096, 0.088, 0.08, 0.072, 0.064, 0.056, 0.048, 0.04, 0.032, 0.024, 0.016, 0.008, 0.0, -0.008, -0.016, -0.024, -0.032, -0.04, -0.048, -0.056, -0.064, -0.072, -0.08, -0.088, -0.096, -0.104, -0.112, -0.12, -0.128, -0.136, -0.144, -0.152, -0.16, -0.168, -0.176, -0.184, -0.184, -0.184, -0.184, -0.184, -0.184, -0.184, -0.184, -0.184, -0.184, -0.184, -0.184, -0.184, -0.184, -0.184, -0.184, -0.184, -0.184, -0.184]",None,None,['left'],[0.5552487999666482],[1.0960818000603467],up,1.9392691999673843,None,291.025053499965,291.0399509000126,291.290332900011,291.27347020001616,291.2738604999613,291.290332900011,,292.2899752999656,,292.2735090999631,1,1,291.290332900011,292.2899752999656,,,,,,,,,,,,,,,,,,,,,202603,,B,2026-07-22_11h27.17.442,valence_final_v2,2024.2.4,60,2026-07-22 11h27.28.654970 -0600,
5,5,0,5,2,curv_comp,169,0.5,-0.3,1.0,-0.268,curv,flat_curv,-0.2,0.2,0.3,rew,input_data/stims/Shape_0.50_1.00.png,input_data/stims/Shape_4.00_2.00.png,input_data/stims/Shape_0.00_2.00.png,1,-1,-1.0,-1.0,-1,None,,,up,1.0605289998929948,None,None,None,['right'],[0.5896086000138894],[1.1519800999667495],up,1.7736423999303952,None,1,0,1,0,0,5,5,9,292.2899752999656,,,,,,,,,,,,,,,,,292.274115899927,0.0006118000019341707,293.20796219992917,293.2083478999557,293.22372459992766,294.2233680000063,294.20737810002174,294.20780520001426,0.00043949997052550316,295.592708399985,295.5939721999457,295.6072425999446,295.6072425999446,295.6072425999446,295.6072425999446,295.6072425999446,295.6072425999446,295.6072425999446,297.39151390001643,"[-0.268, -0.268, -0.268, -0.268, -0.268, -0.268, -0.268, -0.268, -0.268, -0.268, -0.268, -0.268, -0.268, -0.268, -0.268, -0.268, -0.268, -0.268, -0.268, -0.268, -0.268, -0.268, -0.268, -0.268, -0.268, -0.268, -0.268, -0.268, -0.268, -0.268, -0.268, -0.268, -0.268, -0.268, -0.268, -0.268, -0.268, -0.26, -0.252, -0.244, -0.236, -0.228, -0.22, -0.212, -0.204, -0.196, -0.188, -0.18, -0.172, -0.164, -0.156, -0.148, -0.14, -0.132, -0.124, -0.116, -0.108, -0.1, -0.092, -0.084, -0.076, -0.068, -0.06, -0.052, -0.044, -0.036, -0.028, -0.02, -0.012, -0.004, 0.004, 0.012, 0.02, 0.028, 0.036, 0.044, 0.052, 0.06, 0.068, 0.076, 0.084, 0.092, 0.1, 0.108, 0.116, 0.124, 0.132, 0.14, 0.148, 0.156, 0.164, 0.172, 0.18, 0.188, 0.196, 0.204, 0.212, 0.22, 0.228, 0.236, 0.244, 0.252, 0.26, 0.268, 0.276, 0.284, 0.284, 0.284, 0.284]",None,None,['right'],[0.5896086000138894],[1.1519800999667495],up,1.7736423999303952,None,297.39193119993433,297.40680899994913,297.65719860000536,297.64027580001857,297.64066989999264,297.65719860000536,297.65719860000536,298.6568242999492,298.6568242999492,298.6407034000149,1,3,,,,,,,,,,,,,,,,,,,,,,,202603,,B,2026-07-22_11h27.17.442,valence_final_v2,2024.2.4,60,2026-07-22 11h27.28.654970 -0600,
6,6,0,5,2,curv_comp,199,2.9,0.18,3.0,-0.268,flat,flat_curv,-0.2,0.2,-0.18,pen,input_data/stims/Shape_2.90_3.00.png,input_data/stims/Shape_4.00_2.00.png,input_data/stims/Shape_0.00_2.00.png,-1,-1,-1.0,1.0,1,None,,,up,1.0605289998929948,None,None,None,['right'],[0.5352839999832213],[0.8159579000202939],up,1.6072233999148011,None,1,0,1,0,0,6,6,39,298.6568242999492,,,,,,,,,,,,,,,,,298.6412919999566,0.0005904000718146563,299.62581919995137,299.62660059996415,299.64019149995875,300.64023679995444,300.6240905999439,300.6245086999843,0.00043139990884810686,301.95899590000045,301.9602351000067,301.97359349997714,301.97359349997714,301.97359349997714,301.97359349997714,301.97359349997714,301.97359349997714,301.97359349997714,303.5916862000013,"[-0.268, -0.268, -0.268, -0.268, -0.268, -0.268, -0.268, -0.268, -0.268, -0.268, -0.268, -0.268, -0.268, -0.268, -0.268, -0.268, -0.268, -0.268, -0.268, -0.268, -0.268, -0.268, -0.268, -0.268, -0.268, -0.268, -0.268, -0.268, -0.268, -0.268, -0.268, -0.268, -0.268, -0.268, -0.26, -0.252, -0.244, -0.236, -0.228, -0.22, -0.212, -0.204, -0.196, -0.188, -0.18, -0.172, -0.164, -0.156, -0.148, -0.14, -0.132, -0.124, -0.116, -0.108, -0.1, -0.092, -0.084, -0.076, -0.068, -0.06, -0.052, -0.044, -0.036, -0.028, -0.02, -0.012, -0.004, 0.004, 0.012, 0.02, 0.028, 0.036, 0.044, 0.052, 0.06, 0.068, 0.076, 0.084, 0.092, 0.1, 0.108, 0.116, 0.124, 0.124, 0.124, 0.124, 0.124, 0.124, 0.124, 0.124, 0.124, 0.124, 0.124, 0.124, 0.124, 0.124, 0.124, 0.124, 0.124]",None,None,['right'],[0.5352839999832213],[0.8159579000202939],up,1.6072233999148011,None,303.5920872000279,303.606973499991,303.85736379993614,303.84046690003015,303.8408570999745,303.85736379993614,,304.8569940000307,,304.84086969995406,1,1,303.85736379993614,304.8569940000307,,,,,,,,,,,,,,,,,,,,,202603,,B,2026-07-22_11h27.17.442,valence_final_v2,2024.2.4,60,2026-07-22 11h27.28.654970 -0600,
7,7,0,5,2,curv_comp,164,0.3,-0.34,3.0,0.056,curv,curv_flat,-0.2,-0.2,-0.34,rew,input_data/stims/Shape_0.30_3.00.png,input_data/stims/Shape_0.00_2.00.png,input_data/stims/Shape_4.00_2.00.png,1,1,1.0,1.0,-1,None,,,up,1.0605289998929948,None,None,None,"['right', 'left']","[0.2767810000805184, 0.5647018000017852]","[0.22396879992447793, 0.7120898000430316]",up,1.636704600066878,None,1,0,1,0,0,7,7,4,304.8569940000307,,,,,,,,,,,,,,,,,304.8414619999239,0.0005953999934718013,305.72511679993477,305.7255084000062,305.7407655999996,306.7403823999921,306.7242499999702,306.7246757999528,0.00043730007018893957,308.00912249996327,308.0103659000015,308.024130399921,308.024130399921,308.024130399921,308.024130399921,308.024130399921,308.024130399921,308.024130399921,309.67556330002844,"[0.056, 0.056, 0.056, 0.056, 0.056, 0.056, 0.056, 0.056, 0.056, 0.056, 0.056, 0.056, 0.056, 0.056, 0.056, 0.056, 0.056, 0.056, 0.064, 0.072, 0.08, 0.088, 0.096, 0.104, 0.112, 0.12, 0.128, 0.136, 0.144, 0.152, 0.16, 0.168, 0.168, 0.168, 0.168, 0.16, 0.152, 0.144, 0.136, 0.128, 0.12, 0.112, 0.104, 0.096, 0.088, 0.08, 0.072, 0.064, 0.056, 0.048, 0.04, 0.032, 0.024, 0.016, 0.008, 0.0, -0.008, -0.016, -0.024, -0.032, -0.04, -0.048, -0.056, -0.064, -0.072, -0.08, -0.088, -0.096, -0.104, -0.112, -0.12, -0.128, -0.136, -0.144, -0.152, -0.16, -0.168, -0.176, -0.176, -0.176, -0.176, -0.176, -0.176, -0.176, -0.176, -0.176, -0.176, -0.176, -0.176, -0.176, -0.176, -0.176, -0.176, -0.176, -0.176, -0.176, -0.176, -0.176, -0.176, -0.176, -0.176]",None,None,"['right', 'left']","[0.2767810000805184, 0.5647018000017852]","[0.22396879992447793, 0.7120898000430316]",up,1.636704600066878,None,309.67596100002993,309.6913080000086,309.94115099997725,309.92470299999695,309.9250947999535,309.94115099997725,,310.94121850002557,,310.9247831000248,0,-1,,,309.94115099997725,310.94121850002557,,,,,,,,,,,,,,,,,,,202603,,B,2026-07-22_11h27.17.442,valence_final_v2,2024.2.4,60,2026-07-22 11h27.28.654970 -0600,
8,8,0,5,2,curv_comp,170,0.5,-0.3,1.0,-0.064,curv,curv_flat,-0.2,-0.2,-0.3,rew,input_data/stims/Shape_0.50_1.00.png,input_data/stims/Shape_0.00_2.00.png,input_data/stims/Shape_4.00_2.00.png,1,1,1.0,-1.0,-1,None,,,up,1.0605289998929948,None,None,None,['left'],[0.4677737000165507],[0.4239534999942407],up,1.0437510999618098,None,1,0,1,0,0,8,8,10,310.94121850002557,,,,,,,,,,,,,,,,,310.925381799927,0.0006025000475347042,311.90886149997823,311.90925419994164,311.92458250001073,312.92373929999303,312.9072401999729,312.907686999999,0.00045849999878555536,314.2419675999554,314.24361240002327,314.25714899995364,314.25714899995364,314.25714899995364,314.25714899995364,314.25714899995364,314.25714899995364,314.25714899995364,315.30818849999923,"[-0.064, -0.064, -0.064, -0.064, -0.064, -0.064, -0.064, -0.064, -0.064, -0.064, -0.064, -0.064, -0.064, -0.064, -0.064, -0.064, -0.064, -0.064, -0.064, -0.064, -0.064, -0.064, -0.064, -0.064, -0.064, -0.064, -0.064, -0.064, -0.064, -0.064, -0.072, -0.08, -0.088, -0.096, -0.104, -0.112, -0.12, -0.128, -0.136, -0.144, -0.152, -0.16, -0.168, -0.176, -0.184, -0.192, -0.2, -0.208, -0.216, -0.224, -0.232, -0.24, -0.248, -0.256, -0.264, -0.264, -0.264, -0.264, -0.264, -0.264, -0.264, -0.264, -0.264, -0.264, -0.264]",None,None,['left'],[0.4677737000165507],[0.4239534999942407],up,1.0437510999618098,None,315.30858980002813,315.3238120999886,315.5738297000062,315.5573538999306,315.55774530000053,315.5738297000062,315.5738297000062,316.57385849999264,316.57385849999264,316.55742620001547,1,3,,,,,,,,,,,,,,,,,,,,,,,202603,,B,2026-07-22_11h27.17.442,valence_final_v2,2024.2.4,60,2026-07-22 11h27.28.654970 -0600,
9,9,0,5,2,curv_comp,191,2.1,0.02,3.0,-0.36,flat,flat_curv,-0.2,0.2,-0.02,pen,input_data/stims/Shape_2.10_3.00.png,input_data/stims/Shape_4.00_2.00.png,input_data/stims/Shape_0.00_2.00.png,-1,-1,-1.0,1.0,1,None,,,up,1.0605289998929948,None,None,None,['right'],[0.5143933999352157],[1.231864600093104],up,2.0102751000085846,None,1,0,1,0,0,9,9,31,316.57385849999264,,,,,,,,,,,,,,,,,316.5580395000288,0.0006175000453367829,317.49160599999595,317.49199000000954,317.5072279999731,318.50723440002184,318.4907615999691,318.4911882999586,0.00043780007399618626,319.87589109991677,319.8774951000232,319.8906220999779,319.8906220999779,319.8906220999779,319.8906220999779,319.8906220999779,319.8906220999779,319.8906220999779,321.90840610000305,"[-0.36, -0.36, -0.36, -0.36, -0.36, -0.36, -0.36, -0.36, -0.36, -0.36, -0.36, -0.36, -0.36, -0.36, -0.36, -0.36, -0.36, -0.36, -0.36, -0.36, -0.36, -0.36, -0.36, -0.36, -0.36, -0.36, -0.36, -0.36, -0.36, -0.36, -0.36, -0.36, -0.352, -0.344, -0.336, -0.328, -0.32, -0.312, -0.304, -0.296, -0.288, -0.28, -0.272, -0.264, -0.256, -0.248, -0.24, -0.232, -0.224, -0.216, -0.208, -0.2, -0.192, -0.184, -0.176, -0.168, -0.16, -0.152, -0.144, -0.136, -0.128, -0.12, -0.112, -0.104, -0.096, -0.088, -0.08, -0.072, -0.064, -0.056, -0.048, -0.04, -0.032, -0.024, -0.016, -0.008, 0.0, 0.008, 0.016, 0.024, 0.032, 0.04, 0.048, 0.056, 0.064, 0.072, 0.08, 0.088, 0.096, 0.104, 0.112, 0.12, 0.128, 0.136, 0.144, 0.152, 0.16, 0.168, 0.176, 0.184, 0.192, 0.2, 0.208, 0.216, 0.224, 0.232, 0.232, 0.232, 0.232, 0.232, 0.232, 0.232, 0.232, 0.232, 0.232, 0.232, 0.232, 0.232, 0.232, 0.232, 0.232, 0.232, 0.232]",None,None,['right'],[0.5143933999352157],[1.231864600093104],up,2.0102751000085846,None,321.9088089999277,321.92401009995956,322.17402299994137,322.15756189997774,322.1579504000256,322.17402299994137,,323.1740443999879,,323.15790599992033,0,-3,,,,,322.17402299994137,323.1740443999879,,,,,,,,,,,,,,,,,202603,,B,2026-07-22_11h27.17.442,valence_final_v2,2024.2.4,60,2026-07-22 11h27.28.654970 -0600,
10,10,0,5,2,curv_comp,193,2.3,0.06,1.0,-0.396,flat,flat_curv,-0.2,0.2,-0.06,pen,input_data/stims/Shape_2.30_1.00.png,input_data/stims/Shape_4.00_2.00.png,input_data/stims/Shape_0.00_2.00.png,-1,-1,-1.0,-1.0,1,None,,,up,1.0605289998929948,None,None,None,"['right', 'left', 'right']","[0.3360670000547543, 0.4560690000653267, 0.6001957000698894]","[0.1040266000200063, 0.11995989992283285, 0.8878486999310553]",up,1.5921008000150323,None,1,0,1,0,0,10,10,33,323.1740443999879,,,,,,,,,,,,,,,,,323.1585517999483,0.0006478000432252884,324.1430072999792,324.14342819992453,324.15740899997763,325.15747730003204,325.14099869993515,325.14144349994604,0.00045759999193251133,326.52505179995205,326.52644059993327,326.5408086000243,326.5408086000243,326.5408086000243,326.5408086000243,326.5408086000243,326.5408086000243,326.5408086000243,328.1418453999795,"[-0.396, -0.396, -0.396, -0.396, -0.396, -0.396, -0.396, -0.396, -0.396, -0.396, -0.396, -0.396, -0.396, -0.396, -0.396, -0.396, -0.396, -0.396, -0.396, -0.396, -0.396, -0.396, -0.388, -0.38, -0.372, -0.364, -0.356, -0.348, -0.348, -0.356, -0.364, -0.372, -0.38, -0.388, -0.396, -0.396, -0.396, -0.396, -0.388, -0.38, -0.372, -0.364, -0.356, -0.348, -0.34, -0.332, -0.324, -0.316, -0.308, -0.3, -0.292, -0.284, -0.276, -0.268, -0.26, -0.252, -0.244, -0.236, -0.228, -0.22, -0.212, -0.204, -0.196, -0.188, -0.18, -0.172, -0.164, -0.156, -0.148, -0.14, -0.132, -0.124, -0.116, -0.108, -0.1, -0.092, -0.084, -0.076, -0.068, -0.06, -0.052, -0.044, -0.036, -0.028, -0.02, -0.012, -0.004, 0.004, 0.012, 0.02, 0.028, 0.028, 0.028, 0.028, 0.028, 0.028, 0.028, 0.028]",None,None,"['right', 'left', 'right']","[0.3360670000547543, 0.4560690000653267, 0.6001957000698894]","[0.1040266000200063, 0.11995989992283285, 0.8878486999310553]",up,1.5921008000150323,None,328.1422488000244,328.15754609997384,328.4075227000285,328.3910382000031,328.3914234000258,328.4075227000285,,329.4075901999604,,329.39110010000877,1,1,328.4075227000285,329.4075901999604,,,,,,,,,,,,,,,,,,,,,202603,,B,2026-07-22_11h27.17.442,valence_final_v2,2024.2.4,60,2026-07-22 11h27.28.654970 -0600,
11,11,0,5,2,curv_comp,178,0.9,-0.22,3.0,0.092,curv,curv_flat,-0.2,-0.2,-0.22,rew,input_data/stims/Shape_0.90_3.00.png,input_data/stims/Shape_0.00_2.00.png,input_data/stims/Shape_4.00_2.00.png,1,1,1.0,1.0,-1,None,,,up,1.0605289998929948,None,None,None,['left'],[0.6224634000100195],[0.472033099969849],up,1.3505027999635786,None,1,0,1,0,0,11,11,18,329.4075901999604,,,,,,,,,,,,,,,,,329.3916942999931,0.0005978998960927129,330.4761952999979,330.47682959993836,330.49092250003014,331.49093620001804,331.47443589998875,331.4748621999752,0.0004363000625744462,332.7584325999487,332.7597097000107,332.7744013000047,332.7744013000047,332.7744013000047,332.7744013000047,332.7744013000047,332.7744013000047,332.7744013000047,334.14202199992724,"[0.092, 0.092, 0.092, 0.092, 0.092, 0.092, 0.092, 0.092, 0.092, 0.092, 0.092, 0.092, 0.092, 0.092, 0.092, 0.092, 0.092, 0.092, 0.092, 0.092, 0.092, 0.092, 0.092, 0.092, 0.092, 0.092, 0.092, 0.092, 0.092, 0.092, 0.092, 0.092, 0.092, 0.092, 0.092, 0.092, 0.092, 0.092, 0.092, 0.084, 0.076, 0.068, 0.06, 0.052, 0.044, 0.036, 0.028, 0.02, 0.012, 0.004, -0.004, -0.012, -0.02, -0.028, -0.036, -0.044, -0.052, -0.06, -0.068, -0.076, -0.084, -0.092, -0.1, -0.108, -0.116, -0.124, -0.132, -0.132, -0.132, -0.132, -0.132, -0.132, -0.132, -0.132, -0.132, -0.132, -0.132, -0.132, -0.132, -0.132, -0.132, -0.132, -0.132, -0.132]",None,None,['left'],[0.6224634000100195],[0.472033099969849],up,1.3505027999635786,None,334.1424180000322,334.1576985999709,334.40768860001117,334.39123289997224,334.3916219000239,334.40768860001117,,335.4077166999923,,335.39127839996945,0,-1,,,334.40768860001117,335.4077166999923,,,,,,,,,,,,,,,,,,,202603,,B,2026-07-22_11h27.17.442,valence_final_v2,2024.2.4,60,2026-07-22 11h27.28.654970 -0600,
12,12,0,5,2,curv_comp,187,1.7,-0.06,1.0,-0.332,flat,flat_curv,-0.2,0.2,0.06,pen,input_data/stims/Shape_1.70_1.00.png,input_data/stims/Shape_4.00_2.00.png,input_data/stims/Shape_0.00_2.00.png,-1,-1,-1.0,-1.0,1,None,,,up,1.0605289998929948,None,None,None,"['left', 'right']","[0.2164204999571666, 0.5444184999214485]","[0.23995870002545416, 1.2161879000486806]",up,2.0485778999282047,None,1,0,1,0,0,12,12,27,335.4077166999923,,,,,,,,,,,,,,,,,335.39188949996606,0.0006155000301077962,336.42665919999126,336.4270454000216,336.44111449993216,337.44110779999755,337.4246870999923,337.4251318000024,0.0004572999896481633,338.9097021999769,338.9109306000173,338.92449240002315,338.92449240002315,338.92449240002315,338.92449240002315,338.92449240002315,338.92449240002315,338.92449240002315,340.9755695000058,"[-0.332, -0.332, -0.332, -0.332, -0.332, -0.332, -0.332, -0.332, -0.332, -0.332, -0.332, -0.332, -0.332, -0.332, -0.34, -0.348, -0.356, -0.364, -0.372, -0.38, -0.388, -0.396, -0.396, -0.396, -0.396, -0.396, -0.396, -0.396, -0.396, -0.396, -0.396, -0.396, -0.396, -0.396, -0.388, -0.38, -0.372, -0.364, -0.356, -0.348, -0.34, -0.332, -0.324, -0.316, -0.308, -0.3, -0.292, -0.284, -0.276, -0.268, -0.26, -0.252, -0.244, -0.236, -0.228, -0.22, -0.212, -0.204, -0.196, -0.188, -0.18, -0.172, -0.164, -0.156, -0.148, -0.14, -0.132, -0.124, -0.116, -0.108, -0.1, -0.092, -0.084, -0.076, -0.068, -0.06, -0.052, -0.044, -0.036, -0.028, -0.02, -0.012, -0.004, 0.004, 0.012, 0.02, 0.028, 0.036, 0.044, 0.052, 0.06, 0.068, 0.076, 0.084, 0.092, 0.1, 0.108, 0.116, 0.124, 0.132, 0.14, 0.148, 0.156, 0.164, 0.172, 0.18, 0.188, 0.188, 0.188, 0.188, 0.188, 0.188, 0.188, 0.188, 0.188, 0.188, 0.188, 0.188, 0.188, 0.188, 0.188, 0.188, 0.188, 0.188, 0.188]",None,None,"['left', 'right']","[0.2164204999571666, 0.5444184999214485]","[0.23995870002545416, 1.2161879000486806]",up,2.0485778999282047,None,340.97598049999215,340.9912358999718,341.24121769994963,341.2247785999207,341.22518389998004,341.24121769994963,,342.2412458999315,,342.224829499959,1,1,341.24121769994963,342.2412458999315,,,,,,,,,,,,,,,,,,,,,202603,,B,2026-07-22_11h27.17.442,valence_final_v2,2024.2.4,60,2026-07-22 11h27.28.654970 -0600,
13,13,0,5,2,curv_comp,168,0.5,-0.3,1.0,-0.172,curv,curv_flat,-0.2,-0.2,-0.3,rew,input_data/stims/Shape_0.50_1.00.png,input_data/stims/Shape_0.00_2.00.png,input_data/stims/Shape_4.00_2.00.png,1,1,1.0,-1.0,-1,None,,,up,1.0605289998929948,None,None,None,"['right', 'left']","[0.31289449997711927, 0.4248714999994263]","[0.11197700002230704, 0.43205760000273585]",up,0.8808787000598386,None,1,0,1,0,0,13,13,8,342.2412458999315,,,,,,,,,,,,,,,,,342.2254737999756,0.0006488999351859093,343.26010109996423,343.2606172999367,343.27461349999066,344.274647800019,344.2581744999625,344.25859139999375,0.0004287000047042966,345.69270719995257,345.6943011999829,345.7080259999493,345.7080259999493,345.7080259999493,345.7080259999493,345.7080259999493,345.7080259999493,345.7080259999493,346.59236230002716,"[-0.172, -0.172, -0.172, -0.172, -0.172, -0.172, -0.172, -0.172, -0.172, -0.172, -0.172, -0.172, -0.172, -0.172, -0.172, -0.172, -0.172, -0.172, -0.172, -0.172, -0.164, -0.156, -0.148, -0.14, -0.132, -0.124, -0.116, -0.124, -0.132, -0.14, -0.148, -0.156, -0.164, -0.172, -0.18, -0.188, -0.196, -0.204, -0.212, -0.22, -0.228, -0.236, -0.244, -0.252, -0.26, -0.268, -0.276, -0.284, -0.292, -0.3, -0.308, -0.316, -0.324, -0.324, -0.324]",None,None,"['right', 'left']","[0.31289449997711927, 0.4248714999994263]","[0.11197700002230704, 0.43205760000273585]",up,0.8808787000598386,None,346.5927512999624,346.60804939991795,346.85804660001304,346.8415764999809,346.84196879994124,346.85804660001304,346.85804660001304,347.8581220000051,347.8581220000051,347.841673500021,1,3,,,,,,,,,,,,,,,,,,,,,,,202603,,B,2026-07-22_11h27.17.442,valence_final_v2,2024.2.4,60,2026-07-22 11h27.28.654970 -0600,
14,14,0,5,2,curv_comp,192,2.3,0.06,3.0,-0.236,flat,curv_flat,-0.2,-0.2,0.06,pen,input_data/stims/Shape_2.30_3.00.png,input_data/stims/Shape_0.00_2.00.png,input_data/stims/Shape_4.00_2.00.png,-1,1,-1.0,1.0,1,None,,,up,1.0605289998929948,None,None,None,"['left', 'right', 'left', 'right']","[0.2501118000363931, 0.5220819000387564, 1.2980735000455752, 1.7860230000223964]","[0.15997379994951189, 0.33599389996379614, 0.1359461999963969, 0.15205999999307096]",up,2.122082500020042,None,1,0,1,0,0,14,14,32,347.8581220000051,,,,,,,,,,,,,,,,,347.8422986000078,0.0006278000073507428,348.77642310003284,348.7769406000152,348.7914426999632,349.7914658000227,349.77503969997633,349.77546029991936,0.00043210003059357405,351.0604925999651,351.0617710999213,351.0748460999457,351.0748460999457,351.0748460999457,351.0748460999457,351.0748460999457,351.0748460999457,351.0748460999457,353.20924889994785,"[-0.236, -0.236, -0.236, -0.236, -0.236, -0.236, -0.236, -0.236, -0.236, -0.236, -0.236, -0.236, -0.236, -0.236, -0.236, -0.236, -0.236, -0.244, -0.252, -0.26, -0.268, -0.276, -0.284, -0.292, -0.3, -0.308, -0.308, -0.308, -0.308, -0.308, -0.308, -0.308, -0.308, -0.3, -0.292, -0.284, -0.276, -0.268, -0.26, -0.252, -0.244, -0.236, -0.228, -0.22, -0.212, -0.204, -0.196, -0.188, -0.18, -0.172, -0.164, -0.156, -0.148, -0.148, -0.148, -0.148, -0.148, -0.148, -0.148, -0.148, -0.148, -0.148, -0.148, -0.148, -0.148, -0.148, -0.148, -0.148, -0.148, -0.148, -0.148, -0.148, -0.148, -0.148, -0.148, -0.148, -0.148, -0.148, -0.148, -0.156, -0.164, -0.172, -0.18, -0.188, -0.196, -0.204, -0.212, -0.22, -0.22, -0.22, -0.22, -0.22, -0.22, -0.22, -0.22, -0.22, -0.22, -0.22, -0.22, -0.22, -0.22, -0.22, -0.22, -0.22, -0.22, -0.22, -0.22, -0.22, -0.22, -0.212, -0.204, -0.196, -0.188, -0.18, -0.172, -0.164, -0.156, -0.148, -0.148, -0.148, -0.148, -0.148, -0.148, -0.148, -0.148, -0.148, -0.148, -0.148, -0.148, -0.148]",None,None,"['left', 'right', 'left', 'right']","[0.2501118000363931, 0.5220819000387564, 1.2980735000455752, 1.7860230000223964]","[0.15997379994951189, 0.33599389996379614, 0.1359461999963969, 0.15205999999307096]",up,2.122082500020042,None,353.20966829999816,353.2248965000035,353.4748903999571,353.4584606999997,353.4588468000293,353.4748903999571,,354.4749176999321,,354.4584803999169,1,1,353.4748903999571,354.4749176999321,,,,,,,,,,,,,,,,,,,,,202603,,B,2026-07-22_11h27.17.442,valence_final_v2,2024.2.4,60,2026-07-22 11h27.28.654970 -0600,
15,15,0,5,2,curv_comp,166,0.3,-0.34,3.0,0.064,curv,curv_flat,-0.2,-0.2,-0.34,rew,input_data/stims/Shape_0.30_3.00.png,input_data/stims/Shape_0.00_2.00.png,input_data/stims/Shape_4.00_2.00.png,1,1,1.0,1.0,-1,None,,,up,1.0605289998929948,None,None,None,['left'],[0.42917999997735023],[0.527987000066787],up,1.373185500036925,None,1,0,1,0,0,15,15,6,354.4749176999321,,,,,,,,,,,,,,,,,354.45906729996204,0.0005888000596314669,355.44343859993387,355.4439616999589,355.45830069994554,356.4583150999388,356.44183379993774,356.4422575000208,0.00043619994539767504,357.7765851999866,357.77777669997886,357.7917572000297,357.7917572000297,357.7917572000297,357.7917572000297,357.7917572000297,357.7917572000297,357.7917572000297,359.17611310002394,"[0.064, 0.064, 0.064, 0.064, 0.064, 0.064, 0.064, 0.064, 0.064, 0.064, 0.064, 0.064, 0.064, 0.064, 0.064, 0.064, 0.064, 0.064, 0.064, 0.064, 0.064, 0.064, 0.064, 0.064, 0.064, 0.064, 0.064, 0.056, 0.048, 0.04, 0.032, 0.024, 0.016, 0.008, 0.0, -0.008, -0.016, -0.024, -0.032, -0.04, -0.048, -0.056, -0.064, -0.072, -0.08, -0.088, -0.096, -0.104, -0.112, -0.12, -0.128, -0.136, -0.144, -0.152, -0.16, -0.168, -0.176, -0.184, -0.192, -0.192, -0.192, -0.192, -0.192, -0.192, -0.192, -0.192, -0.192, -0.192, -0.192, -0.192, -0.192, -0.192, -0.192, -0.192, -0.192, -0.192, -0.192, -0.192, -0.192, -0.192, -0.192, -0.192, -0.192, -0.192, -0.192]",None,None,['left'],[0.42917999997735023],[0.527987000066787],up,1.373185500036925,None,359.1765278999228,359.19176159997005,359.441771099926,359.42524040001445,359.42562280001584,359.441771099926,,360.44179139996413,,360.42529239994474,0,-1,,,359.441771099926,360.44179139996413,,,,,,,,,,,,,,,,,,,202603,,B,2026-07-22_11h27.17.442,valence_final_v2,2024.2.4,60,2026-07-22 11h27.28.654970 -0600,
16,16,0,5,2,curv_comp,173,0.7,-0.26,1.0,0.108,curv,flat_curv,-0.2,0.2,0.26,rew,input_data/stims/Shape_0.70_1.00.png,input_data/stims/Shape_4.00_2.00.png,input_data/stims/Shape_0.00_2.00.png,1,-1,-1.0,-1.0,-1,None,,,up,1.0605289998929948,None,None,None,"['left', 'right']","[0.3219933999935165, 0.48202359990682453]","[0.056004100013524294, 0.40015530004166067]",up,0.8821788999484852,None,1,0,1,0,0,16,16,13,360.44179139996413,,,,,,,,,,,,,,,,,360.42589620000217,0.0006070999661460519,361.31073979998473,361.3111409000121,361.32550079992507,362.3252740999451,362.3087594999233,362.30919279996306,0.00044410000555217266,363.64280849997886,363.64413469994906,363.65890849998686,363.65890849998686,363.65890849998686,363.65890849998686,363.65890849998686,363.65890849998686,363.65890849998686,364.54366039996967,"[0.108, 0.108, 0.108, 0.108, 0.108, 0.108, 0.108, 0.108, 0.108, 0.108, 0.108, 0.108, 0.108, 0.108, 0.108, 0.108, 0.108, 0.108, 0.108, 0.108, 0.108, 0.1, 0.092, 0.084, 0.084, 0.084, 0.084, 0.084, 0.084, 0.084, 0.092, 0.1, 0.108, 0.116, 0.124, 0.132, 0.14, 0.148, 0.156, 0.164, 0.172, 0.18, 0.188, 0.196, 0.204, 0.212, 0.22, 0.228, 0.236, 0.244, 0.252, 0.26, 0.268, 0.276, 0.276]",None,None,"['left', 'right']","[0.3219933999935165, 0.48202359990682453]","[0.056004100013524294, 0.40015530004166067]",up,0.8821788999484852,None,364.54403480002657,364.55871829995885,364.8091452999506,364.792175999959,364.79256909992546,364.8091452999506,364.8091452999506,365.8087450999301,365.8087450999301,365.7926227999851,1,3,,,,,,,,,,,,,,,,,,,,,,,202603,,B,2026-07-22_11h27.17.442,valence_final_v2,2024.2.4,60,2026-07-22 11h27.28.654970 -0600,
17,17,0,5,2,curv_comp,195,2.5,0.1,3.0,0.272,flat,flat_curv,-0.2,0.2,-0.1,pen,input_data/stims/Shape_2.50_3.00.png,input_data/stims/Shape_4.00_2.00.png,input_data/stims/Shape_0.00_2.00.png,-1,-1,1.0,1.0,1,None,,,up,1.0605289998929948,None,None,None,['left'],[0.4667422999627888],[0.21589360001962632],up,1.0266718999482691,None,1,0,1,0,0,17,17,35,365.8087450999301,,,,,,,,,,,,,,,,,365.7932330999756,0.0006125000072643161,366.7267989999382,366.72718509996776,366.74275580001995,367.7423695999896,367.72652429994196,367.726962500019,0.00044950004667043686,369.21079609997105,369.21196779992897,369.2263111999491,369.2263111999491,369.2263111999491,369.2263111999491,369.2263111999491,369.2263111999491,369.2263111999491,370.26065339997876,"[0.272, 0.272, 0.272, 0.272, 0.272, 0.272, 0.272, 0.272, 0.272, 0.272, 0.272, 0.272, 0.272, 0.272, 0.272, 0.272, 0.272, 0.272, 0.272, 0.272, 0.272, 0.272, 0.272, 0.272, 0.272, 0.272, 0.272, 0.272, 0.272, 0.272, 0.264, 0.256, 0.248, 0.24, 0.232, 0.224, 0.216, 0.208, 0.2, 0.192, 0.184, 0.176, 0.176, 0.176, 0.176, 0.176, 0.176, 0.176, 0.176, 0.176, 0.176, 0.176, 0.176, 0.176, 0.176, 0.176, 0.176, 0.176, 0.176, 0.176, 0.176, 0.176, 0.176, 0.176]",None,None,['left'],[0.4667422999627888],[0.21589360001962632],up,1.0266718999482691,None,370.26105059997644,370.27633589995094,370.5263132000109,370.50987730000634,370.51031039992813,370.5263132000109,,371.52633899997454,,371.50992179999594,1,1,370.5263132000109,371.52633899997454,,,,,,,,,,,,,,,,,,,,,202603,,B,2026-07-22_11h27.17.442,valence_final_v2,2024.2.4,60,2026-07-22 11h27.28.654970 -0600,
18,18,0,5,2,curv_comp,162,0.1,-0.38,3.0,-0.288,curv,curv_flat,-0.2,-0.2,-0.38,rew,input_data/stims/Shape_0.10_3.00.png,input_data/stims/Shape_0.00_2.00.png,input_data/stims/Shape_4.00_2.00.png,1,1,-1.0,1.0,-1,None,,,up,1.0605289998929948,None,None,None,"['right', 'left']","[0.3914972000056878, 0.8795015999348834]","[0.18403369991574436, 0.14400490000844002]",up,1.2635225999401882,None,1,0,1,0,0,18,18,2,371.52633899997454,,,,,,,,,,,,,,,,,371.51052399992477,0.0006053999532014132,372.44472349993885,372.4451272999868,372.4597214999376,373.45973280002363,373.4430993000278,373.4435228999937,0.0004354999400675297,374.8781160999788,374.8795666999649,374.8934372999938,374.8934372999938,374.8934372999938,374.8934372999938,374.8934372999938,374.8934372999938,374.8934372999938,376.16079290001653,"[-0.288, -0.288, -0.288, -0.288, -0.288, -0.288, -0.288, -0.288, -0.288, -0.288, -0.288, -0.288, -0.288, -0.288, -0.288, -0.288, -0.288, -0.288, -0.288, -0.288, -0.288, -0.288, -0.288, -0.288, -0.288, -0.28, -0.272, -0.264, -0.256, -0.248, -0.24, -0.232, -0.224, -0.216, -0.208, -0.2, -0.2, -0.2, -0.2, -0.2, -0.2, -0.2, -0.2, -0.2, -0.2, -0.2, -0.2, -0.2, -0.2, -0.2, -0.2, -0.2, -0.2, -0.2, -0.208, -0.216, -0.224, -0.232, -0.24, -0.248, -0.256, -0.264, -0.272, -0.272, -0.272, -0.272, -0.272, -0.272, -0.272, -0.272, -0.272, -0.272, -0.272, -0.272, -0.272, -0.272, -0.272, -0.272]",None,None,"['right', 'left']","[0.3914972000056878, 0.8795015999348834]","[0.18403369991574436, 0.14400490000844002]",up,1.2635225999401882,None,376.1612003999762,376.17647139995825,376.4265001999447,376.4099950999953,376.41037840000354,376.4265001999447,376.4265001999447,377.4265063999919,377.4265063999919,377.410088500008,1,3,,,,,,,,,,,,,,,,,,,,,,,202603,,B,2026-07-22_11h27.17.442,valence_final_v2,2024.2.4,60,2026-07-22 11h27.28.654970 -0600,
19,19,0,5,2,curv_comp,171,0.5,-0.3,1.0,-0.276,curv,flat_curv,-0.2,0.2,0.3,rew,input_data/stims/Shape_0.50_1.00.png,input_data/stims/Shape_4.00_2.00.png,input_data/stims/Shape_0.00_2.00.png,1,-1,-1.0,-1.0,-1,None,,,up,1.0605289998929948,None,None,None,['right'],[0.7436673999764025],[1.1439013000344858],up,1.8875687000108883,None,1,0,1,0,0,19,19,11,377.4265063999919,,,,,,,,,,,,,,,,,377.4106880000327,0.0006019000429660082,378.39486070000567,378.3952507999493,378.40994339995086,379.40993460000027,379.3933796000201,379.39380930003244,0.00044059997890144587,380.677922999952,380.6791795999743,380.6932981000282,380.6932981000282,380.6932981000282,380.6932981000282,380.6932981000282,380.6932981000282,380.6932981000282,382.59459999995306,"[-0.276, -0.276, -0.276, -0.276, -0.276, -0.276, -0.276, -0.276, -0.276, -0.276, -0.276, -0.276, -0.276, -0.276, -0.276, -0.276, -0.276, -0.276, -0.276, -0.276, -0.276, -0.276, -0.276, -0.276, -0.276, -0.276, -0.276, -0.276, -0.276, -0.276, -0.276, -0.276, -0.276, -0.276, -0.276, -0.276, -0.276, -0.276, -0.276, -0.276, -0.276, -0.276, -0.276, -0.276, -0.276, -0.276, -0.268, -0.26, -0.252, -0.244, -0.236, -0.228, -0.22, -0.212, -0.204, -0.196, -0.188, -0.18, -0.172, -0.164, -0.156, -0.148, -0.14, -0.132, -0.124, -0.116, -0.108, -0.1, -0.092, -0.084, -0.076, -0.068, -0.06, -0.052, -0.044, -0.036, -0.028, -0.02, -0.012, -0.004, 0.004, 0.012, 0.02, 0.028, 0.036, 0.044, 0.052, 0.06, 0.068, 0.076, 0.084, 0.092, 0.1, 0.108, 0.116, 0.124, 0.132, 0.14, 0.148, 0.156, 0.164, 0.172, 0.18, 0.188, 0.196, 0.204, 0.212, 0.22, 0.228, 0.236, 0.244, 0.252, 0.26, 0.268, 0.276, 0.276]",None,None,['right'],[0.7436673999764025],[1.1439013000344858],up,1.8875687000108883,None,382.59498990001157,382.61005319992546,382.85950239992235,382.842985700001,382.84340210002847,382.85950239992235,382.85950239992235,383.86001499998383,383.86001499998383,383.8436399999773,1,3,,,,,,,,,,,,,,,,,,,,,,,202603,,B,2026-07-22_11h27.17.442,valence_final_v2,2024.2.4,60,2026-07-22 11h27.28.654970 -0600,
20,20,0,5,2,curv_comp,196,2.7,0.14,3.0,-0.356,flat,curv_flat,-0.2,-0.2,0.14,pen,input_data/stims/Shape_2.70_3.00.png,input_data/stims/Shape_0.00_2.00.png,input_data/stims/Shape_4.00_2.00.png,-1,1,-1.0,1.0,1,None,,,up,1.0605289998929948,None,None,None,"['right', 'right']","[0.4341252000303939, 0.8501148000359535]","[0.2560321999480948, 0.16806089994497597]",up,1.1221473000478,None,1,0,1,0,0,20,20,36,383.86001499998383,,,,,,,,,,,,,,,,,383.8443061999278,0.0006679999642074108,384.87906239996664,384.8796683999244,384.8934094000142,385.8933431999758,385.87687849998474,385.8772919999901,0.0004248999757692218,387.21177149994764,387.2130757999839,387.2268093000166,387.2268093000166,387.2268093000166,387.2268093000166,387.2268093000166,387.2268093000166,387.2268093000166,388.3603805999737,"[-0.356, -0.356, -0.356, -0.356, -0.356, -0.356, -0.356, -0.356, -0.356, -0.356, -0.356, -0.356, -0.356, -0.356, -0.356, -0.356, -0.356, -0.356, -0.356, -0.356, -0.356, -0.356, -0.356, -0.356, -0.356, -0.356, -0.356, -0.356, -0.348, -0.34, -0.332, -0.324, -0.316, -0.308, -0.3, -0.292, -0.284, -0.276, -0.268, -0.26, -0.252, -0.244, -0.236, -0.236, -0.236, -0.236, -0.236, -0.236, -0.236, -0.236, -0.236, -0.236, -0.236, -0.228, -0.22, -0.212, -0.204, -0.196, -0.188, -0.18, -0.172, -0.164, -0.156, -0.156, -0.156, -0.156, -0.156, -0.156, -0.156, -0.156]",None,None,"['right', 'right']","[0.4341252000303939, 0.8501148000359535]","[0.2560321999480948, 0.16806089994497597]",up,1.1221473000478,None,388.36076419998426,388.3764431999298,388.6264439999359,388.610081300023,388.6104642000282,388.6264439999359,,389.62608179997187,,389.6100793000078,1,1,388.6264439999359,389.62608179997187,,,,,,,,,,,,,,,,,,,,,202603,,B,2026-07-22_11h27.17.442,valence_final_v2,2024.2.4,60,2026-07-22 11h27.28.654970 -0600,
21,21,0,5,2,curv_comp,184,1.5,-0.1,1.0,-0.328,flat,curv_flat,-0.2,-0.2,-0.1,pen,input_data/stims/Shape_1.50_1.00.png,input_data/stims/Shape_0.00_2.00.png,input_data/stims/Shape_4.00_2.00.png,-1,1,-1.0,-1.0,1,None,,,up,1.0605289998929948,None,None,None,['right'],[0.6777442999882624],[0.16799069999251515],up,0.9017637999495491,None,1,0,1,0,0,21,21,24,389.62608179997187,,,,,,,,,,,,,,,,,389.6106830999488,0.000606900081038475,390.69513669994194,390.6958665000275,390.70988869993016,391.70950350002386,391.69337250001263,391.69381069997326,0.00044890004210174084,393.1278731999919,393.1291641999269,393.1432255000109,393.1432255000109,393.1432255000109,393.1432255000109,393.1432255000109,393.1432255000109,393.1432255000109,394.0605887999991,"[-0.328, -0.328, -0.328, -0.328, -0.328, -0.328, -0.328, -0.328, -0.328, -0.328, -0.328, -0.328, -0.328, -0.328, -0.328, -0.328, -0.328, -0.328, -0.328, -0.328, -0.328, -0.328, -0.328, -0.328, -0.328, -0.328, -0.328, -0.328, -0.328, -0.328, -0.328, -0.328, -0.328, -0.328, -0.328, -0.328, -0.328, -0.328, -0.328, -0.328, -0.328, -0.328, -0.32, -0.312, -0.304, -0.296, -0.288, -0.28, -0.272, -0.264, -0.256, -0.248, -0.248, -0.248, -0.248, -0.248, -0.248]",None,None,['right'],[0.6777442999882624],[0.16799069999251515],up,0.9017637999495491,None,394.0609613999259,394.076602099929,394.3266039999435,394.30969339993317,394.31007889995817,394.3266039999435,,395.3262426999863,,395.31028720003087,0,-3,,,,,394.3266039999435,395.3262426999863,,,,,,,,,,,,,,,,,202603,,B,2026-07-22_11h27.17.442,valence_final_v2,2024.2.4,60,2026-07-22 11h27.28.654970 -0600,
22,22,0,5,2,curv_comp,180,1.1,-0.18,3.0,0.4,flat,curv_flat,-0.2,-0.2,-0.18,pen,input_data/stims/Shape_1.10_3.00.png,input_data/stims/Shape_0.00_2.00.png,input_data/stims/Shape_4.00_2.00.png,-1,1,1.0,1.0,1,None,,,up,1.0605289998929948,None,None,None,['left'],[0.6776280999183655],[1.2640204000053927],up,2.0936114999931306,None,1,0,1,0,0,22,22,20,395.3262426999863,,,,,,,,,,,,,,,,,395.3109004999278,0.0006148000247776508,396.1953835999593,396.19597909995355,396.21008310001343,397.2096340999706,397.1934886999661,397.1939102000324,0.00043240003287792206,398.5282389000058,398.5296202999307,398.5433605000144,398.5433605000144,398.5433605000144,398.5433605000144,398.5433605000144,398.5433605000144,398.5433605000144,400.64443049998954,"[0.4, 0.4, 0.4, 0.4, 0.4, 0.4, 0.4, 0.4, 0.4, 0.4, 0.4, 0.4, 0.4, 0.4, 0.4, 0.4, 0.4, 0.4, 0.4, 0.4, 0.4, 0.4, 0.4, 0.4, 0.4, 0.4, 0.4, 0.4, 0.4, 0.4, 0.4, 0.4, 0.4, 0.4, 0.4, 0.4, 0.4, 0.4, 0.4, 0.4, 0.4, 0.4, 0.392, 0.384, 0.376, 0.368, 0.36, 0.352, 0.344, 0.336, 0.328, 0.32, 0.312, 0.304, 0.296, 0.288, 0.28, 0.272, 0.264, 0.256, 0.248, 0.24, 0.232, 0.224, 0.216, 0.208, 0.2, 0.192, 0.184, 0.176, 0.168, 0.16, 0.152, 0.144, 0.136, 0.128, 0.12, 0.112, 0.104, 0.096, 0.088, 0.08, 0.072, 0.064, 0.056, 0.048, 0.04, 0.032, 0.024, 0.016, 0.008, 0.0, -0.008, -0.016, -0.024, -0.032, -0.04, -0.048, -0.056, -0.064, -0.072, -0.08, -0.088, -0.096, -0.104, -0.112, -0.12, -0.128, -0.136, -0.144, -0.152, -0.16, -0.168, -0.176, -0.184, -0.192, -0.2, -0.208, -0.208, -0.208, -0.208, -0.208, -0.208, -0.208, -0.208, -0.208, -0.208, -0.208]",None,None,['left'],[0.6776280999183655],[1.2640204000053927],up,2.0936114999931306,None,400.6448467000155,400.6597305999603,400.9102192999562,400.8932083999971,400.8936134999385,400.9102192999562,,401.90977060003206,,401.893730300013,0,-3,,,,,400.9102192999562,401.90977060003206,,,,,,,,,,,,,,,,,202603,,B,2026-07-22_11h27.17.442,valence_final_v2,2024.2.4,60,2026-07-22 11h27.28.654970 -0600,
23,23,0,5,2,curv_comp,167,0.3,-0.34,3.0,-0.216,curv,flat_curv,-0.2,0.2,0.34,rew,input_data/stims/Shape_0.30_3.00.png,input_data/stims/Shape_4.00_2.00.png,input_data/stims/Shape_0.00_2.00.png,1,-1,-1.0,1.0,-1,None,,,up,1.0605289998929948,None,None,None,"['left', 'right', 'left']","[0.4075185999972746, 0.8235858998959884, 2.2796562999719754]","[0.3120739998994395, 1.207930100033991, 0.1362927999580279]",up,2.6315128999995068,None,1,0,1,0,0,23,23,7,401.90977060003206,,,,,,,,,,,,,,,,,401.89433579996694,0.0006096001015976071,402.97846479993314,402.9792578999186,402.99354569998104,403.9931654999964,403.9768294999376,403.97725450003054,0.00043779995758086443,405.4609804999782,405.46220980002545,405.4773446000181,405.4773446000181,405.4773446000181,405.4773446000181,405.4773446000181,405.4773446000181,405.4773446000181,408.11132979998365,"[-0.216, -0.216, -0.216, -0.216, -0.216, -0.216, -0.216, -0.216, -0.216, -0.216, -0.216, -0.216, -0.216, -0.216, -0.216, -0.216, -0.216, -0.216, -0.216, -0.216, -0.216, -0.216, -0.216, -0.216, -0.216, -0.216, -0.224, -0.232, -0.24, -0.248, -0.256, -0.264, -0.272, -0.28, -0.288, -0.296, -0.304, -0.312, -0.32, -0.328, -0.336, -0.344, -0.352, -0.36, -0.368, -0.368, -0.368, -0.368, -0.368, -0.368, -0.368, -0.36, -0.352, -0.344, -0.336, -0.328, -0.32, -0.312, -0.304, -0.296, -0.288, -0.28, -0.272, -0.264, -0.256, -0.248, -0.24, -0.232, -0.224, -0.216, -0.208, -0.2, -0.192, -0.184, -0.176, -0.168, -0.16, -0.152, -0.144, -0.136, -0.128, -0.12, -0.112, -0.104, -0.096, -0.088, -0.08, -0.072, -0.064, -0.056, -0.048, -0.04, -0.032, -0.024, -0.016, -0.008, 0.0, 0.008, 0.016, 0.024, 0.032, 0.04, 0.048, 0.056, 0.064, 0.072, 0.08, 0.088, 0.096, 0.104, 0.112, 0.12, 0.128, 0.136, 0.144, 0.152, 0.16, 0.168, 0.176, 0.184, 0.192, 0.2, 0.208, 0.208, 0.208, 0.208, 0.208, 0.208, 0.208, 0.208, 0.208, 0.208, 0.208, 0.208, 0.208, 0.208, 0.208, 0.208, 0.2, 0.192, 0.184, 0.176, 0.168, 0.16, 0.152, 0.144, 0.144, 0.144, 0.144, 0.144, 0.144, 0.144, 0.144, 0.144, 0.144, 0.144, 0.144, 0.144, 0.144, 0.144]",None,None,"['left', 'right', 'left']","[0.4075185999972746, 0.8235858998959884, 2.2796562999719754]","[0.3120739998994395, 1.207930100033991, 0.1362927999580279]",up,2.6315128999995068,None,408.1117490999168,408.12661379994825,408.3770166999893,408.36010079993866,408.3604854999576,408.3770166999893,,409.37675739999395,,409.36015289998613,0,-1,,,408.3770166999893,409.37675739999395,,,,,,,,,,,,,,,,,,,202603,,B,2026-07-22_11h27.17.442,valence_final_v2,2024.2.4,60,2026-07-22 11h27.28.654970 -0600,
24,24,0,5,2,curv_comp,165,0.3,-0.34,1.0,-0.216,curv,flat_curv,-0.2,0.2,0.34,rew,input_data/stims/Shape_0.30_1.00.png,input_data/stims/Shape_4.00_2.00.png,input_data/stims/Shape_0.00_2.00.png,1,-1,-1.0,-1.0,-1,None,,,up,1.0605289998929948,None,None,None,['right'],[0.37559609999880195],[0.9118288999889046],up,1.367485599941574,None,1,0,1,0,0,24,24,5,409.37675739999395,,,,,,,,,,,,,,,,,409.3607398000313,0.0005894999485462904,410.296166599961,410.2968484000303,410.31041059992276,411.31003449996933,411.2938905999763,411.29431219992694,0.0004323000321164727,412.6780142999487,412.6792431999929,412.6934165999992,412.6934165999992,412.6934165999992,412.6934165999992,412.6934165999992,412.6934165999992,412.6934165999992,414.0781428000191,"[-0.216, -0.216, -0.216, -0.216, -0.216, -0.216, -0.216, -0.216, -0.216, -0.216, -0.216, -0.216, -0.216, -0.216, -0.216, -0.216, -0.216, -0.216, -0.216, -0.216, -0.216, -0.216, -0.216, -0.216, -0.208, -0.2, -0.192, -0.184, -0.176, -0.168, -0.16, -0.152, -0.144, -0.136, -0.128, -0.12, -0.112, -0.104, -0.096, -0.088, -0.08, -0.072, -0.064, -0.056, -0.048, -0.04, -0.032, -0.024, -0.016, -0.008, 0.0, 0.008, 0.016, 0.024, 0.032, 0.04, 0.048, 0.056, 0.064, 0.072, 0.08, 0.088, 0.096, 0.104, 0.112, 0.12, 0.128, 0.136, 0.144, 0.152, 0.16, 0.168, 0.176, 0.184, 0.192, 0.2, 0.208, 0.216, 0.224, 0.224, 0.224, 0.224, 0.224, 0.224, 0.224]",None,None,['right'],[0.37559609999880195],[0.9118288999889046],up,1.367485599941574,None,414.07853109994903,414.093437399948,414.3437994000269,414.3269336000085,414.32732749998104,414.3437994000269,414.3437994000269,415.34350720001385,415.34350720001385,415.32698409992736,1,3,,,,,,,,,,,,,,,,,,,,,,,202603,,B,2026-07-22_11h27.17.442,valence_final_v2,2024.2.4,60,2026-07-22 11h27.28.654970 -0600,
25,25,0,5,2,curv_comp,175,0.7,-0.26,3.0,0.364,curv,flat_curv,-0.2,0.2,0.26,rew,input_data/stims/Shape_0.70_3.00.png,input_data/stims/Shape_4.00_2.00.png,input_data/stims/Shape_0.00_2.00.png,1,-1,1.0,1.0,-1,None,,,up,1.0605289998929948,None,None,None,['left'],[0.5079723000526428],[0.1519251000136137],up,1.1799040000187233,None,1,0,1,0,0,25,25,15,415.34350720001385,,,,,,,,,,,,,,,,,415.3276165999705,0.0006375000812113285,416.2617604000261,416.2625466999598,416.27761009999085,417.2775966000045,417.26107799995225,417.2614999000216,0.00043409992940723896,418.7457041000016,418.7474054999184,418.76106169994455,418.76106169994455,418.76106169994455,418.76106169994455,418.76106169994455,418.76106169994455,418.76106169994455,419.9453317000298,"[0.364, 0.364, 0.364, 0.364, 0.364, 0.364, 0.364, 0.364, 0.364, 0.364, 0.364, 0.364, 0.364, 0.364, 0.364, 0.364, 0.364, 0.364, 0.364, 0.364, 0.364, 0.364, 0.364, 0.364, 0.364, 0.364, 0.364, 0.364, 0.364, 0.364, 0.364, 0.364, 0.356, 0.348, 0.34, 0.332, 0.324, 0.316, 0.308, 0.3, 0.292, 0.292, 0.292, 0.292, 0.292, 0.292, 0.292, 0.292, 0.292, 0.292, 0.292, 0.292, 0.292, 0.292, 0.292, 0.292, 0.292, 0.292, 0.292, 0.292, 0.292, 0.292, 0.292, 0.292, 0.292, 0.292, 0.292, 0.292, 0.292, 0.292, 0.292, 0.292, 0.292]",None,None,['left'],[0.5079723000526428],[0.1519251000136137],up,1.1799040000187233,None,419.9457115000114,419.96104189998005,420.2111491999822,420.19451449997723,420.1949006000068,420.2111491999822,420.2111491999822,421.21115520002786,421.21115520002786,421.19458529993426,1,3,,,,,,,,,,,,,,,,,,,,,,,202603,,B,2026-07-22_11h27.17.442,valence_final_v2,2024.2.4,60,2026-07-22 11h27.28.654970 -0600,
26,26,0,5,2,curv_comp,161,0.1,-0.38,1.0,-0.204,curv,flat_curv,-0.2,0.2,0.38,rew,input_data/stims/Shape_0.10_1.00.png,input_data/stims/Shape_4.00_2.00.png,input_data/stims/Shape_0.00_2.00.png,1,-1,-1.0,-1.0,-1,None,,,up,1.0605289998929948,None,None,None,['right'],[0.4007664999226108],[0.9762265000026673],up,1.3769929999252781,None,1,0,1,0,0,26,26,1,421.21115520002786,,,,,,,,,,,,,,,,,421.19519769994076,0.0006157000316306949,422.1787475999445,422.1791317999596,422.19447410001885,423.1944448000286,423.1779886999866,423.1784747999627,0.0004986000712960958,424.61366759997327,424.61534959997516,424.62822359998245,424.62822359998245,424.62822359998245,424.62822359998245,424.62822359998245,424.62822359998245,424.62822359998245,426.01253149996046,"[-0.204, -0.204, -0.204, -0.204, -0.204, -0.204, -0.204, -0.204, -0.204, -0.204, -0.204, -0.204, -0.204, -0.204, -0.204, -0.204, -0.204, -0.204, -0.204, -0.204, -0.204, -0.204, -0.204, -0.204, -0.204, -0.204, -0.196, -0.188, -0.18, -0.172, -0.164, -0.156, -0.148, -0.14, -0.132, -0.124, -0.116, -0.108, -0.1, -0.092, -0.084, -0.076, -0.068, -0.06, -0.052, -0.044, -0.036, -0.028, -0.02, -0.012, -0.004, 0.004, 0.012, 0.02, 0.028, 0.036, 0.044, 0.052, 0.06, 0.068, 0.076, 0.084, 0.092, 0.1, 0.108, 0.116, 0.124, 0.132, 0.14, 0.148, 0.156, 0.164, 0.172, 0.18, 0.188, 0.196, 0.204, 0.212, 0.22, 0.228, 0.236, 0.244, 0.252, 0.26, 0.26]",None,None,['right'],[0.4007664999226108],[0.9762265000026673],up,1.3769929999252781,None,426.0129258999368,426.0279144999804,426.27790270000696,426.2613893999951,426.2617725000018,426.27790270000696,426.27790270000696,427.27794149995316,427.27794149995316,427.2613517999416,1,3,,,,,,,,,,,,,,,,,,,,,,,202603,,B,2026-07-22_11h27.17.442,valence_final_v2,2024.2.4,60,2026-07-22 11h27.28.654970 -0600,
27,27,0,5,2,curv_comp,182,1.3,-0.14,3.0,0.384,flat,curv_flat,-0.2,-0.2,-0.14,pen,input_data/stims/Shape_1.30_3.00.png,input_data/stims/Shape_0.00_2.00.png,input_data/stims/Shape_4.00_2.00.png,-1,1,1.0,1.0,1,None,,,up,1.0605289998929948,None,None,None,"['right', 'left']","[0.48032560001593083, 0.8323779000202194]","[0.3200564000289887, None]",up,2.2164814000716433,None,1,0,1,0,0,27,27,22,427.27794149995316,,,,,,,,,,,,,,,,,427.2619517999701,0.0006029000505805016,428.14611969992984,428.1465976999607,428.16126969992183,429.16132009995636,429.14472179999575,429.14514529996086,0.00044510001316666603,430.62957160000224,430.63092309993226,430.6446198999183,430.6446198999183,430.6446198999183,430.6446198999183,430.6446198999183,430.6446198999183,430.6446198999183,432.86208919994533,"[0.384, 0.384, 0.384, 0.384, 0.384, 0.384, 0.384, 0.384, 0.384, 0.384, 0.384, 0.384, 0.384, 0.384, 0.384, 0.384, 0.384, 0.384, 0.384, 0.384, 0.384, 0.384, 0.384, 0.384, 0.384, 0.384, 0.384, 0.384, 0.384, 0.384, 0.392, 0.4, 0.4, 0.4, 0.4, 0.4, 0.4, 0.4, 0.4, 0.4, 0.4, 0.4, 0.4, 0.4, 0.4, 0.4, 0.4, 0.4, 0.4, 0.4, 0.4, 0.392, 0.384, 0.376, 0.368, 0.36, 0.352, 0.344, 0.336, 0.328, 0.32, 0.312, 0.304, 0.296, 0.288, 0.28, 0.272, 0.264, 0.256, 0.248, 0.24, 0.232, 0.224, 0.216, 0.208, 0.2, 0.192, 0.184, 0.176, 0.168, 0.16, 0.152, 0.144, 0.136, 0.128, 0.12, 0.112, 0.104, 0.096, 0.088, 0.08, 0.072, 0.064, 0.056, 0.048, 0.04, 0.032, 0.024, 0.016, 0.008, 0.0, -0.008, -0.016, -0.024, -0.032, -0.04, -0.048, -0.056, -0.064, -0.072, -0.08, -0.088, -0.096, -0.104, -0.112, -0.12, -0.128, -0.136, -0.144, -0.152, -0.16, -0.168, -0.176, -0.184, -0.192, -0.2, -0.208, -0.216, -0.224, -0.232, -0.24, -0.248, -0.256, -0.264, -0.272]",None,None,"['right', 'left']","[0.48032560001593083, 0.8323779000202194]","[0.3200564000289887, None]",up,2.2164814000716433,None,432.8624711999437,432.8772298999829,433.1271908999188,433.1107047999976,433.11109249992296,433.1271908999188,,434.12720599991735,,434.11077609995846,0,-3,,,,,433.1271908999188,434.12720599991735,,,,,,,,,,,,,,,,,202603,,B,2026-07-22_11h27.17.442,valence_final_v2,2024.2.4,60,2026-07-22 11h27.28.654970 -0600,
28,28,0,5,2,curv_comp,188,1.9,-0.02,3.0,-0.196,flat,curv_flat,-0.2,-0.2,-0.02,pen,input_data/stims/Shape_1.90_3.00.png,input_data/stims/Shape_0.00_2.00.png,input_data/stims/Shape_4.00_2.00.png,-1,1,1.0,1.0,1,None,,,up,1.0605289998929948,None,None,None,['right'],[0.371094899950549],[1.1998594000469893],up,1.6511254999786615,None,1,0,1,0,0,28,28,28,434.12720599991735,,,,,,,,,,,,,,,,,434.11139089998323,0.0006181999342516065,434.99572569993325,434.996117600007,435.0105728999479,436.01060009992216,435.9940566000296,435.9944811000023,0.00043599994387477636,437.3795085999882,437.3807279999601,437.3939734000014,437.3939734000014,437.3939734000014,437.3939734000014,437.3939734000014,437.3939734000014,437.3939734000014,439.0617560999235,"[-0.196, -0.196, -0.196, -0.196, -0.196, -0.196, -0.196, -0.196, -0.196, -0.196, -0.196, -0.196, -0.196, -0.196, -0.196, -0.196, -0.196, -0.196, -0.196, -0.196, -0.196, -0.196, -0.196, -0.196, -0.188, -0.18, -0.172, -0.164, -0.156, -0.148, -0.14, -0.132, -0.124, -0.116, -0.108, -0.1, -0.092, -0.084, -0.076, -0.068, -0.06, -0.052, -0.044, -0.036, -0.028, -0.02, -0.012, -0.004, 0.004, 0.012, 0.02, 0.028, 0.036, 0.044, 0.052, 0.06, 0.068, 0.076, 0.084, 0.092, 0.1, 0.108, 0.116, 0.124, 0.132, 0.14, 0.148, 0.156, 0.164, 0.172, 0.18, 0.188, 0.196, 0.204, 0.212, 0.22, 0.228, 0.236, 0.244, 0.252, 0.26, 0.268, 0.276, 0.284, 0.292, 0.3, 0.308, 0.316, 0.324, 0.332, 0.34, 0.348, 0.356, 0.364, 0.372, 0.38, 0.38, 0.38, 0.38, 0.38, 0.38, 0.38]",None,None,['right'],[0.371094899950549],[1.1998594000469893],up,1.6511254999786615,None,439.0621615999844,439.07738699996844,439.3273494000314,439.3108880999498,439.31127509998623,439.3273494000314,,440.3273946000263,,440.3109304999234,1,1,439.3273494000314,440.3273946000263,,,,,,,,,,,,,,,,,,,,,202603,,B,2026-07-22_11h27.17.442,valence_final_v2,2024.2.4,60,2026-07-22 11h27.28.654970 -0600,
29,29,0,5,2,curv_comp,179,0.9,-0.22,3.0,-0.376,curv,flat_curv,-0.2,0.2,0.22,rew,input_data/stims/Shape_0.90_3.00.png,input_data/stims/Shape_4.00_2.00.png,input_data/stims/Shape_0.00_2.00.png,1,-1,-1.0,1.0,-1,None,,,up,1.0605289998929948,None,None,None,['right'],[0.6389153000200167],[None],up,2.1588396000443026,None,1,0,1,0,0,29,29,19,440.3273946000263,,,,,,,,,,,,,,,,,440.3115373000037,0.0006121000042185187,441.39566919999197,441.3960704000201,441.4107585999882,442.41077580000274,442.39429620001465,442.39471949997824,0.00043350004125386477,443.8787279999815,443.8799561000196,443.89415830001235,443.89415830001235,443.89415830001235,443.89415830001235,443.89415830001235,443.89415830001235,443.89415830001235,446.0624011999462,"[-0.376, -0.376, -0.376, -0.376, -0.376, -0.376, -0.376, -0.376, -0.376, -0.376, -0.376, -0.376, -0.376, -0.376, -0.376, -0.376, -0.376, -0.376, -0.376, -0.376, -0.376, -0.376, -0.376, -0.376, -0.376, -0.376, -0.376, -0.376, -0.376, -0.376, -0.376, -0.376, -0.376, -0.376, -0.376, -0.376, -0.376, -0.376, -0.376, -0.376, -0.368, -0.36, -0.352, -0.344, -0.336, -0.328, -0.32, -0.312, -0.304, -0.296, -0.288, -0.28, -0.272, -0.264, -0.256, -0.248, -0.24, -0.232, -0.224, -0.216, -0.208, -0.2, -0.192, -0.184, -0.176, -0.168, -0.16, -0.152, -0.144, -0.136, -0.128, -0.12, -0.112, -0.104, -0.096, -0.088, -0.08, -0.072, -0.064, -0.056, -0.048, -0.04, -0.032, -0.024, -0.016, -0.008, 0.0, 0.008, 0.016, 0.024, 0.032, 0.04, 0.048, 0.056, 0.064, 0.072, 0.08, 0.088, 0.096, 0.104, 0.112, 0.12, 0.128, 0.136, 0.144, 0.152, 0.16, 0.168, 0.176, 0.184, 0.192, 0.2, 0.208, 0.216, 0.224, 0.232, 0.24, 0.248, 0.256, 0.264, 0.272, 0.28, 0.288, 0.296, 0.304, 0.312, 0.32, 0.328, 0.336, 0.344, 0.352, 0.36]",None,None,['right'],[0.6389153000200167],[None],up,2.1588396000443026,None,446.0628435999388,446.07755719998386,446.32757089997176,446.3110772999935,446.3114688999485,446.32757089997176,446.32757089997176,447.327577500022,447.327577500022,447.3111315999413,1,3,,,,,,,,,,,,,,,,,,,,,,,202603,,B,2026-07-22_11h27.17.442,valence_final_v2,2024.2.4,60,2026-07-22 11h27.28.654970 -0600,
30,30,0,5,2,curv_comp,190,2.1,0.02,3.0,0.388,flat,curv_flat,-0.2,-0.2,0.02,pen,input_data/stims/Shape_2.10_3.00.png,input_data/stims/Shape_0.00_2.00.png,input_data/stims/Shape_4.00_2.00.png,-1,1,1.0,1.0,1,None,,,up,1.0605289998929948,None,None,None,"['right', 'left', 'right']","[0.5486558000557125, 0.9726606999756768, 2.076654199976474]","[0.36800559994298965, 1.1039935000007972, None]",None,,,1,0,1,0,0,30,30,30,447.327577500022,,,,,,,,,,,,,,,,,447.31174409994856,0.0006159000331535935,448.29610899998806,448.2966653999174,448.3109504999593,449.3109618999297,449.29444079997484,449.29486189992167,0.0004325000336393714,450.7287856999319,450.7300178000005,450.7443600000115,450.7443600000115,450.7443600000115,450.7443600000115,450.7443600000115,450.7443600000115,450.7443600000115,453.7289211000316,"[0.388, 0.388, 0.388, 0.388, 0.388, 0.388, 0.388, 0.388, 0.388, 0.388, 0.388, 0.388, 0.388, 0.388, 0.388, 0.388, 0.388, 0.388, 0.388, 0.388, 0.388, 0.388, 0.388, 0.388, 0.388, 0.388, 0.388, 0.388, 0.388, 0.388, 0.388, 0.388, 0.388, 0.388, 0.396, 0.396, 0.396, 0.396, 0.396, 0.396, 0.396, 0.396, 0.396, 0.396, 0.396, 0.396, 0.396, 0.396, 0.396, 0.396, 0.396, 0.396, 0.396, 0.396, 0.396, 0.396, 0.396, 0.396, 0.396, 0.396, 0.388, 0.38, 0.372, 0.364, 0.356, 0.348, 0.34, 0.332, 0.324, 0.316, 0.308, 0.3, 0.292, 0.284, 0.276, 0.268, 0.26, 0.252, 0.244, 0.236, 0.228, 0.22, 0.212, 0.204, 0.196, 0.188, 0.18, 0.172, 0.164, 0.156, 0.148, 0.14, 0.132, 0.124, 0.116, 0.108, 0.1, 0.092, 0.084, 0.076, 0.068, 0.06, 0.052, 0.044, 0.036, 0.028, 0.02, 0.012, 0.004, -0.004, -0.012, -0.02, -0.028, -0.036, -0.044, -0.052, -0.06, -0.068, -0.076, -0.084, -0.092, -0.1, -0.108, -0.116, -0.124, -0.132, -0.124, -0.116, -0.108, -0.1, -0.092, -0.084, -0.076, -0.068, -0.06, -0.052, -0.044, -0.036, -0.028, -0.02, -0.012, -0.004, 0.004, 0.012, 0.02, 0.028, 0.036, 0.044, 0.052, 0.06, 0.068, 0.076, 0.084, 0.092, 0.1, 0.108, 0.116, 0.124, 0.132, 0.14, 0.148, 0.156, 0.164, 0.172, 0.18, 0.188, 0.196, 0.204, 0.212, 0.22, 0.228, 0.236, 0.244, 0.252, 0.26, 0.268, 0.276, 0.284, 0.292, 0.3, 0.308]",None,None,"['right', 'left', 'right']","[0.5486558000557125, 0.9726606999756768, 2.076654199976474]","[0.36800559994298965, 1.1039935000007972, None]",None,,,453.72948470001575,453.74443359998986,453.99443750001956,453.97796129994094,453.9818810999859,453.99443750001956,,454.99446209997404,,454.9780308000045,0,-3,,,,,453.99443750001956,454.99446209997404,,,,,,,,,,453.74443359998986,453.74443359998986,453.74443359998986,453.74443359998986,453.74443359998986,453.74443359998986,453.74443359998986,202603,,B,2026-07-22_11h27.17.442,valence_final_v2,2024.2.4,60,2026-07-22 11h27.28.654970 -0600,
31,31,0,5,2,curv_comp,181,1.1,-0.18,1.0,-0.32,flat,flat_curv,-0.2,0.2,0.18,pen,input_data/stims/Shape_1.10_1.00.png,input_data/stims/Shape_4.00_2.00.png,input_data/stims/Shape_0.00_2.00.png,-1,-1,-1.0,-1.0,1,None,,,up,1.0605289998929948,None,None,None,['right'],[0.3498138999566436],[None],up,1.573713699937798,None,1,0,1,0,0,31,31,21,454.99446209997404,,,,,,,,,,,,,,,,,454.9786687999731,0.0006363000720739365,455.96268609992694,455.9630940000061,455.97783500002697,456.9778471000027,456.9613975000102,456.9618246000027,0.00043869996443390846,458.2958133999491,458.2974767999258,458.31124379998073,458.31124379998073,458.31124379998073,458.31124379998073,458.31124379998073,458.31124379998073,458.31124379998073,459.8960499999812,"[-0.32, -0.32, -0.32, -0.32, -0.32, -0.32, -0.32, -0.32, -0.32, -0.32, -0.32, -0.32, -0.32, -0.32, -0.32, -0.32, -0.32, -0.32, -0.32, -0.32, -0.32, -0.32, -0.312, -0.304, -0.296, -0.288, -0.28, -0.272, -0.264, -0.256, -0.248, -0.24, -0.232, -0.224, -0.216, -0.208, -0.2, -0.192, -0.184, -0.176, -0.168, -0.16, -0.152, -0.144, -0.136, -0.128, -0.12, -0.112, -0.104, -0.096, -0.088, -0.08, -0.072, -0.064, -0.056, -0.048, -0.04, -0.032, -0.024, -0.016, -0.008, 0.0, 0.008, 0.016, 0.024, 0.032, 0.04, 0.048, 0.056, 0.064, 0.072, 0.08, 0.088, 0.096, 0.104, 0.112, 0.12, 0.128, 0.136, 0.144, 0.152, 0.16, 0.168, 0.176, 0.184, 0.192, 0.2, 0.208, 0.216, 0.224, 0.232, 0.24, 0.248, 0.256, 0.264, 0.272, 0.28]",None,None,['right'],[0.3498138999566436],[None],up,1.573713699937798,None,459.89641799998935,459.9112769999774,460.1613070999738,460.14482609997503,460.14568479999434,460.1613070999738,,461.1613056999631,,461.144988099928,0,-3,,,,,460.1613070999738,461.1613056999631,,,,,,,,,,,,,,,,,202603,,B,2026-07-22_11h27.17.442,valence_final_v2,2024.2.4,60,2026-07-22 11h27.28.654970 -0600,
32,32,0,5,2,curv_comp,172,0.7,-0.26,1.0,0.148,curv,curv_flat,-0.2,-0.2,-0.26,rew,input_data/stims/Shape_0.70_1.00.png,input_data/stims/Shape_0.00_2.00.png,input_data/stims/Shape_4.00_2.00.png,1,1,1.0,-1.0,-1,None,,,up,1.0605289998929948,None,None,None,"['left', 'left']","[0.570920400088653, 0.7069481000071391]","[0.0720602999208495, 0.8719009000342339]",up,1.578849000041373,None,1,0,1,0,0,32,32,12,461.1613056999631,,,,,,,,,,,,,,,,,461.1456017999444,0.0006161000346764922,462.1298643000191,462.1302628000267,462.14467960002366,463.1447085000109,463.1282379999757,463.1286640999606,0.0004388000816106796,464.5629295000108,464.56461989996023,464.57807029993273,464.57807029993273,464.57807029993273,464.57807029993273,464.57807029993273,464.57807029993273,464.57807029993273,466.16273590002675,"[0.148, 0.148, 0.148, 0.148, 0.148, 0.148, 0.148, 0.148, 0.148, 0.148, 0.148, 0.148, 0.148, 0.148, 0.148, 0.148, 0.148, 0.148, 0.148, 0.148, 0.148, 0.148, 0.148, 0.148, 0.148, 0.148, 0.148, 0.148, 0.148, 0.148, 0.148, 0.148, 0.148, 0.148, 0.148, 0.148, 0.14, 0.132, 0.124, 0.116, 0.116, 0.116, 0.116, 0.116, 0.108, 0.1, 0.092, 0.084, 0.076, 0.068, 0.06, 0.052, 0.044, 0.036, 0.028, 0.02, 0.012, 0.004, -0.004, -0.012, -0.02, -0.028, -0.036, -0.044, -0.052, -0.06, -0.068, -0.076, -0.084, -0.092, -0.1, -0.108, -0.116, -0.124, -0.132, -0.14, -0.148, -0.156, -0.164, -0.172, -0.18, -0.188, -0.196, -0.204, -0.212, -0.22, -0.228, -0.236, -0.244, -0.252, -0.26, -0.268, -0.276, -0.284, -0.292, -0.3, -0.3]",None,None,"['left', 'left']","[0.570920400088653, 0.7069481000071391]","[0.0720602999208495, 0.8719009000342339]",up,1.578849000041373,None,466.16313230001833,466.1781466000248,466.42813239991665,466.4116936000064,466.4120730999857,466.42813239991665,466.42813239991665,467.4281806999352,467.4281806999352,467.4117644999642,1,3,,,,,,,,,,,,,,,,,,,,,,,202603,,B,2026-07-22_11h27.17.442,valence_final_v2,2024.2.4,60,2026-07-22 11h27.28.654970 -0600,
33,33,0,5,2,curv_comp,185,1.5,-0.1,3.0,-0.06,flat,flat_curv,-0.2,0.2,0.1,pen,input_data/stims/Shape_1.50_3.00.png,input_data/stims/Shape_4.00_2.00.png,input_data/stims/Shape_0.00_2.00.png,-1,-1,-1.0,1.0,1,None,,,up,1.0605289998929948,None,None,None,['left'],[0.6332808999577537],[0.6398626000154763],up,1.377169999992475,None,1,0,1,0,0,33,33,25,467.4281806999352,,,,,,,,,,,,,,,,,467.41238430002704,0.000624899985268712,468.49593059998006,468.4963361999253,468.51165340002626,469.51165879995096,469.4951275999192,469.4955571999308,0.00044219999108463526,470.780664699967,470.7821777999634,470.7958725999342,470.7958725999342,470.7958725999342,470.7958725999342,470.7958725999342,470.7958725999342,470.7958725999342,472.1802051999839,"[-0.06, -0.06, -0.06, -0.06, -0.06, -0.06, -0.06, -0.06, -0.06, -0.06, -0.06, -0.06, -0.06, -0.06, -0.06, -0.06, -0.06, -0.06, -0.06, -0.06, -0.06, -0.06, -0.06, -0.06, -0.06, -0.06, -0.06, -0.06, -0.06, -0.06, -0.06, -0.06, -0.06, -0.06, -0.06, -0.06, -0.06, -0.06, -0.06, -0.06, -0.068, -0.076, -0.084, -0.092, -0.1, -0.108, -0.116, -0.124, -0.132, -0.14, -0.148, -0.156, -0.164, -0.172, -0.18, -0.188, -0.196, -0.204, -0.212, -0.22, -0.228, -0.236, -0.244, -0.252, -0.26, -0.268, -0.276, -0.284, -0.292, -0.3, -0.308, -0.316, -0.324, -0.332, -0.34, -0.348, -0.356, -0.364, -0.364, -0.364, -0.364, -0.364, -0.364, -0.364, -0.364]",None,None,['left'],[0.6332808999577537],[0.6398626000154763],up,1.377169999992475,None,472.1805815999396,472.1959043999668,472.44587789999787,472.4286276999628,472.4290145999985,472.44587789999787,,473.4459191999631,,473.4293932999717,1,1,472.44587789999787,473.4459191999631,,,,,,,,,,,,,,,,,,,,,202603,,B,2026-07-22_11h27.17.442,valence_final_v2,2024.2.4,60,2026-07-22 11h27.28.654970 -0600,
34,34,0,5,2,curv_comp,186,1.7,-0.06,1.0,-0.288,flat,curv_flat,-0.2,-0.2,-0.06,pen,input_data/stims/Shape_1.70_1.00.png,input_data/stims/Shape_0.00_2.00.png,input_data/stims/Shape_4.00_2.00.png,-1,1,-1.0,-1.0,1,None,,,up,1.0605289998929948,None,None,None,"['right', 'left', 'right', 'left']","[0.16199159994721413, 0.5379655999131501, 1.1540268999524415, 1.5859869999112561]","[0.40794990002177656, 0.5120248000603169, 0.4639109999407083, None]",up,1.8739806999219581,None,1,0,1,0,0,34,34,26,473.4459191999631,,,,,,,,,,,,,,,,,473.43001519993413,0.0006241999799385667,474.31403879995923,474.3144414999988,474.3292767999228,475.32931469997857,475.3128168999683,475.31325769994874,0.00045190006494522095,476.74821029999293,476.749776499928,476.763040299993,476.763040299993,476.763040299993,476.763040299993,476.763040299993,476.763040299993,476.763040299993,478.6465431000106,"[-0.288, -0.288, -0.288, -0.288, -0.288, -0.288, -0.288, -0.288, -0.288, -0.288, -0.288, -0.28, -0.272, -0.264, -0.256, -0.248, -0.24, -0.232, -0.224, -0.216, -0.208, -0.2, -0.192, -0.184, -0.176, -0.168, -0.16, -0.152, -0.144, -0.136, -0.128, -0.12, -0.112, -0.104, -0.104, -0.104, -0.112, -0.12, -0.128, -0.136, -0.144, -0.152, -0.16, -0.168, -0.176, -0.184, -0.192, -0.2, -0.208, -0.216, -0.224, -0.232, -0.24, -0.248, -0.256, -0.264, -0.272, -0.28, -0.288, -0.296, -0.304, -0.312, -0.32, -0.328, -0.336, -0.336, -0.336, -0.336, -0.336, -0.336, -0.336, -0.328, -0.32, -0.312, -0.304, -0.296, -0.288, -0.28, -0.272, -0.264, -0.256, -0.248, -0.24, -0.232, -0.224, -0.216, -0.208, -0.2, -0.192, -0.184, -0.176, -0.168, -0.16, -0.152, -0.144, -0.136, -0.128, -0.128, -0.128, -0.136, -0.144, -0.152, -0.16, -0.168, -0.176, -0.184, -0.192, -0.2, -0.208, -0.216, -0.224, -0.232, -0.24, -0.248, -0.256]",None,None,"['right', 'left', 'right', 'left']","[0.16199159994721413, 0.5379655999131501, 1.1540268999524415, 1.5859869999112561]","[0.40794990002177656, 0.5120248000603169, 0.4639109999407083, None]",up,1.8739806999219581,None,478.6469555000076,478.6618197999196,478.91180989996064,478.8952726999996,478.8956573000178,478.91180989996064,,479.9118594999891,,479.8953351000091,0,-3,,,,,478.91180989996064,479.9118594999891,,,,,,,,,,,,,,,,,202603,,B,2026-07-22_11h27.17.442,valence_final_v2,2024.2.4,60,2026-07-22 11h27.28.654970 -0600,
35,35,0,5,2,curv_comp,163,0.1,-0.38,3.0,-0.172,curv,flat_curv,-0.2,0.2,0.38,rew,input_data/stims/Shape_0.10_3.00.png,input_data/stims/Shape_4.00_2.00.png,input_data/stims/Shape_0.00_2.00.png,1,-1,-1.0,1.0,-1,None,,,up,1.0605289998929948,None,None,None,['right'],[0.4704204999143258],[None],up,1.4784087999723852,None,1,0,1,0,0,35,35,3,479.9118594999891,,,,,,,,,,,,,,,,,479.8959496000316,0.0006184999365359545,480.9800267999526,480.98059409996495,480.99521129997447,481.995219299919,481.9787577999523,481.97918070002925,0.0004338000435382128,483.4642282000277,483.46538720000535,483.4786342999432,483.4786342999432,483.4786342999432,483.4786342999432,483.4786342999432,483.4786342999432,483.4786342999432,484.96339789999183,"[-0.172, -0.172, -0.172, -0.172, -0.172, -0.172, -0.172, -0.172, -0.172, -0.172, -0.172, -0.172, -0.172, -0.172, -0.172, -0.172, -0.172, -0.172, -0.172, -0.172, -0.172, -0.172, -0.172, -0.172, -0.172, -0.172, -0.172, -0.172, -0.172, -0.172, -0.164, -0.156, -0.148, -0.14, -0.132, -0.124, -0.116, -0.108, -0.1, -0.092, -0.084, -0.076, -0.068, -0.06, -0.052, -0.044, -0.036, -0.028, -0.02, -0.012, -0.004, 0.004, 0.012, 0.02, 0.028, 0.036, 0.044, 0.052, 0.06, 0.068, 0.076, 0.084, 0.092, 0.1, 0.108, 0.116, 0.124, 0.132, 0.14, 0.148, 0.156, 0.164, 0.172, 0.18, 0.188, 0.196, 0.204, 0.212, 0.22, 0.228, 0.236, 0.244, 0.252, 0.26, 0.268, 0.276, 0.284, 0.292, 0.3, 0.308, 0.316]",None,None,['right'],[0.4704204999143258],[None],up,1.4784087999723852,None,484.9637925999705,484.9786576000042,485.22866090002935,485.21219400002155,485.2125801999355,485.22866090002935,485.22866090002935,486.22868910001125,486.22868910001125,486.2122524000006,1,3,,,,,,,,,,,,,,,,,,,,,,,202603,,B,2026-07-22_11h27.17.442,valence_final_v2,2024.2.4,60,2026-07-22 11h27.28.654970 -0600,
36,36,0,5,2,curv_comp,189,1.9,-0.02,1.0,-0.4,flat,flat_curv,-0.2,0.2,0.02,pen,input_data/stims/Shape_1.90_1.00.png,input_data/stims/Shape_4.00_2.00.png,input_data/stims/Shape_0.00_2.00.png,-1,-1,-1.0,-1.0,1,None,,,up,1.0605289998929948,None,None,None,"['right', 'left']","[0.24957200000062585, 0.7855279000941664]","[0.5841076000360772, 0.4641412999480963]",up,1.2496692000422627,None,1,0,1,0,0,36,36,29,486.22868910001125,,,,,,,,,,,,,,,,,486.21286620001774,0.0006178999319672585,487.2970198999392,487.29781070002355,487.31207089999225,488.3120799999451,488.2955472000176,488.2959670999553,0.0004298000130802393,489.78015110001434,489.78161159995943,489.7954596999334,489.7954596999334,489.7954596999334,489.7954596999334,489.7954596999334,489.7954596999334,489.7954596999334,491.046674799989,"[-0.4, -0.4, -0.4, -0.4, -0.4, -0.4, -0.4, -0.4, -0.4, -0.4, -0.4, -0.4, -0.4, -0.4, -0.4, -0.4, -0.392, -0.384, -0.376, -0.368, -0.36, -0.352, -0.344, -0.336, -0.328, -0.32, -0.312, -0.304, -0.296, -0.288, -0.28, -0.272, -0.264, -0.256, -0.248, -0.24, -0.232, -0.224, -0.216, -0.208, -0.2, -0.192, -0.184, -0.176, -0.168, -0.16, -0.152, -0.144, -0.136, -0.136, -0.136, -0.144, -0.152, -0.16, -0.168, -0.176, -0.184, -0.192, -0.2, -0.208, -0.216, -0.224, -0.232, -0.24, -0.248, -0.256, -0.264, -0.272, -0.28, -0.288, -0.296, -0.304, -0.312, -0.32, -0.328, -0.336, -0.336]",None,None,"['right', 'left']","[0.24957200000062585, 0.7855279000941664]","[0.5841076000360772, 0.4641412999480963]",up,1.2496692000422627,None,491.0470635999227,491.06215679994784,491.3121547999326,491.2956288999412,491.29602110001724,491.3121547999326,,492.3121821000241,,492.29568959993776,1,1,491.3121547999326,492.3121821000241,,,,,,,,,,,,,,,,,,,,,202603,,B,2026-07-22_11h27.17.442,valence_final_v2,2024.2.4,60,2026-07-22 11h27.28.654970 -0600,
37,37,0,5,2,curv_comp,197,2.7,0.14,3.0,-0.056,flat,flat_curv,-0.2,0.2,-0.14,pen,input_data/stims/Shape_2.70_3.00.png,input_data/stims/Shape_4.00_2.00.png,input_data/stims/Shape_0.00_2.00.png,-1,-1,-1.0,1.0,1,None,,,up,1.0605289998929948,None,None,None,['left'],[0.2880782999563962],[0.5600899000419304],up,0.8481681999983266,None,1,0,1,0,0,37,37,37,492.3121821000241,,,,,,,,,,,,,,,,,492.29629089997616,0.0006031000521034002,493.32986009994056,493.33026970003266,493.345566199976,494.345592699945,494.32908840000164,494.3295140999835,0.0004373999545350671,495.81416499998886,495.8154264999321,495.8289950999897,495.8289950999897,495.8289950999897,495.8289950999897,495.8289950999897,495.8289950999897,495.8289950999897,496.6803070999449,"[-0.056, -0.056, -0.056, -0.056, -0.056, -0.056, -0.056, -0.056, -0.056, -0.056, -0.056, -0.056, -0.056, -0.056, -0.056, -0.056, -0.056, -0.056, -0.056, -0.064, -0.072, -0.08, -0.088, -0.096, -0.104, -0.112, -0.12, -0.128, -0.136, -0.144, -0.152, -0.16, -0.168, -0.176, -0.184, -0.192, -0.2, -0.208, -0.216, -0.224, -0.232, -0.24, -0.248, -0.256, -0.264, -0.272, -0.28, -0.288, -0.296, -0.304, -0.312, -0.32, -0.32]",None,None,['left'],[0.2880782999563962],[0.5600899000419304],up,0.8481681999983266,None,496.68071679992136,496.6957165999338,496.94565649994183,496.92918749991804,496.9295764999697,496.94565649994183,,497.94568370003253,,497.9292051999364,1,1,496.94565649994183,497.94568370003253,,,,,,,,,,,,,,,,,,,,,202603,,B,2026-07-22_11h27.17.442,valence_final_v2,2024.2.4,60,2026-07-22 11h27.28.654970 -0600,
38,38,0,5,2,curv_comp,194,2.5,0.1,1.0,-0.392,flat,curv_flat,-0.2,-0.2,0.1,pen,input_data/stims/Shape_2.50_1.00.png,input_data/stims/Shape_0.00_2.00.png,input_data/stims/Shape_4.00_2.00.png,-1,1,-1.0,-1.0,1,None,,,up,1.0605289998929948,None,None,None,['right'],[0.3227251999778673],[None],up,1.6025510999606922,None,1,0,1,0,0,38,38,34,497.94568370003253,,,,,,,,,,,,,,,,,497.92980969999917,0.0006086999783292413,498.86424639995676,498.8646497000009,498.8790701000253,499.879075899953,499.8626110999612,499.86305189994164,0.000452800071798265,501.3476990999188,501.34894900000654,501.36247519997414,501.36247519997414,501.36247519997414,501.36247519997414,501.36247519997414,501.36247519997414,501.36247519997414,502.980521599995,"[-0.392, -0.392, -0.392, -0.392, -0.392, -0.392, -0.392, -0.392, -0.392, -0.392, -0.392, -0.392, -0.392, -0.392, -0.392, -0.392, -0.392, -0.392, -0.392, -0.392, -0.392, -0.384, -0.376, -0.368, -0.36, -0.352, -0.344, -0.336, -0.328, -0.32, -0.312, -0.304, -0.296, -0.288, -0.28, -0.272, -0.264, -0.256, -0.248, -0.24, -0.232, -0.224, -0.216, -0.208, -0.2, -0.192, -0.184, -0.176, -0.168, -0.16, -0.152, -0.144, -0.136, -0.128, -0.12, -0.112, -0.104, -0.096, -0.088, -0.08, -0.072, -0.064, -0.056, -0.048, -0.04, -0.032, -0.024, -0.016, -0.008, 0.0, 0.008, 0.016, 0.024, 0.032, 0.04, 0.048, 0.056, 0.064, 0.072, 0.08, 0.088, 0.096, 0.104, 0.112, 0.12, 0.128, 0.136, 0.144, 0.152, 0.16, 0.168, 0.176, 0.184, 0.192, 0.2, 0.208, 0.216, 0.224, 0.232]",None,None,['right'],[0.3227251999778673],[None],up,1.6025510999606922,None,502.9808913000161,502.99582269997336,503.2458378999727,503.2293753999984,503.22976309992373,503.2458378999727,,504.24586409993935,,504.22941659996286,1,1,503.2458378999727,504.24586409993935,,,,,,,,,,,,,,,,,,,,,202603,,B,2026-07-22_11h27.17.442,valence_final_v2,2024.2.4,60,2026-07-22 11h27.28.654970 -0600,
39,39,0,5,2,curv_comp,183,1.3,-0.14,1.0,-0.212,flat,flat_curv,-0.2,0.2,0.14,pen,input_data/stims/Shape_1.30_1.00.png,input_data/stims/Shape_4.00_2.00.png,input_data/stims/Shape_0.00_2.00.png,-1,-1,-1.0,-1.0,1,None,,,up,1.0605289998929948,None,None,None,"['right', 'left']","[0.4484282999765128, 1.2245650000404567]","[0.8479366000974551, None]",up,2.0004584999987856,None,1,0,1,0,0,39,39,23,504.24586409993935,,,,,,,,,,,,,,,,,504.23004219995346,0.0006307000294327736,505.26476329995785,505.26514799997676,505.2792495000176,506.2792522999225,506.2627963999985,506.2632287000306,0.00044620002154260874,507.5984543999657,507.59995770000387,507.6126653000247,507.6126653000247,507.6126653000247,507.6126653000247,507.6126653000247,507.6126653000247,507.6126653000247,509.61427979997825,"[-0.212, -0.212, -0.212, -0.212, -0.212, -0.212, -0.212, -0.212, -0.212, -0.212, -0.212, -0.212, -0.212, -0.212, -0.212, -0.212, -0.212, -0.212, -0.212, -0.212, -0.212, -0.212, -0.212, -0.212, -0.212, -0.212, -0.212, -0.212, -0.204, -0.196, -0.188, -0.18, -0.172, -0.164, -0.156, -0.148, -0.14, -0.132, -0.124, -0.116, -0.108, -0.1, -0.092, -0.084, -0.076, -0.068, -0.06, -0.052, -0.044, -0.036, -0.028, -0.02, -0.012, -0.004, 0.004, 0.012, 0.02, 0.028, 0.036, 0.044, 0.052, 0.06, 0.068, 0.076, 0.084, 0.092, 0.1, 0.108, 0.116, 0.124, 0.132, 0.14, 0.148, 0.156, 0.164, 0.164, 0.164, 0.164, 0.164, 0.156, 0.148, 0.14, 0.132, 0.124, 0.116, 0.108, 0.1, 0.092, 0.084, 0.076, 0.068, 0.06, 0.052, 0.044, 0.036, 0.028, 0.02, 0.012, 0.004, -0.004, -0.012, -0.02, -0.028, -0.036, -0.044, -0.052, -0.06, -0.068, -0.076, -0.084, -0.092, -0.1, -0.108, -0.116, -0.124, -0.132, -0.14, -0.148, -0.156, -0.164, -0.172, -0.18]",None,None,"['right', 'left']","[0.4484282999765128, 1.2245650000404567]","[0.8479366000974551, None]",up,2.0004584999987856,None,509.6146757999668,509.62936299992725,509.87936279992573,509.8628869999666,509.86326609994285,509.87936279992573,,510.8794088999275,,510.8630173000274,1,1,509.87936279992573,510.8794088999275,,,,,,,,,,,,,,,,,,,,,202603,,B,2026-07-22_11h27.17.442,valence_final_v2,2024.2.4,60,2026-07-22 11h27.28.654970 -0600,
0,0,0,6,2,flat_comp,237,3.9,0.38,3.0,0.208,flat,flat_curv,0.2,-0.2,-0.38,pen,input_data/stims/Shape_3.90_3.00.png,input_data/stims/Shape_4.00_2.00.png,input_data/stims/Shape_0.00_2.00.png,-1,-1,1.0,1.0,1,None,,,up,0.627587000024505,None,None,None,['left'],[0.4541641001123935],[None],up,1.5340718000661582,None,2,0,2,0,0,0,0,37,514.7962034000084,,514.1131935999729,,,,514.1132208999479,None,,,514.11563939997,514.1294979000231,514.1294979000231,514.7631016999949,up,0.627587000024505,None,514.7904109000228,0.027300399960950017,515.7758555000182,515.776237300015,515.7795198999811,516.7795675999951,516.7630876000039,516.7635087999515,0.000431500026024878,518.0483627999201,518.0497506000102,518.0629499999341,518.0629499999341,518.0629499999341,518.0629499999341,518.0629499999341,518.0629499999341,518.0629499999341,519.6145036999369,"[0.208, 0.208, 0.208, 0.208, 0.208, 0.208, 0.208, 0.208, 0.208, 0.208, 0.208, 0.208, 0.208, 0.208, 0.208, 0.208, 0.208, 0.208, 0.208, 0.208, 0.208, 0.208, 0.208, 0.208, 0.208, 0.208, 0.208, 0.208, 0.208, 0.2, 0.192, 0.184, 0.176, 0.168, 0.16, 0.152, 0.144, 0.136, 0.128, 0.12, 0.112, 0.104, 0.096, 0.088, 0.08, 0.072, 0.064, 0.056, 0.048, 0.04, 0.032, 0.024, 0.016, 0.008, 0.0, -0.008, -0.016, -0.024, -0.032, -0.04, -0.048, -0.056, -0.064, -0.072, -0.08, -0.088, -0.096, -0.104, -0.112, -0.12, -0.128, -0.136, -0.144, -0.152, -0.16, -0.168, -0.176, -0.184, -0.192, -0.2, -0.208, -0.216, -0.224, -0.232, -0.24, -0.248, -0.256, -0.264, -0.272, -0.28, -0.288, -0.296, -0.304, -0.312, -0.32]",None,None,['left'],[0.4541641001123935],[None],up,1.5340718000661582,None,519.6148834999185,519.6296556999441,519.8796674999176,519.8631703000283,519.8635605999734,519.8796674999176,,520.8797037999611,,520.8632024999242,1,1,519.8796674999176,520.8797037999611,,,,,510.8765148000093,510.8794088999275,510.8794088999275,514.1130783000262,36,8,up,3.229694699984975,None,,,,,,,,202603,,B,2026-07-22_11h27.17.442,valence_final_v2,2024.2.4,60,2026-07-22 11h27.28.654970 -0600,
1,1,0,6,2,flat_comp,205,1.5,-0.1,1.0,-0.364,curv,flat_curv,0.2,-0.2,0.1,rew,input_data/stims/Shape_1.50_1.00.png,input_data/stims/Shape_4.00_2.00.png,input_data/stims/Shape_0.00_2.00.png,1,-1,-1.0,-1.0,-1,None,,,up,0.627587000024505,None,None,None,"['left', 'right', 'left']","[0.44642659998498857, 0.8782336000585929, 1.5422611000249162]","[0.3118062000721693, 0.3919641999527812, 0.3279405999928713]",up,1.8942449999740347,None,2,0,2,0,0,1,1,5,520.8797037999611,,,,,,,,,,,,,,,,,520.8638093000045,0.0006102999905124307,521.8486866999883,521.849075099919,521.8630685999524,522.8631765999598,522.8466689999914,522.8471162000205,0.0004550999728962779,524.2317722999724,524.2330208999338,524.2468111999333,524.2468111999333,524.2468111999333,524.2468111999333,524.2468111999333,524.2468111999333,524.2468111999333,526.1484211999923,"[-0.364, -0.364, -0.364, -0.364, -0.364, -0.364, -0.364, -0.364, -0.364, -0.364, -0.364, -0.364, -0.364, -0.364, -0.364, -0.364, -0.364, -0.364, -0.364, -0.364, -0.364, -0.364, -0.364, -0.364, -0.364, -0.364, -0.364, -0.364, -0.372, -0.38, -0.388, -0.396, -0.396, -0.396, -0.396, -0.396, -0.396, -0.396, -0.396, -0.396, -0.396, -0.396, -0.396, -0.396, -0.396, -0.396, -0.396, -0.396, -0.396, -0.396, -0.396, -0.396, -0.396, -0.396, -0.388, -0.38, -0.372, -0.364, -0.356, -0.348, -0.34, -0.332, -0.324, -0.316, -0.308, -0.3, -0.292, -0.284, -0.276, -0.268, -0.26, -0.252, -0.244, -0.236, -0.228, -0.22, -0.212, -0.204, -0.204, -0.204, -0.204, -0.204, -0.204, -0.204, -0.204, -0.204, -0.204, -0.204, -0.204, -0.204, -0.204, -0.204, -0.204, -0.204, -0.212, -0.22, -0.228, -0.236, -0.244, -0.252, -0.26, -0.268, -0.276, -0.284, -0.292, -0.3, -0.308, -0.316, -0.324, -0.332, -0.34, -0.348, -0.356, -0.364, -0.364, -0.364]",None,None,"['left', 'right', 'left']","[0.44642659998498857, 0.8782336000585929, 1.5422611000249162]","[0.3118062000721693, 0.3919641999527812, 0.3279405999928713]",up,1.8942449999740347,None,526.1488381000236,526.1640469999984,526.4141315999441,526.3975527000148,526.3979365000268,526.4141315999441,,527.4141518999822,,527.3976133000106,0,-1,,,526.4141315999441,527.4141518999822,,,,,,,,,,,,,,,,,,,202603,,B,2026-07-22_11h27.17.442,valence_final_v2,2024.2.4,60,2026-07-22 11h27.28.654970 -0600,
2,2,0,6,2,flat_comp,222,3.1,0.22,1.0,0.168,flat,curv_flat,0.2,0.2,0.22,pen,input_data/stims/Shape_3.10_1.00.png,input_data/stims/Shape_0.00_2.00.png,input_data/stims/Shape_4.00_2.00.png,-1,1,-1.0,-1.0,1,None,,,up,0.627587000024505,None,None,None,"['left', 'right']","[0.18623190000653267, 0.4503675999585539]","[0.26413569995202124, None]",up,1.0421951999887824,None,2,0,2,0,0,2,2,22,527.4141518999822,,,,,,,,,,,,,,,,,527.3982099000132,0.0005998999113216996,528.4824481999967,528.4828497000271,528.4974710999522,529.4974887999706,529.4810122000054,529.4814729000209,0.0004729999927803874,530.9150149999186,530.9165563000133,530.9308726999443,530.9308726999443,530.9308726999443,530.9308726999443,530.9308726999443,530.9308726999443,530.9308726999443,531.9822442999575,"[0.168, 0.168, 0.168, 0.168, 0.168, 0.168, 0.168, 0.168, 0.168, 0.168, 0.168, 0.168, 0.168, 0.16, 0.152, 0.144, 0.136, 0.128, 0.12, 0.112, 0.104, 0.096, 0.088, 0.08, 0.072, 0.064, 0.056, 0.048, 0.048, 0.056, 0.064, 0.072, 0.08, 0.088, 0.096, 0.104, 0.112, 0.12, 0.128, 0.136, 0.144, 0.152, 0.16, 0.168, 0.176, 0.184, 0.192, 0.2, 0.208, 0.216, 0.224, 0.232, 0.24, 0.248, 0.256, 0.264, 0.272, 0.28, 0.288, 0.296, 0.304, 0.312, 0.32, 0.328, 0.336]",None,None,"['left', 'right']","[0.18623190000653267, 0.4503675999585539]","[0.26413569995202124, None]",up,1.0421951999887824,None,531.9826174000045,531.9970557999332,532.2476068999385,532.2310901000164,532.2314841999905,532.2476068999385,,533.2476389999501,,533.2310841999715,1,1,532.2476068999385,533.2476389999501,,,,,,,,,,,,,,,,,,,,,202603,,B,2026-07-22_11h27.17.442,valence_final_v2,2024.2.4,60,2026-07-22 11h27.28.654970 -0600,
3,3,0,6,2,flat_comp,213,2.3,0.06,3.0,0.392,curv,flat_curv,0.2,-0.2,-0.06,rew,input_data/stims/Shape_2.30_3.00.png,input_data/stims/Shape_4.00_2.00.png,input_data/stims/Shape_0.00_2.00.png,1,-1,1.0,1.0,-1,None,,,up,0.627587000024505,None,None,None,"['right', 'left']","[1.0803438000148162, 1.2644369000336155]","[0.22399750002659857, None]",up,2.648361700004898,None,2,0,2,0,0,3,3,13,533.2476389999501,,,,,,,,,,,,,,,,,533.2316885999171,0.0006082999752834439,534.2156561999582,534.216143699945,534.230944299954,535.2309565999312,535.2145488000242,535.2149933999171,0.00045759999193251133,536.5489567000186,536.5501745999791,536.5646790999454,536.5646790999454,536.5646790999454,536.5646790999454,536.5646790999454,536.5646790999454,536.5646790999454,539.2152021999937,"[0.392, 0.392, 0.392, 0.392, 0.392, 0.392, 0.392, 0.392, 0.392, 0.392, 0.392, 0.392, 0.392, 0.392, 0.392, 0.392, 0.392, 0.392, 0.392, 0.392, 0.392, 0.392, 0.392, 0.392, 0.392, 0.392, 0.392, 0.392, 0.392, 0.392, 0.392, 0.392, 0.392, 0.392, 0.392, 0.392, 0.392, 0.392, 0.392, 0.392, 0.392, 0.392, 0.392, 0.392, 0.392, 0.392, 0.392, 0.392, 0.392, 0.392, 0.392, 0.392, 0.392, 0.392, 0.392, 0.392, 0.392, 0.392, 0.392, 0.392, 0.392, 0.392, 0.392, 0.392, 0.392, 0.392, 0.4, 0.4, 0.4, 0.4, 0.4, 0.4, 0.4, 0.4, 0.4, 0.4, 0.4, 0.4, 0.4, 0.4, 0.392, 0.384, 0.376, 0.368, 0.36, 0.352, 0.344, 0.336, 0.328, 0.32, 0.312, 0.304, 0.296, 0.288, 0.28, 0.272, 0.264, 0.256, 0.248, 0.24, 0.232, 0.224, 0.216, 0.208, 0.2, 0.192, 0.184, 0.176, 0.168, 0.16, 0.152, 0.144, 0.136, 0.128, 0.12, 0.112, 0.104, 0.096, 0.088, 0.08, 0.072, 0.064, 0.056, 0.048, 0.04, 0.032, 0.024, 0.016, 0.008, 0.0, -0.008, -0.016, -0.024, -0.032, -0.04, -0.048, -0.056, -0.064, -0.072, -0.08, -0.088, -0.096, -0.104, -0.112, -0.12, -0.128, -0.136, -0.144, -0.152, -0.16, -0.168, -0.176, -0.184, -0.192, -0.2, -0.208, -0.216, -0.224, -0.232, -0.24, -0.248]",None,None,"['right', 'left']","[1.0803438000148162, 1.2644369000336155]","[0.22399750002659857, None]",up,2.648361700004898,None,539.2156721999636,539.2302228999324,539.4802075999323,539.463843000005,539.4642210999737,539.4802075999323,,540.4802329000086,,540.4638340999372,0,-1,,,539.4802075999323,540.4802329000086,,,,,,,,,,,,,,,,,,,202603,,B,2026-07-22_11h27.17.442,valence_final_v2,2024.2.4,60,2026-07-22 11h27.28.654970 -0600,
4,4,0,6,2,flat_comp,218,2.9,0.18,1.0,0.344,curv,curv_flat,0.2,0.2,0.18,rew,input_data/stims/Shape_2.90_1.00.png,input_data/stims/Shape_0.00_2.00.png,input_data/stims/Shape_4.00_2.00.png,1,1,1.0,-1.0,-1,None,,,up,0.627587000024505,None,None,None,"['left', 'right', 'left']","[0.1840612000087276, 0.44005530001595616, 0.880060900002718]","[0.25599410000722855, 0.3680166000267491, None]",up,1.0561634000623599,None,2,0,2,0,0,4,4,18,540.4802329000086,,,,,,,,,,,,,,,,,540.4644754999317,0.0006466000340878963,541.499056300032,541.4996742999647,541.5136156999506,542.513627099921,542.4971585000167,542.4975876000244,0.0004414999857544899,543.7818007000023,543.78355990001,543.7970215999521,543.7970215999521,543.7970215999521,543.7970215999521,543.7970215999521,543.7970215999521,543.7970215999521,544.8651007999433,"[0.344, 0.344, 0.344, 0.344, 0.344, 0.344, 0.344, 0.344, 0.344, 0.344, 0.344, 0.344, 0.344, 0.336, 0.328, 0.32, 0.312, 0.304, 0.296, 0.288, 0.28, 0.272, 0.264, 0.256, 0.248, 0.24, 0.232, 0.224, 0.232, 0.24, 0.248, 0.256, 0.264, 0.272, 0.28, 0.288, 0.296, 0.304, 0.312, 0.32, 0.328, 0.336, 0.344, 0.352, 0.36, 0.368, 0.376, 0.384, 0.392, 0.4, 0.4, 0.4, 0.4, 0.4, 0.392, 0.384, 0.376, 0.368, 0.36, 0.352, 0.344, 0.336, 0.328, 0.32, 0.312, 0.304]",None,None,"['left', 'right', 'left']","[0.1840612000087276, 0.44005530001595616, 0.880060900002718]","[0.25599410000722855, 0.3680166000267491, None]",up,1.0561634000623599,None,544.8654695999576,544.8803848000243,545.1303643999854,545.1139183000196,545.1143102999777,545.1303643999854,,546.1304129000055,,546.1139755999902,0,-1,,,545.1303643999854,546.1304129000055,,,,,,,,,,,,,,,,,,,202603,,B,2026-07-22_11h27.17.442,valence_final_v2,2024.2.4,60,2026-07-22 11h27.28.654970 -0600,
5,5,0,6,2,flat_comp,229,3.5,0.3,1.0,-0.152,flat,flat_curv,0.2,-0.2,-0.3,pen,input_data/stims/Shape_3.50_1.00.png,input_data/stims/Shape_4.00_2.00.png,input_data/stims/Shape_0.00_2.00.png,-1,-1,1.0,-1.0,1,None,,,up,0.627587000024505,None,None,None,"['left', 'left']","[0.6099188000662252, 1.505929100094363]","[0.3519774000160396, 0.175961299915798]",up,1.8259124000323936,None,2,0,2,0,0,5,5,29,546.1304129000055,,,,,,,,,,,,,,,,,546.114588299999,0.0006152999121695757,547.148939799983,547.1493379999883,547.1637886000099,548.163791699917,548.1473242000211,548.1477707999293,0.00045789999421685934,549.532038699952,549.5333066999447,549.5471954999957,549.5471954999957,549.5471954999957,549.5471954999957,549.5471954999957,549.5471954999957,549.5471954999957,551.381556599983,"[-0.152, -0.152, -0.152, -0.152, -0.152, -0.152, -0.152, -0.152, -0.152, -0.152, -0.152, -0.152, -0.152, -0.152, -0.152, -0.152, -0.152, -0.152, -0.152, -0.152, -0.152, -0.152, -0.152, -0.152, -0.152, -0.152, -0.152, -0.152, -0.152, -0.152, -0.152, -0.152, -0.152, -0.152, -0.152, -0.152, -0.152, -0.152, -0.16, -0.168, -0.176, -0.184, -0.192, -0.2, -0.208, -0.216, -0.224, -0.232, -0.24, -0.248, -0.256, -0.264, -0.272, -0.28, -0.288, -0.296, -0.304, -0.312, -0.32, -0.32, -0.32, -0.32, -0.32, -0.32, -0.32, -0.32, -0.32, -0.32, -0.32, -0.32, -0.32, -0.32, -0.32, -0.32, -0.32, -0.32, -0.32, -0.32, -0.32, -0.32, -0.32, -0.32, -0.32, -0.32, -0.32, -0.32, -0.32, -0.32, -0.32, -0.32, -0.32, -0.32, -0.328, -0.336, -0.344, -0.352, -0.36, -0.368, -0.376, -0.384, -0.392, -0.4, -0.4, -0.4, -0.4, -0.4, -0.4, -0.4, -0.4, -0.4, -0.4, -0.4]",None,None,"['left', 'left']","[0.6099188000662252, 1.505929100094363]","[0.3519774000160396, 0.175961299915798]",up,1.8259124000323936,None,551.3819621999282,551.3972507999279,551.6472372999415,551.630756599945,551.6311557999579,551.6472372999415,,552.6472658999264,,552.6308169999393,1,1,551.6472372999415,552.6472658999264,,,,,,,,,,,,,,,,,,,,,202603,,B,2026-07-22_11h27.17.442,valence_final_v2,2024.2.4,60,2026-07-22 11h27.28.654970 -0600,
6,6,0,6,2,flat_comp,216,2.7,0.14,3.0,0.076,curv,curv_flat,0.2,0.2,0.14,rew,input_data/stims/Shape_2.70_3.00.png,input_data/stims/Shape_0.00_2.00.png,input_data/stims/Shape_4.00_2.00.png,1,1,-1.0,1.0,-1,None,,,up,0.627587000024505,None,None,None,['right'],[0.2990626000100747],[None],up,1.1309961000224575,None,2,0,2,0,0,6,6,16,552.6472658999264,,,,,,,,,,,,,,,,,552.6314284999389,0.0006154000293463469,553.5650832999963,553.5654819000047,553.5806364000309,554.5806561999489,554.5641967999982,554.5646222999785,0.00043729995377361774,555.899236899917,555.9008873000275,555.914035600028,555.914035600028,555.914035600028,555.914035600028,555.914035600028,555.914035600028,555.914035600028,557.0484589999542,"[0.076, 0.076, 0.076, 0.076, 0.076, 0.076, 0.076, 0.076, 0.076, 0.076, 0.076, 0.076, 0.076, 0.076, 0.076, 0.076, 0.076, 0.076, 0.076, 0.084, 0.092, 0.1, 0.108, 0.116, 0.124, 0.132, 0.14, 0.148, 0.156, 0.164, 0.172, 0.18, 0.188, 0.196, 0.204, 0.212, 0.22, 0.228, 0.236, 0.244, 0.252, 0.26, 0.268, 0.276, 0.284, 0.292, 0.3, 0.308, 0.316, 0.324, 0.332, 0.34, 0.348, 0.356, 0.364, 0.372, 0.38, 0.388, 0.396, 0.396, 0.396, 0.396, 0.396, 0.396, 0.396, 0.396, 0.396, 0.396, 0.396, 0.396]",None,None,['right'],[0.2990626000100747],[None],up,1.1309961000224575,None,557.0488629000029,557.0640483000316,557.3140420999844,557.2975839999272,557.2979793000268,557.3140420999844,,558.3140738999937,,558.297645399929,0,-1,,,557.3140420999844,558.3140738999937,,,,,,,,,,,,,,,,,,,202603,,B,2026-07-22_11h27.17.442,valence_final_v2,2024.2.4,60,2026-07-22 11h27.28.654970 -0600,
7,7,0,6,2,flat_comp,224,3.3,0.26,1.0,0.344,flat,curv_flat,0.2,0.2,0.26,pen,input_data/stims/Shape_3.30_1.00.png,input_data/stims/Shape_0.00_2.00.png,input_data/stims/Shape_4.00_2.00.png,-1,1,1.0,-1.0,1,None,,,up,0.627587000024505,None,None,None,['left'],[0.6642660999204963],[0.21595530002377927],up,1.0163375999545678,None,2,0,2,0,0,7,7,24,558.3140738999937,,,,,,,,,,,,,,,,,558.2982647999888,0.0006229999708011746,559.3825428999262,559.3830539999763,559.3974511999404,560.3974722999847,560.3810167999472,560.3814560000319,0.0004510000580921769,561.7659710999578,561.7672009000089,561.780850399984,561.780850399984,561.780850399984,561.780850399984,561.780850399984,561.780850399984,561.780850399984,562.7986510000192,"[0.344, 0.344, 0.344, 0.344, 0.344, 0.344, 0.344, 0.344, 0.344, 0.344, 0.344, 0.344, 0.344, 0.344, 0.344, 0.344, 0.344, 0.344, 0.344, 0.344, 0.344, 0.344, 0.344, 0.344, 0.344, 0.344, 0.344, 0.344, 0.344, 0.344, 0.344, 0.344, 0.344, 0.344, 0.344, 0.344, 0.344, 0.344, 0.344, 0.344, 0.344, 0.336, 0.328, 0.32, 0.312, 0.304, 0.296, 0.288, 0.28, 0.272, 0.264, 0.256, 0.248, 0.24, 0.24, 0.24, 0.24, 0.24, 0.24, 0.24, 0.24, 0.24, 0.24]",None,None,['left'],[0.6642660999204963],[0.21595530002377927],up,1.0163375999545678,None,562.7990523999324,562.8142714999849,563.0642129000043,563.0477476000087,563.0481331999181,563.0642129000043,,564.06424159999,,564.0478060999885,1,1,563.0642129000043,564.06424159999,,,,,,,,,,,,,,,,,,,,,202603,,B,2026-07-22_11h27.17.442,valence_final_v2,2024.2.4,60,2026-07-22 11h27.28.654970 -0600,
8,8,0,6,2,flat_comp,225,3.3,0.26,1.0,-0.16,flat,flat_curv,0.2,-0.2,-0.26,pen,input_data/stims/Shape_3.30_1.00.png,input_data/stims/Shape_4.00_2.00.png,input_data/stims/Shape_0.00_2.00.png,-1,-1,1.0,-1.0,1,None,,,up,0.627587000024505,None,None,None,['left'],[0.5062100000213832],[0.2878645999589935],up,0.9380566999316216,None,2,0,2,0,0,8,8,25,564.06424159999,,,,,,,,,,,,,,,,,564.0484153999714,0.000611600000411272,564.9823466999223,564.9828249999555,564.9976147999987,565.9976281999843,565.9811820000177,565.9816095000133,0.0004390999674797058,567.315971700009,567.317194400006,567.3310095999623,567.3310095999623,567.3310095999623,567.3310095999623,567.3310095999623,567.3310095999623,567.3310095999623,568.2820062999381,"[-0.16, -0.16, -0.16, -0.16, -0.16, -0.16, -0.16, -0.16, -0.16, -0.16, -0.16, -0.16, -0.16, -0.16, -0.16, -0.16, -0.16, -0.16, -0.16, -0.16, -0.16, -0.16, -0.16, -0.16, -0.16, -0.16, -0.16, -0.16, -0.16, -0.16, -0.16, -0.16, -0.168, -0.176, -0.184, -0.192, -0.2, -0.208, -0.216, -0.224, -0.232, -0.24, -0.248, -0.256, -0.264, -0.272, -0.28, -0.288, -0.296, -0.296, -0.296, -0.296, -0.296, -0.296, -0.296, -0.296, -0.296, -0.296, -0.296]",None,None,['left'],[0.5062100000213832],[0.2878645999589935],up,0.9380566999316216,None,568.282370400033,568.2977188000223,568.5477193000261,568.5312189999968,568.5315979999723,568.5477193000261,,569.5477385999402,,569.5312853999203,1,1,568.5477193000261,569.5477385999402,,,,,,,,,,,,,,,,,,,,,202603,,B,2026-07-22_11h27.17.442,valence_final_v2,2024.2.4,60,2026-07-22 11h27.28.654970 -0600,
9,9,0,6,2,flat_comp,200,1.1,-0.18,1.0,0.352,curv,curv_flat,0.2,0.2,-0.18,rew,input_data/stims/Shape_1.10_1.00.png,input_data/stims/Shape_0.00_2.00.png,input_data/stims/Shape_4.00_2.00.png,1,1,1.0,-1.0,-1,None,,,up,0.627587000024505,None,None,None,['left'],[0.38659880007617176],[0.9519929999951273],up,1.3625994001049548,None,2,0,2,0,0,9,9,0,569.5477385999402,,,,,,,,,,,,,,,,,569.5318884999724,0.000605400069616735,570.6159589999588,570.6163446999853,570.631104500033,571.6311302999966,571.6146038000006,571.6150334000122,0.0004412999842315912,572.8992424999597,572.900749500026,572.9145048999926,572.9145048999926,572.9145048999926,572.9145048999926,572.9145048999926,572.9145048999926,572.9145048999926,574.2822089999681,"[0.352, 0.352, 0.352, 0.352, 0.352, 0.352, 0.352, 0.352, 0.352, 0.352, 0.352, 0.352, 0.352, 0.352, 0.352, 0.352, 0.352, 0.352, 0.352, 0.352, 0.352, 0.352, 0.352, 0.352, 0.352, 0.344, 0.336, 0.328, 0.32, 0.312, 0.304, 0.296, 0.288, 0.28, 0.272, 0.264, 0.256, 0.248, 0.24, 0.232, 0.224, 0.216, 0.208, 0.2, 0.192, 0.184, 0.176, 0.168, 0.16, 0.152, 0.144, 0.136, 0.128, 0.12, 0.112, 0.104, 0.096, 0.088, 0.08, 0.072, 0.064, 0.056, 0.048, 0.04, 0.032, 0.024, 0.016, 0.008, 0.0, -0.008, -0.016, -0.024, -0.032, -0.04, -0.048, -0.056, -0.064, -0.072, -0.08, -0.088, -0.096, -0.104, -0.104, -0.104]",None,None,['left'],[0.38659880007617176],[0.9519929999951273],up,1.3625994001049548,None,574.282614500029,574.2978779999539,574.5478748999303,574.5314131999621,574.5318011000054,574.5478748999303,574.5478748999303,575.5479196999222,575.5479196999222,575.5314580999548,1,3,,,,,,,,,,,,,,,,,,,,,,,202603,,B,2026-07-22_11h27.17.442,valence_final_v2,2024.2.4,60,2026-07-22 11h27.28.654970 -0600,
10,10,0,6,2,flat_comp,209,1.9,-0.02,3.0,0.276,curv,flat_curv,0.2,-0.2,0.02,rew,input_data/stims/Shape_1.90_3.00.png,input_data/stims/Shape_4.00_2.00.png,input_data/stims/Shape_0.00_2.00.png,1,-1,1.0,1.0,-1,None,,,up,0.627587000024505,None,None,None,['left'],[0.3886176999658346],[1.215784200001508],up,1.6523823000025004,None,2,0,2,0,0,10,10,9,575.5479196999222,,,,,,,,,,,,,,,,,575.5320616000099,0.0006066999631002545,576.4156421999214,576.4160231000278,576.4312962000258,577.4313010999467,577.4148555999855,577.4152939999476,0.0004509000573307276,578.8490787999472,578.850296700024,578.8646782999858,578.8646782999858,578.8646782999858,578.8646782999858,578.8646782999858,578.8646782999858,578.8646782999858,580.5323824000079,"[0.276, 0.276, 0.276, 0.276, 0.276, 0.276, 0.276, 0.276, 0.276, 0.276, 0.276, 0.276, 0.276, 0.276, 0.276, 0.276, 0.276, 0.276, 0.276, 0.276, 0.276, 0.276, 0.276, 0.276, 0.276, 0.268, 0.26, 0.252, 0.244, 0.236, 0.228, 0.22, 0.212, 0.204, 0.196, 0.188, 0.18, 0.172, 0.164, 0.156, 0.148, 0.14, 0.132, 0.124, 0.116, 0.108, 0.1, 0.092, 0.084, 0.076, 0.068, 0.06, 0.052, 0.044, 0.036, 0.028, 0.02, 0.012, 0.004, -0.004, -0.012, -0.02, -0.028, -0.036, -0.044, -0.052, -0.06, -0.068, -0.076, -0.084, -0.092, -0.1, -0.108, -0.116, -0.124, -0.132, -0.14, -0.148, -0.156, -0.164, -0.172, -0.18, -0.188, -0.196, -0.204, -0.212, -0.22, -0.228, -0.236, -0.244, -0.252, -0.26, -0.268, -0.276, -0.284, -0.292, -0.3, -0.308, -0.308, -0.308, -0.308, -0.308]",None,None,['left'],[0.3886176999658346],[1.215784200001508],up,1.6523823000025004,None,580.5327783999965,580.5480540000135,580.7980586999329,580.7815765999258,580.7819590999279,580.7980586999329,,581.7980871999171,,581.7816662000259,0,-1,,,580.7980586999329,581.7980871999171,,,,,,,,,,,,,,,,,,,202603,,B,2026-07-22_11h27.17.442,valence_final_v2,2024.2.4,60,2026-07-22 11h27.28.654970 -0600,
11,11,0,6,2,flat_comp,226,3.3,0.26,1.0,0.092,flat,curv_flat,0.2,0.2,0.26,pen,input_data/stims/Shape_3.30_1.00.png,input_data/stims/Shape_0.00_2.00.png,input_data/stims/Shape_4.00_2.00.png,-1,1,-1.0,-1.0,1,None,,,up,0.627587000024505,None,None,None,"['left', 'right']","[0.25624639994930476, 0.5762244999641553]","[0.17599919997155666, 0.4880148000083864]",up,1.2002398999175057,None,2,0,2,0,0,11,11,26,581.7980871999171,,,,,,,,,,,,,,,,,581.7822862999747,0.0006248001009225845,582.7175268999999,582.7179223999847,582.7315050000325,583.7314895000309,583.7149614000227,583.7153850999894,0.00043569994159042835,585.1503732999554,585.1516687999247,585.1648858999833,585.1648858999833,585.1648858999833,585.1648858999833,585.1648858999833,585.1648858999833,585.1648858999833,586.3663002999965,"[0.092, 0.092, 0.092, 0.092, 0.092, 0.092, 0.092, 0.092, 0.092, 0.092, 0.092, 0.092, 0.092, 0.092, 0.092, 0.092, 0.092, 0.084, 0.076, 0.068, 0.06, 0.052, 0.044, 0.036, 0.028, 0.02, 0.012, 0.012, 0.012, 0.012, 0.012, 0.012, 0.012, 0.012, 0.012, 0.012, 0.02, 0.028, 0.036, 0.044, 0.052, 0.06, 0.068, 0.076, 0.084, 0.092, 0.1, 0.108, 0.116, 0.124, 0.132, 0.14, 0.148, 0.156, 0.164, 0.172, 0.18, 0.188, 0.196, 0.204, 0.212, 0.22, 0.228, 0.236, 0.244, 0.244, 0.244, 0.244, 0.244, 0.244, 0.244, 0.244, 0.244, 0.244]",None,None,"['left', 'right']","[0.25624639994930476, 0.5762244999641553]","[0.17599919997155666, 0.4880148000083864]",up,1.2002398999175057,None,586.3666877999203,586.3816654999973,586.6316762999631,586.6151437999215,586.61555639992,586.6316762999631,,587.6317004000302,,587.6152019000147,1,1,586.6316762999631,587.6317004000302,,,,,,,,,,,,,,,,,,,,,202603,,B,2026-07-22_11h27.17.442,valence_final_v2,2024.2.4,60,2026-07-22 11h27.28.654970 -0600,
12,12,0,6,2,flat_comp,221,3.1,0.22,3.0,-0.112,flat,flat_curv,0.2,-0.2,-0.22,pen,input_data/stims/Shape_3.10_3.00.png,input_data/stims/Shape_4.00_2.00.png,input_data/stims/Shape_0.00_2.00.png,-1,-1,1.0,1.0,1,None,,,up,0.627587000024505,None,None,None,['left'],[0.42349990003276616],[0.31999979994725436],up,0.8154877000488341,None,2,0,2,0,0,12,12,21,587.6317004000302,,,,,,,,,,,,,,,,,587.6158069999656,0.0006085999775677919,588.5505077999551,588.5510127999587,588.5653192999307,589.5659272000194,589.5493705000263,589.5497913999716,0.00043260003440082073,590.9343422999373,590.9356355000054,590.9496270000236,590.9496270000236,590.9496270000236,590.9496270000236,590.9496270000236,590.9496270000236,590.9496270000236,591.7669348999625,"[-0.112, -0.112, -0.112, -0.112, -0.112, -0.112, -0.112, -0.112, -0.112, -0.112, -0.112, -0.112, -0.112, -0.112, -0.112, -0.112, -0.112, -0.112, -0.112, -0.112, -0.112, -0.112, -0.112, -0.112, -0.112, -0.112, -0.112, -0.12, -0.128, -0.136, -0.144, -0.152, -0.16, -0.168, -0.176, -0.184, -0.192, -0.2, -0.208, -0.216, -0.224, -0.232, -0.24, -0.248, -0.256, -0.264, -0.264, -0.264, -0.264, -0.264, -0.264]",None,None,['left'],[0.42349990003276616],[0.31999979994725436],up,0.8154877000488341,None,591.7673089000164,591.7825987000251,592.0326083999826,592.0161653999239,592.0165483999299,592.0326083999826,,593.0326330999378,,593.0162435999373,1,1,592.0326083999826,593.0326330999378,,,,,,,,,,,,,,,,,,,,,202603,,B,2026-07-22_11h27.17.442,valence_final_v2,2024.2.4,60,2026-07-22 11h27.28.654970 -0600,
13,13,0,6,2,flat_comp,235,3.7,0.34,1.0,0.212,flat,flat_curv,0.2,-0.2,-0.34,pen,input_data/stims/Shape_3.70_1.00.png,input_data/stims/Shape_4.00_2.00.png,input_data/stims/Shape_0.00_2.00.png,-1,-1,1.0,-1.0,1,None,,,up,0.627587000024505,None,None,None,['left'],[0.2817133000353351],[0.9522863000165671],up,1.2339996000519022,None,2,0,2,0,0,13,13,35,593.0326330999378,,,,,,,,,,,,,,,,,593.0168524000328,0.0006118000019341707,593.9005567999557,593.9009674999397,593.9161014999263,594.9161075999727,594.8995119000319,594.8999272999354,0.0004268999909982085,596.2848979999544,596.286414799979,596.2994189999299,596.2994189999299,596.2994189999299,596.2994189999299,596.2994189999299,596.2994189999299,596.2994189999299,597.5506259999238,"[0.212, 0.212, 0.212, 0.212, 0.212, 0.212, 0.212, 0.212, 0.212, 0.212, 0.212, 0.212, 0.212, 0.212, 0.212, 0.212, 0.212, 0.212, 0.204, 0.196, 0.188, 0.18, 0.172, 0.164, 0.156, 0.148, 0.14, 0.132, 0.124, 0.116, 0.108, 0.1, 0.092, 0.084, 0.076, 0.068, 0.06, 0.052, 0.044, 0.036, 0.028, 0.02, 0.012, 0.004, -0.004, -0.012, -0.02, -0.028, -0.036, -0.044, -0.052, -0.06, -0.068, -0.076, -0.084, -0.092, -0.1, -0.108, -0.116, -0.124, -0.132, -0.14, -0.148, -0.156, -0.164, -0.172, -0.18, -0.188, -0.196, -0.204, -0.212, -0.22, -0.228, -0.236, -0.244, -0.252, -0.252]",None,None,['left'],[0.2817133000353351],[0.9522863000165671],up,1.2339996000519022,None,597.551008899929,597.566102999961,597.8156269999454,597.7991206999868,597.7995149999624,597.8156269999454,,598.8162109999685,,598.7997018999886,1,1,597.8156269999454,598.8162109999685,,,,,,,,,,,,,,,,,,,,,202603,,B,2026-07-22_11h27.17.442,valence_final_v2,2024.2.4,60,2026-07-22 11h27.28.654970 -0600,
14,14,0,6,2,flat_comp,232,3.7,0.34,3.0,0.24,flat,curv_flat,0.2,0.2,0.34,pen,input_data/stims/Shape_3.70_3.00.png,input_data/stims/Shape_0.00_2.00.png,input_data/stims/Shape_4.00_2.00.png,-1,1,1.0,1.0,1,None,,,up,0.627587000024505,None,None,None,"['left', 'right']","[0.21000169997569174, 0.6180082000792027]","[0.30394990008790046, 0.33597949997056276]",up,1.1379607000853866,None,2,0,2,0,0,14,14,32,598.8162109999685,,,,,,,,,,,,,,,,,598.8003099999623,0.0006123000057414174,599.7353714000201,599.7360259999987,599.7494927999796,600.7495448000263,600.7332370999502,600.733710499946,0.0004846000811085105,602.0675435999874,602.069075700012,602.0831730000209,602.0831730000209,602.0831730000209,602.0831730000209,602.0831730000209,602.0831730000209,602.0831730000209,603.2330490000313,"[0.24, 0.24, 0.24, 0.24, 0.24, 0.24, 0.24, 0.24, 0.24, 0.24, 0.24, 0.24, 0.24, 0.24, 0.232, 0.224, 0.216, 0.208, 0.2, 0.192, 0.184, 0.176, 0.168, 0.16, 0.152, 0.144, 0.136, 0.128, 0.12, 0.112, 0.104, 0.096, 0.096, 0.096, 0.096, 0.096, 0.096, 0.096, 0.096, 0.104, 0.112, 0.12, 0.128, 0.136, 0.144, 0.152, 0.16, 0.168, 0.176, 0.184, 0.192, 0.2, 0.208, 0.216, 0.224, 0.232, 0.24, 0.248, 0.256, 0.256, 0.256, 0.256, 0.256, 0.256, 0.256, 0.256, 0.256, 0.256, 0.256, 0.256, 0.256]",None,None,"['left', 'right']","[0.21000169997569174, 0.6180082000792027]","[0.30394990008790046, 0.33597949997056276]",up,1.1379607000853866,None,603.233481299947,603.2487166000064,603.4987290999852,603.4822055000113,603.4825881000143,603.4987290999852,,604.4987548999488,,604.4822876999388,1,1,603.4987290999852,604.4987548999488,,,,,,,,,,,,,,,,,,,,,202603,,B,2026-07-22_11h27.17.442,valence_final_v2,2024.2.4,60,2026-07-22 11h27.28.654970 -0600,
15,15,0,6,2,flat_comp,230,3.5,0.3,1.0,-0.22,flat,curv_flat,0.2,0.2,0.3,pen,input_data/stims/Shape_3.50_1.00.png,input_data/stims/Shape_0.00_2.00.png,input_data/stims/Shape_4.00_2.00.png,-1,1,-1.0,-1.0,1,None,,,up,0.627587000024505,None,None,None,"['left', 'right']","[0.18159240006934851, 0.4375912999967113]","[0.19992589997127652, None]",up,1.5976098000537604,None,2,0,2,0,0,15,15,30,604.4987548999488,,,,,,,,,,,,,,,,,604.4829046999803,0.000620200065895915,605.5666849999689,605.5670843999833,605.5821226999396,606.5821245999541,606.5656023999909,606.5660295999842,0.0004403999773785472,608.0008744000224,608.0020895999623,608.015531299985,608.015531299985,608.015531299985,608.015531299985,608.015531299985,608.015531299985,608.015531299985,609.6170512000099,"[-0.22, -0.22, -0.22, -0.22, -0.22, -0.22, -0.22, -0.22, -0.22, -0.22, -0.22, -0.22, -0.228, -0.236, -0.244, -0.252, -0.26, -0.268, -0.276, -0.284, -0.292, -0.3, -0.308, -0.316, -0.316, -0.316, -0.316, -0.316, -0.308, -0.3, -0.292, -0.284, -0.276, -0.268, -0.26, -0.252, -0.244, -0.236, -0.228, -0.22, -0.212, -0.204, -0.196, -0.188, -0.18, -0.172, -0.164, -0.156, -0.148, -0.14, -0.132, -0.124, -0.116, -0.108, -0.1, -0.092, -0.084, -0.076, -0.068, -0.06, -0.052, -0.044, -0.036, -0.028, -0.02, -0.012, -0.004, 0.004, 0.012, 0.02, 0.028, 0.036, 0.044, 0.052, 0.06, 0.068, 0.076, 0.084, 0.092, 0.1, 0.108, 0.116, 0.124, 0.132, 0.14, 0.148, 0.156, 0.164, 0.172, 0.18, 0.188, 0.196, 0.204, 0.212, 0.22, 0.228, 0.236, 0.244]",None,None,"['left', 'right']","[0.18159240006934851, 0.4375912999967113]","[0.19992589997127652, None]",up,1.5976098000537604,None,609.617441499955,609.6322472000029,609.8822210999206,609.8657502999995,609.866143399966,609.8822210999206,,610.8822535999352,,610.865825099987,1,1,609.8822210999206,610.8822535999352,,,,,,,,,,,,,,,,,,,,,202603,,B,2026-07-22_11h27.17.442,valence_final_v2,2024.2.4,60,2026-07-22 11h27.28.654970 -0600,
16,16,0,6,2,flat_comp,233,3.7,0.34,3.0,0.248,flat,flat_curv,0.2,-0.2,-0.34,pen,input_data/stims/Shape_3.70_3.00.png,input_data/stims/Shape_4.00_2.00.png,input_data/stims/Shape_0.00_2.00.png,-1,-1,1.0,1.0,1,None,,,up,0.627587000024505,None,None,None,['left'],[0.3520428999327123],[None],up,1.400184000027366,None,2,0,2,0,0,16,16,33,610.8822535999352,,,,,,,,,,,,,,,,,610.8664658999769,0.0006401001010090113,611.9009134999942,611.9012989000184,611.9156342999777,612.9156832000008,612.8991885000141,612.8996075999457,0.00043120002374053,614.3346184999682,614.335866099922,614.3490337999538,614.3490337999538,614.3490337999538,614.3490337999538,614.3490337999538,614.3490337999538,614.3490337999538,615.7504197999369,"[0.248, 0.248, 0.248, 0.248, 0.248, 0.248, 0.248, 0.248, 0.248, 0.248, 0.248, 0.248, 0.248, 0.248, 0.248, 0.248, 0.248, 0.248, 0.248, 0.248, 0.248, 0.248, 0.248, 0.24, 0.232, 0.224, 0.216, 0.208, 0.2, 0.192, 0.184, 0.176, 0.168, 0.16, 0.152, 0.144, 0.136, 0.128, 0.12, 0.112, 0.104, 0.096, 0.088, 0.08, 0.072, 0.064, 0.056, 0.048, 0.04, 0.032, 0.024, 0.016, 0.008, 0.0, -0.008, -0.016, -0.024, -0.032, -0.04, -0.048, -0.056, -0.064, -0.072, -0.08, -0.088, -0.096, -0.104, -0.112, -0.12, -0.128, -0.136, -0.144, -0.152, -0.16, -0.168, -0.176, -0.184, -0.192, -0.2, -0.208, -0.216, -0.224, -0.232, -0.24, -0.248, -0.256]",None,None,['left'],[0.3520428999327123],[None],up,1.400184000027366,None,615.7507799000014,615.7657380999299,616.0157396999421,615.9992868999252,615.9996702999342,616.0157396999421,,617.0157620999962,,616.9993221999612,1,1,616.0157396999421,617.0157620999962,,,,,,,,,,,,,,,,,,,,,202603,,B,2026-07-22_11h27.17.442,valence_final_v2,2024.2.4,60,2026-07-22 11h27.28.654970 -0600,
17,17,0,6,2,flat_comp,201,1.1,-0.18,1.0,-0.22,curv,flat_curv,0.2,-0.2,0.18,rew,input_data/stims/Shape_1.10_1.00.png,input_data/stims/Shape_4.00_2.00.png,input_data/stims/Shape_0.00_2.00.png,1,-1,-1.0,-1.0,-1,None,,,up,0.627587000024505,None,None,None,['right'],[0.38081730005797],[0.6400142000056803],up,1.0607325000455603,None,2,0,2,0,0,17,17,1,617.0157620999962,,,,,,,,,,,,,,,,,616.9999126999173,0.0005926999729126692,617.9337151999352,617.9340967999306,617.9491468999768,618.9491470999783,618.9326720000245,618.9330880999332,0.0004276999970898032,620.2179491999559,620.2191839999286,620.2325601999182,620.2325601999182,620.2325601999182,620.2325601999182,620.2325601999182,620.2325601999182,620.2325601999182,621.3002143999329,"[-0.22, -0.22, -0.22, -0.22, -0.22, -0.22, -0.22, -0.22, -0.22, -0.22, -0.22, -0.22, -0.22, -0.22, -0.22, -0.22, -0.22, -0.22, -0.22, -0.22, -0.22, -0.22, -0.22, -0.22, -0.212, -0.204, -0.196, -0.188, -0.18, -0.172, -0.164, -0.156, -0.148, -0.14, -0.132, -0.124, -0.116, -0.108, -0.1, -0.092, -0.084, -0.076, -0.068, -0.06, -0.052, -0.044, -0.036, -0.028, -0.02, -0.012, -0.004, 0.004, 0.012, 0.02, 0.028, 0.036, 0.044, 0.052, 0.06, 0.068, 0.076, 0.084, 0.092, 0.092, 0.092, 0.092]",None,None,['right'],[0.38081730005797],[0.6400142000056803],up,1.0607325000455603,None,621.3005719999783,621.3158938999986,621.5658890999621,621.549433899927,621.5498101999983,621.5658890999621,621.5658890999621,622.5659154999303,622.5659154999303,622.5494202999398,1,3,,,,,,,,,,,,,,,,,,,,,,,202603,,B,2026-07-22_11h27.17.442,valence_final_v2,2024.2.4,60,2026-07-22 11h27.28.654970 -0600,
18,18,0,6,2,flat_comp,202,1.3,-0.14,3.0,-0.288,curv,curv_flat,0.2,0.2,-0.14,rew,input_data/stims/Shape_1.30_3.00.png,input_data/stims/Shape_0.00_2.00.png,input_data/stims/Shape_4.00_2.00.png,1,1,-1.0,1.0,-1,None,,,up,0.627587000024505,None,None,None,"['left', 'right']","[0.25652629998512566, 0.448462100001052]","[0.13593160000164062, 1.175997699960135]",up,1.8004823999945074,None,2,0,2,0,0,18,18,2,622.5659154999303,,,,,,,,,,,,,,,,,622.5500162999379,0.000598300015553832,623.4337624999462,623.4342440000037,623.4493057000218,624.4493251999374,624.4329518999439,624.4334357000189,0.0004975000629201531,625.7169381999411,625.718169300002,625.7326902999775,625.7326902999775,625.7326902999775,625.7326902999775,625.7326902999775,625.7326902999775,625.7326902999775,627.5506649999879,"[-0.288, -0.288, -0.288, -0.288, -0.288, -0.288, -0.288, -0.288, -0.288, -0.288, -0.288, -0.288, -0.288, -0.288, -0.288, -0.288, -0.288, -0.296, -0.304, -0.312, -0.32, -0.328, -0.336, -0.344, -0.352, -0.352, -0.352, -0.352, -0.344, -0.336, -0.328, -0.32, -0.312, -0.304, -0.296, -0.288, -0.28, -0.272, -0.264, -0.256, -0.248, -0.24, -0.232, -0.224, -0.216, -0.208, -0.2, -0.192, -0.184, -0.176, -0.168, -0.16, -0.152, -0.144, -0.136, -0.128, -0.12, -0.112, -0.104, -0.096, -0.088, -0.08, -0.072, -0.064, -0.056, -0.048, -0.04, -0.032, -0.024, -0.016, -0.008, 0.0, 0.008, 0.016, 0.024, 0.032, 0.04, 0.048, 0.056, 0.064, 0.072, 0.08, 0.088, 0.096, 0.104, 0.112, 0.12, 0.128, 0.136, 0.144, 0.152, 0.16, 0.168, 0.176, 0.184, 0.192, 0.2, 0.208, 0.216, 0.216, 0.216, 0.216, 0.216, 0.216, 0.216, 0.216, 0.216, 0.216, 0.216, 0.216, 0.216]",None,None,"['left', 'right']","[0.25652629998512566, 0.448462100001052]","[0.13593160000164062, 1.175997699960135]",up,1.8004823999945074,None,627.5511189999525,627.5660702999448,627.8161217999877,627.7996828999603,627.8000780999428,627.8161217999877,,628.8161077999976,,628.7996746000135,0,-1,,,627.8161217999877,628.8161077999976,,,,,,,,,,,,,,,,,,,202603,,B,2026-07-22_11h27.17.442,valence_final_v2,2024.2.4,60,2026-07-22 11h27.28.654970 -0600,
19,19,0,6,2,flat_comp,236,3.9,0.38,1.0,0.228,flat,curv_flat,0.2,0.2,0.38,pen,input_data/stims/Shape_3.90_1.00.png,input_data/stims/Shape_0.00_2.00.png,input_data/stims/Shape_4.00_2.00.png,-1,1,1.0,-1.0,1,None,,,up,0.627587000024505,None,None,None,"['right', 'left']","[0.24630460003390908, 0.5822345000924543]","[0.30423610005527735, None]",up,0.8542858000146225,None,2,0,2,0,0,19,19,36,628.8161077999976,,,,,,,,,,,,,,,,,628.8002887999173,0.0006180000491440296,629.8341545999283,629.8345511999214,629.8494870000286,630.849549699924,630.8330169999972,630.8334565999685,0.0004512000596150756,632.1687794999452,632.1700470999349,632.1828711000271,632.1828711000271,632.1828711000271,632.1828711000271,632.1828711000271,632.1828711000271,632.1828711000271,633.0509603000246,"[0.228, 0.228, 0.228, 0.228, 0.228, 0.228, 0.228, 0.228, 0.228, 0.228, 0.228, 0.228, 0.228, 0.228, 0.228, 0.228, 0.236, 0.244, 0.252, 0.26, 0.268, 0.276, 0.284, 0.292, 0.3, 0.308, 0.316, 0.324, 0.332, 0.34, 0.348, 0.356, 0.364, 0.372, 0.38, 0.38, 0.372, 0.364, 0.356, 0.348, 0.34, 0.332, 0.324, 0.316, 0.308, 0.3, 0.292, 0.284, 0.276, 0.268, 0.26, 0.252, 0.244, 0.236]",None,None,"['right', 'left']","[0.24630460003390908, 0.5822345000924543]","[0.30423610005527735, None]",up,0.8542858000146225,None,633.0513181999559,633.0662587999832,633.3162266999716,633.2997631999897,633.3001616999973,633.3162266999716,,634.3162941000191,,634.299806999974,1,1,633.3162266999716,634.3162941000191,,,,,,,,,,,,,,,,,,,,,202603,,B,2026-07-22_11h27.17.442,valence_final_v2,2024.2.4,60,2026-07-22 11h27.28.654970 -0600,
20,20,0,6,2,flat_comp,210,2.1,0.02,1.0,0.128,curv,curv_flat,0.2,0.2,0.02,rew,input_data/stims/Shape_2.10_1.00.png,input_data/stims/Shape_0.00_2.00.png,input_data/stims/Shape_4.00_2.00.png,1,1,-1.0,-1.0,-1,None,,,up,0.627587000024505,None,None,None,['right'],[0.5101659999927506],[0.4158748999470845],up,1.0460477999877185,None,2,0,2,0,0,20,20,10,634.3162941000191,,,,,,,,,,,,,,,,,634.3004131999332,0.0006096999859437346,635.2840463999892,635.2844395999564,635.2996413999936,636.2996617000317,636.2831876999699,636.2836106999312,0.00043400004506111145,637.7677235000301,637.7690644999966,637.7831204999238,637.7831204999238,637.7831204999238,637.7831204999238,637.7831204999238,637.7831204999238,637.7831204999238,638.8340828999644,"[0.128, 0.128, 0.128, 0.128, 0.128, 0.128, 0.128, 0.128, 0.128, 0.128, 0.128, 0.128, 0.128, 0.128, 0.128, 0.128, 0.128, 0.128, 0.128, 0.128, 0.128, 0.128, 0.128, 0.128, 0.128, 0.128, 0.128, 0.128, 0.128, 0.128, 0.128, 0.128, 0.136, 0.144, 0.152, 0.16, 0.168, 0.176, 0.184, 0.192, 0.2, 0.208, 0.216, 0.224, 0.232, 0.24, 0.248, 0.256, 0.264, 0.272, 0.28, 0.288, 0.296, 0.304, 0.312, 0.32, 0.328, 0.328, 0.328, 0.328, 0.328, 0.328, 0.328, 0.328, 0.328]",None,None,['right'],[0.5101659999927506],[0.4158748999470845],up,1.0460477999877185,None,638.8344615999376,638.8497849999694,639.0997412999859,639.0833970999811,639.0838274999987,639.0997412999859,,640.0997722999891,,640.0833631999558,0,-1,,,639.0997412999859,640.0997722999891,,,,,,,,,,,,,,,,,,,202603,,B,2026-07-22_11h27.17.442,valence_final_v2,2024.2.4,60,2026-07-22 11h27.28.654970 -0600,
21,21,0,6,2,flat_comp,238,3.9,0.38,3.0,0.22,flat,curv_flat,0.2,0.2,0.38,pen,input_data/stims/Shape_3.90_3.00.png,input_data/stims/Shape_0.00_2.00.png,input_data/stims/Shape_4.00_2.00.png,-1,1,1.0,1.0,1,None,,,up,0.627587000024505,None,None,None,"['left', 'right']","[0.4396868000039831, 0.7836031999904662]","[0.17601290007587522, 0.2320641000987962]",up,1.1276530000614002,None,2,0,2,0,0,21,21,38,640.0997722999891,,,,,,,,,,,,,,,,,640.0839783999836,0.0006183999357745051,641.0180248999968,641.0184145999374,641.0332555000205,642.0332620999543,642.0167429000139,642.0171733000316,0.00044269999489188194,643.301999200019,643.3036995999282,643.3175014000153,643.3175014000153,643.3175014000153,643.3175014000153,643.3175014000153,643.3175014000153,643.3175014000153,644.4517733999528,"[0.22, 0.22, 0.22, 0.22, 0.22, 0.22, 0.22, 0.22, 0.22, 0.22, 0.22, 0.22, 0.22, 0.22, 0.22, 0.22, 0.22, 0.22, 0.22, 0.22, 0.22, 0.22, 0.22, 0.22, 0.22, 0.22, 0.22, 0.22, 0.212, 0.204, 0.196, 0.188, 0.18, 0.172, 0.164, 0.156, 0.148, 0.14, 0.14, 0.14, 0.14, 0.14, 0.14, 0.14, 0.14, 0.14, 0.14, 0.14, 0.14, 0.148, 0.156, 0.164, 0.172, 0.18, 0.188, 0.196, 0.204, 0.212, 0.22, 0.228, 0.236, 0.244, 0.244, 0.244, 0.244, 0.244, 0.244, 0.244, 0.244, 0.244]",None,None,"['left', 'right']","[0.4396868000039831, 0.7836031999904662]","[0.17601290007587522, 0.2320641000987962]",up,1.1276530000614002,None,644.4521595999831,644.4674496999942,644.7175268999999,644.7009811999742,644.7013572999276,644.7175268999999,,645.7175779999234,,645.7010338000255,1,1,644.7175268999999,645.7175779999234,,,,,,,,,,,,,,,,,,,,,202603,,B,2026-07-22_11h27.17.442,valence_final_v2,2024.2.4,60,2026-07-22 11h27.28.654970 -0600,
22,22,0,6,2,flat_comp,206,1.7,-0.06,3.0,0.316,curv,curv_flat,0.2,0.2,-0.06,rew,input_data/stims/Shape_1.70_3.00.png,input_data/stims/Shape_0.00_2.00.png,input_data/stims/Shape_4.00_2.00.png,1,1,1.0,1.0,-1,None,,,up,0.627587000024505,None,None,None,['left'],[0.31464340002276003],[0.5840354000683874],up,1.0266245000530034,None,2,0,2,0,0,22,22,6,645.7175779999234,,,,,,,,,,,,,,,,,645.7016358999535,0.0006052000680938363,646.7861018999247,646.7868887999794,646.800867700018,647.8003934000153,647.784536399995,647.7849787999876,0.0004555999767035246,649.2191283999709,649.2206331000198,649.234543700004,649.234543700004,649.234543700004,649.234543700004,649.234543700004,649.234543700004,649.234543700004,650.268733899924,"[0.316, 0.316, 0.316, 0.316, 0.316, 0.316, 0.316, 0.316, 0.316, 0.316, 0.316, 0.316, 0.316, 0.316, 0.316, 0.316, 0.316, 0.316, 0.316, 0.316, 0.308, 0.3, 0.292, 0.284, 0.276, 0.268, 0.26, 0.252, 0.244, 0.236, 0.228, 0.22, 0.212, 0.204, 0.196, 0.188, 0.18, 0.172, 0.164, 0.156, 0.148, 0.14, 0.132, 0.124, 0.116, 0.108, 0.1, 0.092, 0.084, 0.076, 0.068, 0.06, 0.052, 0.044, 0.036, 0.036, 0.036, 0.036, 0.036, 0.036, 0.036, 0.036, 0.036, 0.036]",None,None,['left'],[0.31464340002276003],[0.5840354000683874],up,1.0266245000530034,None,650.2691278000129,650.2843188999686,650.5343187999679,650.5178258999949,650.5182116000215,650.5343187999679,650.5343187999679,651.5343425000319,651.5343425000319,651.517880499945,1,3,,,,,,,,,,,,,,,,,,,,,,,202603,,B,2026-07-22_11h27.17.442,valence_final_v2,2024.2.4,60,2026-07-22 11h27.28.654970 -0600,
23,23,0,6,2,flat_comp,234,3.7,0.34,3.0,0.224,flat,curv_flat,0.2,0.2,0.34,pen,input_data/stims/Shape_3.70_3.00.png,input_data/stims/Shape_0.00_2.00.png,input_data/stims/Shape_4.00_2.00.png,-1,1,1.0,1.0,1,None,,,up,0.627587000024505,None,None,None,"['right', 'left']","[0.32413459999952465, 0.9560996000654995]","[0.21597130002919585, 0.15995659993495792]",up,1.1960844000568613,None,2,0,2,0,0,23,23,34,651.5343425000319,,,,,,,,,,,,,,,,,651.5184757999377,0.0005981000140309334,652.4519542999333,652.4523416999727,652.4677054999629,653.4677491999464,653.451179799973,653.4516074999701,0.00044059997890144587,654.7860265999334,654.7876469999319,654.801085599931,654.801085599931,654.801085599931,654.801085599931,654.801085599931,654.801085599931,654.801085599931,656.0020993999206,"[0.224, 0.224, 0.224, 0.224, 0.224, 0.224, 0.224, 0.224, 0.224, 0.224, 0.224, 0.224, 0.224, 0.224, 0.224, 0.224, 0.224, 0.224, 0.224, 0.224, 0.224, 0.232, 0.24, 0.248, 0.256, 0.264, 0.272, 0.28, 0.288, 0.296, 0.304, 0.312, 0.32, 0.328, 0.328, 0.328, 0.328, 0.328, 0.328, 0.328, 0.328, 0.328, 0.328, 0.328, 0.328, 0.328, 0.328, 0.328, 0.328, 0.328, 0.328, 0.328, 0.328, 0.328, 0.328, 0.328, 0.328, 0.328, 0.328, 0.32, 0.312, 0.304, 0.296, 0.288, 0.28, 0.272, 0.264, 0.256, 0.256, 0.256, 0.256, 0.256, 0.256, 0.256]",None,None,"['right', 'left']","[0.32413459999952465, 0.9560996000654995]","[0.21597130002919585, 0.15995659993495792]",up,1.1960844000568613,None,656.0024738999782,656.0178269000025,656.2678184999386,656.2512648999691,656.2516522000078,656.2678184999386,,657.2678397999844,,657.2513188000303,1,1,656.2678184999386,657.2678397999844,,,,,,,,,,,,,,,,,,,,,202603,,B,2026-07-22_11h27.17.442,valence_final_v2,2024.2.4,60,2026-07-22 11h27.28.654970 -0600,
24,24,0,6,2,flat_comp,219,2.9,0.18,3.0,0.296,curv,flat_curv,0.2,-0.2,-0.18,rew,input_data/stims/Shape_2.90_3.00.png,input_data/stims/Shape_4.00_2.00.png,input_data/stims/Shape_0.00_2.00.png,1,-1,1.0,1.0,-1,None,,,up,0.627587000024505,None,None,None,"['right', 'left']","[0.26654799992684275, 0.4987347999121994]","[0.20000950002577156, None]",up,1.8985056999372318,None,2,0,2,0,0,24,24,19,657.2678397999844,,,,,,,,,,,,,,,,,657.2519104999956,0.0005951999919489026,658.2353769999463,658.2357594999485,658.2512437999249,659.251195800025,659.2346782999812,659.2350992999272,0.0004344000481069088,660.61897890002,660.620211499976,660.6346123999683,660.6346123999683,660.6346123999683,660.6346123999683,660.6346123999683,660.6346123999683,660.6346123999683,662.5362038000021,"[0.296, 0.296, 0.296, 0.296, 0.296, 0.296, 0.296, 0.296, 0.296, 0.296, 0.296, 0.296, 0.296, 0.296, 0.296, 0.296, 0.296, 0.296, 0.304, 0.312, 0.32, 0.328, 0.336, 0.344, 0.352, 0.36, 0.368, 0.376, 0.384, 0.392, 0.392, 0.384, 0.376, 0.368, 0.36, 0.352, 0.344, 0.336, 0.328, 0.32, 0.312, 0.304, 0.296, 0.288, 0.28, 0.272, 0.264, 0.256, 0.248, 0.24, 0.232, 0.224, 0.216, 0.208, 0.2, 0.192, 0.184, 0.176, 0.168, 0.16, 0.152, 0.144, 0.136, 0.128, 0.12, 0.112, 0.104, 0.096, 0.088, 0.08, 0.072, 0.064, 0.056, 0.048, 0.04, 0.032, 0.024, 0.016, 0.008, 0.0, -0.008, -0.016, -0.024, -0.032, -0.04, -0.048, -0.056, -0.064, -0.072, -0.08, -0.088, -0.096, -0.104, -0.112, -0.12, -0.128, -0.136, -0.144, -0.152, -0.16, -0.168, -0.176, -0.184, -0.192, -0.2, -0.208, -0.216, -0.224, -0.232, -0.24, -0.248, -0.256, -0.264, -0.272, -0.28, -0.288]",None,None,"['right', 'left']","[0.26654799992684275, 0.4987347999121994]","[0.20000950002577156, None]",up,1.8985056999372318,None,662.536639799946,662.5513123000273,662.8008188999956,662.7843414000235,662.7847417999292,662.8008188999956,,663.801350899972,,663.7848651999375,0,-1,,,662.8008188999956,663.801350899972,,,,,,,,,,,,,,,,,,,202603,,B,2026-07-22_11h27.17.442,valence_final_v2,2024.2.4,60,2026-07-22 11h27.28.654970 -0600,
25,25,0,6,2,flat_comp,208,1.9,-0.02,3.0,0.352,curv,curv_flat,0.2,0.2,-0.02,rew,input_data/stims/Shape_1.90_3.00.png,input_data/stims/Shape_0.00_2.00.png,input_data/stims/Shape_4.00_2.00.png,1,1,1.0,1.0,-1,None,,,up,0.627587000024505,None,None,None,"['right', 'left']","[0.3190007000230253, 0.6950190999777988]","[0.34402309998404235, 0.19202010007575154]",up,0.9749994999729097,None,2,0,2,0,0,25,25,8,663.801350899972,,,,,,,,,,,,,,,,,663.7854646999622,0.0006039000581949949,664.869578099926,664.8699590999167,664.8846704999451,665.8847421000246,665.8682195999427,665.8686410000082,0.00044319999869912863,667.3032995000249,667.3048635999439,667.3181609000312,667.3181609000312,667.3181609000312,667.3181609000312,667.3181609000312,667.3181609000312,667.3181609000312,668.302125499933,"[0.352, 0.352, 0.352, 0.352, 0.352, 0.352, 0.352, 0.352, 0.352, 0.352, 0.352, 0.352, 0.352, 0.352, 0.352, 0.352, 0.352, 0.352, 0.352, 0.352, 0.352, 0.36, 0.368, 0.376, 0.384, 0.392, 0.4, 0.4, 0.4, 0.4, 0.4, 0.4, 0.4, 0.4, 0.4, 0.4, 0.4, 0.4, 0.4, 0.4, 0.4, 0.4, 0.4, 0.392, 0.384, 0.376, 0.368, 0.36, 0.352, 0.344, 0.336, 0.328, 0.32, 0.312, 0.304, 0.304, 0.304, 0.304, 0.304, 0.304, 0.304]",None,None,"['right', 'left']","[0.3190007000230253, 0.6950190999777988]","[0.34402309998404235, 0.19202010007575154]",up,0.9749994999729097,None,668.3025075999321,668.3173952000216,668.5677770000184,668.5508652999997,668.5512545999372,668.5677770000184,,669.567421899992,,669.5509475999279,0,-1,,,668.5677770000184,669.567421899992,,,,,,,,,,,,,,,,,,,202603,,B,2026-07-22_11h27.17.442,valence_final_v2,2024.2.4,60,2026-07-22 11h27.28.654970 -0600,
26,26,0,6,2,flat_comp,204,1.5,-0.1,3.0,-0.34,curv,curv_flat,0.2,0.2,-0.1,rew,input_data/stims/Shape_1.50_3.00.png,input_data/stims/Shape_0.00_2.00.png,input_data/stims/Shape_4.00_2.00.png,1,1,-1.0,1.0,-1,None,,,up,0.627587000024505,None,None,None,['right'],[0.5122643000213429],[1.295983099960722],up,2.088215099996887,None,2,0,2,0,0,26,26,4,669.567421899992,,,,,,,,,,,,,,,,,669.551551099983,0.0006148000247776508,670.5855826999759,670.5859613999492,670.6011625999818,671.6008100999752,671.5846834999975,671.5851097999839,0.00043729995377361774,673.0689854000229,673.0702885999344,673.0849381999578,673.0849381999578,673.0849381999578,673.0849381999578,673.0849381999578,673.0849381999578,673.0849381999578,675.1856580999447,"[-0.34, -0.34, -0.34, -0.34, -0.34, -0.34, -0.34, -0.34, -0.34, -0.34, -0.34, -0.34, -0.34, -0.34, -0.34, -0.34, -0.34, -0.34, -0.34, -0.34, -0.34, -0.34, -0.34, -0.34, -0.34, -0.34, -0.34, -0.34, -0.34, -0.34, -0.34, -0.34, -0.332, -0.324, -0.316, -0.308, -0.3, -0.292, -0.284, -0.276, -0.268, -0.26, -0.252, -0.244, -0.236, -0.228, -0.22, -0.212, -0.204, -0.196, -0.188, -0.18, -0.172, -0.164, -0.156, -0.148, -0.14, -0.132, -0.124, -0.116, -0.108, -0.1, -0.092, -0.084, -0.076, -0.068, -0.06, -0.052, -0.044, -0.036, -0.028, -0.02, -0.012, -0.004, 0.004, 0.012, 0.02, 0.028, 0.036, 0.044, 0.052, 0.06, 0.068, 0.076, 0.084, 0.092, 0.1, 0.108, 0.116, 0.124, 0.132, 0.14, 0.148, 0.156, 0.164, 0.172, 0.18, 0.188, 0.196, 0.204, 0.212, 0.22, 0.228, 0.236, 0.244, 0.252, 0.26, 0.268, 0.276, 0.284, 0.284, 0.284, 0.284, 0.284, 0.284, 0.284, 0.284, 0.284, 0.284, 0.284, 0.284, 0.284, 0.284, 0.284, 0.284, 0.284, 0.284, 0.284]",None,None,['right'],[0.5122643000213429],[1.295983099960722],up,2.088215099996887,None,675.1860730999615,675.2009208999807,675.4513105999213,675.434402099927,675.43478339992,675.4513105999213,,676.4509489999618,,676.4348467999371,0,-1,,,675.4513105999213,676.4509489999618,,,,,,,,,,,,,,,,,,,202603,,B,2026-07-22_11h27.17.442,valence_final_v2,2024.2.4,60,2026-07-22 11h27.28.654970 -0600,
27,27,0,6,2,flat_comp,212,2.3,0.06,1.0,0.316,curv,curv_flat,0.2,0.2,0.06,rew,input_data/stims/Shape_2.30_1.00.png,input_data/stims/Shape_0.00_2.00.png,input_data/stims/Shape_4.00_2.00.png,1,1,1.0,-1.0,-1,None,,,up,0.627587000024505,None,None,None,['left'],[0.28507390001323074],[0.8239364000037313],up,1.181079400004819,None,2,0,2,0,0,27,27,12,676.4509489999618,,,,,,,,,,,,,,,,,676.4354402000317,0.000595899997279048,677.3696535999188,677.3700496000238,677.3847228999948,678.3843404999934,678.3682214999571,678.3686379999854,0.0004278999986127019,679.7530645999359,679.754746499937,679.7681130999699,679.7681130999699,679.7681130999699,679.7681130999699,679.7681130999699,679.7681130999699,679.7681130999699,680.9524446999421,"[0.316, 0.316, 0.316, 0.316, 0.316, 0.316, 0.316, 0.316, 0.316, 0.316, 0.316, 0.316, 0.316, 0.316, 0.316, 0.316, 0.316, 0.316, 0.316, 0.308, 0.3, 0.292, 0.284, 0.276, 0.268, 0.26, 0.252, 0.244, 0.236, 0.228, 0.22, 0.212, 0.204, 0.196, 0.188, 0.18, 0.172, 0.164, 0.156, 0.148, 0.14, 0.132, 0.124, 0.116, 0.108, 0.1, 0.092, 0.084, 0.076, 0.068, 0.06, 0.052, 0.044, 0.036, 0.028, 0.02, 0.012, 0.004, -0.004, -0.012, -0.02, -0.028, -0.036, -0.044, -0.052, -0.06, -0.068, -0.076, -0.076, -0.076, -0.076, -0.076, -0.076]",None,None,['left'],[0.28507390001323074],[0.8239364000037313],up,1.181079400004819,None,680.9528261999367,680.9677540999837,681.2181907999329,681.2012469000183,681.2016310000326,681.2181907999329,681.2181907999329,682.2177884000121,682.2177884000121,682.2016956999432,1,3,,,,,,,,,,,,,,,,,,,,,,,202603,,B,2026-07-22_11h27.17.442,valence_final_v2,2024.2.4,60,2026-07-22 11h27.28.654970 -0600,
28,28,0,6,2,flat_comp,203,1.3,-0.14,1.0,-0.156,curv,flat_curv,0.2,-0.2,0.14,rew,input_data/stims/Shape_1.30_1.00.png,input_data/stims/Shape_4.00_2.00.png,input_data/stims/Shape_0.00_2.00.png,1,-1,1.0,-1.0,-1,None,,,up,0.627587000024505,None,None,None,['right'],[0.3601905000396073],[0.5599709999514744],up,1.048199399956502,None,2,0,2,0,0,28,28,3,682.2177884000121,,,,,,,,,,,,,,,,,682.2022992999991,0.0006076999707147479,683.1864082999527,683.1870889000129,683.201521400013,684.2011737999273,684.1850430999184,684.1854681000113,0.00043619994539767504,685.6693138999399,685.6705421999795,685.6849563999567,685.6849563999567,685.6849563999567,685.6849563999567,685.6849563999567,685.6849563999567,685.6849563999567,686.7360076999757,"[-0.156, -0.156, -0.156, -0.156, -0.156, -0.156, -0.156, -0.156, -0.156, -0.156, -0.156, -0.156, -0.156, -0.156, -0.156, -0.156, -0.156, -0.156, -0.156, -0.156, -0.156, -0.156, -0.156, -0.148, -0.14, -0.132, -0.124, -0.116, -0.108, -0.1, -0.092, -0.084, -0.076, -0.068, -0.06, -0.052, -0.044, -0.036, -0.028, -0.02, -0.012, -0.004, 0.004, 0.012, 0.02, 0.028, 0.036, 0.044, 0.052, 0.06, 0.068, 0.076, 0.084, 0.092, 0.1, 0.108, 0.116, 0.116, 0.116, 0.116, 0.116, 0.116, 0.116, 0.116, 0.116]",None,None,['right'],[0.3601905000396073],[0.5599709999514744],up,1.048199399956502,None,686.7363963000244,686.7512656999752,687.0016185999848,686.9847343999427,686.9851181999547,687.0016185999848,687.0016185999848,688.0012871000217,688.0012871000217,687.9851743000327,1,3,,,,,,,,,,,,,,,,,,,,,,,202603,,B,2026-07-22_11h27.17.442,valence_final_v2,2024.2.4,60,2026-07-22 11h27.28.654970 -0600,
29,29,0,6,2,flat_comp,217,2.7,0.14,3.0,0.18,curv,flat_curv,0.2,-0.2,-0.14,rew,input_data/stims/Shape_2.70_3.00.png,input_data/stims/Shape_4.00_2.00.png,input_data/stims/Shape_0.00_2.00.png,1,-1,1.0,1.0,-1,None,,,up,0.627587000024505,None,None,None,"['left', 'left']","[0.5102950000436977, 1.1583052000496536]","[0.5360638999845833, 0.14402429992333055]",up,1.6222481000004336,None,2,0,2,0,0,29,29,17,688.0012871000217,,,,,,,,,,,,,,,,,687.9857764999615,0.000604500062763691,689.0699105999665,689.0703140000114,689.0850484999828,690.0846762999427,690.0685625999467,690.0689885999309,0.00043780007399618626,691.5028332999209,691.5040435999399,691.5189039999386,691.5189039999386,691.5189039999386,691.5189039999386,691.5189039999386,691.5189039999386,691.5189039999386,693.1532402000157,"[0.18, 0.18, 0.18, 0.18, 0.18, 0.18, 0.18, 0.18, 0.18, 0.18, 0.18, 0.18, 0.18, 0.18, 0.18, 0.18, 0.18, 0.18, 0.18, 0.18, 0.18, 0.18, 0.18, 0.18, 0.18, 0.18, 0.18, 0.18, 0.18, 0.18, 0.18, 0.18, 0.172, 0.164, 0.156, 0.148, 0.14, 0.132, 0.124, 0.116, 0.108, 0.1, 0.092, 0.084, 0.076, 0.068, 0.06, 0.052, 0.044, 0.036, 0.028, 0.02, 0.012, 0.004, -0.004, -0.012, -0.02, -0.028, -0.036, -0.044, -0.052, -0.06, -0.068, -0.076, -0.076, -0.076, -0.076, -0.076, -0.076, -0.076, -0.076, -0.084, -0.092, -0.1, -0.108, -0.116, -0.124, -0.132, -0.14, -0.148, -0.148, -0.148, -0.148, -0.148, -0.148, -0.148, -0.148, -0.148, -0.148, -0.148, -0.148, -0.148, -0.148, -0.148, -0.148, -0.148, -0.148, -0.148, -0.148, -0.148]",None,None,"['left', 'left']","[0.5102950000436977, 1.1583052000496536]","[0.5360638999845833, 0.14402429992333055]",up,1.6222481000004336,None,693.1536309999647,693.1688692999305,693.418894100003,693.4023210000014,693.4027079999214,693.418894100003,693.418894100003,694.4189373999834,694.4189373999834,694.4023575999308,1,3,,,,,,,,,,,,,,,,,,,,,,,202603,,B,2026-07-22_11h27.17.442,valence_final_v2,2024.2.4,60,2026-07-22 11h27.28.654970 -0600,
30,30,0,6,2,flat_comp,220,3.1,0.22,1.0,0.388,flat,curv_flat,0.2,0.2,0.22,pen,input_data/stims/Shape_3.10_1.00.png,input_data/stims/Shape_0.00_2.00.png,input_data/stims/Shape_4.00_2.00.png,-1,1,1.0,-1.0,1,None,,,up,0.627587000024505,None,None,None,['left'],[0.5072160999989137],[0.5279583000810817],up,1.2352257000748068,None,2,0,2,0,0,30,30,20,694.4189373999834,,,,,,,,,,,,,,,,,694.4029533999274,0.000597700010985136,695.4869329999201,695.4873647999484,695.5021835999796,696.5022536999313,696.4857770999661,696.4861964000156,0.0004311000229790807,697.97054140002,697.9718740999233,697.9859990000259,697.9859990000259,697.9859990000259,697.9859990000259,697.9859990000259,697.9859990000259,697.9859990000259,699.236751499935,"[0.388, 0.388, 0.388, 0.388, 0.388, 0.388, 0.388, 0.388, 0.388, 0.388, 0.388, 0.388, 0.388, 0.388, 0.388, 0.388, 0.388, 0.388, 0.388, 0.388, 0.388, 0.388, 0.388, 0.388, 0.388, 0.388, 0.388, 0.388, 0.388, 0.388, 0.388, 0.388, 0.38, 0.372, 0.364, 0.356, 0.348, 0.34, 0.332, 0.324, 0.316, 0.308, 0.3, 0.292, 0.284, 0.276, 0.268, 0.26, 0.252, 0.244, 0.236, 0.228, 0.22, 0.212, 0.204, 0.196, 0.188, 0.18, 0.172, 0.164, 0.156, 0.148, 0.14, 0.132, 0.132, 0.132, 0.132, 0.132, 0.132, 0.132, 0.132, 0.132, 0.132, 0.132, 0.132, 0.132, 0.132]",None,None,['left'],[0.5072160999989137],[0.5279583000810817],up,1.2352257000748068,None,699.2371296000201,699.2523256000131,699.5022897999734,699.4858734000009,699.4862575000152,699.5022897999734,,700.5023437999189,,700.4859149999684,0,-3,,,,,699.5022897999734,700.5023437999189,,,,,,,,,,,,,,,,,202603,,B,2026-07-22_11h27.17.442,valence_final_v2,2024.2.4,60,2026-07-22 11h27.28.654970 -0600,
31,31,0,6,2,flat_comp,239,3.9,0.38,3.0,-0.188,flat,flat_curv,0.2,-0.2,-0.38,pen,input_data/stims/Shape_3.90_3.00.png,input_data/stims/Shape_4.00_2.00.png,input_data/stims/Shape_0.00_2.00.png,-1,-1,1.0,1.0,1,None,,,up,0.627587000024505,None,None,None,"['right', 'left']","[0.34036570007447153, 0.5164263000478968]","[0.11210979998577386, 0.31995749997440726]",up,0.9084389000199735,None,2,0,2,0,0,31,31,39,700.5023437999189,,,,,,,,,,,,,,,,,700.4865161000052,0.0006046999478712678,701.4709653999889,701.4714607999194,701.4858376999618,702.4857524000108,702.4692631999496,702.4696797999786,0.0004284000024199486,703.7538639999693,703.7551014999626,703.7687768000178,703.7687768000178,703.7687768000178,703.7687768000178,703.7687768000178,703.7687768000178,703.7687768000178,704.686454199953,"[-0.188, -0.188, -0.188, -0.188, -0.188, -0.188, -0.188, -0.188, -0.188, -0.188, -0.188, -0.188, -0.188, -0.188, -0.188, -0.188, -0.188, -0.188, -0.188, -0.188, -0.188, -0.188, -0.18, -0.172, -0.164, -0.156, -0.148, -0.14, -0.132, -0.132, -0.132, -0.132, -0.14, -0.148, -0.156, -0.164, -0.172, -0.18, -0.188, -0.196, -0.204, -0.212, -0.22, -0.228, -0.236, -0.244, -0.252, -0.26, -0.268, -0.276, -0.284, -0.292, -0.292, -0.292, -0.292, -0.292, -0.292]",None,None,"['right', 'left']","[0.34036570007447153, 0.5164263000478968]","[0.11210979998577386, 0.31995749997440726]",up,0.9084389000199735,None,704.6868313000305,704.7017615999794,704.9521331000142,704.9356140999589,704.9359944999451,704.9521331000142,,705.9517912999727,,705.9356802999973,1,1,704.9521331000142,705.9517912999727,,,,,,,,,,,,,,,,,,,,,202603,,B,2026-07-22_11h27.17.442,valence_final_v2,2024.2.4,60,2026-07-22 11h27.28.654970 -0600,
32,32,0,6,2,flat_comp,231,3.5,0.3,3.0,0.292,flat,flat_curv,0.2,-0.2,-0.3,pen,input_data/stims/Shape_3.50_3.00.png,input_data/stims/Shape_4.00_2.00.png,input_data/stims/Shape_0.00_2.00.png,-1,-1,1.0,1.0,1,None,,,up,0.627587000024505,None,None,None,['left'],[0.41467890003696084],[1.10409699997399],up,1.5187759000109509,None,2,0,2,0,0,32,32,31,705.9517912999727,,,,,,,,,,,,,,,,,705.936285499949,0.0006089999806135893,706.9200615999289,706.9204462999478,706.9355456000194,707.9355562999845,707.9186835000291,707.9191103000194,0.00043839996214956045,709.3029850999592,709.3042030999204,709.3185651999665,709.3185651999665,709.3185651999665,709.3185651999665,709.3185651999665,709.3185651999665,709.3185651999665,710.8531234000111,"[0.292, 0.292, 0.292, 0.292, 0.292, 0.292, 0.292, 0.292, 0.292, 0.292, 0.292, 0.292, 0.292, 0.292, 0.292, 0.292, 0.292, 0.292, 0.292, 0.292, 0.292, 0.292, 0.292, 0.292, 0.292, 0.292, 0.284, 0.276, 0.268, 0.26, 0.252, 0.244, 0.236, 0.228, 0.22, 0.212, 0.204, 0.196, 0.188, 0.18, 0.172, 0.164, 0.156, 0.148, 0.14, 0.132, 0.124, 0.116, 0.108, 0.1, 0.092, 0.084, 0.076, 0.068, 0.06, 0.052, 0.044, 0.036, 0.028, 0.02, 0.012, 0.004, -0.004, -0.012, -0.02, -0.028, -0.036, -0.044, -0.052, -0.06, -0.068, -0.076, -0.084, -0.092, -0.1, -0.108, -0.116, -0.124, -0.132, -0.14, -0.148, -0.156, -0.164, -0.172, -0.18, -0.188, -0.196, -0.204, -0.212, -0.22, -0.228, -0.236, -0.244, -0.244]",None,None,['left'],[0.41467890003696084],[1.10409699997399],up,1.5187759000109509,None,710.8534973999485,710.8685969000217,711.1190370999975,711.1024342000019,711.1028542999411,711.1190370999975,,712.1186528999824,,712.1024962000083,1,1,711.1190370999975,712.1186528999824,,,,,,,,,,,,,,,,,,,,,202603,,B,2026-07-22_11h27.17.442,valence_final_v2,2024.2.4,60,2026-07-22 11h27.28.654970 -0600,
33,33,0,6,2,flat_comp,215,2.5,0.1,3.0,0.376,curv,flat_curv,0.2,-0.2,-0.1,rew,input_data/stims/Shape_2.50_3.00.png,input_data/stims/Shape_4.00_2.00.png,input_data/stims/Shape_0.00_2.00.png,1,-1,1.0,1.0,-1,None,,,up,0.627587000024505,None,None,None,['left'],[0.43543219997081906],[None],up,1.7473832999821752,None,2,0,2,0,0,33,33,15,712.1186528999824,,,,,,,,,,,,,,,,,712.1031333999708,0.0006409999914467335,713.0873273999896,713.087785199983,713.1023525999626,714.1020209999988,714.0858741999837,714.086295099929,0.000431500026024878,715.3707556999288,715.3720674000215,715.3857969000237,715.3857969000237,715.3857969000237,715.3857969000237,715.3857969000237,715.3857969000237,715.3857969000237,717.1372428999748,"[0.376, 0.376, 0.376, 0.376, 0.376, 0.376, 0.376, 0.376, 0.376, 0.376, 0.376, 0.376, 0.376, 0.376, 0.376, 0.376, 0.376, 0.376, 0.376, 0.376, 0.376, 0.376, 0.376, 0.376, 0.376, 0.376, 0.376, 0.376, 0.368, 0.36, 0.352, 0.344, 0.336, 0.328, 0.32, 0.312, 0.304, 0.296, 0.288, 0.28, 0.272, 0.264, 0.256, 0.248, 0.24, 0.232, 0.224, 0.216, 0.208, 0.2, 0.192, 0.184, 0.176, 0.168, 0.16, 0.152, 0.144, 0.136, 0.128, 0.12, 0.112, 0.104, 0.096, 0.088, 0.08, 0.072, 0.064, 0.056, 0.048, 0.04, 0.032, 0.024, 0.016, 0.008, 0.0, -0.008, -0.016, -0.024, -0.032, -0.04, -0.048, -0.056, -0.064, -0.072, -0.08, -0.088, -0.096, -0.104, -0.112, -0.12, -0.128, -0.136, -0.144, -0.152, -0.16, -0.168, -0.176, -0.184, -0.192, -0.2, -0.208, -0.216, -0.224, -0.232, -0.24, -0.248, -0.256]",None,None,['left'],[0.43543219997081906],[None],up,1.7473832999821752,None,717.1376578999916,717.1521090000169,717.4024682999589,717.3855947999982,717.3859770999989,717.4024682999589,,718.4021430999273,,718.3860468999483,0,-1,,,717.4024682999589,718.4021430999273,,,,,,,,,,,,,,,,,,,202603,,B,2026-07-22_11h27.17.442,valence_final_v2,2024.2.4,60,2026-07-22 11h27.28.654970 -0600,
34,34,0,6,2,flat_comp,228,3.5,0.3,3.0,-0.248,flat,curv_flat,0.2,0.2,0.3,pen,input_data/stims/Shape_3.50_3.00.png,input_data/stims/Shape_0.00_2.00.png,input_data/stims/Shape_4.00_2.00.png,-1,1,-1.0,1.0,1,None,,,up,0.627587000024505,None,None,None,"['left', 'right']","[0.26626319997012615, 0.44231099996250123]","[0.15203939995262772, 1.2079347999533638]",up,1.6344633999979123,None,2,0,2,0,0,34,34,28,718.4021430999273,,,,,,,,,,,,,,,,,718.3866441999562,0.0005992000224068761,719.3207499999553,719.3212149000028,719.3358797000255,720.3359090000158,720.3194464999251,720.3198845000006,0.0004504999378696084,721.6042819999857,721.6055500999792,721.6189134999877,721.6189134999877,721.6189134999877,721.6189134999877,721.6189134999877,721.6189134999877,721.6189134999877,723.2705081999302,"[-0.248, -0.248, -0.248, -0.248, -0.248, -0.248, -0.248, -0.248, -0.248, -0.248, -0.248, -0.248, -0.248, -0.248, -0.248, -0.248, -0.248, -0.256, -0.264, -0.272, -0.28, -0.288, -0.296, -0.304, -0.312, -0.32, -0.328, -0.328, -0.32, -0.312, -0.304, -0.296, -0.288, -0.28, -0.272, -0.264, -0.256, -0.248, -0.24, -0.232, -0.224, -0.216, -0.208, -0.2, -0.192, -0.184, -0.176, -0.168, -0.16, -0.152, -0.144, -0.136, -0.128, -0.12, -0.112, -0.104, -0.096, -0.088, -0.08, -0.072, -0.064, -0.056, -0.048, -0.04, -0.032, -0.024, -0.016, -0.008, 0.0, 0.008, 0.016, 0.024, 0.032, 0.04, 0.048, 0.056, 0.064, 0.072, 0.08, 0.088, 0.096, 0.104, 0.112, 0.12, 0.128, 0.136, 0.144, 0.152, 0.16, 0.168, 0.176, 0.184, 0.192, 0.2, 0.208, 0.216, 0.224, 0.232, 0.24, 0.248, 0.248]",None,None,"['left', 'right']","[0.26626319997012615, 0.44231099996250123]","[0.15203939995262772, 1.2079347999533638]",up,1.6344633999979123,None,723.2708712000167,723.2856149999425,723.5359801999293,723.5191062999656,723.5194889999693,723.5359801999293,,724.5356474999571,,724.519152999972,1,1,723.5359801999293,724.5356474999571,,,,,,,,,,,,,,,,,,,,,202603,,B,2026-07-22_11h27.17.442,valence_final_v2,2024.2.4,60,2026-07-22 11h27.28.654970 -0600,
35,35,0,6,2,flat_comp,223,3.1,0.22,1.0,0.08,flat,flat_curv,0.2,-0.2,-0.22,pen,input_data/stims/Shape_3.10_1.00.png,input_data/stims/Shape_4.00_2.00.png,input_data/stims/Shape_0.00_2.00.png,-1,-1,1.0,-1.0,1,None,,,up,0.627587000024505,None,None,None,['left'],[0.4144989000633359],[0.6639687999850139],up,1.2144597000442445,None,2,0,2,0,0,35,35,23,724.5356474999571,,,,,,,,,,,,,,,,,724.519751099986,0.0006013999227434397,725.40467790002,725.4050815999508,725.4194156000158,726.4190572999651,726.4028789999429,726.4033105999697,0.00044319999869912863,727.8877986000152,727.8890923999716,727.9027693999233,727.9027693999233,727.9027693999233,727.9027693999233,727.9027693999233,727.9027693999233,727.9027693999233,729.1201067999937,"[0.08, 0.08, 0.08, 0.08, 0.08, 0.08, 0.08, 0.08, 0.08, 0.08, 0.08, 0.08, 0.08, 0.08, 0.08, 0.08, 0.08, 0.08, 0.08, 0.08, 0.08, 0.08, 0.08, 0.08, 0.08, 0.08, 0.072, 0.064, 0.056, 0.048, 0.04, 0.032, 0.024, 0.016, 0.008, 0.0, -0.008, -0.016, -0.024, -0.032, -0.04, -0.048, -0.056, -0.064, -0.072, -0.08, -0.088, -0.096, -0.104, -0.112, -0.12, -0.128, -0.136, -0.144, -0.152, -0.16, -0.168, -0.176, -0.184, -0.192, -0.2, -0.208, -0.216, -0.224, -0.232, -0.24, -0.24, -0.24, -0.24, -0.24, -0.24, -0.24, -0.24, -0.24, -0.24]",None,None,['left'],[0.4144989000633359],[0.6639687999850139],up,1.2144597000442445,None,729.1204873999814,729.1357821000274,729.3861754999962,729.3692512999987,729.3696356000146,729.3861754999962,,730.3858119000215,,730.369688799954,1,1,729.3861754999962,730.3858119000215,,,,,,,,,,,,,,,,,,,,,202603,,B,2026-07-22_11h27.17.442,valence_final_v2,2024.2.4,60,2026-07-22 11h27.28.654970 -0600,
36,36,0,6,2,flat_comp,227,3.3,0.26,1.0,0.22,flat,flat_curv,0.2,-0.2,-0.26,pen,input_data/stims/Shape_3.30_1.00.png,input_data/stims/Shape_4.00_2.00.png,input_data/stims/Shape_0.00_2.00.png,-1,-1,1.0,-1.0,1,None,,,up,0.627587000024505,None,None,None,['left'],[0.29250280000269413],[0.9758900000015274],up,1.2683928000042215,None,2,0,2,0,0,36,36,27,730.3858119000215,,,,,,,,,,,,,,,,,730.3702993999468,0.0006124000065028667,731.4543641000055,731.4547683999408,731.4695689999498,732.4692215999821,732.452676899964,732.4530963000143,0.00043120002374053,733.9373275999678,733.9387063999893,733.9528006999753,733.9528006999753,733.9528006999753,733.9528006999753,733.9528006999753,733.9528006999753,733.9528006999753,735.2373858999927,"[0.22, 0.22, 0.22, 0.22, 0.22, 0.22, 0.22, 0.22, 0.22, 0.22, 0.22, 0.22, 0.22, 0.22, 0.22, 0.22, 0.22, 0.22, 0.22, 0.212, 0.204, 0.196, 0.188, 0.18, 0.172, 0.164, 0.156, 0.148, 0.14, 0.132, 0.124, 0.116, 0.108, 0.1, 0.092, 0.084, 0.076, 0.068, 0.06, 0.052, 0.044, 0.036, 0.028, 0.02, 0.012, 0.004, -0.004, -0.012, -0.02, -0.028, -0.036, -0.044, -0.052, -0.06, -0.068, -0.076, -0.084, -0.092, -0.1, -0.108, -0.116, -0.124, -0.132, -0.14, -0.148, -0.156, -0.164, -0.172, -0.18, -0.188, -0.196, -0.204, -0.212, -0.22, -0.228, -0.236, -0.244, -0.252, -0.252]",None,None,['left'],[0.29250280000269413],[0.9758900000015274],up,1.2683928000042215,None,735.2377391000045,735.2525914999424,735.502605299931,735.4860788999358,735.4864732000278,735.502605299931,,736.5026315000141,,736.4862465999322,1,1,735.502605299931,736.5026315000141,,,,,,,,,,,,,,,,,,,,,202603,,B,2026-07-22_11h27.17.442,valence_final_v2,2024.2.4,60,2026-07-22 11h27.28.654970 -0600,
37,37,0,6,2,flat_comp,214,2.5,0.1,1.0,-0.392,curv,curv_flat,0.2,0.2,0.1,rew,input_data/stims/Shape_2.50_1.00.png,input_data/stims/Shape_0.00_2.00.png,input_data/stims/Shape_4.00_2.00.png,1,1,-1.0,-1.0,-1,None,,,up,0.627587000024505,None,None,None,"['left', 'right', 'left']","[0.36752710002474487, 0.463739600032568, 0.4873712999979034]","[0.09621250000782311, None, 0.12004970002453774]",up,1.8874268000945449,None,2,0,2,0,0,37,37,14,736.5026315000141,,,,,,,,,,,,,,,,,736.4868724999251,0.0006281000096350908,737.3720073000295,737.3727909999434,737.386265499983,738.3860359999817,738.3697628999362,738.3701854000101,0.000435599940828979,739.654520799988,739.6557292999933,739.6697976000141,739.6697976000141,739.6697976000141,739.6697976000141,739.6697976000141,739.6697976000141,739.6697976000141,741.5716800999362,"[-0.392, -0.392, -0.392, -0.392, -0.392, -0.392, -0.392, -0.392, -0.392, -0.392, -0.392, -0.392, -0.392, -0.392, -0.392, -0.392, -0.392, -0.392, -0.392, -0.392, -0.392, -0.392, -0.392, -0.392, -0.4, -0.4, -0.4, -0.4, -0.4, -0.392, -0.384, -0.384, -0.384, -0.384, -0.384, -0.384, -0.384, -0.384, -0.376, -0.368, -0.36, -0.352, -0.344, -0.336, -0.328, -0.32, -0.312, -0.304, -0.296, -0.288, -0.28, -0.272, -0.264, -0.256, -0.248, -0.24, -0.232, -0.224, -0.216, -0.208, -0.2, -0.192, -0.184, -0.176, -0.168, -0.16, -0.152, -0.144, -0.136, -0.128, -0.12, -0.112, -0.104, -0.096, -0.088, -0.08, -0.072, -0.064, -0.056, -0.048, -0.04, -0.032, -0.024, -0.016, -0.008, 0.0, 0.008, 0.016, 0.024, 0.032, 0.04, 0.048, 0.056, 0.064, 0.072, 0.08, 0.088, 0.096, 0.104, 0.112, 0.12, 0.128, 0.136, 0.144, 0.152, 0.16, 0.168, 0.176, 0.184, 0.192, 0.2, 0.208, 0.216, 0.224, 0.232, 0.24]",None,None,"['left', 'right', 'left']","[0.36752710002474487, 0.463739600032568, 0.4873712999979034]","[0.09621250000782311, None, 0.12004970002453774]",up,1.8874268000945449,None,741.5720626999391,741.5869277999736,741.8369197000284,741.8204900999554,741.8208700999385,741.8369197000284,,742.8369368999265,,742.8199742999859,0,-1,,,741.8369197000284,742.8369368999265,,,,,,,,,,,,,,,,,,,202603,,B,2026-07-22_11h27.17.442,valence_final_v2,2024.2.4,60,2026-07-22 11h27.28.654970 -0600,
38,38,0,6,2,flat_comp,207,1.7,-0.06,1.0,0.296,curv,flat_curv,0.2,-0.2,0.06,rew,input_data/stims/Shape_1.70_1.00.png,input_data/stims/Shape_4.00_2.00.png,input_data/stims/Shape_0.00_2.00.png,1,-1,1.0,-1.0,-1,None,,,up,0.627587000024505,None,None,None,"['right', 'left']","[0.6616001001093537, 0.7257771000731736]","[0.06417699996381998, 0.6957940999418497]",up,1.509698300040327,None,2,0,2,0,0,38,38,7,742.8369368999265,,,,,,,,,,,,,,,,,742.8206140999682,0.0006457999115809798,743.7054295999696,743.7058445999864,743.7204100999516,744.7203840999864,744.7038293000078,744.7042575000087,0.0004403999773785472,746.0887070000172,746.090096400003,746.1036076999735,746.1036076999735,746.1036076999735,746.1036076999735,746.1036076999735,746.1036076999735,746.1036076999735,747.6214858000167,"[0.296, 0.296, 0.296, 0.296, 0.296, 0.296, 0.296, 0.296, 0.296, 0.296, 0.296, 0.296, 0.296, 0.296, 0.296, 0.296, 0.296, 0.296, 0.296, 0.296, 0.296, 0.296, 0.296, 0.296, 0.296, 0.296, 0.296, 0.296, 0.296, 0.296, 0.296, 0.296, 0.296, 0.296, 0.296, 0.296, 0.296, 0.296, 0.296, 0.296, 0.296, 0.304, 0.312, 0.32, 0.328, 0.32, 0.312, 0.304, 0.296, 0.288, 0.28, 0.272, 0.264, 0.256, 0.248, 0.24, 0.232, 0.224, 0.216, 0.208, 0.2, 0.192, 0.184, 0.176, 0.168, 0.16, 0.152, 0.144, 0.136, 0.128, 0.12, 0.112, 0.104, 0.096, 0.088, 0.08, 0.072, 0.064, 0.056, 0.048, 0.04, 0.032, 0.024, 0.016, 0.008, 0.0, -0.008, -0.008, -0.008, -0.008, -0.008, -0.008, -0.008]",None,None,"['right', 'left']","[0.6616001001093537, 0.7257771000731736]","[0.06417699996381998, 0.6957940999418497]",up,1.509698300040327,None,747.621880199993,747.6370848999359,747.8863658999326,747.8700898999814,747.8704881999874,747.8863658999326,747.8863658999326,748.8871729000239,748.8871729000239,748.8706062999554,1,3,,,,,,,,,,,,,,,,,,,,,,,202603,,B,2026-07-22_11h27.17.442,valence_final_v2,2024.2.4,60,2026-07-22 11h27.28.654970 -0600,
39,39,0,6,2,flat_comp,211,2.1,0.02,3.0,-0.144,curv,flat_curv,0.2,-0.2,-0.02,rew,input_data/stims/Shape_2.10_3.00.png,input_data/stims/Shape_4.00_2.00.png,input_data/stims/Shape_0.00_2.00.png,1,-1,1.0,1.0,-1,None,,,up,0.627587000024505,None,None,None,['right'],[0.5390865000663325],[0.24799299996811897],up,0.9630865000654012,None,2,0,2,0,0,39,39,11,748.8871729000239,,,,,,,,,,,,,,,,,748.8712069999892,0.0006041999440640211,749.8051579999737,749.8055599000072,749.8205170999281,750.8205263999989,750.8039000999415,750.8043337999843,0.00044579990208148956,752.1390375000192,752.1402395999758,752.1541871000081,752.1541871000081,752.1541871000081,752.1541871000081,752.1541871000081,752.1541871000081,752.1541871000081,753.120682299952,"[-0.144, -0.144, -0.144, -0.144, -0.144, -0.144, -0.144, -0.144, -0.144, -0.144, -0.144, -0.144, -0.144, -0.144, -0.144, -0.144, -0.144, -0.144, -0.144, -0.144, -0.144, -0.144, -0.144, -0.144, -0.144, -0.144, -0.144, -0.144, -0.144, -0.144, -0.144, -0.144, -0.144, -0.144, -0.136, -0.128, -0.12, -0.112, -0.104, -0.096, -0.088, -0.08, -0.072, -0.064, -0.056, -0.048, -0.04, -0.032, -0.024, -0.024, -0.024, -0.024, -0.024, -0.024, -0.024, -0.024, -0.024, -0.024, -0.024, -0.024]",None,None,['right'],[0.5390865000663325],[0.24799299996811897],up,0.9630865000654012,None,753.1210756999208,753.1363270999864,753.3863317000214,753.3698608999839,753.3702426999807,753.3863317000214,753.3863317000214,754.4030803999631,754.4030803999631,754.3699033999583,1,3,,,,,,,,,,,,,,,,,,,,,,,202603,,B,2026-07-22_11h27.17.442,valence_final_v2,2024.2.4,60,2026-07-22 11h27.28.654970 -0600,
0,0,0,1,1,baseline,38,3.9,0.38,3.0,-0.008,flat,curv_flat,0.0,0.0,0.38,rew,input_data/stims/Shape_3.90_3.00.png,input_data/stims/Shape_0.00_2.00.png,input_data/stims/Shape_4.00_2.00.png,1,1,-1.0,1.0,1,up,2.91277729999274,None,up,1.0360297000734136,None,None,None,['right'],[1.8679188000969589],[0.26397959992755204],up,2.700138400075957,None,3,0,3,0,0,0,0,38,761.6365789999254,,757.6081469999626,757.6208203999558,757.6208203999558,757.6208203999558,760.5367675999878,up,2.91277729999274,None,760.5392497000284,760.5532389000291,760.5532389000291,761.6035743999528,up,1.0360297000734136,None,761.6307270999532,0.02714630006812513,762.6148057000246,762.6151867000153,762.6199172999477,763.6199567000149,763.6035429999465,763.6039807000197,0.0004417999880388379,764.939142899937,764.9406814000104,764.9533430000301,764.9533430000301,764.9533430000301,764.9533430000301,764.9533430000301,764.9533430000301,764.9533430000301,767.6711628999328,"[-0.008, -0.008, -0.008, -0.008, -0.008, -0.008, -0.008, -0.008, -0.008, -0.008, -0.008, -0.008, -0.008, -0.008, -0.008, -0.008, -0.008, -0.008, -0.008, -0.008, -0.008, -0.008, -0.008, -0.008, -0.008, -0.008, -0.008, -0.008, -0.008, -0.008, -0.008, -0.008, -0.008, -0.008, -0.008, -0.008, -0.008, -0.008, -0.008, -0.008, -0.008, -0.008, -0.008, -0.008, -0.008, -0.008, -0.008, -0.008, -0.008, -0.008, -0.008, -0.008, -0.008, -0.008, -0.008, -0.008, -0.008, -0.008, -0.008, -0.008, -0.008, -0.008, -0.008, -0.008, -0.008, -0.008, -0.008, -0.008, -0.008, -0.008, -0.008, -0.008, -0.008, -0.008, -0.008, -0.008, -0.008, -0.008, -0.008, -0.008, -0.008, -0.008, -0.008, -0.008, -0.008, -0.008, -0.008, -0.008, -0.008, -0.008, -0.008, -0.008, -0.008, -0.008, -0.008, -0.008, -0.008, -0.008, -0.008, -0.008, -0.008, -0.008, -0.008, -0.008, -0.008, -0.008, -0.008, -0.008, -0.008, -0.008, -0.008, -0.008, -0.008, -0.008, 0.0, 0.008, 0.016, 0.024, 0.032, 0.04, 0.048, 0.056, 0.064, 0.072, 0.08, 0.088, 0.096, 0.104, 0.112, 0.112, 0.112, 0.112, 0.112, 0.112, 0.112, 0.112, 0.112, 0.112, 0.112, 0.112, 0.112, 0.112, 0.112, 0.112, 0.112, 0.112, 0.112, 0.112, 0.112, 0.112, 0.112, 0.112, 0.112, 0.112, 0.112, 0.112, 0.112, 0.112, 0.112, 0.112, 0.112, 0.112, 0.112, 0.112, 0.112]",None,None,['right'],[1.8679188000969589],[0.26397959992755204],up,2.700138400075957,None,767.6716034000274,767.6867551000323,767.9367664000019,767.9202841999941,767.9206723999232,767.9367664000019,767.9367664000019,768.9367840000195,768.9367840000195,768.9203181000194,1,3,,,,,,,754.385865499964,754.4030803999631,754.4030803999631,757.4534230999416,28,9,up,3.0422097999835387,None,,,,,,,,202603,,B,2026-07-22_11h27.17.442,valence_final_v2,2024.2.4,60,2026-07-22 11h27.28.654970 -0600,
1,1,0,1,1,baseline,2,0.3,-0.34,1.0,-0.228,curv,curv_flat,0.0,0.0,-0.34,pen,input_data/stims/Shape_0.30_1.00.png,input_data/stims/Shape_0.00_2.00.png,input_data/stims/Shape_4.00_2.00.png,-1,1,-1.0,-1.0,-1,up,2.91277729999274,None,up,1.0360297000734136,None,None,None,"['left', 'right', 'left']","[0.4817730999784544, 1.1216842000139877, 1.5216568999458104]","[0.17590549995657057, 0.19998829998075962, 0.1599972000112757]",up,1.777706699911505,None,3,0,3,0,0,1,1,2,768.9367840000195,,,,,,,,,,,,,,,,,768.9209216999589,0.000605700071901083,769.8555406000232,769.8559395999182,769.870177899953,770.870174099924,770.8536988999695,770.8541196000297,0.000431500026024878,772.1880973000079,772.1893001999706,772.2035482999636,772.2035482999636,772.2035482999636,772.2035482999636,772.2035482999636,772.2035482999636,772.2035482999636,773.9879607999464,"[-0.228, -0.228, -0.228, -0.228, -0.228, -0.228, -0.228, -0.228, -0.228, -0.228, -0.228, -0.228, -0.228, -0.228, -0.228, -0.228, -0.228, -0.228, -0.228, -0.228, -0.228, -0.228, -0.228, -0.228, -0.228, -0.228, -0.228, -0.228, -0.228, -0.228, -0.236, -0.244, -0.252, -0.26, -0.268, -0.276, -0.284, -0.292, -0.3, -0.308, -0.316, -0.316, -0.316, -0.316, -0.316, -0.316, -0.316, -0.316, -0.316, -0.316, -0.316, -0.316, -0.316, -0.316, -0.316, -0.316, -0.316, -0.316, -0.316, -0.316, -0.316, -0.316, -0.316, -0.316, -0.316, -0.316, -0.316, -0.316, -0.316, -0.308, -0.3, -0.292, -0.284, -0.276, -0.268, -0.26, -0.252, -0.244, -0.236, -0.228, -0.22, -0.22, -0.22, -0.22, -0.22, -0.22, -0.22, -0.22, -0.22, -0.22, -0.22, -0.22, -0.22, -0.228, -0.236, -0.244, -0.252, -0.26, -0.268, -0.276, -0.284, -0.292, -0.292, -0.292, -0.292, -0.292, -0.292, -0.292, -0.292]",None,None,"['left', 'right', 'left']","[0.4817730999784544, 1.1216842000139877, 1.5216568999458104]","[0.17590549995657057, 0.19998829998075962, 0.1599972000112757]",up,1.777706699911505,None,773.9883743999526,774.003604699974,774.2535893999739,774.2370691000251,774.2374478999991,774.2535893999739,,775.2536196999718,,775.2371331999311,1,1,774.2535893999739,775.2536196999718,,,,,,,,,,,,,,,,,,,,,202603,,B,2026-07-22_11h27.17.442,valence_final_v2,2024.2.4,60,2026-07-22 11h27.28.654970 -0600,
2,2,0,1,1,baseline,23,2.3,0.06,3.0,0.14,flat,flat_curv,0.0,0.0,-0.06,rew,input_data/stims/Shape_2.30_3.00.png,input_data/stims/Shape_4.00_2.00.png,input_data/stims/Shape_0.00_2.00.png,1,-1,1.0,1.0,1,up,2.91277729999274,None,up,1.0360297000734136,None,None,None,"['left', 'right']","[0.286808600067161, 0.5907972001004964]","[0.2479948999825865, 0.2160482999170199]",up,0.9988528999965638,None,3,0,3,0,0,2,2,23,775.2536196999718,,,,,,,,,,,,,,,,,775.2377320999512,0.0006017000414431095,776.2223753000144,776.2228413999546,776.2370007999707,777.2370198999997,777.2205511999782,777.2209676000057,0.00042699999175965786,778.6553421999561,778.6568069999339,778.670423500007,778.670423500007,778.670423500007,778.670423500007,778.670423500007,778.670423500007,778.670423500007,779.6714004999958,"[0.14, 0.14, 0.14, 0.14, 0.14, 0.14, 0.14, 0.14, 0.14, 0.14, 0.14, 0.14, 0.14, 0.14, 0.14, 0.14, 0.14, 0.14, 0.14, 0.132, 0.124, 0.116, 0.108, 0.1, 0.092, 0.084, 0.076, 0.068, 0.06, 0.052, 0.044, 0.036, 0.028, 0.02, 0.02, 0.02, 0.02, 0.028, 0.036, 0.044, 0.052, 0.06, 0.068, 0.076, 0.084, 0.092, 0.1, 0.108, 0.116, 0.124, 0.124, 0.124, 0.124, 0.124, 0.124, 0.124, 0.124, 0.124, 0.124, 0.124, 0.124, 0.124]",None,None,"['left', 'right']","[0.286808600067161, 0.5907972001004964]","[0.2479948999825865, 0.2160482999170199]",up,0.9988528999965638,None,779.6718054999365,779.6870963999536,779.9370962999528,779.9206266999245,779.9210176999914,779.9370962999528,,780.9371209000237,,780.9206970999949,0,-1,,,779.9370962999528,780.9371209000237,,,,,,,,,,,,,,,,,,,202603,,B,2026-07-22_11h27.17.442,valence_final_v2,2024.2.4,60,2026-07-22 11h27.28.654970 -0600,
3,3,0,1,1,baseline,25,2.5,0.1,1.0,0.264,flat,flat_curv,0.0,0.0,-0.1,rew,input_data/stims/Shape_2.50_1.00.png,input_data/stims/Shape_4.00_2.00.png,input_data/stims/Shape_0.00_2.00.png,1,-1,1.0,-1.0,1,up,2.91277729999274,None,up,1.0360297000734136,None,None,None,"['left', 'left']","[0.7253987999865785, 1.429468399961479]","[0.376043799915351, 0.17585969995707273]",up,2.0213937999214977,None,3,0,3,0,0,3,3,25,780.9371209000237,,,,,,,,,,,,,,,,,780.9213241999969,0.0006309999153017998,781.9048098999774,781.905189699959,781.9205046999268,782.9205054999329,782.904113400029,782.9045887999237,0.0004894000012427568,784.2888517000247,784.290197400027,784.3038927000016,784.3038927000016,784.3038927000016,784.3038927000016,784.3038927000016,784.3038927000016,784.3038927000016,786.3383118999191,"[0.264, 0.264, 0.264, 0.264, 0.264, 0.264, 0.264, 0.264, 0.264, 0.264, 0.264, 0.264, 0.264, 0.264, 0.264, 0.264, 0.264, 0.264, 0.264, 0.264, 0.264, 0.264, 0.264, 0.264, 0.264, 0.264, 0.264, 0.264, 0.264, 0.264, 0.264, 0.264, 0.264, 0.264, 0.264, 0.264, 0.264, 0.264, 0.264, 0.264, 0.264, 0.264, 0.264, 0.264, 0.264, 0.256, 0.248, 0.24, 0.232, 0.224, 0.216, 0.208, 0.2, 0.192, 0.184, 0.176, 0.168, 0.16, 0.152, 0.144, 0.136, 0.128, 0.12, 0.112, 0.104, 0.096, 0.088, 0.08, 0.08, 0.08, 0.08, 0.08, 0.08, 0.08, 0.08, 0.08, 0.08, 0.08, 0.08, 0.08, 0.08, 0.08, 0.08, 0.08, 0.08, 0.08, 0.08, 0.072, 0.064, 0.056, 0.048, 0.04, 0.032, 0.024, 0.016, 0.008, 0.0, -0.008, -0.008, -0.008, -0.008, -0.008, -0.008, -0.008, -0.008, -0.008, -0.008, -0.008, -0.008, -0.008, -0.008, -0.008, -0.008, -0.008, -0.008, -0.008, -0.008, -0.008, -0.008, -0.008, -0.008, -0.008, -0.008, -0.008]",None,None,"['left', 'left']","[0.7253987999865785, 1.429468399961479]","[0.376043799915351, 0.17585969995707273]",up,2.0213937999214977,None,786.3387092999183,786.3539458999876,786.6039445999777,786.5874642999843,786.5878440999659,786.6039445999777,786.6039445999777,787.6039886999642,787.6039886999642,787.5875246999785,1,3,,,,,,,,,,,,,,,,,,,,,,,202603,,B,2026-07-22_11h27.17.442,valence_final_v2,2024.2.4,60,2026-07-22 11h27.28.654970 -0600,
4,4,0,1,1,baseline,5,0.5,-0.3,1.0,-0.124,curv,flat_curv,0.0,0.0,0.3,pen,input_data/stims/Shape_0.50_1.00.png,input_data/stims/Shape_4.00_2.00.png,input_data/stims/Shape_0.00_2.00.png,-1,-1,-1.0,-1.0,-1,up,2.91277729999274,None,up,1.0360297000734136,None,None,None,['right'],[0.2765514999628067],[0.42392700002528727],up,1.7085129999322817,None,3,0,3,0,0,4,4,5,787.6039886999642,,,,,,,,,,,,,,,,,787.5881306999363,0.000609799986705184,788.6216704000253,788.622237399919,788.6373564000241,789.6373550000135,789.6208951999433,789.6213231999427,0.0004387999651953578,791.1062224999769,791.1077135999221,791.1207439999562,791.1207439999562,791.1207439999562,791.1207439999562,791.1207439999562,791.1207439999562,791.1207439999562,792.838597599999,"[-0.124, -0.124, -0.124, -0.124, -0.124, -0.124, -0.124, -0.124, -0.124, -0.124, -0.124, -0.124, -0.124, -0.124, -0.124, -0.124, -0.124, -0.124, -0.116, -0.108, -0.1, -0.092, -0.084, -0.076, -0.068, -0.06, -0.052, -0.044, -0.036, -0.028, -0.02, -0.012, -0.004, 0.004, 0.012, 0.02, 0.028, 0.036, 0.044, 0.052, 0.06, 0.068, 0.076, 0.084, 0.084, 0.084, 0.084, 0.084, 0.084, 0.084, 0.084, 0.084, 0.084, 0.084, 0.084, 0.084, 0.084, 0.084, 0.084, 0.084, 0.084, 0.084, 0.084, 0.084, 0.084, 0.084, 0.084, 0.084, 0.084, 0.084, 0.084, 0.084, 0.084, 0.084, 0.084, 0.084, 0.084, 0.084, 0.084, 0.084, 0.084, 0.084, 0.084, 0.084, 0.084, 0.084, 0.084, 0.084, 0.084, 0.084, 0.084, 0.084, 0.084, 0.084, 0.084, 0.084, 0.084, 0.084, 0.084, 0.084, 0.084, 0.084, 0.084, 0.084, 0.084]",None,None,['right'],[0.2765514999628067],[0.42392700002528727],up,1.7085129999322817,None,792.8390587000176,792.8544604999479,793.1041262999643,793.0876771999756,793.0880631000036,793.1041262999643,,794.1041648000246,,794.0877165999264,1,1,793.1041262999643,794.1041648000246,,,,,,,,,,,,,,,,,,,,,202603,,B,2026-07-22_11h27.17.442,valence_final_v2,2024.2.4,60,2026-07-22 11h27.28.654970 -0600,
5,5,0,1,1,baseline,17,1.7,-0.06,3.0,0.232,curv,flat_curv,0.0,0.0,0.06,pen,input_data/stims/Shape_1.70_3.00.png,input_data/stims/Shape_4.00_2.00.png,input_data/stims/Shape_0.00_2.00.png,-1,-1,1.0,1.0,-1,up,2.91277729999274,None,up,1.0360297000734136,None,None,None,"['left', 'left', 'right', 'left']","[0.4603508999571204, 1.1003893000306562, 1.5563002999406308, 2.060349600040354]","[0.39993249997496605, 0.11207829997874796, 0.19999510003253818, 0.12001259997487068]",up,2.3642810999881476,None,3,0,3,0,0,5,5,17,794.1041648000246,,,,,,,,,,,,,,,,,794.088328099926,0.0006168000400066376,795.022137699998,795.0225420999341,795.0375199000118,796.0375579999527,796.02113369992,796.0215633999323,0.0004414999857544899,797.5068007999798,797.508220699965,797.5209550999571,797.5209550999571,797.5209550999571,797.5209550999571,797.5209550999571,797.5209550999571,797.5209550999571,799.8890616999706,"[0.232, 0.232, 0.232, 0.232, 0.232, 0.232, 0.232, 0.232, 0.232, 0.232, 0.232, 0.232, 0.232, 0.232, 0.232, 0.232, 0.232, 0.232, 0.232, 0.232, 0.232, 0.232, 0.232, 0.232, 0.232, 0.232, 0.232, 0.232, 0.232, 0.224, 0.216, 0.208, 0.2, 0.192, 0.184, 0.176, 0.168, 0.16, 0.152, 0.144, 0.136, 0.128, 0.12, 0.112, 0.104, 0.096, 0.088, 0.08, 0.072, 0.064, 0.056, 0.048, 0.04, 0.04, 0.04, 0.04, 0.04, 0.04, 0.04, 0.04, 0.04, 0.04, 0.04, 0.04, 0.04, 0.04, 0.04, 0.04, 0.032, 0.024, 0.016, 0.008, 0.0, -0.008, -0.008, -0.008, -0.008, -0.008, -0.008, -0.008, -0.008, -0.008, -0.008, -0.008, -0.008, -0.008, -0.008, -0.008, -0.008, -0.008, -0.008, -0.008, -0.008, -0.008, -0.008, 0.0, 0.008, 0.016, 0.024, 0.032, 0.04, 0.048, 0.056, 0.064, 0.072, 0.08, 0.088, 0.088, 0.088, 0.088, 0.088, 0.088, 0.088, 0.088, 0.088, 0.088, 0.088, 0.088, 0.088, 0.088, 0.088, 0.088, 0.088, 0.088, 0.088, 0.08, 0.072, 0.064, 0.056, 0.048, 0.04, 0.032, 0.032, 0.032, 0.032, 0.032, 0.032, 0.032, 0.032, 0.032, 0.032, 0.032, 0.032, 0.032]",None,None,"['left', 'left', 'right', 'left']","[0.4603508999571204, 1.1003893000306562, 1.5563002999406308, 2.060349600040354]","[0.39993249997496605, 0.11207829997874796, 0.19999510003253818, 0.12001259997487068]",up,2.3642810999881476,None,799.8895025999518,799.9044399999548,800.1544558999594,800.1379385000328,800.1383344000205,800.1544558999594,,801.1552927999292,,801.138748300029,1,1,800.1544558999594,801.1552927999292,,,,,,,,,,,,,,,,,,,,,202603,,B,2026-07-22_11h27.17.442,valence_final_v2,2024.2.4,60,2026-07-22 11h27.28.654970 -0600,
6,6,0,1,1,baseline,16,1.7,-0.06,1.0,0.288,curv,curv_flat,0.0,0.0,-0.06,pen,input_data/stims/Shape_1.70_1.00.png,input_data/stims/Shape_0.00_2.00.png,input_data/stims/Shape_4.00_2.00.png,-1,1,1.0,-1.0,-1,up,2.91277729999274,None,up,1.0360297000734136,None,None,None,"['right', 'left']","[0.3092817000579089, 0.5813129000598565]","[0.1439363999525085, 0.7759461998939514]",up,1.6292783999815583,None,3,0,3,0,0,6,6,16,801.1552927999292,,,,,,,,,,,,,,,,,801.1393437000224,0.0005985000170767307,802.1736363000236,802.174052999937,802.1886519999243,803.1886500000255,803.1721309999702,803.1725473999977,0.00042799999937415123,804.6567145999288,804.6579806000227,804.6720213999506,804.6720213999506,804.6720213999506,804.6720213999506,804.6720213999506,804.6720213999506,804.6720213999506,806.3064528999384,"[0.288, 0.288, 0.288, 0.288, 0.288, 0.288, 0.288, 0.288, 0.288, 0.288, 0.288, 0.288, 0.288, 0.288, 0.288, 0.288, 0.288, 0.288, 0.288, 0.288, 0.296, 0.304, 0.312, 0.32, 0.328, 0.336, 0.344, 0.352, 0.36, 0.36, 0.36, 0.36, 0.36, 0.36, 0.36, 0.36, 0.352, 0.344, 0.336, 0.328, 0.32, 0.312, 0.304, 0.296, 0.288, 0.28, 0.272, 0.264, 0.256, 0.248, 0.24, 0.232, 0.224, 0.216, 0.208, 0.2, 0.192, 0.184, 0.176, 0.168, 0.16, 0.152, 0.144, 0.136, 0.128, 0.12, 0.112, 0.104, 0.096, 0.088, 0.08, 0.072, 0.064, 0.056, 0.048, 0.04, 0.032, 0.024, 0.016, 0.008, 0.0, -0.008, -0.016, -0.016, -0.016, -0.016, -0.016, -0.016, -0.016, -0.016, -0.016, -0.016, -0.016, -0.016, -0.016, -0.016, -0.016, -0.016, -0.016, -0.016]",None,None,"['right', 'left']","[0.3092817000579089, 0.5813129000598565]","[0.1439363999525085, 0.7759461998939514]",up,1.6292783999815583,None,806.306838999968,806.3220850999933,806.5720928999363,806.5555965999374,806.5559753000271,806.5720928999363,,807.5721022000071,,807.5555678999517,1,1,806.5720928999363,807.5721022000071,,,,,,,,,,,,,,,,,,,,,202603,,B,2026-07-22_11h27.17.442,valence_final_v2,2024.2.4,60,2026-07-22 11h27.28.654970 -0600,
7,7,0,1,1,baseline,10,1.1,-0.18,3.0,-0.128,curv,curv_flat,0.0,0.0,-0.18,pen,input_data/stims/Shape_1.10_3.00.png,input_data/stims/Shape_0.00_2.00.png,input_data/stims/Shape_4.00_2.00.png,-1,1,-1.0,1.0,-1,up,2.91277729999274,None,up,1.0360297000734136,None,None,None,['right'],[0.7900102999992669],[0.24797870009206235],up,1.701980600017123,None,3,0,3,0,0,7,7,10,807.5721022000071,,,,,,,,,,,,,,,,,807.5561711000046,0.0006064999615773559,808.5396741000004,808.5400640999433,808.5554993000114,809.5555220999522,809.5389815999661,809.539412299986,0.0004414999857544899,811.0237981999526,811.025077899918,811.0392808000324,811.0392808000324,811.0392808000324,811.0392808000324,811.0392808000324,811.0392808000324,811.0392808000324,812.7561857999535,"[-0.128, -0.128, -0.128, -0.128, -0.128, -0.128, -0.128, -0.128, -0.128, -0.128, -0.128, -0.128, -0.128, -0.128, -0.128, -0.128, -0.128, -0.128, -0.128, -0.128, -0.128, -0.128, -0.128, -0.128, -0.128, -0.128, -0.128, -0.128, -0.128, -0.128, -0.128, -0.128, -0.128, -0.128, -0.128, -0.128, -0.128, -0.128, -0.128, -0.128, -0.128, -0.128, -0.128, -0.128, -0.128, -0.128, -0.128, -0.128, -0.128, -0.12, -0.112, -0.104, -0.096, -0.088, -0.08, -0.072, -0.064, -0.056, -0.048, -0.04, -0.032, -0.024, -0.016, -0.008, -0.008, -0.008, -0.008, -0.008, -0.008, -0.008, -0.008, -0.008, -0.008, -0.008, -0.008, -0.008, -0.008, -0.008, -0.008, -0.008, -0.008, -0.008, -0.008, -0.008, -0.008, -0.008, -0.008, -0.008, -0.008, -0.008, -0.008, -0.008, -0.008, -0.008, -0.008, -0.008, -0.008, -0.008, -0.008, -0.008, -0.008, -0.008, -0.008, -0.008, -0.008]",None,None,['right'],[0.7900102999992669],[0.24797870009206235],up,1.701980600017123,None,812.7565747000044,812.7717626999365,813.0222616000101,813.0058515999699,813.0062441999326,813.0222616000101,,814.0222527999431,,814.0058826999739,1,1,813.0222616000101,814.0222527999431,,,,,,,,,,,,,,,,,,,,,202603,,B,2026-07-22_11h27.17.442,valence_final_v2,2024.2.4,60,2026-07-22 11h27.28.654970 -0600,
8,8,0,1,1,baseline,28,2.9,0.18,1.0,0.38,flat,curv_flat,0.0,0.0,0.18,rew,input_data/stims/Shape_2.90_1.00.png,input_data/stims/Shape_0.00_2.00.png,input_data/stims/Shape_4.00_2.00.png,1,1,1.0,-1.0,1,up,2.91277729999274,None,up,1.0360297000734136,None,None,None,['left'],[0.4601713999873027],[0.21597460005432367],up,0.868159499950707,None,3,0,3,0,0,8,8,28,814.0222527999431,,,,,,,,,,,,,,,,,814.0064883999294,0.0006095999851822853,814.9909714999376,814.9914226999972,815.0057723999489,816.0057651000097,815.9891802999191,815.9896118999459,0.0004427999956533313,817.2735615000129,817.2748219999485,817.2890820000321,817.2890820000321,817.2890820000321,817.2890820000321,817.2890820000321,817.2890820000321,817.2890820000321,818.17253719992,"[0.38, 0.38, 0.38, 0.38, 0.38, 0.38, 0.38, 0.38, 0.38, 0.38, 0.38, 0.38, 0.38, 0.38, 0.38, 0.38, 0.38, 0.38, 0.38, 0.38, 0.38, 0.38, 0.38, 0.38, 0.38, 0.38, 0.38, 0.38, 0.38, 0.372, 0.364, 0.356, 0.348, 0.34, 0.332, 0.324, 0.316, 0.308, 0.3, 0.292, 0.284, 0.276, 0.276, 0.276, 0.276, 0.276, 0.276, 0.276, 0.276, 0.276, 0.276, 0.276, 0.276, 0.276, 0.276]",None,None,['left'],[0.4601713999873027],[0.21597460005432367],up,0.868159499950707,None,818.1729107999709,818.1881853999803,818.4381839999696,818.4217260000296,818.4221146999625,818.4381839999696,818.4381839999696,819.4382381000323,819.4382381000323,819.4218032999197,1,3,,,,,,,,,,,,,,,,,,,,,,,202603,,B,2026-07-22_11h27.17.442,valence_final_v2,2024.2.4,60,2026-07-22 11h27.28.654970 -0600,
9,9,0,1,1,baseline,1,0.1,-0.38,1.0,-0.192,curv,flat_curv,0.0,0.0,0.38,pen,input_data/stims/Shape_0.10_1.00.png,input_data/stims/Shape_4.00_2.00.png,input_data/stims/Shape_0.00_2.00.png,-1,-1,-1.0,-1.0,-1,up,2.91277729999274,None,up,1.0360297000734136,None,None,None,['right'],[0.5443352999864146],[0.8799628999549896],up,1.4242981999414042,None,3,0,3,0,0,9,9,1,819.4382381000323,,,,,,,,,,,,,,,,,819.4224220999749,0.0006216000765562057,820.3068649999332,820.3072688999819,820.3215886999387,821.3216237999732,821.3051382999402,821.3055709999753,0.0004423001082614064,822.5907895999262,822.5920493999729,822.6049853999866,822.6049853999866,822.6049853999866,822.6049853999866,822.6049853999866,822.6049853999866,822.6049853999866,824.0395820999984,"[-0.192, -0.192, -0.192, -0.192, -0.192, -0.192, -0.192, -0.192, -0.192, -0.192, -0.192, -0.192, -0.192, -0.192, -0.192, -0.192, -0.192, -0.192, -0.192, -0.192, -0.192, -0.192, -0.192, -0.192, -0.192, -0.192, -0.192, -0.192, -0.192, -0.192, -0.192, -0.192, -0.192, -0.192, -0.184, -0.176, -0.168, -0.16, -0.152, -0.144, -0.136, -0.128, -0.12, -0.112, -0.104, -0.096, -0.088, -0.08, -0.072, -0.064, -0.056, -0.048, -0.04, -0.032, -0.024, -0.016, -0.008, 0.0, 0.008, 0.016, 0.024, 0.032, 0.04, 0.048, 0.056, 0.064, 0.072, 0.08, 0.088, 0.096, 0.104, 0.112, 0.12, 0.128, 0.136, 0.144, 0.152, 0.16, 0.168, 0.176, 0.184, 0.192, 0.2, 0.208, 0.216, 0.224, 0.232, 0.232]",None,None,['right'],[0.5443352999864146],[0.8799628999549896],up,1.4242981999414042,None,824.0399476999883,824.0550267000217,824.3050162999425,824.2885481999256,824.2889313999331,824.3050162999425,,825.3050440999214,,825.2886058000149,1,1,824.3050162999425,825.3050440999214,,,,,,,,,,,,,,,,,,,,,202603,,B,2026-07-22_11h27.17.442,valence_final_v2,2024.2.4,60,2026-07-22 11h27.28.654970 -0600,
10,10,0,1,1,baseline,21,2.1,0.02,1.0,0.076,flat,flat_curv,0.0,0.0,-0.02,rew,input_data/stims/Shape_2.10_1.00.png,input_data/stims/Shape_4.00_2.00.png,input_data/stims/Shape_0.00_2.00.png,1,-1,1.0,-1.0,1,up,2.91277729999274,None,up,1.0360297000734136,None,None,None,['left'],[0.5336275999434292],[0.27187810000032187],up,1.1174700000556186,None,3,0,3,0,0,10,10,21,825.3050440999214,,,,,,,,,,,,,,,,,825.2892051999224,0.0006015000399202108,826.1736214000266,826.1740234999452,826.1884236999322,827.1884495000122,827.1719582999358,827.1723766999785,0.0004309999058023095,828.4578723999439,828.4597896999912,828.4718352999771,828.4718352999771,828.4718352999771,828.4718352999771,828.4718352999771,828.4718352999771,828.4718352999771,829.6061617999803,"[0.076, 0.076, 0.076, 0.076, 0.076, 0.076, 0.076, 0.076, 0.076, 0.076, 0.076, 0.076, 0.076, 0.076, 0.076, 0.076, 0.076, 0.076, 0.076, 0.076, 0.076, 0.076, 0.076, 0.076, 0.076, 0.076, 0.076, 0.076, 0.076, 0.076, 0.076, 0.076, 0.076, 0.076, 0.068, 0.06, 0.052, 0.044, 0.036, 0.028, 0.02, 0.012, 0.004, -0.004, -0.012, -0.02, -0.028, -0.036, -0.044, -0.052, -0.052, -0.052, -0.052, -0.052, -0.052, -0.052, -0.052, -0.052, -0.052, -0.052, -0.052, -0.052, -0.052, -0.052, -0.052, -0.052, -0.052, -0.052, -0.052, -0.052]",None,None,['left'],[0.5336275999434292],[0.27187810000032187],up,1.1174700000556186,None,829.6065556999529,829.621831699973,829.8718563999282,829.8553022999549,829.8556805999251,829.8718563999282,829.8718563999282,830.8718698000303,830.8718698000303,830.8553765999386,1,3,,,,,,,,,,,,,,,,,,,,,,,202603,,B,2026-07-22_11h27.17.442,valence_final_v2,2024.2.4,60,2026-07-22 11h27.28.654970 -0600,
11,11,0,1,1,baseline,4,0.5,-0.3,1.0,0.124,curv,curv_flat,0.0,0.0,-0.3,pen,input_data/stims/Shape_0.50_1.00.png,input_data/stims/Shape_0.00_2.00.png,input_data/stims/Shape_4.00_2.00.png,-1,1,1.0,-1.0,-1,up,2.91277729999274,None,up,1.0360297000734136,None,None,None,['left'],[0.40670159994624555],[0.4481453000335023],up,1.0226722999941558,None,3,0,3,0,0,11,11,4,830.8718698000303,,,,,,,,,,,,,,,,,830.8559818000067,0.0006098999874666333,831.7406830999535,831.7410852999892,831.7552601000061,832.755310199922,832.7388554000063,832.7392948999768,0.0004498999333009124,834.2231957999757,834.2244640999706,834.2386427000165,834.2386427000165,834.2386427000165,834.2386427000165,834.2386427000165,834.2386427000165,834.2386427000165,835.2729721999494,"[0.124, 0.124, 0.124, 0.124, 0.124, 0.124, 0.124, 0.124, 0.124, 0.124, 0.124, 0.124, 0.124, 0.124, 0.124, 0.124, 0.124, 0.124, 0.124, 0.124, 0.124, 0.124, 0.124, 0.124, 0.124, 0.124, 0.116, 0.108, 0.1, 0.092, 0.084, 0.076, 0.068, 0.06, 0.052, 0.044, 0.036, 0.028, 0.02, 0.012, 0.004, -0.004, -0.012, -0.02, -0.028, -0.036, -0.044, -0.052, -0.06, -0.068, -0.076, -0.084, -0.092, -0.092, -0.092, -0.092, -0.092, -0.092, -0.092, -0.092, -0.092, -0.092, -0.092, -0.092]",None,None,['left'],[0.40670159994624555],[0.4481453000335023],up,1.0226722999941558,None,835.2733968999237,835.2886846999172,835.5386710999301,835.5221989999991,835.5225780999754,835.5386710999301,,836.53869820002,,836.522251999937,1,1,835.5386710999301,836.53869820002,,,,,,,,,,,,,,,,,,,,,202603,,B,2026-07-22_11h27.17.442,valence_final_v2,2024.2.4,60,2026-07-22 11h27.28.654970 -0600,
12,12,0,1,1,baseline,22,2.3,0.06,1.0,0.232,flat,curv_flat,0.0,0.0,0.06,rew,input_data/stims/Shape_2.30_1.00.png,input_data/stims/Shape_0.00_2.00.png,input_data/stims/Shape_4.00_2.00.png,1,1,1.0,-1.0,1,up,2.91277729999274,None,up,1.0360297000734136,None,None,None,['left'],[0.5479075000621378],[0.35992289998102933],up,1.4038433999521658,None,3,0,3,0,0,12,12,22,836.53869820002,,,,,,,,,,,,,,,,,836.5228567000013,0.0006071999669075012,837.5576248000143,837.5582566999365,837.5720772999339,838.5721115999622,838.5556180999847,838.5560379999224,0.0004317000275477767,839.8897371999919,839.8909395999508,839.905489900033,839.905489900033,839.905489900033,839.905489900033,839.905489900033,839.905489900033,839.905489900033,841.3232314999914,"[0.232, 0.232, 0.232, 0.232, 0.232, 0.232, 0.232, 0.232, 0.232, 0.232, 0.232, 0.232, 0.232, 0.232, 0.232, 0.232, 0.232, 0.232, 0.232, 0.232, 0.232, 0.232, 0.232, 0.232, 0.232, 0.232, 0.232, 0.232, 0.232, 0.232, 0.232, 0.232, 0.232, 0.232, 0.224, 0.216, 0.208, 0.2, 0.192, 0.184, 0.176, 0.168, 0.16, 0.152, 0.144, 0.136, 0.128, 0.12, 0.112, 0.104, 0.096, 0.088, 0.08, 0.072, 0.064, 0.056, 0.056, 0.056, 0.056, 0.056, 0.056, 0.056, 0.056, 0.056, 0.056, 0.056, 0.056, 0.056, 0.056, 0.056, 0.056, 0.056, 0.056, 0.056, 0.056, 0.056, 0.056, 0.056, 0.056, 0.056, 0.056, 0.056, 0.056, 0.056, 0.056, 0.056, 0.056]",None,None,['left'],[0.5479075000621378],[0.35992289998102933],up,1.4038433999521658,None,841.3236358999275,841.3388544999762,841.5888535999693,841.5723653000314,841.5727496999316,841.5888535999693,841.5888535999693,842.58888689999,842.58888689999,842.572426400031,1,3,,,,,,,,,,,,,,,,,,,,,,,202603,,B,2026-07-22_11h27.17.442,valence_final_v2,2024.2.4,60,2026-07-22 11h27.28.654970 -0600,
13,13,0,1,1,baseline,12,1.3,-0.14,1.0,-0.06,curv,curv_flat,0.0,0.0,-0.14,pen,input_data/stims/Shape_1.30_1.00.png,input_data/stims/Shape_0.00_2.00.png,input_data/stims/Shape_4.00_2.00.png,-1,1,-1.0,-1.0,-1,up,2.91277729999274,None,up,1.0360297000734136,None,None,None,None,,,up,0.7257205999922007,None,3,0,3,0,0,13,13,12,842.58888689999,,,,,,,,,,,,,,,,,842.5730409999378,0.0006180000491440296,843.6072099999292,843.6078971999232,843.6222618999891,844.6222843999276,844.6058021999197,844.6062306999229,0.00043979997280985117,846.0401004999876,846.0418591999914,846.055649499991,846.055649499991,846.055649499991,846.055649499991,846.055649499991,846.055649499991,846.055649499991,846.7900613999227,"[-0.06, -0.06, -0.06, -0.06, -0.06, -0.06, -0.06, -0.06, -0.06, -0.06, -0.06, -0.06, -0.06, -0.06, -0.06, -0.06, -0.06, -0.06, -0.06, -0.06, -0.06, -0.06, -0.06, -0.06, -0.06, -0.06, -0.06, -0.06, -0.06, -0.06, -0.06, -0.06, -0.06, -0.06, -0.06, -0.06, -0.06, -0.06, -0.06, -0.06, -0.06, -0.06, -0.06, -0.06, -0.06, -0.06]",None,None,None,,,up,0.7257205999922007,None,846.7904357999796,846.8056625999743,847.0556649999926,847.0391987999901,847.0414756999817,847.0556649999926,,848.055712500005,,848.0393140999367,0,-3,,,,,847.0556649999926,848.055712500005,,,,,,,,,,,,,,,,,202603,,B,2026-07-22_11h27.17.442,valence_final_v2,2024.2.4,60,2026-07-22 11h27.28.654970 -0600,
14,14,0,1,1,baseline,39,3.9,0.38,3.0,0.024,flat,flat_curv,0.0,0.0,-0.38,rew,input_data/stims/Shape_3.90_3.00.png,input_data/stims/Shape_4.00_2.00.png,input_data/stims/Shape_0.00_2.00.png,1,-1,1.0,1.0,1,up,2.91277729999274,None,up,1.0360297000734136,None,None,None,['left'],[0.4568048999644816],[0.2399612000444904],up,0.8327367999590933,None,3,0,3,0,0,14,14,39,848.055712500005,,,,,,,,,,,,,,,,,848.0399388999213,0.0006294000195339322,848.974162700004,848.9745440999977,848.9890799999703,849.9891131999902,849.9726547999308,849.9731247000163,0.00048439996317029,851.3568928999593,851.3582164000254,851.3725845000008,851.3725845000008,851.3725845000008,851.3725845000008,851.3725845000008,851.3725845000008,851.3725845000008,852.2069469999988,"[0.024, 0.024, 0.024, 0.024, 0.024, 0.024, 0.024, 0.024, 0.024, 0.024, 0.024, 0.024, 0.024, 0.024, 0.024, 0.024, 0.024, 0.024, 0.024, 0.024, 0.024, 0.024, 0.024, 0.024, 0.024, 0.024, 0.024, 0.024, 0.024, 0.016, 0.008, 0.0, -0.008, -0.016, -0.024, -0.032, -0.04, -0.048, -0.056, -0.064, -0.072, -0.08, -0.088, -0.088, -0.088, -0.088, -0.088, -0.088, -0.088, -0.088, -0.088, -0.088]",None,None,['left'],[0.4568048999644816],[0.2399612000444904],up,0.8327367999590933,None,852.2073403999675,852.2226019999944,852.4725989999715,852.4560663999291,852.4569532999303,852.4725989999715,852.4725989999715,853.4734183999244,853.4734183999244,853.4568636999466,1,3,,,,,,,,,,,,,,,,,,,,,,,202603,,B,2026-07-22_11h27.17.442,valence_final_v2,2024.2.4,60,2026-07-22 11h27.28.654970 -0600,
15,15,0,1,1,baseline,3,0.3,-0.34,3.0,-0.044,curv,flat_curv,0.0,0.0,0.34,pen,input_data/stims/Shape_0.30_3.00.png,input_data/stims/Shape_4.00_2.00.png,input_data/stims/Shape_0.00_2.00.png,-1,-1,-1.0,1.0,-1,up,2.91277729999274,None,up,1.0360297000734136,None,None,None,['right'],[0.44670199998654425],[0.29617549991235137],up,0.9427046999335289,None,3,0,3,0,0,15,15,3,853.4734183999244,,,,,,,,,,,,,,,,,853.4574665999971,0.0006058999570086598,854.4410146999871,854.4414501999272,854.4567751999712,855.4567404999398,855.4402942999732,855.4407105999999,0.0004270999925211072,856.7753204000182,856.776847400004,856.7906685000053,856.7906685000053,856.7906685000053,856.7906685000053,856.7906685000053,856.7906685000053,856.7906685000053,857.7407516000094,"[-0.044, -0.044, -0.044, -0.044, -0.044, -0.044, -0.044, -0.044, -0.044, -0.044, -0.044, -0.044, -0.044, -0.044, -0.044, -0.044, -0.044, -0.044, -0.044, -0.044, -0.044, -0.044, -0.044, -0.044, -0.044, -0.044, -0.044, -0.044, -0.036, -0.028, -0.02, -0.012, -0.004, 0.004, 0.012, 0.02, 0.028, 0.036, 0.044, 0.052, 0.06, 0.068, 0.076, 0.084, 0.092, 0.1, 0.1, 0.1, 0.1, 0.1, 0.1, 0.1, 0.1, 0.1, 0.1, 0.1, 0.1, 0.1, 0.1]",None,None,['right'],[0.44670199998654425],[0.29617549991235137],up,0.9427046999335289,None,857.74112469994,857.7563909000019,858.0069899000227,857.9903831999982,857.990773199941,858.0069899000227,,859.0069894000189,,858.9904159000143,1,1,858.0069899000227,859.0069894000189,,,,,,,,,,,,,,,,,,,,,202603,,B,2026-07-22_11h27.17.442,valence_final_v2,2024.2.4,60,2026-07-22 11h27.28.654970 -0600,
16,16,0,1,1,baseline,26,2.7,0.14,3.0,0.072,flat,curv_flat,0.0,0.0,0.14,rew,input_data/stims/Shape_2.70_3.00.png,input_data/stims/Shape_0.00_2.00.png,input_data/stims/Shape_4.00_2.00.png,1,1,1.0,1.0,1,up,2.91277729999274,None,up,1.0360297000734136,None,None,None,['left'],[0.9396930999355391],[0.1359846000559628],up,1.5156764999264851,None,3,0,3,0,0,16,16,26,859.0069894000189,,,,,,,,,,,,,,,,,858.9910073999781,0.0005959999980404973,859.9752399999416,859.9758796999231,859.9902940000175,860.9903739999281,860.9738207999617,860.9742903999286,0.00047850003466010094,862.4580819000257,862.459435799974,862.4736829999601,862.4736829999601,862.4736829999601,862.4736829999601,862.4736829999601,862.4736829999601,862.4736829999601,863.9904747999972,"[0.072, 0.072, 0.072, 0.072, 0.072, 0.072, 0.072, 0.072, 0.072, 0.072, 0.072, 0.072, 0.072, 0.072, 0.072, 0.072, 0.072, 0.072, 0.072, 0.072, 0.072, 0.072, 0.072, 0.072, 0.072, 0.072, 0.072, 0.072, 0.072, 0.072, 0.072, 0.072, 0.072, 0.072, 0.072, 0.072, 0.072, 0.072, 0.072, 0.072, 0.072, 0.072, 0.072, 0.072, 0.072, 0.072, 0.072, 0.072, 0.072, 0.072, 0.072, 0.072, 0.072, 0.072, 0.072, 0.072, 0.072, 0.072, 0.064, 0.056, 0.048, 0.04, 0.032, 0.024, 0.016, 0.008, 0.008, 0.008, 0.008, 0.008, 0.008, 0.008, 0.008, 0.008, 0.008, 0.008, 0.008, 0.008, 0.008, 0.008, 0.008, 0.008, 0.008, 0.008, 0.008, 0.008, 0.008, 0.008, 0.008, 0.008, 0.008, 0.008, 0.008]",None,None,['left'],[0.9396930999355391],[0.1359846000559628],up,1.5156764999264851,None,863.9908787999302,864.0061669999268,864.2561558999587,864.23967359995,864.240048800013,864.2561558999587,864.2561558999587,865.2561874999665,865.2561874999665,865.2397360999603,1,3,,,,,,,,,,,,,,,,,,,,,,,202603,,B,2026-07-22_11h27.17.442,valence_final_v2,2024.2.4,60,2026-07-22 11h27.28.654970 -0600,
17,17,0,1,1,baseline,18,1.9,-0.02,1.0,-0.124,curv,curv_flat,0.0,0.0,-0.02,pen,input_data/stims/Shape_1.90_1.00.png,input_data/stims/Shape_0.00_2.00.png,input_data/stims/Shape_4.00_2.00.png,-1,1,-1.0,-1.0,-1,up,2.91277729999274,None,up,1.0360297000734136,None,None,None,['right'],[0.4383722000056878],[0.543903199955821],up,1.2143773999996483,None,3,0,3,0,0,17,17,18,865.2561874999665,,,,,,,,,,,,,,,,,865.2403289999347,0.0005949999904260039,866.2747191999806,866.2751213000156,866.289572199923,867.2896233999636,867.2730952999555,867.2735172000248,0.0004338000435382128,868.6082493999274,868.6095445000101,868.6229852000251,868.6229852000251,868.6229852000251,868.6229852000251,868.6229852000251,868.6229852000251,868.6229852000251,869.8406827999279,"[-0.124, -0.124, -0.124, -0.124, -0.124, -0.124, -0.124, -0.124, -0.124, -0.124, -0.124, -0.124, -0.124, -0.124, -0.124, -0.124, -0.124, -0.124, -0.124, -0.124, -0.124, -0.124, -0.124, -0.124, -0.124, -0.124, -0.124, -0.124, -0.116, -0.108, -0.1, -0.092, -0.084, -0.076, -0.068, -0.06, -0.052, -0.044, -0.036, -0.028, -0.02, -0.012, -0.004, 0.004, 0.012, 0.02, 0.028, 0.036, 0.044, 0.052, 0.06, 0.068, 0.076, 0.084, 0.092, 0.1, 0.108, 0.116, 0.124, 0.132, 0.132, 0.132, 0.132, 0.132, 0.132, 0.132, 0.132, 0.132, 0.132, 0.132, 0.132, 0.132, 0.132, 0.132, 0.132]",None,None,['right'],[0.4383722000056878],[0.543903199955821],up,1.2143773999996483,None,869.8410472000251,869.856337999925,870.1063261999516,870.0898438999429,870.0902289999649,870.1063261999516,,871.1063703999389,,871.089921799954,0,-3,,,,,870.1063261999516,871.1063703999389,,,,,,,,,,,,,,,,,202603,,B,2026-07-22_11h27.17.442,valence_final_v2,2024.2.4,60,2026-07-22 11h27.28.654970 -0600,
18,18,0,1,1,baseline,36,3.7,0.34,1.0,-0.028,flat,curv_flat,0.0,0.0,0.34,rew,input_data/stims/Shape_3.70_1.00.png,input_data/stims/Shape_0.00_2.00.png,input_data/stims/Shape_4.00_2.00.png,1,1,-1.0,-1.0,1,up,2.91277729999274,None,up,1.0360297000734136,None,None,None,['right'],[0.47220760001800954],[0.5759197999723256],up,1.136127799982205,None,3,0,3,0,0,18,18,36,871.1063703999389,,,,,,,,,,,,,,,,,871.090523699997,0.0006044999463483691,872.1259154999861,872.1263247999595,872.1397481999593,873.1397543000057,873.1232767999172,873.1237149999943,0.00045219995081424713,874.5572300999193,874.5585169999395,874.5731457999209,874.5731457999209,874.5731457999209,874.5731457999209,874.5731457999209,874.5731457999209,874.5731457999209,875.7241794000147,"[-0.028, -0.028, -0.028, -0.028, -0.028, -0.028, -0.028, -0.028, -0.028, -0.028, -0.028, -0.028, -0.028, -0.028, -0.028, -0.028, -0.028, -0.028, -0.028, -0.028, -0.028, -0.028, -0.028, -0.028, -0.028, -0.028, -0.028, -0.028, -0.028, -0.028, -0.02, -0.012, -0.004, 0.004, 0.012, 0.02, 0.028, 0.036, 0.044, 0.052, 0.06, 0.068, 0.076, 0.084, 0.092, 0.1, 0.108, 0.116, 0.124, 0.132, 0.14, 0.148, 0.156, 0.164, 0.172, 0.18, 0.188, 0.196, 0.204, 0.212, 0.22, 0.228, 0.236, 0.244, 0.244, 0.244, 0.244, 0.244, 0.244, 0.244, 0.244]",None,None,['right'],[0.47220760001800954],[0.5759197999723256],up,1.136127799982205,None,875.7245795999188,875.7398505000165,875.9898373999167,875.9733893999364,875.9737740999553,875.9898373999167,875.9898373999167,876.9898706999375,876.9898706999375,876.9734505999368,1,3,,,,,,,,,,,,,,,,,,,,,,,202603,,B,2026-07-22_11h27.17.442,valence_final_v2,2024.2.4,60,2026-07-22 11h27.28.654970 -0600,
19,19,0,1,1,baseline,24,2.5,0.1,3.0,0.356,flat,curv_flat,0.0,0.0,0.1,rew,input_data/stims/Shape_2.50_3.00.png,input_data/stims/Shape_0.00_2.00.png,input_data/stims/Shape_4.00_2.00.png,1,1,1.0,1.0,1,up,2.91277729999274,None,up,1.0360297000734136,None,None,None,"['right', 'left', 'right']","[0.24674360000062734, 0.4786268000025302, 1.7026414999272674]","[0.18388529994990677, 0.8081083999713883, 0.17598200007341802]",up,2.0786261999746785,None,3,0,3,0,0,19,19,24,876.9898706999375,,,,,,,,,,,,,,,,,876.9740633999463,0.0006160000339150429,877.9583933999529,877.9589398999233,877.9732463000109,878.9732421999797,878.9567765999818,878.9571991999401,0.00043350004125386477,880.3914919999661,880.39286979998,880.4066702999407,880.4066702999407,880.4066702999407,880.4066702999407,880.4066702999407,880.4066702999407,880.4066702999407,882.4910008999286,"[0.356, 0.356, 0.356, 0.356, 0.356, 0.356, 0.356, 0.356, 0.356, 0.356, 0.356, 0.356, 0.356, 0.356, 0.356, 0.356, 0.364, 0.372, 0.38, 0.388, 0.396, 0.396, 0.396, 0.396, 0.396, 0.396, 0.396, 0.396, 0.396, 0.396, 0.388, 0.38, 0.372, 0.364, 0.356, 0.348, 0.34, 0.332, 0.324, 0.316, 0.308, 0.3, 0.292, 0.284, 0.276, 0.268, 0.26, 0.252, 0.244, 0.236, 0.228, 0.22, 0.212, 0.204, 0.196, 0.188, 0.18, 0.172, 0.164, 0.156, 0.148, 0.14, 0.132, 0.124, 0.116, 0.108, 0.1, 0.092, 0.084, 0.076, 0.068, 0.06, 0.052, 0.044, 0.036, 0.028, 0.02, 0.012, 0.004, 0.004, 0.004, 0.004, 0.004, 0.004, 0.004, 0.004, 0.004, 0.004, 0.004, 0.004, 0.004, 0.004, 0.004, 0.004, 0.004, 0.004, 0.004, 0.004, 0.004, 0.004, 0.004, 0.004, 0.004, 0.004, 0.012, 0.02, 0.028, 0.036, 0.044, 0.052, 0.06, 0.068, 0.076, 0.084, 0.084, 0.084, 0.084, 0.084, 0.084, 0.084, 0.084, 0.084, 0.084, 0.084, 0.084, 0.084, 0.084]",None,None,"['right', 'left', 'right']","[0.24674360000062734, 0.4786268000025302, 1.7026414999272674]","[0.18388529994990677, 0.8081083999713883, 0.17598200007341802]",up,2.0786261999746785,None,882.4914301999379,882.5066952999914,882.7567332999315,882.7403465999523,882.7407397999195,882.7567332999315,882.7567332999315,883.7567380999681,883.7567380999681,883.7403061999939,1,3,,,,,,,,,,,,,,,,,,,,,,,202603,,B,2026-07-22_11h27.17.442,valence_final_v2,2024.2.4,60,2026-07-22 11h27.28.654970 -0600,
20,20,0,1,1,baseline,31,3.1,0.22,3.0,-0.076,flat,flat_curv,0.0,0.0,-0.22,rew,input_data/stims/Shape_3.10_3.00.png,input_data/stims/Shape_4.00_2.00.png,input_data/stims/Shape_0.00_2.00.png,1,-1,-1.0,1.0,1,up,2.91277729999274,None,up,1.0360297000734136,None,None,None,"['left', 'right']","[0.3438808999489993, 0.8399430999998003]","[0.20797180000226945, 0.15194189990870655]",up,1.2319713999750093,None,3,0,3,0,0,20,20,31,883.7567380999681,,,,,,,,,,,,,,,,,883.7409201000119,0.0006167999235913157,884.6755471000215,884.6759558999911,884.6900860000169,885.6901083999546,885.6736697999295,885.6740897999844,0.00043249991722404957,886.9590560999932,886.9602591999574,886.973486199975,886.973486199975,886.973486199975,886.973486199975,886.973486199975,886.973486199975,886.973486199975,888.2078774999827,"[-0.076, -0.076, -0.076, -0.076, -0.076, -0.076, -0.076, -0.076, -0.076, -0.076, -0.076, -0.076, -0.076, -0.076, -0.076, -0.076, -0.076, -0.076, -0.076, -0.076, -0.076, -0.076, -0.084, -0.092, -0.1, -0.108, -0.116, -0.124, -0.132, -0.14, -0.148, -0.156, -0.164, -0.172, -0.18, -0.18, -0.18, -0.18, -0.18, -0.18, -0.18, -0.18, -0.18, -0.18, -0.18, -0.18, -0.18, -0.18, -0.18, -0.18, -0.18, -0.18, -0.172, -0.164, -0.156, -0.148, -0.14, -0.132, -0.124, -0.116, -0.108, -0.108, -0.108, -0.108, -0.108, -0.108, -0.108, -0.108, -0.108, -0.108, -0.108, -0.108, -0.108, -0.108, -0.108, -0.108]",None,None,"['left', 'right']","[0.3438808999489993, 0.8399430999998003]","[0.20797180000226945, 0.15194189990870655]",up,1.2319713999750093,None,888.2082738999743,888.2235572999343,888.4735344999935,888.4570034999633,888.4573842999525,888.4735344999935,888.4735344999935,889.4735458999639,889.4735458999639,889.4570578000275,1,3,,,,,,,,,,,,,,,,,,,,,,,202603,,B,2026-07-22_11h27.17.442,valence_final_v2,2024.2.4,60,2026-07-22 11h27.28.654970 -0600,
21,21,0,1,1,baseline,32,3.3,0.26,1.0,-0.036,flat,curv_flat,0.0,0.0,0.26,rew,input_data/stims/Shape_3.30_1.00.png,input_data/stims/Shape_0.00_2.00.png,input_data/stims/Shape_4.00_2.00.png,1,1,-1.0,-1.0,1,up,2.91277729999274,None,up,1.0360297000734136,None,None,None,"['right', 'right']","[0.6349880000343546, 0.9870461000828072]","[0.11204250005539507, 0.1840107999742031]",up,1.3390590000199154,None,3,0,3,0,0,21,21,32,889.4735458999639,,,,,,,,,,,,,,,,,889.4576727999374,0.0006195000605657697,890.3915981999598,890.3919945999514,890.4069360999856,891.4069933999563,891.3904632999329,891.3908840999939,0.00043189991265535355,892.8759346000152,892.8772130999714,892.8903274999466,892.8903274999466,892.8903274999466,892.8903274999466,892.8903274999466,892.8903274999466,892.8903274999466,894.2413644000189,"[-0.036, -0.036, -0.036, -0.036, -0.036, -0.036, -0.036, -0.036, -0.036, -0.036, -0.036, -0.036, -0.036, -0.036, -0.036, -0.036, -0.036, -0.036, -0.036, -0.036, -0.036, -0.036, -0.036, -0.036, -0.036, -0.036, -0.036, -0.036, -0.036, -0.036, -0.036, -0.036, -0.036, -0.036, -0.036, -0.036, -0.036, -0.036, -0.036, -0.036, -0.028, -0.02, -0.012, -0.004, 0.004, 0.012, 0.012, 0.012, 0.012, 0.012, 0.012, 0.012, 0.012, 0.012, 0.012, 0.012, 0.012, 0.012, 0.012, 0.012, 0.012, 0.02, 0.028, 0.036, 0.044, 0.052, 0.06, 0.068, 0.076, 0.084, 0.092, 0.1, 0.1, 0.1, 0.1, 0.1, 0.1, 0.1, 0.1, 0.1, 0.1, 0.1, 0.1]",None,None,"['right', 'right']","[0.6349880000343546, 0.9870461000828072]","[0.11204250005539507, 0.1840107999742031]",up,1.3390590000199154,None,894.2417633000296,894.2570406999439,894.5070391999325,894.4905687000137,894.4909625999862,894.5070391999325,894.5070391999325,895.5070707999403,895.5070707999403,895.4906099999789,1,3,,,,,,,,,,,,,,,,,,,,,,,202603,,B,2026-07-22_11h27.17.442,valence_final_v2,2024.2.4,60,2026-07-22 11h27.28.654970 -0600,
22,22,0,1,1,baseline,13,1.3,-0.14,3.0,-0.36,curv,flat_curv,0.0,0.0,0.14,pen,input_data/stims/Shape_1.30_3.00.png,input_data/stims/Shape_4.00_2.00.png,input_data/stims/Shape_0.00_2.00.png,-1,-1,-1.0,1.0,-1,up,2.91277729999274,None,up,1.0360297000734136,None,None,None,['right'],[0.6035752999596298],[0.5999330000486225],up,1.4435719000175595,None,3,0,3,0,0,22,22,13,895.5070707999403,,,,,,,,,,,,,,,,,895.4912154999329,0.000609199982136488,896.37514499994,896.3755275999429,896.3904305000324,897.3905008999864,897.3739754999988,897.3744015999837,0.0004373999545350671,898.6586460999679,898.6599494999973,898.673823799938,898.673823799938,898.673823799938,898.673823799938,898.673823799938,898.673823799938,898.673823799938,900.1248966000276,"[-0.36, -0.36, -0.36, -0.36, -0.36, -0.36, -0.36, -0.36, -0.36, -0.36, -0.36, -0.36, -0.36, -0.36, -0.36, -0.36, -0.36, -0.36, -0.36, -0.36, -0.36, -0.36, -0.36, -0.36, -0.36, -0.36, -0.36, -0.36, -0.36, -0.36, -0.36, -0.36, -0.36, -0.36, -0.36, -0.36, -0.36, -0.36, -0.352, -0.344, -0.336, -0.328, -0.32, -0.312, -0.304, -0.296, -0.288, -0.28, -0.272, -0.264, -0.256, -0.248, -0.24, -0.232, -0.224, -0.216, -0.208, -0.2, -0.192, -0.184, -0.176, -0.168, -0.16, -0.152, -0.144, -0.136, -0.128, -0.12, -0.112, -0.104, -0.096, -0.088, -0.08, -0.072, -0.072, -0.072, -0.072, -0.072, -0.072, -0.072, -0.072, -0.072, -0.072, -0.072, -0.072, -0.072, -0.072, -0.072, -0.072]",None,None,['right'],[0.6035752999596298],[0.5999330000486225],up,1.4435719000175595,None,900.125291400007,900.1405426999554,900.3905197000131,900.3740612999536,900.3744425999466,900.3905197000131,,901.3905537999235,,901.3741482999176,0,-3,,,,,900.3905197000131,901.3905537999235,,,,,,,,,,,,,,,,,202603,,B,2026-07-22_11h27.17.442,valence_final_v2,2024.2.4,60,2026-07-22 11h27.28.654970 -0600,
23,23,0,1,1,baseline,6,0.7,-0.26,3.0,0.124,curv,curv_flat,0.0,0.0,-0.26,pen,input_data/stims/Shape_0.70_3.00.png,input_data/stims/Shape_0.00_2.00.png,input_data/stims/Shape_4.00_2.00.png,-1,1,1.0,1.0,-1,up,2.91277729999274,None,up,1.0360297000734136,None,None,None,['left'],[0.3720848000375554],[0.33592480001971126],up,0.9640442000236362,None,3,0,3,0,0,23,23,6,901.3905537999235,,,,,,,,,,,,,,,,,901.3747616999317,0.000618400052189827,902.3592630999628,902.3600786000025,902.373928999994,903.3739357999293,903.3574708999367,903.3579007999506,0.00044169998727738857,904.6416254999349,904.6430793999461,904.6573192999931,904.6573192999931,904.6573192999931,904.6573192999931,904.6573192999931,904.6573192999931,904.6573192999931,905.6250402999576,"[0.124, 0.124, 0.124, 0.124, 0.124, 0.124, 0.124, 0.124, 0.124, 0.124, 0.124, 0.124, 0.124, 0.124, 0.124, 0.124, 0.124, 0.124, 0.124, 0.124, 0.124, 0.124, 0.124, 0.124, 0.116, 0.108, 0.1, 0.092, 0.084, 0.076, 0.068, 0.06, 0.052, 0.044, 0.036, 0.028, 0.02, 0.012, 0.004, -0.004, -0.012, -0.02, -0.028, -0.036, -0.036, -0.036, -0.036, -0.036, -0.036, -0.036, -0.036, -0.036, -0.036, -0.036, -0.036, -0.036, -0.036, -0.036, -0.036, -0.036]",None,None,['left'],[0.3720848000375554],[0.33592480001971126],up,0.9640442000236362,None,905.6254303000169,905.6406838999828,905.8906971999677,905.8741597000044,905.8745428000111,905.8906971999677,,906.8907189000165,,906.8742336999858,1,1,905.8906971999677,906.8907189000165,,,,,,,,,,,,,,,,,,,,,202603,,B,2026-07-22_11h27.17.442,valence_final_v2,2024.2.4,60,2026-07-22 11h27.28.654970 -0600,
24,24,0,1,1,baseline,7,0.7,-0.26,3.0,0.064,curv,flat_curv,0.0,0.0,0.26,pen,input_data/stims/Shape_0.70_3.00.png,input_data/stims/Shape_4.00_2.00.png,input_data/stims/Shape_0.00_2.00.png,-1,-1,1.0,1.0,-1,up,2.91277729999274,None,up,1.0360297000734136,None,None,None,"['left', 'right']","[0.3075504000298679, 0.603473800001666]","[0.2720125999767333, 0.28800900001078844]",up,0.9555334000615403,None,3,0,3,0,0,24,24,7,906.8907189000165,,,,,,,,,,,,,,,,,906.8748406999512,0.000610999995842576,907.7598676999332,907.7602740000002,907.7741821999662,908.7742087999359,908.7579444999574,908.7584165999433,0.0004852000856772065,910.0426865000045,910.0441490999656,910.0578458999516,910.0578458999516,910.0578458999516,910.0578458999516,910.0578458999516,910.0578458999516,910.0578458999516,911.0255459999898,"[0.064, 0.064, 0.064, 0.064, 0.064, 0.064, 0.064, 0.064, 0.064, 0.064, 0.064, 0.064, 0.064, 0.064, 0.064, 0.064, 0.064, 0.064, 0.064, 0.064, 0.056, 0.048, 0.04, 0.032, 0.024, 0.016, 0.008, 0.0, -0.008, -0.016, -0.024, -0.032, -0.04, -0.048, -0.056, -0.064, -0.064, -0.064, -0.056, -0.048, -0.04, -0.032, -0.024, -0.016, -0.008, 0.0, 0.008, 0.016, 0.024, 0.032, 0.04, 0.048, 0.056, 0.064, 0.072, 0.072, 0.072, 0.072, 0.072, 0.072]",None,None,"['left', 'right']","[0.3075504000298679, 0.603473800001666]","[0.2720125999767333, 0.28800900001078844]",up,0.9555334000615403,None,911.0259534999495,911.0409570999909,911.2916576999705,911.2751546999207,911.2755316999974,911.2916576999705,,912.2917452999391,,912.2751918999711,1,1,911.2916576999705,912.2917452999391,,,,,,,,,,,,,,,,,,,,,202603,,B,2026-07-22_11h27.17.442,valence_final_v2,2024.2.4,60,2026-07-22 11h27.28.654970 -0600,
25,25,0,1,1,baseline,37,3.7,0.34,1.0,0.164,flat,flat_curv,0.0,0.0,-0.34,rew,input_data/stims/Shape_3.70_1.00.png,input_data/stims/Shape_4.00_2.00.png,input_data/stims/Shape_0.00_2.00.png,1,-1,1.0,-1.0,1,up,2.91277729999274,None,up,1.0360297000734136,None,None,None,['left'],[0.4003529999172315],[0.45595200010575354],up,1.056319799972698,None,3,0,3,0,0,25,25,37,912.2917452999391,,,,,,,,,,,,,,,,,912.2757885999745,0.0005996000254526734,913.3099012000021,913.3102813999867,913.3251796999248,914.3251565999817,914.3087518999819,914.3091750999447,0.00043510005343705416,915.6929396999767,915.6944936999353,915.7090163999237,915.7090163999237,915.7090163999237,915.7090163999237,915.7090163999237,915.7090163999237,915.7090163999237,916.7762303999625,"[0.164, 0.164, 0.164, 0.164, 0.164, 0.164, 0.164, 0.164, 0.164, 0.164, 0.164, 0.164, 0.164, 0.164, 0.164, 0.164, 0.164, 0.164, 0.164, 0.164, 0.164, 0.164, 0.164, 0.164, 0.164, 0.164, 0.156, 0.148, 0.14, 0.132, 0.124, 0.116, 0.108, 0.1, 0.092, 0.084, 0.076, 0.068, 0.06, 0.052, 0.044, 0.036, 0.028, 0.02, 0.012, 0.004, -0.004, -0.012, -0.02, -0.028, -0.036, -0.044, -0.052, -0.052, -0.052, -0.052, -0.052, -0.052, -0.052, -0.052, -0.052, -0.052, -0.052, -0.052, -0.052, -0.052]",None,None,['left'],[0.4003529999172315],[0.45595200010575354],up,1.056319799972698,None,916.7765967999585,916.7919162999606,917.0418197999243,917.0253786999965,917.0257531999378,917.0418197999243,917.0418197999243,918.0419594999403,918.0419594999403,918.0254593000282,1,3,,,,,,,,,,,,,,,,,,,,,,,202603,,B,2026-07-22_11h27.17.442,valence_final_v2,2024.2.4,60,2026-07-22 11h27.28.654970 -0600,
26,26,0,1,1,baseline,20,2.1,0.02,1.0,0.368,flat,curv_flat,0.0,0.0,0.02,rew,input_data/stims/Shape_2.10_1.00.png,input_data/stims/Shape_0.00_2.00.png,input_data/stims/Shape_4.00_2.00.png,1,1,1.0,-1.0,1,up,2.91277729999274,None,up,1.0360297000734136,None,None,None,['left'],[0.4365897999377921],[0.9119486000854522],up,1.5086309999460354,None,3,0,3,0,0,26,26,20,918.0419594999403,,,,,,,,,,,,,,,,,918.0260637999745,0.0006080000894144177,919.060800599982,919.061186100007,919.0753246999811,920.0753329999279,920.058813599986,920.0592329999199,0.00043100002221763134,921.3929881999502,921.3942072999198,921.4087373999646,921.4087373999646,921.4087373999646,921.4087373999646,921.4087373999646,921.4087373999646,921.4087373999646,922.9255117999855,"[0.368, 0.368, 0.368, 0.368, 0.368, 0.368, 0.368, 0.368, 0.368, 0.368, 0.368, 0.368, 0.368, 0.368, 0.368, 0.368, 0.368, 0.368, 0.368, 0.368, 0.368, 0.368, 0.368, 0.368, 0.368, 0.368, 0.368, 0.368, 0.36, 0.352, 0.344, 0.336, 0.328, 0.32, 0.312, 0.304, 0.296, 0.288, 0.28, 0.272, 0.264, 0.256, 0.248, 0.24, 0.232, 0.224, 0.216, 0.208, 0.2, 0.192, 0.184, 0.176, 0.168, 0.16, 0.152, 0.144, 0.136, 0.128, 0.12, 0.112, 0.104, 0.096, 0.088, 0.08, 0.072, 0.064, 0.056, 0.048, 0.04, 0.032, 0.024, 0.016, 0.008, 0.0, -0.008, -0.016, -0.024, -0.032, -0.04, -0.048, -0.056, -0.064, -0.064, -0.064, -0.064, -0.064, -0.064, -0.064, -0.064, -0.064, -0.064, -0.064, -0.064]",None,None,['left'],[0.4365897999377921],[0.9119486000854522],up,1.5086309999460354,None,922.925911600003,922.9411649999674,923.1911806999706,923.1746471999213,923.1750339999562,923.1911806999706,,924.1912089999532,,924.1747673000209,0,-1,,,923.1911806999706,924.1912089999532,,,,,,,,,,,,,,,,,,,202603,,B,2026-07-22_11h27.17.442,valence_final_v2,2024.2.4,60,2026-07-22 11h27.28.654970 -0600,
27,27,0,1,1,baseline,35,3.5,0.3,3.0,0.196,flat,flat_curv,0.0,0.0,-0.3,rew,input_data/stims/Shape_3.50_3.00.png,input_data/stims/Shape_4.00_2.00.png,input_data/stims/Shape_0.00_2.00.png,1,-1,1.0,1.0,1,up,2.91277729999274,None,up,1.0360297000734136,None,None,None,['left'],[0.4114559000590816],[0.6239874999737367],up,1.0913990000262856,None,3,0,3,0,0,27,27,35,924.1912089999532,,,,,,,,,,,,,,,,,924.1753724999726,0.0006092000985518098,925.0597873999504,925.060418899986,925.0745712999487,926.0745918999892,926.0581653999398,926.0586118999636,0.0004594998899847269,927.4439619999612,927.4452644999838,927.4579869000008,927.4579869000008,927.4579869000008,927.4579869000008,927.4579869000008,927.4579869000008,927.4579869000008,928.5591687000124,"[0.196, 0.196, 0.196, 0.196, 0.196, 0.196, 0.196, 0.196, 0.196, 0.196, 0.196, 0.196, 0.196, 0.196, 0.196, 0.196, 0.196, 0.196, 0.196, 0.196, 0.196, 0.196, 0.196, 0.196, 0.196, 0.196, 0.188, 0.18, 0.172, 0.164, 0.156, 0.148, 0.14, 0.132, 0.124, 0.116, 0.108, 0.1, 0.092, 0.084, 0.076, 0.068, 0.06, 0.052, 0.044, 0.036, 0.028, 0.02, 0.012, 0.004, -0.004, -0.012, -0.02, -0.028, -0.036, -0.044, -0.052, -0.06, -0.068, -0.076, -0.084, -0.092, -0.1, -0.108, -0.108, -0.108, -0.108, -0.108]",None,None,['left'],[0.4114559000590816],[0.6239874999737367],up,1.0913990000262856,None,928.5596138000255,928.5746713000117,928.8246705000056,928.8082079000305,928.8086022000061,928.8246705000056,928.8246705000056,929.8247000999982,929.8247000999982,929.8082591999555,1,3,,,,,,,,,,,,,,,,,,,,,,,202603,,B,2026-07-22_11h27.17.442,valence_final_v2,2024.2.4,60,2026-07-22 11h27.28.654970 -0600,
28,28,0,1,1,baseline,27,2.7,0.14,3.0,-0.324,flat,flat_curv,0.0,0.0,-0.14,rew,input_data/stims/Shape_2.70_3.00.png,input_data/stims/Shape_4.00_2.00.png,input_data/stims/Shape_0.00_2.00.png,1,-1,-1.0,1.0,1,up,2.91277729999274,None,up,1.0360297000734136,None,None,None,"['right', 'right']","[0.4179124999791384, 0.6979200999485329]","[0.20802040002308786, 0.13594670000020415]",up,1.0979228999931365,None,3,0,3,0,0,28,28,27,929.8247000999982,,,,,,,,,,,,,,,,,929.8088738999795,0.0006176000460982323,930.6931555999909,930.693941699923,930.7080808000173,931.7081140999217,931.6916191999335,931.6920409000013,0.00043319992255419493,933.0758848999394,933.0772346999729,933.0914900000207,933.0914900000207,933.0914900000207,933.0914900000207,933.0914900000207,933.0914900000207,933.0914900000207,934.1924871000228,"[-0.324, -0.324, -0.324, -0.324, -0.324, -0.324, -0.324, -0.324, -0.324, -0.324, -0.324, -0.324, -0.324, -0.324, -0.324, -0.324, -0.324, -0.324, -0.324, -0.324, -0.324, -0.324, -0.324, -0.324, -0.324, -0.324, -0.324, -0.316, -0.308, -0.3, -0.292, -0.284, -0.276, -0.268, -0.26, -0.252, -0.244, -0.236, -0.228, -0.228, -0.228, -0.228, -0.228, -0.22, -0.212, -0.204, -0.196, -0.188, -0.18, -0.172, -0.164, -0.156, -0.156, -0.156, -0.156, -0.156, -0.156, -0.156, -0.156, -0.156, -0.156, -0.156, -0.156, -0.156, -0.156, -0.156, -0.156, -0.156]",None,None,"['right', 'right']","[0.4179124999791384, 0.6979200999485329]","[0.20802040002308786, 0.13594670000020415]",up,1.0979228999931365,None,934.1928809999954,934.208171300008,934.4581651999615,934.4416941999225,934.442084099981,934.4581651999615,934.4581651999615,935.4582074999344,935.4582074999344,935.4417486999882,1,3,,,,,,,,,,,,,,,,,,,,,,,202603,,B,2026-07-22_11h27.17.442,valence_final_v2,2024.2.4,60,2026-07-22 11h27.28.654970 -0600,
29,29,0,1,1,baseline,19,1.9,-0.02,3.0,0.316,curv,flat_curv,0.0,0.0,0.02,pen,input_data/stims/Shape_1.90_3.00.png,input_data/stims/Shape_4.00_2.00.png,input_data/stims/Shape_0.00_2.00.png,-1,-1,1.0,1.0,-1,up,2.91277729999274,None,up,1.0360297000734136,None,None,None,['left'],[0.4364955999189988],[0.807934100041166],up,1.284471599967219,None,3,0,3,0,0,29,29,19,935.4582074999344,,,,,,,,,,,,,,,,,935.4423558999551,0.000610699993558228,936.3262499999255,936.3266884000041,936.3415632999968,937.3415817000205,937.325121599948,937.3255510999588,0.0004427999956533313,938.6100963000208,938.6113025000086,938.6249661999755,938.6249661999755,938.6249661999755,938.6249661999755,938.6249661999755,938.6249661999755,938.6249661999755,939.9259788999334,"[0.316, 0.316, 0.316, 0.316, 0.316, 0.316, 0.316, 0.316, 0.316, 0.316, 0.316, 0.316, 0.316, 0.316, 0.316, 0.316, 0.316, 0.316, 0.316, 0.316, 0.316, 0.316, 0.316, 0.316, 0.316, 0.316, 0.316, 0.316, 0.308, 0.3, 0.292, 0.284, 0.276, 0.268, 0.26, 0.252, 0.244, 0.236, 0.228, 0.22, 0.212, 0.204, 0.196, 0.188, 0.18, 0.172, 0.164, 0.156, 0.148, 0.14, 0.132, 0.124, 0.116, 0.108, 0.1, 0.092, 0.084, 0.076, 0.068, 0.06, 0.052, 0.044, 0.036, 0.028, 0.02, 0.012, 0.004, -0.004, -0.012, -0.02, -0.028, -0.036, -0.044, -0.052, -0.06, -0.068, -0.068, -0.068, -0.068, -0.068]",None,None,['left'],[0.4364955999189988],[0.807934100041166],up,1.284471599967219,None,939.9263616999378,939.9416687999619,940.1916781000327,940.1751249999506,940.1755081999581,940.1916781000327,,941.1916863999795,,941.1751945000142,0,-3,,,,,940.1916781000327,941.1916863999795,,,,,,,,,,,,,,,,,202603,,B,2026-07-22_11h27.17.442,valence_final_v2,2024.2.4,60,2026-07-22 11h27.28.654970 -0600,
30,30,0,1,1,baseline,9,0.9,-0.22,1.0,0.092,curv,flat_curv,0.0,0.0,0.22,pen,input_data/stims/Shape_0.90_1.00.png,input_data/stims/Shape_4.00_2.00.png,input_data/stims/Shape_0.00_2.00.png,-1,-1,1.0,-1.0,-1,up,2.91277729999274,None,up,1.0360297000734136,None,None,None,['right'],[0.515071599977091],[0.27184920001309365],up,1.234989900025539,None,3,0,3,0,0,30,30,9,941.1916863999795,,,,,,,,,,,,,,,,,941.1758415999357,0.0006501000607386231,942.2603032999905,942.2609386999393,942.2750691999681,943.2750763000222,943.2586092000129,943.2590383000206,0.00044049997813999653,944.6431487000082,944.6443909999216,944.6584809999913,944.6584809999913,944.6584809999913,944.6584809999913,944.6584809999913,944.6584809999913,944.6584809999913,945.9096896999981,"[0.092, 0.092, 0.092, 0.092, 0.092, 0.092, 0.092, 0.092, 0.092, 0.092, 0.092, 0.092, 0.092, 0.092, 0.092, 0.092, 0.092, 0.092, 0.092, 0.092, 0.092, 0.092, 0.092, 0.092, 0.092, 0.092, 0.092, 0.092, 0.092, 0.092, 0.092, 0.092, 0.1, 0.108, 0.116, 0.124, 0.132, 0.14, 0.148, 0.156, 0.164, 0.172, 0.18, 0.188, 0.196, 0.204, 0.212, 0.22, 0.228, 0.228, 0.228, 0.228, 0.228, 0.228, 0.228, 0.228, 0.228, 0.228, 0.228, 0.228, 0.228, 0.228, 0.228, 0.228, 0.228, 0.228, 0.228, 0.228, 0.228, 0.228, 0.228, 0.228, 0.228, 0.228, 0.228, 0.228, 0.228]",None,None,['right'],[0.515071599977091],[0.27184920001309365],up,1.234989900025539,None,945.9101288999664,945.9251614999957,946.1751616999973,946.158684700029,946.1590662000235,946.1751616999973,,947.1752050999785,,947.1587521999609,1,1,946.1751616999973,947.1752050999785,,,,,,,,,,,,,,,,,,,,,202603,,B,2026-07-22_11h27.17.442,valence_final_v2,2024.2.4,60,2026-07-22 11h27.28.654970 -0600,
31,31,0,1,1,baseline,33,3.3,0.26,3.0,-0.176,flat,flat_curv,0.0,0.0,-0.26,rew,input_data/stims/Shape_3.30_3.00.png,input_data/stims/Shape_4.00_2.00.png,input_data/stims/Shape_0.00_2.00.png,1,-1,-1.0,1.0,1,up,2.91277729999274,None,up,1.0360297000734136,None,None,None,['right'],[0.423414200078696],[0.33603219990618527],up,1.0633819000795484,None,3,0,3,0,0,31,31,33,947.1752050999785,,,,,,,,,,,,,,,,,947.1593550000107,0.0006040999433025718,948.044003100018,948.044419099926,948.0585756999208,949.0585868000053,949.0421401999192,949.0425714999437,0.00044380000326782465,950.326331899967,950.3275796999224,950.3419838999398,950.3419838999398,950.3419838999398,950.3419838999398,950.3419838999398,950.3419838999398,950.3419838999398,951.4096598000033,"[-0.176, -0.176, -0.176, -0.176, -0.176, -0.176, -0.176, -0.176, -0.176, -0.176, -0.176, -0.176, -0.176, -0.176, -0.176, -0.176, -0.176, -0.176, -0.176, -0.176, -0.176, -0.176, -0.176, -0.176, -0.176, -0.176, -0.176, -0.168, -0.16, -0.152, -0.144, -0.136, -0.128, -0.12, -0.112, -0.104, -0.096, -0.088, -0.08, -0.072, -0.064, -0.056, -0.048, -0.04, -0.032, -0.024, -0.016, -0.016, -0.016, -0.016, -0.016, -0.016, -0.016, -0.016, -0.016, -0.016, -0.016, -0.016, -0.016, -0.016, -0.016, -0.016, -0.016, -0.016, -0.016, -0.016]",None,None,['right'],[0.423414200078696],[0.33603219990618527],up,1.0633819000795484,None,951.4100471999263,951.4253276999807,951.6753206999274,951.658799399971,951.6591847999953,951.6753206999274,951.6753206999274,952.6753504999215,952.6753504999215,952.6589007999282,1,3,,,,,,,,,,,,,,,,,,,,,,,202603,,B,2026-07-22_11h27.17.442,valence_final_v2,2024.2.4,60,2026-07-22 11h27.28.654970 -0600,
32,32,0,1,1,baseline,14,1.5,-0.1,3.0,-0.34,curv,curv_flat,0.0,0.0,-0.1,pen,input_data/stims/Shape_1.50_3.00.png,input_data/stims/Shape_0.00_2.00.png,input_data/stims/Shape_4.00_2.00.png,-1,1,-1.0,1.0,-1,up,2.91277729999274,None,up,1.0360297000734136,None,None,None,['right'],[0.59931580000557],[0.7599345999769866],up,1.719219599966891,None,3,0,3,0,0,32,32,14,952.6753504999215,,,,,,,,,,,,,,,,,952.6595079000108,0.00060889997985214,953.7437886999687,953.7441923000151,953.7587380999466,954.7587463000091,954.7422850999283,954.7427113000304,0.0004381999606266618,956.1262351999758,956.1274962000316,956.1421482999576,956.1421482999576,956.1421482999576,956.1421482999576,956.1421482999576,956.1421482999576,956.1421482999576,957.876601099968,"[-0.34, -0.34, -0.34, -0.34, -0.34, -0.34, -0.34, -0.34, -0.34, -0.34, -0.34, -0.34, -0.34, -0.34, -0.34, -0.34, -0.34, -0.34, -0.34, -0.34, -0.34, -0.34, -0.34, -0.34, -0.34, -0.34, -0.34, -0.34, -0.34, -0.34, -0.34, -0.34, -0.34, -0.34, -0.34, -0.34, -0.34, -0.332, -0.324, -0.316, -0.308, -0.3, -0.292, -0.284, -0.276, -0.268, -0.26, -0.252, -0.244, -0.236, -0.228, -0.22, -0.212, -0.204, -0.196, -0.188, -0.18, -0.172, -0.164, -0.156, -0.148, -0.14, -0.132, -0.124, -0.116, -0.108, -0.1, -0.092, -0.084, -0.076, -0.068, -0.06, -0.052, -0.044, -0.036, -0.028, -0.02, -0.012, -0.004, 0.004, 0.012, 0.02, 0.028, 0.028, 0.028, 0.028, 0.028, 0.028, 0.028, 0.028, 0.028, 0.028, 0.028, 0.028, 0.028, 0.028, 0.028, 0.028, 0.028, 0.028, 0.028, 0.028, 0.028, 0.028, 0.028, 0.028]",None,None,['right'],[0.59931580000557],[0.7599345999769866],up,1.719219599966891,None,957.877009699936,957.8921929999487,958.142176699941,958.125658200006,958.1260425000219,958.142176699941,,959.1422044999199,,959.1257012999849,0,-3,,,,,958.142176699941,959.1422044999199,,,,,,,,,,,,,,,,,202603,,B,2026-07-22_11h27.17.442,valence_final_v2,2024.2.4,60,2026-07-22 11h27.28.654970 -0600,
33,33,0,1,1,baseline,30,3.1,0.22,3.0,0.128,flat,curv_flat,0.0,0.0,0.22,rew,input_data/stims/Shape_3.10_3.00.png,input_data/stims/Shape_0.00_2.00.png,input_data/stims/Shape_4.00_2.00.png,1,1,1.0,1.0,1,up,2.91277729999274,None,up,1.0360297000734136,None,None,None,['left'],[0.7703947999980301],[0.19198370003141463],up,1.2023748999927193,None,3,0,3,0,0,33,33,30,959.1422044999199,,,,,,,,,,,,,,,,,959.1263097999617,0.0006130000110715628,960.1103754999349,960.1107597999508,960.125591399963,961.1255915999645,961.1091256999644,961.1095486999257,0.0004358000587671995,962.4438243999612,962.445037700003,962.4589884999441,962.4589884999441,962.4589884999441,962.4589884999441,962.4589884999441,962.4589884999441,962.4589884999441,963.676667099935,"[0.128, 0.128, 0.128, 0.128, 0.128, 0.128, 0.128, 0.128, 0.128, 0.128, 0.128, 0.128, 0.128, 0.128, 0.128, 0.128, 0.128, 0.128, 0.128, 0.128, 0.128, 0.128, 0.128, 0.128, 0.128, 0.128, 0.128, 0.128, 0.128, 0.128, 0.128, 0.128, 0.128, 0.128, 0.128, 0.128, 0.128, 0.128, 0.128, 0.128, 0.128, 0.128, 0.128, 0.128, 0.128, 0.128, 0.128, 0.128, 0.12, 0.112, 0.104, 0.096, 0.088, 0.08, 0.072, 0.064, 0.056, 0.048, 0.04, 0.04, 0.04, 0.04, 0.04, 0.04, 0.04, 0.04, 0.04, 0.04, 0.04, 0.04, 0.04, 0.04, 0.04, 0.04, 0.04]",None,None,['left'],[0.7703947999980301],[0.19198370003141463],up,1.2023748999927193,None,963.6770476999227,963.6923677999293,963.9423600999871,963.9258330999874,963.9262161999941,963.9423600999871,963.9423600999871,964.9423847999424,964.9423847999424,964.9258828000166,1,3,,,,,,,,,,,,,,,,,,,,,,,202603,,B,2026-07-22_11h27.17.442,valence_final_v2,2024.2.4,60,2026-07-22 11h27.28.654970 -0600,
34,34,0,1,1,baseline,11,1.1,-0.18,1.0,0.388,curv,flat_curv,0.0,0.0,0.18,pen,input_data/stims/Shape_1.10_1.00.png,input_data/stims/Shape_4.00_2.00.png,input_data/stims/Shape_0.00_2.00.png,-1,-1,1.0,-1.0,-1,up,2.91277729999274,None,up,1.0360297000734136,None,None,None,['left'],[0.4561301999492571],[0.3040526000550017],up,0.9761489999946207,None,3,0,3,0,0,34,34,11,964.9423847999424,,,,,,,,,,,,,,,,,964.9264800000237,0.0005998000269755721,965.8617144000018,965.8622591999592,965.8761249999516,966.8758800999494,966.859612399945,966.8600484000053,0.0004487999249249697,968.2947079000296,968.2962053000228,968.3092561999802,968.3092561999802,968.3092561999802,968.3092561999802,968.3092561999802,968.3092561999802,968.3092561999802,969.294283199939,"[0.388, 0.388, 0.388, 0.388, 0.388, 0.388, 0.388, 0.388, 0.388, 0.388, 0.388, 0.388, 0.388, 0.388, 0.388, 0.388, 0.388, 0.388, 0.388, 0.388, 0.388, 0.388, 0.388, 0.388, 0.388, 0.388, 0.388, 0.388, 0.388, 0.38, 0.372, 0.364, 0.356, 0.348, 0.34, 0.332, 0.324, 0.316, 0.308, 0.3, 0.292, 0.284, 0.276, 0.268, 0.26, 0.252, 0.244, 0.244, 0.244, 0.244, 0.244, 0.244, 0.244, 0.244, 0.244, 0.244, 0.244, 0.244, 0.244, 0.244, 0.244]",None,None,['left'],[0.4561301999492571],[0.3040526000550017],up,0.9761489999946207,None,969.2946487999288,969.3101395999547,969.5601150000002,969.5435952999396,969.5439728000201,969.5601150000002,,970.5601217999356,,970.5435208999552,1,1,969.5601150000002,970.5601217999356,,,,,,,,,,,,,,,,,,,,,202603,,B,2026-07-22_11h27.17.442,valence_final_v2,2024.2.4,60,2026-07-22 11h27.28.654970 -0600,
35,35,0,1,1,baseline,34,3.5,0.3,1.0,-0.048,flat,curv_flat,0.0,0.0,0.3,rew,input_data/stims/Shape_3.50_1.00.png,input_data/stims/Shape_0.00_2.00.png,input_data/stims/Shape_4.00_2.00.png,1,1,-1.0,-1.0,1,up,2.91277729999274,None,up,1.0360297000734136,None,None,None,"['right', 'left']","[0.6022351999999955, 1.1061945999972522]","[0.2799656999995932, 0.1519974999828264]",up,1.5222247999627143,None,3,0,3,0,0,35,35,34,970.5601217999356,,,,,,,,,,,,,,,,,970.5441204999806,0.0006032000528648496,971.6283742999658,971.6290914999554,971.6434699000092,972.6434774999507,972.6269455000293,972.6273769999389,0.00044440000783652067,974.0117080999771,974.0131404999411,974.0272268999834,974.0272268999834,974.0272268999834,974.0272268999834,974.0272268999834,974.0272268999834,974.0272268999834,975.5612744999817,"[-0.048, -0.048, -0.048, -0.048, -0.048, -0.048, -0.048, -0.048, -0.048, -0.048, -0.048, -0.048, -0.048, -0.048, -0.048, -0.048, -0.048, -0.048, -0.048, -0.048, -0.048, -0.048, -0.048, -0.048, -0.048, -0.048, -0.048, -0.048, -0.048, -0.048, -0.048, -0.048, -0.048, -0.048, -0.048, -0.048, -0.048, -0.048, -0.04, -0.032, -0.024, -0.016, -0.008, 0.0, 0.008, 0.016, 0.024, 0.032, 0.04, 0.048, 0.056, 0.064, 0.072, 0.08, 0.08, 0.08, 0.08, 0.08, 0.08, 0.08, 0.08, 0.08, 0.08, 0.08, 0.08, 0.08, 0.08, 0.08, 0.072, 0.064, 0.056, 0.048, 0.04, 0.032, 0.024, 0.016, 0.008, 0.008, 0.008, 0.008, 0.008, 0.008, 0.008, 0.008, 0.008, 0.008, 0.008, 0.008, 0.008, 0.008, 0.008, 0.008, 0.008, 0.008]",None,None,"['right', 'left']","[0.6022351999999955, 1.1061945999972522]","[0.2799656999995932, 0.1519974999828264]",up,1.5222247999627143,None,975.5616866999771,975.5769052000251,975.8269260999514,975.8105037999339,975.8108899999643,975.8269260999514,975.8269260999514,976.8269609999843,976.8269609999843,976.8105829999549,1,3,,,,,,,,,,,,,,,,,,,,,,,202603,,B,2026-07-22_11h27.17.442,valence_final_v2,2024.2.4,60,2026-07-22 11h27.28.654970 -0600,
36,36,0,1,1,baseline,15,1.5,-0.1,1.0,0.384,curv,flat_curv,0.0,0.0,0.1,pen,input_data/stims/Shape_1.50_1.00.png,input_data/stims/Shape_4.00_2.00.png,input_data/stims/Shape_0.00_2.00.png,-1,-1,1.0,-1.0,-1,up,2.91277729999274,None,up,1.0360297000734136,None,None,None,['left'],[0.8716754999477416],[0.40810560004319996],up,1.4716779999434948,None,3,0,3,0,0,36,36,15,976.8269609999843,,,,,,,,,,,,,,,,,976.8111978999805,0.0006188000552356243,977.8452613999834,977.8456439999864,977.8599878000095,978.8603569000261,978.8438454000279,978.8442750999238,0.0004427999956533313,980.2788385000313,980.2801212000195,980.293702899944,980.293702899944,980.293702899944,980.293702899944,980.293702899944,980.293702899944,980.293702899944,981.7781295999885,"[0.384, 0.384, 0.384, 0.384, 0.384, 0.384, 0.384, 0.384, 0.384, 0.384, 0.384, 0.384, 0.384, 0.384, 0.384, 0.384, 0.384, 0.384, 0.384, 0.384, 0.384, 0.384, 0.384, 0.384, 0.384, 0.384, 0.384, 0.384, 0.384, 0.384, 0.384, 0.384, 0.384, 0.384, 0.384, 0.384, 0.384, 0.384, 0.384, 0.384, 0.384, 0.384, 0.384, 0.384, 0.384, 0.384, 0.384, 0.384, 0.384, 0.384, 0.384, 0.384, 0.384, 0.384, 0.376, 0.368, 0.36, 0.352, 0.344, 0.336, 0.328, 0.32, 0.312, 0.304, 0.296, 0.288, 0.28, 0.272, 0.264, 0.256, 0.248, 0.24, 0.232, 0.224, 0.216, 0.208, 0.2, 0.192, 0.192, 0.192, 0.192, 0.192, 0.192, 0.192, 0.192, 0.192, 0.192, 0.192, 0.192, 0.192, 0.192]",None,None,['left'],[0.8716754999477416],[0.40810560004319996],up,1.4716779999434948,None,981.778542199987,981.7937487999443,982.0437460999237,982.0271726999199,982.0275580999441,982.0437460999237,,983.0437788999407,,983.0273271999322,1,1,982.0437460999237,983.0437788999407,,,,,,,,,,,,,,,,,,,,,202603,,B,2026-07-22_11h27.17.442,valence_final_v2,2024.2.4,60,2026-07-22 11h27.28.654970 -0600,
37,37,0,1,1,baseline,29,2.9,0.18,3.0,0.28,flat,flat_curv,0.0,0.0,-0.18,rew,input_data/stims/Shape_2.90_3.00.png,input_data/stims/Shape_4.00_2.00.png,input_data/stims/Shape_0.00_2.00.png,1,-1,1.0,1.0,1,up,2.91277729999274,None,up,1.0360297000734136,None,None,None,"['left', 'left']","[0.44247569993603975, 1.282463499926962]","[0.5759789000730962, 0.08797740004956722]",up,1.570499200024642,None,3,0,3,0,0,37,37,29,983.0437788999407,,,,,,,,,,,,,,,,,983.0279364000307,0.0006120000034570694,983.9618343999609,983.9623353999341,983.9771624000277,984.9771607000148,984.9606833999278,984.961108700023,0.0004376999568194151,986.3947875000304,986.396256799926,986.4109847999644,986.4109847999644,986.4109847999644,986.4109847999644,986.4109847999644,986.4109847999644,986.4109847999644,987.9946107999422,"[0.28, 0.28, 0.28, 0.28, 0.28, 0.28, 0.28, 0.28, 0.28, 0.28, 0.28, 0.28, 0.28, 0.28, 0.28, 0.28, 0.28, 0.28, 0.28, 0.28, 0.28, 0.28, 0.28, 0.28, 0.28, 0.28, 0.28, 0.28, 0.272, 0.264, 0.256, 0.248, 0.24, 0.232, 0.224, 0.216, 0.208, 0.2, 0.192, 0.184, 0.176, 0.168, 0.16, 0.152, 0.144, 0.136, 0.128, 0.12, 0.112, 0.104, 0.096, 0.088, 0.08, 0.072, 0.064, 0.056, 0.048, 0.04, 0.032, 0.024, 0.016, 0.008, 0.0, 0.0, 0.0, 0.0, 0.0, 0.0, 0.0, 0.0, 0.0, 0.0, 0.0, 0.0, 0.0, 0.0, 0.0, 0.0, -0.008, -0.016, -0.024, -0.032, -0.04, -0.048, -0.048, -0.048, -0.048, -0.048, -0.048, -0.048, -0.048, -0.048, -0.048, -0.048, -0.048, -0.048, -0.048]",None,None,"['left', 'left']","[0.44247569993603975, 1.282463499926962]","[0.5759789000730962, 0.08797740004956722]",up,1.570499200024642,None,987.9950267999666,988.0098634000169,988.2602531999582,988.2433717999374,988.2437713999534,988.2602531999582,988.2602531999582,989.2598838999402,989.2598838999402,989.2433944999939,1,3,,,,,,,,,,,,,,,,,,,,,,,202603,,B,2026-07-22_11h27.17.442,valence_final_v2,2024.2.4,60,2026-07-22 11h27.28.654970 -0600,
38,38,0,1,1,baseline,0,0.1,-0.38,1.0,-0.328,curv,curv_flat,0.0,0.0,-0.38,pen,input_data/stims/Shape_0.10_1.00.png,input_data/stims/Shape_0.00_2.00.png,input_data/stims/Shape_4.00_2.00.png,-1,1,-1.0,-1.0,-1,up,2.91277729999274,None,up,1.0360297000734136,None,None,None,"['right', 'left', 'right']","[0.3283589999191463, 0.784360499936156, 1.104356599971652]","[0.2640321000944823, 0.15210569999180734, 0.10406210005749017]",up,1.3764807999832556,None,3,0,3,0,0,38,38,0,989.2598838999402,,,,,,,,,,,,,,,,,989.2440151999472,0.0006240999791771173,990.2787870999891,990.2791861000005,990.2936317999847,991.293277699966,991.2771496999776,991.2775703999214,0.0004328000359237194,992.6616682999302,992.6629698999459,992.677052999963,992.677052999963,992.677052999963,992.677052999963,992.677052999963,992.677052999963,992.677052999963,994.0617520000087,"[-0.328, -0.328, -0.328, -0.328, -0.328, -0.328, -0.328, -0.328, -0.328, -0.328, -0.328, -0.328, -0.328, -0.328, -0.328, -0.328, -0.328, -0.328, -0.328, -0.328, -0.328, -0.32, -0.312, -0.304, -0.296, -0.288, -0.28, -0.272, -0.264, -0.256, -0.248, -0.24, -0.232, -0.224, -0.216, -0.208, -0.2, -0.2, -0.2, -0.2, -0.2, -0.2, -0.2, -0.2, -0.2, -0.2, -0.2, -0.2, -0.2, -0.208, -0.216, -0.224, -0.232, -0.24, -0.248, -0.256, -0.264, -0.272, -0.272, -0.272, -0.272, -0.272, -0.272, -0.272, -0.272, -0.272, -0.272, -0.272, -0.264, -0.256, -0.248, -0.24, -0.232, -0.224, -0.224, -0.224, -0.224, -0.224, -0.224, -0.224, -0.224, -0.224, -0.224, -0.224, -0.224]",None,None,"['right', 'left', 'right']","[0.3283589999191463, 0.784360499936156, 1.104356599971652]","[0.2640321000944823, 0.15210569999180734, 0.10406210005749017]",up,1.3764807999832556,None,994.0622100000037,994.076698299963,994.3270732000237,994.3101618000073,994.3105550999753,994.3270732000237,,995.3267171999905,,995.3102209999925,1,1,994.3270732000237,995.3267171999905,,,,,,,,,,,,,,,,,,,,,202603,,B,2026-07-22_11h27.17.442,valence_final_v2,2024.2.4,60,2026-07-22 11h27.28.654970 -0600,
39,39,0,1,1,baseline,8,0.9,-0.22,3.0,0.148,curv,curv_flat,0.0,0.0,-0.22,pen,input_data/stims/Shape_0.90_3.00.png,input_data/stims/Shape_0.00_2.00.png,input_data/stims/Shape_4.00_2.00.png,-1,1,1.0,1.0,-1,up,2.91277729999274,None,up,1.0360297000734136,None,None,None,['left'],[0.4355826999526471],[0.575971300015226],up,1.0678555999184027,None,3,0,3,0,0,39,39,8,995.3267171999905,,,,,,,,,,,,,,,,,995.3108317999868,0.0006135000148788095,996.1961624999531,996.196564199985,996.2100911999587,997.2101040999405,997.1939808999887,997.1944111000048,0.0004422999918460846,998.5782210999168,998.579434699961,998.5938388999784,998.5938388999784,998.5938388999784,998.5938388999784,998.5938388999784,998.5938388999784,998.5938388999784,999.6782268999377,"[0.148, 0.148, 0.148, 0.148, 0.148, 0.148, 0.148, 0.148, 0.148, 0.148, 0.148, 0.148, 0.148, 0.148, 0.148, 0.148, 0.148, 0.148, 0.148, 0.148, 0.148, 0.148, 0.148, 0.148, 0.148, 0.148, 0.148, 0.148, 0.14, 0.132, 0.124, 0.116, 0.108, 0.1, 0.092, 0.084, 0.076, 0.068, 0.06, 0.052, 0.044, 0.036, 0.028, 0.02, 0.012, 0.004, -0.004, -0.012, -0.02, -0.028, -0.036, -0.044, -0.052, -0.06, -0.068, -0.076, -0.084, -0.092, -0.1, -0.108, -0.116, -0.124, -0.124, -0.124, -0.124, -0.124, -0.124]",None,None,['left'],[0.4355826999526471],[0.575971300015226],up,1.0678555999184027,None,999.6785967999604,999.6935127000324,999.9438914000057,999.9270014999202,999.9273981000297,999.9438914000057,,1000.9603654999519,,1000.9270574999973,1,1,999.9438914000057,1000.9603654999519,,,,,,,,,,,,,,,,,,,,,202603,,B,2026-07-22_11h27.17.442,valence_final_v2,2024.2.4,60,2026-07-22 11h27.28.654970 -0600,
0,0,0,3,1,flat_comp,90,2.1,0.02,3.0,0.112,curv,curv_flat,0.2,0.2,0.02,pen,input_data/stims/Shape_2.10_3.00.png,input_data/stims/Shape_0.00_2.00.png,input_data/stims/Shape_4.00_2.00.png,-1,1,-1.0,1.0,-1,None,,,up,0.7307827000040561,None,None,None,['right'],[0.661061399965547],[0.41595590009819716],up,1.1570142999989912,None,4,0,4,0,0,0,0,10,1005.1770055999514,,1004.3943865000037,,,,1004.3944158999948,None,,,1004.3968670000322,1004.4107205999317,1004.4107205999317,1005.1442921999842,up,0.7307827000040561,None,1005.1718263999792,0.027527399943210185,1006.0560488000046,1006.0565216999967,1006.0771939000115,1007.077047699946,1007.0609103000024,1007.0613321999554,0.00043370004277676344,1008.3450665000128,1008.346282399958,1008.3604402999626,1008.3604402999626,1008.3604402999626,1008.3604402999626,1008.3604402999626,1008.3604402999626,1008.3604402999626,1009.5285647999262,"[0.112, 0.112, 0.112, 0.112, 0.112, 0.112, 0.112, 0.112, 0.112, 0.112, 0.112, 0.112, 0.112, 0.112, 0.112, 0.112, 0.112, 0.112, 0.112, 0.112, 0.112, 0.112, 0.112, 0.112, 0.112, 0.112, 0.112, 0.112, 0.112, 0.112, 0.112, 0.112, 0.112, 0.112, 0.112, 0.112, 0.112, 0.112, 0.112, 0.112, 0.112, 0.12, 0.128, 0.136, 0.144, 0.152, 0.16, 0.168, 0.176, 0.184, 0.192, 0.2, 0.208, 0.216, 0.224, 0.232, 0.24, 0.248, 0.256, 0.264, 0.272, 0.28, 0.288, 0.296, 0.304, 0.312, 0.312, 0.312, 0.312, 0.312, 0.312, 0.312]",None,None,['right'],[0.661061399965547],[0.41595590009819716],up,1.1570142999989912,None,1009.5289444000227,1009.5438314999919,1009.7941665999824,1009.7773168999702,1009.7776999999769,1009.7941665999824,,1010.7938525999198,,1010.7777060000226,0,-3,,,,,1009.7941665999824,1010.7938525999198,1000.9417516000103,1000.9603654999519,1000.9603654999519,1004.3942673000274,52,8,up,3.429126700037159,None,,,,,,,,202603,,B,2026-07-22_11h27.17.442,valence_final_v2,2024.2.4,60,2026-07-22 11h27.28.654970 -0600,
1,1,0,3,1,flat_comp,109,3.5,0.3,3.0,0.228,flat,flat_curv,0.2,-0.2,-0.3,rew,input_data/stims/Shape_3.50_3.00.png,input_data/stims/Shape_4.00_2.00.png,input_data/stims/Shape_0.00_2.00.png,1,-1,1.0,1.0,1,None,,,up,0.7307827000040561,None,None,None,"['right', 'left']","[0.3864997000200674, 0.5704434000654146]","[0.13604180002585053, 1.0959902999456972]",up,1.8505234000040218,None,4,0,4,0,0,1,1,29,1010.7938525999198,,,,,,,,,,,,,,,,,1010.7783038999187,0.0005998000269755721,1011.8619911000133,1011.862394399941,1011.8775884999195,1012.87742169993,1012.8608595000114,1012.8613110999577,0.0004638000391423702,1014.19505999994,1014.1963460999541,1014.2109976999927,1014.2109976999927,1014.2109976999927,1014.2109976999927,1014.2109976999927,1014.2109976999927,1014.2109976999927,1016.0787547000218,"[0.228, 0.228, 0.228, 0.228, 0.228, 0.228, 0.228, 0.228, 0.228, 0.228, 0.228, 0.228, 0.228, 0.228, 0.228, 0.228, 0.228, 0.228, 0.228, 0.228, 0.228, 0.228, 0.228, 0.228, 0.228, 0.236, 0.244, 0.252, 0.26, 0.268, 0.276, 0.284, 0.292, 0.292, 0.292, 0.292, 0.284, 0.276, 0.268, 0.26, 0.252, 0.244, 0.236, 0.228, 0.22, 0.212, 0.204, 0.196, 0.188, 0.18, 0.172, 0.164, 0.156, 0.148, 0.14, 0.132, 0.124, 0.116, 0.108, 0.1, 0.092, 0.084, 0.076, 0.068, 0.06, 0.052, 0.044, 0.036, 0.028, 0.02, 0.012, 0.004, -0.004, -0.012, -0.02, -0.028, -0.036, -0.044, -0.052, -0.06, -0.068, -0.076, -0.084, -0.092, -0.1, -0.108, -0.116, -0.124, -0.132, -0.14, -0.148, -0.156, -0.164, -0.172, -0.18, -0.188, -0.196, -0.204, -0.212, -0.22, -0.228, -0.228, -0.228, -0.228, -0.228, -0.228, -0.228, -0.228, -0.228, -0.228, -0.228, -0.228, -0.228, -0.228]",None,None,"['right', 'left']","[0.3864997000200674, 0.5704434000654146]","[0.13604180002585053, 1.0959902999456972]",up,1.8505234000040218,None,1016.079160299967,1016.0939937999938,1016.3443691999419,1016.3274691000115,1016.3278553999262,1016.3443691999419,1016.3443691999419,1017.3440199999604,1017.3440199999604,1017.3279120000079,1,3,,,,,,,,,,,,,,,,,,,,,,,202603,,B,2026-07-22_11h27.17.442,valence_final_v2,2024.2.4,60,2026-07-22 11h27.28.654970 -0600,
2,2,0,3,1,flat_comp,95,2.5,0.1,1.0,0.308,curv,flat_curv,0.2,-0.2,-0.1,pen,input_data/stims/Shape_2.50_1.00.png,input_data/stims/Shape_4.00_2.00.png,input_data/stims/Shape_0.00_2.00.png,-1,-1,1.0,-1.0,-1,None,,,up,0.7307827000040561,None,None,None,['left'],[0.32584840001072735],[1.1039355000248179],up,1.685870400047861,None,4,0,4,0,0,2,2,15,1017.3440199999604,,,,,,,,,,,,,,,,,1017.3285201999824,0.0006121000042185187,1018.212574300007,1018.2129763999255,1018.2281495999778,1019.2281902999384,1019.2116471999325,1019.2120615999447,0.00042539997957646847,1020.6960091999499,1020.6972684999928,1020.7116148999194,1020.7116148999194,1020.7116148999194,1020.7116148999194,1020.7116148999194,1020.7116148999194,1020.7116148999194,1022.4125921999803,"[0.308, 0.308, 0.308, 0.308, 0.308, 0.308, 0.308, 0.308, 0.308, 0.308, 0.308, 0.308, 0.308, 0.308, 0.308, 0.308, 0.308, 0.308, 0.308, 0.308, 0.308, 0.3, 0.292, 0.284, 0.276, 0.268, 0.26, 0.252, 0.244, 0.236, 0.228, 0.22, 0.212, 0.204, 0.196, 0.188, 0.18, 0.172, 0.164, 0.156, 0.148, 0.14, 0.132, 0.124, 0.116, 0.108, 0.1, 0.092, 0.084, 0.076, 0.068, 0.06, 0.052, 0.044, 0.036, 0.028, 0.02, 0.012, 0.004, -0.004, -0.012, -0.02, -0.028, -0.036, -0.044, -0.052, -0.06, -0.068, -0.076, -0.084, -0.092, -0.1, -0.108, -0.116, -0.124, -0.132, -0.14, -0.148, -0.156, -0.164, -0.172, -0.18, -0.188, -0.196, -0.204, -0.212, -0.22, -0.22, -0.22, -0.22, -0.22, -0.22, -0.22, -0.22, -0.22, -0.22, -0.22, -0.22, -0.22, -0.22, -0.22, -0.22, -0.22, -0.22]",None,None,['left'],[0.32584840001072735],[1.1039355000248179],up,1.685870400047861,None,1022.4130329999607,1022.4282763999654,1022.678267100011,1022.661731799948,1022.6621104999213,1022.678267100011,,1023.678267500014,,1023.6617732000304,0,-3,,,,,1022.678267100011,1023.678267500014,,,,,,,,,,,,,,,,,202603,,B,2026-07-22_11h27.17.442,valence_final_v2,2024.2.4,60,2026-07-22 11h27.28.654970 -0600,
3,3,0,3,1,flat_comp,112,3.7,0.34,1.0,0.088,flat,curv_flat,0.2,0.2,0.34,rew,input_data/stims/Shape_3.70_1.00.png,input_data/stims/Shape_0.00_2.00.png,input_data/stims/Shape_4.00_2.00.png,1,1,-1.0,-1.0,1,None,,,up,0.7307827000040561,None,None,None,['right'],[0.5421667000046],[0.4480053000152111],up,1.2301742000272498,None,4,0,4,0,0,3,3,32,1023.678267500014,,,,,,,,,,,,,,,,,1023.6623802999966,0.0006107999943196774,1024.746763199917,1024.7473977999762,1024.7616505000042,1025.7616872999351,1025.7450872999616,1025.7455035999883,0.0004298000130802393,1027.0801110999892,1027.0815962000052,1027.0952902999707,1027.0952902999707,1027.0952902999707,1027.0952902999707,1027.0952902999707,1027.0952902999707,1027.0952902999707,1028.329480699962,"[0.088, 0.088, 0.088, 0.088, 0.088, 0.088, 0.088, 0.088, 0.088, 0.088, 0.088, 0.088, 0.088, 0.088, 0.088, 0.088, 0.088, 0.088, 0.088, 0.088, 0.088, 0.088, 0.088, 0.088, 0.088, 0.088, 0.088, 0.088, 0.088, 0.088, 0.088, 0.088, 0.088, 0.088, 0.096, 0.104, 0.112, 0.12, 0.128, 0.136, 0.144, 0.152, 0.16, 0.168, 0.176, 0.184, 0.192, 0.2, 0.208, 0.216, 0.224, 0.232, 0.24, 0.248, 0.256, 0.264, 0.272, 0.28, 0.288, 0.296, 0.304, 0.304, 0.304, 0.304, 0.304, 0.304, 0.304, 0.304, 0.304, 0.304, 0.304, 0.304, 0.304, 0.304, 0.304, 0.304]",None,None,['right'],[0.5421667000046],[0.4480053000152111],up,1.2301742000272498,None,1028.3298677999992,1028.3450804000022,1028.595103999949,1028.5786065999418,1028.5789933999768,1028.595103999949,1028.595103999949,1029.5951816999586,1029.5951816999586,1029.5786859999644,1,3,,,,,,,,,,,,,,,,,,,,,,,202603,,B,2026-07-22_11h27.17.442,valence_final_v2,2024.2.4,60,2026-07-22 11h27.28.654970 -0600,
4,4,0,3,1,flat_comp,82,1.3,-0.14,1.0,-0.36,curv,curv_flat,0.2,0.2,-0.14,pen,input_data/stims/Shape_1.30_1.00.png,input_data/stims/Shape_0.00_2.00.png,input_data/stims/Shape_4.00_2.00.png,-1,1,-1.0,-1.0,-1,None,,,up,0.7307827000040561,None,None,None,"['left', 'right']","[0.3435235000215471, 0.6716444999910891]","[0.1520009000087157, 0.3120202000718564]",up,1.1916304000187665,None,4,0,4,0,0,4,4,2,1029.5951816999586,,,,,,,,,,,,,,,,,1029.5793184000067,0.0006373999640345573,1030.6131935999729,1030.6136016999371,1030.6284774999367,1031.6285504000261,1031.6120311999694,1031.6124698999338,0.00045140006113797426,1033.0462046000175,1033.0475712999469,1033.0619112999411,1033.0619112999411,1033.0619112999411,1033.0619112999411,1033.0619112999411,1033.0619112999411,1033.0619112999411,1034.2629702999257,"[-0.36, -0.36, -0.36, -0.36, -0.36, -0.36, -0.36, -0.36, -0.36, -0.36, -0.36, -0.36, -0.36, -0.36, -0.36, -0.36, -0.36, -0.36, -0.36, -0.36, -0.36, -0.36, -0.368, -0.376, -0.384, -0.392, -0.4, -0.4, -0.4, -0.4, -0.4, -0.4, -0.4, -0.4, -0.4, -0.4, -0.4, -0.4, -0.4, -0.4, -0.4, -0.4, -0.392, -0.384, -0.376, -0.368, -0.36, -0.352, -0.344, -0.336, -0.328, -0.32, -0.312, -0.304, -0.296, -0.288, -0.28, -0.272, -0.264, -0.256, -0.248, -0.248, -0.248, -0.248, -0.248, -0.248, -0.248, -0.248, -0.248, -0.248, -0.248, -0.248, -0.248, -0.248]",None,None,"['left', 'right']","[0.3435235000215471, 0.6716444999910891]","[0.1520009000087157, 0.3120202000718564]",up,1.1916304000187665,None,1034.2633929000003,1034.278583599953,1034.5285368999466,1034.5121326999506,1034.512519299984,1034.5285368999466,,1035.5286487999838,,1035.5122345000273,1,1,1034.5285368999466,1035.5286487999838,,,,,,,,,,,,,,,,,,,,,202603,,B,2026-07-22_11h27.17.442,valence_final_v2,2024.2.4,60,2026-07-22 11h27.28.654970 -0600,
5,5,0,3,1,flat_comp,85,1.5,-0.1,1.0,-0.152,curv,flat_curv,0.2,-0.2,0.1,pen,input_data/stims/Shape_1.50_1.00.png,input_data/stims/Shape_4.00_2.00.png,input_data/stims/Shape_0.00_2.00.png,-1,-1,1.0,-1.0,-1,None,,,up,0.7307827000040561,None,None,None,['right'],[0.4001037999987602],[0.2558693999890238],up,0.7040073999669403,None,4,0,4,0,0,5,5,5,1035.5286487999838,,,,,,,,,,,,,,,,,1035.5128642999334,0.0006344000576063991,1036.3972231999505,1036.397629700019,1036.4120979999425,1037.4120558999712,1037.395500899991,1037.3959204999264,0.000430900021456182,1038.8298368999967,1038.831417099922,1038.8454598999815,1038.8454598999815,1038.8454598999815,1038.8454598999815,1038.8454598999815,1038.8454598999815,1038.8454598999815,1039.56314689992,"[-0.152, -0.152, -0.152, -0.152, -0.152, -0.152, -0.152, -0.152, -0.152, -0.152, -0.152, -0.152, -0.152, -0.152, -0.152, -0.152, -0.152, -0.152, -0.152, -0.152, -0.152, -0.152, -0.152, -0.152, -0.152, -0.152, -0.144, -0.136, -0.128, -0.12, -0.112, -0.104, -0.096, -0.088, -0.08, -0.072, -0.064, -0.056, -0.048, -0.04, -0.032, -0.032, -0.032, -0.032, -0.032]",None,None,['right'],[0.4001037999987602],[0.2558693999890238],up,0.7040073999669403,None,1039.563531499938,1039.5787265999243,1039.8287996000145,1039.8123273999663,1039.8127178000286,1039.8287996000145,,1040.828850199934,,1040.8123575999634,1,1,1039.8287996000145,1040.828850199934,,,,,,,,,,,,,,,,,,,,,202603,,B,2026-07-22_11h27.17.442,valence_final_v2,2024.2.4,60,2026-07-22 11h27.28.654970 -0600,
6,6,0,3,1,flat_comp,116,3.9,0.38,3.0,0.176,flat,curv_flat,0.2,0.2,0.38,rew,input_data/stims/Shape_3.90_3.00.png,input_data/stims/Shape_0.00_2.00.png,input_data/stims/Shape_4.00_2.00.png,1,1,-1.0,1.0,1,None,,,up,0.7307827000040561,None,None,None,['right'],[0.579994700034149],[0.19191100005991757],up,0.9399187000235543,None,4,0,4,0,0,6,6,36,1040.828850199934,,,,,,,,,,,,,,,,,1040.812978599919,0.0006243999814614654,1041.7967725999188,1041.7974123000167,1041.8122397999978,1042.8117051000008,1042.7951720999554,1042.7956107999198,0.0004502000520005822,1044.1301470999606,1044.1318440999603,1044.1455505000195,1044.1455505000195,1044.1455505000195,1044.1455505000195,1044.1455505000195,1044.1455505000195,1044.1455505000195,1045.0965916999849,"[0.176, 0.176, 0.176, 0.176, 0.176, 0.176, 0.176, 0.176, 0.176, 0.176, 0.176, 0.176, 0.176, 0.176, 0.176, 0.176, 0.176, 0.176, 0.176, 0.176, 0.176, 0.176, 0.176, 0.176, 0.176, 0.176, 0.176, 0.176, 0.176, 0.176, 0.176, 0.176, 0.176, 0.176, 0.176, 0.176, 0.184, 0.192, 0.2, 0.208, 0.216, 0.224, 0.232, 0.24, 0.248, 0.256, 0.264, 0.272, 0.272, 0.272, 0.272, 0.272, 0.272, 0.272, 0.272, 0.272, 0.272, 0.272, 0.272]",None,None,['right'],[0.579994700034149],[0.19191100005991757],up,0.9399187000235543,None,1045.096952599939,1045.1122877999442,1045.3621831999626,1045.3457366999937,1045.346120400005,1045.3621831999626,1045.3621831999626,1046.3622361000162,1046.3622361000162,1046.3457755999407,1,3,,,,,,,,,,,,,,,,,,,,,,,202603,,B,2026-07-22_11h27.17.442,valence_final_v2,2024.2.4,60,2026-07-22 11h27.28.654970 -0600,
7,7,0,3,1,flat_comp,83,1.3,-0.14,3.0,-0.064,curv,flat_curv,0.2,-0.2,0.14,pen,input_data/stims/Shape_1.30_3.00.png,input_data/stims/Shape_4.00_2.00.png,input_data/stims/Shape_0.00_2.00.png,-1,-1,1.0,1.0,-1,None,,,up,0.7307827000040561,None,None,None,"['right', 'left']","[0.5500638000667095, 1.1341208000667393]","[0.24006199999712408, 0.13597439997829497]",up,1.3343547000549734,None,4,0,4,0,0,7,7,3,1046.3622361000162,,,,,,,,,,,,,,,,,1046.3463665000163,0.0005937999812886119,1047.3306737999665,1047.3313187999884,1047.3456333000213,1048.3456443999894,1048.3291497000027,1048.3295668999199,0.00042860000394284725,1049.6632704000222,1049.6650109000038,1049.679398200009,1049.679398200009,1049.679398200009,1049.679398200009,1049.679398200009,1049.679398200009,1049.679398200009,1051.0300911000231,"[-0.064, -0.064, -0.064, -0.064, -0.064, -0.064, -0.064, -0.064, -0.064, -0.064, -0.064, -0.064, -0.064, -0.064, -0.064, -0.064, -0.064, -0.064, -0.064, -0.064, -0.064, -0.064, -0.064, -0.064, -0.064, -0.064, -0.064, -0.064, -0.064, -0.064, -0.064, -0.064, -0.064, -0.064, -0.064, -0.056, -0.048, -0.04, -0.032, -0.024, -0.016, -0.008, 0.0, 0.008, 0.016, 0.024, 0.032, 0.04, 0.048, 0.048, 0.048, 0.048, 0.048, 0.048, 0.048, 0.048, 0.048, 0.048, 0.048, 0.048, 0.048, 0.048, 0.048, 0.048, 0.048, 0.048, 0.048, 0.048, 0.048, 0.048, 0.04, 0.032, 0.024, 0.016, 0.008, 0.0, -0.008, -0.016, -0.016, -0.016, -0.016, -0.016, -0.016]",None,None,"['right', 'left']","[0.5500638000667095, 1.1341208000667393]","[0.24006199999712408, 0.13597439997829497]",up,1.3343547000549734,None,1051.0304779999424,1051.0457446000073,1051.2957874999847,1051.2792061999207,1051.2796020000242,1051.2957874999847,,1052.2957853999687,,1052.279276699992,1,1,1051.2957874999847,1052.2957853999687,,,,,,,,,,,,,,,,,,,,,202603,,B,2026-07-22_11h27.17.442,valence_final_v2,2024.2.4,60,2026-07-22 11h27.28.654970 -0600,
8,8,0,3,1,flat_comp,103,3.1,0.22,3.0,-0.072,flat,flat_curv,0.2,-0.2,-0.22,rew,input_data/stims/Shape_3.10_3.00.png,input_data/stims/Shape_4.00_2.00.png,input_data/stims/Shape_0.00_2.00.png,1,-1,1.0,1.0,1,None,,,up,0.7307827000040561,None,None,None,"['left', 'left']","[0.4888631000649184, 0.9928302000043914]","[0.2480371999554336, 0.11999539996031672]",up,1.280881299986504,None,4,0,4,0,0,8,8,23,1052.2957853999687,,,,,,,,,,,,,,,,,1052.2798891999992,0.0006161999190226197,1053.164318999974,1053.1647182999877,1053.1791619999567,1054.1791861000238,1054.16265069996,1054.16306609998,0.00042729999404400587,1055.598422299954,1055.6003789999522,1055.6126178000122,1055.6126178000122,1055.6126178000122,1055.6126178000122,1055.6126178000122,1055.6126178000122,1055.6126178000122,1056.8969321999466,"[-0.072, -0.072, -0.072, -0.072, -0.072, -0.072, -0.072, -0.072, -0.072, -0.072, -0.072, -0.072, -0.072, -0.072, -0.072, -0.072, -0.072, -0.072, -0.072, -0.072, -0.072, -0.072, -0.072, -0.072, -0.072, -0.072, -0.072, -0.072, -0.072, -0.072, -0.072, -0.08, -0.088, -0.096, -0.104, -0.112, -0.12, -0.128, -0.136, -0.144, -0.152, -0.16, -0.168, -0.176, -0.184, -0.192, -0.192, -0.192, -0.192, -0.192, -0.192, -0.192, -0.192, -0.192, -0.192, -0.192, -0.192, -0.192, -0.192, -0.192, -0.192, -0.2, -0.208, -0.216, -0.224, -0.232, -0.24, -0.248, -0.248, -0.248, -0.248, -0.248, -0.248, -0.248, -0.248, -0.248, -0.248, -0.248, -0.248]",None,None,"['left', 'left']","[0.4888631000649184, 0.9928302000043914]","[0.2480371999554336, 0.11999539996031672]",up,1.280881299986504,None,1056.897315899958,1056.9125813000137,1057.1625589999603,1057.1460456999484,1057.1464312999742,1057.1625589999603,1057.1625589999603,1058.1625867999392,1058.1625867999392,1058.1461220999481,1,3,,,,,,,,,,,,,,,,,,,,,,,202603,,B,2026-07-22_11h27.17.442,valence_final_v2,2024.2.4,60,2026-07-22 11h27.28.654970 -0600,
9,9,0,3,1,flat_comp,119,3.9,0.38,3.0,0.008,flat,flat_curv,0.2,-0.2,-0.38,rew,input_data/stims/Shape_3.90_3.00.png,input_data/stims/Shape_4.00_2.00.png,input_data/stims/Shape_0.00_2.00.png,1,-1,1.0,1.0,1,None,,,up,0.7307827000040561,None,None,None,['left'],[0.44398420001380146],[0.4958344999467954],up,1.1397457999410108,None,4,0,4,0,0,9,9,39,1058.1625867999392,,,,,,,,,,,,,,,,,1058.1467245999957,0.0006045999471098185,1059.2307015999686,1059.2311646000016,1059.2460057999706,1060.2459511000197,1060.2295014000265,1060.2299299000297,0.00044079998042434454,1061.7142243999988,1061.7155122000258,1061.7297239999752,1061.7297239999752,1061.7297239999752,1061.7297239999752,1061.7297239999752,1061.7297239999752,1061.7297239999752,1062.8799609999405,"[0.008, 0.008, 0.008, 0.008, 0.008, 0.008, 0.008, 0.008, 0.008, 0.008, 0.008, 0.008, 0.008, 0.008, 0.008, 0.008, 0.008, 0.008, 0.008, 0.008, 0.008, 0.008, 0.008, 0.008, 0.008, 0.008, 0.008, 0.008, 0.0, -0.008, -0.016, -0.024, -0.032, -0.04, -0.048, -0.056, -0.064, -0.072, -0.08, -0.088, -0.096, -0.104, -0.112, -0.12, -0.128, -0.136, -0.144, -0.152, -0.16, -0.168, -0.176, -0.184, -0.192, -0.2, -0.208, -0.216, -0.224, -0.232, -0.232, -0.232, -0.232, -0.232, -0.232, -0.232, -0.232, -0.232, -0.232, -0.232, -0.232, -0.232, -0.232]",None,None,['left'],[0.44398420001380146],[0.4958344999467954],up,1.1397457999410108,None,1062.8803640999831,1062.8961348999292,1063.1460857000202,1063.1295915999217,1063.1299676999915,1063.1460857000202,1063.1460857000202,1064.1460971999913,1064.1460971999913,1064.1295970999636,1,3,,,,,,,,,,,,,,,,,,,,,,,202603,,B,2026-07-22_11h27.17.442,valence_final_v2,2024.2.4,60,2026-07-22 11h27.28.654970 -0600,
10,10,0,3,1,flat_comp,99,2.9,0.18,1.0,0.208,curv,flat_curv,0.2,-0.2,-0.18,pen,input_data/stims/Shape_2.90_1.00.png,input_data/stims/Shape_4.00_2.00.png,input_data/stims/Shape_0.00_2.00.png,-1,-1,1.0,-1.0,-1,None,,,up,0.7307827000040561,None,None,None,['left'],[0.39079520001541823],[0.9277737999800593],up,1.3986620999639854,None,4,0,4,0,0,10,10,19,1064.1460971999913,,,,,,,,,,,,,,,,,1064.1301969999913,0.0006075999699532986,1065.1639251000015,1065.1643180999672,1065.1795322999824,1066.1794566999888,1066.1629745999817,1066.1634131999454,0.00044970004819333553,1067.6473492999794,1067.6486457999563,1067.6628735000268,1067.6628735000268,1067.6628735000268,1067.6628735000268,1067.6628735000268,1067.6628735000268,1067.6628735000268,1069.0630729999393,"[0.208, 0.208, 0.208, 0.208, 0.208, 0.208, 0.208, 0.208, 0.208, 0.208, 0.208, 0.208, 0.208, 0.208, 0.208, 0.208, 0.208, 0.208, 0.208, 0.208, 0.208, 0.208, 0.208, 0.208, 0.208, 0.2, 0.192, 0.184, 0.176, 0.168, 0.16, 0.152, 0.144, 0.136, 0.128, 0.12, 0.112, 0.104, 0.096, 0.088, 0.08, 0.072, 0.064, 0.056, 0.048, 0.04, 0.032, 0.024, 0.016, 0.008, 0.0, -0.008, -0.016, -0.024, -0.032, -0.04, -0.048, -0.056, -0.064, -0.072, -0.08, -0.088, -0.096, -0.104, -0.112, -0.12, -0.128, -0.136, -0.144, -0.152, -0.16, -0.168, -0.176, -0.184, -0.192, -0.2, -0.208, -0.216, -0.224, -0.232, -0.24, -0.24, -0.24, -0.24, -0.24, -0.24]",None,None,['left'],[0.39079520001541823],[0.9277737999800593],up,1.3986620999639854,None,1069.0635718000121,1069.0786986999447,1069.3286882999819,1069.3121981000295,1069.312592900009,1069.3286882999819,,1070.328731699963,,1070.3122697999934,0,-3,,,,,1069.3286882999819,1070.328731699963,,,,,,,,,,,,,,,,,202603,,B,2026-07-22_11h27.17.442,valence_final_v2,2024.2.4,60,2026-07-22 11h27.28.654970 -0600,
11,11,0,3,1,flat_comp,87,1.7,-0.06,1.0,-0.06,curv,flat_curv,0.2,-0.2,0.06,pen,input_data/stims/Shape_1.70_1.00.png,input_data/stims/Shape_4.00_2.00.png,input_data/stims/Shape_0.00_2.00.png,-1,-1,1.0,-1.0,-1,None,,,up,0.7307827000040561,None,None,None,"['left', 'right']","[0.4736124000046402, 0.9055972000351176]","[0.16807859996333718, 0.2399979999754578]",up,1.5378338999580592,None,4,0,4,0,0,11,11,7,1070.328731699963,,,,,,,,,,,,,,,,,1070.3128684000112,0.0006013999227434397,1071.3968405999476,1071.3972341999179,1071.4121136999456,1072.4121378000127,1072.3955988999223,1072.3960291999392,0.00044169998727738857,1073.780337000033,1073.781601900002,1073.7958590999478,1073.7958590999478,1073.7958590999478,1073.7958590999478,1073.7958590999478,1073.7958590999478,1073.7958590999478,1075.3469555999618,"[-0.06, -0.06, -0.06, -0.06, -0.06, -0.06, -0.06, -0.06, -0.06, -0.06, -0.06, -0.06, -0.06, -0.06, -0.06, -0.06, -0.06, -0.06, -0.06, -0.06, -0.06, -0.06, -0.06, -0.06, -0.06, -0.06, -0.06, -0.06, -0.06, -0.06, -0.068, -0.076, -0.084, -0.092, -0.1, -0.108, -0.116, -0.124, -0.132, -0.14, -0.14, -0.14, -0.14, -0.14, -0.14, -0.14, -0.14, -0.14, -0.14, -0.14, -0.14, -0.14, -0.14, -0.14, -0.14, -0.14, -0.132, -0.124, -0.116, -0.108, -0.1, -0.092, -0.084, -0.076, -0.068, -0.06, -0.052, -0.044, -0.036, -0.028, -0.028, -0.028, -0.028, -0.028, -0.028, -0.028, -0.028, -0.028, -0.028, -0.028, -0.028, -0.028, -0.028, -0.028, -0.028, -0.028, -0.028, -0.028, -0.028, -0.028, -0.028, -0.028, -0.028, -0.028, -0.028]",None,None,"['left', 'right']","[0.4736124000046402, 0.9055972000351176]","[0.16807859996333718, 0.2399979999754578]",up,1.5378338999580592,None,1075.347340599983,1075.3623157999245,1075.6123315999284,1075.5957892999286,1075.5961742999498,1075.6123315999284,,1076.6132415999891,,1076.596655100002,1,1,1075.6123315999284,1076.6132415999891,,,,,,,,,,,,,,,,,,,,,202603,,B,2026-07-22_11h27.17.442,valence_final_v2,2024.2.4,60,2026-07-22 11h27.28.654970 -0600,
12,12,0,3,1,flat_comp,114,3.7,0.34,3.0,0.216,flat,curv_flat,0.2,0.2,0.34,rew,input_data/stims/Shape_3.70_3.00.png,input_data/stims/Shape_0.00_2.00.png,input_data/stims/Shape_4.00_2.00.png,1,1,1.0,1.0,1,None,,,up,0.7307827000040561,None,None,None,"['left', 'right', 'left', 'left', 'right']","[0.5876172999851406, 1.0116306999698281, 1.467601399985142, 1.883763900026679, 2.2996281000087038]","[0.1679660000372678, 0.23997780005447567, 0.0800636000931263, 0.08783660002518445, 0.20799310004804283]",up,2.6116547000128776,None,4,0,4,0,0,12,12,34,1076.6132415999891,,,,,,,,,,,,,,,,,1076.59725719993,0.0006065999623388052,1077.5319833999965,1077.5324359999504,1077.5464977999218,1078.5464588999748,1078.5300402999856,1078.5304617999354,0.0004323000321164727,1079.9145571999252,1079.9158148999559,1079.9298940999433,1079.9298940999433,1079.9298940999433,1079.9298940999433,1079.9298940999433,1079.9298940999433,1079.9298940999433,1082.5476762999315,"[0.216, 0.216, 0.216, 0.216, 0.216, 0.216, 0.216, 0.216, 0.216, 0.216, 0.216, 0.216, 0.216, 0.216, 0.216, 0.216, 0.216, 0.216, 0.216, 0.216, 0.216, 0.216, 0.216, 0.216, 0.216, 0.216, 0.216, 0.216, 0.216, 0.216, 0.216, 0.216, 0.216, 0.216, 0.216, 0.216, 0.216, 0.208, 0.2, 0.192, 0.184, 0.176, 0.168, 0.16, 0.152, 0.144, 0.136, 0.136, 0.136, 0.136, 0.136, 0.136, 0.136, 0.136, 0.136, 0.136, 0.136, 0.136, 0.136, 0.136, 0.136, 0.136, 0.144, 0.152, 0.16, 0.168, 0.176, 0.184, 0.192, 0.2, 0.208, 0.216, 0.224, 0.232, 0.24, 0.248, 0.256, 0.256, 0.256, 0.256, 0.256, 0.256, 0.256, 0.256, 0.256, 0.256, 0.256, 0.256, 0.256, 0.256, 0.248, 0.24, 0.232, 0.224, 0.224, 0.224, 0.224, 0.224, 0.224, 0.224, 0.224, 0.224, 0.224, 0.224, 0.224, 0.224, 0.224, 0.224, 0.224, 0.224, 0.224, 0.224, 0.224, 0.224, 0.224, 0.216, 0.208, 0.2, 0.192, 0.184, 0.184, 0.184, 0.184, 0.184, 0.184, 0.184, 0.184, 0.184, 0.184, 0.184, 0.184, 0.184, 0.184, 0.184, 0.184, 0.184, 0.184, 0.184, 0.184, 0.192, 0.2, 0.208, 0.216, 0.224, 0.232, 0.24, 0.248, 0.256, 0.264, 0.272, 0.28, 0.288, 0.288, 0.288, 0.288, 0.288, 0.288, 0.288, 0.288]",None,None,"['left', 'right', 'left', 'left', 'right']","[0.5876172999851406, 1.0116306999698281, 1.467601399985142, 1.883763900026679, 2.2996281000087038]","[0.1679660000372678, 0.23997780005447567, 0.0800636000931263, 0.08783660002518445, 0.20799310004804283]",up,2.6116547000128776,None,1082.5481883999892,1082.5633617999265,1082.8127989999484,1082.796463900013,1082.7968592999969,1082.8127989999484,1082.8127989999484,1083.8133933999343,1083.8133933999343,1083.7963943999493,1,3,,,,,,,,,,,,,,,,,,,,,,,202603,,B,2026-07-22_11h27.17.442,valence_final_v2,2024.2.4,60,2026-07-22 11h27.28.654970 -0600,
13,13,0,3,1,flat_comp,105,3.3,0.26,3.0,0.248,flat,flat_curv,0.2,-0.2,-0.26,rew,input_data/stims/Shape_3.30_3.00.png,input_data/stims/Shape_4.00_2.00.png,input_data/stims/Shape_0.00_2.00.png,1,-1,1.0,1.0,1,None,,,up,0.7307827000040561,None,None,None,['left'],[0.6074702999321744],[0.9920336999930441],up,1.6393807999556884,None,4,0,4,0,0,13,13,25,1083.8133933999343,,,,,,,,,,,,,,,,,1083.797016000026,0.0006247999845072627,1084.7306990999496,1084.7310987999663,1084.7462099000113,1085.7466665999964,1085.730237599928,1085.73066380003,0.00043729995377361774,1087.0141562999925,1087.0153788999887,1087.030086099985,1087.030086099985,1087.030086099985,1087.030086099985,1087.030086099985,1087.030086099985,1087.030086099985,1088.6802704000147,"[0.248, 0.248, 0.248, 0.248, 0.248, 0.248, 0.248, 0.248, 0.248, 0.248, 0.248, 0.248, 0.248, 0.248, 0.248, 0.248, 0.248, 0.248, 0.248, 0.248, 0.248, 0.248, 0.248, 0.248, 0.248, 0.248, 0.248, 0.248, 0.248, 0.248, 0.248, 0.248, 0.248, 0.248, 0.248, 0.248, 0.248, 0.248, 0.24, 0.232, 0.224, 0.216, 0.208, 0.2, 0.192, 0.184, 0.176, 0.168, 0.16, 0.152, 0.144, 0.136, 0.128, 0.12, 0.112, 0.104, 0.096, 0.088, 0.08, 0.072, 0.064, 0.056, 0.048, 0.04, 0.032, 0.024, 0.016, 0.008, 0.0, -0.008, -0.016, -0.024, -0.032, -0.04, -0.048, -0.056, -0.064, -0.072, -0.08, -0.088, -0.096, -0.104, -0.112, -0.12, -0.128, -0.136, -0.144, -0.152, -0.16, -0.168, -0.176, -0.184, -0.192, -0.2, -0.208, -0.216, -0.224, -0.232, -0.232, -0.232, -0.232]",None,None,['left'],[0.6074702999321744],[0.9920336999930441],up,1.6393807999556884,None,1088.6806660000002,1088.6959246000042,1088.9459066999843,1088.9294284000061,1088.9298129000235,1088.9459066999843,1088.9459066999843,1089.9459487999557,1089.9459487999557,1089.9294969999464,1,3,,,,,,,,,,,,,,,,,,,,,,,202603,,B,2026-07-22_11h27.17.442,valence_final_v2,2024.2.4,60,2026-07-22 11h27.28.654970 -0600,
14,14,0,3,1,flat_comp,89,1.9,-0.02,1.0,-0.296,curv,flat_curv,0.2,-0.2,0.02,pen,input_data/stims/Shape_1.90_1.00.png,input_data/stims/Shape_4.00_2.00.png,input_data/stims/Shape_0.00_2.00.png,-1,-1,-1.0,-1.0,-1,None,,,up,0.7307827000040561,None,None,None,['right'],[0.2687375999521464],[1.079993600025773],up,1.4847297000233084,None,4,0,4,0,0,14,14,9,1089.9459487999557,,,,,,,,,,,,,,,,,1089.9300908999285,0.0005945999873802066,1090.814604199957,1090.815028199926,1090.8293242999353,1091.8293421999551,1091.8128757999511,1091.813329400029,0.0004651000490412116,1093.2981308000162,1093.299410799984,1093.3127439999953,1093.3127439999953,1093.3127439999953,1093.3127439999953,1093.3127439999953,1093.3127439999953,1093.3127439999953,1094.8137985999929,"[-0.296, -0.296, -0.296, -0.296, -0.296, -0.296, -0.296, -0.296, -0.296, -0.296, -0.296, -0.296, -0.296, -0.296, -0.296, -0.296, -0.296, -0.296, -0.288, -0.28, -0.272, -0.264, -0.256, -0.248, -0.24, -0.232, -0.224, -0.216, -0.208, -0.2, -0.192, -0.184, -0.176, -0.168, -0.16, -0.152, -0.144, -0.136, -0.128, -0.12, -0.112, -0.104, -0.096, -0.088, -0.08, -0.072, -0.064, -0.056, -0.048, -0.04, -0.032, -0.024, -0.016, -0.008, 0.0, 0.008, 0.016, 0.024, 0.032, 0.04, 0.048, 0.056, 0.064, 0.072, 0.08, 0.088, 0.096, 0.104, 0.112, 0.12, 0.128, 0.136, 0.144, 0.152, 0.16, 0.168, 0.176, 0.184, 0.192, 0.2, 0.208, 0.216, 0.216, 0.216, 0.216, 0.216, 0.216, 0.216, 0.216, 0.216, 0.216, 0.216]",None,None,['right'],[0.2687375999521464],[1.079993600025773],up,1.4847297000233084,None,1094.8142246999778,1094.8294353999663,1095.0794270000188,1095.062941399985,1095.0633272000123,1095.0794270000188,,1096.079449599958,,1096.0630137999542,1,1,1095.0794270000188,1096.079449599958,,,,,,,,,,,,,,,,,,,,,202603,,B,2026-07-22_11h27.17.442,valence_final_v2,2024.2.4,60,2026-07-22 11h27.28.654970 -0600,
15,15,0,3,1,flat_comp,91,2.1,0.02,3.0,0.28,curv,flat_curv,0.2,-0.2,-0.02,pen,input_data/stims/Shape_2.10_3.00.png,input_data/stims/Shape_4.00_2.00.png,input_data/stims/Shape_0.00_2.00.png,-1,-1,1.0,1.0,-1,None,,,up,0.7307827000040561,None,None,None,['left'],[0.6653498999075964],[0.8799942000769079],up,1.6732465999666601,None,4,0,4,0,0,15,15,11,1096.079449599958,,,,,,,,,,,,,,,,,1096.0636488000164,0.0006385999731719494,1097.0488295999821,1097.0494323000312,1097.0628290999448,1098.0628425999312,1098.0463583000237,1098.0467839000048,0.000434699933975935,1099.3807923999848,1099.3820811000187,1099.3962377000134,1099.3962377000134,1099.3962377000134,1099.3962377000134,1099.3962377000134,1099.3962377000134,1099.3962377000134,1101.0806253999472,"[0.28, 0.28, 0.28, 0.28, 0.28, 0.28, 0.28, 0.28, 0.28, 0.28, 0.28, 0.28, 0.28, 0.28, 0.28, 0.28, 0.28, 0.28, 0.28, 0.28, 0.28, 0.28, 0.28, 0.28, 0.28, 0.28, 0.28, 0.28, 0.28, 0.28, 0.28, 0.28, 0.28, 0.28, 0.28, 0.28, 0.28, 0.28, 0.28, 0.28, 0.28, 0.272, 0.264, 0.256, 0.248, 0.24, 0.232, 0.224, 0.216, 0.208, 0.2, 0.192, 0.184, 0.176, 0.168, 0.16, 0.152, 0.144, 0.136, 0.128, 0.12, 0.112, 0.104, 0.096, 0.088, 0.08, 0.072, 0.064, 0.056, 0.048, 0.04, 0.032, 0.024, 0.016, 0.008, 0.0, -0.008, -0.016, -0.024, -0.032, -0.04, -0.048, -0.056, -0.064, -0.072, -0.08, -0.088, -0.096, -0.104, -0.112, -0.12, -0.128, -0.136, -0.144, -0.144, -0.144, -0.144, -0.144, -0.144, -0.144, -0.144, -0.144, -0.144]",None,None,['left'],[0.6653498999075964],[0.8799942000769079],up,1.6732465999666601,None,1101.0810251999646,1101.0962663999526,1101.3462610000279,1101.3297994999448,1101.3301770000253,1101.3462610000279,,1102.3462969999528,,1102.3298684000038,1,1,1101.3462610000279,1102.3462969999528,,,,,,,,,,,,,,,,,,,,,202603,,B,2026-07-22_11h27.17.442,valence_final_v2,2024.2.4,60,2026-07-22 11h27.28.654970 -0600,
16,16,0,3,1,flat_comp,110,3.5,0.3,3.0,0.352,flat,curv_flat,0.2,0.2,0.3,rew,input_data/stims/Shape_3.50_3.00.png,input_data/stims/Shape_0.00_2.00.png,input_data/stims/Shape_4.00_2.00.png,1,1,1.0,1.0,1,None,,,up,0.7307827000040561,None,None,None,"['left', 'right', 'left']","[0.1984760999912396, 0.4223998000379652, 0.6384655000874773]","[0.16799370001535863, 0.12000180000904948, 0.20800019998569041]",up,1.1823902000905946,None,4,0,4,0,0,16,16,30,1102.3462969999528,,,,,,,,,,,,,,,,,1102.3304776999867,0.0006124998908489943,1103.3141516000032,1103.3145538999233,1103.3296857000096,1104.3296925999457,1104.3132387999212,1104.3136810000287,0.0004550999728962779,1105.6481892999727,1105.649437999935,1105.6630897999275,1105.6630897999275,1105.6630897999275,1105.6630897999275,1105.6630897999275,1105.6630897999275,1105.6630897999275,1106.8474626999814,"[0.352, 0.352, 0.352, 0.352, 0.352, 0.352, 0.352, 0.352, 0.352, 0.352, 0.352, 0.352, 0.352, 0.344, 0.336, 0.328, 0.32, 0.312, 0.304, 0.296, 0.288, 0.28, 0.272, 0.272, 0.272, 0.272, 0.272, 0.28, 0.288, 0.296, 0.304, 0.312, 0.32, 0.328, 0.328, 0.328, 0.328, 0.328, 0.328, 0.328, 0.32, 0.312, 0.304, 0.296, 0.288, 0.28, 0.272, 0.264, 0.256, 0.248, 0.24, 0.232, 0.232, 0.232, 0.232, 0.232, 0.232, 0.232, 0.232, 0.232, 0.232, 0.232, 0.232, 0.232, 0.232, 0.232, 0.232, 0.232, 0.232, 0.232, 0.232, 0.232, 0.232]",None,None,"['left', 'right', 'left']","[0.1984760999912396, 0.4223998000379652, 0.6384655000874773]","[0.16799370001535863, 0.12000180000904948, 0.20800019998569041]",up,1.1823902000905946,None,1106.8478465999942,1106.8630966999335,1107.1130992999533,1107.0966260000132,1107.0970098000253,1107.1130992999533,1107.1130992999533,1108.1131246000296,1108.1131246000296,1108.0966813999694,1,3,,,,,,,,,,,,,,,,,,,,,,,202603,,B,2026-07-22_11h27.17.442,valence_final_v2,2024.2.4,60,2026-07-22 11h27.28.654970 -0600,
17,17,0,3,1,flat_comp,115,3.7,0.34,1.0,-0.176,flat,flat_curv,0.2,-0.2,-0.34,rew,input_data/stims/Shape_3.70_1.00.png,input_data/stims/Shape_4.00_2.00.png,input_data/stims/Shape_0.00_2.00.png,1,-1,1.0,-1.0,1,None,,,up,0.7307827000040561,None,None,None,['left'],[0.47162829991430044],[0.1279934000922367],up,0.8555757999420166,None,4,0,4,0,0,17,17,35,1108.1131246000296,,,,,,,,,,,,,,,,,1108.0972814999986,0.0006028999341651797,1109.1310942999553,1109.1316039999947,1109.1465076999739,1110.1465147000272,1110.1300060999347,1110.1304283000063,0.0004339999286457896,1111.4149326999905,1111.4161494999425,1111.4299630000023,1111.4299630000023,1111.4299630000023,1111.4299630000023,1111.4299630000023,1111.4299630000023,1111.4299630000023,1112.2976050999714,"[-0.176, -0.176, -0.176, -0.176, -0.176, -0.176, -0.176, -0.176, -0.176, -0.176, -0.176, -0.176, -0.176, -0.176, -0.176, -0.176, -0.176, -0.176, -0.176, -0.176, -0.176, -0.176, -0.176, -0.176, -0.176, -0.176, -0.176, -0.176, -0.176, -0.176, -0.184, -0.192, -0.2, -0.208, -0.216, -0.224, -0.232, -0.232, -0.232, -0.232, -0.232, -0.232, -0.232, -0.232, -0.232, -0.232, -0.232, -0.232, -0.232, -0.232, -0.232, -0.232, -0.232, -0.232]",None,None,['left'],[0.47162829991430044],[0.1279934000922367],up,0.8555757999420166,None,1112.2979878999759,1112.3132586999564,1112.5632570999442,1112.5467750999378,1112.547174999956,1112.5632570999442,1112.5632570999442,1113.563291999977,1113.563291999977,1113.5467754999408,1,3,,,,,,,,,,,,,,,,,,,,,,,202603,,B,2026-07-22_11h27.17.442,valence_final_v2,2024.2.4,60,2026-07-22 11h27.28.654970 -0600,
18,18,0,3,1,flat_comp,84,1.5,-0.1,3.0,0.3,curv,curv_flat,0.2,0.2,-0.1,pen,input_data/stims/Shape_1.50_3.00.png,input_data/stims/Shape_0.00_2.00.png,input_data/stims/Shape_4.00_2.00.png,-1,1,1.0,1.0,-1,None,,,up,0.7307827000040561,None,None,None,['left'],[0.48143430007621646],[0.2239609999815002],up,0.9535084000090137,None,4,0,4,0,0,18,18,4,1113.563291999977,,,,,,,,,,,,,,,,,1113.5473814000143,0.0006211999570950866,1114.5313499999465,1114.5321308999555,1114.5466637000209,1115.5466868999647,1115.530222099973,1115.5306450999342,0.0004349000519141555,1116.9641631999984,1116.9654401999433,1116.9800685999217,1116.9800685999217,1116.9800685999217,1116.9800685999217,1116.9800685999217,1116.9800685999217,1116.9800685999217,1117.9477725999895,"[0.3, 0.3, 0.3, 0.3, 0.3, 0.3, 0.3, 0.3, 0.3, 0.3, 0.3, 0.3, 0.3, 0.3, 0.3, 0.3, 0.3, 0.3, 0.3, 0.3, 0.3, 0.3, 0.3, 0.3, 0.3, 0.3, 0.3, 0.3, 0.3, 0.3, 0.292, 0.284, 0.276, 0.268, 0.26, 0.252, 0.244, 0.236, 0.228, 0.22, 0.212, 0.204, 0.196, 0.188, 0.188, 0.188, 0.188, 0.188, 0.188, 0.188, 0.188, 0.188, 0.188, 0.188, 0.188, 0.188, 0.188, 0.188, 0.188, 0.188]",None,None,['left'],[0.48143430007621646],[0.2239609999815002],up,0.9535084000090137,None,1117.9481778999325,1117.9634128999896,1118.2134166000178,1118.196944699972,1118.1973342000274,1118.2134166000178,,1119.213440099964,,1119.1970036999555,1,1,1118.2134166000178,1119.213440099964,,,,,,,,,,,,,,,,,,,,,202603,,B,2026-07-22_11h27.17.442,valence_final_v2,2024.2.4,60,2026-07-22 11h27.28.654970 -0600,
19,19,0,3,1,flat_comp,102,3.1,0.22,3.0,0.344,flat,curv_flat,0.2,0.2,0.22,rew,input_data/stims/Shape_3.10_3.00.png,input_data/stims/Shape_0.00_2.00.png,input_data/stims/Shape_4.00_2.00.png,1,1,1.0,1.0,1,None,,,up,0.7307827000040561,None,None,None,['left'],[0.5053627999732271],[0.2559909999836236],up,1.16139430005569,None,4,0,4,0,0,19,19,22,1119.213440099964,,,,,,,,,,,,,,,,,1119.1976031999802,0.0006030000513419509,1120.132354500005,1120.1328098999802,1120.1468193000183,1121.1468452999834,1121.1303606999572,1121.1307850999292,0.0004358000587671995,1122.5654961999971,1122.5666980999522,1122.580226699938,1122.580226699938,1122.580226699938,1122.580226699938,1122.580226699938,1122.580226699938,1122.580226699938,1123.7480960999383,"[0.344, 0.344, 0.344, 0.344, 0.344, 0.344, 0.344, 0.344, 0.344, 0.344, 0.344, 0.344, 0.344, 0.344, 0.344, 0.344, 0.344, 0.344, 0.344, 0.344, 0.344, 0.344, 0.344, 0.344, 0.344, 0.344, 0.344, 0.344, 0.344, 0.344, 0.344, 0.344, 0.336, 0.328, 0.32, 0.312, 0.304, 0.296, 0.288, 0.28, 0.272, 0.264, 0.256, 0.248, 0.24, 0.232, 0.224, 0.224, 0.224, 0.224, 0.224, 0.224, 0.224, 0.224, 0.224, 0.224, 0.224, 0.224, 0.224, 0.224, 0.224, 0.224, 0.224, 0.224, 0.224, 0.224, 0.224, 0.224, 0.224, 0.224, 0.224, 0.224]",None,None,['left'],[0.5053627999732271],[0.2559909999836236],up,1.16139430005569,None,1123.7484926999314,1123.763599399943,1124.013598899939,1123.9971448000288,1123.9975285999244,1124.013598899939,1124.013598899939,1125.0136211999925,1125.0136211999925,1124.997134199948,1,3,,,,,,,,,,,,,,,,,,,,,,,202603,,B,2026-07-22_11h27.17.442,valence_final_v2,2024.2.4,60,2026-07-22 11h27.28.654970 -0600,
20,20,0,3,1,flat_comp,97,2.7,0.14,1.0,0.216,curv,flat_curv,0.2,-0.2,-0.14,pen,input_data/stims/Shape_2.70_1.00.png,input_data/stims/Shape_4.00_2.00.png,input_data/stims/Shape_0.00_2.00.png,-1,-1,1.0,-1.0,-1,None,,,up,0.7307827000040561,None,None,None,"['left', 'left']","[0.5263181999325752, 1.630299299955368]","[0.839882200001739, 0.12010810000356287]",up,2.0462960000149906,None,4,0,4,0,0,20,20,17,1125.0136211999925,,,,,,,,,,,,,,,,,1124.9977510999888,0.000610699993558228,1125.9322639999446,1125.9326669999864,1125.9470911999233,1126.947110399953,1126.9308249999303,1126.9312478000065,0.0004335999255999923,1128.2154930999968,1128.2168076999951,1128.2312719000038,1128.2312719000038,1128.2312719000038,1128.2312719000038,1128.2312719000038,1128.2312719000038,1128.2312719000038,1130.2825202000095,"[0.216, 0.216, 0.216, 0.216, 0.216, 0.216, 0.216, 0.216, 0.216, 0.216, 0.216, 0.216, 0.216, 0.216, 0.216, 0.216, 0.216, 0.216, 0.216, 0.216, 0.216, 0.216, 0.216, 0.216, 0.216, 0.216, 0.216, 0.216, 0.216, 0.216, 0.216, 0.216, 0.216, 0.208, 0.2, 0.192, 0.184, 0.176, 0.168, 0.16, 0.152, 0.144, 0.136, 0.128, 0.12, 0.112, 0.104, 0.096, 0.088, 0.08, 0.072, 0.064, 0.056, 0.048, 0.04, 0.032, 0.024, 0.016, 0.008, 0.0, -0.008, -0.016, -0.024, -0.032, -0.04, -0.048, -0.056, -0.064, -0.072, -0.08, -0.088, -0.096, -0.104, -0.112, -0.12, -0.128, -0.136, -0.144, -0.152, -0.16, -0.168, -0.176, -0.184, -0.184, -0.184, -0.184, -0.184, -0.184, -0.184, -0.184, -0.184, -0.184, -0.184, -0.184, -0.184, -0.184, -0.184, -0.184, -0.184, -0.192, -0.2, -0.208, -0.216, -0.224, -0.232, -0.24, -0.248, -0.248, -0.248, -0.248, -0.248, -0.248, -0.248, -0.248, -0.248, -0.248, -0.248, -0.248, -0.248, -0.248, -0.248, -0.248, -0.248, -0.248, -0.248]",None,None,"['left', 'left']","[0.5263181999325752, 1.630299299955368]","[0.839882200001739, 0.12010810000356287]",up,2.0462960000149906,None,1130.2829381999327,1130.2979915000033,1130.548052099999,1130.5314746999647,1130.5318470000057,1130.548052099999,,1131.5480381000089,,1131.5314172999933,0,-3,,,,,1130.548052099999,1131.5480381000089,,,,,,,,,,,,,,,,,202603,,B,2026-07-22_11h27.17.442,valence_final_v2,2024.2.4,60,2026-07-22 11h27.28.654970 -0600,
21,21,0,3,1,flat_comp,101,3.1,0.22,3.0,0.344,flat,flat_curv,0.2,-0.2,-0.22,rew,input_data/stims/Shape_3.10_3.00.png,input_data/stims/Shape_4.00_2.00.png,input_data/stims/Shape_0.00_2.00.png,1,-1,1.0,1.0,1,None,,,up,0.7307827000040561,None,None,None,['left'],[0.5106594000244513],[0.9840664999792352],up,1.7107057999819517,None,4,0,4,0,0,21,21,21,1131.5480381000089,,,,,,,,,,,,,,,,,1131.5320070999442,0.0005913999630138278,1132.5166412999388,1132.5170280999737,1132.5313107999973,1133.531375200022,1133.5150054999394,1133.5154261999996,0.0004306999035179615,1134.999719299958,1135.0012271000305,1135.0148670999333,1135.0148670999333,1135.0148670999333,1135.0148670999333,1135.0148670999333,1135.0148670999333,1135.0148670999333,1136.7325058999704,"[0.344, 0.344, 0.344, 0.344, 0.344, 0.344, 0.344, 0.344, 0.344, 0.344, 0.344, 0.344, 0.344, 0.344, 0.344, 0.344, 0.344, 0.344, 0.344, 0.344, 0.344, 0.344, 0.344, 0.344, 0.344, 0.344, 0.344, 0.344, 0.344, 0.344, 0.344, 0.344, 0.336, 0.328, 0.32, 0.312, 0.304, 0.296, 0.288, 0.28, 0.272, 0.264, 0.256, 0.248, 0.24, 0.232, 0.224, 0.216, 0.208, 0.2, 0.192, 0.184, 0.176, 0.168, 0.16, 0.152, 0.144, 0.136, 0.128, 0.12, 0.112, 0.104, 0.096, 0.088, 0.08, 0.072, 0.064, 0.056, 0.048, 0.04, 0.032, 0.024, 0.016, 0.008, 0.0, -0.008, -0.016, -0.024, -0.032, -0.04, -0.048, -0.056, -0.064, -0.072, -0.08, -0.088, -0.096, -0.104, -0.112, -0.12, -0.128, -0.128, -0.128, -0.128, -0.128, -0.128, -0.128, -0.128, -0.128, -0.128, -0.128, -0.128, -0.128, -0.128, -0.128]",None,None,['left'],[0.5106594000244513],[0.9840664999792352],up,1.7107057999819517,None,1136.7329134999309,1136.7481993000256,1136.9981373000192,1136.9816689,1136.9820632999763,1136.9981373000192,,1137.9982033999404,,1137.981745600002,0,-1,,,1136.9981373000192,1137.9982033999404,,,,,,,,,,,,,,,,,,,202603,,B,2026-07-22_11h27.17.442,valence_final_v2,2024.2.4,60,2026-07-22 11h27.28.654970 -0600,
22,22,0,3,1,flat_comp,106,3.3,0.26,1.0,0.392,flat,curv_flat,0.2,0.2,0.26,rew,input_data/stims/Shape_3.30_1.00.png,input_data/stims/Shape_0.00_2.00.png,input_data/stims/Shape_4.00_2.00.png,1,1,1.0,-1.0,1,None,,,up,0.7307827000040561,None,None,None,['left'],[0.5581012000329792],[0.38400439999531955],up,1.2061541000148281,None,4,0,4,0,0,22,22,26,1137.9982033999404,,,,,,,,,,,,,,,,,1137.9823455000296,0.0006025999318808317,1139.0663925999543,1139.067180300015,1139.0816219999688,1140.081640599994,1140.0650154999457,1140.065434499993,0.00043029990047216415,1141.399766699993,1141.401287799934,1141.4154371999903,1141.4154371999903,1141.4154371999903,1141.4154371999903,1141.4154371999903,1141.4154371999903,1141.4154371999903,1142.6327736999374,"[0.392, 0.392, 0.392, 0.392, 0.392, 0.392, 0.392, 0.392, 0.392, 0.392, 0.392, 0.392, 0.392, 0.392, 0.392, 0.392, 0.392, 0.392, 0.392, 0.392, 0.392, 0.392, 0.392, 0.392, 0.392, 0.392, 0.392, 0.392, 0.392, 0.392, 0.392, 0.392, 0.392, 0.392, 0.392, 0.384, 0.376, 0.368, 0.36, 0.352, 0.344, 0.336, 0.328, 0.32, 0.312, 0.304, 0.296, 0.288, 0.28, 0.272, 0.264, 0.256, 0.248, 0.24, 0.232, 0.224, 0.216, 0.208, 0.208, 0.208, 0.208, 0.208, 0.208, 0.208, 0.208, 0.208, 0.208, 0.208, 0.208, 0.208, 0.208, 0.208, 0.208, 0.208, 0.208]",None,None,['left'],[0.5581012000329792],[0.38400439999531955],up,1.2061541000148281,None,1142.6332332999445,1142.6483428999782,1142.897668999969,1142.8813865999691,1142.8817971999524,1142.897668999969,1142.897668999969,1143.8983917000005,1143.8983917000005,1143.8818796999985,1,3,,,,,,,,,,,,,,,,,,,,,,,202603,,B,2026-07-22_11h27.17.442,valence_final_v2,2024.2.4,60,2026-07-22 11h27.28.654970 -0600,
23,23,0,3,1,flat_comp,104,3.3,0.26,3.0,0.38,flat,curv_flat,0.2,0.2,0.26,rew,input_data/stims/Shape_3.30_3.00.png,input_data/stims/Shape_0.00_2.00.png,input_data/stims/Shape_4.00_2.00.png,1,1,1.0,1.0,1,None,,,up,0.7307827000040561,None,None,None,"['left', 'left', 'right']","[0.3523863999871537, 0.8964446999598294, 1.328586700023152]","[0.31205980002414435, 0.08797880006022751, 0.14381489995867014]",up,1.648557799984701,None,4,0,4,0,0,23,23,24,1143.8983917000005,,,,,,,,,,,,,,,,,1143.8824837999418,0.0006063999608159065,1144.7667691999814,1144.7674631000264,1144.7810347999912,1145.781748099951,1145.7651824000059,1145.7655992999207,0.0004284000024199486,1147.1493880000198,1147.1507101999596,1147.16514930001,1147.16514930001,1147.16514930001,1147.16514930001,1147.16514930001,1147.16514930001,1147.16514930001,1148.8152992000105,"[0.38, 0.38, 0.38, 0.38, 0.38, 0.38, 0.38, 0.38, 0.38, 0.38, 0.38, 0.38, 0.38, 0.38, 0.38, 0.38, 0.38, 0.38, 0.38, 0.38, 0.38, 0.38, 0.38, 0.372, 0.364, 0.356, 0.348, 0.34, 0.332, 0.324, 0.316, 0.308, 0.3, 0.292, 0.284, 0.276, 0.268, 0.26, 0.252, 0.244, 0.236, 0.236, 0.236, 0.236, 0.236, 0.236, 0.236, 0.236, 0.236, 0.236, 0.236, 0.236, 0.236, 0.236, 0.236, 0.228, 0.22, 0.212, 0.204, 0.196, 0.188, 0.188, 0.188, 0.188, 0.188, 0.188, 0.188, 0.188, 0.188, 0.188, 0.188, 0.188, 0.188, 0.188, 0.188, 0.188, 0.188, 0.188, 0.188, 0.188, 0.188, 0.196, 0.204, 0.212, 0.22, 0.228, 0.236, 0.244, 0.252, 0.26, 0.26, 0.26, 0.26, 0.26, 0.26, 0.26, 0.26, 0.26, 0.26, 0.26, 0.26]",None,None,"['left', 'left', 'right']","[0.3523863999871537, 0.8964446999598294, 1.328586700023152]","[0.31205980002414435, 0.08797880006022751, 0.14381489995867014]",up,1.648557799984701,None,1148.8156983000226,1148.8309603999369,1149.0809561000206,1149.0644242999842,1149.0648135999218,1149.0809561000206,1149.0809561000206,1150.0810101999668,1150.0810101999668,1150.0644770999206,1,3,,,,,,,,,,,,,,,,,,,,,,,202603,,B,2026-07-22_11h27.17.442,valence_final_v2,2024.2.4,60,2026-07-22 11h27.28.654970 -0600,
24,24,0,3,1,flat_comp,81,1.1,-0.18,1.0,0.268,curv,flat_curv,0.2,-0.2,0.18,pen,input_data/stims/Shape_1.10_1.00.png,input_data/stims/Shape_4.00_2.00.png,input_data/stims/Shape_0.00_2.00.png,-1,-1,1.0,-1.0,-1,None,,,up,0.7307827000040561,None,None,None,"['right', 'left']","[0.3458620000164956, 0.5777541999705136]","[0.1678978999843821, 1.0882865000749007]",up,1.6660407000454143,None,4,0,4,0,0,24,24,1,1150.0810101999668,,,,,,,,,,,,,,,,,1150.0650862000184,0.0006113999988883734,1150.949773499975,1150.9501529999543,1150.964351200033,1151.9643822999205,1151.947907899972,1151.9483238999965,0.0004282000008970499,1153.3327018999262,1153.3340310999192,1153.3477621999336,1153.3477621999336,1153.3477621999336,1153.3477621999336,1153.3477621999336,1153.3477621999336,1153.3477621999336,1155.0156910999212,"[0.268, 0.268, 0.268, 0.268, 0.268, 0.268, 0.268, 0.268, 0.268, 0.268, 0.268, 0.268, 0.268, 0.268, 0.268, 0.268, 0.268, 0.268, 0.268, 0.268, 0.268, 0.268, 0.276, 0.284, 0.292, 0.3, 0.308, 0.316, 0.324, 0.332, 0.34, 0.348, 0.348, 0.348, 0.348, 0.348, 0.34, 0.332, 0.324, 0.316, 0.308, 0.3, 0.292, 0.284, 0.276, 0.268, 0.26, 0.252, 0.244, 0.236, 0.228, 0.22, 0.212, 0.204, 0.196, 0.188, 0.18, 0.172, 0.164, 0.156, 0.148, 0.14, 0.132, 0.124, 0.116, 0.108, 0.1, 0.092, 0.084, 0.076, 0.068, 0.06, 0.052, 0.044, 0.036, 0.028, 0.02, 0.012, 0.004, -0.004, -0.012, -0.02, -0.028, -0.036, -0.044, -0.052, -0.06, -0.068, -0.076, -0.084, -0.092, -0.1, -0.108, -0.116, -0.124, -0.132, -0.14, -0.148, -0.156, -0.164, -0.172, -0.172]",None,None,"['right', 'left']","[0.3458620000164956, 0.5777541999705136]","[0.1678978999843821, 1.0882865000749007]",up,1.6660407000454143,None,1155.0160707000177,1155.0311377999606,1155.2811343999347,1155.2646125999745,1155.2649929999607,1155.2811343999347,,1156.2811615000246,,1156.2646929000039,1,1,1155.2811343999347,1156.2811615000246,,,,,,,,,,,,,,,,,,,,,202603,,B,2026-07-22_11h27.17.442,valence_final_v2,2024.2.4,60,2026-07-22 11h27.28.654970 -0600,
25,25,0,3,1,flat_comp,92,2.3,0.06,1.0,0.388,curv,curv_flat,0.2,0.2,0.06,pen,input_data/stims/Shape_2.30_1.00.png,input_data/stims/Shape_0.00_2.00.png,input_data/stims/Shape_4.00_2.00.png,-1,1,1.0,-1.0,-1,None,,,up,0.7307827000040561,None,None,None,['left'],[0.37569549994077533],[0.4719289999920875],up,0.9676446999656036,None,4,0,4,0,0,25,25,12,1156.2811615000246,,,,,,,,,,,,,,,,,1156.2653000999708,0.0006102999905124307,1157.2995784999803,1157.300119200023,1157.3145566999447,1158.3145688999211,1158.2980730999261,1158.2984921999741,0.00043070001993328333,1159.7837182999356,1159.7850007999223,1159.7979467000114,1159.7979467000114,1159.7979467000114,1159.7979467000114,1159.7979467000114,1159.7979467000114,1159.7979467000114,1160.7822969999397,"[0.388, 0.388, 0.388, 0.388, 0.388, 0.388, 0.388, 0.388, 0.388, 0.388, 0.388, 0.388, 0.388, 0.388, 0.388, 0.388, 0.388, 0.388, 0.388, 0.388, 0.388, 0.388, 0.388, 0.388, 0.38, 0.372, 0.364, 0.356, 0.348, 0.34, 0.332, 0.324, 0.316, 0.308, 0.3, 0.292, 0.284, 0.276, 0.268, 0.26, 0.252, 0.244, 0.236, 0.228, 0.22, 0.212, 0.204, 0.196, 0.188, 0.18, 0.172, 0.164, 0.164, 0.164, 0.164, 0.164, 0.164, 0.164, 0.164, 0.164, 0.164]",None,None,['left'],[0.37569549994077533],[0.4719289999920875],up,0.9676446999656036,None,1160.7826757000294,1160.7979652999202,1161.0479734999826,1161.0314947000006,1161.031872099964,1161.0479734999826,,1162.0479974999325,,1162.031555499998,1,1,1161.0479734999826,1162.0479974999325,,,,,,,,,,,,,,,,,,,,,202603,,B,2026-07-22_11h27.17.442,valence_final_v2,2024.2.4,60,2026-07-22 11h27.28.654970 -0600,
26,26,0,3,1,flat_comp,113,3.7,0.34,3.0,0.244,flat,flat_curv,0.2,-0.2,-0.34,rew,input_data/stims/Shape_3.70_3.00.png,input_data/stims/Shape_4.00_2.00.png,input_data/stims/Shape_0.00_2.00.png,1,-1,1.0,1.0,1,None,,,up,0.7307827000040561,None,None,None,['left'],[0.3708117000060156],[0.9600708999205381],up,1.5788730999920517,None,4,0,4,0,0,26,26,33,1162.0479974999325,,,,,,,,,,,,,,,,,1162.0321545000188,0.0006029999349266291,1163.0169323999435,1163.0174196999287,1163.0313887000084,1164.0313815999543,1164.0149271999253,1164.0153565999353,0.00044219999108463526,1165.299128799932,1165.300345399999,1165.3147701999405,1165.3147701999405,1165.3147701999405,1165.3147701999405,1165.3147701999405,1165.3147701999405,1165.3147701999405,1166.8991870000027,"[0.244, 0.244, 0.244, 0.244, 0.244, 0.244, 0.244, 0.244, 0.244, 0.244, 0.244, 0.244, 0.244, 0.244, 0.244, 0.244, 0.244, 0.244, 0.244, 0.244, 0.244, 0.244, 0.244, 0.244, 0.236, 0.228, 0.22, 0.212, 0.204, 0.196, 0.188, 0.18, 0.172, 0.164, 0.156, 0.148, 0.14, 0.132, 0.124, 0.116, 0.108, 0.1, 0.092, 0.084, 0.076, 0.068, 0.06, 0.052, 0.044, 0.036, 0.028, 0.02, 0.012, 0.004, -0.004, -0.012, -0.02, -0.028, -0.036, -0.044, -0.052, -0.06, -0.068, -0.076, -0.084, -0.092, -0.1, -0.108, -0.116, -0.124, -0.132, -0.14, -0.148, -0.156, -0.164, -0.172, -0.18, -0.188, -0.196, -0.204, -0.212, -0.212, -0.212, -0.212, -0.212, -0.212, -0.212, -0.212, -0.212, -0.212, -0.212, -0.212, -0.212, -0.212, -0.212, -0.212, -0.212]",None,None,['left'],[0.3708117000060156],[0.9600708999205381],up,1.5788730999920517,None,1166.8996034000302,1166.9148237999761,1167.1648257999914,1167.148293199949,1167.1486724999268,1167.1648257999914,1167.1648257999914,1168.1648322999245,1168.1648322999245,1168.148397199926,1,3,,,,,,,,,,,,,,,,,,,,,,,202603,,B,2026-07-22_11h27.17.442,valence_final_v2,2024.2.4,60,2026-07-22 11h27.28.654970 -0600,
27,27,0,3,1,flat_comp,94,2.5,0.1,3.0,-0.38,curv,curv_flat,0.2,0.2,0.1,pen,input_data/stims/Shape_2.50_3.00.png,input_data/stims/Shape_0.00_2.00.png,input_data/stims/Shape_4.00_2.00.png,-1,1,-1.0,1.0,-1,None,,,up,0.7307827000040561,None,None,None,['right'],[0.557933299918659],[1.1600336000556126],up,1.9019677999895066,None,4,0,4,0,0,27,27,14,1168.1648322999245,,,,,,,,,,,,,,,,,1168.1490051000146,0.0006107999943196774,1169.1826981999911,1169.1831016999204,1169.1982183000073,1170.1982254999457,1170.1817676000064,1170.1821991999168,0.00044380000326782465,1171.6167892999947,1171.6181216000114,1171.631616699975,1171.631616699975,1171.631616699975,1171.631616699975,1171.631616699975,1171.631616699975,1171.631616699975,1173.549308400019,"[-0.38, -0.38, -0.38, -0.38, -0.38, -0.38, -0.38, -0.38, -0.38, -0.38, -0.38, -0.38, -0.38, -0.38, -0.38, -0.38, -0.38, -0.38, -0.38, -0.38, -0.38, -0.38, -0.38, -0.38, -0.38, -0.38, -0.38, -0.38, -0.38, -0.38, -0.38, -0.38, -0.38, -0.38, -0.38, -0.372, -0.364, -0.356, -0.348, -0.34, -0.332, -0.324, -0.316, -0.308, -0.3, -0.292, -0.284, -0.276, -0.268, -0.26, -0.252, -0.244, -0.236, -0.228, -0.22, -0.212, -0.204, -0.196, -0.188, -0.18, -0.172, -0.164, -0.156, -0.148, -0.14, -0.132, -0.124, -0.116, -0.108, -0.1, -0.092, -0.084, -0.076, -0.068, -0.06, -0.052, -0.044, -0.036, -0.028, -0.02, -0.012, -0.004, 0.004, 0.012, 0.02, 0.028, 0.036, 0.044, 0.052, 0.06, 0.068, 0.076, 0.084, 0.092, 0.1, 0.108, 0.116, 0.124, 0.132, 0.14, 0.148, 0.156, 0.164, 0.172, 0.18, 0.18, 0.18, 0.18, 0.18, 0.18, 0.18, 0.18, 0.18, 0.18, 0.18, 0.18, 0.18]",None,None,['right'],[0.557933299918659],[1.1600336000556126],up,1.9019677999895066,None,1173.5497244999278,1173.5650072999997,1173.8149997999426,1173.7985183999408,1173.79889919993,1173.8149997999426,,1174.8150276999222,,1174.7985912000295,1,1,1173.8149997999426,1174.8150276999222,,,,,,,,,,,,,,,,,,,,,202603,,B,2026-07-22_11h27.17.442,valence_final_v2,2024.2.4,60,2026-07-22 11h27.28.654970 -0600,
28,28,0,3,1,flat_comp,88,1.9,-0.02,3.0,-0.168,curv,curv_flat,0.2,0.2,-0.02,pen,input_data/stims/Shape_1.90_3.00.png,input_data/stims/Shape_0.00_2.00.png,input_data/stims/Shape_4.00_2.00.png,-1,1,-1.0,1.0,-1,None,,,up,0.7307827000040561,None,None,None,['right'],[0.5818051999667659],[0.7839152000378817],up,1.4537841000128537,None,4,0,4,0,0,28,28,8,1174.8150276999222,,,,,,,,,,,,,,,,,1174.7992257999722,0.0006359000690281391,1175.8835861999542,1175.884350599954,1175.8984041999793,1176.8984320999589,1176.881937899976,1176.882354500005,0.0004278999986127019,1178.2167975999182,1178.218080200022,1178.2318305999506,1178.2318305999506,1178.2318305999506,1178.2318305999506,1178.2318305999506,1178.2318305999506,1178.2318305999506,1179.6995432999684,"[-0.168, -0.168, -0.168, -0.168, -0.168, -0.168, -0.168, -0.168, -0.168, -0.168, -0.168, -0.168, -0.168, -0.168, -0.168, -0.168, -0.168, -0.168, -0.168, -0.168, -0.168, -0.168, -0.168, -0.168, -0.168, -0.168, -0.168, -0.168, -0.168, -0.168, -0.168, -0.168, -0.168, -0.168, -0.168, -0.168, -0.16, -0.152, -0.144, -0.136, -0.128, -0.12, -0.112, -0.104, -0.096, -0.088, -0.08, -0.072, -0.064, -0.056, -0.048, -0.04, -0.032, -0.024, -0.016, -0.008, 0.0, 0.008, 0.016, 0.024, 0.032, 0.04, 0.048, 0.056, 0.064, 0.072, 0.08, 0.088, 0.096, 0.104, 0.112, 0.12, 0.128, 0.136, 0.144, 0.152, 0.16, 0.168, 0.176, 0.184, 0.192, 0.2, 0.208, 0.208, 0.208, 0.208, 0.208, 0.208, 0.208, 0.208]",None,None,['right'],[0.5818051999667659],[0.7839152000378817],up,1.4537841000128537,None,1179.6999607000034,1179.715194499935,1179.9651946999365,1179.948741799919,1179.9491150999675,1179.9651946999365,,1180.9653139000293,,1180.9488411999773,0,-3,,,,,1179.9651946999365,1180.9653139000293,,,,,,,,,,,,,,,,,202603,,B,2026-07-22_11h27.17.442,valence_final_v2,2024.2.4,60,2026-07-22 11h27.28.654970 -0600,
29,29,0,3,1,flat_comp,111,3.5,0.3,1.0,0.068,flat,flat_curv,0.2,-0.2,-0.3,rew,input_data/stims/Shape_3.50_1.00.png,input_data/stims/Shape_4.00_2.00.png,input_data/stims/Shape_0.00_2.00.png,1,-1,1.0,-1.0,1,None,,,up,0.7307827000040561,None,None,None,['left'],[0.49280470004305243],[0.43198540003504604],up,1.1488420000532642,None,4,0,4,0,0,29,29,31,1180.9653139000293,,,,,,,,,,,,,,,,,1180.9494635999436,0.0006277000065892935,1181.8338132000063,1181.834213300026,1181.8486916000256,1182.8489978000289,1182.8325270999921,1182.8329858999932,0.0004724999889731407,1184.217415299965,1184.2190445000306,1184.232798299985,1184.232798299985,1184.232798299985,1184.232798299985,1184.232798299985,1184.232798299985,1184.232798299985,1185.3840145999566,"[0.068, 0.068, 0.068, 0.068, 0.068, 0.068, 0.068, 0.068, 0.068, 0.068, 0.068, 0.068, 0.068, 0.068, 0.068, 0.068, 0.068, 0.068, 0.068, 0.068, 0.068, 0.068, 0.068, 0.068, 0.068, 0.068, 0.068, 0.068, 0.068, 0.068, 0.068, 0.06, 0.052, 0.044, 0.036, 0.028, 0.02, 0.012, 0.004, -0.004, -0.012, -0.02, -0.028, -0.036, -0.044, -0.052, -0.06, -0.068, -0.076, -0.084, -0.092, -0.1, -0.108, -0.116, -0.124, -0.132, -0.14, -0.14, -0.14, -0.14, -0.14, -0.14, -0.14, -0.14, -0.14, -0.14, -0.14, -0.14, -0.14, -0.14, -0.14]",None,None,['left'],[0.49280470004305243],[0.43198540003504604],up,1.1488420000532642,None,1185.3843964999542,1185.399585200008,1185.6495410000207,1185.6331010999857,1185.633491699933,1185.6495410000207,,1186.6496519999346,,1186.633041699999,0,-1,,,1185.6495410000207,1186.6496519999346,,,,,,,,,,,,,,,,,,,202603,,B,2026-07-22_11h27.17.442,valence_final_v2,2024.2.4,60,2026-07-22 11h27.28.654970 -0600,
30,30,0,3,1,flat_comp,108,3.5,0.3,1.0,-0.268,flat,curv_flat,0.2,0.2,0.3,rew,input_data/stims/Shape_3.50_1.00.png,input_data/stims/Shape_0.00_2.00.png,input_data/stims/Shape_4.00_2.00.png,1,1,-1.0,-1.0,1,None,,,up,0.7307827000040561,None,None,None,['right'],[0.3020920999115333],[0.9920542000327259],up,1.5421176999807358,None,4,0,4,0,0,30,30,28,1186.6496519999346,,,,,,,,,,,,,,,,,1186.6336565000238,0.0006177999312058091,1187.5675566999707,1187.5682220000308,1187.5829784999369,1188.5820835999912,1188.565548799932,1188.5659757999238,0.0004381999606266618,1189.9998728999635,1190.0010954999598,1190.0154734000098,1190.0154734000098,1190.0154734000098,1190.0154734000098,1190.0154734000098,1190.0154734000098,1190.0154734000098,1191.5665565999225,"[-0.268, -0.268, -0.268, -0.268, -0.268, -0.268, -0.268, -0.268, -0.268, -0.268, -0.268, -0.268, -0.268, -0.268, -0.268, -0.268, -0.268, -0.268, -0.268, -0.268, -0.26, -0.252, -0.244, -0.236, -0.228, -0.22, -0.212, -0.204, -0.196, -0.188, -0.18, -0.172, -0.164, -0.156, -0.148, -0.14, -0.132, -0.124, -0.116, -0.108, -0.1, -0.092, -0.084, -0.076, -0.068, -0.06, -0.052, -0.044, -0.036, -0.028, -0.02, -0.012, -0.004, 0.004, 0.012, 0.02, 0.028, 0.036, 0.044, 0.052, 0.06, 0.068, 0.076, 0.084, 0.092, 0.1, 0.108, 0.116, 0.124, 0.132, 0.14, 0.148, 0.156, 0.164, 0.172, 0.18, 0.188, 0.196, 0.204, 0.204, 0.204, 0.204, 0.204, 0.204, 0.204, 0.204, 0.204, 0.204, 0.204, 0.204, 0.204, 0.204, 0.204, 0.204, 0.204]",None,None,['right'],[0.3020920999115333],[0.9920542000327259],up,1.5421176999807358,None,1191.5669557999354,1191.5821874999674,1191.8321915999986,1191.815718799946,1191.8161204999778,1191.8321915999986,1191.8321915999986,1192.8322747999337,1192.8322747999337,1192.815840999945,1,3,,,,,,,,,,,,,,,,,,,,,,,202603,,B,2026-07-22_11h27.17.442,valence_final_v2,2024.2.4,60,2026-07-22 11h27.28.654970 -0600,
31,31,0,3,1,flat_comp,100,3.1,0.22,1.0,0.288,flat,curv_flat,0.2,0.2,0.22,rew,input_data/stims/Shape_3.10_1.00.png,input_data/stims/Shape_0.00_2.00.png,input_data/stims/Shape_4.00_2.00.png,1,1,1.0,-1.0,1,None,,,up,0.7307827000040561,None,None,None,"['left', 'right', 'left']","[0.4726504000136629, 1.0645768999820575, 1.5286002999637276]","[0.21599820000119507, 0.14402669994160533, 0.10418829997070134]",up,1.8406457999954,None,4,0,4,0,0,31,31,20,1192.8322747999337,,,,,,,,,,,,,,,,,1192.8164605000056,0.0006219999631866813,1193.8503682999872,1193.8507532000076,1193.865578499972,1194.865592099959,1194.8491263999604,1194.8495497999247,0.00043320003896951675,1196.133994899923,1196.1352354999399,1196.1489961999469,1196.1489961999469,1196.1489961999469,1196.1489961999469,1196.1489961999469,1196.1489961999469,1196.1489961999469,1198.000042699976,"[0.288, 0.288, 0.288, 0.288, 0.288, 0.288, 0.288, 0.288, 0.288, 0.288, 0.288, 0.288, 0.288, 0.288, 0.288, 0.288, 0.288, 0.288, 0.288, 0.288, 0.288, 0.288, 0.288, 0.288, 0.288, 0.288, 0.288, 0.288, 0.288, 0.288, 0.28, 0.272, 0.264, 0.256, 0.248, 0.24, 0.232, 0.224, 0.216, 0.208, 0.2, 0.192, 0.184, 0.184, 0.184, 0.184, 0.184, 0.184, 0.184, 0.184, 0.184, 0.184, 0.184, 0.184, 0.184, 0.184, 0.184, 0.184, 0.184, 0.184, 0.184, 0.184, 0.184, 0.184, 0.184, 0.192, 0.2, 0.208, 0.216, 0.224, 0.232, 0.24, 0.248, 0.256, 0.256, 0.256, 0.256, 0.256, 0.256, 0.256, 0.256, 0.256, 0.256, 0.256, 0.256, 0.256, 0.256, 0.256, 0.256, 0.256, 0.256, 0.256, 0.256, 0.248, 0.24, 0.232, 0.224, 0.216, 0.208, 0.208, 0.208, 0.208, 0.208, 0.208, 0.208, 0.208, 0.208, 0.208, 0.208, 0.208, 0.208, 0.208, 0.208]",None,None,"['left', 'right', 'left']","[0.4726504000136629, 1.0645768999820575, 1.5286002999637276]","[0.21599820000119507, 0.14402669994160533, 0.10418829997070134]",up,1.8406457999954,None,1198.000458800001,1198.0157504000235,1198.2656878000125,1198.2492256999249,1198.2496078999247,1198.2656878000125,1198.2656878000125,1199.2657172000036,1199.2657172000036,1199.2492835000157,1,3,,,,,,,,,,,,,,,,,,,,,,,202603,,B,2026-07-22_11h27.17.442,valence_final_v2,2024.2.4,60,2026-07-22 11h27.28.654970 -0600,
32,32,0,3,1,flat_comp,96,2.7,0.14,1.0,-0.024,curv,curv_flat,0.2,0.2,0.14,pen,input_data/stims/Shape_2.70_1.00.png,input_data/stims/Shape_0.00_2.00.png,input_data/stims/Shape_4.00_2.00.png,-1,1,-1.0,-1.0,-1,None,,,up,0.7307827000040561,None,None,None,"['right', 'right', 'left']","[0.45311250002123415, 1.1730541000142694, 1.7411072000395507]","[0.4482559999451041, 0.15998630004469305, 0.10398100002203137]",up,1.9650903000729159,None,4,0,4,0,0,32,32,16,1199.2657172000036,,,,,,,,,,,,,,,,,1199.249897499918,0.0006178000476211309,1200.235371000017,1200.2360738000134,1200.2491176999174,1201.2491291000042,1201.2326454999857,1201.2330885999836,0.0004558999789878726,1202.617439799942,1202.6190978999948,1202.6325117999222,1202.6325117999222,1202.6325117999222,1202.6325117999222,1202.6325117999222,1202.6325117999222,1202.6325117999222,1204.600236200029,"[-0.024, -0.024, -0.024, -0.024, -0.024, -0.024, -0.024, -0.024, -0.024, -0.024, -0.024, -0.024, -0.024, -0.024, -0.024, -0.024, -0.024, -0.024, -0.024, -0.024, -0.024, -0.024, -0.024, -0.024, -0.024, -0.024, -0.024, -0.024, -0.024, -0.016, -0.008, 0.0, 0.008, 0.016, 0.024, 0.032, 0.04, 0.048, 0.056, 0.064, 0.072, 0.08, 0.088, 0.096, 0.104, 0.112, 0.12, 0.128, 0.136, 0.144, 0.152, 0.16, 0.168, 0.176, 0.184, 0.192, 0.192, 0.192, 0.192, 0.192, 0.192, 0.192, 0.192, 0.192, 0.192, 0.192, 0.192, 0.192, 0.192, 0.192, 0.192, 0.192, 0.2, 0.208, 0.216, 0.224, 0.232, 0.24, 0.248, 0.256, 0.264, 0.264, 0.264, 0.264, 0.264, 0.264, 0.264, 0.264, 0.264, 0.264, 0.264, 0.264, 0.264, 0.264, 0.264, 0.264, 0.264, 0.264, 0.264, 0.264, 0.264, 0.264, 0.264, 0.264, 0.264, 0.264, 0.256, 0.248, 0.24, 0.232, 0.224, 0.216, 0.216, 0.216, 0.216, 0.216, 0.216, 0.216, 0.216, 0.216]",None,None,"['right', 'right', 'left']","[0.45311250002123415, 1.1730541000142694, 1.7411072000395507]","[0.4482559999451041, 0.15998630004469305, 0.10398100002203137]",up,1.9650903000729159,None,1204.6006548999576,1204.6158854999812,1204.8658912000246,1204.8494144999422,1204.8497903000098,1204.8658912000246,,1205.8659073000308,,1205.8494876999175,0,-3,,,,,1204.8658912000246,1205.8659073000308,,,,,,,,,,,,,,,,,202603,,B,2026-07-22_11h27.17.442,valence_final_v2,2024.2.4,60,2026-07-22 11h27.28.654970 -0600,
33,33,0,3,1,flat_comp,118,3.9,0.38,1.0,-0.104,flat,curv_flat,0.2,0.2,0.38,rew,input_data/stims/Shape_3.90_1.00.png,input_data/stims/Shape_0.00_2.00.png,input_data/stims/Shape_4.00_2.00.png,1,1,-1.0,-1.0,1,None,,,up,0.7307827000040561,None,None,None,"['right', 'left', 'right', 'right', 'left']","[0.28695039998274297, 0.47907959995791316, 0.5670612000394613, 1.358941899961792, 1.9670456999447197]","[0.1921291999751702, 0.12786360003519803, 0.5518305998994038, 0.152186100021936, 0.06396699999459088]",up,2.182942199986428,None,4,0,4,0,0,33,33,38,1205.8659073000308,,,,,,,,,,,,,,,,,1205.8501151999226,0.0006272000027820468,1206.7854994999943,1206.7861047999468,1206.7992937000236,1207.7993564999197,1207.7829181000125,1207.7833538999548,0.00044710002839565277,1209.1675082999282,1209.168811099953,1209.182693599956,1209.182693599956,1209.182693599956,1209.182693599956,1209.182693599956,1209.182693599956,1209.182693599956,1211.3670594999567,"[-0.104, -0.104, -0.104, -0.104, -0.104, -0.104, -0.104, -0.104, -0.104, -0.104, -0.104, -0.104, -0.104, -0.104, -0.104, -0.104, -0.104, -0.104, -0.104, -0.096, -0.088, -0.08, -0.072, -0.064, -0.056, -0.048, -0.04, -0.032, -0.024, -0.016, -0.024, -0.032, -0.04, -0.048, -0.056, -0.064, -0.064, -0.064, -0.056, -0.048, -0.04, -0.032, -0.024, -0.016, -0.008, 0.0, 0.008, 0.016, 0.024, 0.032, 0.04, 0.048, 0.056, 0.064, 0.072, 0.08, 0.088, 0.096, 0.104, 0.112, 0.12, 0.128, 0.136, 0.144, 0.152, 0.16, 0.168, 0.176, 0.184, 0.184, 0.184, 0.184, 0.184, 0.184, 0.184, 0.184, 0.184, 0.184, 0.184, 0.184, 0.184, 0.184, 0.184, 0.192, 0.2, 0.208, 0.216, 0.224, 0.232, 0.24, 0.248, 0.256, 0.256, 0.256, 0.256, 0.256, 0.256, 0.256, 0.256, 0.256, 0.256, 0.256, 0.256, 0.256, 0.256, 0.256, 0.256, 0.256, 0.256, 0.256, 0.256, 0.256, 0.256, 0.256, 0.256, 0.256, 0.256, 0.256, 0.256, 0.256, 0.248, 0.24, 0.232, 0.232, 0.232, 0.232, 0.232, 0.232, 0.232, 0.232, 0.232, 0.232, 0.232]",None,None,"['right', 'left', 'right', 'right', 'left']","[0.28695039998274297, 0.47907959995791316, 0.5670612000394613, 1.358941899961792, 1.9670456999447197]","[0.1921291999751702, 0.12786360003519803, 0.5518305998994038, 0.152186100021936, 0.06396699999459088]",up,2.182942199986428,None,1211.3674835999263,1211.3827646999853,1211.6327569999266,1211.6162718000123,1211.6166526000015,1211.6327569999266,1211.6327569999266,1212.6327862000326,1212.6327862000326,1212.616355599952,1,3,,,,,,,,,,,,,,,,,,,,,,,202603,,B,2026-07-22_11h27.17.442,valence_final_v2,2024.2.4,60,2026-07-22 11h27.28.654970 -0600,
34,34,0,3,1,flat_comp,93,2.3,0.06,1.0,-0.184,curv,flat_curv,0.2,-0.2,-0.06,pen,input_data/stims/Shape_2.30_1.00.png,input_data/stims/Shape_4.00_2.00.png,input_data/stims/Shape_0.00_2.00.png,-1,-1,1.0,-1.0,-1,None,,,up,0.7307827000040561,None,None,None,['right'],[0.4580779999960214],[0.14398509997408837],up,0.7540752999484539,None,4,0,4,0,0,34,34,13,1212.6327862000326,,,,,,,,,,,,,,,,,1212.6169666999485,0.0006148000247776508,1213.6516977000283,1213.6524586000014,1213.6661506999517,1214.6661648999434,1214.6497522999998,1214.6501770999748,0.0004371999530121684,1216.0847418999765,1216.086255399976,1216.0995445000008,1216.0995445000008,1216.0995445000008,1216.0995445000008,1216.0995445000008,1216.0995445000008,1216.0995445000008,1216.8672222000314,"[-0.184, -0.184, -0.184, -0.184, -0.184, -0.184, -0.184, -0.184, -0.184, -0.184, -0.184, -0.184, -0.184, -0.184, -0.184, -0.184, -0.184, -0.184, -0.184, -0.184, -0.184, -0.184, -0.184, -0.184, -0.184, -0.184, -0.184, -0.184, -0.184, -0.176, -0.168, -0.16, -0.152, -0.144, -0.136, -0.128, -0.12, -0.112, -0.112, -0.112, -0.112, -0.112, -0.112, -0.112, -0.112, -0.112, -0.112, -0.112]",None,None,['right'],[0.4580779999960214],[0.14398509997408837],up,0.7540752999484539,None,1216.8675907999277,1216.8829157999717,1217.1328979999525,1217.1164265000261,1217.1168149999576,1217.1328979999525,,1218.1329453999642,,1218.1164984999923,1,1,1217.1328979999525,1218.1329453999642,,,,,,,,,,,,,,,,,,,,,202603,,B,2026-07-22_11h27.17.442,valence_final_v2,2024.2.4,60,2026-07-22 11h27.28.654970 -0600,
35,35,0,3,1,flat_comp,98,2.9,0.18,1.0,0.004,curv,curv_flat,0.2,0.2,0.18,pen,input_data/stims/Shape_2.90_1.00.png,input_data/stims/Shape_0.00_2.00.png,input_data/stims/Shape_4.00_2.00.png,-1,1,-1.0,-1.0,-1,None,,,up,0.7307827000040561,None,None,None,['right'],[0.5039650000398979],[0.3839506999356672],up,1.1199664999730885,None,4,0,4,0,0,35,35,18,1218.1329453999642,,,,,,,,,,,,,,,,,1218.117106599966,0.0006126000080257654,1219.1517675999785,1219.1522945000324,1219.1662980000256,1220.1663311999291,1220.1498539999593,1220.1502789999358,0.0004376000724732876,1221.5356140999356,1221.5368866999634,1221.5497083999217,1221.5497083999217,1221.5497083999217,1221.5497083999217,1221.5497083999217,1221.5497083999217,1221.5497083999217,1222.6843087000307,"[0.004, 0.004, 0.004, 0.004, 0.004, 0.004, 0.004, 0.004, 0.004, 0.004, 0.004, 0.004, 0.004, 0.004, 0.004, 0.004, 0.004, 0.004, 0.004, 0.004, 0.004, 0.004, 0.004, 0.004, 0.004, 0.004, 0.004, 0.004, 0.004, 0.004, 0.004, 0.004, 0.012, 0.02, 0.028, 0.036, 0.044, 0.052, 0.06, 0.068, 0.076, 0.084, 0.092, 0.1, 0.108, 0.116, 0.124, 0.132, 0.14, 0.148, 0.156, 0.164, 0.172, 0.18, 0.188, 0.188, 0.188, 0.188, 0.188, 0.188, 0.188, 0.188, 0.188, 0.188, 0.188, 0.188, 0.188, 0.188, 0.188, 0.188]",None,None,['right'],[0.5039650000398979],[0.3839506999356672],up,1.1199664999730885,None,1222.6847432999639,1222.699758199975,1222.9497287999839,1222.9333676999668,1222.933760099928,1222.9497287999839,,1223.9497752999887,,1223.9333174999338,1,1,1222.9497287999839,1223.9497752999887,,,,,,,,,,,,,,,,,,,,,202603,,B,2026-07-22_11h27.17.442,valence_final_v2,2024.2.4,60,2026-07-22 11h27.28.654970 -0600,
36,36,0,3,1,flat_comp,107,3.3,0.26,1.0,0.324,flat,flat_curv,0.2,-0.2,-0.26,rew,input_data/stims/Shape_3.30_1.00.png,input_data/stims/Shape_4.00_2.00.png,input_data/stims/Shape_0.00_2.00.png,1,-1,1.0,-1.0,1,None,,,up,0.7307827000040561,None,None,None,"['right', 'left']","[0.3011181999463588, 0.5250875999918208]","[0.13601809996180236, 1.272018399904482]",up,2.0210614999523386,None,4,0,4,0,0,36,36,27,1223.9497752999887,,,,,,,,,,,,,,,,,1223.9339449999388,0.0006313000340014696,1224.9187346999533,1224.9192870999686,1224.9331485999282,1225.9331552999793,1225.9166998999426,1225.917137500015,0.0004504999378696084,1227.2022679999936,1227.204155699932,1227.2165541999275,1227.2165541999275,1227.2165541999275,1227.2165541999275,1227.2165541999275,1227.2165541999275,1227.2165541999275,1229.2509396999376,"[0.324, 0.324, 0.324, 0.324, 0.324, 0.324, 0.324, 0.324, 0.324, 0.324, 0.324, 0.324, 0.324, 0.324, 0.324, 0.324, 0.324, 0.324, 0.324, 0.324, 0.332, 0.34, 0.348, 0.356, 0.364, 0.372, 0.38, 0.388, 0.388, 0.388, 0.388, 0.388, 0.388, 0.38, 0.372, 0.364, 0.356, 0.348, 0.34, 0.332, 0.324, 0.316, 0.308, 0.3, 0.292, 0.284, 0.276, 0.268, 0.26, 0.252, 0.244, 0.236, 0.228, 0.22, 0.212, 0.204, 0.196, 0.188, 0.18, 0.172, 0.164, 0.156, 0.148, 0.14, 0.132, 0.124, 0.116, 0.108, 0.1, 0.092, 0.084, 0.076, 0.068, 0.06, 0.052, 0.044, 0.036, 0.028, 0.02, 0.012, 0.004, -0.004, -0.012, -0.02, -0.028, -0.036, -0.044, -0.052, -0.06, -0.068, -0.076, -0.084, -0.092, -0.1, -0.108, -0.116, -0.124, -0.132, -0.14, -0.148, -0.156, -0.164, -0.172, -0.18, -0.188, -0.196, -0.204, -0.212, -0.22, -0.22, -0.22, -0.22, -0.22, -0.22, -0.22, -0.22, -0.22, -0.22, -0.22, -0.22, -0.22, -0.22, -0.22, -0.22]",None,None,"['right', 'left']","[0.3011181999463588, 0.5250875999918208]","[0.13601809996180236, 1.272018399904482]",up,2.0210614999523386,None,1229.2513597999932,1229.2666043000063,1229.5166116999462,1229.500103999977,1229.5005008999724,1229.5166116999462,1229.5166116999462,1230.51666939992,1230.51666939992,1230.5001674999949,1,3,,,,,,,,,,,,,,,,,,,,,,,202603,,B,2026-07-22_11h27.17.442,valence_final_v2,2024.2.4,60,2026-07-22 11h27.28.654970 -0600,
37,37,0,3,1,flat_comp,80,1.1,-0.18,3.0,0.328,curv,curv_flat,0.2,0.2,-0.18,pen,input_data/stims/Shape_1.10_3.00.png,input_data/stims/Shape_0.00_2.00.png,input_data/stims/Shape_4.00_2.00.png,-1,1,1.0,1.0,-1,None,,,up,0.7307827000040561,None,None,None,"['left', 'left']","[0.683884899946861, 1.5079350000014529]","[0.28000520006753504, 0.10395319992676377]",up,1.827936299960129,None,4,0,4,0,0,37,37,0,1230.51666939992,,,,,,,,,,,,,,,,,1230.5007676000241,0.0006028999341651797,1231.4358060000231,1231.4363494999707,1231.450009400025,1232.4500269999262,1232.433637799928,1232.4340726999799,0.00044759991578757763,1233.8185439999215,1233.8201951999217,1233.8337476999732,1233.8337476999732,1233.8337476999732,1233.8337476999732,1233.8337476999732,1233.8337476999732,1233.8337476999732,1235.668172899983,"[0.328, 0.328, 0.328, 0.328, 0.328, 0.328, 0.328, 0.328, 0.328, 0.328, 0.328, 0.328, 0.328, 0.328, 0.328, 0.328, 0.328, 0.328, 0.328, 0.328, 0.328, 0.328, 0.328, 0.328, 0.328, 0.328, 0.328, 0.328, 0.328, 0.328, 0.328, 0.328, 0.328, 0.328, 0.328, 0.328, 0.328, 0.328, 0.328, 0.328, 0.328, 0.328, 0.328, 0.32, 0.312, 0.304, 0.296, 0.288, 0.28, 0.272, 0.264, 0.256, 0.248, 0.24, 0.232, 0.224, 0.216, 0.208, 0.2, 0.2, 0.2, 0.2, 0.2, 0.2, 0.2, 0.2, 0.2, 0.2, 0.2, 0.2, 0.2, 0.2, 0.2, 0.2, 0.2, 0.2, 0.2, 0.2, 0.2, 0.2, 0.2, 0.2, 0.2, 0.2, 0.2, 0.2, 0.2, 0.2, 0.2, 0.2, 0.2, 0.2, 0.192, 0.184, 0.176, 0.168, 0.16, 0.152, 0.152, 0.152, 0.152, 0.152, 0.152, 0.152, 0.152, 0.152, 0.152, 0.152, 0.152, 0.152, 0.152, 0.152]",None,None,"['left', 'left']","[0.683884899946861, 1.5079350000014529]","[0.28000520006753504, 0.10395319992676377]",up,1.827936299960129,None,1235.6686199000105,1235.6835563000059,1235.9335753999185,1235.917033399921,1235.917429300025,1235.9335753999185,,1236.9343138999538,,1236.9173622999806,1,1,1235.9335753999185,1236.9343138999538,,,,,,,,,,,,,,,,,,,,,202603,,B,2026-07-22_11h27.17.442,valence_final_v2,2024.2.4,60,2026-07-22 11h27.28.654970 -0600,
38,38,0,3,1,flat_comp,117,3.9,0.38,3.0,0.204,flat,flat_curv,0.2,-0.2,-0.38,rew,input_data/stims/Shape_3.90_3.00.png,input_data/stims/Shape_4.00_2.00.png,input_data/stims/Shape_0.00_2.00.png,1,-1,1.0,1.0,1,None,,,up,0.7307827000040561,None,None,None,"['right', 'left']","[0.2761121999938041, 0.4282193999970332]","[0.13615939998999238, 1.039924900047481]",up,1.524149600067176,None,4,0,4,0,0,38,38,37,1236.9343138999538,,,,,,,,,,,,,,,,,1236.9179600999923,0.000601199921220541,1238.0014863000251,1238.00187129993,1238.0178259999957,1239.017800899921,1239.0012164999498,1239.0016331999796,0.00042860000394284725,1240.3855542999227,1240.3868155999808,1240.4014758999692,1240.4014758999692,1240.4014758999692,1240.4014758999692,1240.4014758999692,1240.4014758999692,1240.4014758999692,1241.9354055000003,"[0.204, 0.204, 0.204, 0.204, 0.204, 0.204, 0.204, 0.204, 0.204, 0.204, 0.204, 0.204, 0.204, 0.204, 0.204, 0.204, 0.204, 0.204, 0.212, 0.22, 0.228, 0.236, 0.244, 0.252, 0.26, 0.268, 0.268, 0.26, 0.252, 0.244, 0.236, 0.228, 0.22, 0.212, 0.204, 0.196, 0.188, 0.18, 0.172, 0.164, 0.156, 0.148, 0.14, 0.132, 0.124, 0.116, 0.108, 0.1, 0.092, 0.084, 0.076, 0.068, 0.06, 0.052, 0.044, 0.036, 0.028, 0.02, 0.012, 0.004, -0.004, -0.012, -0.02, -0.028, -0.036, -0.044, -0.052, -0.06, -0.068, -0.076, -0.084, -0.092, -0.1, -0.108, -0.116, -0.124, -0.132, -0.14, -0.148, -0.156, -0.164, -0.172, -0.18, -0.188, -0.196, -0.204, -0.212, -0.22, -0.228, -0.236, -0.236, -0.236, -0.236, -0.236]",None,None,"['right', 'left']","[0.2761121999938041, 0.4282193999970332]","[0.13615939998999238, 1.039924900047481]",up,1.524149600067176,None,1241.935785699985,1241.9511674999958,1242.2011334999697,1242.1846763999201,1242.185058999923,1242.2011334999697,1242.2011334999697,1243.2012208999367,1243.2012208999367,1243.1846459999215,1,3,,,,,,,,,,,,,,,,,,,,,,,202603,,B,2026-07-22_11h27.17.442,valence_final_v2,2024.2.4,60,2026-07-22 11h27.28.654970 -0600,
39,39,0,3,1,flat_comp,86,1.7,-0.06,3.0,0.296,curv,curv_flat,0.2,0.2,-0.06,pen,input_data/stims/Shape_1.70_3.00.png,input_data/stims/Shape_0.00_2.00.png,input_data/stims/Shape_4.00_2.00.png,-1,1,1.0,1.0,-1,None,,,up,0.7307827000040561,None,None,None,['left'],[0.4253618000075221],[0.25586849998217076],up,0.9454411000479013,None,4,0,4,0,0,39,39,6,1243.2012208999367,,,,,,,,,,,,,,,,,1243.1852590999333,0.0006159000331535935,1244.1695023999782,1244.170011500013,1244.18460649997,1245.1845897999592,1245.1681070999475,1245.1685327999294,0.0004381999606266618,1246.4528553999262,1246.4544873000123,1246.4683713000268,1246.4683713000268,1246.4683713000268,1246.4683713000268,1246.4683713000268,1246.4683713000268,1246.4683713000268,1247.419450599933,"[0.296, 0.296, 0.296, 0.296, 0.296, 0.296, 0.296, 0.296, 0.296, 0.296, 0.296, 0.296, 0.296, 0.296, 0.296, 0.296, 0.296, 0.296, 0.296, 0.296, 0.296, 0.296, 0.296, 0.296, 0.296, 0.296, 0.296, 0.288, 0.28, 0.272, 0.264, 0.256, 0.248, 0.24, 0.232, 0.224, 0.216, 0.208, 0.2, 0.192, 0.184, 0.176, 0.176, 0.176, 0.176, 0.176, 0.176, 0.176, 0.176, 0.176, 0.176, 0.176, 0.176, 0.176, 0.176, 0.176, 0.176, 0.176, 0.176]",None,None,['left'],[0.4253618000075221],[0.25586849998217076],up,0.9454411000479013,None,1247.4198353999527,1247.4350451999344,1247.6850775999483,1247.6685658999486,1247.668947899947,1247.6850775999483,,1248.683802900021,,1248.6673878999427,1,1,1247.6850775999483,1248.683802900021,,,,,,,,,,,,,,,,,,,,,202603,,B,2026-07-22_11h27.17.442,valence_final_v2,2024.2.4,60,2026-07-22 11h27.28.654970 -0600,
0,0,0,2,1,curv_comp,65,1.5,-0.1,1.0,-0.272,flat,flat_curv,-0.2,0.2,0.1,rew,input_data/stims/Shape_1.50_1.00.png,input_data/stims/Shape_4.00_2.00.png,input_data/stims/Shape_0.00_2.00.png,1,-1,-1.0,-1.0,1,None,,,up,3.2517405999824405,None,None,None,"['left', 'right']","[0.5948637999827042, 0.8829557000426576]","[0.20812810002826154, 1.25600559997838]",up,2.1389613000210375,None,5,0,5,0,0,0,0,25,1255.5340028000064,,1252.2176302999724,,,,1252.2176583999535,None,,,1252.2201507999562,1252.2339155999944,1252.2339155999944,1255.5009495000122,up,3.2517405999824405,None,1255.527271399973,0.026314400020055473,1256.4109916000161,1256.4115439000307,1256.4173839000287,1257.417386499932,1257.400913199992,1257.4013268999988,0.0004268999909982085,1258.8349757000105,1258.8362330999225,1258.85079019994,1258.85079019994,1258.85079019994,1258.85079019994,1258.85079019994,1258.85079019994,1258.85079019994,1261.002044999972,"[-0.272, -0.272, -0.272, -0.272, -0.272, -0.272, -0.272, -0.272, -0.272, -0.272, -0.272, -0.272, -0.272, -0.272, -0.272, -0.272, -0.272, -0.272, -0.272, -0.272, -0.272, -0.272, -0.272, -0.272, -0.272, -0.272, -0.272, -0.272, -0.272, -0.272, -0.272, -0.272, -0.272, -0.272, -0.272, -0.272, -0.272, -0.28, -0.288, -0.296, -0.304, -0.312, -0.32, -0.328, -0.336, -0.344, -0.352, -0.36, -0.368, -0.376, -0.376, -0.376, -0.376, -0.376, -0.368, -0.36, -0.352, -0.344, -0.336, -0.328, -0.32, -0.312, -0.304, -0.296, -0.288, -0.28, -0.272, -0.264, -0.256, -0.248, -0.24, -0.232, -0.224, -0.216, -0.208, -0.2, -0.192, -0.184, -0.176, -0.168, -0.16, -0.152, -0.144, -0.136, -0.128, -0.12, -0.112, -0.104, -0.096, -0.088, -0.08, -0.072, -0.064, -0.056, -0.048, -0.04, -0.032, -0.024, -0.016, -0.008, 0.0, 0.008, 0.016, 0.024, 0.032, 0.04, 0.048, 0.056, 0.064, 0.072, 0.08, 0.088, 0.096, 0.104, 0.112, 0.12, 0.128, 0.136, 0.144, 0.152, 0.16, 0.168, 0.176, 0.184, 0.192, 0.2, 0.208, 0.216, 0.224, 0.232, 0.232]",None,None,"['left', 'right']","[0.5948637999827042, 0.8829557000426576]","[0.20812810002826154, 1.25600559997838]",up,2.1389613000210375,None,1261.002451899927,1261.017556799925,1261.2675160999643,1261.251030699932,1261.251409700024,1261.2675160999643,,1262.267528599943,,1262.251087600016,0,-1,,,1261.2675160999643,1262.267528599943,,,1248.6813289999263,1248.683802900021,1248.683802900021,1252.2175146000227,48,8,up,3.5218265999574214,None,,,,,,,,202603,,B,2026-07-22_11h27.17.442,valence_final_v2,2024.2.4,60,2026-07-22 11h27.28.654970 -0600,
1,1,0,2,1,curv_comp,67,1.7,-0.06,3.0,-0.356,flat,flat_curv,-0.2,0.2,0.06,rew,input_data/stims/Shape_1.70_3.00.png,input_data/stims/Shape_4.00_2.00.png,input_data/stims/Shape_0.00_2.00.png,1,-1,-1.0,1.0,1,None,,,up,3.2517405999824405,None,None,None,['right'],[0.4853321999544278],[1.1361109000863507],up,1.6214431000407785,None,5,0,5,0,0,1,1,27,1262.267528599943,,,,,,,,,,,,,,,,,1262.2517231999664,0.0006394000956788659,1263.185473099933,1263.1858563999413,1263.2008972999174,1264.2009134999244,1264.184382300009,1264.1848086999962,0.00043919996824115515,1265.5696455999278,1265.5709354999708,1265.5842950999504,1265.5842950999504,1265.5842950999504,1265.5842950999504,1265.5842950999504,1265.5842950999504,1265.5842950999504,1267.2189469999867,"[-0.356, -0.356, -0.356, -0.356, -0.356, -0.356, -0.356, -0.356, -0.356, -0.356, -0.356, -0.356, -0.356, -0.356, -0.356, -0.356, -0.356, -0.356, -0.356, -0.356, -0.356, -0.356, -0.356, -0.356, -0.356, -0.356, -0.356, -0.356, -0.356, -0.356, -0.356, -0.348, -0.34, -0.332, -0.324, -0.316, -0.308, -0.3, -0.292, -0.284, -0.276, -0.268, -0.26, -0.252, -0.244, -0.236, -0.228, -0.22, -0.212, -0.204, -0.196, -0.188, -0.18, -0.172, -0.164, -0.156, -0.148, -0.14, -0.132, -0.124, -0.116, -0.108, -0.1, -0.092, -0.084, -0.076, -0.068, -0.06, -0.052, -0.044, -0.036, -0.028, -0.02, -0.012, -0.004, 0.004, 0.012, 0.02, 0.028, 0.036, 0.044, 0.052, 0.06, 0.068, 0.076, 0.084, 0.092, 0.1, 0.108, 0.116, 0.124, 0.132, 0.14, 0.148, 0.156, 0.164, 0.172, 0.18, 0.188, 0.188]",None,None,['right'],[0.4853321999544278],[1.1361109000863507],up,1.6214431000407785,None,1267.2193449999904,1267.2343302000081,1267.4843383999541,1267.467805400025,1267.4681852000067,1267.4843383999541,1267.4843383999541,1268.4843623000197,1268.4843623000197,1268.467934199958,1,3,,,,,,,,,,,,,,,,,,,,,,,202603,,B,2026-07-22_11h27.17.442,valence_final_v2,2024.2.4,60,2026-07-22 11h27.28.654970 -0600,
2,2,0,2,1,curv_comp,77,2.7,0.14,1.0,-0.204,flat,flat_curv,-0.2,0.2,-0.14,rew,input_data/stims/Shape_2.70_1.00.png,input_data/stims/Shape_4.00_2.00.png,input_data/stims/Shape_0.00_2.00.png,1,-1,-1.0,-1.0,1,None,,,up,3.2517405999824405,None,None,None,['right'],[0.40265210007783026],[0.8398230999009684],up,1.562529499991797,None,5,0,5,0,0,2,2,37,1268.4843623000197,,,,,,,,,,,,,,,,,1268.468534899992,0.0006037999410182238,1269.3530086999526,1269.3536539999768,1269.3677509999834,1270.367783499998,1270.3513024999993,1270.3517291999888,0.0004385999636724591,1271.8361108999234,1271.8374661999987,1271.8511563999346,1271.8511563999346,1271.8511563999346,1271.8511563999346,1271.8511563999346,1271.8511563999346,1271.8511563999346,1273.4188739999663,"[-0.204, -0.204, -0.204, -0.204, -0.204, -0.204, -0.204, -0.204, -0.204, -0.204, -0.204, -0.204, -0.204, -0.204, -0.204, -0.204, -0.204, -0.204, -0.204, -0.204, -0.204, -0.204, -0.204, -0.204, -0.204, -0.204, -0.196, -0.188, -0.18, -0.172, -0.164, -0.156, -0.148, -0.14, -0.132, -0.124, -0.116, -0.108, -0.1, -0.092, -0.084, -0.076, -0.068, -0.06, -0.052, -0.044, -0.036, -0.028, -0.02, -0.012, -0.004, 0.004, 0.012, 0.02, 0.028, 0.036, 0.044, 0.052, 0.06, 0.068, 0.076, 0.084, 0.092, 0.1, 0.108, 0.116, 0.124, 0.132, 0.14, 0.148, 0.156, 0.164, 0.172, 0.18, 0.188, 0.196, 0.196, 0.196, 0.196, 0.196, 0.196, 0.196, 0.196, 0.196, 0.196, 0.196, 0.196, 0.196, 0.196, 0.196, 0.196, 0.196, 0.196, 0.196, 0.196, 0.196]",None,None,['right'],[0.40265210007783026],[0.8398230999009684],up,1.562529499991797,None,1273.419281099923,1273.4345149999717,1273.6845128999557,1273.6680573999183,1273.6684363000095,1273.6845128999557,1273.6845128999557,1274.6845500000054,1274.6845500000054,1274.6681130999932,1,3,,,,,,,,,,,,,,,,,,,,,,,202603,,B,2026-07-22_11h27.17.442,valence_final_v2,2024.2.4,60,2026-07-22 11h27.28.654970 -0600,
3,3,0,2,1,curv_comp,64,1.5,-0.1,3.0,0.292,flat,curv_flat,-0.2,-0.2,-0.1,rew,input_data/stims/Shape_1.50_3.00.png,input_data/stims/Shape_0.00_2.00.png,input_data/stims/Shape_4.00_2.00.png,1,1,1.0,1.0,1,None,,,up,3.2517405999824405,None,None,None,"['right', 'left', 'right']","[0.4523814000422135, 0.5963042000075802, 2.068286000052467]","[0.12004549999255687, 1.1680285000475124, 0.15204620000440627]",up,2.404294900014065,None,5,0,5,0,0,3,3,24,1274.6845500000054,,,,,,,,,,,,,,,,,1274.6687498999527,0.0006398999830707908,1275.702305099927,1275.7027242999757,1275.7179400000023,1276.7179424000205,1276.7014595000073,1276.7018800999504,0.00043120002374053,1277.9856770000188,1277.9869362999452,1278.0013384999475,1278.0013384999475,1278.0013384999475,1278.0013384999475,1278.0013384999475,1278.0013384999475,1278.0013384999475,1280.4190805000253,"[0.292, 0.292, 0.292, 0.292, 0.292, 0.292, 0.292, 0.292, 0.292, 0.292, 0.292, 0.292, 0.292, 0.292, 0.292, 0.292, 0.292, 0.292, 0.292, 0.292, 0.292, 0.292, 0.292, 0.292, 0.292, 0.292, 0.292, 0.292, 0.292, 0.3, 0.308, 0.316, 0.324, 0.332, 0.34, 0.348, 0.348, 0.34, 0.332, 0.324, 0.316, 0.308, 0.3, 0.292, 0.284, 0.276, 0.268, 0.26, 0.252, 0.244, 0.236, 0.228, 0.22, 0.212, 0.204, 0.196, 0.188, 0.18, 0.172, 0.164, 0.156, 0.148, 0.14, 0.132, 0.124, 0.116, 0.108, 0.1, 0.092, 0.084, 0.076, 0.068, 0.06, 0.052, 0.044, 0.036, 0.028, 0.02, 0.012, 0.004, -0.004, -0.012, -0.02, -0.028, -0.036, -0.044, -0.052, -0.06, -0.068, -0.076, -0.084, -0.092, -0.1, -0.108, -0.116, -0.124, -0.132, -0.14, -0.148, -0.156, -0.164, -0.172, -0.18, -0.188, -0.196, -0.204, -0.212, -0.212, -0.212, -0.212, -0.212, -0.212, -0.212, -0.212, -0.212, -0.212, -0.212, -0.212, -0.212, -0.212, -0.212, -0.212, -0.212, -0.212, -0.212, -0.212, -0.204, -0.196, -0.188, -0.18, -0.172, -0.164, -0.156, -0.148, -0.14, -0.14, -0.14, -0.14, -0.14, -0.14, -0.14, -0.14, -0.14, -0.14, -0.14, -0.14, -0.14]",None,None,"['right', 'left', 'right']","[0.4523814000422135, 0.5963042000075802, 2.068286000052467]","[0.12004549999255687, 1.1680285000475124, 0.15204620000440627]",up,2.404294900014065,None,1280.4195372000104,1280.4347195000155,1280.6847293999745,1280.6682466999628,1280.6686382999178,1280.6847293999745,1280.6847293999745,1281.6847399999388,1281.6847399999388,1281.6682956999866,1,3,,,,,,,,,,,,,,,,,,,,,,,202603,,B,2026-07-22_11h27.17.442,valence_final_v2,2024.2.4,60,2026-07-22 11h27.28.654970 -0600,
4,4,0,2,1,curv_comp,62,1.3,-0.14,3.0,-0.204,flat,curv_flat,-0.2,-0.2,-0.14,rew,input_data/stims/Shape_1.30_3.00.png,input_data/stims/Shape_0.00_2.00.png,input_data/stims/Shape_4.00_2.00.png,1,1,-1.0,1.0,1,None,,,up,3.2517405999824405,None,None,None,['left'],[0.5241397999925539],[0.11196790006943047],up,0.8201844000723213,None,5,0,5,0,0,4,4,22,1281.6847399999388,,,,,,,,,,,,,,,,,1281.6688844999298,0.0005919999675825238,1282.5539029999636,1282.5542983999476,1282.5681142000249,1283.5681344999466,1283.5516586999875,1283.5520864999853,0.0004387999651953578,1284.9862784999423,1284.9875760999275,1285.001522699953,1285.001522699953,1285.001522699953,1285.001522699953,1285.001522699953,1285.001522699953,1285.001522699953,1285.8358298999956,"[-0.204, -0.204, -0.204, -0.204, -0.204, -0.204, -0.204, -0.204, -0.204, -0.204, -0.204, -0.204, -0.204, -0.204, -0.204, -0.204, -0.204, -0.204, -0.204, -0.204, -0.204, -0.204, -0.204, -0.204, -0.204, -0.204, -0.204, -0.204, -0.204, -0.204, -0.204, -0.204, -0.204, -0.212, -0.22, -0.228, -0.236, -0.244, -0.252, -0.26, -0.26, -0.26, -0.26, -0.26, -0.26, -0.26, -0.26, -0.26, -0.26, -0.26, -0.26, -0.26]",None,None,['left'],[0.5241397999925539],[0.11196790006943047],up,0.8201844000723213,None,1285.836199500016,1285.8515372999245,1286.1015436999733,1286.0850095999194,1286.0853907000273,1286.1015436999733,,1287.1015807000222,,1287.085073199938,0,-1,,,1286.1015436999733,1287.1015807000222,,,,,,,,,,,,,,,,,,,202603,,B,2026-07-22_11h27.17.442,valence_final_v2,2024.2.4,60,2026-07-22 11h27.28.654970 -0600,
5,5,0,2,1,curv_comp,43,0.1,-0.38,3.0,-0.212,curv,flat_curv,-0.2,0.2,0.38,pen,input_data/stims/Shape_0.10_3.00.png,input_data/stims/Shape_4.00_2.00.png,input_data/stims/Shape_0.00_2.00.png,-1,-1,-1.0,1.0,-1,None,,,up,3.2517405999824405,None,None,None,"['left', 'right']","[0.3033644000533968, 0.48728320002555847]","[0.18391879997216165, 1.0799629000248387]",up,1.7273362000705674,None,5,0,5,0,0,5,5,3,1287.1015807000222,,,,,,,,,,,,,,,,,1287.0856726999627,0.0006031000521034002,1288.069329299964,1288.069793200004,1288.0849515999435,1289.0849735999946,1289.0684880999615,1289.0689175999723,0.0004409000976011157,1290.5037318000104,1290.5055644999957,1290.5183510999195,1290.5183510999195,1290.5183510999195,1290.5183510999195,1290.5183510999195,1290.5183510999195,1290.5183510999195,1292.2527123999316,"[-0.212, -0.212, -0.212, -0.212, -0.212, -0.212, -0.212, -0.212, -0.212, -0.212, -0.212, -0.212, -0.212, -0.212, -0.212, -0.212, -0.212, -0.212, -0.212, -0.212, -0.22, -0.228, -0.236, -0.244, -0.252, -0.26, -0.268, -0.276, -0.284, -0.292, -0.3, -0.292, -0.284, -0.276, -0.268, -0.26, -0.252, -0.244, -0.236, -0.228, -0.22, -0.212, -0.204, -0.196, -0.188, -0.18, -0.172, -0.164, -0.156, -0.148, -0.14, -0.132, -0.124, -0.116, -0.108, -0.1, -0.092, -0.084, -0.076, -0.068, -0.06, -0.052, -0.044, -0.036, -0.028, -0.02, -0.012, -0.004, 0.004, 0.012, 0.02, 0.028, 0.036, 0.044, 0.052, 0.06, 0.068, 0.076, 0.084, 0.092, 0.1, 0.108, 0.116, 0.124, 0.132, 0.14, 0.148, 0.156, 0.164, 0.172, 0.18, 0.188, 0.196, 0.204, 0.212, 0.22, 0.22, 0.22, 0.22, 0.22, 0.22, 0.22, 0.22, 0.22, 0.22, 0.22]",None,None,"['left', 'right']","[0.3033644000533968, 0.48728320002555847]","[0.18391879997216165, 1.0799629000248387]",up,1.7273362000705674,None,1292.2531230000313,1292.2684133999282,1292.5184167999541,1292.5019624999259,1292.502357600024,1292.5184167999541,,1293.5185414999723,,1293.5020356000168,1,1,1292.5184167999541,1293.5185414999723,,,,,,,,,,,,,,,,,,,,,202603,,B,2026-07-22_11h27.17.442,valence_final_v2,2024.2.4,60,2026-07-22 11h27.28.654970 -0600,
6,6,0,2,1,curv_comp,76,2.7,0.14,1.0,0.316,flat,curv_flat,-0.2,-0.2,0.14,rew,input_data/stims/Shape_2.70_1.00.png,input_data/stims/Shape_0.00_2.00.png,input_data/stims/Shape_4.00_2.00.png,1,1,1.0,-1.0,1,None,,,up,3.2517405999824405,None,None,None,"['right', 'left']","[0.37161330005619675, 0.5638229000614956]","[0.19220960000529885, 1.1439644999336451]",up,1.9315976001089439,None,5,0,5,0,0,6,6,36,1293.5185414999723,,,,,,,,,,,,,,,,,1293.5026483000256,0.0006151000270619988,1294.4872709999327,1294.4876736999722,1294.5019062999636,1295.5019231999759,1295.4855996000115,1295.4860375999706,0.0004517999477684498,1296.7705261999508,1296.7718138999771,1296.7860340999905,1296.7860340999905,1296.7860340999905,1296.7860340999905,1296.7860340999905,1296.7860340999905,1296.7860340999905,1298.71984289994,"[0.316, 0.316, 0.316, 0.316, 0.316, 0.316, 0.316, 0.316, 0.316, 0.316, 0.316, 0.316, 0.316, 0.316, 0.316, 0.316, 0.316, 0.316, 0.316, 0.316, 0.316, 0.316, 0.316, 0.316, 0.324, 0.332, 0.34, 0.348, 0.356, 0.364, 0.372, 0.38, 0.388, 0.396, 0.396, 0.388, 0.38, 0.372, 0.364, 0.356, 0.348, 0.34, 0.332, 0.324, 0.316, 0.308, 0.3, 0.292, 0.284, 0.276, 0.268, 0.26, 0.252, 0.244, 0.236, 0.228, 0.22, 0.212, 0.204, 0.196, 0.188, 0.18, 0.172, 0.164, 0.156, 0.148, 0.14, 0.132, 0.124, 0.116, 0.108, 0.1, 0.092, 0.084, 0.076, 0.068, 0.06, 0.052, 0.044, 0.036, 0.028, 0.02, 0.012, 0.004, -0.004, -0.012, -0.02, -0.028, -0.036, -0.044, -0.052, -0.06, -0.068, -0.076, -0.084, -0.092, -0.1, -0.108, -0.116, -0.124, -0.132, -0.14, -0.148, -0.156, -0.156, -0.156, -0.156, -0.156, -0.156, -0.156, -0.156, -0.156, -0.156, -0.156, -0.156, -0.156, -0.156, -0.156]",None,None,"['right', 'left']","[0.37161330005619675, 0.5638229000614956]","[0.19220960000529885, 1.1439644999336451]",up,1.9315976001089439,None,1298.7203081999905,1298.7352576999692,1298.9852608999936,1298.9687746999552,1298.9691580999643,1298.9852608999936,1298.9852608999936,1299.9852633000119,1299.9852633000119,1299.9688237999799,1,3,,,,,,,,,,,,,,,,,,,,,,,202603,,B,2026-07-22_11h27.17.442,valence_final_v2,2024.2.4,60,2026-07-22 11h27.28.654970 -0600,
7,7,0,2,1,curv_comp,79,2.9,0.18,1.0,0.12,flat,flat_curv,-0.2,0.2,-0.18,rew,input_data/stims/Shape_2.90_1.00.png,input_data/stims/Shape_4.00_2.00.png,input_data/stims/Shape_0.00_2.00.png,1,-1,-1.0,-1.0,1,None,,,up,3.2517405999824405,None,None,None,"['left', 'right']","[0.5376701999921352, 0.953634100034833]","[0.20799560006707907, 0.23196929995901883]",up,1.3775854000123218,None,5,0,5,0,0,7,7,39,1299.9852633000119,,,,,,,,,,,,,,,,,1299.9694224999985,0.0005997999105602503,1301.003320800024,1301.0037152000004,1301.0186635999708,1302.0186742999358,1302.0021915999241,1302.0026135999942,0.0004325999179854989,1303.437243100023,1303.4385402000044,1303.4520441999193,1303.4520441999193,1303.4520441999193,1303.4520441999193,1303.4520441999193,1303.4520441999193,1303.4520441999193,1304.8364106999943,"[0.12, 0.12, 0.12, 0.12, 0.12, 0.12, 0.12, 0.12, 0.12, 0.12, 0.12, 0.12, 0.12, 0.12, 0.12, 0.12, 0.12, 0.12, 0.12, 0.12, 0.12, 0.12, 0.12, 0.12, 0.12, 0.12, 0.12, 0.12, 0.12, 0.12, 0.12, 0.12, 0.12, 0.12, 0.112, 0.104, 0.096, 0.088, 0.08, 0.072, 0.064, 0.056, 0.048, 0.04, 0.032, 0.024, 0.024, 0.024, 0.024, 0.024, 0.024, 0.024, 0.024, 0.024, 0.024, 0.024, 0.024, 0.024, 0.024, 0.032, 0.04, 0.048, 0.056, 0.064, 0.072, 0.08, 0.088, 0.096, 0.104, 0.112, 0.12, 0.128, 0.136, 0.136, 0.136, 0.136, 0.136, 0.136, 0.136, 0.136, 0.136, 0.136, 0.136, 0.136, 0.136]",None,None,"['left', 'right']","[0.5376701999921352, 0.953634100034833]","[0.20799560006707907, 0.23196929995901883]",up,1.3775854000123218,None,1304.8367983999196,1304.8521008000243,1305.1021135000046,1305.0855549999978,1305.0859433999285,1305.1021135000046,1305.1021135000046,1306.1021282000002,1306.1021282000002,1306.0856081999373,1,3,,,,,,,,,,,,,,,,,,,,,,,202603,,B,2026-07-22_11h27.17.442,valence_final_v2,2024.2.4,60,2026-07-22 11h27.28.654970 -0600,
8,8,0,2,1,curv_comp,45,0.3,-0.34,1.0,-0.248,curv,flat_curv,-0.2,0.2,0.34,pen,input_data/stims/Shape_0.30_1.00.png,input_data/stims/Shape_4.00_2.00.png,input_data/stims/Shape_0.00_2.00.png,-1,-1,-1.0,-1.0,-1,None,,,up,3.2517405999824405,None,None,None,"['right', 'left', 'right']","[0.31483779998961836, 0.42677500005811453, 0.5628074000123888]","[0.08792010007891804, 0.16801119991578162, 1.0479301000013947]",up,1.7147955000400543,None,5,0,5,0,0,8,8,5,1306.1021282000002,,,,,,,,,,,,,,,,,1306.0862189999316,0.0006154000293463469,1307.1707138000056,1307.171413199976,1307.1854838000145,1308.1855158000253,1308.1690281999763,1308.1694407999748,0.00042290007695555687,1309.6036636999343,1309.6049276000122,1309.6189081999473,1309.6189081999473,1309.6189081999473,1309.6189081999473,1309.6189081999473,1309.6189081999473,1309.6189081999473,1311.336586899939,"[-0.248, -0.248, -0.248, -0.248, -0.248, -0.248, -0.248, -0.248, -0.248, -0.248, -0.248, -0.248, -0.248, -0.248, -0.248, -0.248, -0.248, -0.248, -0.248, -0.248, -0.24, -0.232, -0.224, -0.216, -0.208, -0.2, -0.2, -0.208, -0.216, -0.224, -0.232, -0.24, -0.248, -0.256, -0.264, -0.264, -0.264, -0.256, -0.248, -0.24, -0.232, -0.224, -0.216, -0.208, -0.2, -0.192, -0.184, -0.176, -0.168, -0.16, -0.152, -0.144, -0.136, -0.128, -0.12, -0.112, -0.104, -0.096, -0.088, -0.08, -0.072, -0.064, -0.056, -0.048, -0.04, -0.032, -0.024, -0.016, -0.008, 0.0, 0.008, 0.016, 0.024, 0.032, 0.04, 0.048, 0.056, 0.064, 0.072, 0.08, 0.088, 0.096, 0.104, 0.112, 0.12, 0.128, 0.136, 0.144, 0.152, 0.16, 0.168, 0.176, 0.184, 0.192, 0.2, 0.208, 0.216, 0.224, 0.224, 0.224, 0.224, 0.224, 0.224, 0.224, 0.224]",None,None,"['right', 'left', 'right']","[0.31483779998961836, 0.42677500005811453, 0.5628074000123888]","[0.08792010007891804, 0.16801119991578162, 1.0479301000013947]",up,1.7147955000400543,None,1311.3369902999839,1311.3523036999395,1311.6022955999942,1311.5857324999524,1311.5861080000177,1311.6022955999942,,1312.6022949999897,,1312.5857988999924,1,1,1311.6022955999942,1312.6022949999897,,,,,,,,,,,,,,,,,,,,,202603,,B,2026-07-22_11h27.17.442,valence_final_v2,2024.2.4,60,2026-07-22 11h27.28.654970 -0600,
9,9,0,2,1,curv_comp,73,2.3,0.06,3.0,-0.356,flat,flat_curv,-0.2,0.2,-0.06,rew,input_data/stims/Shape_2.30_3.00.png,input_data/stims/Shape_4.00_2.00.png,input_data/stims/Shape_0.00_2.00.png,1,-1,-1.0,1.0,1,None,,,up,3.2517405999824405,None,None,None,['right'],[0.41066460008732975],[0.9599710999755189],up,1.3865458000218496,None,5,0,5,0,0,9,9,33,1312.6022949999897,,,,,,,,,,,,,,,,,1312.5863885999424,0.0005922999698668718,1313.5214277999476,1313.521810999955,1313.5356778999558,1314.535692699952,1314.5192158999853,1314.5196321000112,0.0004276999970898032,1316.003845899948,1316.0050772000104,1316.0190825000172,1316.0190825000172,1316.0190825000172,1316.0190825000172,1316.0190825000172,1316.0190825000172,1316.0190825000172,1317.4200757999206,"[-0.356, -0.356, -0.356, -0.356, -0.356, -0.356, -0.356, -0.356, -0.356, -0.356, -0.356, -0.356, -0.356, -0.356, -0.356, -0.356, -0.356, -0.356, -0.356, -0.356, -0.356, -0.356, -0.356, -0.356, -0.356, -0.356, -0.348, -0.34, -0.332, -0.324, -0.316, -0.308, -0.3, -0.292, -0.284, -0.276, -0.268, -0.26, -0.252, -0.244, -0.236, -0.228, -0.22, -0.212, -0.204, -0.196, -0.188, -0.18, -0.172, -0.164, -0.156, -0.148, -0.14, -0.132, -0.124, -0.116, -0.108, -0.1, -0.092, -0.084, -0.076, -0.068, -0.06, -0.052, -0.044, -0.036, -0.028, -0.02, -0.012, -0.004, 0.004, 0.012, 0.02, 0.028, 0.036, 0.044, 0.052, 0.06, 0.068, 0.076, 0.084, 0.092, 0.1, 0.108, 0.108, 0.108]",None,None,['right'],[0.41066460008732975],[0.9599710999755189],up,1.3865458000218496,None,1317.4204637999646,1317.4357825999614,1317.6857790999347,1317.6693164999597,1317.669693099917,1317.6857790999347,1317.6857790999347,1318.6858032000018,1318.6858032000018,1318.6693696000148,1,3,,,,,,,,,,,,,,,,,,,,,,,202603,,B,2026-07-22_11h27.17.442,valence_final_v2,2024.2.4,60,2026-07-22 11h27.28.654970 -0600,
10,10,0,2,1,curv_comp,78,2.9,0.18,3.0,-0.264,flat,curv_flat,-0.2,-0.2,0.18,rew,input_data/stims/Shape_2.90_3.00.png,input_data/stims/Shape_0.00_2.00.png,input_data/stims/Shape_4.00_2.00.png,1,1,-1.0,1.0,1,None,,,up,3.2517405999824405,None,None,None,['right'],[0.5611260000150651],[0.2799976000096649],up,0.9211672000819817,None,5,0,5,0,0,10,10,38,1318.6858032000018,,,,,,,,,,,,,,,,,1318.669980000006,0.0006120000034570694,1319.7043542999309,1319.7047527999384,1319.7192068999866,1320.7192389999982,1320.7027372999582,1320.70317480003,0.0004488000413402915,1322.0382098000264,1322.039437499945,1322.0525904999813,1322.0525904999813,1322.0525904999813,1322.0525904999813,1322.0525904999813,1322.0525904999813,1322.0525904999813,1322.986903999932,"[-0.264, -0.264, -0.264, -0.264, -0.264, -0.264, -0.264, -0.264, -0.264, -0.264, -0.264, -0.264, -0.264, -0.264, -0.264, -0.264, -0.264, -0.264, -0.264, -0.264, -0.264, -0.264, -0.264, -0.264, -0.264, -0.264, -0.264, -0.264, -0.264, -0.264, -0.264, -0.264, -0.264, -0.264, -0.264, -0.256, -0.248, -0.24, -0.232, -0.224, -0.216, -0.208, -0.2, -0.192, -0.184, -0.176, -0.168, -0.16, -0.152, -0.144, -0.136, -0.128, -0.128, -0.128, -0.128, -0.128, -0.128, -0.128]",None,None,['right'],[0.5611260000150651],[0.2799976000096649],up,0.9211672000819817,None,1322.9872961000074,1323.002621499938,1323.2526100999676,1323.2361348000122,1323.2365180000197,1323.2526100999676,1323.2526100999676,1324.252649599919,1324.252649599919,1324.236186599941,1,3,,,,,,,,,,,,,,,,,,,,,,,202603,,B,2026-07-22_11h27.17.442,valence_final_v2,2024.2.4,60,2026-07-22 11h27.28.654970 -0600,
11,11,0,2,1,curv_comp,70,2.1,0.02,1.0,0.092,flat,curv_flat,-0.2,-0.2,0.02,rew,input_data/stims/Shape_2.10_1.00.png,input_data/stims/Shape_0.00_2.00.png,input_data/stims/Shape_4.00_2.00.png,1,1,1.0,-1.0,1,None,,,up,3.2517405999824405,None,None,None,"['left', 'left']","[0.42429850006010383, 1.2802560001146048]","[0.5919803000288084, 0.11197519989218563]",up,1.656317500048317,None,5,0,5,0,0,11,11,30,1324.252649599919,,,,,,,,,,,,,,,,,1324.2367900999961,0.0006054999539628625,1325.1206301000202,1325.1214119999204,1325.136005999986,1326.136018899968,1326.119565699948,1326.1199930999428,0.00043990008998662233,1327.4545945000136,1327.4558847999433,1327.4694228000008,1327.4694228000008,1327.4694228000008,1327.4694228000008,1327.4694228000008,1327.4694228000008,1327.4694228000008,1329.137199299992,"[0.092, 0.092, 0.092, 0.092, 0.092, 0.092, 0.092, 0.092, 0.092, 0.092, 0.092, 0.092, 0.092, 0.092, 0.092, 0.092, 0.092, 0.092, 0.092, 0.092, 0.092, 0.092, 0.092, 0.092, 0.092, 0.092, 0.092, 0.084, 0.076, 0.068, 0.06, 0.052, 0.044, 0.036, 0.028, 0.02, 0.012, 0.004, -0.004, -0.012, -0.02, -0.028, -0.036, -0.044, -0.052, -0.06, -0.068, -0.076, -0.084, -0.092, -0.1, -0.108, -0.116, -0.124, -0.132, -0.14, -0.148, -0.156, -0.164, -0.172, -0.18, -0.188, -0.188, -0.188, -0.188, -0.188, -0.188, -0.188, -0.188, -0.188, -0.188, -0.188, -0.188, -0.188, -0.188, -0.188, -0.188, -0.188, -0.196, -0.204, -0.212, -0.22, -0.228, -0.236, -0.244, -0.244, -0.244, -0.244, -0.244, -0.244, -0.244, -0.244, -0.244, -0.244, -0.244, -0.244, -0.244, -0.244, -0.244, -0.244, -0.244, -0.244]",None,None,"['left', 'left']","[0.42429850006010383, 1.2802560001146048]","[0.5919803000288084, 0.11197519989218563]",up,1.656317500048317,None,1329.1376280999975,1329.1528057999676,1329.4027813000139,1329.3862692000112,1329.3866563999327,1329.4027813000139,,1330.4028215999715,,1330.3863206999376,0,-1,,,1329.4027813000139,1330.4028215999715,,,,,,,,,,,,,,,,,,,202603,,B,2026-07-22_11h27.17.442,valence_final_v2,2024.2.4,60,2026-07-22 11h27.28.654970 -0600,
12,12,0,2,1,curv_comp,63,1.3,-0.14,3.0,-0.264,flat,flat_curv,-0.2,0.2,0.14,rew,input_data/stims/Shape_1.30_3.00.png,input_data/stims/Shape_4.00_2.00.png,input_data/stims/Shape_0.00_2.00.png,1,-1,-1.0,1.0,1,None,,,up,3.2517405999824405,None,None,None,"['left', 'right']","[0.3561128999572247, 0.5241853999905288]","[0.12806260003708303, 0.9518704999936745]",up,1.5321535000111908,None,5,0,5,0,0,12,12,23,1330.4028215999715,,,,,,,,,,,,,,,,,1330.3869320999365,0.0006148000247776508,1331.4706547999522,1331.4710559999803,1331.4861850999296,1332.4861966000171,1332.4697613000171,1332.4701749000233,0.0004230999620631337,1333.954911399982,1333.9563433999429,1333.9696009999607,1333.9696009999607,1333.9696009999607,1333.9696009999607,1333.9696009999607,1333.9696009999607,1333.9696009999607,1335.5039345999248,"[-0.264, -0.264, -0.264, -0.264, -0.264, -0.264, -0.264, -0.264, -0.264, -0.264, -0.264, -0.264, -0.264, -0.264, -0.264, -0.264, -0.264, -0.264, -0.264, -0.264, -0.264, -0.264, -0.264, -0.272, -0.28, -0.288, -0.296, -0.304, -0.312, -0.32, -0.328, -0.328, -0.328, -0.32, -0.312, -0.304, -0.296, -0.288, -0.28, -0.272, -0.264, -0.256, -0.248, -0.24, -0.232, -0.224, -0.216, -0.208, -0.2, -0.192, -0.184, -0.176, -0.168, -0.16, -0.152, -0.144, -0.136, -0.128, -0.12, -0.112, -0.104, -0.096, -0.088, -0.08, -0.072, -0.064, -0.056, -0.048, -0.04, -0.032, -0.024, -0.016, -0.008, 0.0, 0.008, 0.016, 0.024, 0.032, 0.04, 0.048, 0.056, 0.064, 0.072, 0.08, 0.088, 0.096, 0.104, 0.112, 0.12, 0.128, 0.128, 0.128, 0.128, 0.128]",None,None,"['left', 'right']","[0.3561128999572247, 0.5241853999905288]","[0.12806260003708303, 0.9518704999936745]",up,1.5321535000111908,None,1335.504346499918,1335.5196479000151,1335.7696385999443,1335.7532103999984,1335.7535887999693,1335.7696385999443,1335.7696385999443,1336.76968519995,1336.76968519995,1336.7533223999199,1,3,,,,,,,,,,,,,,,,,,,,,,,202603,,B,2026-07-22_11h27.17.442,valence_final_v2,2024.2.4,60,2026-07-22 11h27.28.654970 -0600,
13,13,0,2,1,curv_comp,55,0.7,-0.26,3.0,-0.14,curv,flat_curv,-0.2,0.2,0.26,pen,input_data/stims/Shape_0.70_3.00.png,input_data/stims/Shape_4.00_2.00.png,input_data/stims/Shape_0.00_2.00.png,-1,-1,-1.0,1.0,-1,None,,,up,3.2517405999824405,None,None,None,['right'],[0.4753218999831006],[0.6399640999734402],up,1.1152859999565408,None,5,0,5,0,0,13,13,15,1336.76968519995,,,,,,,,,,,,,,,,,1336.7539457000094,0.0006267999997362494,1337.6877170000225,1337.68812419998,1337.703041599947,1338.7030648000073,1338.6865049999906,1338.686924199923,0.0004301000153645873,1339.9720749999397,1339.973341099918,1339.986437399988,1339.986437399988,1339.986437399988,1339.986437399988,1339.986437399988,1339.986437399988,1339.986437399988,1341.1044060999993,"[-0.14, -0.14, -0.14, -0.14, -0.14, -0.14, -0.14, -0.14, -0.14, -0.14, -0.14, -0.14, -0.14, -0.14, -0.14, -0.14, -0.14, -0.14, -0.14, -0.14, -0.14, -0.14, -0.14, -0.14, -0.14, -0.14, -0.14, -0.14, -0.14, -0.14, -0.132, -0.124, -0.116, -0.108, -0.1, -0.092, -0.084, -0.076, -0.068, -0.06, -0.052, -0.044, -0.036, -0.028, -0.02, -0.012, -0.004, 0.004, 0.012, 0.02, 0.028, 0.036, 0.044, 0.052, 0.06, 0.068, 0.076, 0.084, 0.092, 0.1, 0.108, 0.116, 0.124, 0.132, 0.14, 0.148, 0.156, 0.164, 0.164]",None,None,['right'],[0.4753218999831006],[0.6399640999734402],up,1.1152859999565408,None,1341.1047851999756,1341.1198095999425,1341.369799899985,1341.353278500028,1341.353673000005,1341.369799899985,,1342.3698410999496,,1342.3533934999723,0,-3,,,,,1341.369799899985,1342.3698410999496,,,,,,,,,,,,,,,,,202603,,B,2026-07-22_11h27.17.442,valence_final_v2,2024.2.4,60,2026-07-22 11h27.28.654970 -0600,
14,14,0,2,1,curv_comp,49,0.5,-0.3,3.0,0.072,curv,flat_curv,-0.2,0.2,0.3,pen,input_data/stims/Shape_0.50_3.00.png,input_data/stims/Shape_4.00_2.00.png,input_data/stims/Shape_0.00_2.00.png,-1,-1,-1.0,1.0,-1,None,,,up,3.2517405999824405,None,None,None,"['right', 'left']","[0.04717409994918853, 0.5831299999263138]","[0.4000041000545025, 0.20004140003584325]",up,0.9591298999730498,None,5,0,5,0,0,14,14,9,1342.3698410999496,,,,,,,,,,,,,,,,,1342.3540008999407,0.0006102999905124307,1343.3888065000065,1343.3895473999437,1343.4031995999394,1344.4032293999335,1344.386717999936,1344.3871419000207,0.0004354999400675297,1345.871982099954,1345.8735147999832,1345.8866092999233,1345.8866092999233,1345.8866092999233,1345.8866092999233,1345.8866092999233,1345.8866092999233,1345.8866092999233,1346.8546428999398,"[0.072, 0.072, 0.072, 0.072, 0.08, 0.088, 0.096, 0.104, 0.112, 0.12, 0.128, 0.136, 0.144, 0.152, 0.16, 0.168, 0.176, 0.184, 0.192, 0.2, 0.208, 0.216, 0.224, 0.232, 0.24, 0.248, 0.256, 0.264, 0.264, 0.264, 0.264, 0.264, 0.264, 0.264, 0.264, 0.264, 0.256, 0.248, 0.24, 0.232, 0.224, 0.216, 0.208, 0.2, 0.192, 0.184, 0.176, 0.168, 0.168, 0.168, 0.168, 0.168, 0.168, 0.168, 0.168, 0.168, 0.168, 0.168, 0.168, 0.168]",None,None,"['right', 'left']","[0.04717409994918853, 0.5831299999263138]","[0.4000041000545025, 0.20004140003584325]",up,0.9591298999730498,None,1346.8550556999398,1346.870100799948,1347.1200907999882,1347.1035472999793,1347.103936300031,1347.1200907999882,,1348.1201044999762,,1348.103633599938,0,-3,,,,,1347.1200907999882,1348.1201044999762,,,,,,,,,,,,,,,,,202603,,B,2026-07-22_11h27.17.442,valence_final_v2,2024.2.4,60,2026-07-22 11h27.28.654970 -0600,
15,15,0,2,1,curv_comp,61,1.1,-0.18,3.0,0.356,flat,flat_curv,-0.2,0.2,0.18,rew,input_data/stims/Shape_1.10_3.00.png,input_data/stims/Shape_4.00_2.00.png,input_data/stims/Shape_0.00_2.00.png,1,-1,1.0,1.0,1,None,,,up,3.2517405999824405,None,None,None,"['right', 'left']","[0.27485649997834116, 0.5388065000297502]","[0.21595600002910942, 0.3920066999271512]",up,1.0987723000580445,None,5,0,5,0,0,15,15,21,1348.1201044999762,,,,,,,,,,,,,,,,,1348.104249099968,0.0006200000643730164,1349.0889736999525,1349.08935559995,1349.1038593000267,1350.103534199996,1350.0873808999313,1350.0878163999878,0.0004469999112188816,1351.5720309999306,1351.573609199957,1351.58692599996,1351.58692599996,1351.58692599996,1351.58692599996,1351.58692599996,1351.58692599996,1351.58692599996,1352.688640599954,"[0.356, 0.356, 0.356, 0.356, 0.356, 0.356, 0.356, 0.356, 0.356, 0.356, 0.356, 0.356, 0.356, 0.356, 0.356, 0.356, 0.356, 0.356, 0.364, 0.372, 0.38, 0.388, 0.396, 0.396, 0.396, 0.396, 0.396, 0.396, 0.396, 0.396, 0.396, 0.396, 0.396, 0.396, 0.388, 0.38, 0.372, 0.364, 0.356, 0.348, 0.34, 0.332, 0.324, 0.316, 0.308, 0.3, 0.292, 0.284, 0.276, 0.268, 0.26, 0.252, 0.244, 0.236, 0.228, 0.22, 0.212, 0.212, 0.212, 0.212, 0.212, 0.212, 0.212, 0.212, 0.212, 0.212, 0.212, 0.212]",None,None,"['right', 'left']","[0.27485649997834116, 0.5388065000297502]","[0.21595600002910942, 0.3920066999271512]",up,1.0987723000580445,None,1352.6890429999912,1352.7043517000275,1352.9542714999989,1352.937918099924,1352.9383016999345,1352.9542714999989,,1353.9543883999577,,1353.9378778999671,0,-1,,,1352.9542714999989,1353.9543883999577,,,,,,,,,,,,,,,,,,,202603,,B,2026-07-22_11h27.17.442,valence_final_v2,2024.2.4,60,2026-07-22 11h27.28.654970 -0600,
16,16,0,2,1,curv_comp,50,0.5,-0.3,1.0,-0.364,curv,curv_flat,-0.2,-0.2,-0.3,pen,input_data/stims/Shape_0.50_1.00.png,input_data/stims/Shape_0.00_2.00.png,input_data/stims/Shape_4.00_2.00.png,-1,1,-1.0,-1.0,-1,None,,,up,3.2517405999824405,None,None,None,None,,,up,0.8357576000271365,None,5,0,5,0,0,16,16,10,1353.9543883999577,,,,,,,,,,,,,,,,,1353.9384856999386,0.0006113999988883734,1355.022094200016,1355.022481199936,1355.0377352000214,1356.0377726999577,1356.0213583000004,1356.021785799996,0.0004392999690026045,1357.5071166999405,1357.5084885000251,1357.521947799949,1357.521947799949,1357.521947799949,1357.521947799949,1357.521947799949,1357.521947799949,1357.521947799949,1358.371320099919,"[-0.364, -0.364, -0.364, -0.364, -0.364, -0.364, -0.364, -0.364, -0.364, -0.364, -0.364, -0.364, -0.364, -0.364, -0.364, -0.364, -0.364, -0.364, -0.364, -0.364, -0.364, -0.364, -0.364, -0.364, -0.364, -0.364, -0.364, -0.364, -0.364, -0.364, -0.364, -0.364, -0.364, -0.364, -0.364, -0.364, -0.364, -0.364, -0.364, -0.364, -0.364, -0.364, -0.364, -0.364, -0.364, -0.364, -0.364, -0.364, -0.364, -0.364, -0.364, -0.364, -0.364]",None,None,None,,,up,0.8357576000271365,None,1358.3716856000246,1358.3869758999208,1358.636950199958,1358.6204472000245,1358.6227108000312,1358.636950199958,,1359.6370020000031,,1359.620515299961,0,-3,,,,,1358.636950199958,1359.6370020000031,,,,,,,,,,,,,,,,,202603,,B,2026-07-22_11h27.17.442,valence_final_v2,2024.2.4,60,2026-07-22 11h27.28.654970 -0600,
17,17,0,2,1,curv_comp,48,0.5,-0.3,3.0,-0.364,curv,curv_flat,-0.2,-0.2,-0.3,pen,input_data/stims/Shape_0.50_3.00.png,input_data/stims/Shape_0.00_2.00.png,input_data/stims/Shape_4.00_2.00.png,-1,1,-1.0,1.0,-1,None,,,up,3.2517405999824405,None,None,None,['right'],[0.4919532999629155],[0.27997719997074455],up,1.1479944000020623,None,5,0,5,0,0,17,17,8,1359.6370020000031,,,,,,,,,,,,,,,,,1359.621129199979,0.0006172000430524349,1360.7061657999875,1360.7065615999745,1360.7203681999817,1361.720400899998,1361.7039760999614,1361.704411100014,0.00044700002763420343,1363.138070599991,1363.1393355999608,1363.1537697999738,1363.1537697999738,1363.1537697999738,1363.1537697999738,1363.1537697999738,1363.1537697999738,1363.1537697999738,1364.3048699999927,"[-0.364, -0.364, -0.364, -0.364, -0.364, -0.364, -0.364, -0.364, -0.364, -0.364, -0.364, -0.364, -0.364, -0.364, -0.364, -0.364, -0.364, -0.364, -0.364, -0.364, -0.364, -0.364, -0.364, -0.364, -0.364, -0.364, -0.364, -0.364, -0.364, -0.364, -0.364, -0.356, -0.348, -0.34, -0.332, -0.324, -0.316, -0.308, -0.3, -0.292, -0.284, -0.276, -0.268, -0.26, -0.252, -0.244, -0.236, -0.228, -0.228, -0.228, -0.228, -0.228, -0.228, -0.228, -0.228, -0.228, -0.228, -0.228, -0.228, -0.228, -0.228, -0.228, -0.228, -0.228, -0.228, -0.228, -0.228, -0.228, -0.228, -0.228, -0.228]",None,None,['right'],[0.4919532999629155],[0.27997719997074455],up,1.1479944000020623,None,1364.305251199985,1364.3204677000176,1364.5704589999514,1364.554008899955,1364.5548872000072,1364.5704589999514,,1365.5704991000239,,1365.5541344999801,1,1,1364.5704589999514,1365.5704991000239,,,,,,,,,,,,,,,,,,,,,202603,,B,2026-07-22_11h27.17.442,valence_final_v2,2024.2.4,60,2026-07-22 11h27.28.654970 -0600,
18,18,0,2,1,curv_comp,41,0.1,-0.38,1.0,-0.216,curv,flat_curv,-0.2,0.2,0.38,pen,input_data/stims/Shape_0.10_1.00.png,input_data/stims/Shape_4.00_2.00.png,input_data/stims/Shape_0.00_2.00.png,-1,-1,-1.0,-1.0,-1,None,,,up,3.2517405999824405,None,None,None,['right'],[0.5365964999655262],[1.0239840999711305],up,1.856528599979356,None,5,0,5,0,0,18,18,1,1365.5704991000239,,,,,,,,,,,,,,,,,1365.5547677000286,0.0006390999769791961,1366.4395446999697,1366.4403529999545,1366.4538793999236,1367.4538784000324,1367.4373830999248,1367.4378065000055,0.0004357999423518777,1368.821582100005,1368.8228157999692,1368.837261299952,1368.837261299952,1368.837261299952,1368.837261299952,1368.837261299952,1368.837261299952,1368.837261299952,1370.7050417999271,"[-0.216, -0.216, -0.216, -0.216, -0.216, -0.216, -0.216, -0.216, -0.216, -0.216, -0.216, -0.216, -0.216, -0.216, -0.216, -0.216, -0.216, -0.216, -0.216, -0.216, -0.216, -0.216, -0.216, -0.216, -0.216, -0.216, -0.216, -0.216, -0.216, -0.216, -0.216, -0.216, -0.216, -0.216, -0.208, -0.2, -0.192, -0.184, -0.176, -0.168, -0.16, -0.152, -0.144, -0.136, -0.128, -0.12, -0.112, -0.104, -0.096, -0.088, -0.08, -0.072, -0.064, -0.056, -0.048, -0.04, -0.032, -0.024, -0.016, -0.008, 0.0, 0.008, 0.016, 0.024, 0.032, 0.04, 0.048, 0.056, 0.064, 0.072, 0.08, 0.088, 0.096, 0.104, 0.112, 0.12, 0.128, 0.136, 0.144, 0.152, 0.16, 0.168, 0.176, 0.184, 0.192, 0.2, 0.208, 0.208, 0.208, 0.208, 0.208, 0.208, 0.208, 0.208, 0.208, 0.208, 0.208, 0.208, 0.208, 0.208, 0.208, 0.208, 0.208, 0.208, 0.208, 0.208]",None,None,['right'],[0.5365964999655262],[1.0239840999711305],up,1.856528599979356,None,1370.705459699966,1370.7206653000321,1370.9706508999225,1370.9541752999648,1370.9545570999617,1370.9706508999225,,1371.970677300007,,1371.9542587000178,1,1,1370.9706508999225,1371.970677300007,,,,,,,,,,,,,,,,,,,,,202603,,B,2026-07-22_11h27.17.442,valence_final_v2,2024.2.4,60,2026-07-22 11h27.28.654970 -0600,
19,19,0,2,1,curv_comp,66,1.7,-0.06,3.0,0.2,flat,curv_flat,-0.2,-0.2,-0.06,rew,input_data/stims/Shape_1.70_3.00.png,input_data/stims/Shape_0.00_2.00.png,input_data/stims/Shape_4.00_2.00.png,1,1,1.0,1.0,1,None,,,up,3.2517405999824405,None,None,None,['left'],[0.5083199999062344],[0.8239393000258133],up,1.532342099933885,None,5,0,5,0,0,19,19,26,1371.970677300007,,,,,,,,,,,,,,,,,1371.954874799936,0.0006210000719875097,1373.0395531000104,1373.0399844999192,1373.0540508999256,1374.0540638000239,1374.0376073999796,1374.0380285999272,0.00043260003440082073,1375.5232414000202,1375.5245136999292,1375.5374600000214,1375.5374600000214,1375.5374600000214,1375.5374600000214,1375.5374600000214,1375.5374600000214,1375.5374600000214,1377.0718910000287,"[0.2, 0.2, 0.2, 0.2, 0.2, 0.2, 0.2, 0.2, 0.2, 0.2, 0.2, 0.2, 0.2, 0.2, 0.2, 0.2, 0.2, 0.2, 0.2, 0.2, 0.2, 0.2, 0.2, 0.2, 0.2, 0.2, 0.2, 0.2, 0.2, 0.2, 0.2, 0.2, 0.192, 0.184, 0.176, 0.168, 0.16, 0.152, 0.144, 0.136, 0.128, 0.12, 0.112, 0.104, 0.096, 0.088, 0.08, 0.072, 0.064, 0.056, 0.048, 0.04, 0.032, 0.024, 0.016, 0.008, 0.0, -0.008, -0.016, -0.024, -0.032, -0.04, -0.048, -0.056, -0.064, -0.072, -0.08, -0.088, -0.096, -0.104, -0.112, -0.12, -0.128, -0.136, -0.144, -0.152, -0.16, -0.168, -0.176, -0.184, -0.192, -0.192, -0.192, -0.192, -0.192, -0.192, -0.192, -0.192, -0.192, -0.192, -0.192, -0.192, -0.192, -0.192]",None,None,['left'],[0.5083199999062344],[0.8239393000258133],up,1.532342099933885,None,1377.0722793999594,1377.0874836000148,1377.3374961999943,1377.3210327000124,1377.3214145000093,1377.3374961999943,1377.3374961999943,1378.3375345999375,1378.3375345999375,1378.3210758999921,1,3,,,,,,,,,,,,,,,,,,,,,,,202603,,B,2026-07-22_11h27.17.442,valence_final_v2,2024.2.4,60,2026-07-22 11h27.28.654970 -0600,
20,20,0,2,1,curv_comp,40,0.1,-0.38,3.0,-0.316,curv,curv_flat,-0.2,-0.2,-0.38,pen,input_data/stims/Shape_0.10_3.00.png,input_data/stims/Shape_0.00_2.00.png,input_data/stims/Shape_4.00_2.00.png,-1,1,-1.0,1.0,-1,None,,,up,3.2517405999824405,None,None,None,"['right', 'left']","[0.5814324000384659, 1.325492599979043]","[0.25599559990223497, 0.08792219997849315]",up,1.6214746000478044,None,5,0,5,0,0,20,20,0,1378.3375345999375,,,,,,,,,,,,,,,,,1378.321683999966,0.0006043000612407923,1379.406072099926,1379.4065402999986,1379.4209010999184,1380.4209273000015,1380.4044874999672,1380.4049221000168,0.0004467000253498554,1381.6897294999799,1381.6912031000247,1381.7042930999305,1381.7042930999305,1381.7042930999305,1381.7042930999305,1381.7042930999305,1381.7042930999305,1381.7042930999305,1383.3386542999651,"[-0.316, -0.316, -0.316, -0.316, -0.316, -0.316, -0.316, -0.316, -0.316, -0.316, -0.316, -0.316, -0.316, -0.316, -0.316, -0.316, -0.316, -0.316, -0.316, -0.316, -0.316, -0.316, -0.316, -0.316, -0.316, -0.316, -0.316, -0.316, -0.316, -0.316, -0.316, -0.316, -0.316, -0.316, -0.316, -0.316, -0.308, -0.3, -0.292, -0.284, -0.276, -0.268, -0.26, -0.252, -0.244, -0.236, -0.228, -0.22, -0.212, -0.204, -0.196, -0.188, -0.188, -0.188, -0.188, -0.188, -0.188, -0.188, -0.188, -0.188, -0.188, -0.188, -0.188, -0.188, -0.188, -0.188, -0.188, -0.188, -0.188, -0.188, -0.188, -0.188, -0.188, -0.188, -0.188, -0.188, -0.188, -0.188, -0.188, -0.188, -0.188, -0.196, -0.204, -0.212, -0.22, -0.228, -0.228, -0.228, -0.228, -0.228, -0.228, -0.228, -0.228, -0.228, -0.228, -0.228, -0.228, -0.228, -0.228, -0.228]",None,None,"['right', 'left']","[0.5814324000384659, 1.325492599979043]","[0.25599559990223497, 0.08792219997849315]",up,1.6214746000478044,None,1383.3390553999925,1383.354353099945,1383.6043302000035,1383.5878586999606,1383.588237799937,1383.6043302000035,,1384.6043703999603,,1384.5879204999655,1,1,1383.6043302000035,1384.6043703999603,,,,,,,,,,,,,,,,,,,,,202603,,B,2026-07-22_11h27.17.442,valence_final_v2,2024.2.4,60,2026-07-22 11h27.28.654970 -0600,
21,21,0,2,1,curv_comp,42,0.1,-0.38,3.0,0.172,curv,curv_flat,-0.2,-0.2,-0.38,pen,input_data/stims/Shape_0.10_3.00.png,input_data/stims/Shape_0.00_2.00.png,input_data/stims/Shape_4.00_2.00.png,-1,1,1.0,1.0,-1,None,,,up,3.2517405999824405,None,None,None,['left'],[0.4026136000175029],[0.8881537000415847],up,1.2907673000590876,None,5,0,5,0,0,21,21,2,1384.6043703999603,,,,,,,,,,,,,,,,,1384.5885499999858,0.0006316000362858176,1385.5724262000294,1385.572811299935,1385.587740899995,1386.5877641999396,1386.5712863999652,1386.5717109999387,0.0004369000671431422,1387.956234299927,1387.9575893,1387.9711529000197,1387.9711529000197,1387.9711529000197,1387.9711529000197,1387.9711529000197,1387.9711529000197,1387.9711529000197,1389.2723797999788,"[0.172, 0.172, 0.172, 0.172, 0.172, 0.172, 0.172, 0.172, 0.172, 0.172, 0.172, 0.172, 0.172, 0.172, 0.172, 0.172, 0.172, 0.172, 0.172, 0.172, 0.172, 0.172, 0.172, 0.172, 0.172, 0.172, 0.164, 0.156, 0.148, 0.14, 0.132, 0.124, 0.116, 0.108, 0.1, 0.092, 0.084, 0.076, 0.068, 0.06, 0.052, 0.044, 0.036, 0.028, 0.02, 0.012, 0.004, -0.004, -0.012, -0.02, -0.028, -0.036, -0.044, -0.052, -0.06, -0.068, -0.076, -0.084, -0.092, -0.1, -0.108, -0.116, -0.124, -0.132, -0.14, -0.148, -0.156, -0.164, -0.172, -0.18, -0.188, -0.196, -0.204, -0.212, -0.22, -0.228, -0.236, -0.244, -0.252, -0.252]",None,None,['left'],[0.4026136000175029],[0.8881537000415847],up,1.2907673000590876,None,1389.2727566999383,1389.2878486999543,1389.5378394,1389.521352599957,1389.5217337999493,1389.5378394,,1390.5378688999917,,1390.5214347,1,1,1389.5378394,1390.5378688999917,,,,,,,,,,,,,,,,,,,,,202603,,B,2026-07-22_11h27.17.442,valence_final_v2,2024.2.4,60,2026-07-22 11h27.28.654970 -0600,
22,22,0,2,1,curv_comp,52,0.7,-0.26,3.0,0.072,curv,curv_flat,-0.2,-0.2,-0.26,pen,input_data/stims/Shape_0.70_3.00.png,input_data/stims/Shape_0.00_2.00.png,input_data/stims/Shape_4.00_2.00.png,-1,1,1.0,1.0,-1,None,,,up,3.2517405999824405,None,None,None,['left'],[0.4271593999583274],[0.4559820999857038],up,1.0431503999279812,None,5,0,5,0,0,22,22,12,1390.5378688999917,,,,,,,,,,,,,,,,,1390.5220399999525,0.0006090999813750386,1391.457343499991,1391.4578804000048,1391.4712410999928,1392.471310999943,1392.4547951000277,1392.4552153999684,0.00043949997052550316,1393.7386883000145,1393.739994399948,1393.7546384999296,1393.7546384999296,1393.7546384999296,1393.7546384999296,1393.7546384999296,1393.7546384999296,1393.7546384999296,1394.805670300033,"[0.072, 0.072, 0.072, 0.072, 0.072, 0.072, 0.072, 0.072, 0.072, 0.072, 0.072, 0.072, 0.072, 0.072, 0.072, 0.072, 0.072, 0.072, 0.072, 0.072, 0.072, 0.072, 0.072, 0.072, 0.072, 0.072, 0.072, 0.064, 0.056, 0.048, 0.04, 0.032, 0.024, 0.016, 0.008, 0.0, -0.008, -0.016, -0.024, -0.032, -0.04, -0.048, -0.056, -0.064, -0.072, -0.08, -0.088, -0.096, -0.104, -0.112, -0.12, -0.128, -0.136, -0.144, -0.144, -0.144, -0.144, -0.144, -0.144, -0.144, -0.144, -0.144, -0.144, -0.144, -0.144]",None,None,['left'],[0.4271593999583274],[0.4559820999857038],up,1.0431503999279812,None,1394.8060504000168,1394.8213466999587,1395.071328699938,1395.0548710000003,1395.055249099969,1395.071328699938,,1396.0713534000097,,1396.0549104999518,0,-3,,,,,1395.071328699938,1396.0713534000097,,,,,,,,,,,,,,,,,202603,,B,2026-07-22_11h27.17.442,valence_final_v2,2024.2.4,60,2026-07-22 11h27.28.654970 -0600,
23,23,0,2,1,curv_comp,60,1.1,-0.18,1.0,0.132,flat,curv_flat,-0.2,-0.2,-0.18,rew,input_data/stims/Shape_1.10_1.00.png,input_data/stims/Shape_0.00_2.00.png,input_data/stims/Shape_4.00_2.00.png,1,1,1.0,-1.0,1,None,,,up,3.2517405999824405,None,None,None,['left'],[0.3396007999544963],[0.7199716999894008],up,1.099585899966769,None,5,0,5,0,0,23,23,20,1396.0713534000097,,,,,,,,,,,,,,,,,1396.0555266999872,0.0006188999395817518,1397.1393286000239,1397.1397278999211,1397.1547447999474,1398.1547494999832,1398.1382803999586,1398.1387003000127,0.00043260003440082073,1399.5223744999385,1399.5236158999614,1399.5381769000087,1399.5381769000087,1399.5381769000087,1399.5381769000087,1399.5381769000087,1399.5381769000087,1399.5381769000087,1400.6391423000023,"[0.132, 0.132, 0.132, 0.132, 0.132, 0.132, 0.132, 0.132, 0.132, 0.132, 0.132, 0.132, 0.132, 0.132, 0.132, 0.132, 0.132, 0.132, 0.132, 0.132, 0.132, 0.132, 0.124, 0.116, 0.108, 0.1, 0.092, 0.084, 0.076, 0.068, 0.06, 0.052, 0.044, 0.036, 0.028, 0.02, 0.012, 0.004, -0.004, -0.012, -0.02, -0.028, -0.036, -0.044, -0.052, -0.06, -0.068, -0.076, -0.084, -0.092, -0.1, -0.108, -0.116, -0.124, -0.132, -0.14, -0.148, -0.156, -0.164, -0.172, -0.18, -0.188, -0.196, -0.204, -0.212, -0.212, -0.212, -0.212]",None,None,['left'],[0.3396007999544963],[0.7199716999894008],up,1.099585899966769,None,1400.6395292999223,1400.6548436000012,1400.9048298000125,1400.8883537999354,1400.8887303000083,1400.9048298000125,,1401.9048574999906,,1401.8884408000158,0,-1,,,1400.9048298000125,1401.9048574999906,,,,,,,,,,,,,,,,,,,202603,,B,2026-07-22_11h27.17.442,valence_final_v2,2024.2.4,60,2026-07-22 11h27.28.654970 -0600,
24,24,0,2,1,curv_comp,57,0.9,-0.22,1.0,0.116,curv,flat_curv,-0.2,0.2,0.22,pen,input_data/stims/Shape_0.90_1.00.png,input_data/stims/Shape_4.00_2.00.png,input_data/stims/Shape_0.00_2.00.png,-1,-1,-1.0,-1.0,-1,None,,,up,3.2517405999824405,None,None,None,['right'],[0.45035709999501705],[0.2637646000366658],up,1.2741274000145495,None,5,0,5,0,0,24,24,17,1401.9048574999906,,,,,,,,,,,,,,,,,1401.8890551999211,0.0006173000438138843,1402.8236977999331,1402.824090500013,1402.8382578999735,1403.8382650000276,1403.8218356999569,1403.8222745999228,0.0004502000520005822,1405.1569834999973,1405.1585070999572,1405.1716515999287,1405.1716515999287,1405.1716515999287,1405.1716515999287,1405.1716515999287,1405.1716515999287,1405.1716515999287,1406.4565171999857,"[0.116, 0.116, 0.116, 0.116, 0.116, 0.116, 0.116, 0.116, 0.116, 0.116, 0.116, 0.116, 0.116, 0.116, 0.116, 0.116, 0.116, 0.116, 0.116, 0.116, 0.116, 0.116, 0.116, 0.116, 0.116, 0.116, 0.116, 0.116, 0.116, 0.124, 0.132, 0.14, 0.148, 0.156, 0.164, 0.172, 0.18, 0.188, 0.196, 0.204, 0.212, 0.22, 0.228, 0.236, 0.236, 0.236, 0.236, 0.236, 0.236, 0.236, 0.236, 0.236, 0.236, 0.236, 0.236, 0.236, 0.236, 0.236, 0.236, 0.236, 0.236, 0.236, 0.236, 0.236, 0.236, 0.236, 0.236, 0.236, 0.236, 0.236, 0.236, 0.236, 0.236, 0.236, 0.236, 0.236, 0.236, 0.236, 0.236]",None,None,['right'],[0.45035709999501705],[0.2637646000366658],up,1.2741274000145495,None,1406.456972099957,1406.4717874999624,1406.7217841999372,1406.705251300009,1406.7056433999678,1406.7217841999372,,1407.72192739998,,1407.7053401999874,1,1,1406.7217841999372,1407.72192739998,,,,,,,,,,,,,,,,,,,,,202603,,B,2026-07-22_11h27.17.442,valence_final_v2,2024.2.4,60,2026-07-22 11h27.28.654970 -0600,
25,25,0,2,1,curv_comp,58,0.9,-0.22,1.0,-0.396,curv,curv_flat,-0.2,-0.2,-0.22,pen,input_data/stims/Shape_0.90_1.00.png,input_data/stims/Shape_0.00_2.00.png,input_data/stims/Shape_4.00_2.00.png,-1,1,-1.0,-1.0,-1,None,,,up,3.2517405999824405,None,None,None,['right'],[0.8788196999812499],[0.304016700014472],up,1.4387554000131786,None,5,0,5,0,0,25,25,18,1407.72192739998,,,,,,,,,,,,,,,,,1407.705955900019,0.0006201999494805932,1408.7912315999856,1408.7917533,1408.8051803000271,1409.8056507000001,1409.7890994999325,1409.789520499995,0.00043219991493970156,1411.2237831000239,1411.2252702999394,1411.2389986999333,1411.2389986999333,1411.2389986999333,1411.2389986999333,1411.2389986999333,1411.2389986999333,1411.2389986999333,1412.6905501999427,"[-0.396, -0.396, -0.396, -0.396, -0.396, -0.396, -0.396, -0.396, -0.396, -0.396, -0.396, -0.396, -0.396, -0.396, -0.396, -0.396, -0.396, -0.396, -0.396, -0.396, -0.396, -0.396, -0.396, -0.396, -0.396, -0.396, -0.396, -0.396, -0.396, -0.396, -0.396, -0.396, -0.396, -0.396, -0.396, -0.396, -0.396, -0.396, -0.396, -0.396, -0.396, -0.396, -0.396, -0.396, -0.396, -0.396, -0.396, -0.396, -0.396, -0.396, -0.396, -0.396, -0.396, -0.396, -0.388, -0.38, -0.372, -0.364, -0.356, -0.348, -0.34, -0.332, -0.324, -0.316, -0.308, -0.3, -0.292, -0.284, -0.276, -0.268, -0.26, -0.252, -0.252, -0.252, -0.252, -0.252, -0.252, -0.252, -0.252, -0.252, -0.252, -0.252, -0.252, -0.252, -0.252, -0.252, -0.252, -0.252, -0.252]",None,None,['right'],[0.8788196999812499],[0.304016700014472],up,1.4387554000131786,None,1412.6910086999414,1412.7061354999896,1412.9559898999287,1412.9395345000084,1412.93992039992,1412.9559898999287,,1413.9560787000228,,1413.93955869996,1,1,1412.9559898999287,1413.9560787000228,,,,,,,,,,,,,,,,,,,,,202603,,B,2026-07-22_11h27.17.442,valence_final_v2,2024.2.4,60,2026-07-22 11h27.28.654970 -0600,
26,26,0,2,1,curv_comp,68,1.9,-0.02,3.0,-0.392,flat,curv_flat,-0.2,-0.2,-0.02,rew,input_data/stims/Shape_1.90_3.00.png,input_data/stims/Shape_0.00_2.00.png,input_data/stims/Shape_4.00_2.00.png,1,1,-1.0,1.0,1,None,,,up,3.2517405999824405,None,None,None,['right'],[0.7487477000104263],[0.5119558000005782],up,2.0686993000563234,None,5,0,5,0,0,26,26,28,1413.9560787000228,,,,,,,,,,,,,,,,,1413.940159299993,0.0006045999471098185,1414.9737713999348,1414.9741723999614,1414.989463899983,1415.9895056999521,1415.972885199939,1415.9732997999527,0.0004273999948054552,1417.4578214000212,1417.459353299928,1417.47309330001,1417.47309330001,1417.47309330001,1417.47309330001,1417.47309330001,1417.47309330001,1417.47309330001,1419.5573611999862,"[-0.392, -0.392, -0.392, -0.392, -0.392, -0.392, -0.392, -0.392, -0.392, -0.392, -0.392, -0.392, -0.392, -0.392, -0.392, -0.392, -0.392, -0.392, -0.392, -0.392, -0.392, -0.392, -0.392, -0.392, -0.392, -0.392, -0.392, -0.392, -0.392, -0.392, -0.392, -0.392, -0.392, -0.392, -0.392, -0.392, -0.392, -0.392, -0.392, -0.392, -0.392, -0.392, -0.392, -0.392, -0.392, -0.392, -0.384, -0.376, -0.368, -0.36, -0.352, -0.344, -0.336, -0.328, -0.32, -0.312, -0.304, -0.296, -0.288, -0.28, -0.272, -0.264, -0.256, -0.248, -0.24, -0.232, -0.224, -0.216, -0.208, -0.2, -0.192, -0.184, -0.176, -0.168, -0.16, -0.152, -0.144, -0.144, -0.144, -0.144, -0.144, -0.144, -0.144, -0.144, -0.144, -0.144, -0.144, -0.144, -0.144, -0.144, -0.144, -0.144, -0.144, -0.144, -0.144, -0.144, -0.144, -0.144, -0.144, -0.144, -0.144, -0.144, -0.144, -0.144, -0.144, -0.144, -0.144, -0.144, -0.144, -0.144, -0.144, -0.144, -0.144, -0.144, -0.144, -0.144, -0.144, -0.144, -0.144, -0.144, -0.144, -0.144, -0.144, -0.144, -0.144, -0.144, -0.144]",None,None,['right'],[0.7487477000104263],[0.5119558000005782],up,2.0686993000563234,None,1419.5577678999398,1419.5728981000138,1419.8229021999286,1419.806499899947,1419.8068792999256,1419.8229021999286,1419.8229021999286,1420.822969299974,1420.822969299974,1420.8065812999848,1,3,,,,,,,,,,,,,,,,,,,,,,,202603,,B,2026-07-22_11h27.17.442,valence_final_v2,2024.2.4,60,2026-07-22 11h27.28.654970 -0600,
27,27,0,2,1,curv_comp,72,2.3,0.06,1.0,0.36,flat,curv_flat,-0.2,-0.2,0.06,rew,input_data/stims/Shape_2.30_1.00.png,input_data/stims/Shape_0.00_2.00.png,input_data/stims/Shape_4.00_2.00.png,1,1,1.0,-1.0,1,None,,,up,3.2517405999824405,None,None,None,"['right', 'left']","[0.3060303999809548, 0.43401109997648746]","[0.11205320002045482, 1.0560911999782547]",up,1.5540416999720037,None,5,0,5,0,0,27,27,32,1420.822969299974,,,,,,,,,,,,,,,,,1420.8071779999882,0.0006137000164017081,1421.6912978999317,1421.6917044000002,1421.706440399983,1422.706384500023,1422.68981599994,1422.6902334999759,0.0004371999530121684,1424.1259322999977,1424.1275184999686,1424.1397183999652,1424.1397183999652,1424.1397183999652,1424.1397183999652,1424.1397183999652,1424.1397183999652,1424.1397183999652,1425.7077609000262,"[0.36, 0.36, 0.36, 0.36, 0.36, 0.36, 0.36, 0.36, 0.36, 0.36, 0.36, 0.36, 0.36, 0.36, 0.36, 0.36, 0.36, 0.36, 0.36, 0.36, 0.368, 0.376, 0.384, 0.392, 0.4, 0.4, 0.4, 0.4, 0.392, 0.384, 0.376, 0.368, 0.36, 0.352, 0.344, 0.336, 0.328, 0.32, 0.312, 0.304, 0.296, 0.288, 0.28, 0.272, 0.264, 0.256, 0.248, 0.24, 0.232, 0.224, 0.216, 0.208, 0.2, 0.192, 0.184, 0.176, 0.168, 0.16, 0.152, 0.144, 0.136, 0.128, 0.12, 0.112, 0.104, 0.096, 0.088, 0.08, 0.072, 0.064, 0.056, 0.048, 0.04, 0.032, 0.024, 0.016, 0.008, 0.0, -0.008, -0.016, -0.024, -0.032, -0.04, -0.048, -0.056, -0.064, -0.072, -0.08, -0.088, -0.096, -0.104, -0.104, -0.104, -0.104, -0.104, -0.104]",None,None,"['right', 'left']","[0.3060303999809548, 0.43401109997648746]","[0.11205320002045482, 1.0560911999782547]",up,1.5540416999720037,None,1425.7082203000318,1425.7230945000192,1425.9730402999558,1425.9565726999426,1425.9569537999341,1425.9730402999558,1425.9730402999558,1426.9731319999555,1426.9731319999555,1426.9566424000077,1,3,,,,,,,,,,,,,,,,,,,,,,,202603,,B,2026-07-22_11h27.17.442,valence_final_v2,2024.2.4,60,2026-07-22 11h27.28.654970 -0600,
28,28,0,2,1,curv_comp,71,2.1,0.02,3.0,-0.088,flat,flat_curv,-0.2,0.2,-0.02,rew,input_data/stims/Shape_2.10_3.00.png,input_data/stims/Shape_4.00_2.00.png,input_data/stims/Shape_0.00_2.00.png,1,-1,-1.0,1.0,1,None,,,up,3.2517405999824405,None,None,None,"['left', 'right']","[0.2418860999168828, 0.48998730001039803]","[0.24810120009351522, 0.8558209999464452]",up,1.4658131999894977,None,5,0,5,0,0,28,28,31,1426.9731319999555,,,,,,,,,,,,,,,,,1426.9572508999845,0.0006125998916104436,1428.0407326000277,1428.0411614999175,1428.0565406000242,1429.0565238000127,1429.0399901999626,1429.0404136999277,0.00043670006562024355,1430.5247968999902,1430.5263098999858,1430.539947399986,1430.539947399986,1430.539947399986,1430.539947399986,1430.539947399986,1430.539947399986,1430.539947399986,1432.008131199982,"[-0.088, -0.088, -0.088, -0.088, -0.088, -0.088, -0.088, -0.088, -0.088, -0.088, -0.088, -0.088, -0.088, -0.088, -0.088, -0.088, -0.096, -0.104, -0.112, -0.12, -0.128, -0.136, -0.144, -0.152, -0.16, -0.168, -0.176, -0.184, -0.192, -0.2, -0.208, -0.2, -0.192, -0.184, -0.176, -0.168, -0.16, -0.152, -0.144, -0.136, -0.128, -0.12, -0.112, -0.104, -0.096, -0.088, -0.08, -0.072, -0.064, -0.056, -0.048, -0.04, -0.032, -0.024, -0.016, -0.008, 0.0, 0.008, 0.016, 0.024, 0.032, 0.04, 0.048, 0.056, 0.064, 0.072, 0.08, 0.088, 0.096, 0.104, 0.112, 0.12, 0.128, 0.136, 0.144, 0.152, 0.16, 0.168, 0.176, 0.184, 0.192, 0.2, 0.2, 0.2, 0.2, 0.2, 0.2, 0.2, 0.2, 0.2]",None,None,"['left', 'right']","[0.2418860999168828, 0.48998730001039803]","[0.24810120009351522, 0.8558209999464452]",up,1.4658131999894977,None,1432.0085581999738,1432.0233526999364,1432.2732165999478,1432.2567499999423,1432.2571299999254,1432.2732165999478,,1433.2732671999838,,1433.256795299938,0,-1,,,1432.2732165999478,1433.2732671999838,,,,,,,,,,,,,,,,,,,202603,,B,2026-07-22_11h27.17.442,valence_final_v2,2024.2.4,60,2026-07-22 11h27.28.654970 -0600,
29,29,0,2,1,curv_comp,53,0.7,-0.26,1.0,-0.224,curv,flat_curv,-0.2,0.2,0.26,pen,input_data/stims/Shape_0.70_1.00.png,input_data/stims/Shape_4.00_2.00.png,input_data/stims/Shape_0.00_2.00.png,-1,-1,-1.0,-1.0,-1,None,,,up,3.2517405999824405,None,None,None,"['left', 'right']","[0.3401552999857813, 0.5956721999682486]","[0.20751199999358505, 1.1682266999268904]",up,1.763898899895139,None,5,0,5,0,0,29,29,13,1433.2732671999838,,,,,,,,,,,,,,,,,1433.2573910999345,0.000597700010985136,1434.3417437999742,1434.3425267999992,1434.356625400018,1435.3567116999766,1435.3401882000035,1435.3406105999602,0.00043320003896951675,1436.6748128000181,1436.6764839999378,1436.6900881000329,1436.6900881000329,1436.6900881000329,1436.6900881000329,1436.6900881000329,1436.6900881000329,1436.6900881000329,1438.4571824999293,"[-0.224, -0.224, -0.224, -0.224, -0.224, -0.224, -0.224, -0.224, -0.224, -0.224, -0.224, -0.224, -0.224, -0.224, -0.224, -0.224, -0.224, -0.224, -0.224, -0.224, -0.224, -0.224, -0.232, -0.24, -0.248, -0.256, -0.264, -0.272, -0.28, -0.288, -0.296, -0.304, -0.312, -0.32, -0.32, -0.32, -0.32, -0.312, -0.304, -0.296, -0.288, -0.28, -0.272, -0.264, -0.256, -0.248, -0.24, -0.232, -0.224, -0.216, -0.208, -0.2, -0.192, -0.184, -0.176, -0.168, -0.16, -0.152, -0.144, -0.136, -0.128, -0.12, -0.112, -0.104, -0.096, -0.088, -0.08, -0.072, -0.064, -0.056, -0.048, -0.04, -0.032, -0.024, -0.016, -0.008, 0.0, 0.008, 0.016, 0.024, 0.032, 0.04, 0.048, 0.056, 0.064, 0.072, 0.08, 0.088, 0.096, 0.104, 0.112, 0.12, 0.128, 0.136, 0.144, 0.152, 0.16, 0.168, 0.176, 0.184, 0.192, 0.2, 0.208, 0.216, 0.224, 0.232, 0.24, 0.24]",None,None,"['left', 'right']","[0.3401552999857813, 0.5956721999682486]","[0.20751199999358505, 1.1682266999268904]",up,1.763898899895139,None,1438.4575826999499,1438.4725976999616,1438.722593799932,1438.7061039999826,1438.7064888000023,1438.722593799932,,1439.7226246999344,,1439.7061680000043,1,1,1438.722593799932,1439.7226246999344,,,,,,,,,,,,,,,,,,,,,202603,,B,2026-07-22_11h27.17.442,valence_final_v2,2024.2.4,60,2026-07-22 11h27.28.654970 -0600,
30,30,0,2,1,curv_comp,69,1.9,-0.02,1.0,-0.4,flat,flat_curv,-0.2,0.2,0.02,rew,input_data/stims/Shape_1.90_1.00.png,input_data/stims/Shape_4.00_2.00.png,input_data/stims/Shape_0.00_2.00.png,1,-1,-1.0,-1.0,1,None,,,up,3.2517405999824405,None,None,None,"['left', 'right']","[0.4124395999824628, 0.580419100006111]","[0.15199080004822463, 1.3120310000376776]",up,1.8924501000437886,None,5,0,5,0,0,30,30,29,1439.7226246999344,,,,,,,,,,,,,,,,,1439.706779500004,0.0006136998999863863,1440.7415860999608,1440.7422440999653,1440.7559850999387,1441.7560046999715,1441.7395394999767,1441.7399652999593,0.0004371000686660409,1443.0735813999781,1443.0749264999758,1443.0894026999595,1443.0894026999595,1443.0894026999595,1443.0894026999595,1443.0894026999595,1443.0894026999595,1443.0894026999595,1444.9906356999418,"[-0.4, -0.4, -0.4, -0.4, -0.4, -0.4, -0.4, -0.4, -0.4, -0.4, -0.4, -0.4, -0.4, -0.4, -0.4, -0.4, -0.4, -0.4, -0.4, -0.4, -0.4, -0.4, -0.4, -0.4, -0.4, -0.4, -0.4, -0.4, -0.4, -0.4, -0.4, -0.4, -0.4, -0.4, -0.4, -0.4, -0.392, -0.384, -0.376, -0.368, -0.36, -0.352, -0.344, -0.336, -0.328, -0.32, -0.312, -0.304, -0.296, -0.288, -0.28, -0.272, -0.264, -0.256, -0.248, -0.24, -0.232, -0.224, -0.216, -0.208, -0.2, -0.192, -0.184, -0.176, -0.168, -0.16, -0.152, -0.144, -0.136, -0.128, -0.12, -0.112, -0.104, -0.096, -0.088, -0.08, -0.072, -0.064, -0.056, -0.048, -0.04, -0.032, -0.024, -0.016, -0.008, 0.0, 0.008, 0.016, 0.024, 0.032, 0.04, 0.048, 0.056, 0.064, 0.072, 0.08, 0.088, 0.096, 0.104, 0.112, 0.12, 0.128, 0.136, 0.144, 0.152, 0.16, 0.168, 0.176, 0.184, 0.192, 0.2, 0.208, 0.216, 0.224, 0.232, 0.232]",None,None,"['left', 'right']","[0.4124395999824628, 0.580419100006111]","[0.15199080004822463, 1.3120310000376776]",up,1.8924501000437886,None,1444.9910321999341,1445.0060975999804,1445.25610280002,1445.239631799981,1445.240004900028,1445.25610280002,,1446.256147600012,,1446.2396873999387,0,-1,,,1445.25610280002,1446.256147600012,,,,,,,,,,,,,,,,,,,202603,,B,2026-07-22_11h27.17.442,valence_final_v2,2024.2.4,60,2026-07-22 11h27.28.654970 -0600,
31,31,0,2,1,curv_comp,74,2.5,0.1,1.0,-0.28,flat,curv_flat,-0.2,-0.2,0.1,rew,input_data/stims/Shape_2.50_1.00.png,input_data/stims/Shape_0.00_2.00.png,input_data/stims/Shape_4.00_2.00.png,1,1,-1.0,-1.0,1,None,,,up,3.2517405999824405,None,None,None,['right'],[0.406907600001432],[0.19995949999429286],up,0.9670329999644309,None,5,0,5,0,0,31,31,34,1446.256147600012,,,,,,,,,,,,,,,,,1446.240291299997,0.0006078999722376466,1447.325216999976,1447.325792599935,1447.3395057999296,1448.339543399983,1448.3230859999312,1448.3235103000188,0.000434699933975935,1449.8082472999813,1449.8095605999697,1449.8229363999562,1449.8229363999562,1449.8229363999562,1449.8229363999562,1449.8229363999562,1449.8229363999562,1449.8229363999562,1450.8073048000224,"[-0.28, -0.28, -0.28, -0.28, -0.28, -0.28, -0.28, -0.28, -0.28, -0.28, -0.28, -0.28, -0.28, -0.28, -0.28, -0.28, -0.28, -0.28, -0.28, -0.28, -0.28, -0.28, -0.28, -0.28, -0.28, -0.28, -0.272, -0.264, -0.256, -0.248, -0.24, -0.232, -0.224, -0.216, -0.208, -0.2, -0.192, -0.184, -0.184, -0.184, -0.184, -0.184, -0.184, -0.184, -0.184, -0.184, -0.184, -0.184, -0.184, -0.184, -0.184, -0.184, -0.184, -0.184, -0.184, -0.184, -0.184, -0.184, -0.184, -0.184, -0.184]",None,None,['right'],[0.406907600001432],[0.19995949999429286],up,0.9670329999644309,None,1450.8077023000224,1450.8229479999281,1451.0729369999608,1451.0565037999768,1451.0568996999646,1451.0729369999608,1451.0729369999608,1452.0729914000258,1452.0729914000258,1452.0565236000111,1,3,,,,,,,,,,,,,,,,,,,,,,,202603,,B,2026-07-22_11h27.17.442,valence_final_v2,2024.2.4,60,2026-07-22 11h27.28.654970 -0600,
32,32,0,2,1,curv_comp,56,0.9,-0.22,1.0,-0.308,curv,curv_flat,-0.2,-0.2,-0.22,pen,input_data/stims/Shape_0.90_1.00.png,input_data/stims/Shape_0.00_2.00.png,input_data/stims/Shape_4.00_2.00.png,-1,1,-1.0,-1.0,-1,None,,,up,3.2517405999824405,None,None,None,['right'],[0.4321062999079004],[0.3839561000932008],up,0.8480789999011904,None,5,0,5,0,0,32,32,16,1452.0729914000258,,,,,,,,,,,,,,,,,1452.0571482999949,0.0006277000065892935,1452.9421602999792,1452.9425779000157,1452.9563618999673,1453.956355299917,1453.939892699942,1453.940315600019,0.00043509993702173233,1455.3740756999468,1455.375366799999,1455.3897467999486,1455.3897467999486,1455.3897467999486,1455.3897467999486,1455.3897467999486,1455.3897467999486,1455.3897467999486,1456.2407298999606,"[-0.308, -0.308, -0.308, -0.308, -0.308, -0.308, -0.308, -0.308, -0.308, -0.308, -0.308, -0.308, -0.308, -0.308, -0.308, -0.308, -0.308, -0.308, -0.308, -0.308, -0.308, -0.308, -0.308, -0.308, -0.308, -0.308, -0.308, -0.3, -0.292, -0.284, -0.276, -0.268, -0.26, -0.252, -0.244, -0.236, -0.228, -0.22, -0.212, -0.204, -0.196, -0.188, -0.18, -0.172, -0.164, -0.156, -0.148, -0.14, -0.132, -0.124, -0.124, -0.124, -0.124]",None,None,['right'],[0.4321062999079004],[0.3839561000932008],up,0.8480789999011904,None,1456.2411003999878,1456.256416899967,1456.506426399923,1456.4899472999386,1456.4903371999972,1456.506426399923,,1457.5064766999567,,1457.490019000019,0,-3,,,,,1456.506426399923,1457.5064766999567,,,,,,,,,,,,,,,,,202603,,B,2026-07-22_11h27.17.442,valence_final_v2,2024.2.4,60,2026-07-22 11h27.28.654970 -0600,
33,33,0,2,1,curv_comp,54,0.7,-0.26,1.0,-0.388,curv,curv_flat,-0.2,-0.2,-0.26,pen,input_data/stims/Shape_0.70_1.00.png,input_data/stims/Shape_0.00_2.00.png,input_data/stims/Shape_4.00_2.00.png,-1,1,-1.0,-1.0,-1,None,,,up,3.2517405999824405,None,None,None,['right'],[0.42457579995971173],[0.33612460002768785],up,0.8966193000087515,None,5,0,5,0,0,33,33,14,1457.5064766999567,,,,,,,,,,,,,,,,,1457.490632699919,0.0006175000453367829,1458.475116699934,1458.475512899924,1458.4898325999966,1459.4898585999617,1459.473377999966,1459.4738021999365,0.0004350000526756048,1460.9579369999701,1460.959499699995,1460.9732299000025,1460.9732299000025,1460.9732299000025,1460.9732299000025,1460.9732299000025,1460.9732299000025,1460.9732299000025,1461.8742347999942,"[-0.388, -0.388, -0.388, -0.388, -0.388, -0.388, -0.388, -0.388, -0.388, -0.388, -0.388, -0.388, -0.388, -0.388, -0.388, -0.388, -0.388, -0.388, -0.388, -0.388, -0.388, -0.388, -0.388, -0.388, -0.388, -0.388, -0.388, -0.38, -0.372, -0.364, -0.356, -0.348, -0.34, -0.332, -0.324, -0.316, -0.308, -0.3, -0.292, -0.284, -0.276, -0.268, -0.26, -0.252, -0.244, -0.236, -0.228, -0.228, -0.228, -0.228, -0.228, -0.228, -0.228, -0.228, -0.228, -0.228]",None,None,['right'],[0.42457579995971173],[0.33612460002768785],up,0.8966193000087515,None,1461.8746079999255,1461.889930299949,1462.1399351999862,1462.1234994999832,1462.1238973999862,1462.1399351999862,,1463.1399742999347,,1463.1235513000283,1,1,1462.1399351999862,1463.1399742999347,,,,,,,,,,,,,,,,,,,,,202603,,B,2026-07-22_11h27.17.442,valence_final_v2,2024.2.4,60,2026-07-22 11h27.28.654970 -0600,
34,34,0,2,1,curv_comp,51,0.5,-0.3,3.0,-0.276,curv,flat_curv,-0.2,0.2,0.3,pen,input_data/stims/Shape_0.50_3.00.png,input_data/stims/Shape_4.00_2.00.png,input_data/stims/Shape_0.00_2.00.png,-1,-1,-1.0,1.0,-1,None,,,up,3.2517405999824405,None,None,None,['right'],[0.4389874000335112],[0.9599227999569848],up,1.4550281000556424,None,5,0,5,0,0,34,34,11,1463.1399742999347,,,,,,,,,,,,,,,,,1463.1241731999908,0.0006280000088736415,1464.1093546999618,1464.1098561999388,1464.1233601999702,1465.123468899983,1465.1069461000152,1465.1073707999894,0.0004362999461591244,1466.5910767000169,1466.592332799919,1466.6068382000085,1466.6068382000085,1466.6068382000085,1466.6068382000085,1466.6068382000085,1466.6068382000085,1466.6068382000085,1468.0745091999415,"[-0.276, -0.276, -0.276, -0.276, -0.276, -0.276, -0.276, -0.276, -0.276, -0.276, -0.276, -0.276, -0.276, -0.276, -0.276, -0.276, -0.276, -0.276, -0.276, -0.276, -0.276, -0.276, -0.276, -0.276, -0.276, -0.276, -0.276, -0.276, -0.268, -0.26, -0.252, -0.244, -0.236, -0.228, -0.22, -0.212, -0.204, -0.196, -0.188, -0.18, -0.172, -0.164, -0.156, -0.148, -0.14, -0.132, -0.124, -0.116, -0.108, -0.1, -0.092, -0.084, -0.076, -0.068, -0.06, -0.052, -0.044, -0.036, -0.028, -0.02, -0.012, -0.004, 0.004, 0.012, 0.02, 0.028, 0.036, 0.044, 0.052, 0.06, 0.068, 0.076, 0.084, 0.092, 0.1, 0.108, 0.116, 0.124, 0.132, 0.14, 0.148, 0.156, 0.164, 0.172, 0.18, 0.18, 0.18, 0.18, 0.18, 0.18]",None,None,['right'],[0.4389874000335112],[0.9599227999569848],up,1.4550281000556424,None,1468.074926399975,1468.0901025999337,1468.3401144000236,1468.3237027999712,1468.3240979999537,1468.3401144000236,,1469.340148499934,,1469.3236864999635,0,-3,,,,,1468.3401144000236,1469.340148499934,,,,,,,,,,,,,,,,,202603,,B,2026-07-22_11h27.17.442,valence_final_v2,2024.2.4,60,2026-07-22 11h27.28.654970 -0600,
35,35,0,2,1,curv_comp,44,0.3,-0.34,1.0,0.136,curv,curv_flat,-0.2,-0.2,-0.34,pen,input_data/stims/Shape_0.30_1.00.png,input_data/stims/Shape_0.00_2.00.png,input_data/stims/Shape_4.00_2.00.png,-1,1,1.0,-1.0,-1,None,,,up,3.2517405999824405,None,None,None,"['left', 'left']","[0.45691209996584803, 0.6969012999907136]","[0.16800549998879433, 0.5600253000156954]",up,1.256926600006409,None,5,0,5,0,0,35,35,4,1469.340148499934,,,,,,,,,,,,,,,,,1469.3242978999624,0.0006155000301077962,1470.3591445999919,1470.3596870999318,1470.3735171000008,1471.3735825999174,1471.3570426999358,1471.3574658000143,0.00043519993778318167,1472.7427185999695,1472.7439999999478,1472.7569556999952,1472.7569556999952,1472.7569556999952,1472.7569556999952,1472.7569556999952,1472.7569556999952,1472.7569556999952,1474.024813600001,"[0.136, 0.136, 0.136, 0.136, 0.136, 0.136, 0.136, 0.136, 0.136, 0.136, 0.136, 0.136, 0.136, 0.136, 0.136, 0.136, 0.136, 0.136, 0.136, 0.136, 0.136, 0.136, 0.136, 0.136, 0.136, 0.136, 0.136, 0.136, 0.136, 0.128, 0.12, 0.112, 0.104, 0.096, 0.088, 0.08, 0.072, 0.064, 0.056, 0.056, 0.056, 0.056, 0.056, 0.048, 0.04, 0.032, 0.024, 0.016, 0.008, 0.0, -0.008, -0.016, -0.024, -0.032, -0.04, -0.048, -0.056, -0.064, -0.072, -0.08, -0.088, -0.096, -0.104, -0.112, -0.12, -0.128, -0.136, -0.144, -0.152, -0.16, -0.168, -0.176, -0.184, -0.192, -0.2, -0.208, -0.216, -0.216]",None,None,"['left', 'left']","[0.45691209996584803, 0.6969012999907136]","[0.16800549998879433, 0.5600253000156954]",up,1.256926600006409,None,1474.0251904999604,1474.0402680999832,1474.2902659999672,1474.2737957999343,1474.274178499938,1474.2902659999672,,1475.2902923999354,,1475.2738592999522,1,1,1474.2902659999672,1475.2902923999354,,,,,,,,,,,,,,,,,,,,,202603,,B,2026-07-22_11h27.17.442,valence_final_v2,2024.2.4,60,2026-07-22 11h27.28.654970 -0600,
36,36,0,2,1,curv_comp,75,2.5,0.1,1.0,-0.22,flat,flat_curv,-0.2,0.2,-0.1,rew,input_data/stims/Shape_2.50_1.00.png,input_data/stims/Shape_4.00_2.00.png,input_data/stims/Shape_0.00_2.00.png,1,-1,-1.0,-1.0,1,None,,,up,3.2517405999824405,None,None,None,['right'],[0.48679490003269166],[0.8079657999332994],up,1.6068140000570565,None,5,0,5,0,0,36,36,35,1475.2902923999354,,,,,,,,,,,,,,,,,1475.2744841999374,0.0006285000126808882,1476.2098236000165,1476.2103669999633,1476.2236924000317,1477.223748599994,1477.2072177999653,1477.207642299938,0.00043640006333589554,1478.5929896000307,1478.594639900024,1478.6070908999536,1478.6070908999536,1478.6070908999536,1478.6070908999536,1478.6070908999536,1478.6070908999536,1478.6070908999536,1480.2247758000158,"[-0.22, -0.22, -0.22, -0.22, -0.22, -0.22, -0.22, -0.22, -0.22, -0.22, -0.22, -0.22, -0.22, -0.22, -0.22, -0.22, -0.22, -0.22, -0.22, -0.22, -0.22, -0.22, -0.22, -0.22, -0.22, -0.22, -0.22, -0.22, -0.22, -0.22, -0.22, -0.212, -0.204, -0.196, -0.188, -0.18, -0.172, -0.164, -0.156, -0.148, -0.14, -0.132, -0.124, -0.116, -0.108, -0.1, -0.092, -0.084, -0.076, -0.068, -0.06, -0.052, -0.044, -0.036, -0.028, -0.02, -0.012, -0.004, 0.004, 0.012, 0.02, 0.028, 0.036, 0.044, 0.052, 0.06, 0.068, 0.076, 0.084, 0.092, 0.1, 0.108, 0.116, 0.124, 0.132, 0.14, 0.148, 0.156, 0.164, 0.164, 0.164, 0.164, 0.164, 0.164, 0.164, 0.164, 0.164, 0.164, 0.164, 0.164, 0.164, 0.164, 0.164, 0.164, 0.164, 0.164, 0.164, 0.164, 0.164]",None,None,['right'],[0.48679490003269166],[0.8079657999332994],up,1.6068140000570565,None,1480.2251844999846,1480.2404736999888,1480.490467699943,1480.473970299936,1480.4743572999723,1480.490467699943,1480.490467699943,1481.4904836999485,1481.4904836999485,1481.4740533999866,1,3,,,,,,,,,,,,,,,,,,,,,,,202603,,B,2026-07-22_11h27.17.442,valence_final_v2,2024.2.4,60,2026-07-22 11h27.28.654970 -0600,
37,37,0,2,1,curv_comp,47,0.3,-0.34,3.0,-0.072,curv,flat_curv,-0.2,0.2,0.34,pen,input_data/stims/Shape_0.30_3.00.png,input_data/stims/Shape_4.00_2.00.png,input_data/stims/Shape_0.00_2.00.png,-1,-1,-1.0,1.0,-1,None,,,up,3.2517405999824405,None,None,None,['right'],[0.43860000011045486],[0.6719256999203935],up,1.1826187000842765,None,5,0,5,0,0,37,37,7,1481.4904836999485,,,,,,,,,,,,,,,,,1481.4746606999543,0.0006099999882280827,1482.35932649998,1482.3597283000126,1482.3738523999928,1483.373882099986,1483.3574048000155,1483.3578278999776,0.0004425999941304326,1484.7919292999431,1484.7932479999727,1484.8072607999202,1484.8072607999202,1484.8072607999202,1484.8072607999202,1484.8072607999202,1484.8072607999202,1484.8072607999202,1485.9916235000128,"[-0.072, -0.072, -0.072, -0.072, -0.072, -0.072, -0.072, -0.072, -0.072, -0.072, -0.072, -0.072, -0.072, -0.072, -0.072, -0.072, -0.072, -0.072, -0.072, -0.072, -0.072, -0.072, -0.072, -0.072, -0.072, -0.072, -0.072, -0.072, -0.064, -0.056, -0.048, -0.04, -0.032, -0.024, -0.016, -0.008, 0.0, 0.008, 0.016, 0.024, 0.032, 0.04, 0.048, 0.056, 0.064, 0.072, 0.08, 0.088, 0.096, 0.104, 0.112, 0.12, 0.128, 0.136, 0.144, 0.152, 0.16, 0.168, 0.176, 0.184, 0.192, 0.2, 0.208, 0.216, 0.224, 0.232, 0.24, 0.248, 0.248, 0.248, 0.248, 0.248, 0.248]",None,None,['right'],[0.43860000011045486],[0.6719256999203935],up,1.1826187000842765,None,1485.992028699955,1486.0073019999545,1486.2572844999377,1486.240813500015,1486.241196100018,1486.2572844999377,,1487.2573369999882,,1487.2409506000113,1,1,1486.2572844999377,1487.2573369999882,,,,,,,,,,,,,,,,,,,,,202603,,B,2026-07-22_11h27.17.442,valence_final_v2,2024.2.4,60,2026-07-22 11h27.28.654970 -0600,
38,38,0,2,1,curv_comp,59,0.9,-0.22,1.0,0.308,curv,flat_curv,-0.2,0.2,0.22,pen,input_data/stims/Shape_0.90_1.00.png,input_data/stims/Shape_4.00_2.00.png,input_data/stims/Shape_0.00_2.00.png,-1,-1,1.0,-1.0,-1,None,,,up,3.2517405999824405,None,None,None,['left'],[0.5917686000466347],[0.15995719993952662],up,0.9037411999888718,None,5,0,5,0,0,38,38,19,1487.2573369999882,,,,,,,,,,,,,,,,,1487.2415879999753,0.0006404001032933593,1488.2766359000234,1488.2770270999754,1488.290733599919,1489.2907175000291,1489.274242399959,1489.2746660999255,0.00043540005572140217,1490.7591083999723,1490.7604187999386,1490.774085199926,1490.774085199926,1490.774085199926,1490.774085199926,1490.774085199926,1490.774085199926,1490.774085199926,1491.6917942999862,"[0.308, 0.308, 0.308, 0.308, 0.308, 0.308, 0.308, 0.308, 0.308, 0.308, 0.308, 0.308, 0.308, 0.308, 0.308, 0.308, 0.308, 0.308, 0.308, 0.308, 0.308, 0.308, 0.308, 0.308, 0.308, 0.308, 0.308, 0.308, 0.308, 0.308, 0.308, 0.308, 0.308, 0.308, 0.308, 0.308, 0.308, 0.3, 0.292, 0.284, 0.276, 0.268, 0.26, 0.252, 0.244, 0.236, 0.228, 0.228, 0.228, 0.228, 0.228, 0.228, 0.228, 0.228, 0.228, 0.228, 0.228]",None,None,['left'],[0.5917686000466347],[0.15995719993952662],up,0.9037411999888718,None,1491.6921792000066,1491.7074613999575,1491.9574548000237,1491.9409861000022,1491.941373199923,1491.9574548000237,,1492.9574699000223,,1492.9410356000299,1,1,1491.9574548000237,1492.9574699000223,,,,,,,,,,,,,,,,,,,,,202603,,B,2026-07-22_11h27.17.442,valence_final_v2,2024.2.4,60,2026-07-22 11h27.28.654970 -0600,
39,39,0,2,1,curv_comp,46,0.3,-0.34,3.0,-0.26,curv,curv_flat,-0.2,-0.2,-0.34,pen,input_data/stims/Shape_0.30_3.00.png,input_data/stims/Shape_0.00_2.00.png,input_data/stims/Shape_4.00_2.00.png,-1,1,-1.0,1.0,-1,None,,,up,3.2517405999824405,None,None,None,['right'],[0.5296807000413537],[0.20792990003246814],up,0.8415367000270635,None,5,0,5,0,0,39,39,6,1492.9574699000223,,,,,,,,,,,,,,,,,1492.941638099961,0.000605700071901083,1493.8263018999714,1493.8267256999388,1493.840841999976,1494.8408563999692,1494.824340699939,1494.8247716999613,0.0004430999979376793,1496.1102178000147,1496.111546,1496.1242542000255,1496.1242542000255,1496.1242542000255,1496.1242542000255,1496.1242542000255,1496.1242542000255,1496.1242542000255,1496.975265200017,"[-0.26, -0.26, -0.26, -0.26, -0.26, -0.26, -0.26, -0.26, -0.26, -0.26, -0.26, -0.26, -0.26, -0.26, -0.26, -0.26, -0.26, -0.26, -0.26, -0.26, -0.26, -0.26, -0.26, -0.26, -0.26, -0.26, -0.26, -0.26, -0.26, -0.26, -0.26, -0.26, -0.26, -0.252, -0.244, -0.236, -0.228, -0.22, -0.212, -0.204, -0.196, -0.188, -0.18, -0.172, -0.164, -0.156, -0.156, -0.156, -0.156, -0.156, -0.156, -0.156, -0.156]",None,None,['right'],[0.5296807000413537],[0.20792990003246814],up,0.8415367000270635,None,1496.9756745999912,1496.990925699938,1497.2409263999434,1497.2244579999242,1497.2248482999858,1497.2409263999434,,1498.2576789000304,,1498.224482599995,0,-3,,,,,1497.2409263999434,1498.2576789000304,,,,,,,,,,,,,,,,,202603,,B,2026-07-22_11h27.17.442,valence_final_v2,2024.2.4,60,2026-07-22 11h27.28.654970 -0600,
,,,,,,,,,,,,,,,,,,,,,,,,,,,,,,,,,,,,,,,,,,,,,,,,,,,,,,,,,,,,,,,,,,,,,,,,,,,,,,,,,,,,,,,,,,,,,,,,,,,,,,,,,,,,,,1498.240762099973,1498.2576789000304,1498.2576789000304,1500.5913158999756,24,7,up,2.332180399913341,None,,,,,,,,,,,,,,,,
