condition,stim,boundary,cond_unique_stim_idx,class,trial_id,rep,stim_noised,train/test,pos_pred,class_pred,net_idx,stim_aligned,resp_aligned
base,0.025,0.5,0,0,0,9,-0.002915150546776414,eval,0.004418403,0.0,0,-0.475,-0.49558159708976746
base,0.025,0.5,0,0,0,12,0.06907067447635609,eval,0.073851615,0.0,0,-0.475,-0.426148384809494
base,0.025,0.5,0,0,0,8,0.07970956613393337,eval,0.08411324,0.0,0,-0.475,-0.4158867597579956
base,0.025,0.5,0,0,0,1,-0.018643524714322124,eval,-0.010752216,0.0,0,-0.475,-0.5107522159814835
base,0.075,0.5,1,0,1,9,0.10314711025906223,eval,0.10671972,0.0,0,-0.425,-0.3932802826166153
base,0.075,0.5,1,0,1,12,0.10925153909534122,eval,0.11260766,0.0,0,-0.425,-0.3873923420906067
base,0.075,0.5,1,0,1,8,0.2513759069559374,eval,0.24969225,0.0,0,-0.425,-0.25030775368213654
base,0.075,0.5,1,0,1,1,-0.041980190777286416,eval,-0.033261374,0.0,0,-0.425,-0.5332613736391068
base,0.125,0.5,2,0,2,9,0.2532481233683165,eval,0.25149807,0.0,0,-0.375,-0.24850192666053772
base,0.125,0.5,2,0,2,12,0.17239470669880136,eval,0.17351174,0.0,0,-0.375,-0.3264882564544678
base,0.125,0.5,2,0,2,8,0.07632387892071708,eval,0.080847606,0.0,0,-0.375,-0.4191523939371109
base,0.125,0.5,2,0,2,1,0.2989367877130134,eval,0.29556662,0.0,0,-0.375,-0.2044333815574646
base,0.175,0.5,3,0,3,9,0.2032451825285249,eval,0.20326823,0.0,0,-0.325,-0.29673177003860474
base,0.175,0.5,3,0,3,12,0.1482691568046723,eval,0.15024172,0.0,0,-0.325,-0.3497582823038101
base,0.175,0.5,3,0,3,8,0.18441541561970465,eval,0.1851062,0.0,0,-0.325,-0.31489379703998566
base,0.175,0.5,3,0,3,1,0.1254089271557848,eval,0.12819213,0.0,0,-0.325,-0.37180787324905396
base,0.225,0.5,4,0,4,9,0.3056019527170751,eval,0.3019954,0.0,0,-0.275,-0.1980046033859253
base,0.225,0.5,4,0,4,12,0.3438327862596402,eval,0.33887056,0.0,0,-0.275,-0.1611294448375702
base,0.225,0.5,4,0,4,8,0.15444720452789168,eval,0.15620066,0.0,0,-0.275,-0.34379933774471283
base,0.225,0.5,4,0,4,1,0.2578969629460202,eval,0.2559821,0.0,0,-0.275,-0.24401789903640747
base,0.275,0.5,5,0,5,9,0.15241172947768455,eval,0.15423739,0.0,0,-0.22499999999999998,-0.34576261043548584
base,0.275,0.5,5,0,5,12,0.24014279349858433,eval,0.23885746,0.0,0,-0.22499999999999998,-0.2611425369977951
base,0.275,0.5,5,0,5,8,0.15737429350797189,eval,0.15902394,0.0,0,-0.22499999999999998,-0.3409760594367981
base,0.275,0.5,5,0,5,1,0.24914274545260762,eval,0.24753825,0.0,0,-0.22499999999999998,-0.2524617463350296
base,0.325,0.5,6,0,6,9,0.32274678225324427,eval,0.3185323,0.0,0,-0.175,-0.1814677119255066
base,0.325,0.5,6,0,6,12,0.17876480748448073,eval,0.17965592,0.0,0,-0.175,-0.32034407556056976
base,0.325,0.5,6,0,6,8,0.2536892033263042,eval,0.25192353,0.0,0,-0.175,-0.24807646870613098
base,0.325,0.5,6,0,6,1,0.48334728788021225,eval,0.47343785,0.0,0,-0.175,-0.026562154293060303
base,0.375,0.5,7,0,7,9,0.3874211319304505,eval,0.3809133,0.0,0,-0.125,-0.11908671259880066
base,0.375,0.5,7,0,7,12,0.4599783613618451,eval,0.45089757,0.0,0,-0.125,-0.04910242557525635
base,0.375,0.5,7,0,7,8,0.3405001475914213,eval,0.3356561,0.0,0,-0.125,-0.16434389352798462
base,0.375,0.5,7,0,7,1,0.5070360987081839,eval,0.49628663,0.0,0,-0.125,-0.003713369369506836
base,0.425,0.5,8,0,8,9,0.5112246184619911,eval,0.50032663,1.0,0,-0.07500000000000001,0.0003266334533691406
base,0.425,0.5,8,0,8,12,0.6100702779951481,eval,0.59566724,1.0,0,-0.07500000000000001,0.09566724300384521
base,0.425,0.5,8,0,8,8,0.5605438028669814,eval,0.5478969,1.0,0,-0.07500000000000001,0.04789692163467407
base,0.425,0.5,8,0,8,1,0.4883352622824915,eval,0.47824895,0.0,0,-0.07500000000000001,-0.021751046180725098
base,0.475,0.5,9,0,9,9,0.4866060673431017,eval,0.4765811,0.0,0,-0.025000000000000022,-0.023418903350830078
base,0.475,0.5,9,0,9,12,0.3789848880709369,eval,0.37277615,0.0,0,-0.025000000000000022,-0.12722384929656982
base,0.475,0.5,9,0,9,8,0.4752211602573378,eval,0.46559986,0.0,0,-0.025000000000000022,-0.03440013527870178
base,0.475,0.5,9,0,9,1,0.2546490119353349,eval,0.2528493,0.0,0,-0.025000000000000022,-0.24715068936347961
base,0.525,0.5,10,1,10,9,0.6054078958119873,eval,0.5911702,1.0,0,0.025000000000000022,0.09117019176483154
base,0.525,0.5,10,1,10,12,0.5148368870407144,eval,0.5038108,1.0,0,0.025000000000000022,0.0038108229637145996
base,0.525,0.5,10,1,10,8,0.44594551903321245,eval,0.43736237,0.0,0,0.025000000000000022,-0.06263762712478638
base,0.525,0.5,10,1,10,1,0.5302028974259887,eval,0.518632,1.0,0,0.025000000000000022,0.01863199472427368
base,0.575,0.5,11,1,11,9,0.5245800752222866,eval,0.51320845,1.0,0,0.07499999999999996,0.013208448886871338
base,0.575,0.5,11,1,11,12,0.5064557989281973,eval,0.49572688,0.0,0,0.07499999999999996,-0.004273116588592529
base,0.575,0.5,11,1,11,8,0.5891877828241733,eval,0.5755252,1.0,0,0.07499999999999996,0.07552522420883179
base,0.575,0.5,11,1,11,1,0.6433686190776534,eval,0.6277847,1.0,0,0.07499999999999996,0.12778472900390625
base,0.625,0.5,12,1,12,9,0.6607954906213157,eval,0.6445937,1.0,0,0.125,0.1445937156677246
base,0.625,0.5,12,1,12,12,0.5869416749872484,eval,0.57335865,1.0,0,0.125,0.07335865497589111
base,0.625,0.5,12,1,12,8,0.6467571355560034,eval,0.6310531,1.0,0,0.125,0.13105309009552002
base,0.625,0.5,12,1,12,1,0.7253961575842169,eval,0.7069035,1.0,0,0.125,0.20690351724624634
base,0.675,0.5,13,1,13,9,0.7164866401254424,eval,0.69830996,1.0,0,0.17500000000000004,0.19830995798110962
base,0.675,0.5,13,1,13,12,0.6796092971779658,eval,0.6627403,1.0,0,0.17500000000000004,0.1627402901649475
base,0.675,0.5,13,1,13,8,0.6073767944025039,eval,0.59306926,1.0,0,0.17500000000000004,0.09306925535202026
base,0.675,0.5,13,1,13,1,0.61320929552924,eval,0.5986949,1.0,0,0.17500000000000004,0.09869492053985596
base,0.725,0.5,14,1,14,9,0.6000224275413348,eval,0.58597565,1.0,0,0.22499999999999998,0.08597564697265625
base,0.725,0.5,14,1,14,12,0.6008191547218831,eval,0.5867441,1.0,0,0.22499999999999998,0.08674412965774536
base,0.725,0.5,14,1,14,8,0.8393233626629595,eval,0.8045062,1.0,0,0.22499999999999998,0.30450618267059326
base,0.725,0.5,14,1,14,1,0.9072011363328323,eval,0.84680367,1.0,0,0.22499999999999998,0.3468036651611328
base,0.775,0.5,15,1,15,9,0.7925538628567643,eval,0.7716799,1.0,0,0.275,0.2716798782348633
base,0.775,0.5,15,1,15,12,0.7472346328732713,eval,0.7279677,1.0,0,0.275,0.22796767950057983
base,0.775,0.5,15,1,15,8,0.586165110902335,eval,0.5726097,1.0,0,0.275,0.07260972261428833
base,0.775,0.5,15,1,15,1,0.6429569029986707,eval,0.62738764,1.0,0,0.275,0.1273876428604126
base,0.825,0.5,16,1,16,9,0.7929637473048593,eval,0.77207524,1.0,0,0.32499999999999996,0.27207523584365845
base,0.825,0.5,16,1,16,12,0.6784032613617612,eval,0.661577,1.0,0,0.32499999999999996,0.1615769863128662
base,0.825,0.5,16,1,16,8,0.8036455371917013,eval,0.7822739,1.0,0,0.32499999999999996,0.28227388858795166
base,0.825,0.5,16,1,16,1,0.7588471978184781,eval,0.73916847,1.0,0,0.32499999999999996,0.2391684651374817
base,0.875,0.5,17,1,17,9,0.6845912051383966,eval,0.6675456,1.0,0,0.375,0.1675456166267395
base,0.875,0.5,17,1,17,12,0.8181772362058521,eval,0.79132915,1.0,0,0.375,0.29132914543151855
base,0.875,0.5,17,1,17,8,0.9415066065629245,eval,0.86818075,1.0,0,0.375,0.3681807518005371
base,0.875,0.5,17,1,17,1,0.9685049988114022,eval,0.8850046,1.0,0,0.375,0.38500458002090454
base,0.925,0.5,18,1,18,9,1.0208406680141398,eval,0.9113038,1.0,0,0.42500000000000004,0.4113038182258606
base,0.925,0.5,18,1,18,12,0.8063930346013513,eval,0.783986,1.0,0,0.42500000000000004,0.28398597240448
base,0.925,0.5,18,1,18,8,0.7911567480523145,eval,0.7703323,1.0,0,0.42500000000000004,0.2703322768211365
base,0.925,0.5,18,1,18,1,0.9299054613825312,eval,0.8609516,1.0,0,0.42500000000000004,0.36095160245895386
base,0.975,0.5,19,1,19,9,0.9388141319695699,eval,0.86650294,1.0,0,0.475,0.36650294065475464
base,0.975,0.5,19,1,19,12,0.8690939300539855,eval,0.8230575,1.0,0,0.475,0.32305747270584106
base,0.975,0.5,19,1,19,8,1.0111253748643376,eval,0.90738434,1.0,0,0.475,0.40738433599472046
base,0.975,0.5,19,1,19,1,1.1752392583645255,eval,0.97359246,1.0,0,0.475,0.47359246015548706
curv,0.025,0.25,0,0,20,9,-0.06023900581258609,eval,-0.11866416,0.0,0,-0.225,-0.3686641603708267
curv,0.025,0.25,0,0,20,12,-0.14699106806582,eval,-0.16326024,0.0,0,-0.225,-0.41326023638248444
curv,0.025,0.25,0,0,20,8,0.1542893050193805,eval,0.061686084,0.0,0,-0.225,-0.18831391632556915
curv,0.025,0.25,0,0,20,1,0.04385191925124656,eval,-0.044835165,0.0,0,-0.225,-0.294835165143013
curv,0.025,0.25,0,0,21,9,-0.012731674369381461,eval,-0.09424235,0.0,0,-0.225,-0.3442423492670059
curv,0.025,0.25,0,0,21,12,0.1469354588732634,eval,0.054592997,0.0,0,-0.225,-0.19540700316429138
curv,0.025,0.25,0,0,21,8,0.07036712642569681,eval,-0.019260198,0.0,0,-0.225,-0.2692601978778839
curv,0.025,0.25,0,0,21,1,-0.03831940901922267,eval,-0.10739605,0.0,0,-0.225,-0.35739605128765106
curv,0.075,0.25,1,0,22,9,0.08882003031483213,eval,-0.0014616698,0.0,0,-0.175,-0.2514616698026657
curv,0.075,0.25,1,0,22,12,0.12590590847395516,eval,0.034309164,0.0,0,-0.175,-0.21569083631038666
curv,0.075,0.25,1,0,22,8,-0.09401599429769265,eval,-0.13602768,0.0,0,-0.175,-0.3860276788473129
curv,0.075,0.25,1,0,22,1,0.03724364947671917,eval,-0.051209047,0.0,0,-0.175,-0.3012090474367142
curv,0.075,0.25,1,0,23,9,0.22579094843471398,eval,0.13065228,0.0,0,-0.175,-0.1193477213382721
curv,0.075,0.25,1,0,23,12,-0.11674640434564944,eval,-0.14771254,0.0,0,-0.175,-0.3977125436067581
curv,0.075,0.25,1,0,23,8,0.0021804972564751224,eval,-0.0850289,0.0,0,-0.175,-0.33502890169620514
curv,0.075,0.25,1,0,23,1,-0.03411461176191956,eval,-0.10523452,0.0,0,-0.175,-0.3552345186471939
curv,0.125,0.25,2,0,24,9,0.10840667969937974,eval,0.017430454,0.0,0,-0.125,-0.23256954550743103
curv,0.125,0.25,2,0,24,12,0.06531724059521243,eval,-0.024131,0.0,0,-0.125,-0.27413100004196167
curv,0.125,0.25,2,0,24,8,0.24823034025042634,eval,0.15229595,0.0,0,-0.125,-0.09770405292510986
curv,0.125,0.25,2,0,24,1,-0.002768016638660803,eval,-0.08912037,0.0,0,-0.125,-0.33912037312984467
curv,0.125,0.25,2,0,25,9,0.17224074969585104,eval,0.079000965,0.0,0,-0.125,-0.17099903523921967
curv,0.125,0.25,2,0,25,12,0.0579561400096926,eval,-0.03123103,0.0,0,-0.125,-0.28123103082180023
curv,0.125,0.25,2,0,25,8,0.15483352450652943,eval,0.062211037,0.0,0,-0.125,-0.1877889633178711
curv,0.125,0.25,2,0,25,1,0.18804114907682318,eval,0.0942411,0.0,0,-0.125,-0.15575890243053436
curv,0.175,0.25,3,0,26,9,0.31235793768977616,eval,0.21414956,0.0,0,-0.07500000000000001,-0.03585043549537659
curv,0.175,0.25,3,0,26,12,0.1059055871831403,eval,0.015018076,0.0,0,-0.07500000000000001,-0.23498192429542542
curv,0.175,0.25,3,0,26,8,0.17401410615100246,eval,0.080711454,0.0,0,-0.07500000000000001,-0.1692885458469391
curv,0.175,0.25,3,0,26,1,0.23311658124128057,eval,0.13771811,0.0,0,-0.07500000000000001,-0.11228188872337341
curv,0.175,0.25,3,0,27,9,0.22835505312737925,eval,0.13312544,0.0,0,-0.07500000000000001,-0.116874560713768
curv,0.175,0.25,3,0,27,12,0.030311648744351605,eval,-0.057895288,0.0,0,-0.07500000000000001,-0.3078952878713608
curv,0.175,0.25,3,0,27,8,0.219120059471549,eval,0.12421791,0.0,0,-0.07500000000000001,-0.1257820874452591
curv,0.175,0.25,3,0,27,1,0.30445588194411166,eval,0.20652771,0.0,0,-0.07500000000000001,-0.0434722900390625
curv,0.225,0.25,4,0,28,9,0.3318564157418792,eval,0.23295662,0.0,0,-0.024999999999999994,-0.017043381929397583
curv,0.225,0.25,4,0,28,12,0.30043857213684555,eval,0.20265284,0.0,0,-0.024999999999999994,-0.04734715819358826
curv,0.225,0.25,4,0,28,8,0.2971048950005876,eval,0.19943741,0.0,0,-0.024999999999999994,-0.05056259036064148
curv,0.225,0.25,4,0,28,1,0.1495394208740069,eval,0.057104647,0.0,0,-0.024999999999999994,-0.19289535284042358
curv,0.225,0.25,4,0,29,9,0.17734901410490445,eval,0.08392806,0.0,0,-0.024999999999999994,-0.16607193648815155
curv,0.225,0.25,4,0,29,12,0.1854136214492001,eval,0.09170672,0.0,0,-0.024999999999999994,-0.15829327702522278
curv,0.225,0.25,4,0,29,8,0.15415347634020068,eval,0.061555073,0.0,0,-0.024999999999999994,-0.18844492733478546
curv,0.225,0.25,4,0,29,1,0.3939107452443673,eval,0.29281047,1.0,0,-0.024999999999999994,0.04281046986579895
curv,0.275,0.25,5,1,30,9,0.3521049326473978,eval,0.25248712,1.0,0,0.025000000000000022,0.0024871230125427246
curv,0.275,0.25,5,1,30,12,0.3218148909489514,eval,0.22327118,0.0,0,0.025000000000000022,-0.02672882378101349
curv,0.275,0.25,5,1,30,8,0.2459599919927045,eval,0.15010613,0.0,0,0.025000000000000022,-0.09989386796951294
curv,0.275,0.25,5,1,30,1,0.2462612292191334,eval,0.15039667,0.0,0,0.025000000000000022,-0.0996033251285553
curv,0.325,0.25,6,1,31,9,0.31920239999303074,eval,0.22075132,0.0,0,0.07500000000000001,-0.029248684644699097
curv,0.325,0.25,6,1,31,12,0.37767557651664274,eval,0.277151,1.0,0,0.07500000000000001,0.027150988578796387
curv,0.325,0.25,6,1,31,8,0.339291364966682,eval,0.24012792,0.0,0,0.07500000000000001,-0.009872078895568848
curv,0.325,0.25,6,1,31,1,0.4824408278844587,eval,0.37820125,1.0,0,0.07500000000000001,0.12820124626159668
curv,0.375,0.25,7,1,32,9,0.48244112374891795,eval,0.37820154,1.0,0,0.125,0.12820154428482056
curv,0.375,0.25,7,1,32,12,0.5125445311670886,eval,0.40723747,1.0,0,0.125,0.1572374701499939
curv,0.375,0.25,7,1,32,8,0.3206042278212674,eval,0.22210345,0.0,0,0.125,-0.02789655327796936
curv,0.375,0.25,7,1,32,1,0.3317214152817403,eval,0.23282641,0.0,0,0.125,-0.017173588275909424
curv,0.425,0.25,8,1,33,9,0.32464404280078596,eval,0.22599997,0.0,0,0.175,-0.024000033736228943
curv,0.425,0.25,8,1,33,12,0.24351277222568563,eval,0.14774567,0.0,0,0.175,-0.10225433111190796
curv,0.425,0.25,8,1,33,8,0.4116548441462745,eval,0.30992538,1.0,0,0.175,0.059925377368927
curv,0.425,0.25,8,1,33,1,0.3514516707657725,eval,0.251857,1.0,0,0.175,0.0018570125102996826
curv,0.475,0.25,9,1,34,9,0.39704422467572553,eval,0.2958328,1.0,0,0.22499999999999998,0.045832812786102295
curv,0.475,0.25,9,1,34,12,0.6488602111424955,eval,0.5387194,1.0,0,0.22499999999999998,0.28871941566467285
curv,0.475,0.25,9,1,34,8,0.6047871761181993,eval,0.4962092,1.0,0,0.22499999999999998,0.24620920419692993
curv,0.475,0.25,9,1,34,1,0.49997853715586665,eval,0.39511707,1.0,0,0.22499999999999998,0.14511707425117493
curv,0.525,0.25,10,1,35,9,0.6518731572705383,eval,0.54162544,1.0,0,0.275,0.291625440120697
curv,0.525,0.25,10,1,35,12,0.6518815273891231,eval,0.54163355,1.0,0,0.275,0.2916335463523865
curv,0.525,0.25,10,1,35,8,0.4282180135307945,eval,0.3259012,1.0,0,0.275,0.07590121030807495
curv,0.525,0.25,10,1,35,1,0.6281453084869473,eval,0.51873904,1.0,0,0.275,0.2687390446662903
curv,0.575,0.25,11,1,36,9,0.555391602743063,eval,0.44856519,1.0,0,0.32499999999999996,0.19856518507003784
curv,0.575,0.25,11,1,36,12,0.6323065992335506,eval,0.52275276,1.0,0,0.32499999999999996,0.2727527618408203
curv,0.575,0.25,11,1,36,8,0.767666270913514,eval,0.65331256,1.0,0,0.32499999999999996,0.4033125638961792
curv,0.575,0.25,11,1,36,1,0.5911009576715345,eval,0.48300827,1.0,0,0.32499999999999996,0.2330082654953003
curv,0.625,0.25,12,1,37,9,0.5891039353295531,eval,0.48108208,1.0,0,0.375,0.23108208179473877
curv,0.625,0.25,12,1,37,12,0.8633592229234116,eval,0.7427196,1.0,0,0.375,0.4927195906639099
curv,0.625,0.25,12,1,37,8,0.8129344377381986,eval,0.6969755,1.0,0,0.375,0.4469755291938782
curv,0.625,0.25,12,1,37,1,0.5664471175876663,eval,0.45922866,1.0,0,0.375,0.20922866463661194
curv,0.675,0.25,13,1,38,9,0.682757241935024,eval,0.5714144,1.0,0,0.42500000000000004,0.32141441106796265
curv,0.675,0.25,13,1,38,12,0.6954978597927232,eval,0.5837032,1.0,0,0.42500000000000004,0.3337032198905945
curv,0.675,0.25,13,1,38,8,0.503656056203569,eval,0.39866415,1.0,0,0.42500000000000004,0.14866414666175842
curv,0.675,0.25,13,1,38,1,0.5408780285923331,eval,0.43456632,1.0,0,0.42500000000000004,0.18456631898880005
curv,0.725,0.25,14,1,39,9,0.6560502542647139,eval,0.5456544,1.0,0,0.475,0.29565441608428955
curv,0.725,0.25,14,1,39,12,0.8071478916070218,eval,0.69139415,1.0,0,0.475,0.4413941502571106
curv,0.725,0.25,14,1,39,8,0.7108977334886978,eval,0.598557,1.0,0,0.475,0.3485569953918457
curv,0.725,0.25,14,1,39,1,0.5848479785082572,eval,0.47697705,1.0,0,0.475,0.22697705030441284
flat,0.275,0.75,0,0,40,9,0.40819413685305606,eval,0.49531192,0.0,0,-0.475,-0.2546880841255188
flat,0.275,0.75,0,0,40,12,0.20115860187320406,eval,0.29561794,0.0,0,-0.475,-0.454382061958313
flat,0.275,0.75,0,0,40,8,0.30926915696456797,eval,0.39989483,0.0,0,-0.475,-0.3501051664352417
flat,0.275,0.75,0,0,40,1,0.3252682849874866,eval,0.4153267,0.0,0,-0.475,-0.33467328548431396
flat,0.325,0.75,1,0,41,9,0.20008373483240952,eval,0.29458112,0.0,0,-0.425,-0.4554188847541809
flat,0.325,0.75,1,0,41,12,0.4384357407951828,eval,0.5244811,0.0,0,-0.425,-0.22551888227462769
flat,0.325,0.75,1,0,41,8,0.24891289124935712,eval,0.34167886,0.0,0,-0.425,-0.4083211421966553
flat,0.325,0.75,1,0,41,1,0.4239713033285805,eval,0.5105296,0.0,0,-0.425,-0.23947042226791382
flat,0.375,0.75,2,0,42,9,0.3599402001639595,eval,0.4487691,0.0,0,-0.375,-0.30123090744018555
flat,0.375,0.75,2,0,42,12,0.39178259697224144,eval,0.47948235,0.0,0,-0.375,-0.27051764726638794
flat,0.375,0.75,2,0,42,8,0.3008919496315271,eval,0.3918147,0.0,0,-0.375,-0.3581852912902832
flat,0.375,0.75,2,0,42,1,0.3585705407374709,eval,0.44744802,0.0,0,-0.375,-0.3025519847869873
flat,0.425,0.75,3,0,43,9,0.45969527857023623,eval,0.54498684,0.0,0,-0.325,-0.20501315593719482
flat,0.425,0.75,3,0,43,12,0.37987998551439534,eval,0.4680018,0.0,0,-0.325,-0.2819981873035431
flat,0.425,0.75,3,0,43,8,0.40125843032654535,eval,0.48862213,0.0,0,-0.325,-0.26137787103652954
flat,0.425,0.75,3,0,43,1,0.3175635141771565,eval,0.4078951,0.0,0,-0.325,-0.3421049118041992
flat,0.475,0.75,4,0,44,9,0.46455529309334376,eval,0.5496745,0.0,0,-0.275,-0.20032548904418945
flat,0.475,0.75,4,0,44,12,0.6866939198315876,eval,0.76393604,1.0,0,-0.275,0.013936042785644531
flat,0.475,0.75,4,0,44,8,0.548917808711155,eval,0.6310455,0.0,0,-0.275,-0.11895447969436646
flat,0.475,0.75,4,0,44,1,0.5623042152621707,eval,0.6439572,0.0,0,-0.275,-0.10604280233383179
flat,0.525,0.75,5,0,45,9,0.4447712454632119,eval,0.53059196,0.0,0,-0.22499999999999998,-0.2194080352783203
flat,0.525,0.75,5,0,45,12,0.49452003354591684,eval,0.5785767,0.0,0,-0.22499999999999998,-0.1714233160018921
flat,0.525,0.75,5,0,45,8,0.4738666161052906,eval,0.5586556,0.0,0,-0.22499999999999998,-0.19134438037872314
flat,0.525,0.75,5,0,45,1,0.39696060552854273,eval,0.4844768,0.0,0,-0.22499999999999998,-0.26552319526672363
flat,0.575,0.75,6,0,46,9,0.48816108032474786,eval,0.5724432,0.0,0,-0.17500000000000004,-0.1775568127632141
flat,0.575,0.75,6,0,46,12,0.5758861327608518,eval,0.65705746,0.0,0,-0.17500000000000004,-0.09294253587722778
flat,0.575,0.75,6,0,46,8,0.7576693811620117,eval,0.82109326,1.0,0,-0.17500000000000004,0.07109326124191284
flat,0.575,0.75,6,0,46,1,0.5036931904940727,eval,0.5874245,0.0,0,-0.17500000000000004,-0.16257548332214355
flat,0.625,0.75,7,0,47,9,0.6675394425820824,eval,0.74546075,0.0,0,-0.125,-0.0045392513275146484
flat,0.625,0.75,7,0,47,12,0.6052720042673871,eval,0.6854013,0.0,0,-0.125,-0.0645986795425415
flat,0.625,0.75,7,0,47,8,0.6539974002338532,eval,0.7323989,0.0,0,-0.125,-0.017601072788238525
flat,0.625,0.75,7,0,47,1,0.6871017853540099,eval,0.76432943,1.0,0,-0.125,0.01432943344116211
flat,0.675,0.75,8,0,48,9,0.57195195498333,eval,0.6532628,0.0,0,-0.07499999999999996,-0.09673720598220825
flat,0.675,0.75,8,0,48,12,0.5994329086763519,eval,0.6797693,0.0,0,-0.07499999999999996,-0.07023072242736816
flat,0.675,0.75,8,0,48,8,0.6647424715916677,eval,0.742763,0.0,0,-0.07499999999999996,-0.0072370171546936035
flat,0.675,0.75,8,0,48,1,0.44998588264254086,eval,0.5356217,0.0,0,-0.07499999999999996,-0.21437829732894897
flat,0.725,0.75,9,0,49,9,0.789624270571504,eval,0.8410056,1.0,0,-0.025000000000000022,0.09100562334060669
flat,0.725,0.75,9,0,49,12,0.7781272400530428,eval,0.8338414,1.0,0,-0.025000000000000022,0.08384138345718384
flat,0.725,0.75,9,0,49,8,0.8699259685131457,eval,0.891045,1.0,0,-0.025000000000000022,0.1410449743270874
flat,0.725,0.75,9,0,49,1,0.7636369597566306,eval,0.824812,1.0,0,-0.025000000000000022,0.07481199502944946
flat,0.775,0.75,10,1,50,9,0.6225851636354708,eval,0.7021006,0.0,0,0.025000000000000022,-0.04789942502975464
flat,0.775,0.75,10,1,50,12,0.8488409603732732,eval,0.8779061,1.0,0,0.025000000000000022,0.12790608406066895
flat,0.775,0.75,10,1,50,8,0.8376281195060352,eval,0.87091887,1.0,0,0.025000000000000022,0.120918869972229
flat,0.775,0.75,10,1,50,1,0.7168359163590498,eval,0.79300916,1.0,0,0.025000000000000022,0.043009161949157715
flat,0.775,0.75,10,1,51,9,0.7195016903283316,eval,0.7955804,1.0,0,0.025000000000000022,0.045580387115478516
flat,0.775,0.75,10,1,51,12,0.8104372527738726,eval,0.8539752,1.0,0,0.025000000000000022,0.10397517681121826
flat,0.775,0.75,10,1,51,8,0.8119286775687574,eval,0.85490453,1.0,0,0.025000000000000022,0.10490453243255615
flat,0.775,0.75,10,1,51,1,0.7859279697477815,eval,0.8387023,1.0,0,0.025000000000000022,0.08870232105255127
flat,0.825,0.75,11,1,52,9,0.8286306022369746,eval,0.86531216,1.0,0,0.07499999999999996,0.11531215906143188
flat,0.825,0.75,11,1,52,12,0.5889421738555064,eval,0.6696507,0.0,0,0.07499999999999996,-0.08034932613372803
flat,0.825,0.75,11,1,52,8,0.7918859617230475,eval,0.842415,1.0,0,0.07499999999999996,0.0924149751663208
flat,0.825,0.75,11,1,52,1,0.8174298473779177,eval,0.85833246,1.0,0,0.07499999999999996,0.10833245515823364
flat,0.825,0.75,11,1,53,9,0.6997848056555384,eval,0.7765627,1.0,0,0.07499999999999996,0.02656269073486328
flat,0.825,0.75,11,1,53,12,0.9257997003423085,eval,0.9258622,1.0,0,0.07499999999999996,0.17586219310760498
flat,0.825,0.75,11,1,53,8,1.006398561389275,eval,0.97608674,1.0,0,0.07499999999999996,0.22608673572540283
flat,0.825,0.75,11,1,53,1,0.8452114395043959,eval,0.87564427,1.0,0,0.07499999999999996,0.1256442666053772
flat,0.875,0.75,12,1,54,9,0.9402010863526592,eval,0.9348363,1.0,0,0.125,0.18483632802963257
flat,0.875,0.75,12,1,54,12,0.8399761650176906,eval,0.8723819,1.0,0,0.125,0.12238192558288574
flat,0.875,0.75,12,1,54,8,0.9561821589739987,eval,0.94479483,1.0,0,0.125,0.19479483366012573
flat,0.875,0.75,12,1,54,1,0.9444171936707009,eval,0.93746346,1.0,0,0.125,0.18746346235275269
flat,0.875,0.75,12,1,55,9,0.8731461186690498,eval,0.89305156,1.0,0,0.125,0.14305156469345093
flat,0.875,0.75,12,1,55,12,0.7533676588110694,eval,0.8184127,1.0,0,0.125,0.06841272115707397
flat,0.875,0.75,12,1,55,8,0.8546588664055288,eval,0.88153136,1.0,0,0.125,0.13153135776519775
flat,0.875,0.75,12,1,55,1,0.7991630249101591,eval,0.8469497,1.0,0,0.125,0.09694969654083252
flat,0.925,0.75,13,1,56,9,0.8213926318410458,eval,0.8608019,1.0,0,0.17500000000000004,0.11080187559127808
flat,0.925,0.75,13,1,56,12,0.9853280959050975,eval,0.9629568,1.0,0,0.17500000000000004,0.21295678615570068
flat,0.925,0.75,13,1,56,8,0.7672800849317296,eval,0.8270821,1.0,0,0.17500000000000004,0.07708209753036499
flat,0.925,0.75,13,1,56,1,1.0670982022311917,eval,1.0139111,1.0,0,0.17500000000000004,0.2639111280441284
flat,0.925,0.75,13,1,57,9,0.7731111770249605,eval,0.83071566,1.0,0,0.17500000000000004,0.08071565628051758
flat,0.925,0.75,13,1,57,12,0.9812849420373864,eval,0.96043736,1.0,0,0.17500000000000004,0.2104373574256897
flat,0.925,0.75,13,1,57,8,0.9622951541761923,eval,0.948604,1.0,0,0.17500000000000004,0.19860398769378662
flat,0.925,0.75,13,1,57,1,0.9976093788947765,eval,0.9706097,1.0,0,0.17500000000000004,0.22060972452163696
flat,0.975,0.75,14,1,58,9,0.8184410628627359,eval,0.85896266,1.0,0,0.22499999999999998,0.10896265506744385
flat,0.975,0.75,14,1,58,12,0.8706926297718663,eval,0.8915227,1.0,0,0.22499999999999998,0.14152270555496216
flat,0.975,0.75,14,1,58,8,0.8606259907898409,eval,0.88524973,1.0,0,0.22499999999999998,0.13524973392486572
flat,0.975,0.75,14,1,58,1,1.0593732662303268,eval,1.0090975,1.0,0,0.22499999999999998,0.25909745693206787
flat,0.975,0.75,14,1,59,9,0.9801033945130329,eval,0.95970106,1.0,0,0.22499999999999998,0.2097010612487793
flat,0.975,0.75,14,1,59,12,1.2222435678832566,eval,1.0912044,1.0,0,0.22499999999999998,0.3412044048309326
flat,0.975,0.75,14,1,59,8,0.8034054048241679,eval,0.84959334,1.0,0,0.22499999999999998,0.09959334135055542
flat,0.975,0.75,14,1,59,1,1.0914863981111027,eval,1.0291084,1.0,0,0.22499999999999998,0.2791084051132202
base,0.025,0.5,0,0,0,9,-0.002915150546776414,eval,0.047103345,0.0,1,-0.475,-0.4528966546058655
base,0.025,0.5,0,0,0,12,0.06907067447635609,eval,0.06874154,0.0,1,-0.475,-0.431258462369442
base,0.025,0.5,0,0,0,8,0.07970956613393337,eval,0.071939476,0.0,1,-0.475,-0.42806052416563034
base,0.025,0.5,0,0,0,1,-0.018643524714322124,eval,0.042375565,0.0,1,-0.475,-0.4576244354248047
base,0.075,0.5,1,0,1,9,0.10314711025906223,eval,0.08842006,0.0,1,-0.425,-0.4115799367427826
base,0.075,0.5,1,0,1,12,0.10925153909534122,eval,0.09465325,0.0,1,-0.425,-0.40534675121307373
base,0.075,0.5,1,0,1,8,0.2513759069559374,eval,0.23977563,0.0,1,-0.425,-0.2602243721485138
base,0.075,0.5,1,0,1,1,-0.041980190777286416,eval,0.0353608,0.0,1,-0.425,-0.46463920176029205
base,0.125,0.5,2,0,2,9,0.2532481233683165,eval,0.24168733,0.0,1,-0.375,-0.2583126723766327
base,0.125,0.5,2,0,2,12,0.17239470669880136,eval,0.15912838,0.0,1,-0.375,-0.3408716171979904
base,0.125,0.5,2,0,2,8,0.07632387892071708,eval,0.07092179,0.0,1,-0.375,-0.42907820641994476
base,0.125,0.5,2,0,2,1,0.2989367877130134,eval,0.28833973,0.0,1,-0.375,-0.2116602659225464
base,0.175,0.5,3,0,3,9,0.2032451825285249,eval,0.1906296,0.0,1,-0.325,-0.30937039852142334
base,0.175,0.5,3,0,3,12,0.1482691568046723,eval,0.13449393,0.0,1,-0.325,-0.3655060678720474
base,0.175,0.5,3,0,3,8,0.18441541561970465,eval,0.17140263,0.0,1,-0.325,-0.32859736680984497
base,0.175,0.5,3,0,3,1,0.1254089271557848,eval,0.111151464,0.0,1,-0.325,-0.38884853571653366
base,0.225,0.5,4,0,4,9,0.3056019527170751,eval,0.2951455,0.0,1,-0.275,-0.20485448837280273
base,0.225,0.5,4,0,4,12,0.3438327862596402,eval,0.3341828,0.0,1,-0.275,-0.16581720113754272
base,0.225,0.5,4,0,4,8,0.15444720452789168,eval,0.14080226,0.0,1,-0.275,-0.359197735786438
base,0.225,0.5,4,0,4,1,0.2578969629460202,eval,0.24643421,0.0,1,-0.275,-0.25356578826904297
base,0.275,0.5,5,0,5,9,0.15241172947768455,eval,0.13872388,0.0,1,-0.22499999999999998,-0.36127611994743347
base,0.275,0.5,5,0,5,12,0.24014279349858433,eval,0.22830553,0.0,1,-0.22499999999999998,-0.27169446647167206
base,0.275,0.5,5,0,5,8,0.15737429350797189,eval,0.14379112,0.0,1,-0.22499999999999998,-0.3562088757753372
base,0.275,0.5,5,0,5,1,0.24914274545260762,eval,0.23749535,0.0,1,-0.22499999999999998,-0.2625046521425247
base,0.325,0.5,6,0,6,9,0.32274678225324427,eval,0.312652,0.0,1,-0.175,-0.18734800815582275
base,0.325,0.5,6,0,6,12,0.17876480748448073,eval,0.16563284,0.0,1,-0.175,-0.33436715602874756
base,0.325,0.5,6,0,6,8,0.2536892033263042,eval,0.24213769,0.0,1,-0.175,-0.25786231458187103
base,0.325,0.5,6,0,6,1,0.48334728788021225,eval,0.47664022,0.0,1,-0.175,-0.02335977554321289
base,0.375,0.5,7,0,7,9,0.3874211319304505,eval,0.3786906,0.0,1,-0.125,-0.12130939960479736
base,0.375,0.5,7,0,7,12,0.4599783613618451,eval,0.4527784,0.0,1,-0.125,-0.047221601009368896
base,0.375,0.5,7,0,7,8,0.3405001475914213,eval,0.33077985,0.0,1,-0.125,-0.16922014951705933
base,0.375,0.5,7,0,7,1,0.5070360987081839,eval,0.50082874,1.0,1,-0.125,0.0008287429809570312
base,0.425,0.5,8,0,8,9,0.5112246184619911,eval,0.5051056,1.0,1,-0.07500000000000001,0.00510561466217041
base,0.425,0.5,8,0,8,12,0.6100702779951481,eval,0.6060363,1.0,1,-0.07500000000000001,0.10603630542755127
base,0.425,0.5,8,0,8,8,0.5605438028669814,eval,0.5554651,1.0,1,-0.07500000000000001,0.055465102195739746
base,0.425,0.5,8,0,8,1,0.4883352622824915,eval,0.48173338,0.0,1,-0.07500000000000001,-0.018266618251800537
base,0.475,0.5,9,0,9,9,0.4866060673431017,eval,0.47996777,0.0,1,-0.025000000000000022,-0.020032227039337158
base,0.475,0.5,9,0,9,12,0.3789848880709369,eval,0.3700764,0.0,1,-0.025000000000000022,-0.12992361187934875
base,0.475,0.5,9,0,9,8,0.4752211602573378,eval,0.4683427,0.0,1,-0.025000000000000022,-0.03165730834007263
base,0.475,0.5,9,0,9,1,0.2546490119353349,eval,0.24311778,0.0,1,-0.025000000000000022,-0.2568822205066681
base,0.525,0.5,10,1,10,9,0.6054078958119873,eval,0.60127556,1.0,1,0.025000000000000022,0.10127556324005127
base,0.525,0.5,10,1,10,12,0.5148368870407144,eval,0.50879407,1.0,1,0.025000000000000022,0.008794069290161133
base,0.525,0.5,10,1,10,8,0.44594551903321245,eval,0.4384495,0.0,1,0.025000000000000022,-0.06155049800872803
base,0.525,0.5,10,1,10,1,0.5302028974259887,eval,0.5244843,1.0,1,0.025000000000000022,0.02448427677154541
base,0.575,0.5,11,1,11,9,0.5245800752222866,eval,0.5187428,1.0,1,0.07499999999999996,0.018742799758911133
base,0.575,0.5,11,1,11,12,0.5064557989281973,eval,0.50023615,1.0,1,0.07499999999999996,0.00023615360260009766
base,0.575,0.5,11,1,11,8,0.5891877828241733,eval,0.58471334,1.0,1,0.07499999999999996,0.08471333980560303
base,0.575,0.5,11,1,11,1,0.6433686190776534,eval,0.64003706,1.0,1,0.07499999999999996,0.14003705978393555
base,0.625,0.5,12,1,12,9,0.6607954906213157,eval,0.6578316,1.0,1,0.125,0.157831609249115
base,0.625,0.5,12,1,12,12,0.5869416749872484,eval,0.5824198,1.0,1,0.125,0.08241981267929077
base,0.625,0.5,12,1,12,8,0.6467571355560034,eval,0.6434971,1.0,1,0.125,0.14349710941314697
base,0.625,0.5,12,1,12,1,0.7253961575842169,eval,0.7237948,1.0,1,0.125,0.2237948179244995
base,0.675,0.5,13,1,13,9,0.7164866401254424,eval,0.7146974,1.0,1,0.17500000000000004,0.21469742059707642
base,0.675,0.5,13,1,13,12,0.6796092971779658,eval,0.67704225,1.0,1,0.17500000000000004,0.17704224586486816
base,0.675,0.5,13,1,13,8,0.6073767944025039,eval,0.603286,1.0,1,0.17500000000000004,0.1032860279083252
base,0.675,0.5,13,1,13,1,0.61320929552924,eval,0.60924155,1.0,1,0.17500000000000004,0.1092415452003479
base,0.725,0.5,14,1,14,9,0.6000224275413348,eval,0.5957765,1.0,1,0.22499999999999998,0.0957764983177185
base,0.725,0.5,14,1,14,12,0.6008191547218831,eval,0.5965901,1.0,1,0.22499999999999998,0.09659010171890259
base,0.725,0.5,14,1,14,8,0.8393233626629595,eval,0.8401253,1.0,1,0.22499999999999998,0.34012532234191895
base,0.725,0.5,14,1,14,1,0.9072011363328323,eval,0.9094349,1.0,1,0.22499999999999998,0.4094349145889282
base,0.775,0.5,15,1,15,9,0.7925538628567643,eval,0.79236925,1.0,1,0.275,0.2923692464828491
base,0.775,0.5,15,1,15,12,0.7472346328732713,eval,0.74609405,1.0,1,0.275,0.24609404802322388
base,0.775,0.5,15,1,15,8,0.586165110902335,eval,0.5816269,1.0,1,0.275,0.08162689208984375
base,0.775,0.5,15,1,15,1,0.6429569029986707,eval,0.63961667,1.0,1,0.275,0.13961666822433472
base,0.825,0.5,16,1,16,9,0.7929637473048593,eval,0.79278773,1.0,1,0.32499999999999996,0.29278773069381714
base,0.825,0.5,16,1,16,12,0.6784032613617612,eval,0.6758107,1.0,1,0.32499999999999996,0.17581069469451904
base,0.825,0.5,16,1,16,8,0.8036455371917013,eval,0.80369484,1.0,1,0.32499999999999996,0.30369484424591064
base,0.825,0.5,16,1,16,1,0.7588471978184781,eval,0.7579515,1.0,1,0.32499999999999996,0.2579514980316162
base,0.875,0.5,17,1,17,9,0.6845912051383966,eval,0.68212926,1.0,1,0.375,0.18212926387786865
base,0.875,0.5,17,1,17,12,0.8181772362058521,eval,0.81853306,1.0,1,0.375,0.3185330629348755
base,0.875,0.5,17,1,17,8,0.9415066065629245,eval,0.9444641,1.0,1,0.375,0.4444640874862671
base,0.875,0.5,17,1,17,1,0.9685049988114022,eval,0.9720319,1.0,1,0.375,0.4720318913459778
base,0.925,0.5,18,1,18,9,1.0208406680141398,eval,1.0254716,1.0,1,0.42500000000000004,0.525471568107605
base,0.925,0.5,18,1,18,12,0.8063930346013513,eval,0.8065004,1.0,1,0.42500000000000004,0.3065003752708435
base,0.925,0.5,18,1,18,8,0.7911567480523145,eval,0.79094267,1.0,1,0.42500000000000004,0.2909426689147949
base,0.925,0.5,18,1,18,1,0.9299054613825312,eval,0.93261814,1.0,1,0.42500000000000004,0.4326181411743164
base,0.975,0.5,19,1,19,9,0.9388141319695699,eval,0.9417147,1.0,1,0.475,0.44171470403671265
base,0.975,0.5,19,1,19,12,0.8690939300539855,eval,0.87052387,1.0,1,0.475,0.3705238699913025
base,0.975,0.5,19,1,19,8,1.0111253748643376,eval,1.0155513,1.0,1,0.475,0.5155513286590576
base,0.975,0.5,19,1,19,1,1.1752392583645255,eval,1.1831269,1.0,1,0.475,0.6831269264221191
curv,0.025,0.25,0,0,20,9,-0.06023900581258609,eval,0.035462677,0.0,1,-0.225,-0.21453732252120972
curv,0.025,0.25,0,0,20,12,-0.14699106806582,eval,0.009385884,0.0,1,-0.225,-0.240614116191864
curv,0.025,0.25,0,0,20,8,0.1542893050193805,eval,0.11633536,0.0,1,-0.225,-0.13366463780403137
curv,0.025,0.25,0,0,20,1,0.04385191925124656,eval,0.066751316,0.0,1,-0.225,-0.18324868381023407
curv,0.025,0.25,0,0,21,9,-0.012731674369381461,eval,0.049742892,0.0,1,-0.225,-0.2002571076154709
curv,0.025,0.25,0,0,21,12,0.1469354588732634,eval,0.10882643,0.0,1,-0.225,-0.1411735713481903
curv,0.025,0.25,0,0,21,8,0.07036712642569681,eval,0.074721515,0.0,1,-0.225,-0.17527848482131958
curv,0.025,0.25,0,0,21,1,-0.03831940901922267,eval,0.04205148,0.0,1,-0.225,-0.20794852077960968
curv,0.075,0.25,1,0,22,9,0.08882003031483213,eval,0.080268264,0.0,1,-0.175,-0.1697317361831665
curv,0.075,0.25,1,0,22,12,0.12590590847395516,eval,0.09141589,0.0,1,-0.175,-0.1585841104388237
curv,0.075,0.25,1,0,22,8,-0.09401599429769265,eval,0.025309667,0.0,1,-0.175,-0.22469033300876617
curv,0.075,0.25,1,0,22,1,0.03724364947671917,eval,0.06476494,0.0,1,-0.175,-0.18523506075143814
curv,0.075,0.25,1,0,23,9,0.22579094843471398,eval,0.18934529,0.0,1,-0.175,-0.060654714703559875
curv,0.075,0.25,1,0,23,12,-0.11674640434564944,eval,0.018477112,0.0,1,-0.175,-0.23152288794517517
curv,0.075,0.25,1,0,23,8,0.0021804972564751224,eval,0.054225326,0.0,1,-0.175,-0.19577467441558838
curv,0.075,0.25,1,0,23,1,-0.03411461176191956,eval,0.04331538,0.0,1,-0.175,-0.20668461918830872
curv,0.125,0.25,2,0,24,9,0.10840667969937974,eval,0.08615581,0.0,1,-0.125,-0.16384419053792953
curv,0.125,0.25,2,0,24,12,0.06531724059521243,eval,0.07320356,0.0,1,-0.125,-0.17679643630981445
curv,0.125,0.25,2,0,24,8,0.24823034025042634,eval,0.21225803,0.0,1,-0.125,-0.037741973996162415
curv,0.125,0.25,2,0,24,1,-0.002768016638660803,eval,0.052737847,0.0,1,-0.125,-0.19726215302944183
curv,0.125,0.25,2,0,25,9,0.17224074969585104,eval,0.13466549,0.0,1,-0.125,-0.11533451080322266
curv,0.125,0.25,2,0,25,12,0.0579561400096926,eval,0.0709909,0.0,1,-0.125,-0.1790091022849083
curv,0.125,0.25,2,0,25,8,0.15483352450652943,eval,0.11689111,0.0,1,-0.125,-0.13310889154672623
curv,0.125,0.25,2,0,25,1,0.18804114907682318,eval,0.15079919,0.0,1,-0.125,-0.09920081496238708
curv,0.175,0.25,3,0,26,9,0.31235793768977616,eval,0.27773836,1.0,1,-0.07500000000000001,0.027738362550735474
curv,0.175,0.25,3,0,26,12,0.1059055871831403,eval,0.08540399,0.0,1,-0.07500000000000001,-0.16459601372480392
curv,0.175,0.25,3,0,26,8,0.17401410615100246,eval,0.13647626,0.0,1,-0.07500000000000001,-0.11352373659610748
curv,0.175,0.25,3,0,26,1,0.23311658124128057,eval,0.19682544,0.0,1,-0.07500000000000001,-0.05317455530166626
curv,0.175,0.25,3,0,27,9,0.22835505312737925,eval,0.19196348,0.0,1,-0.07500000000000001,-0.05803652107715607
curv,0.175,0.25,3,0,27,12,0.030311648744351605,eval,0.06268125,0.0,1,-0.07500000000000001,-0.18731874972581863
curv,0.175,0.25,3,0,27,8,0.219120059471549,eval,0.18253367,0.0,1,-0.07500000000000001,-0.06746633350849152
curv,0.175,0.25,3,0,27,1,0.30445588194411166,eval,0.2696696,1.0,1,-0.07500000000000001,0.01966959238052368
curv,0.225,0.25,4,0,28,9,0.3318564157418792,eval,0.29764813,1.0,1,-0.024999999999999994,0.04764813184738159
curv,0.225,0.25,4,0,28,12,0.30043857213684555,eval,0.26556754,1.0,1,-0.024999999999999994,0.015567541122436523
curv,0.225,0.25,4,0,28,8,0.2971048950005876,eval,0.26216355,1.0,1,-0.024999999999999994,0.012163549661636353
curv,0.225,0.25,4,0,28,1,0.1495394208740069,eval,0.111485295,0.0,1,-0.024999999999999994,-0.1385147050023079
curv,0.225,0.25,4,0,29,9,0.17734901410490445,eval,0.13988152,0.0,1,-0.024999999999999994,-0.11011847853660583
curv,0.225,0.25,4,0,29,12,0.1854136214492001,eval,0.14811625,0.0,1,-0.024999999999999994,-0.10188375413417816
curv,0.225,0.25,4,0,29,8,0.15415347634020068,eval,0.1161967,0.0,1,-0.024999999999999994,-0.13380330055952072
curv,0.225,0.25,4,0,29,1,0.3939107452443673,eval,0.3610114,1.0,1,-0.024999999999999994,0.11101138591766357
curv,0.275,0.25,5,1,30,9,0.3521049326473978,eval,0.31832376,1.0,1,0.025000000000000022,0.0683237612247467
curv,0.275,0.25,5,1,30,12,0.3218148909489514,eval,0.28739482,1.0,1,0.025000000000000022,0.037394821643829346
curv,0.275,0.25,5,1,30,8,0.2459599919927045,eval,0.2099398,0.0,1,0.025000000000000022,-0.04006020724773407
curv,0.275,0.25,5,1,30,1,0.2462612292191334,eval,0.21024738,0.0,1,0.025000000000000022,-0.039752617478370667
curv,0.325,0.25,6,1,31,9,0.31920239999303074,eval,0.2847272,1.0,1,0.07500000000000001,0.03472718596458435
curv,0.325,0.25,6,1,31,12,0.37767557651664274,eval,0.34443378,1.0,1,0.07500000000000001,0.09443378448486328
curv,0.325,0.25,6,1,31,8,0.339291364966682,eval,0.30523992,1.0,1,0.07500000000000001,0.05523991584777832
curv,0.325,0.25,6,1,31,1,0.4824408278844587,eval,0.45140898,1.0,1,0.07500000000000001,0.2014089822769165
curv,0.375,0.25,7,1,32,9,0.48244112374891795,eval,0.45140934,1.0,1,0.125,0.20140933990478516
curv,0.375,0.25,7,1,32,12,0.5125445311670886,eval,0.48214763,1.0,1,0.125,0.23214763402938843
curv,0.375,0.25,7,1,32,8,0.3206042278212674,eval,0.28615856,1.0,1,0.125,0.03615856170654297
curv,0.375,0.25,7,1,32,1,0.3317214152817403,eval,0.2975103,1.0,1,0.125,0.0475102961063385
curv,0.425,0.25,8,1,33,9,0.32464404280078596,eval,0.2902836,1.0,1,0.175,0.04028359055519104
curv,0.425,0.25,8,1,33,12,0.24351277222568563,eval,0.20744097,0.0,1,0.175,-0.042559027671813965
curv,0.425,0.25,8,1,33,8,0.4116548441462745,eval,0.3791298,1.0,1,0.175,0.1291297972202301
curv,0.425,0.25,8,1,33,1,0.3514516707657725,eval,0.3176567,1.0,1,0.175,0.06765669584274292
curv,0.475,0.25,9,1,34,9,0.39704422467572553,eval,0.36421096,1.0,1,0.22499999999999998,0.11421096324920654
curv,0.475,0.25,9,1,34,12,0.6488602111424955,eval,0.62133884,1.0,1,0.22499999999999998,0.3713388442993164
curv,0.475,0.25,9,1,34,8,0.6047871761181993,eval,0.5763361,1.0,1,0.22499999999999998,0.3263360857963562
curv,0.475,0.25,9,1,34,1,0.49997853715586665,eval,0.46931663,1.0,1,0.22499999999999998,0.21931663155555725
curv,0.525,0.25,10,1,35,9,0.6518731572705383,eval,0.62441534,1.0,1,0.275,0.3744153380393982
curv,0.525,0.25,10,1,35,12,0.6518815273891231,eval,0.6244239,1.0,1,0.275,0.37442392110824585
curv,0.525,0.25,10,1,35,8,0.4282180135307945,eval,0.39604235,1.0,1,0.275,0.1460423469543457
curv,0.525,0.25,10,1,35,1,0.6281453084869473,eval,0.600187,1.0,1,0.275,0.3501870036125183
curv,0.575,0.25,11,1,36,9,0.555391602743063,eval,0.5258986,1.0,1,0.32499999999999996,0.2758985757827759
curv,0.575,0.25,11,1,36,12,0.6323065992335506,eval,0.60443604,1.0,1,0.32499999999999996,0.3544360399246216
curv,0.575,0.25,11,1,36,8,0.767666270913514,eval,0.7426511,1.0,1,0.32499999999999996,0.492651104927063
curv,0.575,0.25,11,1,36,1,0.5911009576715345,eval,0.5623612,1.0,1,0.32499999999999996,0.3123611807823181
curv,0.625,0.25,12,1,37,9,0.5891039353295531,eval,0.56032205,1.0,1,0.375,0.3103220462799072
curv,0.625,0.25,12,1,37,12,0.8633592229234116,eval,0.8403625,1.0,1,0.375,0.5903624892234802
curv,0.625,0.25,12,1,37,8,0.8129344377381986,eval,0.78887415,1.0,1,0.375,0.5388741493225098
curv,0.625,0.25,12,1,37,1,0.5664471175876663,eval,0.53718734,1.0,1,0.375,0.2871873378753662
curv,0.675,0.25,13,1,38,9,0.682757241935024,eval,0.6559509,1.0,1,0.42500000000000004,0.4059509038925171
curv,0.675,0.25,13,1,38,12,0.6954978597927232,eval,0.66896033,1.0,1,0.42500000000000004,0.4189603328704834
curv,0.675,0.25,13,1,38,8,0.503656056203569,eval,0.4730717,1.0,1,0.42500000000000004,0.22307169437408447
curv,0.675,0.25,13,1,38,1,0.5408780285923331,eval,0.5110789,1.0,1,0.42500000000000004,0.2610788941383362
curv,0.725,0.25,14,1,39,9,0.6560502542647139,eval,0.6286805,1.0,1,0.475,0.3786805272102356
curv,0.725,0.25,14,1,39,12,0.8071478916070218,eval,0.78296554,1.0,1,0.475,0.5329655408859253
curv,0.725,0.25,14,1,39,8,0.7108977334886978,eval,0.684685,1.0,1,0.475,0.43468499183654785
curv,0.725,0.25,14,1,39,1,0.5848479785082572,eval,0.5559763,1.0,1,0.475,0.3059762716293335
flat,0.275,0.75,0,0,40,9,0.40819413685305606,eval,0.42420742,0.0,1,-0.475,-0.3257925808429718
flat,0.275,0.75,0,0,40,12,0.20115860187320406,eval,0.21280468,0.0,1,-0.475,-0.5371953248977661
flat,0.275,0.75,0,0,40,8,0.30926915696456797,eval,0.32319576,0.0,1,-0.475,-0.42680424451828003
flat,0.275,0.75,0,0,40,1,0.3252682849874866,eval,0.33953238,0.0,1,-0.475,-0.41046762466430664
flat,0.325,0.75,1,0,41,9,0.20008373483240952,eval,0.21170714,0.0,1,-0.425,-0.5382928550243378
flat,0.325,0.75,1,0,41,12,0.4384357407951828,eval,0.45508695,0.0,1,-0.425,-0.29491305351257324
flat,0.325,0.75,1,0,41,8,0.24891289124935712,eval,0.26156628,0.0,1,-0.425,-0.48843371868133545
flat,0.325,0.75,1,0,41,1,0.4239713033285805,eval,0.44031742,0.0,1,-0.425,-0.30968257784843445
flat,0.375,0.75,2,0,42,9,0.3599402001639595,eval,0.37493566,0.0,1,-0.375,-0.37506434321403503
flat,0.375,0.75,2,0,42,12,0.39178259697224144,eval,0.40744975,0.0,1,-0.375,-0.34255024790763855
flat,0.375,0.75,2,0,42,8,0.3008919496315271,eval,0.31464183,0.0,1,-0.375,-0.4353581666946411
flat,0.375,0.75,2,0,42,1,0.3585705407374709,eval,0.37353712,0.0,1,-0.375,-0.3764628767967224
flat,0.425,0.75,3,0,43,9,0.45969527857023623,eval,0.476795,0.0,1,-0.325,-0.2732050120830536
flat,0.425,0.75,3,0,43,12,0.37987998551439534,eval,0.39529604,0.0,1,-0.325,-0.35470396280288696
flat,0.425,0.75,3,0,43,8,0.40125843032654535,eval,0.41712546,0.0,1,-0.325,-0.3328745365142822
flat,0.425,0.75,3,0,43,1,0.3175635141771565,eval,0.33166504,0.0,1,-0.325,-0.4183349609375
flat,0.475,0.75,4,0,44,9,0.46455529309334376,eval,0.48175752,0.0,1,-0.275,-0.2682424783706665
flat,0.475,0.75,4,0,44,12,0.6866939198315876,eval,0.7085819,0.0,1,-0.275,-0.04141807556152344
flat,0.475,0.75,4,0,44,8,0.548917808711155,eval,0.5678996,0.0,1,-0.275,-0.18210041522979736
flat,0.475,0.75,4,0,44,1,0.5623042152621707,eval,0.58156836,0.0,1,-0.275,-0.16843163967132568
flat,0.525,0.75,5,0,45,9,0.4447712454632119,eval,0.46155614,0.0,1,-0.22499999999999998,-0.2884438633918762
flat,0.525,0.75,5,0,45,12,0.49452003354591684,eval,0.5123543,0.0,1,-0.22499999999999998,-0.23764568567276
flat,0.525,0.75,5,0,45,8,0.4738666161052906,eval,0.49126524,0.0,1,-0.22499999999999998,-0.2587347626686096
flat,0.525,0.75,5,0,45,1,0.39696060552854273,eval,0.41273695,0.0,1,-0.22499999999999998,-0.3372630476951599
flat,0.575,0.75,6,0,46,9,0.48816108032474786,eval,0.5058612,0.0,1,-0.17500000000000004,-0.24413877725601196
flat,0.575,0.75,6,0,46,12,0.5758861327608518,eval,0.5954367,0.0,1,-0.17500000000000004,-0.154563307762146
flat,0.575,0.75,6,0,46,8,0.7576693811620117,eval,0.7810547,1.0,1,-0.17500000000000004,0.031054675579071045
flat,0.575,0.75,6,0,46,1,0.5036931904940727,eval,0.52172095,0.0,1,-0.17500000000000004,-0.22827905416488647
flat,0.625,0.75,7,0,47,9,0.6675394425820824,eval,0.6890234,0.0,1,-0.125,-0.060976624488830566
flat,0.625,0.75,7,0,47,12,0.6052720042673871,eval,0.6254425,0.0,1,-0.125,-0.1245574951171875
flat,0.625,0.75,7,0,47,8,0.6539974002338532,eval,0.67519575,0.0,1,-0.125,-0.07480424642562866
flat,0.625,0.75,7,0,47,1,0.6871017853540099,eval,0.7089983,0.0,1,-0.125,-0.04100167751312256
flat,0.675,0.75,8,0,48,9,0.57195195498333,eval,0.5914196,0.0,1,-0.07499999999999996,-0.15858042240142822
flat,0.675,0.75,8,0,48,12,0.5994329086763519,eval,0.61948025,0.0,1,-0.07499999999999996,-0.13051974773406982
flat,0.675,0.75,8,0,48,8,0.6647424715916677,eval,0.6861674,0.0,1,-0.07499999999999996,-0.06383258104324341
flat,0.675,0.75,8,0,48,1,0.44998588264254086,eval,0.46688074,0.0,1,-0.07499999999999996,-0.283119261264801
flat,0.725,0.75,9,0,49,9,0.789624270571504,eval,0.81368345,1.0,1,-0.025000000000000022,0.06368345022201538
flat,0.725,0.75,9,0,49,12,0.7781272400530428,eval,0.80194396,1.0,1,-0.025000000000000022,0.051943957805633545
flat,0.725,0.75,9,0,49,8,0.8699259685131457,eval,0.8956791,1.0,1,-0.025000000000000022,0.14567911624908447
flat,0.725,0.75,9,0,49,1,0.7636369597566306,eval,0.78714806,1.0,1,-0.025000000000000022,0.03714805841445923
flat,0.775,0.75,10,1,50,9,0.6225851636354708,eval,0.6431209,0.0,1,0.025000000000000022,-0.10687911510467529
flat,0.775,0.75,10,1,50,12,0.8488409603732732,eval,0.8741493,1.0,1,0.025000000000000022,0.12414932250976562
flat,0.775,0.75,10,1,50,8,0.8376281195060352,eval,0.8627,1.0,1,0.025000000000000022,0.11269998550415039
flat,0.775,0.75,10,1,50,1,0.7168359163590498,eval,0.73935974,0.0,1,0.025000000000000022,-0.010640263557434082
flat,0.775,0.75,10,1,51,9,0.7195016903283316,eval,0.74208176,0.0,1,0.025000000000000022,-0.007918238639831543
flat,0.775,0.75,10,1,51,12,0.8104372527738726,eval,0.83493555,1.0,1,0.025000000000000022,0.08493554592132568
flat,0.775,0.75,10,1,51,8,0.8119286775687574,eval,0.83645844,1.0,1,0.025000000000000022,0.08645844459533691
flat,0.775,0.75,10,1,51,1,0.7859279697477815,eval,0.8099092,1.0,1,0.025000000000000022,0.05990922451019287
flat,0.825,0.75,11,1,52,9,0.8286306022369746,eval,0.8535127,1.0,1,0.07499999999999996,0.103512704372406
flat,0.825,0.75,11,1,52,12,0.5889421738555064,eval,0.6087682,0.0,1,0.07499999999999996,-0.14123177528381348
flat,0.825,0.75,11,1,52,8,0.7918859617230475,eval,0.8159929,1.0,1,0.07499999999999996,0.06599289178848267
flat,0.825,0.75,11,1,52,1,0.8174298473779177,eval,0.8420756,1.0,1,0.07499999999999996,0.09207558631896973
flat,0.825,0.75,11,1,53,9,0.6997848056555384,eval,0.7219489,0.0,1,0.07499999999999996,-0.02805107831954956
flat,0.825,0.75,11,1,53,12,0.9257997003423085,eval,0.9527315,1.0,1,0.07499999999999996,0.20273149013519287
flat,0.825,0.75,11,1,53,8,1.006398561389275,eval,1.0350306,1.0,1,0.07499999999999996,0.2850306034088135
flat,0.825,0.75,11,1,53,1,0.8452114395043959,eval,0.8704432,1.0,1,0.07499999999999996,0.12044322490692139
flat,0.875,0.75,12,1,54,9,0.9402010863526592,eval,0.96743673,1.0,1,0.125,0.21743673086166382
flat,0.875,0.75,12,1,54,12,0.8399761650176906,eval,0.8650976,1.0,1,0.125,0.11509758234024048
flat,0.875,0.75,12,1,54,8,0.9561821589739987,eval,0.9837548,1.0,1,0.125,0.23375481367111206
flat,0.875,0.75,12,1,54,1,0.9444171936707009,eval,0.9717417,1.0,1,0.125,0.2217416763305664
flat,0.875,0.75,12,1,55,9,0.8731461186690498,eval,0.8989672,1.0,1,0.125,0.1489672064781189
flat,0.875,0.75,12,1,55,12,0.7533676588110694,eval,0.7766622,1.0,1,0.125,0.026662170886993408
flat,0.875,0.75,12,1,55,8,0.8546588664055288,eval,0.88008994,1.0,1,0.125,0.13008993864059448
flat,0.875,0.75,12,1,55,1,0.7991630249101591,eval,0.8234235,1.0,1,0.125,0.07342350482940674
flat,0.925,0.75,13,1,56,9,0.8213926318410458,eval,0.846122,1.0,1,0.17500000000000004,0.09612202644348145
flat,0.925,0.75,13,1,56,12,0.9853280959050975,eval,1.0135155,1.0,1,0.17500000000000004,0.2635154724121094
flat,0.925,0.75,13,1,56,8,0.7672800849317296,eval,0.79086804,1.0,1,0.17500000000000004,0.04086804389953613
flat,0.925,0.75,13,1,56,1,1.0670982022311917,eval,1.0970106,1.0,1,0.17500000000000004,0.34701061248779297
flat,0.925,0.75,13,1,57,9,0.7731111770249605,eval,0.7968221,1.0,1,0.17500000000000004,0.04682207107543945
flat,0.925,0.75,13,1,57,12,0.9812849420373864,eval,1.0093871,1.0,1,0.17500000000000004,0.25938713550567627
flat,0.925,0.75,13,1,57,8,0.9622951541761923,eval,0.9899968,1.0,1,0.17500000000000004,0.2399967908859253
flat,0.925,0.75,13,1,57,1,0.9976093788947765,eval,1.0260559,1.0,1,0.17500000000000004,0.2760559320449829
flat,0.975,0.75,14,1,58,9,0.8184410628627359,eval,0.8431082,1.0,1,0.22499999999999998,0.0931081771850586
flat,0.975,0.75,14,1,58,12,0.8706926297718663,eval,0.89646196,1.0,1,0.22499999999999998,0.14646196365356445
flat,0.975,0.75,14,1,58,8,0.8606259907898409,eval,0.88618296,1.0,1,0.22499999999999998,0.136182963848114
flat,0.975,0.75,14,1,58,1,1.0593732662303268,eval,1.0891227,1.0,1,0.22499999999999998,0.3391226530075073
flat,0.975,0.75,14,1,59,9,0.9801033945130329,eval,1.0081806,1.0,1,0.22499999999999998,0.2581806182861328
flat,0.975,0.75,14,1,59,12,1.2222435678832566,eval,1.2407849,1.0,1,0.22499999999999998,0.4907848834991455
flat,0.975,0.75,14,1,59,8,0.8034054048241679,eval,0.82775533,1.0,1,0.22499999999999998,0.07775533199310303
flat,0.975,0.75,14,1,59,1,1.0914863981111027,eval,1.1219132,1.0,1,0.22499999999999998,0.37191319465637207
base,0.025,0.5,0,0,0,9,-0.002915150546776414,eval,0.16672601,0.0,2,-0.475,-0.3332739919424057
base,0.025,0.5,0,0,0,12,0.06907067447635609,eval,0.21630217,0.0,2,-0.475,-0.28369782865047455
base,0.025,0.5,0,0,0,8,0.07970956613393337,eval,0.2236291,0.0,2,-0.475,-0.27637089788913727
base,0.025,0.5,0,0,0,1,-0.018643524714322124,eval,0.155894,0.0,2,-0.475,-0.3441060036420822
base,0.075,0.5,1,0,1,9,0.10314711025906223,eval,0.23977037,0.0,2,-0.425,-0.2602296322584152
base,0.075,0.5,1,0,1,12,0.10925153909534122,eval,0.24397446,0.0,2,-0.425,-0.2560255378484726
base,0.075,0.5,1,0,1,8,0.2513759069559374,eval,0.3418545,0.0,2,-0.425,-0.1581454873085022
base,0.075,0.5,1,0,1,1,-0.041980190777286416,eval,0.15028967,0.0,2,-0.425,-0.3497103303670883
base,0.125,0.5,2,0,2,9,0.2532481233683165,eval,0.3431439,0.0,2,-0.375,-0.15685608983039856
base,0.125,0.5,2,0,2,12,0.17239470669880136,eval,0.2874607,0.0,2,-0.375,-0.21253928542137146
base,0.125,0.5,2,0,2,8,0.07632387892071708,eval,0.2212974,0.0,2,-0.375,-0.27870260179042816
base,0.125,0.5,2,0,2,1,0.2989367877130134,eval,0.3746094,0.0,2,-0.375,-0.12539058923721313
base,0.175,0.5,3,0,3,9,0.2032451825285249,eval,0.3087072,0.0,2,-0.325,-0.19129279255867004
base,0.175,0.5,3,0,3,12,0.1482691568046723,eval,0.2708456,0.0,2,-0.325,-0.22915440797805786
base,0.175,0.5,3,0,3,8,0.18441541561970465,eval,0.2957393,0.0,2,-0.325,-0.2042607069015503
base,0.175,0.5,3,0,3,1,0.1254089271557848,eval,0.25510192,0.0,2,-0.325,-0.24489808082580566
base,0.225,0.5,4,0,4,9,0.3056019527170751,eval,0.37919962,0.0,2,-0.275,-0.12080037593841553
base,0.225,0.5,4,0,4,12,0.3438327862596402,eval,0.40552893,0.0,2,-0.275,-0.09447106719017029
base,0.225,0.5,4,0,4,8,0.15444720452789168,eval,0.27510038,0.0,2,-0.275,-0.22489961981773376
base,0.225,0.5,4,0,4,1,0.2578969629460202,eval,0.3463455,0.0,2,-0.275,-0.15365448594093323
base,0.275,0.5,5,0,5,9,0.15241172947768455,eval,0.27369857,0.0,2,-0.22499999999999998,-0.2263014316558838
base,0.275,0.5,5,0,5,12,0.24014279349858433,eval,0.33411837,0.0,2,-0.22499999999999998,-0.16588163375854492
base,0.275,0.5,5,0,5,8,0.15737429350797189,eval,0.27711627,0.0,2,-0.22499999999999998,-0.22288373112678528
base,0.275,0.5,5,0,5,1,0.24914274545260762,eval,0.3403166,0.0,2,-0.22499999999999998,-0.15968340635299683
base,0.325,0.5,6,0,6,9,0.32274678225324427,eval,0.39100716,0.0,2,-0.175,-0.10899284482002258
base,0.325,0.5,6,0,6,12,0.17876480748448073,eval,0.29184777,0.0,2,-0.175,-0.20815223455429077
base,0.325,0.5,6,0,6,8,0.2536892033263042,eval,0.3434477,0.0,2,-0.175,-0.15655231475830078
base,0.325,0.5,6,0,6,1,0.48334728788021225,eval,0.50161165,1.0,2,-0.175,0.0016116499900817871
base,0.375,0.5,7,0,7,9,0.3874211319304505,eval,0.43554795,0.0,2,-0.125,-0.06445205211639404
base,0.375,0.5,7,0,7,12,0.4599783613618451,eval,0.48551762,0.0,2,-0.125,-0.014482378959655762
base,0.375,0.5,7,0,7,8,0.3405001475914213,eval,0.40323377,0.0,2,-0.125,-0.09676623344421387
base,0.375,0.5,7,0,7,1,0.5070360987081839,eval,0.5179259,1.0,2,-0.125,0.017925918102264404
base,0.425,0.5,8,0,8,9,0.5112246184619911,eval,0.52081054,1.0,2,-0.07500000000000001,0.02081054449081421
base,0.425,0.5,8,0,8,12,0.6100702779951481,eval,0.58888483,1.0,2,-0.07500000000000001,0.08888483047485352
base,0.425,0.5,8,0,8,8,0.5605438028669814,eval,0.5547763,1.0,2,-0.07500000000000001,0.05477631092071533
base,0.425,0.5,8,0,8,1,0.4883352622824915,eval,0.5050468,1.0,2,-0.07500000000000001,0.0050467848777771
base,0.475,0.5,9,0,9,9,0.4866060673431017,eval,0.5038559,1.0,2,-0.025000000000000022,0.003855884075164795
base,0.475,0.5,9,0,9,12,0.3789848880709369,eval,0.42973796,0.0,2,-0.025000000000000022,-0.07026204466819763
base,0.475,0.5,9,0,9,8,0.4752211602573378,eval,0.4960152,0.0,2,-0.025000000000000022,-0.003984808921813965
base,0.475,0.5,9,0,9,1,0.2546490119353349,eval,0.3441087,0.0,2,-0.025000000000000022,-0.1558912992477417
base,0.525,0.5,10,1,10,9,0.6054078958119873,eval,0.5856739,1.0,2,0.025000000000000022,0.08567392826080322
base,0.525,0.5,10,1,10,12,0.5148368870407144,eval,0.5232983,1.0,2,0.025000000000000022,0.023298323154449463
base,0.525,0.5,10,1,10,8,0.44594551903321245,eval,0.47585326,0.0,2,0.025000000000000022,-0.024146735668182373
base,0.525,0.5,10,1,10,1,0.5302028974259887,eval,0.5338808,1.0,2,0.025000000000000022,0.033880770206451416
base,0.575,0.5,11,1,11,9,0.5245800752222866,eval,0.5300083,1.0,2,0.07499999999999996,0.030008316040039062
base,0.575,0.5,11,1,11,12,0.5064557989281973,eval,0.51752627,1.0,2,0.07499999999999996,0.01752626895904541
base,0.575,0.5,11,1,11,8,0.5891877828241733,eval,0.57450324,1.0,2,0.07499999999999996,0.07450324296951294
base,0.575,0.5,11,1,11,1,0.6433686190776534,eval,0.6118172,1.0,2,0.07499999999999996,0.11181718111038208
base,0.625,0.5,12,1,12,9,0.6607954906213157,eval,0.623819,1.0,2,0.125,0.12381899356842041
base,0.625,0.5,12,1,12,12,0.5869416749872484,eval,0.5729564,1.0,2,0.125,0.072956383228302
base,0.625,0.5,12,1,12,8,0.6467571355560034,eval,0.6141509,1.0,2,0.125,0.11415088176727295
base,0.625,0.5,12,1,12,1,0.7253961575842169,eval,0.668309,1.0,2,0.125,0.16830897331237793
base,0.675,0.5,13,1,13,9,0.7164866401254424,eval,0.6621731,1.0,2,0.17500000000000004,0.1621730923652649
base,0.675,0.5,13,1,13,12,0.6796092971779658,eval,0.6367759,1.0,2,0.17500000000000004,0.1367759108543396
base,0.675,0.5,13,1,13,8,0.6073767944025039,eval,0.58702993,1.0,2,0.17500000000000004,0.08702993392944336
base,0.675,0.5,13,1,13,1,0.61320929552924,eval,0.59104675,1.0,2,0.17500000000000004,0.09104675054550171
base,0.725,0.5,14,1,14,9,0.6000224275413348,eval,0.581965,1.0,2,0.22499999999999998,0.08196502923965454
base,0.725,0.5,14,1,14,12,0.6008191547218831,eval,0.5825137,1.0,2,0.22499999999999998,0.08251368999481201
base,0.725,0.5,14,1,14,8,0.8393233626629595,eval,0.74676985,1.0,2,0.22499999999999998,0.24676984548568726
base,0.725,0.5,14,1,14,1,0.9072011363328323,eval,0.79351693,1.0,2,0.22499999999999998,0.29351693391799927
base,0.775,0.5,15,1,15,9,0.7925538628567643,eval,0.71456003,1.0,2,0.275,0.21456003189086914
base,0.775,0.5,15,1,15,12,0.7472346328732713,eval,0.683349,1.0,2,0.275,0.18334901332855225
base,0.775,0.5,15,1,15,8,0.586165110902335,eval,0.5724216,1.0,2,0.275,0.0724216103553772
base,0.775,0.5,15,1,15,1,0.6429569029986707,eval,0.61153364,1.0,2,0.275,0.11153364181518555
base,0.825,0.5,16,1,16,9,0.7929637473048593,eval,0.7148423,1.0,2,0.32499999999999996,0.2148423194885254
base,0.825,0.5,16,1,16,12,0.6784032613617612,eval,0.6359453,1.0,2,0.32499999999999996,0.13594532012939453
base,0.825,0.5,16,1,16,8,0.8036455371917013,eval,0.72219884,1.0,2,0.32499999999999996,0.22219884395599365
base,0.825,0.5,16,1,16,1,0.7588471978184781,eval,0.6913466,1.0,2,0.32499999999999996,0.19134658575057983
base,0.875,0.5,17,1,17,9,0.6845912051383966,eval,0.640207,1.0,2,0.375,0.14020699262619019
base,0.875,0.5,17,1,17,12,0.8181772362058521,eval,0.73220664,1.0,2,0.375,0.23220664262771606
base,0.875,0.5,17,1,17,8,0.9415066065629245,eval,0.81714284,1.0,2,0.375,0.3171428442001343
base,0.875,0.5,17,1,17,1,0.9685049988114022,eval,0.83573645,1.0,2,0.375,0.3357364535331726
base,0.925,0.5,18,1,18,9,1.0208406680141398,eval,0.8717796,1.0,2,0.42500000000000004,0.3717796206474304
base,0.925,0.5,18,1,18,12,0.8063930346013513,eval,0.724091,1.0,2,0.42500000000000004,0.22409099340438843
base,0.925,0.5,18,1,18,8,0.7911567480523145,eval,0.7135979,1.0,2,0.42500000000000004,0.21359789371490479
base,0.925,0.5,18,1,18,1,0.9299054613825312,eval,0.80915326,1.0,2,0.42500000000000004,0.3091532588005066
base,0.975,0.5,19,1,19,9,0.9388141319695699,eval,0.8152886,1.0,2,0.475,0.31528860330581665
base,0.975,0.5,19,1,19,12,0.8690939300539855,eval,0.7672727,1.0,2,0.475,0.2672727108001709
base,0.975,0.5,19,1,19,8,1.0111253748643376,eval,0.86508876,1.0,2,0.475,0.3650887608528137
base,0.975,0.5,19,1,19,1,1.1752392583645255,eval,0.978113,1.0,2,0.475,0.47811299562454224
curv,0.025,0.25,0,0,20,9,-0.06023900581258609,eval,0.113252476,0.0,2,-0.225,-0.13674752414226532
curv,0.025,0.25,0,0,20,12,-0.14699106806582,eval,0.09481777,0.0,2,-0.225,-0.15518222749233246
curv,0.025,0.25,0,0,20,8,0.1542893050193805,eval,0.20676747,0.0,2,-0.225,-0.04323253035545349
curv,0.025,0.25,0,0,20,1,0.04385191925124656,eval,0.13537164,0.0,2,-0.225,-0.11462835967540741
curv,0.025,0.25,0,0,21,9,-0.012731674369381461,eval,0.123347715,0.0,2,-0.225,-0.1266522854566574
curv,0.025,0.25,0,0,21,12,0.1469354588732634,eval,0.20170294,0.0,2,-0.225,-0.04829706251621246
curv,0.025,0.25,0,0,21,8,0.07036712642569681,eval,0.14897083,0.0,2,-0.225,-0.101029172539711
curv,0.025,0.25,0,0,21,1,-0.03831940901922267,eval,0.117910355,0.0,2,-0.225,-0.13208964467048645
curv,0.075,0.25,1,0,22,9,0.08882003031483213,eval,0.16167922,0.0,2,-0.175,-0.0883207768201828
curv,0.075,0.25,1,0,22,12,0.12590590847395516,eval,0.18721999,0.0,2,-0.175,-0.06278000771999359
curv,0.075,0.25,1,0,22,8,-0.09401599429769265,eval,0.106074914,0.0,2,-0.175,-0.14392508566379547
curv,0.075,0.25,1,0,22,1,0.03724364947671917,eval,0.1339674,0.0,2,-0.175,-0.11603260040283203
curv,0.075,0.25,1,0,23,9,0.22579094843471398,eval,0.25601017,1.0,2,-0.175,0.006010174751281738
curv,0.075,0.25,1,0,23,12,-0.11674640434564944,eval,0.10124473,0.0,2,-0.175,-0.1487552672624588
curv,0.075,0.25,1,0,23,8,0.0021804972564751224,eval,0.12651652,0.0,2,-0.175,-0.12348347902297974
curv,0.075,0.25,1,0,23,1,-0.03411461176191956,eval,0.11880387,0.0,2,-0.175,-0.13119612634181976
curv,0.125,0.25,2,0,24,9,0.10840667969937974,eval,0.17516842,0.0,2,-0.125,-0.07483157515525818
curv,0.125,0.25,2,0,24,12,0.06531724059521243,eval,0.14549302,0.0,2,-0.125,-0.10450698435306549
curv,0.125,0.25,2,0,24,8,0.24823034025042634,eval,0.271464,1.0,2,-0.125,0.021463990211486816
curv,0.125,0.25,2,0,24,1,-0.002768016638660803,eval,0.12546498,0.0,2,-0.125,-0.12453502416610718
curv,0.125,0.25,2,0,25,9,0.17224074969585104,eval,0.2191305,0.0,2,-0.125,-0.0308694988489151
curv,0.125,0.25,2,0,25,12,0.0579561400096926,eval,0.14042348,0.0,2,-0.125,-0.1095765233039856
curv,0.125,0.25,2,0,25,8,0.15483352450652943,eval,0.20714228,0.0,2,-0.125,-0.04285772144794464
curv,0.125,0.25,2,0,25,1,0.18804114907682318,eval,0.23001213,0.0,2,-0.125,-0.019987866282463074
curv,0.175,0.25,3,0,26,9,0.31235793768977616,eval,0.31562823,1.0,2,-0.07500000000000001,0.06562823057174683
curv,0.175,0.25,3,0,26,12,0.1059055871831403,eval,0.17344593,0.0,2,-0.07500000000000001,-0.076554074883461
curv,0.175,0.25,3,0,26,8,0.17401410615100246,eval,0.22035183,0.0,2,-0.07500000000000001,-0.02964816987514496
curv,0.175,0.25,3,0,26,1,0.23311658124128057,eval,0.26105526,1.0,2,-0.07500000000000001,0.01105526089668274
curv,0.175,0.25,3,0,27,9,0.22835505312737925,eval,0.25777602,1.0,2,-0.07500000000000001,0.007776021957397461
curv,0.175,0.25,3,0,27,12,0.030311648744351605,eval,0.13249436,0.0,2,-0.07500000000000001,-0.11750563979148865
curv,0.175,0.25,3,0,27,8,0.219120059471549,eval,0.25141594,1.0,2,-0.07500000000000001,0.001415938138961792
curv,0.175,0.25,3,0,27,1,0.30445588194411166,eval,0.31018612,1.0,2,-0.07500000000000001,0.06018611788749695
curv,0.225,0.25,4,0,28,9,0.3318564157418792,eval,0.32905668,1.0,2,-0.024999999999999994,0.07905668020248413
curv,0.225,0.25,4,0,28,12,0.30043857213684555,eval,0.30741945,1.0,2,-0.024999999999999994,0.05741944909095764
curv,0.225,0.25,4,0,28,8,0.2971048950005876,eval,0.30512357,1.0,2,-0.024999999999999994,0.05512356758117676
curv,0.225,0.25,4,0,28,1,0.1495394208740069,eval,0.20349626,0.0,2,-0.024999999999999994,-0.046503737568855286
curv,0.225,0.25,4,0,29,9,0.17734901410490445,eval,0.22264852,0.0,2,-0.024999999999999994,-0.027351483702659607
curv,0.225,0.25,4,0,29,12,0.1854136214492001,eval,0.22820257,0.0,2,-0.024999999999999994,-0.021797433495521545
curv,0.225,0.25,4,0,29,8,0.15415347634020068,eval,0.20667394,0.0,2,-0.024999999999999994,-0.04332606494426727
curv,0.225,0.25,4,0,29,1,0.3939107452443673,eval,0.3717931,1.0,2,-0.024999999999999994,0.12179309129714966
curv,0.275,0.25,5,1,30,9,0.3521049326473978,eval,0.34300172,1.0,2,0.025000000000000022,0.09300172328948975
curv,0.275,0.25,5,1,30,12,0.3218148909489514,eval,0.32214117,1.0,2,0.025000000000000022,0.07214117050170898
curv,0.275,0.25,5,1,30,8,0.2459599919927045,eval,0.26990044,1.0,2,0.025000000000000022,0.01990044116973877
curv,0.275,0.25,5,1,30,1,0.2462612292191334,eval,0.27010787,1.0,2,0.025000000000000022,0.02010786533355713
curv,0.325,0.25,6,1,31,9,0.31920239999303074,eval,0.32034194,1.0,2,0.07500000000000001,0.07034194469451904
curv,0.325,0.25,6,1,31,12,0.37767557651664274,eval,0.36061203,1.0,2,0.07500000000000001,0.11061203479766846
curv,0.325,0.25,6,1,31,8,0.339291364966682,eval,0.33417708,1.0,2,0.07500000000000001,0.08417707681655884
curv,0.325,0.25,6,1,31,1,0.4824408278844587,eval,0.43276316,1.0,2,0.07500000000000001,0.18276315927505493
curv,0.375,0.25,7,1,32,9,0.48244112374891795,eval,0.43276334,1.0,2,0.125,0.18276333808898926
curv,0.375,0.25,7,1,32,12,0.5125445311670886,eval,0.45349538,1.0,2,0.125,0.20349538326263428
curv,0.375,0.25,7,1,32,8,0.3206042278212674,eval,0.3213074,1.0,2,0.125,0.07130739092826843
curv,0.375,0.25,7,1,32,1,0.3317214152817403,eval,0.32896373,1.0,2,0.125,0.07896372675895691
curv,0.425,0.25,8,1,33,9,0.32464404280078596,eval,0.3240896,1.0,2,0.175,0.07408958673477173
curv,0.425,0.25,8,1,33,12,0.24351277222568563,eval,0.26821506,1.0,2,0.175,0.018215060234069824
curv,0.425,0.25,8,1,33,8,0.4116548441462745,eval,0.38401335,1.0,2,0.175,0.1340133547782898
curv,0.425,0.25,8,1,33,1,0.3514516707657725,eval,0.34255183,1.0,2,0.175,0.0925518274307251
curv,0.475,0.25,9,1,34,9,0.39704422467572553,eval,0.37395108,1.0,2,0.22499999999999998,0.12395107746124268
curv,0.475,0.25,9,1,34,12,0.6488602111424955,eval,0.547375,1.0,2,0.22499999999999998,0.29737502336502075
curv,0.475,0.25,9,1,34,8,0.6047871761181993,eval,0.51702225,1.0,2,0.22499999999999998,0.2670222520828247
curv,0.475,0.25,9,1,34,1,0.49997853715586665,eval,0.44484127,1.0,2,0.22499999999999998,0.19484126567840576
curv,0.525,0.25,10,1,35,9,0.6518731572705383,eval,0.54945004,1.0,2,0.275,0.2994500398635864
curv,0.525,0.25,10,1,35,12,0.6518815273891231,eval,0.5494558,1.0,2,0.275,0.29945582151412964
curv,0.525,0.25,10,1,35,8,0.4282180135307945,eval,0.39542028,1.0,2,0.275,0.14542028307914734
curv,0.525,0.25,10,1,35,1,0.6281453084869473,eval,0.5331089,1.0,2,0.275,0.2831088900566101
curv,0.575,0.25,11,1,36,9,0.555391602743063,eval,0.48300385,1.0,2,0.32499999999999996,0.23300385475158691
curv,0.575,0.25,11,1,36,12,0.6323065992335506,eval,0.5359747,1.0,2,0.32499999999999996,0.2859746813774109
curv,0.575,0.25,11,1,36,8,0.767666270913514,eval,0.629196,1.0,2,0.32499999999999996,0.3791959881782532
curv,0.575,0.25,11,1,36,1,0.5911009576715345,eval,0.5075967,1.0,2,0.32499999999999996,0.2575966715812683
curv,0.625,0.25,12,1,37,9,0.5891039353295531,eval,0.50622135,1.0,2,0.375,0.25622135400772095
curv,0.625,0.25,12,1,37,12,0.8633592229234116,eval,0.69509906,1.0,2,0.375,0.4450990557670593
curv,0.625,0.25,12,1,37,8,0.8129344377381986,eval,0.6603719,1.0,2,0.375,0.41037189960479736
curv,0.625,0.25,12,1,37,1,0.5664471175876663,eval,0.49061775,1.0,2,0.375,0.2406177520751953
curv,0.675,0.25,13,1,38,9,0.682757241935024,eval,0.5707197,1.0,2,0.42500000000000004,0.32071971893310547
curv,0.675,0.25,13,1,38,12,0.6954978597927232,eval,0.5794941,1.0,2,0.42500000000000004,0.3294941186904907
curv,0.675,0.25,13,1,38,8,0.503656056203569,eval,0.44737393,1.0,2,0.42500000000000004,0.19737392663955688
curv,0.675,0.25,13,1,38,1,0.5408780285923331,eval,0.47300845,1.0,2,0.42500000000000004,0.22300845384597778
curv,0.725,0.25,14,1,39,9,0.6560502542647139,eval,0.55232686,1.0,2,0.475,0.30232685804367065
curv,0.725,0.25,14,1,39,12,0.8071478916070218,eval,0.6563867,1.0,2,0.475,0.40638667345046997
curv,0.725,0.25,14,1,39,8,0.7108977334886978,eval,0.5900999,1.0,2,0.475,0.34009987115859985
curv,0.725,0.25,14,1,39,1,0.5848479785082572,eval,0.50329024,1.0,2,0.475,0.25329023599624634
flat,0.275,0.75,0,0,40,9,0.40819413685305606,eval,0.5180784,0.0,2,-0.475,-0.23192161321640015
flat,0.275,0.75,0,0,40,12,0.20115860187320406,eval,0.37549442,0.0,2,-0.475,-0.37450557947158813
flat,0.275,0.75,0,0,40,8,0.30926915696456797,eval,0.4499494,0.0,2,-0.475,-0.3000505864620209
flat,0.275,0.75,0,0,40,1,0.3252682849874866,eval,0.4609679,0.0,2,-0.475,-0.28903210163116455
flat,0.325,0.75,1,0,41,9,0.20008373483240952,eval,0.37475413,0.0,2,-0.425,-0.3752458691596985
flat,0.325,0.75,1,0,41,12,0.4384357407951828,eval,0.53890556,0.0,2,-0.425,-0.2110944390296936
flat,0.325,0.75,1,0,41,8,0.24891289124935712,eval,0.40838248,0.0,2,-0.425,-0.34161752462387085
flat,0.325,0.75,1,0,41,1,0.4239713033285805,eval,0.52894396,0.0,2,-0.425,-0.2210560441017151
flat,0.375,0.75,2,0,42,9,0.3599402001639595,eval,0.48484617,0.0,2,-0.375,-0.26515382528305054
flat,0.375,0.75,2,0,42,12,0.39178259697224144,eval,0.50677586,0.0,2,-0.375,-0.2432241439819336
flat,0.375,0.75,2,0,42,8,0.3008919496315271,eval,0.44418004,0.0,2,-0.375,-0.30581995844841003
flat,0.375,0.75,2,0,42,1,0.3585705407374709,eval,0.48390293,0.0,2,-0.375,-0.2660970687866211
flat,0.425,0.75,3,0,43,9,0.45969527857023623,eval,0.55354685,0.0,2,-0.325,-0.19645315408706665
flat,0.425,0.75,3,0,43,12,0.37987998551439534,eval,0.4985786,0.0,2,-0.325,-0.25142139196395874
flat,0.425,0.75,3,0,43,8,0.40125843032654535,eval,0.5133018,0.0,2,-0.325,-0.2366982102394104
flat,0.425,0.75,3,0,43,1,0.3175635141771565,eval,0.45566165,0.0,2,-0.325,-0.2943383455276489
flat,0.475,0.75,4,0,44,9,0.46455529309334376,eval,0.55689394,0.0,2,-0.275,-0.1931060552597046
flat,0.475,0.75,4,0,44,12,0.6866939198315876,eval,0.7098793,0.0,2,-0.275,-0.040120720863342285
flat,0.475,0.75,4,0,44,8,0.548917808711155,eval,0.6149939,0.0,2,-0.275,-0.1350061297416687
flat,0.475,0.75,4,0,44,1,0.5623042152621707,eval,0.624213,0.0,2,-0.275,-0.12578701972961426
flat,0.525,0.75,5,0,45,9,0.4447712454632119,eval,0.54326874,0.0,2,-0.22499999999999998,-0.20673125982284546
flat,0.525,0.75,5,0,45,12,0.49452003354591684,eval,0.5775304,0.0,2,-0.22499999999999998,-0.1724696159362793
flat,0.525,0.75,5,0,45,8,0.4738666161052906,eval,0.56330657,0.0,2,-0.22499999999999998,-0.18669342994689941
flat,0.525,0.75,5,0,45,1,0.39696060552854273,eval,0.51034194,0.0,2,-0.22499999999999998,-0.23965805768966675
flat,0.575,0.75,6,0,46,9,0.48816108032474786,eval,0.57315105,0.0,2,-0.17500000000000004,-0.17684894800186157
flat,0.575,0.75,6,0,46,12,0.5758861327608518,eval,0.6335667,0.0,2,-0.17500000000000004,-0.11643332242965698
flat,0.575,0.75,6,0,46,8,0.7576693811620117,eval,0.75875956,1.0,2,-0.17500000000000004,0.008759558200836182
flat,0.575,0.75,6,0,46,1,0.5036931904940727,eval,0.5838479,0.0,2,-0.17500000000000004,-0.16615211963653564
flat,0.625,0.75,7,0,47,9,0.6675394425820824,eval,0.6966877,0.0,2,-0.125,-0.05331230163574219
flat,0.625,0.75,7,0,47,12,0.6052720042673871,eval,0.65380454,0.0,2,-0.125,-0.09619545936584473
flat,0.625,0.75,7,0,47,8,0.6539974002338532,eval,0.6873614,0.0,2,-0.125,-0.06263858079910278
flat,0.625,0.75,7,0,47,1,0.6871017853540099,eval,0.71016014,0.0,2,-0.125,-0.039839863777160645
flat,0.675,0.75,8,0,48,9,0.57195195498333,eval,0.6308573,0.0,2,-0.07499999999999996,-0.11914271116256714
flat,0.675,0.75,8,0,48,12,0.5994329086763519,eval,0.64978313,0.0,2,-0.07499999999999996,-0.10021686553955078
flat,0.675,0.75,8,0,48,8,0.6647424715916677,eval,0.69476146,0.0,2,-0.07499999999999996,-0.055238544940948486
flat,0.675,0.75,8,0,48,1,0.44998588264254086,eval,0.54686004,0.0,2,-0.07499999999999996,-0.20313996076583862
flat,0.725,0.75,9,0,49,9,0.789624270571504,eval,0.78076667,1.0,2,-0.025000000000000022,0.030766665935516357
flat,0.725,0.75,9,0,49,12,0.7781272400530428,eval,0.7728488,1.0,2,-0.025000000000000022,0.022848784923553467
flat,0.725,0.75,9,0,49,8,0.8699259685131457,eval,0.8360699,1.0,2,-0.025000000000000022,0.08606988191604614
flat,0.725,0.75,9,0,49,1,0.7636369597566306,eval,0.76286936,1.0,2,-0.025000000000000022,0.01286935806274414
flat,0.775,0.75,10,1,50,9,0.6225851636354708,eval,0.66572803,0.0,2,0.025000000000000022,-0.08427196741104126
flat,0.775,0.75,10,1,50,12,0.8488409603732732,eval,0.8215489,1.0,2,0.025000000000000022,0.07154887914657593
flat,0.775,0.75,10,1,50,8,0.8376281195060352,eval,0.8138266,1.0,2,0.025000000000000022,0.06382662057876587
flat,0.775,0.75,10,1,50,1,0.7168359163590498,eval,0.73063785,0.0,2,0.025000000000000022,-0.019362151622772217
flat,0.775,0.75,10,1,51,9,0.7195016903283316,eval,0.73247373,0.0,2,0.025000000000000022,-0.01752626895904541
flat,0.775,0.75,10,1,51,12,0.8104372527738726,eval,0.7951005,1.0,2,0.025000000000000022,0.045100510120391846
flat,0.775,0.75,10,1,51,8,0.8119286775687574,eval,0.79612756,1.0,2,0.025000000000000022,0.0461275577545166
flat,0.775,0.75,10,1,51,1,0.7859279697477815,eval,0.778221,1.0,2,0.025000000000000022,0.0282210111618042
flat,0.825,0.75,11,1,52,9,0.8286306022369746,eval,0.8076301,1.0,2,0.07499999999999996,0.05763012170791626
flat,0.825,0.75,11,1,52,12,0.5889421738555064,eval,0.6425583,0.0,2,0.07499999999999996,-0.1074417233467102
flat,0.825,0.75,11,1,52,8,0.7918859617230475,eval,0.7823244,1.0,2,0.07499999999999996,0.032324373722076416
flat,0.825,0.75,11,1,52,1,0.8174298473779177,eval,0.7999162,1.0,2,0.07499999999999996,0.049916207790374756
flat,0.825,0.75,11,1,53,9,0.6997848056555384,eval,0.7188949,0.0,2,0.07499999999999996,-0.031105101108551025
flat,0.825,0.75,11,1,53,12,0.9257997003423085,eval,0.8745498,1.0,2,0.07499999999999996,0.12454980611801147
flat,0.825,0.75,11,1,53,8,1.006398561389275,eval,0.9300577,1.0,2,0.07499999999999996,0.18005770444869995
flat,0.825,0.75,11,1,53,1,0.8452114395043959,eval,0.81904924,1.0,2,0.07499999999999996,0.06904923915863037
flat,0.875,0.75,12,1,54,9,0.9402010863526592,eval,0.8844679,1.0,2,0.125,0.13446789979934692
flat,0.875,0.75,12,1,54,12,0.8399761650176906,eval,0.81544375,1.0,2,0.125,0.06544375419616699
flat,0.875,0.75,12,1,54,8,0.9561821589739987,eval,0.895474,1.0,2,0.125,0.14547401666641235
flat,0.875,0.75,12,1,54,1,0.9444171936707009,eval,0.88737154,1.0,2,0.125,0.13737154006958008
flat,0.875,0.75,12,1,55,9,0.8731461186690498,eval,0.83828765,1.0,2,0.125,0.08828765153884888
flat,0.875,0.75,12,1,55,12,0.7533676588110694,eval,0.755797,1.0,2,0.125,0.005797028541564941
flat,0.875,0.75,12,1,55,8,0.8546588664055288,eval,0.8255556,1.0,2,0.125,0.07555562257766724
flat,0.875,0.75,12,1,55,1,0.7991630249101591,eval,0.78733593,1.0,2,0.125,0.03733593225479126
flat,0.925,0.75,13,1,56,9,0.8213926318410458,eval,0.8026454,1.0,2,0.17500000000000004,0.05264538526535034
flat,0.925,0.75,13,1,56,12,0.9853280959050975,eval,0.9155466,1.0,2,0.17500000000000004,0.16554659605026245
flat,0.925,0.75,13,1,56,8,0.7672800849317296,eval,0.7653785,1.0,2,0.17500000000000004,0.015378475189208984
flat,0.925,0.75,13,1,56,1,1.0670982022311917,eval,0.9718612,1.0,2,0.17500000000000004,0.22186118364334106
flat,0.925,0.75,13,1,57,9,0.7731111770249605,eval,0.7693943,1.0,2,0.17500000000000004,0.019394278526306152
flat,0.925,0.75,13,1,57,12,0.9812849420373864,eval,0.9127621,1.0,2,0.17500000000000004,0.1627621054649353
flat,0.925,0.75,13,1,57,8,0.9622951541761923,eval,0.899684,1.0,2,0.17500000000000004,0.14968401193618774
flat,0.925,0.75,13,1,57,1,0.9976093788947765,eval,0.9240047,1.0,2,0.17500000000000004,0.1740046739578247
flat,0.975,0.75,14,1,58,9,0.8184410628627359,eval,0.8006126,1.0,2,0.22499999999999998,0.05061262845993042
flat,0.975,0.75,14,1,58,12,0.8706926297718663,eval,0.83659786,1.0,2,0.22499999999999998,0.08659785985946655
flat,0.975,0.75,14,1,58,8,0.8606259907898409,eval,0.8296651,1.0,2,0.22499999999999998,0.07966512441635132
flat,0.975,0.75,14,1,58,1,1.0593732662303268,eval,0.966541,1.0,2,0.22499999999999998,0.21654099225997925
flat,0.975,0.75,14,1,59,9,0.9801033945130329,eval,0.9119484,1.0,2,0.22499999999999998,0.16194838285446167
flat,0.975,0.75,14,1,59,12,1.2222435678832566,eval,1.0787088,1.0,2,0.22499999999999998,0.3287087678909302
flat,0.975,0.75,14,1,59,8,0.8034054048241679,eval,0.7902577,1.0,2,0.22499999999999998,0.04025769233703613
flat,0.975,0.75,14,1,59,1,1.0914863981111027,eval,0.9886572,1.0,2,0.22499999999999998,0.2386571764945984
base,0.025,0.5,0,0,0,9,-0.002915150546776414,eval,0.036992073,0.0,3,-0.475,-0.46300792694091797
base,0.025,0.5,0,0,0,12,0.06907067447635609,eval,0.11287266,0.0,3,-0.475,-0.3871273398399353
base,0.025,0.5,0,0,0,8,0.07970956613393337,eval,0.124087125,0.0,3,-0.475,-0.3759128749370575
base,0.025,0.5,0,0,0,1,-0.018643524714322124,eval,0.020412713,0.0,3,-0.475,-0.47958728671073914
base,0.075,0.5,1,0,1,9,0.10314711025906223,eval,0.14879277,0.0,3,-0.425,-0.3512072265148163
base,0.075,0.5,1,0,1,12,0.10925153909534122,eval,0.15522747,0.0,3,-0.425,-0.344772532582283
base,0.075,0.5,1,0,1,8,0.2513759069559374,eval,0.3044873,0.0,3,-0.425,-0.19551271200180054
base,0.075,0.5,1,0,1,1,-0.041980190777286416,eval,-0.0041865706,0.0,3,-0.425,-0.5041865706443787
base,0.125,0.5,2,0,2,9,0.2532481233683165,eval,0.30643603,0.0,3,-0.375,-0.19356396794319153
base,0.125,0.5,2,0,2,12,0.17239470669880136,eval,0.22178696,0.0,3,-0.375,-0.2782130390405655
base,0.125,0.5,2,0,2,8,0.07632387892071708,eval,0.12051827,0.0,3,-0.375,-0.3794817328453064
base,0.125,0.5,2,0,2,1,0.2989367877130134,eval,0.35399207,0.0,3,-0.375,-0.14600792527198792
base,0.175,0.5,3,0,3,9,0.2032451825285249,eval,0.25430655,0.0,3,-0.325,-0.24569344520568848
base,0.175,0.5,3,0,3,12,0.1482691568046723,eval,0.19635612,0.0,3,-0.325,-0.3036438822746277
base,0.175,0.5,3,0,3,8,0.18441541561970465,eval,0.23445803,0.0,3,-0.325,-0.2655419707298279
base,0.175,0.5,3,0,3,1,0.1254089271557848,eval,0.17225906,0.0,3,-0.325,-0.32774093747138977
base,0.225,0.5,4,0,4,9,0.3056019527170751,eval,0.36092964,0.0,3,-0.275,-0.13907036185264587
base,0.225,0.5,4,0,4,12,0.3438327862596402,eval,0.40072298,0.0,3,-0.275,-0.09927701950073242
base,0.225,0.5,4,0,4,8,0.15444720452789168,eval,0.2028684,0.0,3,-0.275,-0.29713159799575806
base,0.225,0.5,4,0,4,1,0.2578969629460202,eval,0.3112749,0.0,3,-0.275,-0.18872511386871338
base,0.275,0.5,5,0,5,9,0.15241172947768455,eval,0.20072283,0.0,3,-0.22499999999999998,-0.2992771714925766
base,0.275,0.5,5,0,5,12,0.24014279349858433,eval,0.29279506,0.0,3,-0.22499999999999998,-0.2072049379348755
base,0.275,0.5,5,0,5,8,0.15737429350797189,eval,0.20595388,0.0,3,-0.22499999999999998,-0.2940461188554764
base,0.275,0.5,5,0,5,1,0.24914274545260762,eval,0.3021629,0.0,3,-0.22499999999999998,-0.19783711433410645
base,0.325,0.5,6,0,6,9,0.32274678225324427,eval,0.3787752,0.0,3,-0.175,-0.1212247908115387
base,0.325,0.5,6,0,6,12,0.17876480748448073,eval,0.2285017,0.0,3,-0.175,-0.27149829268455505
base,0.325,0.5,6,0,6,8,0.2536892033263042,eval,0.30689514,0.0,3,-0.175,-0.19310486316680908
base,0.325,0.5,6,0,6,1,0.48334728788021225,eval,0.52523863,1.0,3,-0.175,0.025238633155822754
base,0.375,0.5,7,0,7,9,0.3874211319304505,eval,0.44609287,0.0,3,-0.125,-0.0539071261882782
base,0.375,0.5,7,0,7,12,0.4599783613618451,eval,0.5063975,1.0,3,-0.125,0.0063974857330322266
base,0.375,0.5,7,0,7,8,0.3405001475914213,eval,0.39725417,0.0,3,-0.125,-0.10274583101272583
base,0.375,0.5,7,0,7,1,0.5070360987081839,eval,0.5443377,1.0,3,-0.125,0.044337689876556396
base,0.425,0.5,8,0,8,9,0.5112246184619911,eval,0.54771465,1.0,3,-0.07500000000000001,0.04771465063095093
base,0.425,0.5,8,0,8,12,0.6100702779951481,eval,0.62740886,1.0,3,-0.07500000000000001,0.12740886211395264
base,0.425,0.5,8,0,8,8,0.5605438028669814,eval,0.58747816,1.0,3,-0.07500000000000001,0.0874781608581543
base,0.425,0.5,8,0,8,1,0.4883352622824915,eval,0.52926016,1.0,3,-0.07500000000000001,0.02926015853881836
base,0.475,0.5,9,0,9,9,0.4866060673431017,eval,0.527866,1.0,3,-0.025000000000000022,0.027866005897521973
base,0.475,0.5,9,0,9,12,0.3789848880709369,eval,0.43731183,0.0,3,-0.025000000000000022,-0.06268817186355591
base,0.475,0.5,9,0,9,8,0.4752211602573378,eval,0.51868695,1.0,3,-0.025000000000000022,0.018686950206756592
base,0.475,0.5,9,0,9,1,0.2546490119353349,eval,0.3078942,0.0,3,-0.025000000000000022,-0.19210579991340637
base,0.525,0.5,10,1,10,9,0.6054078958119873,eval,0.6236498,1.0,3,0.025000000000000022,0.12364977598190308
base,0.525,0.5,10,1,10,12,0.5148368870407144,eval,0.55062705,1.0,3,0.025000000000000022,0.050627052783966064
base,0.525,0.5,10,1,10,8,0.44594551903321245,eval,0.4950835,0.0,3,0.025000000000000022,-0.004916489124298096
base,0.525,0.5,10,1,10,1,0.5302028974259887,eval,0.5630159,1.0,3,0.025000000000000022,0.063015878200531
base,0.575,0.5,11,1,11,9,0.5245800752222866,eval,0.5584824,1.0,3,0.07499999999999996,0.05848240852355957
base,0.575,0.5,11,1,11,12,0.5064557989281973,eval,0.5438698,1.0,3,0.07499999999999996,0.04386979341506958
base,0.575,0.5,11,1,11,8,0.5891877828241733,eval,0.61057234,1.0,3,0.07499999999999996,0.11057233810424805
base,0.575,0.5,11,1,11,1,0.6433686190776534,eval,0.6542555,1.0,3,0.07499999999999996,0.15425550937652588
base,0.625,0.5,12,1,12,9,0.6607954906213157,eval,0.66830593,1.0,3,0.125,0.16830593347549438
base,0.625,0.5,12,1,12,12,0.5869416749872484,eval,0.6087614,1.0,3,0.125,0.10876142978668213
base,0.625,0.5,12,1,12,8,0.6467571355560034,eval,0.65698755,1.0,3,0.125,0.15698754787445068
base,0.625,0.5,12,1,12,1,0.7253961575842169,eval,0.72039014,1.0,3,0.125,0.22039014101028442
base,0.675,0.5,13,1,13,9,0.7164866401254424,eval,0.71320677,1.0,3,0.17500000000000004,0.21320676803588867
base,0.675,0.5,13,1,13,12,0.6796092971779658,eval,0.68347454,1.0,3,0.17500000000000004,0.18347454071044922
base,0.675,0.5,13,1,13,8,0.6073767944025039,eval,0.62523717,1.0,3,0.17500000000000004,0.12523716688156128
base,0.675,0.5,13,1,13,1,0.61320929552924,eval,0.6299397,1.0,3,0.17500000000000004,0.12993967533111572
base,0.725,0.5,14,1,14,9,0.6000224275413348,eval,0.61930776,1.0,3,0.22499999999999998,0.1193077564239502
base,0.725,0.5,14,1,14,12,0.6008191547218831,eval,0.6199501,1.0,3,0.22499999999999998,0.11995011568069458
base,0.725,0.5,14,1,14,8,0.8393233626629595,eval,0.81224376,1.0,3,0.22499999999999998,0.3122437596321106
base,0.725,0.5,14,1,14,1,0.9072011363328323,eval,0.84636396,1.0,3,0.22499999999999998,0.34636396169662476
base,0.775,0.5,15,1,15,9,0.7925538628567643,eval,0.7745359,1.0,3,0.275,0.2745358943939209
base,0.775,0.5,15,1,15,12,0.7472346328732713,eval,0.73799735,1.0,3,0.275,0.23799735307693481
base,0.775,0.5,15,1,15,8,0.586165110902335,eval,0.60813534,1.0,3,0.275,0.10813534259796143
base,0.775,0.5,15,1,15,1,0.6429569029986707,eval,0.65392363,1.0,3,0.275,0.1539236307144165
base,0.825,0.5,16,1,16,9,0.7929637473048593,eval,0.77486634,1.0,3,0.32499999999999996,0.27486634254455566
base,0.825,0.5,16,1,16,12,0.6784032613617612,eval,0.68250215,1.0,3,0.32499999999999996,0.1825021505355835
base,0.825,0.5,16,1,16,8,0.8036455371917013,eval,0.7834785,1.0,3,0.32499999999999996,0.2834784984588623
base,0.825,0.5,16,1,16,1,0.7588471978184781,eval,0.74736,1.0,3,0.32499999999999996,0.2473599910736084
base,0.875,0.5,17,1,17,9,0.6845912051383966,eval,0.6874912,1.0,3,0.375,0.18749117851257324
base,0.875,0.5,17,1,17,12,0.8181772362058521,eval,0.7951947,1.0,3,0.375,0.29519468545913696
base,0.875,0.5,17,1,17,8,0.9415066065629245,eval,0.861056,1.0,3,0.375,0.36105602979660034
base,0.875,0.5,17,1,17,1,0.9685049988114022,eval,0.8726186,1.0,3,0.375,0.3726186156272888
base,0.925,0.5,18,1,18,9,1.0208406680141398,eval,0.8950323,1.0,3,0.42500000000000004,0.39503228664398193
base,0.925,0.5,18,1,18,12,0.8063930346013513,eval,0.78569376,1.0,3,0.42500000000000004,0.2856937646865845
base,0.925,0.5,18,1,18,8,0.7911567480523145,eval,0.7734095,1.0,3,0.42500000000000004,0.27340948581695557
base,0.925,0.5,18,1,18,1,0.9299054613825312,eval,0.85608757,1.0,3,0.42500000000000004,0.3560875654220581
base,0.975,0.5,19,1,19,9,0.9388141319695699,eval,0.85990286,1.0,3,0.475,0.35990285873413086
base,0.975,0.5,19,1,19,12,0.8690939300539855,eval,0.83004385,1.0,3,0.475,0.33004385232925415
base,0.975,0.5,19,1,19,8,1.0111253748643376,eval,0.8908715,1.0,3,0.475,0.390871524810791
base,0.975,0.5,19,1,19,1,1.1752392583645255,eval,0.9611564,1.0,3,0.475,0.46115642786026
curv,0.025,0.25,0,0,20,9,-0.06023900581258609,eval,-0.11127505,0.0,3,-0.225,-0.3612750470638275
curv,0.025,0.25,0,0,20,12,-0.14699106806582,eval,-0.16556752,0.0,3,-0.225,-0.4155675172805786
curv,0.025,0.25,0,0,20,8,0.1542893050193805,eval,0.10534324,0.0,3,-0.225,-0.14465676248073578
curv,0.025,0.25,0,0,20,1,0.04385191925124656,eval,-0.011069298,0.0,3,-0.225,-0.26106929779052734
curv,0.025,0.25,0,0,21,9,-0.012731674369381461,eval,-0.070714265,0.0,3,-0.225,-0.3207142651081085
curv,0.025,0.25,0,0,21,12,0.1469354588732634,eval,0.09759155,0.0,3,-0.225,-0.1524084508419037
curv,0.025,0.25,0,0,21,8,0.07036712642569681,eval,0.016880542,0.0,3,-0.225,-0.23311945796012878
curv,0.025,0.25,0,0,21,1,-0.03831940901922267,eval,-0.09755698,0.0,3,-0.225,-0.3475569784641266
curv,0.075,0.25,1,0,22,9,0.08882003031483213,eval,0.036331803,0.0,3,-0.175,-0.21366819739341736
curv,0.075,0.25,1,0,22,12,0.12590590847395516,eval,0.075424165,0.0,3,-0.175,-0.1745758354663849
curv,0.075,0.25,1,0,22,8,-0.09401599429769265,eval,-0.13241383,0.0,3,-0.175,-0.3824138343334198
curv,0.075,0.25,1,0,22,1,0.03724364947671917,eval,-0.018035114,0.0,3,-0.175,-0.2680351138114929
curv,0.075,0.25,1,0,23,9,0.22579094843471398,eval,0.18071344,0.0,3,-0.175,-0.06928655505180359
curv,0.075,0.25,1,0,23,12,-0.11674640434564944,eval,-0.14663935,0.0,3,-0.175,-0.396639347076416
curv,0.075,0.25,1,0,23,8,0.0021804972564751224,eval,-0.0549953,0.0,3,-0.175,-0.3049952983856201
curv,0.075,0.25,1,0,23,1,-0.03411461176191956,eval,-0.09325409,0.0,3,-0.175,-0.34325408935546875
curv,0.125,0.25,2,0,24,9,0.10840667969937974,eval,0.056978166,0.0,3,-0.125,-0.19302183389663696
curv,0.125,0.25,2,0,24,12,0.06531724059521243,eval,0.0115574,0.0,3,-0.125,-0.23844259977340698
curv,0.125,0.25,2,0,24,8,0.24823034025042634,eval,0.2043669,0.0,3,-0.125,-0.04563310742378235
curv,0.125,0.25,2,0,24,1,-0.002768016638660803,eval,-0.06021154,0.0,3,-0.125,-0.31021153926849365
curv,0.125,0.25,2,0,25,9,0.17224074969585104,eval,0.124265954,0.0,3,-0.125,-0.12573404610157013
curv,0.125,0.25,2,0,25,12,0.0579561400096926,eval,0.003798008,0.0,3,-0.125,-0.2462019920349121
curv,0.125,0.25,2,0,25,8,0.15483352450652943,eval,0.10591693,0.0,3,-0.125,-0.14408306777477264
curv,0.125,0.25,2,0,25,1,0.18804114907682318,eval,0.1409212,0.0,3,-0.125,-0.1090787947177887
curv,0.175,0.25,3,0,26,9,0.31235793768977616,eval,0.2719641,1.0,3,-0.07500000000000001,0.02196410298347473
curv,0.175,0.25,3,0,26,12,0.1059055871831403,eval,0.054341733,0.0,3,-0.07500000000000001,-0.19565826654434204
curv,0.175,0.25,3,0,26,8,0.17401410615100246,eval,0.12613526,0.0,3,-0.07500000000000001,-0.12386474013328552
curv,0.175,0.25,3,0,26,1,0.23311658124128057,eval,0.18843544,0.0,3,-0.07500000000000001,-0.06156456470489502
curv,0.175,0.25,3,0,27,9,0.22835505312737925,eval,0.18341629,0.0,3,-0.07500000000000001,-0.06658370792865753
curv,0.175,0.25,3,0,27,12,0.030311648744351605,eval,-0.025342137,0.0,3,-0.07500000000000001,-0.2753421366214752
curv,0.175,0.25,3,0,27,8,0.219120059471549,eval,0.17368165,0.0,3,-0.07500000000000001,-0.07631835341453552
curv,0.175,0.25,3,0,27,1,0.30445588194411166,eval,0.2636345,1.0,3,-0.07500000000000001,0.01363450288772583
curv,0.225,0.25,4,0,28,9,0.3318564157418792,eval,0.29251754,1.0,3,-0.024999999999999994,0.04251754283905029
curv,0.225,0.25,4,0,28,12,0.30043857213684555,eval,0.2593999,1.0,3,-0.024999999999999994,0.009399890899658203
curv,0.225,0.25,4,0,28,8,0.2971048950005876,eval,0.25588578,1.0,3,-0.024999999999999994,0.005885779857635498
curv,0.225,0.25,4,0,28,1,0.1495394208740069,eval,0.10033637,0.0,3,-0.024999999999999994,-0.14966362714767456
curv,0.225,0.25,4,0,29,9,0.17734901410490445,eval,0.1296506,0.0,3,-0.024999999999999994,-0.12034940719604492
curv,0.225,0.25,4,0,29,12,0.1854136214492001,eval,0.13815153,0.0,3,-0.024999999999999994,-0.11184847354888916
curv,0.225,0.25,4,0,29,8,0.15415347634020068,eval,0.10520007,0.0,3,-0.024999999999999994,-0.14479993283748627
curv,0.225,0.25,4,0,29,1,0.3939107452443673,eval,0.3579293,1.0,3,-0.024999999999999994,0.1079292893409729
curv,0.275,0.25,5,1,30,9,0.3521049326473978,eval,0.31386158,1.0,3,0.025000000000000022,0.06386157870292664
curv,0.275,0.25,5,1,30,12,0.3218148909489514,eval,0.2819327,1.0,3,0.025000000000000022,0.031932711601257324
curv,0.275,0.25,5,1,30,8,0.2459599919927045,eval,0.20197374,0.0,3,0.025000000000000022,-0.04802626371383667
curv,0.275,0.25,5,1,30,1,0.2462612292191334,eval,0.20229128,0.0,3,0.025000000000000022,-0.047708719968795776
curv,0.325,0.25,6,1,31,9,0.31920239999303074,eval,0.27917886,1.0,3,0.07500000000000001,0.029178857803344727
curv,0.325,0.25,6,1,31,12,0.37767557651664274,eval,0.34081572,1.0,3,0.07500000000000001,0.0908157229423523
curv,0.325,0.25,6,1,31,8,0.339291364966682,eval,0.30035478,1.0,3,0.07500000000000001,0.05035477876663208
curv,0.325,0.25,6,1,31,1,0.4824408278844587,eval,0.4512492,1.0,3,0.07500000000000001,0.20124921202659607
curv,0.375,0.25,7,1,32,9,0.48244112374891795,eval,0.45124954,1.0,3,0.125,0.20124953985214233
curv,0.375,0.25,7,1,32,12,0.5125445311670886,eval,0.47950864,1.0,3,0.125,0.229508638381958
curv,0.375,0.25,7,1,32,8,0.3206042278212674,eval,0.28065658,1.0,3,0.125,0.03065657615661621
curv,0.375,0.25,7,1,32,1,0.3317214152817403,eval,0.2923752,1.0,3,0.125,0.04237520694732666
curv,0.425,0.25,8,1,33,9,0.32464404280078596,eval,0.28491494,1.0,3,0.175,0.03491494059562683
curv,0.425,0.25,8,1,33,12,0.24351277222568563,eval,0.1993941,0.0,3,0.175,-0.0506058931350708
curv,0.425,0.25,8,1,33,8,0.4116548441462745,eval,0.37663338,1.0,3,0.175,0.12663337588310242
curv,0.425,0.25,8,1,33,1,0.3514516707657725,eval,0.31317297,1.0,3,0.175,0.06317296624183655
curv,0.475,0.25,9,1,34,9,0.39704422467572553,eval,0.36123228,1.0,3,0.22499999999999998,0.11123228073120117
curv,0.475,0.25,9,1,34,12,0.6488602111424955,eval,0.5912168,1.0,3,0.22499999999999998,0.3412168025970459
curv,0.475,0.25,9,1,34,8,0.6047871761181993,eval,0.55509984,1.0,3,0.22499999999999998,0.30509984493255615
curv,0.475,0.25,9,1,34,1,0.49997853715586665,eval,0.4692111,1.0,3,0.22499999999999998,0.21921110153198242
curv,0.525,0.25,10,1,35,9,0.6518731572705383,eval,0.59368587,1.0,3,0.275,0.3436858654022217
curv,0.525,0.25,10,1,35,12,0.6518815273891231,eval,0.5936928,1.0,3,0.275,0.3436927795410156
curv,0.525,0.25,10,1,35,8,0.4282180135307945,eval,0.39409274,1.0,3,0.275,0.14409273862838745
curv,0.525,0.25,10,1,35,1,0.6281453084869473,eval,0.5742414,1.0,3,0.275,0.32424139976501465
curv,0.575,0.25,11,1,36,9,0.555391602743063,eval,0.5146211,1.0,3,0.32499999999999996,0.2646210789680481
curv,0.575,0.25,11,1,36,12,0.6323065992335506,eval,0.5776514,1.0,3,0.32499999999999996,0.32765138149261475
curv,0.575,0.25,11,1,36,8,0.767666270913514,eval,0.6842667,1.0,3,0.32499999999999996,0.43426668643951416
curv,0.575,0.25,11,1,36,1,0.5911009576715345,eval,0.5438842,1.0,3,0.32499999999999996,0.2938842177391052
curv,0.625,0.25,12,1,37,9,0.5891039353295531,eval,0.5422477,1.0,3,0.375,0.2922477126121521
curv,0.625,0.25,12,1,37,12,0.8633592229234116,eval,0.7265154,1.0,3,0.375,0.47651541233062744
curv,0.625,0.25,12,1,37,8,0.8129344377381986,eval,0.7042527,1.0,3,0.375,0.4542527198791504
curv,0.625,0.25,12,1,37,1,0.5664471175876663,eval,0.52368087,1.0,3,0.375,0.2736808657646179
curv,0.675,0.25,13,1,38,9,0.682757241935024,eval,0.61899483,1.0,3,0.42500000000000004,0.3689948320388794
curv,0.675,0.25,13,1,38,12,0.6954978597927232,eval,0.62943554,1.0,3,0.42500000000000004,0.37943553924560547
curv,0.675,0.25,13,1,38,8,0.503656056203569,eval,0.47222474,1.0,3,0.42500000000000004,0.22222474217414856
curv,0.675,0.25,13,1,38,1,0.5408780285923331,eval,0.5027275,1.0,3,0.42500000000000004,0.2527275085449219
curv,0.725,0.25,14,1,39,9,0.6560502542647139,eval,0.59710896,1.0,3,0.475,0.34710896015167236
curv,0.725,0.25,14,1,39,12,0.8071478916070218,eval,0.70169795,1.0,3,0.475,0.4516979455947876
curv,0.725,0.25,14,1,39,8,0.7108977334886978,eval,0.64205545,1.0,3,0.475,0.3920554518699646
curv,0.725,0.25,14,1,39,1,0.5848479785082572,eval,0.53875995,1.0,3,0.475,0.2887599468231201
flat,0.275,0.75,0,0,40,9,0.40819413685305606,eval,0.5268747,0.0,3,-0.475,-0.22312527894973755
flat,0.275,0.75,0,0,40,12,0.20115860187320406,eval,0.33852416,0.0,3,-0.475,-0.4114758372306824
flat,0.275,0.75,0,0,40,8,0.30926915696456797,eval,0.44711667,0.0,3,-0.475,-0.3028833270072937
flat,0.275,0.75,0,0,40,1,0.3252682849874866,eval,0.46001592,0.0,3,-0.475,-0.2899840772151947
flat,0.325,0.75,1,0,41,9,0.20008373483240952,eval,0.33740538,0.0,3,-0.425,-0.41259461641311646
flat,0.325,0.75,1,0,41,12,0.4384357407951828,eval,0.551257,0.0,3,-0.425,-0.19874298572540283
flat,0.325,0.75,1,0,41,8,0.24891289124935712,eval,0.38823026,0.0,3,-0.425,-0.36176973581314087
flat,0.325,0.75,1,0,41,1,0.4239713033285805,eval,0.539595,0.0,3,-0.425,-0.21040499210357666
flat,0.375,0.75,2,0,42,9,0.3599402001639595,eval,0.4879701,0.0,3,-0.375,-0.26202988624572754
flat,0.375,0.75,2,0,42,12,0.39178259697224144,eval,0.513643,0.0,3,-0.375,-0.2363569736480713
flat,0.375,0.75,2,0,42,8,0.3008919496315271,eval,0.4403625,0.0,3,-0.375,-0.30963748693466187
flat,0.375,0.75,2,0,42,1,0.3585705407374709,eval,0.48686582,0.0,3,-0.375,-0.2631341814994812
flat,0.425,0.75,3,0,43,9,0.45969527857023623,eval,0.56839746,0.0,3,-0.325,-0.18160253763198853
flat,0.425,0.75,3,0,43,12,0.37987998551439534,eval,0.5040465,0.0,3,-0.325,-0.2459535002708435
flat,0.425,0.75,3,0,43,8,0.40125843032654535,eval,0.5212829,0.0,3,-0.325,-0.22871708869934082
flat,0.425,0.75,3,0,43,1,0.3175635141771565,eval,0.45380396,0.0,3,-0.325,-0.2961960434913635
flat,0.475,0.75,4,0,44,9,0.46455529309334376,eval,0.5723158,0.0,3,-0.275,-0.17768418788909912
flat,0.475,0.75,4,0,44,12,0.6866939198315876,eval,0.7514147,1.0,3,-0.275,0.0014147162437438965
flat,0.475,0.75,4,0,44,8,0.548917808711155,eval,0.640333,0.0,3,-0.275,-0.10966700315475464
flat,0.475,0.75,4,0,44,1,0.5623042152621707,eval,0.6511257,0.0,3,-0.275,-0.09887427091598511
flat,0.525,0.75,5,0,45,9,0.4447712454632119,eval,0.556365,0.0,3,-0.22499999999999998,-0.1936349868774414
flat,0.525,0.75,5,0,45,12,0.49452003354591684,eval,0.5964749,0.0,3,-0.22499999999999998,-0.15352511405944824
flat,0.525,0.75,5,0,45,8,0.4738666161052906,eval,0.5798231,0.0,3,-0.22499999999999998,-0.1701769232749939
flat,0.525,0.75,5,0,45,1,0.39696060552854273,eval,0.51781774,0.0,3,-0.22499999999999998,-0.23218226432800293
flat,0.575,0.75,6,0,46,9,0.48816108032474786,eval,0.59134793,0.0,3,-0.17500000000000004,-0.15865206718444824
flat,0.575,0.75,6,0,46,12,0.5758861327608518,eval,0.6620761,0.0,3,-0.17500000000000004,-0.08792388439178467
flat,0.575,0.75,6,0,46,8,0.7576693811620117,eval,0.8086386,1.0,3,-0.17500000000000004,0.058638572692871094
flat,0.575,0.75,6,0,46,1,0.5036931904940727,eval,0.60387063,0.0,3,-0.17500000000000004,-0.14612936973571777
flat,0.625,0.75,7,0,47,9,0.6675394425820824,eval,0.73597145,0.0,3,-0.125,-0.014028549194335938
flat,0.625,0.75,7,0,47,12,0.6052720042673871,eval,0.6857684,0.0,3,-0.125,-0.06423157453536987
flat,0.625,0.75,7,0,47,8,0.6539974002338532,eval,0.72505325,0.0,3,-0.125,-0.024946749210357666
flat,0.625,0.75,7,0,47,1,0.6871017853540099,eval,0.75174356,1.0,3,-0.125,0.0017435550689697266
flat,0.675,0.75,8,0,48,9,0.57195195498333,eval,0.6589042,0.0,3,-0.07499999999999996,-0.09109580516815186
flat,0.675,0.75,8,0,48,12,0.5994329086763519,eval,0.6810606,0.0,3,-0.07499999999999996,-0.06893938779830933
flat,0.675,0.75,8,0,48,8,0.6647424715916677,eval,0.7337165,0.0,3,-0.07499999999999996,-0.016283512115478516
flat,0.675,0.75,8,0,48,1,0.44998588264254086,eval,0.5605693,0.0,3,-0.07499999999999996,-0.18943071365356445
flat,0.725,0.75,9,0,49,9,0.789624270571504,eval,0.8344022,1.0,3,-0.025000000000000022,0.08440220355987549
flat,0.725,0.75,9,0,49,12,0.7781272400530428,eval,0.82513267,1.0,3,-0.025000000000000022,0.07513266801834106
flat,0.725,0.75,9,0,49,8,0.8699259685131457,eval,0.89914525,1.0,3,-0.025000000000000022,0.149145245552063
flat,0.725,0.75,9,0,49,1,0.7636369597566306,eval,0.81344986,1.0,3,-0.025000000000000022,0.06344985961914062
flat,0.775,0.75,10,1,50,9,0.6225851636354708,eval,0.6997272,0.0,3,0.025000000000000022,-0.05027282238006592
flat,0.775,0.75,10,1,50,12,0.8488409603732732,eval,0.8821455,1.0,3,0.025000000000000022,0.13214552402496338
flat,0.775,0.75,10,1,50,8,0.8376281195060352,eval,0.8731052,1.0,3,0.025000000000000022,0.12310522794723511
flat,0.775,0.75,10,1,50,1,0.7168359163590498,eval,0.77571666,1.0,3,0.025000000000000022,0.025716662406921387
flat,0.775,0.75,10,1,51,9,0.7195016903283316,eval,0.77786595,1.0,3,0.025000000000000022,0.027865946292877197
flat,0.775,0.75,10,1,51,12,0.8104372527738726,eval,0.85118264,1.0,3,0.025000000000000022,0.10118263959884644
flat,0.775,0.75,10,1,51,8,0.8119286775687574,eval,0.85238504,1.0,3,0.025000000000000022,0.10238504409790039
flat,0.775,0.75,10,1,51,1,0.7859279697477815,eval,0.831422,1.0,3,0.025000000000000022,0.08142197132110596
flat,0.825,0.75,11,1,52,9,0.8286306022369746,eval,0.865851,1.0,3,0.07499999999999996,0.11585098505020142
flat,0.825,0.75,11,1,52,12,0.5889421738555064,eval,0.67260253,0.0,3,0.07499999999999996,-0.07739746570587158
flat,0.825,0.75,11,1,52,8,0.7918859617230475,eval,0.8362256,1.0,3,0.07499999999999996,0.08622562885284424
flat,0.825,0.75,11,1,52,1,0.8174298473779177,eval,0.85682034,1.0,3,0.07499999999999996,0.10682034492492676
flat,0.825,0.75,11,1,53,9,0.6997848056555384,eval,0.7619692,1.0,3,0.07499999999999996,0.011969208717346191
flat,0.825,0.75,11,1,53,12,0.9257997003423085,eval,0.9441934,1.0,3,0.07499999999999996,0.19419342279434204
flat,0.825,0.75,11,1,53,8,1.006398561389275,eval,0.9875201,1.0,3,0.07499999999999996,0.23752009868621826
flat,0.825,0.75,11,1,53,1,0.8452114395043959,eval,0.87921923,1.0,3,0.07499999999999996,0.12921923398971558
flat,0.875,0.75,12,1,54,9,0.9402010863526592,eval,0.9558045,1.0,3,0.125,0.20580452680587769
flat,0.875,0.75,12,1,54,12,0.8399761650176906,eval,0.87499833,1.0,3,0.125,0.12499833106994629
flat,0.875,0.75,12,1,54,8,0.9561821589739987,eval,0.96601397,1.0,3,0.125,0.21601396799087524
flat,0.875,0.75,12,1,54,1,0.9444171936707009,eval,0.9592037,1.0,3,0.125,0.20920372009277344
flat,0.875,0.75,12,1,55,9,0.8731461186690498,eval,0.90174156,1.0,3,0.125,0.15174156427383423
flat,0.875,0.75,12,1,55,12,0.7533676588110694,eval,0.8051703,1.0,3,0.125,0.055170297622680664
flat,0.875,0.75,12,1,55,8,0.8546588664055288,eval,0.88683623,1.0,3,0.125,0.1368362307548523
flat,0.875,0.75,12,1,55,1,0.7991630249101591,eval,0.84209275,1.0,3,0.125,0.09209275245666504
flat,0.925,0.75,13,1,56,9,0.8213926318410458,eval,0.86001533,1.0,3,0.17500000000000004,0.11001533269882202
flat,0.925,0.75,13,1,56,12,0.9853280959050975,eval,0.97849625,1.0,3,0.17500000000000004,0.228496253490448
flat,0.925,0.75,13,1,56,8,0.7672800849317296,eval,0.81638724,1.0,3,0.17500000000000004,0.06638723611831665
flat,0.925,0.75,13,1,56,1,1.0670982022311917,eval,1.013516,1.0,3,0.17500000000000004,0.2635159492492676
flat,0.925,0.75,13,1,57,9,0.7731111770249605,eval,0.8210885,1.0,3,0.17500000000000004,0.07108849287033081
flat,0.925,0.75,13,1,57,12,0.9812849420373864,eval,0.9767647,1.0,3,0.17500000000000004,0.22676467895507812
flat,0.925,0.75,13,1,57,8,0.9622951541761923,eval,0.968632,1.0,3,0.17500000000000004,0.21863198280334473
flat,0.925,0.75,13,1,57,1,0.9976093788947765,eval,0.983756,1.0,3,0.17500000000000004,0.23375600576400757
flat,0.975,0.75,14,1,58,9,0.8184410628627359,eval,0.8576356,1.0,3,0.22499999999999998,0.10763561725616455
flat,0.975,0.75,14,1,58,12,0.8706926297718663,eval,0.89976335,1.0,3,0.22499999999999998,0.1497633457183838
flat,0.975,0.75,14,1,58,8,0.8606259907898409,eval,0.8916472,1.0,3,0.22499999999999998,0.14164721965789795
flat,0.975,0.75,14,1,58,1,1.0593732662303268,eval,1.0102075,1.0,3,0.22499999999999998,0.26020753383636475
flat,0.975,0.75,14,1,59,9,0.9801033945130329,eval,0.9762587,1.0,3,0.22499999999999998,0.22625869512557983
flat,0.975,0.75,14,1,59,12,1.2222435678832566,eval,1.0690622,1.0,3,0.22499999999999998,0.3190622329711914
flat,0.975,0.75,14,1,59,8,0.8034054048241679,eval,0.8455132,1.0,3,0.22499999999999998,0.0955132246017456
flat,0.975,0.75,14,1,59,1,1.0914863981111027,eval,1.0239606,1.0,3,0.22499999999999998,0.27396059036254883
base,0.025,0.5,0,0,0,9,-0.002915150546776414,eval,0.020400098,0.0,4,-0.475,-0.4795999024063349
base,0.025,0.5,0,0,0,12,0.06907067447635609,eval,0.081214264,0.0,4,-0.475,-0.4187857359647751
base,0.025,0.5,0,0,0,8,0.07970956613393337,eval,0.090202056,0.0,4,-0.475,-0.40979794412851334
base,0.025,0.5,0,0,0,1,-0.018643524714322124,eval,0.0071126353,0.0,4,-0.475,-0.4928873647004366
base,0.075,0.5,1,0,1,9,0.10314711025906223,eval,0.111648,0.0,4,-0.425,-0.38835199922323227
base,0.075,0.5,1,0,1,12,0.10925153909534122,eval,0.11756604,0.0,4,-0.425,-0.3824339583516121
base,0.075,0.5,1,0,1,8,0.2513759069559374,eval,0.25535154,0.0,4,-0.425,-0.24464845657348633
base,0.075,0.5,1,0,1,1,-0.041980190777286416,eval,-0.012602391,0.0,4,-0.425,-0.5126023907214403
base,0.125,0.5,2,0,2,9,0.2532481233683165,eval,0.25716662,0.0,4,-0.375,-0.24283337593078613
base,0.125,0.5,2,0,2,12,0.17239470669880136,eval,0.17878154,0.0,4,-0.375,-0.32121846079826355
base,0.125,0.5,2,0,2,8,0.07632387892071708,eval,0.08734185,0.0,4,-0.375,-0.4126581475138664
base,0.125,0.5,2,0,2,1,0.2989367877130134,eval,0.30146047,0.0,4,-0.375,-0.19853952527046204
base,0.175,0.5,3,0,3,9,0.2032451825285249,eval,0.20869017,0.0,4,-0.325,-0.29130983352661133
base,0.175,0.5,3,0,3,12,0.1482691568046723,eval,0.1553925,0.0,4,-0.325,-0.34460750222206116
base,0.175,0.5,3,0,3,8,0.18441541561970465,eval,0.19043525,0.0,4,-0.325,-0.3095647543668747
base,0.175,0.5,3,0,3,1,0.1254089271557848,eval,0.13323015,0.0,4,-0.325,-0.36676985025405884
base,0.225,0.5,4,0,4,9,0.3056019527170751,eval,0.30792212,0.0,4,-0.275,-0.1920778751373291
base,0.225,0.5,4,0,4,12,0.3438327862596402,eval,0.34498587,0.0,4,-0.275,-0.15501412749290466
base,0.225,0.5,4,0,4,8,0.15444720452789168,eval,0.16138193,0.0,4,-0.275,-0.33861806988716125
base,0.225,0.5,4,0,4,1,0.2578969629460202,eval,0.26167354,0.0,4,-0.275,-0.23832646012306213
base,0.275,0.5,5,0,5,9,0.15241172947768455,eval,0.15940857,0.0,4,-0.22499999999999998,-0.3405914306640625
base,0.275,0.5,5,0,5,12,0.24014279349858433,eval,0.24446133,0.0,4,-0.22499999999999998,-0.255538672208786
base,0.275,0.5,5,0,5,8,0.15737429350797189,eval,0.16421969,0.0,4,-0.22499999999999998,-0.3357803076505661
base,0.275,0.5,5,0,5,1,0.24914274545260762,eval,0.25318658,0.0,4,-0.22499999999999998,-0.24681341648101807
base,0.325,0.5,6,0,6,9,0.32274678225324427,eval,0.32454357,0.0,4,-0.175,-0.1754564344882965
base,0.325,0.5,6,0,6,12,0.17876480748448073,eval,0.18495716,0.0,4,-0.175,-0.3150428384542465
base,0.325,0.5,6,0,6,8,0.2536892033263042,eval,0.2575942,0.0,4,-0.175,-0.24240580201148987
base,0.325,0.5,6,0,6,1,0.48334728788021225,eval,0.4802412,0.0,4,-0.175,-0.019758790731430054
base,0.375,0.5,7,0,7,9,0.3874211319304505,eval,0.38724348,0.0,4,-0.125,-0.11275652050971985
base,0.375,0.5,7,0,7,12,0.4599783613618451,eval,0.45758566,0.0,4,-0.125,-0.042414337396621704
base,0.375,0.5,7,0,7,8,0.3405001475914213,eval,0.34175494,0.0,4,-0.125,-0.1582450568675995
base,0.375,0.5,7,0,7,1,0.5070360987081839,eval,0.5032068,1.0,4,-0.125,0.003206789493560791
base,0.425,0.5,8,0,8,9,0.5112246184619911,eval,0.50726753,1.0,4,-0.07500000000000001,0.0072675347328186035
base,0.425,0.5,8,0,8,12,0.6100702779951481,eval,0.60309553,1.0,4,-0.07500000000000001,0.10309553146362305
base,0.425,0.5,8,0,8,8,0.5605438028669814,eval,0.55508095,1.0,4,-0.07500000000000001,0.055080950260162354
base,0.425,0.5,8,0,8,1,0.4883352622824915,eval,0.48507687,0.0,4,-0.07500000000000001,-0.014923125505447388
base,0.475,0.5,9,0,9,9,0.4866060673431017,eval,0.4834005,0.0,4,-0.025000000000000022,-0.01659950613975525
base,0.475,0.5,9,0,9,12,0.3789848880709369,eval,0.37906483,0.0,4,-0.025000000000000022,-0.12093517184257507
base,0.475,0.5,9,0,9,8,0.4752211602573378,eval,0.47236314,0.0,4,-0.025000000000000022,-0.027636855840682983
base,0.475,0.5,9,0,9,1,0.2546490119353349,eval,0.25852475,0.0,4,-0.025000000000000022,-0.24147525429725647
base,0.525,0.5,10,1,10,9,0.6054078958119873,eval,0.5985755,1.0,4,0.025000000000000022,0.09857547283172607
base,0.525,0.5,10,1,10,12,0.5148368870407144,eval,0.5107694,1.0,4,0.025000000000000022,0.010769426822662354
base,0.525,0.5,10,1,10,8,0.44594551903321245,eval,0.44398123,0.0,4,0.025000000000000022,-0.05601876974105835
base,0.525,0.5,10,1,10,1,0.5302028974259887,eval,0.5256664,1.0,4,0.025000000000000022,0.025666415691375732
base,0.575,0.5,11,1,11,9,0.5245800752222866,eval,0.5202152,1.0,4,0.07499999999999996,0.020215213298797607
base,0.575,0.5,11,1,11,12,0.5064557989281973,eval,0.50264424,1.0,4,0.07499999999999996,0.0026442408561706543
base,0.575,0.5,11,1,11,8,0.5891877828241733,eval,0.5828505,1.0,4,0.07499999999999996,0.08285051584243774
base,0.575,0.5,11,1,11,1,0.6433686190776534,eval,0.6353773,1.0,4,0.07499999999999996,0.13537728786468506
base,0.625,0.5,12,1,12,9,0.6607954906213157,eval,0.65227216,1.0,4,0.125,0.15227216482162476
base,0.625,0.5,12,1,12,12,0.5869416749872484,eval,0.5806729,1.0,4,0.125,0.08067291975021362
base,0.625,0.5,12,1,12,8,0.6467571355560034,eval,0.63866234,1.0,4,0.125,0.13866233825683594
base,0.625,0.5,12,1,12,1,0.7253961575842169,eval,0.7149007,1.0,4,0.125,0.2149006724357605
base,0.675,0.5,13,1,13,9,0.7164866401254424,eval,0.7062631,1.0,4,0.17500000000000004,0.20626312494277954
base,0.675,0.5,13,1,13,12,0.6796092971779658,eval,0.6705116,1.0,4,0.17500000000000004,0.17051160335540771
base,0.675,0.5,13,1,13,8,0.6073767944025039,eval,0.6004843,1.0,4,0.17500000000000004,0.10048431158065796
base,0.675,0.5,13,1,13,1,0.61320929552924,eval,0.6061387,1.0,4,0.17500000000000004,0.10613870620727539
base,0.725,0.5,14,1,14,9,0.6000224275413348,eval,0.5933544,1.0,4,0.22499999999999998,0.09335440397262573
base,0.725,0.5,14,1,14,12,0.6008191547218831,eval,0.5941268,1.0,4,0.22499999999999998,0.09412682056427002
base,0.725,0.5,14,1,14,8,0.8393233626629595,eval,0.82534975,1.0,4,0.22499999999999998,0.32534974813461304
base,0.725,0.5,14,1,14,1,0.9072011363328323,eval,0.8911554,1.0,4,0.22499999999999998,0.3911554217338562
base,0.775,0.5,15,1,15,9,0.7925538628567643,eval,0.7800081,1.0,4,0.275,0.28000807762145996
base,0.775,0.5,15,1,15,12,0.7472346328732713,eval,0.7360724,1.0,4,0.275,0.23607242107391357
base,0.775,0.5,15,1,15,8,0.586165110902335,eval,0.5799202,1.0,4,0.275,0.07992017269134521
base,0.775,0.5,15,1,15,1,0.6429569029986707,eval,0.6349782,1.0,4,0.275,0.13497817516326904
base,0.825,0.5,16,1,16,9,0.7929637473048593,eval,0.7804055,1.0,4,0.32499999999999996,0.28040552139282227
base,0.825,0.5,16,1,16,12,0.6784032613617612,eval,0.66934246,1.0,4,0.32499999999999996,0.16934245824813843
base,0.825,0.5,16,1,16,8,0.8036455371917013,eval,0.79076123,1.0,4,0.32499999999999996,0.29076123237609863
base,0.825,0.5,16,1,16,1,0.7588471978184781,eval,0.7473305,1.0,4,0.32499999999999996,0.24733048677444458
base,0.875,0.5,17,1,17,9,0.6845912051383966,eval,0.6753414,1.0,4,0.375,0.1753414273262024
base,0.875,0.5,17,1,17,12,0.8181772362058521,eval,0.80484927,1.0,4,0.375,0.3048492670059204
base,0.875,0.5,17,1,17,8,0.9415066065629245,eval,0.9164681,1.0,4,0.375,0.41646808385849
base,0.875,0.5,17,1,17,1,0.9685049988114022,eval,0.9350721,1.0,4,0.375,0.435072124004364
base,0.925,0.5,18,1,18,9,1.0208406680141398,eval,0.9711357,1.0,4,0.42500000000000004,0.471135675907135
base,0.925,0.5,18,1,18,12,0.8063930346013513,eval,0.7934248,1.0,4,0.42500000000000004,0.2934247851371765
base,0.925,0.5,18,1,18,8,0.7911567480523145,eval,0.7786537,1.0,4,0.42500000000000004,0.27865368127822876
base,0.925,0.5,18,1,18,1,0.9299054613825312,eval,0.9084739,1.0,4,0.42500000000000004,0.4084739089012146
base,0.975,0.5,19,1,19,9,0.9388141319695699,eval,0.91461265,1.0,4,0.475,0.41461265087127686
base,0.975,0.5,19,1,19,12,0.8690939300539855,eval,0.8542116,1.0,4,0.475,0.35421162843704224
base,0.975,0.5,19,1,19,8,1.0111253748643376,eval,0.96444106,1.0,4,0.475,0.46444106101989746
base,0.975,0.5,19,1,19,1,1.1752392583645255,eval,1.077529,1.0,4,0.475,0.5775289535522461
curv,0.025,0.25,0,0,20,9,-0.06023900581258609,eval,-0.10276691,0.0,4,-0.225,-0.3527669087052345
curv,0.025,0.25,0,0,20,12,-0.14699106806582,eval,-0.15017276,0.0,4,-0.225,-0.40017275512218475
curv,0.025,0.25,0,0,20,8,0.1542893050193805,eval,0.07023127,0.0,4,-0.225,-0.17976873368024826
curv,0.025,0.25,0,0,20,1,0.04385191925124656,eval,-0.02682417,0.0,4,-0.225,-0.27682417072355747
curv,0.025,0.25,0,0,21,9,-0.012731674369381461,eval,-0.07462645,0.0,4,-0.225,-0.32462645322084427
curv,0.025,0.25,0,0,21,12,0.1469354588732634,eval,0.063101925,0.0,4,-0.225,-0.18689807504415512
curv,0.025,0.25,0,0,21,8,0.07036712642569681,eval,-0.0044239704,0.0,4,-0.225,-0.2544239703565836
curv,0.025,0.25,0,0,21,1,-0.03831940901922267,eval,-0.090788886,0.0,4,-0.225,-0.3407888859510422
curv,0.075,0.25,1,0,22,9,0.08882003031483213,eval,0.011165192,0.0,4,-0.175,-0.2388348076492548
curv,0.075,0.25,1,0,22,12,0.12590590847395516,eval,0.042714365,0.0,4,-0.175,-0.20728563517332077
curv,0.075,0.25,1,0,22,8,-0.09401599429769265,eval,-0.121224426,0.0,4,-0.175,-0.37122442573308945
curv,0.075,0.25,1,0,22,1,0.03724364947671917,eval,-0.03240692,0.0,4,-0.175,-0.28240691870450974
curv,0.075,0.25,1,0,23,9,0.22579094843471398,eval,0.13955005,0.0,4,-0.175,-0.11044995486736298
curv,0.075,0.25,1,0,23,12,-0.11674640434564944,eval,-0.13364546,0.0,4,-0.175,-0.3836454600095749
curv,0.075,0.25,1,0,23,8,0.0021804972564751224,eval,-0.062028557,0.0,4,-0.175,-0.31202855706214905
curv,0.075,0.25,1,0,23,1,-0.03411461176191956,eval,-0.088491194,0.0,4,-0.175,-0.33849119395017624
curv,0.125,0.25,2,0,24,9,0.10840667969937974,eval,0.027712112,0.0,4,-0.125,-0.22228788770735264
curv,0.125,0.25,2,0,24,12,0.06531724059521243,eval,-0.00869015,0.0,4,-0.125,-0.2586901504546404
curv,0.125,0.25,2,0,24,8,0.24823034025042634,eval,0.1613044,0.0,4,-0.125,-0.08869560062885284
curv,0.125,0.25,2,0,24,1,-0.002768016638660803,eval,-0.06620908,0.0,4,-0.125,-0.316209077835083
curv,0.125,0.25,2,0,25,9,0.17224074969585104,eval,0.08763469,0.0,4,-0.125,-0.16236530989408493
curv,0.125,0.25,2,0,25,12,0.0579561400096926,eval,-0.014908841,0.0,4,-0.125,-0.26490884087979794
curv,0.125,0.25,2,0,25,8,0.15483352450652943,eval,0.07075889,0.0,4,-0.125,-0.1792411133646965
curv,0.125,0.25,2,0,25,1,0.18804114907682318,eval,0.1029527,0.0,4,-0.125,-0.14704730361700058
curv,0.175,0.25,3,0,26,9,0.31235793768977616,eval,0.2234743,0.0,4,-0.07500000000000001,-0.02652570605278015
curv,0.175,0.25,3,0,26,12,0.1059055871831403,eval,0.025599224,0.0,4,-0.07500000000000001,-0.22440077550709248
curv,0.175,0.25,3,0,26,8,0.17401410615100246,eval,0.08935391,0.0,4,-0.07500000000000001,-0.16064608842134476
curv,0.175,0.25,3,0,26,1,0.23311658124128057,eval,0.14665201,0.0,4,-0.07500000000000001,-0.10334798693656921
curv,0.175,0.25,3,0,27,9,0.22835505312737925,eval,0.14203587,0.0,4,-0.07500000000000001,-0.10796412825584412
curv,0.175,0.25,3,0,27,12,0.030311648744351605,eval,-0.038263127,0.0,4,-0.07500000000000001,-0.28826312720775604
curv,0.175,0.25,3,0,27,8,0.219120059471549,eval,0.1330828,0.0,4,-0.07500000000000001,-0.1169171929359436
curv,0.175,0.25,3,0,27,1,0.30445588194411166,eval,0.21581344,0.0,4,-0.07500000000000001,-0.034186556935310364
curv,0.225,0.25,4,0,28,9,0.3318564157418792,eval,0.24237752,0.0,4,-0.024999999999999994,-0.007622480392456055
curv,0.225,0.25,4,0,28,12,0.30043857213684555,eval,0.2119188,0.0,4,-0.024999999999999994,-0.038081198930740356
curv,0.225,0.25,4,0,28,8,0.2971048950005876,eval,0.2086869,0.0,4,-0.024999999999999994,-0.04131309688091278
curv,0.225,0.25,4,0,28,1,0.1495394208740069,eval,0.065626405,0.0,4,-0.024999999999999994,-0.18437359482049942
curv,0.225,0.25,4,0,29,9,0.17734901410490445,eval,0.09258699,0.0,4,-0.024999999999999994,-0.15741301327943802
curv,0.225,0.25,4,0,29,12,0.1854136214492001,eval,0.10040539,0.0,4,-0.024999999999999994,-0.14959461241960526
curv,0.225,0.25,4,0,29,8,0.15415347634020068,eval,0.07009962,0.0,4,-0.024999999999999994,-0.1799003779888153
curv,0.225,0.25,4,0,29,1,0.3939107452443673,eval,0.3025374,1.0,4,-0.024999999999999994,0.05253741145133972
curv,0.275,0.25,5,1,30,9,0.3521049326473978,eval,0.26200786,1.0,4,0.025000000000000022,0.012007862329483032
curv,0.275,0.25,5,1,30,12,0.3218148909489514,eval,0.23264256,0.0,4,0.025000000000000022,-0.017357438802719116
curv,0.275,0.25,5,1,30,8,0.2459599919927045,eval,0.1591034,0.0,4,0.025000000000000022,-0.0908966064453125
curv,0.275,0.25,5,1,30,1,0.2462612292191334,eval,0.15939538,0.0,4,0.025000000000000022,-0.09060461819171906
curv,0.325,0.25,6,1,31,9,0.31920239999303074,eval,0.23010978,0.0,4,0.07500000000000001,-0.01989021897315979
curv,0.325,0.25,6,1,31,12,0.37767557651664274,eval,0.28679785,1.0,4,0.07500000000000001,0.03679785132408142
curv,0.325,0.25,6,1,31,8,0.339291364966682,eval,0.24958548,0.0,4,0.07500000000000001,-0.0004145205020904541
curv,0.325,0.25,6,1,31,1,0.4824408278844587,eval,0.38836476,1.0,4,0.07500000000000001,0.1383647620677948
curv,0.375,0.25,7,1,32,9,0.48244112374891795,eval,0.3883651,1.0,4,0.125,0.13836508989334106
curv,0.375,0.25,7,1,32,12,0.5125445311670886,eval,0.41754946,1.0,4,0.125,0.16754946112632751
curv,0.375,0.25,7,1,32,8,0.3206042278212674,eval,0.23146883,0.0,4,0.125,-0.01853117346763611
curv,0.375,0.25,7,1,32,1,0.3317214152817403,eval,0.2422466,0.0,4,0.125,-0.0077534019947052
curv,0.425,0.25,8,1,33,9,0.32464404280078596,eval,0.23538527,0.0,4,0.175,-0.014614731073379517
curv,0.425,0.25,8,1,33,12,0.24351277222568563,eval,0.15673088,0.0,4,0.175,-0.09326912462711334
curv,0.425,0.25,8,1,33,8,0.4116548441462745,eval,0.3197398,1.0,4,0.175,0.06973978877067566
curv,0.425,0.25,8,1,33,1,0.3514516707657725,eval,0.2613745,1.0,4,0.175,0.011374503374099731
curv,0.475,0.25,9,1,34,9,0.39704422467572553,eval,0.30557516,1.0,4,0.22499999999999998,0.055575162172317505
curv,0.475,0.25,9,1,34,12,0.6488602111424955,eval,0.54970366,1.0,4,0.22499999999999998,0.2997036576271057
curv,0.475,0.25,9,1,34,8,0.6047871761181993,eval,0.5069761,1.0,4,0.22499999999999998,0.2569761276245117
curv,0.475,0.25,9,1,34,1,0.49997853715586665,eval,0.4053671,1.0,4,0.22499999999999998,0.15536710619926453
curv,0.525,0.25,10,1,35,9,0.6518731572705383,eval,0.55262464,1.0,4,0.275,0.3026246428489685
curv,0.525,0.25,10,1,35,12,0.6518815273891231,eval,0.55263275,1.0,4,0.275,0.30263274908065796
curv,0.525,0.25,10,1,35,8,0.4282180135307945,eval,0.33579728,1.0,4,0.275,0.0857972800731659
curv,0.525,0.25,10,1,35,1,0.6281453084869473,eval,0.5296211,1.0,4,0.275,0.2796211242675781
curv,0.575,0.25,11,1,36,9,0.555391602743063,eval,0.45908853,1.0,4,0.32499999999999996,0.209088534116745
curv,0.575,0.25,11,1,36,12,0.6323065992335506,eval,0.53365535,1.0,4,0.32499999999999996,0.2836553454399109
curv,0.575,0.25,11,1,36,8,0.767666270913514,eval,0.6648827,1.0,4,0.32499999999999996,0.41488271951675415
curv,0.575,0.25,11,1,36,1,0.5911009576715345,eval,0.49370763,1.0,4,0.32499999999999996,0.24370762705802917
curv,0.625,0.25,12,1,37,9,0.5891039353295531,eval,0.4917716,1.0,4,0.375,0.2417716085910797
curv,0.625,0.25,12,1,37,12,0.8633592229234116,eval,0.75765437,1.0,4,0.375,0.5076543688774109
curv,0.625,0.25,12,1,37,8,0.8129344377381986,eval,0.7087689,1.0,4,0.375,0.45876890420913696
curv,0.625,0.25,12,1,37,1,0.5664471175876663,eval,0.46980652,1.0,4,0.375,0.2198065221309662
curv,0.675,0.25,13,1,38,9,0.682757241935024,eval,0.58256584,1.0,4,0.42500000000000004,0.3325658440589905
curv,0.675,0.25,13,1,38,12,0.6954978597927232,eval,0.5949175,1.0,4,0.42500000000000004,0.3449174761772156
curv,0.675,0.25,13,1,38,8,0.503656056203569,eval,0.4089323,1.0,4,0.42500000000000004,0.15893229842185974
curv,0.675,0.25,13,1,38,1,0.5408780285923331,eval,0.44501802,1.0,4,0.42500000000000004,0.19501802325248718
curv,0.725,0.25,14,1,39,9,0.6560502542647139,eval,0.5566742,1.0,4,0.475,0.30667418241500854
curv,0.725,0.25,14,1,39,12,0.8071478916070218,eval,0.70315903,1.0,4,0.475,0.45315903425216675
curv,0.725,0.25,14,1,39,8,0.7108977334886978,eval,0.60984725,1.0,4,0.475,0.3598472476005554
curv,0.725,0.25,14,1,39,1,0.5848479785082572,eval,0.4876456,1.0,4,0.475,0.23764559626579285
flat,0.275,0.75,0,0,40,9,0.40819413685305606,eval,0.49837992,0.0,4,-0.475,-0.2516200840473175
flat,0.275,0.75,0,0,40,12,0.20115860187320406,eval,0.2976649,0.0,4,-0.475,-0.45233508944511414
flat,0.275,0.75,0,0,40,8,0.30926915696456797,eval,0.40247503,0.0,4,-0.475,-0.3475249707698822
flat,0.275,0.75,0,0,40,1,0.3252682849874866,eval,0.4179857,0.0,4,-0.475,-0.3320142924785614
flat,0.325,0.75,1,0,41,9,0.20008373483240952,eval,0.29662284,0.0,4,-0.425,-0.4533771574497223
flat,0.325,0.75,1,0,41,12,0.4384357407951828,eval,0.52769834,0.0,4,-0.425,-0.2223016619682312
flat,0.325,0.75,1,0,41,8,0.24891289124935712,eval,0.3439613,0.0,4,-0.425,-0.40603870153427124
flat,0.325,0.75,1,0,41,1,0.4239713033285805,eval,0.5136755,0.0,4,-0.425,-0.2363244891166687
flat,0.375,0.75,2,0,42,9,0.3599402001639595,eval,0.4515991,0.0,4,-0.375,-0.2984009087085724
flat,0.375,0.75,2,0,42,12,0.39178259697224144,eval,0.4824694,0.0,4,-0.375,-0.2675305902957916
flat,0.375,0.75,2,0,42,8,0.3008919496315271,eval,0.39435354,0.0,4,-0.375,-0.3556464612483978
flat,0.375,0.75,2,0,42,1,0.3585705407374709,eval,0.45027128,0.0,4,-0.375,-0.29972872138023376
flat,0.425,0.75,3,0,43,9,0.45969527857023623,eval,0.54830885,0.0,4,-0.325,-0.2016911506652832
flat,0.425,0.75,3,0,43,12,0.37987998551439534,eval,0.4709302,0.0,4,-0.325,-0.27906981110572815
flat,0.425,0.75,3,0,43,8,0.40125843032654535,eval,0.49165598,0.0,4,-0.325,-0.25834402441978455
flat,0.425,0.75,3,0,43,1,0.3175635141771565,eval,0.4105161,0.0,4,-0.325,-0.3394838869571686
flat,0.475,0.75,4,0,44,9,0.46455529309334376,eval,0.55302054,0.0,4,-0.275,-0.19697946310043335
flat,0.475,0.75,4,0,44,12,0.6866939198315876,eval,0.7683775,1.0,4,-0.275,0.018377482891082764
flat,0.475,0.75,4,0,44,8,0.548917808711155,eval,0.63480765,0.0,4,-0.275,-0.11519235372543335
flat,0.475,0.75,4,0,44,1,0.5623042152621707,eval,0.64778525,0.0,4,-0.275,-0.1022147536277771
flat,0.525,0.75,5,0,45,9,0.4447712454632119,eval,0.5338405,0.0,4,-0.22499999999999998,-0.21615952253341675
flat,0.525,0.75,5,0,45,12,0.49452003354591684,eval,0.58207047,0.0,4,-0.22499999999999998,-0.1679295301437378
flat,0.525,0.75,5,0,45,8,0.4738666161052906,eval,0.56204754,0.0,4,-0.22499999999999998,-0.18795245885849
flat,0.525,0.75,5,0,45,1,0.39696060552854273,eval,0.48748937,0.0,4,-0.22499999999999998,-0.26251062750816345
flat,0.575,0.75,6,0,46,9,0.48816108032474786,eval,0.5759056,0.0,4,-0.17500000000000004,-0.17409437894821167
flat,0.575,0.75,6,0,46,12,0.5758861327608518,eval,0.6609525,0.0,4,-0.17500000000000004,-0.08904749155044556
flat,0.575,0.75,6,0,46,8,0.7576693811620117,eval,0.8371862,1.0,4,-0.17500000000000004,0.08718621730804443
flat,0.575,0.75,6,0,46,1,0.5036931904940727,eval,0.59096354,0.0,4,-0.17500000000000004,-0.15903645753860474
flat,0.625,0.75,7,0,47,9,0.6675394425820824,eval,0.74980783,0.0,4,-0.125,-0.00019216537475585938
flat,0.625,0.75,7,0,47,12,0.6052720042673871,eval,0.6894413,0.0,4,-0.125,-0.06055867671966553
flat,0.625,0.75,7,0,47,8,0.6539974002338532,eval,0.7366792,0.0,4,-0.125,-0.01332080364227295
flat,0.625,0.75,7,0,47,1,0.6871017853540099,eval,0.7687729,1.0,4,-0.125,0.018772900104522705
flat,0.675,0.75,8,0,48,9,0.57195195498333,eval,0.6571384,0.0,4,-0.07499999999999996,-0.0928615927696228
flat,0.675,0.75,8,0,48,12,0.5994329086763519,eval,0.6837805,0.0,4,-0.07499999999999996,-0.0662195086479187
flat,0.675,0.75,8,0,48,8,0.6647424715916677,eval,0.74709624,0.0,4,-0.07499999999999996,-0.002903759479522705
flat,0.675,0.75,8,0,48,1,0.44998588264254086,eval,0.5388959,0.0,4,-0.07499999999999996,-0.21110409498214722
flat,0.725,0.75,9,0,49,9,0.789624270571504,eval,0.8681656,1.0,4,-0.025000000000000022,0.11816561222076416
flat,0.725,0.75,9,0,49,12,0.7781272400530428,eval,0.8570195,1.0,4,-0.025000000000000022,0.10701948404312134
flat,0.725,0.75,9,0,49,8,0.8699259685131457,eval,0.93248594,1.0,4,-0.025000000000000022,0.1824859380722046
flat,0.725,0.75,9,0,49,1,0.7636369597566306,eval,0.8429716,1.0,4,-0.025000000000000022,0.09297162294387817
flat,0.775,0.75,10,1,50,9,0.6225851636354708,eval,0.70622593,0.0,4,0.025000000000000022,-0.0437740683555603
flat,0.775,0.75,10,1,50,12,0.8488409603732732,eval,0.9179566,1.0,4,0.025000000000000022,0.16795659065246582
flat,0.775,0.75,10,1,50,8,0.8376281195060352,eval,0.9102301,1.0,4,0.025000000000000022,0.1602301001548767
flat,0.775,0.75,10,1,50,1,0.7168359163590498,eval,0.7975993,1.0,4,0.025000000000000022,0.04759931564331055
flat,0.775,0.75,10,1,51,9,0.7195016903283316,eval,0.8001837,1.0,4,0.025000000000000022,0.05018371343612671
flat,0.775,0.75,10,1,51,12,0.8104372527738726,eval,0.88834316,1.0,4,0.025000000000000022,0.13834315538406372
flat,0.775,0.75,10,1,51,8,0.8119286775687574,eval,0.88978904,1.0,4,0.025000000000000022,0.13978904485702515
flat,0.775,0.75,10,1,51,1,0.7859279697477815,eval,0.86458206,1.0,4,0.025000000000000022,0.11458206176757812
flat,0.825,0.75,11,1,52,9,0.8286306022369746,eval,0.90403014,1.0,4,0.07499999999999996,0.15403014421463013
flat,0.825,0.75,11,1,52,12,0.5889421738555064,eval,0.67361003,0.0,4,0.07499999999999996,-0.07638996839523315
flat,0.825,0.75,11,1,52,8,0.7918859617230475,eval,0.8703583,1.0,4,0.07499999999999996,0.12035828828811646
flat,0.825,0.75,11,1,52,1,0.8174298473779177,eval,0.8951223,1.0,4,0.07499999999999996,0.14512228965759277
flat,0.825,0.75,11,1,53,9,0.6997848056555384,eval,0.78106874,1.0,4,0.07499999999999996,0.031068742275238037
flat,0.825,0.75,11,1,53,12,0.9257997003423085,eval,0.9709876,1.0,4,0.07499999999999996,0.22098761796951294
flat,0.825,0.75,11,1,53,8,1.006398561389275,eval,1.0265267,1.0,4,0.07499999999999996,0.27652668952941895
flat,0.825,0.75,11,1,53,1,0.8452114395043959,eval,0.9154555,1.0,4,0.07499999999999996,0.16545552015304565
flat,0.875,0.75,12,1,54,9,0.9402010863526592,eval,0.9809112,1.0,4,0.125,0.23091119527816772
flat,0.875,0.75,12,1,54,12,0.8399761650176906,eval,0.9118481,1.0,4,0.125,0.16184812784194946
flat,0.875,0.75,12,1,54,8,0.9561821589739987,eval,0.99192363,1.0,4,0.125,0.24192363023757935
flat,0.875,0.75,12,1,54,1,0.9444171936707009,eval,0.98381644,1.0,4,0.125,0.23381644487380981
flat,0.875,0.75,12,1,55,9,0.8731461186690498,eval,0.93470484,1.0,4,0.125,0.18470484018325806
flat,0.875,0.75,12,1,55,12,0.7533676588110694,eval,0.8330158,1.0,4,0.125,0.0830157995223999
flat,0.875,0.75,12,1,55,8,0.8546588664055288,eval,0.92196566,1.0,4,0.125,0.17196565866470337
flat,0.875,0.75,12,1,55,1,0.7991630249101591,eval,0.8774131,1.0,4,0.125,0.1274130940437317
flat,0.925,0.75,13,1,56,9,0.8213926318410458,eval,0.8989641,1.0,4,0.17500000000000004,0.14896410703659058
flat,0.925,0.75,13,1,56,12,0.9853280959050975,eval,1.0120075,1.0,4,0.17500000000000004,0.262007474899292
flat,0.925,0.75,13,1,56,8,0.7672800849317296,eval,0.8465035,1.0,4,0.17500000000000004,0.09650349617004395
flat,0.925,0.75,13,1,56,1,1.0670982022311917,eval,1.0683537,1.0,4,0.17500000000000004,0.31835365295410156
flat,0.925,0.75,13,1,57,9,0.7731111770249605,eval,0.8521566,1.0,4,0.17500000000000004,0.10215657949447632
flat,0.925,0.75,13,1,57,12,0.9812849420373864,eval,1.0092213,1.0,4,0.17500000000000004,0.25922131538391113
flat,0.925,0.75,13,1,57,8,0.9622951541761923,eval,0.9961359,1.0,4,0.17500000000000004,0.2461358904838562
flat,0.925,0.75,13,1,57,1,0.9976093788947765,eval,1.0204701,1.0,4,0.17500000000000004,0.27047014236450195
flat,0.975,0.75,14,1,58,9,0.8184410628627359,eval,0.8961026,1.0,4,0.22499999999999998,0.14610260725021362
flat,0.975,0.75,14,1,58,12,0.8706926297718663,eval,0.9330142,1.0,4,0.22499999999999998,0.18301421403884888
flat,0.975,0.75,14,1,58,8,0.8606259907898409,eval,0.9260774,1.0,4,0.22499999999999998,0.17607742547988892
flat,0.975,0.75,14,1,58,1,1.0593732662303268,eval,1.0630306,1.0,4,0.22499999999999998,0.3130306005477905
flat,0.975,0.75,14,1,59,9,0.9801033945130329,eval,1.0084071,1.0,4,0.22499999999999998,0.2584071159362793
flat,0.975,0.75,14,1,59,12,1.2222435678832566,eval,1.1752615,1.0,4,0.22499999999999998,0.4252614974975586
flat,0.975,0.75,14,1,59,8,0.8034054048241679,eval,0.88152593,1.0,4,0.22499999999999998,0.1315259337425232
flat,0.975,0.75,14,1,59,1,1.0914863981111027,eval,1.0851592,1.0,4,0.22499999999999998,0.33515918254852295
base,0.025,0.5,0,0,0,9,-0.002915150546776414,eval,0.12097886,0.0,5,-0.475,-0.37902113795280457
base,0.025,0.5,0,0,0,12,0.06907067447635609,eval,0.17543489,0.0,5,-0.475,-0.3245651125907898
base,0.025,0.5,0,0,0,8,0.07970956613393337,eval,0.183483,0.0,5,-0.475,-0.3165169954299927
base,0.025,0.5,0,0,0,1,-0.018643524714322124,eval,0.11017698,0.0,5,-0.475,-0.3898230195045471
base,0.075,0.5,1,0,1,9,0.10314711025906223,eval,0.20121308,0.0,5,-0.425,-0.298786923289299
base,0.075,0.5,1,0,1,12,0.10925153909534122,eval,0.205831,0.0,5,-0.425,-0.29416899383068085
base,0.075,0.5,1,0,1,8,0.2513759069559374,eval,0.31334558,0.0,5,-0.425,-0.18665441870689392
base,0.075,0.5,1,0,1,1,-0.041980190777286416,eval,0.10949448,0.0,5,-0.425,-0.39050552248954773
base,0.125,0.5,2,0,2,9,0.2532481233683165,eval,0.31476185,0.0,5,-0.375,-0.18523815274238586
base,0.125,0.5,2,0,2,12,0.17239470669880136,eval,0.25359768,0.0,5,-0.375,-0.2464023232460022
base,0.125,0.5,2,0,2,8,0.07632387892071708,eval,0.18092178,0.0,5,-0.375,-0.3190782219171524
base,0.125,0.5,2,0,2,1,0.2989367877130134,eval,0.34932452,0.0,5,-0.375,-0.1506754755973816
base,0.175,0.5,3,0,3,9,0.2032451825285249,eval,0.2769355,0.0,5,-0.325,-0.22306451201438904
base,0.175,0.5,3,0,3,12,0.1482691568046723,eval,0.23534712,0.0,5,-0.325,-0.26465287804603577
base,0.175,0.5,3,0,3,8,0.18441541561970465,eval,0.26269108,0.0,5,-0.325,-0.23730891942977905
base,0.175,0.5,3,0,3,1,0.1254089271557848,eval,0.21805377,0.0,5,-0.325,-0.28194622695446014
base,0.225,0.5,4,0,4,9,0.3056019527170751,eval,0.3543666,0.0,5,-0.275,-0.14563339948654175
base,0.225,0.5,4,0,4,12,0.3438327862596402,eval,0.38328755,0.0,5,-0.275,-0.11671245098114014
base,0.225,0.5,4,0,4,8,0.15444720452789168,eval,0.24002068,0.0,5,-0.275,-0.25997932255268097
base,0.225,0.5,4,0,4,1,0.2578969629460202,eval,0.3182786,0.0,5,-0.275,-0.18172138929367065
base,0.275,0.5,5,0,5,9,0.15241172947768455,eval,0.2384809,0.0,5,-0.22499999999999998,-0.26151910424232483
base,0.275,0.5,5,0,5,12,0.24014279349858433,eval,0.3048479,0.0,5,-0.22499999999999998,-0.19515210390090942
base,0.275,0.5,5,0,5,8,0.15737429350797189,eval,0.242235,0.0,5,-0.22499999999999998,-0.257764995098114
base,0.275,0.5,5,0,5,1,0.24914274545260762,eval,0.31165618,0.0,5,-0.22499999999999998,-0.1883438229560852
base,0.325,0.5,6,0,6,9,0.32274678225324427,eval,0.36733633,0.0,5,-0.175,-0.13266366720199585
base,0.325,0.5,6,0,6,12,0.17876480748448073,eval,0.25841653,0.0,5,-0.175,-0.2415834665298462
base,0.325,0.5,6,0,6,8,0.2536892033263042,eval,0.31509548,0.0,5,-0.175,-0.18490451574325562
base,0.325,0.5,6,0,6,1,0.48334728788021225,eval,0.48882776,0.0,5,-0.175,-0.011172235012054443
base,0.375,0.5,7,0,7,9,0.3874211319304505,eval,0.41626132,0.0,5,-0.125,-0.08373868465423584
base,0.375,0.5,7,0,7,12,0.4599783613618451,eval,0.47114962,0.0,5,-0.125,-0.02885037660598755
base,0.375,0.5,7,0,7,8,0.3405001475914213,eval,0.38076645,0.0,5,-0.125,-0.11923354864120483
base,0.375,0.5,7,0,7,1,0.5070360987081839,eval,0.5067479,1.0,5,-0.125,0.006747901439666748
base,0.425,0.5,8,0,8,9,0.5112246184619911,eval,0.5099164,1.0,5,-0.07500000000000001,0.009916424751281738
base,0.425,0.5,8,0,8,12,0.6100702779951481,eval,0.5848578,1.0,5,-0.07500000000000001,0.08485782146453857
base,0.425,0.5,8,0,8,8,0.5605438028669814,eval,0.54722553,1.0,5,-0.07500000000000001,0.04722553491592407
base,0.425,0.5,8,0,8,1,0.4883352622824915,eval,0.4926011,0.0,5,-0.07500000000000001,-0.0073989033699035645
base,0.475,0.5,9,0,9,9,0.4866060673431017,eval,0.49129295,0.0,5,-0.025000000000000022,-0.008707046508789062
base,0.475,0.5,9,0,9,12,0.3789848880709369,eval,0.40987945,0.0,5,-0.025000000000000022,-0.09012055397033691
base,0.475,0.5,9,0,9,8,0.4752211602573378,eval,0.4826805,0.0,5,-0.025000000000000022,-0.01731950044631958
base,0.475,0.5,9,0,9,1,0.2546490119353349,eval,0.3158216,0.0,5,-0.025000000000000022,-0.1841784119606018
base,0.525,0.5,10,1,10,9,0.6054078958119873,eval,0.5811644,1.0,5,0.025000000000000022,0.0811644196510315
base,0.525,0.5,10,1,10,12,0.5148368870407144,eval,0.51264906,1.0,5,0.025000000000000022,0.012649059295654297
base,0.525,0.5,10,1,10,8,0.44594551903321245,eval,0.46053398,0.0,5,0.025000000000000022,-0.039466023445129395
base,0.525,0.5,10,1,10,1,0.5302028974259887,eval,0.5242732,1.0,5,0.025000000000000022,0.024273216724395752
base,0.575,0.5,11,1,11,9,0.5245800752222866,eval,0.52001965,1.0,5,0.07499999999999996,0.02001965045928955
base,0.575,0.5,11,1,11,12,0.5064557989281973,eval,0.5063089,1.0,5,0.07499999999999996,0.006308913230895996
base,0.575,0.5,11,1,11,8,0.5891877828241733,eval,0.56889415,1.0,5,0.07499999999999996,0.0688941478729248
base,0.575,0.5,11,1,11,1,0.6433686190776534,eval,0.611507,1.0,5,0.07499999999999996,0.11150699853897095
base,0.625,0.5,12,1,12,9,0.6607954906213157,eval,0.62545395,1.0,5,0.125,0.12545394897460938
base,0.625,0.5,12,1,12,12,0.5869416749872484,eval,0.56719506,1.0,5,0.125,0.06719505786895752
base,0.625,0.5,12,1,12,8,0.6467571355560034,eval,0.61421895,1.0,5,0.125,0.11421895027160645
base,0.625,0.5,12,1,12,1,0.7253961575842169,eval,0.6771547,1.0,5,0.125,0.17715471982955933
base,0.675,0.5,13,1,13,9,0.7164866401254424,eval,0.6700244,1.0,5,0.17500000000000004,0.17002439498901367
base,0.675,0.5,13,1,13,12,0.6796092971779658,eval,0.6405109,1.0,5,0.17500000000000004,0.1405109167098999
base,0.675,0.5,13,1,13,8,0.6073767944025039,eval,0.5827024,1.0,5,0.17500000000000004,0.0827023983001709
base,0.675,0.5,13,1,13,1,0.61320929552924,eval,0.58737004,1.0,5,0.17500000000000004,0.08737003803253174
base,0.725,0.5,14,1,14,9,0.6000224275413348,eval,0.57709044,1.0,5,0.22499999999999998,0.07709044218063354
base,0.725,0.5,14,1,14,12,0.6008191547218831,eval,0.57769316,1.0,5,0.22499999999999998,0.0776931643486023
base,0.725,0.5,14,1,14,8,0.8393233626629595,eval,0.76833236,1.0,5,0.22499999999999998,0.2683323621749878
base,0.725,0.5,14,1,14,1,0.9072011363328323,eval,0.8226559,1.0,5,0.22499999999999998,0.32265591621398926
base,0.775,0.5,15,1,15,9,0.7925538628567643,eval,0.7309021,1.0,5,0.275,0.2309020757675171
base,0.775,0.5,15,1,15,12,0.7472346328732713,eval,0.6946325,1.0,5,0.275,0.19463247060775757
base,0.775,0.5,15,1,15,8,0.586165110902335,eval,0.56660765,1.0,5,0.275,0.06660765409469604
base,0.775,0.5,15,1,15,1,0.6429569029986707,eval,0.6111775,1.0,5,0.275,0.11117750406265259
base,0.825,0.5,16,1,16,9,0.7929637473048593,eval,0.7312301,1.0,5,0.32499999999999996,0.23123008012771606
base,0.825,0.5,16,1,16,12,0.6784032613617612,eval,0.63954574,1.0,5,0.32499999999999996,0.139545738697052
base,0.825,0.5,16,1,16,8,0.8036455371917013,eval,0.7397788,1.0,5,0.32499999999999996,0.2397788166999817
base,0.825,0.5,16,1,16,1,0.7588471978184781,eval,0.7039261,1.0,5,0.32499999999999996,0.20392608642578125
base,0.875,0.5,17,1,17,9,0.6845912051383966,eval,0.6444981,1.0,5,0.375,0.14449810981750488
base,0.875,0.5,17,1,17,12,0.8181772362058521,eval,0.7514089,1.0,5,0.375,0.2514088749885559
base,0.875,0.5,17,1,17,8,0.9415066065629245,eval,0.8501111,1.0,5,0.375,0.35011112689971924
base,0.875,0.5,17,1,17,1,0.9685049988114022,eval,0.8717183,1.0,5,0.375,0.37171828746795654
base,0.925,0.5,18,1,18,9,1.0208406680141398,eval,0.91360325,1.0,5,0.42500000000000004,0.4136032462120056
base,0.925,0.5,18,1,18,12,0.8063930346013513,eval,0.74197775,1.0,5,0.42500000000000004,0.2419777512550354
base,0.925,0.5,18,1,18,8,0.7911567480523145,eval,0.729784,1.0,5,0.42500000000000004,0.2297840118408203
base,0.925,0.5,18,1,18,1,0.9299054613825312,eval,0.8408265,1.0,5,0.42500000000000004,0.34082651138305664
base,0.975,0.5,19,1,19,9,0.9388141319695699,eval,0.84795624,1.0,5,0.475,0.34795624017715454
base,0.975,0.5,19,1,19,12,0.8690939300539855,eval,0.7921582,1.0,5,0.475,0.29215818643569946
base,0.975,0.5,19,1,19,8,1.0111253748643376,eval,0.90582794,1.0,5,0.475,0.40582793951034546
base,0.975,0.5,19,1,19,1,1.1752392583645255,eval,1.0371706,1.0,5,0.475,0.5371706485748291
curv,0.025,0.25,0,0,20,9,-0.06023900581258609,eval,0.10423089,0.0,5,-0.225,-0.14576911181211472
curv,0.025,0.25,0,0,20,12,-0.14699106806582,eval,0.101693645,0.0,5,-0.225,-0.14830635488033295
curv,0.025,0.25,0,0,20,8,0.1542893050193805,eval,0.17249033,0.0,5,-0.225,-0.07750967144966125
curv,0.025,0.25,0,0,20,1,0.04385191925124656,eval,0.10727524,0.0,5,-0.225,-0.14272475987672806
curv,0.025,0.25,0,0,21,9,-0.012731674369381461,eval,0.10562033,0.0,5,-0.225,-0.14437966793775558
curv,0.025,0.25,0,0,21,12,0.1469354588732634,eval,0.16692726,0.0,5,-0.225,-0.0830727368593216
curv,0.025,0.25,0,0,21,8,0.07036712642569681,eval,0.10900469,0.0,5,-0.225,-0.1409953087568283
curv,0.025,0.25,0,0,21,1,-0.03831940901922267,eval,0.10487197,0.0,5,-0.225,-0.1451280266046524
curv,0.075,0.25,1,0,22,9,0.08882003031483213,eval,0.12296399,0.0,5,-0.175,-0.12703601270914078
curv,0.075,0.25,1,0,22,12,0.12590590847395516,eval,0.1510188,0.0,5,-0.175,-0.09898120164871216
curv,0.075,0.25,1,0,22,8,-0.09401599429769265,eval,0.10324301,0.0,5,-0.175,-0.14675699174404144
curv,0.075,0.25,1,0,22,1,0.03724364947671917,eval,0.107081965,0.0,5,-0.175,-0.14291803538799286
curv,0.075,0.25,1,0,23,9,0.22579094843471398,eval,0.22658002,0.0,5,-0.175,-0.023419976234436035
curv,0.075,0.25,1,0,23,12,-0.11674640434564944,eval,0.10257821,0.0,5,-0.175,-0.14742179214954376
curv,0.075,0.25,1,0,23,8,0.0021804972564751224,eval,0.106056474,0.0,5,-0.175,-0.14394352585077286
curv,0.075,0.25,1,0,23,1,-0.03411461176191956,eval,0.10499494,0.0,5,-0.175,-0.14500506222248077
curv,0.125,0.25,2,0,24,9,0.10840667969937974,eval,0.13778093,0.0,5,-0.125,-0.11221906542778015
curv,0.125,0.25,2,0,24,12,0.06531724059521243,eval,0.10790303,0.0,5,-0.125,-0.14209696650505066
curv,0.125,0.25,2,0,24,8,0.24823034025042634,eval,0.24355505,0.0,5,-0.125,-0.006444945931434631
curv,0.125,0.25,2,0,24,1,-0.002768016638660803,eval,0.10591175,0.0,5,-0.125,-0.1440882533788681
curv,0.125,0.25,2,0,25,9,0.17224074969585104,eval,0.18607026,0.0,5,-0.125,-0.0639297366142273
curv,0.125,0.25,2,0,25,12,0.0579561400096926,eval,0.10768775,0.0,5,-0.125,-0.14231225103139877
curv,0.125,0.25,2,0,25,8,0.15483352450652943,eval,0.17290202,0.0,5,-0.125,-0.07709798216819763
curv,0.125,0.25,2,0,25,1,0.18804114907682318,eval,0.19802299,0.0,5,-0.125,-0.0519770085811615
curv,0.175,0.25,3,0,26,9,0.31235793768977616,eval,0.2920664,1.0,5,-0.07500000000000001,0.04206639528274536
curv,0.175,0.25,3,0,26,12,0.1059055871831403,eval,0.1358889,0.0,5,-0.07500000000000001,-0.11411109566688538
curv,0.175,0.25,3,0,26,8,0.17401410615100246,eval,0.18741177,0.0,5,-0.07500000000000001,-0.06258822977542877
curv,0.175,0.25,3,0,26,1,0.23311658124128057,eval,0.23212175,0.0,5,-0.07500000000000001,-0.017878249287605286
curv,0.175,0.25,3,0,27,9,0.22835505312737925,eval,0.22851974,0.0,5,-0.07500000000000001,-0.021480262279510498
curv,0.175,0.25,3,0,27,12,0.030311648744351605,eval,0.106879234,0.0,5,-0.07500000000000001,-0.14312076568603516
curv,0.175,0.25,3,0,27,8,0.219120059471549,eval,0.22153363,0.0,5,-0.07500000000000001,-0.028466373682022095
curv,0.175,0.25,3,0,27,1,0.30445588194411166,eval,0.28608865,1.0,5,-0.07500000000000001,0.036088645458221436
curv,0.225,0.25,4,0,28,9,0.3318564157418792,eval,0.3068167,1.0,5,-0.024999999999999994,0.056816697120666504
curv,0.225,0.25,4,0,28,12,0.30043857213684555,eval,0.28304967,1.0,5,-0.024999999999999994,0.03304967284202576
curv,0.225,0.25,4,0,28,8,0.2971048950005876,eval,0.28052777,1.0,5,-0.024999999999999994,0.030527770519256592
curv,0.225,0.25,4,0,28,1,0.1495394208740069,eval,0.16889714,0.0,5,-0.024999999999999994,-0.08110286295413971
curv,0.225,0.25,4,0,29,9,0.17734901410490445,eval,0.18993457,0.0,5,-0.024999999999999994,-0.060065433382987976
curv,0.225,0.25,4,0,29,12,0.1854136214492001,eval,0.19603533,0.0,5,-0.024999999999999994,-0.05396467447280884
curv,0.225,0.25,4,0,29,8,0.15415347634020068,eval,0.17238757,0.0,5,-0.024999999999999994,-0.07761242985725403
curv,0.225,0.25,4,0,29,1,0.3939107452443673,eval,0.35375965,1.0,5,-0.024999999999999994,0.10375964641571045
curv,0.275,0.25,5,1,30,9,0.3521049326473978,eval,0.32213432,1.0,5,0.025000000000000022,0.07213431596755981
curv,0.275,0.25,5,1,30,12,0.3218148909489514,eval,0.29922044,1.0,5,0.025000000000000022,0.04922044277191162
curv,0.275,0.25,5,1,30,8,0.2459599919927045,eval,0.24183756,0.0,5,0.025000000000000022,-0.008162438869476318
curv,0.275,0.25,5,1,30,1,0.2462612292191334,eval,0.24206543,0.0,5,0.025000000000000022,-0.0079345703125
curv,0.325,0.25,6,1,31,9,0.31920239999303074,eval,0.29724413,1.0,5,0.07500000000000001,0.047244131565093994
curv,0.325,0.25,6,1,31,12,0.37767557651664274,eval,0.34147805,1.0,5,0.07500000000000001,0.09147804975509644
curv,0.325,0.25,6,1,31,8,0.339291364966682,eval,0.3124411,1.0,5,0.07500000000000001,0.062441110610961914
curv,0.325,0.25,6,1,31,1,0.4824408278844587,eval,0.42073113,1.0,5,0.07500000000000001,0.17073112726211548
curv,0.375,0.25,7,1,32,9,0.48244112374891795,eval,0.4207313,1.0,5,0.125,0.1707313060760498
curv,0.375,0.25,7,1,32,12,0.5125445311670886,eval,0.44345504,1.0,5,0.125,0.1934550404548645
curv,0.375,0.25,7,1,32,8,0.3206042278212674,eval,0.29830462,1.0,5,0.125,0.048304617404937744
curv,0.375,0.25,7,1,32,1,0.3317214152817403,eval,0.30671456,1.0,5,0.125,0.05671456456184387
curv,0.425,0.25,8,1,33,9,0.32464404280078596,eval,0.30136064,1.0,5,0.175,0.051360636949539185
curv,0.425,0.25,8,1,33,12,0.24351277222568563,eval,0.23998629,0.0,5,0.175,-0.01001371443271637
curv,0.425,0.25,8,1,33,8,0.4116548441462745,eval,0.36718273,1.0,5,0.175,0.11718273162841797
curv,0.425,0.25,8,1,33,1,0.3514516707657725,eval,0.32164013,1.0,5,0.175,0.07164013385772705
curv,0.475,0.25,9,1,34,9,0.39704422467572553,eval,0.35613006,1.0,5,0.22499999999999998,0.10613006353378296
curv,0.475,0.25,9,1,34,12,0.6488602111424955,eval,0.5460248,1.0,5,0.22499999999999998,0.29602479934692383
curv,0.475,0.25,9,1,34,8,0.6047871761181993,eval,0.51286244,1.0,5,0.22499999999999998,0.2628624439239502
curv,0.475,0.25,9,1,34,1,0.49997853715586665,eval,0.4339981,1.0,5,0.22499999999999998,0.18399810791015625
curv,0.525,0.25,10,1,35,9,0.6518731572705383,eval,0.5482919,1.0,5,0.275,0.2982919216156006
curv,0.525,0.25,10,1,35,12,0.6518815273891231,eval,0.54829824,1.0,5,0.275,0.2982982397079468
curv,0.525,0.25,10,1,35,8,0.4282180135307945,eval,0.37971252,1.0,5,0.275,0.1297125220298767
curv,0.525,0.25,10,1,35,1,0.6281453084869473,eval,0.53043807,1.0,5,0.275,0.28043806552886963
curv,0.575,0.25,11,1,36,9,0.555391602743063,eval,0.475695,1.0,5,0.32499999999999996,0.22569501399993896
curv,0.575,0.25,11,1,36,12,0.6323065992335506,eval,0.5335692,1.0,5,0.32499999999999996,0.28356921672821045
curv,0.575,0.25,11,1,36,8,0.767666270913514,eval,0.6354196,1.0,5,0.32499999999999996,0.3854196071624756
curv,0.575,0.25,11,1,36,1,0.5911009576715345,eval,0.5025643,1.0,5,0.32499999999999996,0.25256431102752686
curv,0.625,0.25,12,1,37,9,0.5891039353295531,eval,0.5010616,1.0,5,0.375,0.2510616183280945
curv,0.625,0.25,12,1,37,12,0.8633592229234116,eval,0.7106922,1.0,5,0.375,0.46069222688674927
curv,0.625,0.25,12,1,37,8,0.8129344377381986,eval,0.6705403,1.0,5,0.375,0.4205402731895447
curv,0.625,0.25,12,1,37,1,0.5664471175876663,eval,0.48401368,1.0,5,0.375,0.23401367664337158
curv,0.675,0.25,13,1,38,9,0.682757241935024,eval,0.57153046,1.0,5,0.42500000000000004,0.32153046131134033
curv,0.675,0.25,13,1,38,12,0.6954978597927232,eval,0.58111703,1.0,5,0.42500000000000004,0.33111703395843506
curv,0.675,0.25,13,1,38,8,0.503656056203569,eval,0.43676692,1.0,5,0.42500000000000004,0.18676692247390747
curv,0.675,0.25,13,1,38,1,0.5408780285923331,eval,0.4647744,1.0,5,0.42500000000000004,0.21477439999580383
curv,0.725,0.25,14,1,39,9,0.6560502542647139,eval,0.55143493,1.0,5,0.475,0.3014349341392517
curv,0.725,0.25,14,1,39,12,0.8071478916070218,eval,0.66593254,1.0,5,0.475,0.4159325361251831
curv,0.725,0.25,14,1,39,8,0.7108977334886978,eval,0.59270453,1.0,5,0.475,0.34270453453063965
curv,0.725,0.25,14,1,39,1,0.5848479785082572,eval,0.49785927,1.0,5,0.475,0.24785926938056946
flat,0.275,0.75,0,0,40,9,0.40819413685305606,eval,0.49938664,0.0,5,-0.475,-0.25061336159706116
flat,0.275,0.75,0,0,40,12,0.20115860187320406,eval,0.34276795,0.0,5,-0.475,-0.40723204612731934
flat,0.275,0.75,0,0,40,8,0.30926915696456797,eval,0.42455167,0.0,5,-0.475,-0.32544833421707153
flat,0.275,0.75,0,0,40,1,0.3252682849874866,eval,0.43665475,0.0,5,-0.475,-0.3133452534675598
flat,0.325,0.75,1,0,41,9,0.20008373483240952,eval,0.34195486,0.0,5,-0.425,-0.4080451428890228
flat,0.325,0.75,1,0,41,12,0.4384357407951828,eval,0.5229068,0.0,5,-0.425,-0.22709321975708008
flat,0.325,0.75,1,0,41,8,0.24891289124935712,eval,0.37889326,0.0,5,-0.425,-0.37110674381256104
flat,0.325,0.75,1,0,41,1,0.4239713033285805,eval,0.5113307,0.0,5,-0.425,-0.2386692762374878
flat,0.375,0.75,2,0,42,9,0.3599402001639595,eval,0.4628834,0.0,5,-0.375,-0.2871165871620178
flat,0.375,0.75,2,0,42,12,0.39178259697224144,eval,0.48697162,0.0,5,-0.375,-0.2630283832550049
flat,0.375,0.75,2,0,42,8,0.3008919496315271,eval,0.41821444,0.0,5,-0.375,-0.33178555965423584
flat,0.375,0.75,2,0,42,1,0.3585705407374709,eval,0.46184725,0.0,5,-0.375,-0.2881527543067932
flat,0.425,0.75,3,0,43,9,0.45969527857023623,eval,0.5399211,0.0,5,-0.325,-0.2100788950920105
flat,0.425,0.75,3,0,43,12,0.37987998551439534,eval,0.4779675,0.0,5,-0.325,-0.2720324993133545
flat,0.425,0.75,3,0,43,8,0.40125843032654535,eval,0.4941399,0.0,5,-0.325,-0.2558600902557373
flat,0.425,0.75,3,0,43,1,0.3175635141771565,eval,0.4308262,0.0,5,-0.325,-0.31917381286621094
flat,0.475,0.75,4,0,44,9,0.46455529309334376,eval,0.5438107,0.0,5,-0.275,-0.20618927478790283
flat,0.475,0.75,4,0,44,12,0.6866939198315876,eval,0.72159135,0.0,5,-0.275,-0.02840864658355713
flat,0.475,0.75,4,0,44,8,0.548917808711155,eval,0.6113272,0.0,5,-0.275,-0.1386728286743164
flat,0.475,0.75,4,0,44,1,0.5623042152621707,eval,0.6220404,0.0,5,-0.275,-0.12795960903167725
flat,0.525,0.75,5,0,45,9,0.4447712454632119,eval,0.52797717,0.0,5,-0.22499999999999998,-0.22202283143997192
flat,0.525,0.75,5,0,45,12,0.49452003354591684,eval,0.5677918,0.0,5,-0.22499999999999998,-0.18220818042755127
flat,0.525,0.75,5,0,45,8,0.4738666161052906,eval,0.5512626,0.0,5,-0.22499999999999998,-0.19873738288879395
flat,0.525,0.75,5,0,45,1,0.39696060552854273,eval,0.49088866,0.0,5,-0.22499999999999998,-0.25911134481430054
flat,0.575,0.75,6,0,46,9,0.48816108032474786,eval,0.56270266,0.0,5,-0.17500000000000004,-0.18729734420776367
flat,0.575,0.75,6,0,46,12,0.5758861327608518,eval,0.63291025,0.0,5,-0.17500000000000004,-0.11708974838256836
flat,0.575,0.75,6,0,46,8,0.7576693811620117,eval,0.7783939,1.0,5,-0.17500000000000004,0.028393924236297607
flat,0.575,0.75,6,0,46,1,0.5036931904940727,eval,0.5751332,0.0,5,-0.17500000000000004,-0.17486679553985596
flat,0.625,0.75,7,0,47,9,0.6675394425820824,eval,0.70626175,0.0,5,-0.125,-0.04373824596405029
flat,0.625,0.75,7,0,47,12,0.6052720042673871,eval,0.6564282,0.0,5,-0.125,-0.09357178211212158
flat,0.625,0.75,7,0,47,8,0.6539974002338532,eval,0.6954239,0.0,5,-0.125,-0.054576098918914795
flat,0.625,0.75,7,0,47,1,0.6871017853540099,eval,0.72191775,0.0,5,-0.125,-0.02808225154876709
flat,0.675,0.75,8,0,48,9,0.57195195498333,eval,0.62976164,0.0,5,-0.07499999999999996,-0.12023836374282837
flat,0.675,0.75,8,0,48,12,0.5994329086763519,eval,0.6517551,0.0,5,-0.07499999999999996,-0.09824490547180176
flat,0.675,0.75,8,0,48,8,0.6647424715916677,eval,0.70402324,0.0,5,-0.07499999999999996,-0.04597675800323486
flat,0.675,0.75,8,0,48,1,0.44998588264254086,eval,0.53215057,0.0,5,-0.07499999999999996,-0.21784943342208862
flat,0.725,0.75,9,0,49,9,0.789624270571504,eval,0.80396795,1.0,5,-0.025000000000000022,0.053967952728271484
flat,0.725,0.75,9,0,49,12,0.7781272400530428,eval,0.7947667,1.0,5,-0.025000000000000022,0.04476672410964966
flat,0.725,0.75,9,0,49,8,0.8699259685131457,eval,0.86823463,1.0,5,-0.025000000000000022,0.11823463439941406
flat,0.725,0.75,9,0,49,1,0.7636369597566306,eval,0.78317,1.0,5,-0.025000000000000022,0.03316998481750488
flat,0.775,0.75,10,1,50,9,0.6225851636354708,eval,0.6702843,0.0,5,0.025000000000000022,-0.07971572875976562
flat,0.775,0.75,10,1,50,12,0.8488409603732732,eval,0.85135996,1.0,5,0.025000000000000022,0.10135996341705322
flat,0.775,0.75,10,1,50,8,0.8376281195060352,eval,0.8423861,1.0,5,0.025000000000000022,0.09238612651824951
flat,0.775,0.75,10,1,50,1,0.7168359163590498,eval,0.7457144,0.0,5,0.025000000000000022,-0.004285573959350586
flat,0.775,0.75,10,1,51,9,0.7195016903283316,eval,0.74784786,0.0,5,0.025000000000000022,-0.0021521449089050293
flat,0.775,0.75,10,1,51,12,0.8104372527738726,eval,0.8206249,1.0,5,0.025000000000000022,0.07062488794326782
flat,0.775,0.75,10,1,51,8,0.8119286775687574,eval,0.8218186,1.0,5,0.025000000000000022,0.07181859016418457
flat,0.775,0.75,10,1,51,1,0.7859279697477815,eval,0.8010098,1.0,5,0.025000000000000022,0.05100977420806885
flat,0.825,0.75,11,1,52,9,0.8286306022369746,eval,0.8351853,1.0,5,0.07499999999999996,0.08518528938293457
flat,0.825,0.75,11,1,52,12,0.5889421738555064,eval,0.6433592,0.0,5,0.07499999999999996,-0.10664081573486328
flat,0.825,0.75,11,1,52,8,0.7918859617230475,eval,0.8057781,1.0,5,0.07499999999999996,0.05577808618545532
flat,0.825,0.75,11,1,52,1,0.8174298473779177,eval,0.8262211,1.0,5,0.07499999999999996,0.07622110843658447
flat,0.825,0.75,11,1,53,9,0.6997848056555384,eval,0.7320682,0.0,5,0.07499999999999996,-0.017931818962097168
flat,0.825,0.75,11,1,53,12,0.9257997003423085,eval,0.9129512,1.0,5,0.07499999999999996,0.16295117139816284
flat,0.825,0.75,11,1,53,8,1.006398561389275,eval,0.9774554,1.0,5,0.07499999999999996,0.22745537757873535
flat,0.825,0.75,11,1,53,1,0.8452114395043959,eval,0.8484552,1.0,5,0.07499999999999996,0.09845519065856934
flat,0.875,0.75,12,1,54,9,0.9402010863526592,eval,0.9244768,1.0,5,0.125,0.17447680234909058
flat,0.875,0.75,12,1,54,12,0.8399761650176906,eval,0.84426534,1.0,5,0.125,0.09426534175872803
flat,0.875,0.75,12,1,54,8,0.9561821589739987,eval,0.93726665,1.0,5,0.125,0.18726664781570435
flat,0.875,0.75,12,1,54,1,0.9444171936707009,eval,0.9278509,1.0,5,0.125,0.1778509020805359
flat,0.875,0.75,12,1,55,9,0.8731461186690498,eval,0.87081164,1.0,5,0.125,0.12081164121627808
flat,0.875,0.75,12,1,55,12,0.7533676588110694,eval,0.7749513,1.0,5,0.125,0.024951279163360596
flat,0.875,0.75,12,1,55,8,0.8546588664055288,eval,0.85601604,1.0,5,0.125,0.10601603984832764
flat,0.875,0.75,12,1,55,1,0.7991630249101591,eval,0.811602,1.0,5,0.125,0.061601996421813965
flat,0.925,0.75,13,1,56,9,0.8213926318410458,eval,0.8293927,1.0,5,0.17500000000000004,0.07939267158508301
flat,0.925,0.75,13,1,56,12,0.9853280959050975,eval,0.9605924,1.0,5,0.17500000000000004,0.2105923891067505
flat,0.925,0.75,13,1,56,8,0.7672800849317296,eval,0.78608555,1.0,5,0.17500000000000004,0.036085546016693115
flat,0.925,0.75,13,1,56,1,1.0670982022311917,eval,1.0260342,1.0,5,0.17500000000000004,0.27603423595428467
flat,0.925,0.75,13,1,57,9,0.7731111770249605,eval,0.79075223,1.0,5,0.17500000000000004,0.04075223207473755
flat,0.925,0.75,13,1,57,12,0.9812849420373864,eval,0.95735663,1.0,5,0.17500000000000004,0.20735663175582886
flat,0.925,0.75,13,1,57,8,0.9622951541761923,eval,0.9421589,1.0,5,0.17500000000000004,0.19215887784957886
flat,0.925,0.75,13,1,57,1,0.9976093788947765,eval,0.9704214,1.0,5,0.17500000000000004,0.22042137384414673
flat,0.975,0.75,14,1,58,9,0.8184410628627359,eval,0.8270304,1.0,5,0.22499999999999998,0.07703042030334473
flat,0.975,0.75,14,1,58,12,0.8706926297718663,eval,0.8688482,1.0,5,0.22499999999999998,0.11884820461273193
flat,0.975,0.75,14,1,58,8,0.8606259907898409,eval,0.86079156,1.0,5,0.22499999999999998,0.11079156398773193
flat,0.975,0.75,14,1,58,1,1.0593732662303268,eval,1.0198518,1.0,5,0.22499999999999998,0.26985180377960205
flat,0.975,0.75,14,1,59,9,0.9801033945130329,eval,0.95641106,1.0,5,0.22499999999999998,0.20641106367111206
flat,0.975,0.75,14,1,59,12,1.2222435678832566,eval,1.1501993,1.0,5,0.22499999999999998,0.400199294090271
flat,0.975,0.75,14,1,59,8,0.8034054048241679,eval,0.81499714,1.0,5,0.22499999999999998,0.06499713659286499
flat,0.975,0.75,14,1,59,1,1.0914863981111027,eval,1.0455526,1.0,5,0.22499999999999998,0.2955526113510132
base,0.025,0.5,0,0,0,9,-0.002915150546776414,eval,0.100244775,0.0,6,-0.475,-0.39975522458553314
base,0.025,0.5,0,0,0,12,0.06907067447635609,eval,0.117108375,0.0,6,-0.475,-0.38289162516593933
base,0.025,0.5,0,0,0,8,0.07970956613393337,eval,0.12552984,0.0,6,-0.475,-0.37447015941143036
base,0.025,0.5,0,0,0,1,-0.018643524714322124,eval,0.097815365,0.0,6,-0.475,-0.4021846354007721
base,0.075,0.5,1,0,1,9,0.10314711025906223,eval,0.14408244,0.0,6,-0.425,-0.3559175580739975
base,0.075,0.5,1,0,1,12,0.10925153909534122,eval,0.14891455,0.0,6,-0.425,-0.35108545422554016
base,0.075,0.5,1,0,1,8,0.2513759069559374,eval,0.27447742,0.0,6,-0.425,-0.22552257776260376
base,0.075,0.5,1,0,1,1,-0.041980190777286416,eval,0.0942108,0.0,6,-0.425,-0.40578919649124146
base,0.125,0.5,2,0,2,9,0.2532481233683165,eval,0.2761551,0.0,6,-0.375,-0.22384488582611084
base,0.125,0.5,2,0,2,12,0.17239470669880136,eval,0.20370248,0.0,6,-0.375,-0.29629752039909363
base,0.125,0.5,2,0,2,8,0.07632387892071708,eval,0.12284981,0.0,6,-0.375,-0.37715019285678864
base,0.125,0.5,2,0,2,1,0.2989367877130134,eval,0.31709665,0.0,6,-0.375,-0.18290334939956665
base,0.175,0.5,3,0,3,9,0.2032451825285249,eval,0.23134753,0.0,6,-0.325,-0.26865246891975403
base,0.175,0.5,3,0,3,12,0.1482691568046723,eval,0.1820836,0.0,6,-0.325,-0.3179163932800293
base,0.175,0.5,3,0,3,8,0.18441541561970465,eval,0.21447419,0.0,6,-0.325,-0.2855258136987686
base,0.175,0.5,3,0,3,1,0.1254089271557848,eval,0.16170433,0.0,6,-0.325,-0.33829566836357117
base,0.225,0.5,4,0,4,9,0.3056019527170751,eval,0.32306933,0.0,6,-0.275,-0.17693066596984863
base,0.225,0.5,4,0,4,12,0.3438327862596402,eval,0.35732794,0.0,6,-0.275,-0.14267206192016602
base,0.225,0.5,4,0,4,8,0.15444720452789168,eval,0.18761972,0.0,6,-0.275,-0.31238028407096863
base,0.225,0.5,4,0,4,1,0.2578969629460202,eval,0.2803209,0.0,6,-0.275,-0.2196790874004364
base,0.275,0.5,5,0,5,9,0.15241172947768455,eval,0.18579575,0.0,6,-0.22499999999999998,-0.31420424580574036
base,0.275,0.5,5,0,5,12,0.24014279349858433,eval,0.26441145,0.0,6,-0.22499999999999998,-0.23558855056762695
base,0.275,0.5,5,0,5,8,0.15737429350797189,eval,0.19024271,0.0,6,-0.22499999999999998,-0.3097572922706604
base,0.275,0.5,5,0,5,1,0.24914274545260762,eval,0.27247632,0.0,6,-0.22499999999999998,-0.22752368450164795
base,0.325,0.5,6,0,6,9,0.32274678225324427,eval,0.3384328,0.0,6,-0.175,-0.16156721115112305
base,0.325,0.5,6,0,6,12,0.17876480748448073,eval,0.2094107,0.0,6,-0.175,-0.290589302778244
base,0.325,0.5,6,0,6,8,0.2536892033263042,eval,0.27655035,0.0,6,-0.175,-0.22344964742660522
base,0.325,0.5,6,0,6,1,0.48334728788021225,eval,0.48234665,0.0,6,-0.175,-0.017653346061706543
base,0.375,0.5,7,0,7,9,0.3874211319304505,eval,0.39638734,0.0,6,-0.125,-0.10361266136169434
base,0.375,0.5,7,0,7,12,0.4599783613618451,eval,0.46140578,0.0,6,-0.125,-0.038594216108322144
base,0.375,0.5,7,0,7,8,0.3405001475914213,eval,0.3543415,0.0,6,-0.125,-0.1456584930419922
base,0.375,0.5,7,0,7,1,0.5070360987081839,eval,0.50357413,1.0,6,-0.125,0.0035741329193115234
base,0.425,0.5,8,0,8,9,0.5112246184619911,eval,0.50732744,1.0,6,-0.07500000000000001,0.007327437400817871
base,0.425,0.5,8,0,8,12,0.6100702779951481,eval,0.595903,1.0,6,-0.07500000000000001,0.09590297937393188
base,0.425,0.5,8,0,8,8,0.5605438028669814,eval,0.5515224,1.0,6,-0.07500000000000001,0.05152237415313721
base,0.425,0.5,8,0,8,1,0.4883352622824915,eval,0.48681635,0.0,6,-0.07500000000000001,-0.013183653354644775
base,0.475,0.5,9,0,9,9,0.4866060673431017,eval,0.48526686,0.0,6,-0.025000000000000022,-0.01473313570022583
base,0.475,0.5,9,0,9,12,0.3789848880709369,eval,0.38882762,0.0,6,-0.025000000000000022,-0.1111723780632019
base,0.475,0.5,9,0,9,8,0.4752211602573378,eval,0.4750648,0.0,6,-0.025000000000000022,-0.02493518590927124
base,0.475,0.5,9,0,9,1,0.2546490119353349,eval,0.27741045,0.0,6,-0.025000000000000022,-0.22258955240249634
base,0.525,0.5,10,1,10,9,0.6054078958119873,eval,0.591725,1.0,6,0.025000000000000022,0.09172499179840088
base,0.525,0.5,10,1,10,12,0.5148368870407144,eval,0.51056445,1.0,6,0.025000000000000022,0.010564446449279785
base,0.525,0.5,10,1,10,8,0.44594551903321245,eval,0.44883096,0.0,6,0.025000000000000022,-0.05116903781890869
base,0.525,0.5,10,1,10,1,0.5302028974259887,eval,0.52433395,1.0,6,0.025000000000000022,0.024333953857421875
base,0.575,0.5,11,1,11,9,0.5245800752222866,eval,0.51929533,1.0,6,0.07499999999999996,0.019295334815979004
base,0.575,0.5,11,1,11,12,0.5064557989281973,eval,0.50305414,1.0,6,0.07499999999999996,0.0030541419982910156
base,0.575,0.5,11,1,11,8,0.5891877828241733,eval,0.57719016,1.0,6,0.07499999999999996,0.07719016075134277
base,0.575,0.5,11,1,11,1,0.6433686190776534,eval,0.62574154,1.0,6,0.07499999999999996,0.12574154138565063
base,0.625,0.5,12,1,12,9,0.6607954906213157,eval,0.6413578,1.0,6,0.125,0.14135777950286865
base,0.625,0.5,12,1,12,12,0.5869416749872484,eval,0.57517743,1.0,6,0.125,0.07517743110656738
base,0.625,0.5,12,1,12,8,0.6467571355560034,eval,0.628778,1.0,6,0.125,0.12877798080444336
base,0.625,0.5,12,1,12,1,0.7253961575842169,eval,0.6992463,1.0,6,0.125,0.19924628734588623
base,0.675,0.5,13,1,13,9,0.7164866401254424,eval,0.6912625,1.0,6,0.17500000000000004,0.19126248359680176
base,0.675,0.5,13,1,13,12,0.6796092971779658,eval,0.6582168,1.0,6,0.17500000000000004,0.15821677446365356
base,0.675,0.5,13,1,13,8,0.6073767944025039,eval,0.5934893,1.0,6,0.17500000000000004,0.09348928928375244
base,0.675,0.5,13,1,13,1,0.61320929552924,eval,0.5987158,1.0,6,0.17500000000000004,0.09871578216552734
base,0.725,0.5,14,1,14,9,0.6000224275413348,eval,0.58689916,1.0,6,0.22499999999999998,0.08689916133880615
base,0.725,0.5,14,1,14,12,0.6008191547218831,eval,0.5876131,1.0,6,0.22499999999999998,0.08761310577392578
base,0.725,0.5,14,1,14,8,0.8393233626629595,eval,0.80133635,1.0,6,0.22499999999999998,0.3013363480567932
base,0.725,0.5,14,1,14,1,0.9072011363328323,eval,0.8621615,1.0,6,0.22499999999999998,0.3621615171432495
base,0.775,0.5,15,1,15,9,0.7925538628567643,eval,0.75942624,1.0,6,0.275,0.2594262361526489
base,0.775,0.5,15,1,15,12,0.7472346328732713,eval,0.71881574,1.0,6,0.275,0.21881574392318726
base,0.775,0.5,15,1,15,8,0.586165110902335,eval,0.5744816,1.0,6,0.275,0.07448160648345947
base,0.775,0.5,15,1,15,1,0.6429569029986707,eval,0.6253726,1.0,6,0.275,0.12537258863449097
base,0.825,0.5,16,1,16,9,0.7929637473048593,eval,0.7597935,1.0,6,0.32499999999999996,0.2597935199737549
base,0.825,0.5,16,1,16,12,0.6784032613617612,eval,0.6571361,1.0,6,0.32499999999999996,0.15713608264923096
base,0.825,0.5,16,1,16,8,0.8036455371917013,eval,0.7693655,1.0,6,0.32499999999999996,0.26936548948287964
base,0.825,0.5,16,1,16,1,0.7588471978184781,eval,0.7292217,1.0,6,0.32499999999999996,0.22922170162200928
base,0.875,0.5,17,1,17,9,0.6845912051383966,eval,0.6626811,1.0,6,0.375,0.16268110275268555
base,0.875,0.5,17,1,17,12,0.8181772362058521,eval,0.78238726,1.0,6,0.375,0.28238725662231445
base,0.875,0.5,17,1,17,8,0.9415066065629245,eval,0.8929026,1.0,6,0.375,0.3929026126861572
base,0.875,0.5,17,1,17,1,0.9685049988114022,eval,0.915632,1.0,6,0.375,0.4156320095062256
base,0.925,0.5,18,1,18,9,1.0208406680141398,eval,0.9543382,1.0,6,0.42500000000000004,0.4543381929397583
base,0.925,0.5,18,1,18,12,0.8063930346013513,eval,0.77182746,1.0,6,0.42500000000000004,0.27182745933532715
base,0.925,0.5,18,1,18,8,0.7911567480523145,eval,0.7581743,1.0,6,0.42500000000000004,0.2581743001937866
base,0.925,0.5,18,1,18,1,0.9299054613825312,eval,0.88250685,1.0,6,0.42500000000000004,0.3825068473815918
base,0.975,0.5,19,1,19,9,0.9388141319695699,eval,0.89048994,1.0,6,0.475,0.39048993587493896
base,0.975,0.5,19,1,19,12,0.8690939300539855,eval,0.8280138,1.0,6,0.475,0.3280137777328491
base,0.975,0.5,19,1,19,8,1.0111253748643376,eval,0.947153,1.0,6,0.475,0.4471529722213745
base,0.975,0.5,19,1,19,1,1.1752392583645255,eval,1.0652586,1.0,6,0.475,0.5652586221694946
curv,0.025,0.25,0,0,20,9,-0.06023900581258609,eval,0.1201631,0.0,6,-0.225,-0.12983690202236176
curv,0.025,0.25,0,0,20,12,-0.14699106806582,eval,0.10318953,0.0,6,-0.225,-0.14681047201156616
curv,0.025,0.25,0,0,20,8,0.1542893050193805,eval,0.17572229,0.0,6,-0.225,-0.07427771389484406
curv,0.025,0.25,0,0,20,1,0.04385191925124656,eval,0.14712088,0.0,6,-0.225,-0.1028791218996048
curv,0.025,0.25,0,0,21,9,-0.012731674369381461,eval,0.13246669,0.0,6,-0.225,-0.11753331124782562
curv,0.025,0.25,0,0,21,12,0.1469354588732634,eval,0.17381777,0.0,6,-0.225,-0.07618223130702972
curv,0.025,0.25,0,0,21,8,0.07036712642569681,eval,0.15398787,0.0,6,-0.225,-0.09601213037967682
curv,0.025,0.25,0,0,21,1,-0.03831940901922267,eval,0.12583989,0.0,6,-0.225,-0.12416011095046997
curv,0.075,0.25,1,0,22,9,0.08882003031483213,eval,0.15876687,0.0,6,-0.175,-0.09123313426971436
curv,0.075,0.25,1,0,22,12,0.12590590847395516,eval,0.16837145,0.0,6,-0.175,-0.08162854611873627
curv,0.075,0.25,1,0,22,8,-0.09401599429769265,eval,0.11141543,0.0,6,-0.175,-0.13858456909656525
curv,0.075,0.25,1,0,22,1,0.03724364947671917,eval,0.14540945,0.0,6,-0.175,-0.10459055006504059
curv,0.075,0.25,1,0,23,9,0.22579094843471398,eval,0.2323648,0.0,6,-0.175,-0.017635196447372437
curv,0.075,0.25,1,0,23,12,-0.11674640434564944,eval,0.1078611,0.0,6,-0.175,-0.14213889837265015
curv,0.075,0.25,1,0,23,8,0.0021804972564751224,eval,0.13632868,0.0,6,-0.175,-0.11367131769657135
curv,0.075,0.25,1,0,23,1,-0.03411461176191956,eval,0.12692888,0.0,6,-0.175,-0.12307111918926239
curv,0.125,0.25,2,0,24,9,0.10840667969937974,eval,0.16383947,0.0,6,-0.125,-0.08616052567958832
curv,0.125,0.25,2,0,24,12,0.06531724059521243,eval,0.15268002,0.0,6,-0.125,-0.09731997549533844
curv,0.125,0.25,2,0,24,8,0.24823034025042634,eval,0.2524727,1.0,6,-0.125,0.00247269868850708
curv,0.125,0.25,2,0,24,1,-0.002768016638660803,eval,0.13504711,0.0,6,-0.125,-0.11495289206504822
curv,0.125,0.25,2,0,25,9,0.17224074969585104,eval,0.18437853,0.0,6,-0.125,-0.06562146544456482
curv,0.125,0.25,2,0,25,12,0.0579561400096926,eval,0.15077364,0.0,6,-0.125,-0.09922635555267334
curv,0.125,0.25,2,0,25,8,0.15483352450652943,eval,0.17586322,0.0,6,-0.125,-0.07413677871227264
curv,0.125,0.25,2,0,25,1,0.18804114907682318,eval,0.19853726,0.0,6,-0.125,-0.05146273970603943
curv,0.175,0.25,3,0,26,9,0.31235793768977616,eval,0.30993736,1.0,6,-0.07500000000000001,0.059937357902526855
curv,0.175,0.25,3,0,26,12,0.1059055871831403,eval,0.16319172,0.0,6,-0.07500000000000001,-0.08680827915668488
curv,0.175,0.25,3,0,26,8,0.17401410615100246,eval,0.18596762,0.0,6,-0.07500000000000001,-0.06403237581253052
curv,0.175,0.25,3,0,26,1,0.23311658124128057,eval,0.2389293,0.0,6,-0.07500000000000001,-0.011070698499679565
curv,0.175,0.25,3,0,27,9,0.22835505312737925,eval,0.23466249,0.0,6,-0.07500000000000001,-0.015337511897087097
curv,0.175,0.25,3,0,27,12,0.030311648744351605,eval,0.14361417,0.0,6,-0.07500000000000001,-0.10638582706451416
curv,0.175,0.25,3,0,27,8,0.219120059471549,eval,0.22638701,0.0,6,-0.07500000000000001,-0.023612990975379944
curv,0.175,0.25,3,0,27,1,0.30445588194411166,eval,0.30285633,1.0,6,-0.07500000000000001,0.05285632610321045
curv,0.225,0.25,4,0,28,9,0.3318564157418792,eval,0.32740992,1.0,6,-0.024999999999999994,0.07740992307662964
curv,0.225,0.25,4,0,28,12,0.30043857213684555,eval,0.29925644,1.0,6,-0.024999999999999994,0.04925644397735596
curv,0.225,0.25,4,0,28,8,0.2971048950005876,eval,0.29626912,1.0,6,-0.024999999999999994,0.046269118785858154
curv,0.225,0.25,4,0,28,1,0.1495394208740069,eval,0.17449215,0.0,6,-0.024999999999999994,-0.07550784945487976
curv,0.225,0.25,4,0,29,9,0.17734901410490445,eval,0.18895605,0.0,6,-0.024999999999999994,-0.06104394793510437
curv,0.225,0.25,4,0,29,12,0.1854136214492001,eval,0.19618274,0.0,6,-0.024999999999999994,-0.0538172572851181
curv,0.225,0.25,4,0,29,8,0.15415347634020068,eval,0.1756871,0.0,6,-0.024999999999999994,-0.07431289553642273
curv,0.225,0.25,4,0,29,1,0.3939107452443673,eval,0.38301674,1.0,6,-0.024999999999999994,0.13301673531532288
curv,0.275,0.25,5,1,30,9,0.3521049326473978,eval,0.3455546,1.0,6,0.025000000000000022,0.09555459022521973
curv,0.275,0.25,5,1,30,12,0.3218148909489514,eval,0.3184117,1.0,6,0.025000000000000022,0.06841170787811279
curv,0.275,0.25,5,1,30,8,0.2459599919927045,eval,0.25043824,1.0,6,0.025000000000000022,0.00043824315071105957
curv,0.275,0.25,5,1,30,1,0.2462612292191334,eval,0.2507082,1.0,6,0.025000000000000022,0.0007081925868988037
curv,0.325,0.25,6,1,31,9,0.31920239999303074,eval,0.31607068,1.0,6,0.07500000000000001,0.06607067584991455
curv,0.325,0.25,6,1,31,12,0.37767557651664274,eval,0.3684684,1.0,6,0.07500000000000001,0.11846840381622314
curv,0.325,0.25,6,1,31,8,0.339291364966682,eval,0.33407235,1.0,6,0.07500000000000001,0.08407235145568848
curv,0.325,0.25,6,1,31,1,0.4824408278844587,eval,0.46234843,1.0,6,0.07500000000000001,0.21234843134880066
curv,0.375,0.25,7,1,32,9,0.48244112374891795,eval,0.46234873,1.0,6,0.125,0.21234872937202454
curv,0.375,0.25,7,1,32,12,0.5125445311670886,eval,0.4893243,1.0,6,0.125,0.23932430148124695
curv,0.375,0.25,7,1,32,8,0.3206042278212674,eval,0.31732684,1.0,6,0.125,0.06732684373855591
curv,0.375,0.25,7,1,32,1,0.3317214152817403,eval,0.327289,1.0,6,0.125,0.07728898525238037
curv,0.425,0.25,8,1,33,9,0.32464404280078596,eval,0.3209469,1.0,6,0.175,0.07094690203666687
curv,0.425,0.25,8,1,33,12,0.24351277222568563,eval,0.24824531,0.0,6,0.175,-0.0017546862363815308
curv,0.425,0.25,8,1,33,8,0.4116548441462745,eval,0.3989172,1.0,6,0.175,0.14891719818115234
curv,0.425,0.25,8,1,33,1,0.3514516707657725,eval,0.34496918,1.0,6,0.175,0.09496918320655823
curv,0.475,0.25,9,1,34,9,0.39704422467572553,eval,0.38582462,1.0,6,0.22499999999999998,0.13582462072372437
curv,0.475,0.25,9,1,34,12,0.6488602111424955,eval,0.61147666,1.0,6,0.22499999999999998,0.3614766597747803
curv,0.475,0.25,9,1,34,8,0.6047871761181993,eval,0.57198274,1.0,6,0.22499999999999998,0.321982741355896
curv,0.475,0.25,9,1,34,1,0.49997853715586665,eval,0.47806394,1.0,6,0.22499999999999998,0.2280639410018921
curv,0.525,0.25,10,1,35,9,0.6518731572705383,eval,0.6141765,1.0,6,0.275,0.36417651176452637
curv,0.525,0.25,10,1,35,12,0.6518815273891231,eval,0.614184,1.0,6,0.275,0.36418402194976807
curv,0.525,0.25,10,1,35,8,0.4282180135307945,eval,0.4137594,1.0,6,0.275,0.16375941038131714
curv,0.525,0.25,10,1,35,1,0.6281453084869473,eval,0.592914,1.0,6,0.275,0.34291398525238037
curv,0.575,0.25,11,1,36,9,0.555391602743063,eval,0.5277195,1.0,6,0.32499999999999996,0.27771949768066406
curv,0.575,0.25,11,1,36,12,0.6323065992335506,eval,0.59664285,1.0,6,0.32499999999999996,0.3466428518295288
curv,0.575,0.25,11,1,36,8,0.767666270913514,eval,0.71793854,1.0,6,0.32499999999999996,0.46793854236602783
curv,0.575,0.25,11,1,36,1,0.5911009576715345,eval,0.5597186,1.0,6,0.32499999999999996,0.30971860885620117
curv,0.625,0.25,12,1,37,9,0.5891039353295531,eval,0.55792904,1.0,6,0.375,0.30792903900146484
curv,0.625,0.25,12,1,37,12,0.8633592229234116,eval,0.8003286,1.0,6,0.375,0.5503286123275757
curv,0.625,0.25,12,1,37,8,0.8129344377381986,eval,0.7585033,1.0,6,0.375,0.5085033178329468
curv,0.625,0.25,12,1,37,1,0.5664471175876663,eval,0.5376264,1.0,6,0.375,0.28762638568878174
curv,0.675,0.25,13,1,38,9,0.682757241935024,eval,0.64185166,1.0,6,0.42500000000000004,0.39185166358947754
curv,0.675,0.25,13,1,38,12,0.6954978597927232,eval,0.6532686,1.0,6,0.42500000000000004,0.40326857566833496
curv,0.675,0.25,13,1,38,8,0.503656056203569,eval,0.4813593,1.0,6,0.42500000000000004,0.2313593029975891
curv,0.675,0.25,13,1,38,1,0.5408780285923331,eval,0.5147139,1.0,6,0.42500000000000004,0.2647138833999634
curv,0.725,0.25,14,1,39,9,0.6560502542647139,eval,0.6179196,1.0,6,0.475,0.3679196238517761
curv,0.725,0.25,14,1,39,12,0.8071478916070218,eval,0.75331795,1.0,6,0.475,0.5033179521560669
curv,0.725,0.25,14,1,39,8,0.7108977334886978,eval,0.66706836,1.0,6,0.475,0.41706836223602295
curv,0.725,0.25,14,1,39,1,0.5848479785082572,eval,0.5541153,1.0,6,0.475,0.30411529541015625
flat,0.275,0.75,0,0,40,9,0.40819413685305606,eval,0.43418795,0.0,6,-0.475,-0.31581205129623413
flat,0.275,0.75,0,0,40,12,0.20115860187320406,eval,0.2639361,0.0,6,-0.475,-0.4860638976097107
flat,0.275,0.75,0,0,40,8,0.30926915696456797,eval,0.3495137,0.0,6,-0.475,-0.4004862904548645
flat,0.275,0.75,0,0,40,1,0.3252682849874866,eval,0.3621782,0.0,6,-0.475,-0.3878217935562134
flat,0.325,0.75,1,0,41,9,0.20008373483240952,eval,0.26308525,0.0,6,-0.425,-0.4869147539138794
flat,0.325,0.75,1,0,41,12,0.4384357407951828,eval,0.46128747,0.0,6,-0.425,-0.2887125313282013
flat,0.325,0.75,1,0,41,8,0.24891289124935712,eval,0.30173713,0.0,6,-0.425,-0.44826287031173706
flat,0.325,0.75,1,0,41,1,0.4239713033285805,eval,0.44832587,0.0,6,-0.425,-0.30167412757873535
flat,0.375,0.75,2,0,42,9,0.3599402001639595,eval,0.3909477,0.0,6,-0.375,-0.35905230045318604
flat,0.375,0.75,2,0,42,12,0.39178259697224144,eval,0.41948166,0.0,6,-0.375,-0.33051833510398865
flat,0.375,0.75,2,0,42,8,0.3008919496315271,eval,0.3428825,0.0,6,-0.375,-0.40711748600006104
flat,0.375,0.75,2,0,42,1,0.3585705407374709,eval,0.38972035,0.0,6,-0.375,-0.3602796494960785
flat,0.425,0.75,3,0,43,9,0.45969527857023623,eval,0.4803381,0.0,6,-0.325,-0.26966190338134766
flat,0.425,0.75,3,0,43,12,0.37987998551439534,eval,0.4088157,0.0,6,-0.325,-0.3411842882633209
flat,0.425,0.75,3,0,43,8,0.40125843032654535,eval,0.4279729,0.0,6,-0.325,-0.3220270872116089
flat,0.425,0.75,3,0,43,1,0.3175635141771565,eval,0.35607934,0.0,6,-0.325,-0.3939206600189209
flat,0.475,0.75,4,0,44,9,0.46455529309334376,eval,0.48469317,0.0,6,-0.275,-0.26530683040618896
flat,0.475,0.75,4,0,44,12,0.6866939198315876,eval,0.6837513,0.0,6,-0.275,-0.06624871492385864
flat,0.475,0.75,4,0,44,8,0.548917808711155,eval,0.56029034,0.0,6,-0.275,-0.18970966339111328
flat,0.475,0.75,4,0,44,1,0.5623042152621707,eval,0.5722859,0.0,6,-0.275,-0.17771410942077637
flat,0.525,0.75,5,0,45,9,0.4447712454632119,eval,0.46696472,0.0,6,-0.22499999999999998,-0.2830352783203125
flat,0.525,0.75,5,0,45,12,0.49452003354591684,eval,0.5115446,0.0,6,-0.22499999999999998,-0.2384554147720337
flat,0.525,0.75,5,0,45,8,0.4738666161052906,eval,0.493037,0.0,6,-0.22499999999999998,-0.25696301460266113
flat,0.525,0.75,5,0,45,1,0.39696060552854273,eval,0.42412162,0.0,6,-0.22499999999999998,-0.325878381729126
flat,0.575,0.75,6,0,46,9,0.48816108032474786,eval,0.50584626,0.0,6,-0.17500000000000004,-0.24415373802185059
flat,0.575,0.75,6,0,46,12,0.5758861327608518,eval,0.58445656,0.0,6,-0.17500000000000004,-0.16554343700408936
flat,0.575,0.75,6,0,46,8,0.7576693811620117,eval,0.7473523,0.0,6,-0.17500000000000004,-0.002647697925567627
flat,0.575,0.75,6,0,46,1,0.5036931904940727,eval,0.51976454,0.0,6,-0.17500000000000004,-0.23023545742034912
flat,0.625,0.75,7,0,47,9,0.6675394425820824,eval,0.666587,0.0,6,-0.125,-0.0834130048751831
flat,0.625,0.75,7,0,47,12,0.6052720042673871,eval,0.6107892,0.0,6,-0.125,-0.13921082019805908
flat,0.625,0.75,7,0,47,8,0.6539974002338532,eval,0.65445197,0.0,6,-0.125,-0.09554803371429443
flat,0.625,0.75,7,0,47,1,0.6871017853540099,eval,0.6841167,0.0,6,-0.125,-0.06588327884674072
flat,0.675,0.75,8,0,48,9,0.57195195498333,eval,0.5809311,0.0,6,-0.07499999999999996,-0.16906887292861938
flat,0.675,0.75,8,0,48,12,0.5994329086763519,eval,0.6055567,0.0,6,-0.07499999999999996,-0.14444327354431152
flat,0.675,0.75,8,0,48,8,0.6647424715916677,eval,0.6640806,0.0,6,-0.07499999999999996,-0.08591938018798828
flat,0.675,0.75,8,0,48,1,0.44998588264254086,eval,0.4716375,0.0,6,-0.07499999999999996,-0.278362512588501
flat,0.725,0.75,9,0,49,9,0.789624270571504,eval,0.775987,1.0,6,-0.025000000000000022,0.02598702907562256
flat,0.725,0.75,9,0,49,12,0.7781272400530428,eval,0.7656845,1.0,6,-0.025000000000000022,0.01568448543548584
flat,0.725,0.75,9,0,49,8,0.8699259685131457,eval,0.8479452,1.0,6,-0.025000000000000022,0.0979452133178711
flat,0.725,0.75,9,0,49,1,0.7636369597566306,eval,0.75269985,1.0,6,-0.025000000000000022,0.0026998519897460938
flat,0.775,0.75,10,1,50,9,0.6225851636354708,eval,0.62630343,0.0,6,0.025000000000000022,-0.12369656562805176
flat,0.775,0.75,10,1,50,12,0.8488409603732732,eval,0.829051,1.0,6,0.025000000000000022,0.07905101776123047
flat,0.775,0.75,10,1,50,8,0.8376281195060352,eval,0.8190032,1.0,6,0.025000000000000022,0.06900322437286377
flat,0.775,0.75,10,1,50,1,0.7168359163590498,eval,0.7107615,0.0,6,0.025000000000000022,-0.03923851251602173
flat,0.775,0.75,10,1,51,9,0.7195016903283316,eval,0.71315026,0.0,6,0.025000000000000022,-0.0368497371673584
flat,0.775,0.75,10,1,51,12,0.8104372527738726,eval,0.79463756,1.0,6,0.025000000000000022,0.04463756084442139
flat,0.775,0.75,10,1,51,8,0.8119286775687574,eval,0.795974,1.0,6,0.025000000000000022,0.045974016189575195
flat,0.775,0.75,10,1,51,1,0.7859279697477815,eval,0.7726748,1.0,6,0.025000000000000022,0.0226747989654541
flat,0.825,0.75,11,1,52,9,0.8286306022369746,eval,0.81094056,1.0,6,0.07499999999999996,0.060940563678741455
flat,0.825,0.75,11,1,52,12,0.5889421738555064,eval,0.596156,0.0,6,0.07499999999999996,-0.15384399890899658
flat,0.825,0.75,11,1,52,8,0.7918859617230475,eval,0.77801377,1.0,6,0.07499999999999996,0.028013765811920166
flat,0.825,0.75,11,1,52,1,0.8174298473779177,eval,0.80090356,1.0,6,0.07499999999999996,0.0509035587310791
flat,0.825,0.75,11,1,53,9,0.6997848056555384,eval,0.695482,0.0,6,0.07499999999999996,-0.05451798439025879
flat,0.825,0.75,11,1,53,12,0.9257997003423085,eval,0.8980137,1.0,6,0.07499999999999996,0.14801371097564697
flat,0.825,0.75,11,1,53,8,1.006398561389275,eval,0.9702382,1.0,6,0.07499999999999996,0.22023820877075195
flat,0.825,0.75,11,1,53,1,0.8452114395043959,eval,0.82579863,1.0,6,0.07499999999999996,0.0757986307144165
flat,0.875,0.75,12,1,54,9,0.9402010863526592,eval,0.9109187,1.0,6,0.125,0.1609187126159668
flat,0.875,0.75,12,1,54,12,0.8399761650176906,eval,0.8211074,1.0,6,0.125,0.07110738754272461
flat,0.875,0.75,12,1,54,8,0.9561821589739987,eval,0.9252393,1.0,6,0.125,0.17523932456970215
flat,0.875,0.75,12,1,54,1,0.9444171936707009,eval,0.9146968,1.0,6,0.125,0.1646968126296997
flat,0.875,0.75,12,1,55,9,0.8731461186690498,eval,0.8508309,1.0,6,0.125,0.10083091259002686
flat,0.875,0.75,12,1,55,12,0.7533676588110694,eval,0.7434975,0.0,6,0.125,-0.006502509117126465
flat,0.875,0.75,12,1,55,8,0.8546588664055288,eval,0.8342645,1.0,6,0.125,0.08426451683044434
flat,0.875,0.75,12,1,55,1,0.7991630249101591,eval,0.7845347,1.0,6,0.125,0.03453469276428223
flat,0.925,0.75,13,1,56,9,0.8213926318410458,eval,0.80445457,1.0,6,0.17500000000000004,0.05445456504821777
flat,0.925,0.75,13,1,56,12,0.9853280959050975,eval,0.951357,1.0,6,0.17500000000000004,0.20135700702667236
flat,0.925,0.75,13,1,56,8,0.7672800849317296,eval,0.7559644,1.0,6,0.17500000000000004,0.005964398384094238
flat,0.925,0.75,13,1,56,1,1.0670982022311917,eval,1.024631,1.0,6,0.17500000000000004,0.2746310234069824
flat,0.925,0.75,13,1,57,9,0.7731111770249605,eval,0.7611896,1.0,6,0.17500000000000004,0.011189579963684082
flat,0.925,0.75,13,1,57,12,0.9812849420373864,eval,0.9477339,1.0,6,0.17500000000000004,0.19773387908935547
flat,0.925,0.75,13,1,57,8,0.9622951541761923,eval,0.93071723,1.0,6,0.17500000000000004,0.18071722984313965
flat,0.925,0.75,13,1,57,1,0.9976093788947765,eval,0.9623622,1.0,6,0.17500000000000004,0.2123621702194214
flat,0.975,0.75,14,1,58,9,0.8184410628627359,eval,0.80180967,1.0,6,0.22499999999999998,0.05180966854095459
flat,0.975,0.75,14,1,58,12,0.8706926297718663,eval,0.8486322,1.0,6,0.22499999999999998,0.09863221645355225
flat,0.975,0.75,14,1,58,8,0.8606259907898409,eval,0.83961165,1.0,6,0.22499999999999998,0.08961164951324463
flat,0.975,0.75,14,1,58,1,1.0593732662303268,eval,1.0177088,1.0,6,0.22499999999999998,0.26770877838134766
flat,0.975,0.75,14,1,59,9,0.9801033945130329,eval,0.94667506,1.0,6,0.22499999999999998,0.19667506217956543
flat,0.975,0.75,14,1,59,12,1.2222435678832566,eval,1.1365076,1.0,6,0.22499999999999998,0.38650763034820557
flat,0.975,0.75,14,1,59,8,0.8034054048241679,eval,0.7883363,1.0,6,0.22499999999999998,0.03833627700805664
flat,0.975,0.75,14,1,59,1,1.0914863981111027,eval,1.0441262,1.0,6,0.22499999999999998,0.29412615299224854
base,0.025,0.5,0,0,0,9,-0.002915150546776414,eval,-0.008694619,0.0,7,-0.475,-0.5086946189403534
base,0.025,0.5,0,0,0,12,0.06907067447635609,eval,0.06283853,0.0,7,-0.475,-0.43716146796941757
base,0.025,0.5,0,0,0,8,0.07970956613393337,eval,0.073410526,0.0,7,-0.475,-0.4265894740819931
base,0.025,0.5,0,0,0,1,-0.018643524714322124,eval,-0.024324074,0.0,7,-0.475,-0.5243240743875504
base,0.075,0.5,1,0,1,9,0.10314711025906223,eval,0.09670067,0.0,7,-0.425,-0.40329933166503906
base,0.075,0.5,1,0,1,12,0.10925153909534122,eval,0.1027667,0.0,7,-0.425,-0.3972332999110222
base,0.075,0.5,1,0,1,8,0.2513759069559374,eval,0.2439973,0.0,7,-0.425,-0.2560026943683624
base,0.075,0.5,1,0,1,1,-0.041980190777286416,eval,-0.04751402,0.0,7,-0.425,-0.547514021396637
base,0.125,0.5,2,0,2,9,0.2532481233683165,eval,0.24585776,0.0,7,-0.375,-0.25414223968982697
base,0.125,0.5,2,0,2,12,0.17239470669880136,eval,0.1655128,0.0,7,-0.375,-0.3344871997833252
base,0.125,0.5,2,0,2,8,0.07632387892071708,eval,0.07004613,0.0,7,-0.375,-0.4299538731575012
base,0.125,0.5,2,0,2,1,0.2989367877130134,eval,0.2912591,0.0,7,-0.375,-0.20874089002609253
base,0.175,0.5,3,0,3,9,0.2032451825285249,eval,0.19616926,0.0,7,-0.325,-0.30383074283599854
base,0.175,0.5,3,0,3,12,0.1482691568046723,eval,0.14153898,0.0,7,-0.325,-0.35846102237701416
base,0.175,0.5,3,0,3,8,0.18441541561970465,eval,0.17745791,0.0,7,-0.325,-0.32254208624362946
base,0.175,0.5,3,0,3,1,0.1254089271557848,eval,0.11882248,0.0,7,-0.325,-0.38117752224206924
base,0.225,0.5,4,0,4,9,0.3056019527170751,eval,0.29789704,0.0,7,-0.275,-0.20210295915603638
base,0.225,0.5,4,0,4,12,0.3438327862596402,eval,0.33619922,0.0,7,-0.275,-0.16380077600479126
base,0.225,0.5,4,0,4,8,0.15444720452789168,eval,0.14767814,0.0,7,-0.275,-0.3523218631744385
base,0.225,0.5,4,0,4,1,0.2578969629460202,eval,0.25047737,0.0,7,-0.275,-0.2495226263999939
base,0.275,0.5,5,0,5,9,0.15241172947768455,eval,0.14565548,0.0,7,-0.22499999999999998,-0.35434451699256897
base,0.275,0.5,5,0,5,12,0.24014279349858433,eval,0.23283485,0.0,7,-0.22499999999999998,-0.2671651542186737
base,0.275,0.5,5,0,5,8,0.15737429350797189,eval,0.15058686,0.0,7,-0.22499999999999998,-0.3494131416082382
base,0.275,0.5,5,0,5,1,0.24914274545260762,eval,0.24177824,0.0,7,-0.22499999999999998,-0.258221760392189
base,0.325,0.5,6,0,6,9,0.32274678225324427,eval,0.31507385,0.0,7,-0.175,-0.18492615222930908
base,0.325,0.5,6,0,6,12,0.17876480748448073,eval,0.17184284,0.0,7,-0.175,-0.3281571567058563
base,0.325,0.5,6,0,6,8,0.2536892033263042,eval,0.24629608,0.0,7,-0.175,-0.25370392203330994
base,0.325,0.5,6,0,6,1,0.48334728788021225,eval,0.475974,0.0,7,-0.175,-0.02402600646018982
base,0.375,0.5,7,0,7,9,0.3874211319304505,eval,0.37986884,0.0,7,-0.125,-0.12013116478919983
base,0.375,0.5,7,0,7,12,0.4599783613618451,eval,0.45256144,0.0,7,-0.125,-0.04743856191635132
base,0.375,0.5,7,0,7,8,0.3405001475914213,eval,0.33286032,0.0,7,-0.125,-0.1671396791934967
base,0.375,0.5,7,0,7,1,0.5070360987081839,eval,0.49970698,0.0,7,-0.125,-0.0002930164337158203
base,0.425,0.5,8,0,8,9,0.5112246184619911,eval,0.50390327,1.0,7,-0.07500000000000001,0.0039032697677612305
base,0.425,0.5,8,0,8,12,0.6100702779951481,eval,0.60293335,1.0,7,-0.07500000000000001,0.10293334722518921
base,0.425,0.5,8,0,8,8,0.5605438028669814,eval,0.55331445,1.0,7,-0.07500000000000001,0.0533144474029541
base,0.425,0.5,8,0,8,1,0.4883352622824915,eval,0.48097122,0.0,7,-0.07500000000000001,-0.019028782844543457
base,0.475,0.5,9,0,9,9,0.4866060673431017,eval,0.47923884,0.0,7,-0.025000000000000022,-0.020761162042617798
base,0.475,0.5,9,0,9,12,0.3789848880709369,eval,0.3714169,0.0,7,-0.025000000000000022,-0.12858310341835022
base,0.475,0.5,9,0,9,8,0.4752211602573378,eval,0.46783268,0.0,7,-0.025000000000000022,-0.03216731548309326
base,0.475,0.5,9,0,9,1,0.2546490119353349,eval,0.24724987,0.0,7,-0.025000000000000022,-0.25275012850761414
base,0.525,0.5,10,1,10,9,0.6054078958119873,eval,0.59826225,1.0,7,0.025000000000000022,0.0982622504234314
base,0.525,0.5,10,1,10,12,0.5148368870407144,eval,0.5075223,1.0,7,0.025000000000000022,0.007522284984588623
base,0.525,0.5,10,1,10,8,0.44594551903321245,eval,0.43850243,0.0,7,0.025000000000000022,-0.06149756908416748
base,0.525,0.5,10,1,10,1,0.5302028974259887,eval,0.522917,1.0,7,0.025000000000000022,0.022916972637176514
base,0.575,0.5,11,1,11,9,0.5245800752222866,eval,0.5172836,1.0,7,0.07499999999999996,0.017283618450164795
base,0.575,0.5,11,1,11,12,0.5064557989281973,eval,0.49912557,0.0,7,0.07499999999999996,-0.0008744299411773682
base,0.575,0.5,11,1,11,8,0.5891877828241733,eval,0.5820119,1.0,7,0.07499999999999996,0.082011878490448
base,0.575,0.5,11,1,11,1,0.6433686190776534,eval,0.63629377,1.0,7,0.07499999999999996,0.13629376888275146
base,0.625,0.5,12,1,12,9,0.6607954906213157,eval,0.65375316,1.0,7,0.125,0.1537531614303589
base,0.625,0.5,12,1,12,12,0.5869416749872484,eval,0.57976156,1.0,7,0.125,0.0797615647315979
base,0.625,0.5,12,1,12,8,0.6467571355560034,eval,0.6396887,1.0,7,0.125,0.1396886706352234
base,0.625,0.5,12,1,12,1,0.7253961575842169,eval,0.7184743,1.0,7,0.125,0.21847432851791382
base,0.675,0.5,13,1,13,9,0.7164866401254424,eval,0.7095482,1.0,7,0.17500000000000004,0.20954817533493042
base,0.675,0.5,13,1,13,12,0.6796092971779658,eval,0.6726021,1.0,7,0.17500000000000004,0.172602117061615
base,0.675,0.5,13,1,13,8,0.6073767944025039,eval,0.60023487,1.0,7,0.17500000000000004,0.10023486614227295
base,0.675,0.5,13,1,13,1,0.61320929552924,eval,0.6060782,1.0,7,0.17500000000000004,0.10607820749282837
base,0.725,0.5,14,1,14,9,0.6000224275413348,eval,0.5928668,1.0,7,0.22499999999999998,0.09286677837371826
base,0.725,0.5,14,1,14,12,0.6008191547218831,eval,0.59366494,1.0,7,0.22499999999999998,0.09366494417190552
base,0.725,0.5,14,1,14,8,0.8393233626629595,eval,0.832614,1.0,7,0.22499999999999998,0.332614004611969
base,0.725,0.5,14,1,14,1,0.9072011363328323,eval,0.90061843,1.0,7,0.22499999999999998,0.40061843395233154
base,0.775,0.5,15,1,15,9,0.7925538628567643,eval,0.78575736,1.0,7,0.275,0.2857573628425598
base,0.775,0.5,15,1,15,12,0.7472346328732713,eval,0.7403535,1.0,7,0.275,0.240353524684906
base,0.775,0.5,15,1,15,8,0.586165110902335,eval,0.5789836,1.0,7,0.275,0.0789836049079895
base,0.775,0.5,15,1,15,1,0.6429569029986707,eval,0.6358813,1.0,7,0.275,0.13588130474090576
base,0.825,0.5,16,1,16,9,0.7929637473048593,eval,0.786168,1.0,7,0.32499999999999996,0.2861679792404175
base,0.825,0.5,16,1,16,12,0.6784032613617612,eval,0.6713938,1.0,7,0.32499999999999996,0.17139381170272827
base,0.825,0.5,16,1,16,8,0.8036455371917013,eval,0.7968697,1.0,7,0.32499999999999996,0.296869695186615
base,0.825,0.5,16,1,16,1,0.7588471978184781,eval,0.75198776,1.0,7,0.32499999999999996,0.2519877552986145
base,0.875,0.5,17,1,17,9,0.6845912051383966,eval,0.6775933,1.0,7,0.375,0.17759329080581665
base,0.875,0.5,17,1,17,12,0.8181772362058521,eval,0.8114285,1.0,7,0.375,0.3114284873008728
base,0.875,0.5,17,1,17,8,0.9415066065629245,eval,0.93498796,1.0,7,0.375,0.43498796224594116
base,0.875,0.5,17,1,17,1,0.9685049988114022,eval,0.9612404,1.0,7,0.375,0.46124041080474854
base,0.925,0.5,18,1,18,9,1.0208406680141398,eval,1.0073195,1.0,7,0.42500000000000004,0.507319450378418
base,0.925,0.5,18,1,18,12,0.8063930346013513,eval,0.7996223,1.0,7,0.42500000000000004,0.2996222972869873
base,0.925,0.5,18,1,18,8,0.7911567480523145,eval,0.7843576,1.0,7,0.42500000000000004,0.28435760736465454
base,0.925,0.5,18,1,18,1,0.9299054613825312,eval,0.9233652,1.0,7,0.42500000000000004,0.42336517572402954
base,0.975,0.5,19,1,19,9,0.9388141319695699,eval,0.93229043,1.0,7,0.475,0.4322904348373413
base,0.975,0.5,19,1,19,12,0.8690939300539855,eval,0.86244017,1.0,7,0.475,0.36244016885757446
base,0.975,0.5,19,1,19,8,1.0111253748643376,eval,0.99876547,1.0,7,0.475,0.4987654685974121
base,0.975,0.5,19,1,19,1,1.1752392583645255,eval,1.1137054,1.0,7,0.475,0.6137053966522217
curv,0.025,0.25,0,0,20,9,-0.06023900581258609,eval,-0.11428976,0.0,7,-0.225,-0.3642897605895996
curv,0.025,0.25,0,0,20,12,-0.14699106806582,eval,-0.18798774,0.0,7,-0.225,-0.437987744808197
curv,0.025,0.25,0,0,20,8,0.1542893050193805,eval,0.0921111,0.0,7,-0.225,-0.15788889676332474
curv,0.025,0.25,0,0,20,1,0.04385191925124656,eval,-0.018532306,0.0,7,-0.225,-0.26853230595588684
curv,0.025,0.25,0,0,21,9,-0.012731674369381461,eval,-0.07393113,0.0,7,-0.225,-0.32393112778663635
curv,0.025,0.25,0,0,21,12,0.1469354588732634,eval,0.084743515,0.0,7,-0.225,-0.16525648534297943
curv,0.025,0.25,0,0,21,8,0.07036712642569681,eval,0.008032352,0.0,7,-0.225,-0.24196764826774597
curv,0.025,0.25,0,0,21,1,-0.03831940901922267,eval,-0.095668554,0.0,7,-0.225,-0.3456685543060303
curv,0.075,0.25,1,0,22,9,0.08882003031483213,eval,0.0265197,0.0,7,-0.175,-0.22348029911518097
curv,0.075,0.25,1,0,22,12,0.12590590847395516,eval,0.06367472,0.0,7,-0.175,-0.1863252818584442
curv,0.075,0.25,1,0,22,8,-0.09401599429769265,eval,-0.14298412,0.0,7,-0.175,-0.3929841220378876
curv,0.075,0.25,1,0,22,1,0.03724364947671917,eval,-0.025152922,0.0,7,-0.175,-0.27515292167663574
curv,0.075,0.25,1,0,23,9,0.22579094843471398,eval,0.16374612,0.0,7,-0.175,-0.08625388145446777
curv,0.075,0.25,1,0,23,12,-0.11674640434564944,eval,-0.16229415,0.0,7,-0.175,-0.4122941493988037
curv,0.075,0.25,1,0,23,8,0.0021804972564751224,eval,-0.060281485,0.0,7,-0.175,-0.3102814853191376
curv,0.075,0.25,1,0,23,1,-0.03411461176191956,eval,-0.09209651,0.0,7,-0.175,-0.3420965075492859
curv,0.125,0.25,2,0,24,9,0.10840667969937974,eval,0.046142906,0.0,7,-0.125,-0.20385709404945374
curv,0.125,0.25,2,0,24,12,0.06531724059521243,eval,0.0029730648,0.0,7,-0.125,-0.2470269352197647
curv,0.125,0.25,2,0,24,8,0.24823034025042634,eval,0.18622737,0.0,7,-0.125,-0.06377263367176056
curv,0.125,0.25,2,0,24,1,-0.002768016638660803,eval,-0.06523919,0.0,7,-0.125,-0.31523919105529785
curv,0.125,0.25,2,0,25,9,0.17224074969585104,eval,0.11009604,0.0,7,-0.125,-0.1399039626121521
curv,0.125,0.25,2,0,25,12,0.0579561400096926,eval,-0.004401773,0.0,7,-0.125,-0.2544017732143402
curv,0.125,0.25,2,0,25,8,0.15483352450652943,eval,0.092656344,0.0,7,-0.125,-0.15734365582466125
curv,0.125,0.25,2,0,25,1,0.18804114907682318,eval,0.12592591,0.0,7,-0.125,-0.12407408654689789
curv,0.175,0.25,3,0,26,9,0.31235793768977616,eval,0.25047457,1.0,7,-0.07500000000000001,0.00047457218170166016
curv,0.175,0.25,3,0,26,12,0.1059055871831403,eval,0.043637127,0.0,7,-0.07500000000000001,-0.20636287331581116
curv,0.175,0.25,3,0,26,8,0.17401410615100246,eval,0.111872695,0.0,7,-0.07500000000000001,-0.13812730461359024
curv,0.175,0.25,3,0,26,1,0.23311658124128057,eval,0.17108542,0.0,7,-0.07500000000000001,-0.0789145827293396
curv,0.175,0.25,3,0,27,9,0.22835505312737925,eval,0.16631502,0.0,7,-0.07500000000000001,-0.08368498086929321
curv,0.175,0.25,3,0,27,12,0.030311648744351605,eval,-0.032097846,0.0,7,-0.07500000000000001,-0.28209784626960754
curv,0.175,0.25,3,0,27,8,0.219120059471549,eval,0.15706277,0.0,7,-0.07500000000000001,-0.09293723106384277
curv,0.175,0.25,3,0,27,1,0.30445588194411166,eval,0.2425578,0.0,7,-0.07500000000000001,-0.007442206144332886
curv,0.225,0.25,4,0,28,9,0.3318564157418792,eval,0.27000946,1.0,7,-0.024999999999999994,0.02000945806503296
curv,0.225,0.25,4,0,28,12,0.30043857213684555,eval,0.23853299,0.0,7,-0.024999999999999994,-0.011467009782791138
curv,0.225,0.25,4,0,28,8,0.2971048950005876,eval,0.2351931,0.0,7,-0.024999999999999994,-0.014806896448135376
curv,0.225,0.25,4,0,28,1,0.1495394208740069,eval,0.08735237,0.0,7,-0.024999999999999994,-0.16264762729406357
curv,0.225,0.25,4,0,29,9,0.17734901410490445,eval,0.11521381,0.0,7,-0.024999999999999994,-0.1347861886024475
curv,0.225,0.25,4,0,29,12,0.1854136214492001,eval,0.123293474,0.0,7,-0.024999999999999994,-0.12670652568340302
curv,0.225,0.25,4,0,29,8,0.15415347634020068,eval,0.09197502,0.0,7,-0.024999999999999994,-0.15802498161792755
curv,0.225,0.25,4,0,29,1,0.3939107452443673,eval,0.33217952,1.0,7,-0.024999999999999994,0.08217951655387878
curv,0.275,0.25,5,1,30,9,0.3521049326473978,eval,0.29029572,1.0,7,0.025000000000000022,0.04029572010040283
curv,0.275,0.25,5,1,30,12,0.3218148909489514,eval,0.2599492,1.0,7,0.025000000000000022,0.009949207305908203
curv,0.275,0.25,5,1,30,8,0.2459599919927045,eval,0.18395276,0.0,7,0.025000000000000022,-0.06604723632335663
curv,0.275,0.25,5,1,30,1,0.2462612292191334,eval,0.18425459,0.0,7,0.025000000000000022,-0.06574541330337524
curv,0.325,0.25,6,1,31,9,0.31920239999303074,eval,0.2573318,1.0,7,0.07500000000000001,0.007331788539886475
curv,0.325,0.25,6,1,31,12,0.37767557651664274,eval,0.3159141,1.0,7,0.07500000000000001,0.0659140944480896
curv,0.325,0.25,6,1,31,8,0.339291364966682,eval,0.27745825,1.0,7,0.07500000000000001,0.027458250522613525
curv,0.325,0.25,6,1,31,1,0.4824408278844587,eval,0.42087474,1.0,7,0.07500000000000001,0.17087474465370178
curv,0.375,0.25,7,1,32,9,0.48244112374891795,eval,0.4208751,1.0,7,0.125,0.17087510228157043
curv,0.375,0.25,7,1,32,12,0.5125445311670886,eval,0.4510346,1.0,7,0.125,0.20103460550308228
curv,0.375,0.25,7,1,32,8,0.3206042278212674,eval,0.25873625,1.0,7,0.125,0.008736252784729004
curv,0.375,0.25,7,1,32,1,0.3317214152817403,eval,0.26987422,1.0,7,0.125,0.019874215126037598
curv,0.425,0.25,8,1,33,9,0.32464404280078596,eval,0.2627836,1.0,7,0.175,0.012783586978912354
curv,0.425,0.25,8,1,33,12,0.24351277222568563,eval,0.18150097,0.0,7,0.175,-0.06849902868270874
curv,0.425,0.25,8,1,33,8,0.4116548441462745,eval,0.34995672,1.0,7,0.175,0.09995672106742859
curv,0.425,0.25,8,1,33,1,0.3514516707657725,eval,0.28964123,1.0,7,0.175,0.039641231298446655
curv,0.475,0.25,9,1,34,9,0.39704422467572553,eval,0.3353188,1.0,7,0.22499999999999998,0.08531880378723145
curv,0.475,0.25,9,1,34,12,0.6488602111424955,eval,0.5876046,1.0,7,0.22499999999999998,0.3376045823097229
curv,0.475,0.25,9,1,34,8,0.6047871761181993,eval,0.5434493,1.0,7,0.22499999999999998,0.2934492826461792
curv,0.475,0.25,9,1,34,1,0.49997853715586665,eval,0.4384452,1.0,7,0.22499999999999998,0.18844521045684814
curv,0.525,0.25,10,1,35,9,0.6518731572705383,eval,0.59062314,1.0,7,0.275,0.340623140335083
curv,0.525,0.25,10,1,35,12,0.6518815273891231,eval,0.59063154,1.0,7,0.275,0.34063154458999634
curv,0.525,0.25,10,1,35,8,0.4282180135307945,eval,0.36655077,1.0,7,0.275,0.11655077338218689
curv,0.525,0.25,10,1,35,1,0.6281453084869473,eval,0.5668511,1.0,7,0.275,0.31685107946395874
curv,0.575,0.25,11,1,36,9,0.555391602743063,eval,0.49396163,1.0,7,0.32499999999999996,0.2439616322517395
curv,0.575,0.25,11,1,36,12,0.6323065992335506,eval,0.57102007,1.0,7,0.32499999999999996,0.32102006673812866
curv,0.575,0.25,11,1,36,8,0.767666270913514,eval,0.7066323,1.0,7,0.32499999999999996,0.4566323161125183
curv,0.575,0.25,11,1,36,1,0.5911009576715345,eval,0.5297376,1.0,7,0.32499999999999996,0.27973759174346924
curv,0.625,0.25,12,1,37,9,0.5891039353295531,eval,0.5277369,1.0,7,0.375,0.2777369022369385
curv,0.625,0.25,12,1,37,12,0.8633592229234116,eval,0.80250376,1.0,7,0.375,0.552503764629364
curv,0.625,0.25,12,1,37,8,0.8129344377381986,eval,0.7519849,1.0,7,0.375,0.5019848942756653
curv,0.625,0.25,12,1,37,1,0.5664471175876663,eval,0.5050378,1.0,7,0.375,0.255037784576416
curv,0.675,0.25,13,1,38,9,0.682757241935024,eval,0.62156487,1.0,7,0.42500000000000004,0.3715648651123047
curv,0.675,0.25,13,1,38,12,0.6954978597927232,eval,0.63432926,1.0,7,0.42500000000000004,0.38432925939559937
curv,0.675,0.25,13,1,38,8,0.503656056203569,eval,0.44212952,1.0,7,0.42500000000000004,0.19212952256202698
curv,0.675,0.25,13,1,38,1,0.5408780285923331,eval,0.47942096,1.0,7,0.42500000000000004,0.2294209599494934
curv,0.725,0.25,14,1,39,9,0.6560502542647139,eval,0.59480804,1.0,7,0.475,0.34480804204940796
curv,0.725,0.25,14,1,39,12,0.8071478916070218,eval,0.7461876,1.0,7,0.475,0.49618762731552124
curv,0.725,0.25,14,1,39,8,0.7108977334886978,eval,0.64975786,1.0,7,0.475,0.39975786209106445
curv,0.725,0.25,14,1,39,1,0.5848479785082572,eval,0.52347296,1.0,7,0.475,0.27347296476364136
flat,0.275,0.75,0,0,40,9,0.40819413685305606,eval,0.46168387,0.0,7,-0.475,-0.28831613063812256
flat,0.275,0.75,0,0,40,12,0.20115860187320406,eval,0.2559503,0.0,7,-0.475,-0.49404969811439514
flat,0.275,0.75,0,0,40,8,0.30926915696456797,eval,0.36338097,0.0,7,-0.475,-0.38661903142929077
flat,0.275,0.75,0,0,40,1,0.3252682849874866,eval,0.37927955,0.0,7,-0.475,-0.37072044610977173
flat,0.325,0.75,1,0,41,9,0.20008373483240952,eval,0.2548822,0.0,7,-0.425,-0.49511781334877014
flat,0.325,0.75,1,0,41,12,0.4384357407951828,eval,0.49173534,0.0,7,-0.425,-0.2582646608352661
flat,0.325,0.75,1,0,41,8,0.24891289124935712,eval,0.30340427,0.0,7,-0.425,-0.4465957283973694
flat,0.325,0.75,1,0,41,1,0.4239713033285805,eval,0.47736186,0.0,7,-0.425,-0.27263814210891724
flat,0.375,0.75,2,0,42,9,0.3599402001639595,eval,0.41373342,0.0,7,-0.375,-0.33626657724380493
flat,0.375,0.75,2,0,42,12,0.39178259697224144,eval,0.44537556,0.0,7,-0.375,-0.30462443828582764
flat,0.375,0.75,2,0,42,8,0.3008919496315271,eval,0.35505643,0.0,7,-0.375,-0.39494356513023376
flat,0.375,0.75,2,0,42,1,0.3585705407374709,eval,0.41237235,0.0,7,-0.375,-0.337627649307251
flat,0.425,0.75,3,0,43,9,0.45969527857023623,eval,0.51286113,0.0,7,-0.325,-0.23713886737823486
flat,0.425,0.75,3,0,43,12,0.37987998551439534,eval,0.4335478,0.0,7,-0.325,-0.3164522051811218
flat,0.425,0.75,3,0,43,8,0.40125843032654535,eval,0.4547918,0.0,7,-0.325,-0.2952081859111786
flat,0.425,0.75,3,0,43,1,0.3175635141771565,eval,0.37162322,0.0,7,-0.325,-0.3783767819404602
flat,0.475,0.75,4,0,44,9,0.46455529309334376,eval,0.51769066,0.0,7,-0.275,-0.23230934143066406
flat,0.475,0.75,4,0,44,12,0.6866939198315876,eval,0.73843235,0.0,7,-0.275,-0.011567652225494385
flat,0.475,0.75,4,0,44,8,0.548917808711155,eval,0.6015226,0.0,7,-0.275,-0.14847737550735474
flat,0.475,0.75,4,0,44,1,0.5623042152621707,eval,0.61482483,0.0,7,-0.275,-0.1351751685142517
flat,0.525,0.75,5,0,45,9,0.4447712454632119,eval,0.498031,0.0,7,-0.22499999999999998,-0.25196900963783264
flat,0.525,0.75,5,0,45,12,0.49452003354591684,eval,0.54746693,0.0,7,-0.22499999999999998,-0.2025330662727356
flat,0.525,0.75,5,0,45,8,0.4738666161052906,eval,0.5269434,0.0,7,-0.22499999999999998,-0.2230566143989563
flat,0.525,0.75,5,0,45,1,0.39696060552854273,eval,0.450521,0.0,7,-0.22499999999999998,-0.29947900772094727
flat,0.575,0.75,6,0,46,9,0.48816108032474786,eval,0.54114795,0.0,7,-0.17500000000000004,-0.20885205268859863
flat,0.575,0.75,6,0,46,12,0.5758861327608518,eval,0.62832135,0.0,7,-0.17500000000000004,-0.12167865037918091
flat,0.575,0.75,6,0,46,8,0.7576693811620117,eval,0.80896145,1.0,7,-0.17500000000000004,0.058961451053619385
flat,0.575,0.75,6,0,46,1,0.5036931904940727,eval,0.55658233,0.0,7,-0.17500000000000004,-0.19341766834259033
flat,0.625,0.75,7,0,47,9,0.6675394425820824,eval,0.71939826,0.0,7,-0.125,-0.03060173988342285
flat,0.625,0.75,7,0,47,12,0.6052720042673871,eval,0.65752244,0.0,7,-0.125,-0.09247756004333496
flat,0.625,0.75,7,0,47,8,0.6539974002338532,eval,0.7059414,0.0,7,-0.125,-0.04405862092971802
flat,0.625,0.75,7,0,47,1,0.6871017853540099,eval,0.73883766,0.0,7,-0.125,-0.011162340641021729
flat,0.675,0.75,8,0,48,9,0.57195195498333,eval,0.6244119,0.0,7,-0.07499999999999996,-0.12558811902999878
flat,0.675,0.75,8,0,48,12,0.5994329086763519,eval,0.65172005,0.0,7,-0.07499999999999996,-0.09827995300292969
flat,0.675,0.75,8,0,48,8,0.6647424715916677,eval,0.71661896,0.0,7,-0.07499999999999996,-0.03338104486465454
flat,0.675,0.75,8,0,48,1,0.44998588264254086,eval,0.5032128,0.0,7,-0.07499999999999996,-0.2467871904373169
flat,0.725,0.75,9,0,49,9,0.789624270571504,eval,0.84071535,1.0,7,-0.025000000000000022,0.09071534872055054
flat,0.725,0.75,9,0,49,12,0.7781272400530428,eval,0.8292907,1.0,7,-0.025000000000000022,0.07929068803787231
flat,0.725,0.75,9,0,49,8,0.8699259685131457,eval,0.92051214,1.0,7,-0.025000000000000022,0.1705121397972107
flat,0.725,0.75,9,0,49,1,0.7636369597566306,eval,0.8148915,1.0,7,-0.025000000000000022,0.064891517162323
flat,0.775,0.75,10,1,50,9,0.6225851636354708,eval,0.67472667,0.0,7,0.025000000000000022,-0.07527333498001099
flat,0.775,0.75,10,1,50,12,0.8488409603732732,eval,0.8995597,1.0,7,0.025000000000000022,0.14955967664718628
flat,0.775,0.75,10,1,50,8,0.8376281195060352,eval,0.8884174,1.0,7,0.025000000000000022,0.13841742277145386
flat,0.775,0.75,10,1,50,1,0.7168359163590498,eval,0.76838475,1.0,7,0.025000000000000022,0.01838475465774536
flat,0.775,0.75,10,1,51,9,0.7195016903283316,eval,0.77103376,1.0,7,0.025000000000000022,0.021033763885498047
flat,0.775,0.75,10,1,51,12,0.8104372527738726,eval,0.86139745,1.0,7,0.025000000000000022,0.11139744520187378
flat,0.775,0.75,10,1,51,8,0.8119286775687574,eval,0.8628796,1.0,7,0.025000000000000022,0.11287957429885864
flat,0.775,0.75,10,1,51,1,0.7859279697477815,eval,0.83704233,1.0,7,0.025000000000000022,0.08704233169555664
flat,0.825,0.75,11,1,52,9,0.8286306022369746,eval,0.8794765,1.0,7,0.07499999999999996,0.12947648763656616
flat,0.825,0.75,11,1,52,12,0.5889421738555064,eval,0.6412953,0.0,7,0.07499999999999996,-0.10870468616485596
flat,0.825,0.75,11,1,52,8,0.7918859617230475,eval,0.84296286,1.0,7,0.07499999999999996,0.09296286106109619
flat,0.825,0.75,11,1,52,1,0.8174298473779177,eval,0.86834615,1.0,7,0.07499999999999996,0.11834615468978882
flat,0.825,0.75,11,1,53,9,0.6997848056555384,eval,0.75144094,1.0,7,0.07499999999999996,0.0014409422874450684
flat,0.825,0.75,11,1,53,12,0.9257997003423085,eval,0.97012323,1.0,7,0.07499999999999996,0.22012323141098022
flat,0.825,0.75,11,1,53,8,1.006398561389275,eval,1.0273435,1.0,7,0.07499999999999996,0.2773435115814209
flat,0.825,0.75,11,1,53,1,0.8452114395043959,eval,0.895953,1.0,7,0.07499999999999996,0.1459529995918274
flat,0.875,0.75,12,1,54,9,0.9402010863526592,eval,0.98034734,1.0,7,0.125,0.23034733533859253
flat,0.875,0.75,12,1,54,12,0.8399761650176906,eval,0.8907507,1.0,7,0.125,0.1407507061958313
flat,0.875,0.75,12,1,54,8,0.9561821589739987,eval,0.99169296,1.0,7,0.125,0.24169296026229858
flat,0.875,0.75,12,1,54,1,0.9444171936707009,eval,0.98334056,1.0,7,0.125,0.2333405613899231
flat,0.875,0.75,12,1,55,9,0.8731461186690498,eval,0.923712,1.0,7,0.125,0.17371201515197754
flat,0.875,0.75,12,1,55,12,0.7533676588110694,eval,0.8046867,1.0,7,0.125,0.05468672513961792
flat,0.875,0.75,12,1,55,8,0.8546588664055288,eval,0.90534097,1.0,7,0.125,0.15534096956253052
flat,0.875,0.75,12,1,55,1,0.7991630249101591,eval,0.85019416,1.0,7,0.125,0.10019415616989136
flat,0.925,0.75,13,1,56,9,0.8213926318410458,eval,0.872284,1.0,7,0.17500000000000004,0.12228399515151978
flat,0.925,0.75,13,1,56,12,0.9853280959050975,eval,1.0123848,1.0,7,0.17500000000000004,0.2623847723007202
flat,0.925,0.75,13,1,56,8,0.7672800849317296,eval,0.8185117,1.0,7,0.17500000000000004,0.0685117244720459
flat,0.925,0.75,13,1,56,1,1.0670982022311917,eval,1.0687478,1.0,7,0.17500000000000004,0.31874775886535645
flat,0.925,0.75,13,1,57,9,0.7731111770249605,eval,0.8243062,1.0,7,0.17500000000000004,0.0743061900138855
flat,0.925,0.75,13,1,57,12,0.9812849420373864,eval,1.0095143,1.0,7,0.17500000000000004,0.25951433181762695
flat,0.925,0.75,13,1,57,8,0.9622951541761923,eval,0.9960328,1.0,7,0.17500000000000004,0.24603277444839478
flat,0.925,0.75,13,1,57,1,0.9976093788947765,eval,1.0211039,1.0,7,0.17500000000000004,0.2711038589477539
flat,0.975,0.75,14,1,58,9,0.8184410628627359,eval,0.86935097,1.0,7,0.22499999999999998,0.11935096979141235
flat,0.975,0.75,14,1,58,12,0.8706926297718663,eval,0.921274,1.0,7,0.22499999999999998,0.17127400636672974
flat,0.975,0.75,14,1,58,8,0.8606259907898409,eval,0.91127056,1.0,7,0.22499999999999998,0.16127055883407593
flat,0.975,0.75,14,1,58,1,1.0593732662303268,eval,1.0636892,1.0,7,0.22499999999999998,0.3136892318725586
flat,0.975,0.75,14,1,59,9,0.9801033945130329,eval,1.0086756,1.0,7,0.22499999999999998,0.25867557525634766
flat,0.975,0.75,14,1,59,12,1.2222435678832566,eval,1.1703398,1.0,7,0.22499999999999998,0.42033982276916504
flat,0.975,0.75,14,1,59,8,0.8034054048241679,eval,0.8544098,1.0,7,0.22499999999999998,0.10440981388092041
flat,0.975,0.75,14,1,59,1,1.0914863981111027,eval,1.0847175,1.0,7,0.22499999999999998,0.3347175121307373
base,0.025,0.5,0,0,0,9,-0.002915150546776414,eval,0.017257541,0.0,8,-0.475,-0.48274245858192444
base,0.025,0.5,0,0,0,12,0.06907067447635609,eval,0.05844435,0.0,8,-0.475,-0.4415556490421295
base,0.025,0.5,0,0,0,8,0.07970956613393337,eval,0.06819984,0.0,8,-0.475,-0.43180015683174133
base,0.025,0.5,0,0,0,1,-0.018643524714322124,eval,0.013214856,0.0,8,-0.475,-0.4867851436138153
base,0.075,0.5,1,0,1,9,0.10314711025906223,eval,0.08969125,0.0,8,-0.425,-0.41030874848365784
base,0.075,0.5,1,0,1,12,0.10925153909534122,eval,0.09528878,0.0,8,-0.425,-0.40471121668815613
base,0.075,0.5,1,0,1,8,0.2513759069559374,eval,0.23103523,0.0,8,-0.425,-0.2689647674560547
base,0.075,0.5,1,0,1,1,-0.041980190777286416,eval,0.007216662,0.0,8,-0.425,-0.4927833378314972
base,0.125,0.5,2,0,2,9,0.2532481233683165,eval,0.23303226,0.0,8,-0.375,-0.2669677436351776
base,0.125,0.5,2,0,2,12,0.17239470669880136,eval,0.15318893,0.0,8,-0.375,-0.34681107103824615
base,0.125,0.5,2,0,2,8,0.07632387892071708,eval,0.065095305,0.0,8,-0.375,-0.43490469455718994
base,0.125,0.5,2,0,2,1,0.2989367877130134,eval,0.28176695,0.0,8,-0.375,-0.21823304891586304
base,0.175,0.5,3,0,3,9,0.2032451825285249,eval,0.1814777,0.0,8,-0.325,-0.31852230429649353
base,0.175,0.5,3,0,3,12,0.1482691568046723,eval,0.13106662,0.0,8,-0.325,-0.36893337965011597
base,0.175,0.5,3,0,3,8,0.18441541561970465,eval,0.16421148,0.0,8,-0.325,-0.3357885181903839
base,0.175,0.5,3,0,3,1,0.1254089271557848,eval,0.11010456,0.0,8,-0.325,-0.3898954391479492
base,0.225,0.5,4,0,4,9,0.3056019527170751,eval,0.28887647,0.0,8,-0.275,-0.211123526096344
base,0.225,0.5,4,0,4,12,0.3438327862596402,eval,0.32965618,0.0,8,-0.275,-0.170343816280365
base,0.225,0.5,4,0,4,8,0.15444720452789168,eval,0.13673168,0.0,8,-0.275,-0.36326831579208374
base,0.225,0.5,4,0,4,1,0.2578969629460202,eval,0.23799099,0.0,8,-0.275,-0.26200900971889496
base,0.275,0.5,5,0,5,9,0.15241172947768455,eval,0.13486521,0.0,8,-0.22499999999999998,-0.3651347905397415
base,0.275,0.5,5,0,5,12,0.24014279349858433,eval,0.21905318,0.0,8,-0.22499999999999998,-0.28094682097435
base,0.275,0.5,5,0,5,8,0.15737429350797189,eval,0.13941571,0.0,8,-0.22499999999999998,-0.3605842888355255
base,0.275,0.5,5,0,5,1,0.24914274545260762,eval,0.22865316,0.0,8,-0.22499999999999998,-0.2713468372821808
base,0.325,0.5,6,0,6,9,0.32274678225324427,eval,0.3071643,0.0,8,-0.175,-0.19283568859100342
base,0.325,0.5,6,0,6,12,0.17876480748448073,eval,0.15903008,0.0,8,-0.175,-0.34096992015838623
base,0.325,0.5,6,0,6,8,0.2536892033263042,eval,0.23350273,0.0,8,-0.175,-0.26649726927280426
base,0.325,0.5,6,0,6,1,0.48334728788021225,eval,0.4784721,0.0,8,-0.175,-0.021527886390686035
base,0.375,0.5,7,0,7,9,0.3874211319304505,eval,0.37615055,0.0,8,-0.125,-0.12384945154190063
base,0.375,0.5,7,0,7,12,0.4599783613618451,eval,0.45354518,0.0,8,-0.125,-0.046454817056655884
base,0.375,0.5,7,0,7,8,0.3405001475914213,eval,0.32610136,0.0,8,-0.125,-0.1738986372947693
base,0.375,0.5,7,0,7,1,0.5070360987081839,eval,0.5037402,1.0,8,-0.125,0.0037401914596557617
base,0.425,0.5,8,0,8,9,0.5112246184619911,eval,0.50820804,1.0,8,-0.07500000000000001,0.008208036422729492
base,0.425,0.5,8,0,8,12,0.6100702779951481,eval,0.6136437,1.0,8,-0.07500000000000001,0.11364370584487915
base,0.425,0.5,8,0,8,8,0.5605438028669814,eval,0.5608153,1.0,8,-0.07500000000000001,0.060815274715423584
base,0.425,0.5,8,0,8,1,0.4883352622824915,eval,0.4837926,0.0,8,-0.07500000000000001,-0.016207396984100342
base,0.475,0.5,9,0,9,9,0.4866060673431017,eval,0.48194817,0.0,8,-0.025000000000000022,-0.018051832914352417
base,0.475,0.5,9,0,9,12,0.3789848880709369,eval,0.36715186,0.0,8,-0.025000000000000022,-0.13284814357757568
base,0.475,0.5,9,0,9,8,0.4752211602573378,eval,0.4698042,0.0,8,-0.025000000000000022,-0.030195802450180054
base,0.475,0.5,9,0,9,1,0.2546490119353349,eval,0.23452656,0.0,8,-0.025000000000000022,-0.2654734402894974
base,0.525,0.5,10,1,10,9,0.6054078958119873,eval,0.6086705,1.0,8,0.025000000000000022,0.10867047309875488
base,0.525,0.5,10,1,10,12,0.5148368870407144,eval,0.5120611,1.0,8,0.025000000000000022,0.012061119079589844
base,0.525,0.5,10,1,10,8,0.44594551903321245,eval,0.4385768,0.0,8,0.025000000000000022,-0.06142321228981018
base,0.525,0.5,10,1,10,1,0.5302028974259887,eval,0.5284516,1.0,8,0.025000000000000022,0.028451621532440186
base,0.575,0.5,11,1,11,9,0.5245800752222866,eval,0.5224539,1.0,8,0.07499999999999996,0.022453904151916504
base,0.575,0.5,11,1,11,12,0.5064557989281973,eval,0.50312126,1.0,8,0.07499999999999996,0.0031212568283081055
base,0.575,0.5,11,1,11,8,0.5891877828241733,eval,0.59136903,1.0,8,0.07499999999999996,0.09136903285980225
base,0.575,0.5,11,1,11,1,0.6433686190776534,eval,0.64916205,1.0,8,0.07499999999999996,0.14916205406188965
base,0.625,0.5,12,1,12,9,0.6607954906213157,eval,0.66775084,1.0,8,0.125,0.16775083541870117
base,0.625,0.5,12,1,12,12,0.5869416749872484,eval,0.58897316,1.0,8,0.125,0.08897316455841064
base,0.625,0.5,12,1,12,8,0.6467571355560034,eval,0.6527765,1.0,8,0.125,0.15277647972106934
base,0.625,0.5,12,1,12,1,0.7253961575842169,eval,0.7385179,1.0,8,0.125,0.2385178804397583
base,0.675,0.5,13,1,13,9,0.7164866401254424,eval,0.72862697,1.0,8,0.17500000000000004,0.22862696647644043
base,0.675,0.5,13,1,13,12,0.6796092971779658,eval,0.6878189,1.0,8,0.17500000000000004,0.18781888484954834
base,0.675,0.5,13,1,13,8,0.6073767944025039,eval,0.6107707,1.0,8,0.17500000000000004,0.11077070236206055
base,0.675,0.5,13,1,13,1,0.61320929552924,eval,0.61699206,1.0,8,0.17500000000000004,0.1169920563697815
base,0.725,0.5,14,1,14,9,0.6000224275413348,eval,0.602926,1.0,8,0.22499999999999998,0.10292601585388184
base,0.725,0.5,14,1,14,12,0.6008191547218831,eval,0.60377586,1.0,8,0.22499999999999998,0.10377585887908936
base,0.725,0.5,14,1,14,8,0.8393233626629595,eval,0.8649938,1.0,8,0.22499999999999998,0.3649938106536865
base,0.725,0.5,14,1,14,1,0.9072011363328323,eval,0.9403484,1.0,8,0.22499999999999998,0.44034838676452637
base,0.775,0.5,15,1,15,9,0.7925538628567643,eval,0.8130728,1.0,8,0.275,0.3130728006362915
base,0.775,0.5,15,1,15,12,0.7472346328732713,eval,0.7627618,1.0,8,0.275,0.26276177167892456
base,0.775,0.5,15,1,15,8,0.586165110902335,eval,0.5881448,1.0,8,0.275,0.08814477920532227
base,0.775,0.5,15,1,15,1,0.6429569029986707,eval,0.6487229,1.0,8,0.275,0.14872288703918457
base,0.825,0.5,16,1,16,9,0.7929637473048593,eval,0.8135278,1.0,8,0.32499999999999996,0.31352782249450684
base,0.825,0.5,16,1,16,12,0.6784032613617612,eval,0.6865325,1.0,8,0.32499999999999996,0.18653249740600586
base,0.825,0.5,16,1,16,8,0.8036455371917013,eval,0.8253863,1.0,8,0.32499999999999996,0.32538628578186035
base,0.825,0.5,16,1,16,1,0.7588471978184781,eval,0.7756535,1.0,8,0.32499999999999996,0.2756534814834595
base,0.875,0.5,17,1,17,9,0.6845912051383966,eval,0.69321835,1.0,8,0.375,0.19321835041046143
base,0.875,0.5,17,1,17,12,0.8181772362058521,eval,0.8415185,1.0,8,0.375,0.3415185213088989
base,0.875,0.5,17,1,17,8,0.9415066065629245,eval,0.9784324,1.0,8,0.375,0.47843241691589355
base,0.875,0.5,17,1,17,1,0.9685049988114022,eval,1.0084046,1.0,8,0.375,0.5084046125411987
base,0.925,0.5,18,1,18,9,1.0208406680141398,eval,1.0665051,1.0,8,0.42500000000000004,0.5665050745010376
base,0.925,0.5,18,1,18,12,0.8063930346013513,eval,0.8284364,1.0,8,0.42500000000000004,0.32843637466430664
base,0.925,0.5,18,1,18,8,0.7911567480523145,eval,0.81152177,1.0,8,0.42500000000000004,0.3115217685699463
base,0.925,0.5,18,1,18,1,0.9299054613825312,eval,0.9655534,1.0,8,0.42500000000000004,0.4655534029006958
base,0.975,0.5,19,1,19,9,0.9388141319695699,eval,0.97544324,1.0,8,0.475,0.4754432439804077
base,0.975,0.5,19,1,19,12,0.8690939300539855,eval,0.89804363,1.0,8,0.475,0.3980436325073242
base,0.975,0.5,19,1,19,8,1.0111253748643376,eval,1.0557195,1.0,8,0.475,0.5557194948196411
base,0.975,0.5,19,1,19,1,1.1752392583645255,eval,1.23791,1.0,8,0.475,0.7379100322723389
curv,0.025,0.25,0,0,20,9,-0.06023900581258609,eval,0.08970773,0.0,8,-0.225,-0.16029226779937744
curv,0.025,0.25,0,0,20,12,-0.14699106806582,eval,0.067252785,0.0,8,-0.225,-0.18274721503257751
curv,0.025,0.25,0,0,20,8,0.1542893050193805,eval,0.16413096,0.0,8,-0.225,-0.08586904406547546
curv,0.025,0.25,0,0,20,1,0.04385191925124656,eval,0.119012326,0.0,8,-0.225,-0.13098767399787903
curv,0.025,0.25,0,0,21,9,-0.012731674369381461,eval,0.10200453,0.0,8,-0.225,-0.1479954719543457
curv,0.025,0.25,0,0,21,12,0.1469354588732634,eval,0.1611266,0.0,8,-0.225,-0.08887340128421783
curv,0.025,0.25,0,0,21,8,0.07036712642569681,eval,0.12984498,0.0,8,-0.225,-0.12015502154827118
curv,0.025,0.25,0,0,21,1,-0.03831940901922267,eval,0.09538138,0.0,8,-0.225,-0.15461862087249756
curv,0.075,0.25,1,0,22,9,0.08882003031483213,eval,0.13738382,0.0,8,-0.175,-0.11261618137359619
curv,0.075,0.25,1,0,22,12,0.12590590847395516,eval,0.15253508,0.0,8,-0.175,-0.097464919090271
curv,0.075,0.25,1,0,22,8,-0.09401599429769265,eval,0.08096486,0.0,8,-0.175,-0.1690351366996765
curv,0.075,0.25,1,0,22,1,0.03724364947671917,eval,0.11631255,0.0,8,-0.175,-0.13368745148181915
curv,0.075,0.25,1,0,23,9,0.22579094843471398,eval,0.2223846,0.0,8,-0.175,-0.027615398168563843
curv,0.075,0.25,1,0,23,12,-0.11674640434564944,eval,0.07508135,0.0,8,-0.175,-0.17491865158081055
curv,0.075,0.25,1,0,23,8,0.0021804972564751224,eval,0.10586442,0.0,8,-0.175,-0.14413557946681976
curv,0.075,0.25,1,0,23,1,-0.03411461176191956,eval,0.09646979,0.0,8,-0.175,-0.15353021025657654
curv,0.125,0.25,2,0,24,9,0.10840667969937974,eval,0.14538586,0.0,8,-0.125,-0.10461413860321045
curv,0.125,0.25,2,0,24,12,0.06531724059521243,eval,0.12778188,0.0,8,-0.125,-0.12221811711788177
curv,0.125,0.25,2,0,24,8,0.24823034025042634,eval,0.24636066,0.0,8,-0.125,-0.0036393404006958008
curv,0.125,0.25,2,0,24,1,-0.002768016638660803,eval,0.10458353,0.0,8,-0.125,-0.1454164683818817
curv,0.125,0.25,2,0,25,9,0.17224074969585104,eval,0.17146496,0.0,8,-0.125,-0.0785350352525711
curv,0.125,0.25,2,0,25,12,0.0579561400096926,eval,0.12477453,0.0,8,-0.125,-0.1252254694700241
curv,0.125,0.25,2,0,25,8,0.15483352450652943,eval,0.16435331,0.0,8,-0.125,-0.08564668893814087
curv,0.125,0.25,2,0,25,1,0.18804114907682318,eval,0.18204968,0.0,8,-0.125,-0.06795032322406769
curv,0.175,0.25,3,0,26,9,0.31235793768977616,eval,0.31487972,1.0,8,-0.07500000000000001,0.06487971544265747
curv,0.175,0.25,3,0,26,12,0.1059055871831403,eval,0.14436403,0.0,8,-0.07500000000000001,-0.10563597083091736
curv,0.175,0.25,3,0,26,8,0.17401410615100246,eval,0.17218943,0.0,8,-0.07500000000000001,-0.07781057059764862
curv,0.175,0.25,3,0,26,1,0.23311658124128057,eval,0.23021188,0.0,8,-0.07500000000000001,-0.019788116216659546
curv,0.175,0.25,3,0,27,9,0.22835505312737925,eval,0.22512428,0.0,8,-0.07500000000000001,-0.024875715374946594
curv,0.175,0.25,3,0,27,12,0.030311648744351605,eval,0.11348049,0.0,8,-0.07500000000000001,-0.13651950657367706
curv,0.175,0.25,3,0,27,8,0.219120059471549,eval,0.21525687,0.0,8,-0.07500000000000001,-0.03474313020706177
curv,0.175,0.25,3,0,27,1,0.30445588194411166,eval,0.30643654,1.0,8,-0.07500000000000001,0.05643653869628906
curv,0.225,0.25,4,0,28,9,0.3318564157418792,eval,0.33571345,1.0,8,-0.024999999999999994,0.0857134461402893
curv,0.225,0.25,4,0,28,12,0.30043857213684555,eval,0.30214414,1.0,8,-0.024999999999999994,0.052144140005111694
curv,0.225,0.25,4,0,28,8,0.2971048950005876,eval,0.29858214,1.0,8,-0.024999999999999994,0.04858213663101196
curv,0.225,0.25,4,0,28,1,0.1495394208740069,eval,0.16219044,0.0,8,-0.024999999999999994,-0.08780956268310547
curv,0.225,0.25,4,0,29,9,0.17734901410490445,eval,0.17355189,0.0,8,-0.024999999999999994,-0.07644811272621155
curv,0.225,0.25,4,0,29,12,0.1854136214492001,eval,0.17924225,0.0,8,-0.024999999999999994,-0.07075774669647217
curv,0.225,0.25,4,0,29,8,0.15415347634020068,eval,0.16407551,0.0,8,-0.024999999999999994,-0.08592449128627777
curv,0.225,0.25,4,0,29,1,0.3939107452443673,eval,0.4020173,1.0,8,-0.024999999999999994,0.15201729536056519
curv,0.275,0.25,5,1,30,9,0.3521049326473978,eval,0.3573486,1.0,8,0.025000000000000022,0.10734859108924866
curv,0.275,0.25,5,1,30,12,0.3218148909489514,eval,0.32498428,1.0,8,0.025000000000000022,0.07498428225517273
curv,0.275,0.25,5,1,30,8,0.2459599919927045,eval,0.24393481,0.0,8,0.025000000000000022,-0.006065189838409424
curv,0.275,0.25,5,1,30,1,0.2462612292191334,eval,0.2442567,0.0,8,0.025000000000000022,-0.005743294954299927
curv,0.325,0.25,6,1,31,9,0.31920239999303074,eval,0.3221929,1.0,8,0.07500000000000001,0.07219290733337402
curv,0.325,0.25,6,1,31,12,0.37767557651664274,eval,0.38467032,1.0,8,0.07500000000000001,0.13467031717300415
curv,0.325,0.25,6,1,31,8,0.339291364966682,eval,0.34365755,1.0,8,0.07500000000000001,0.09365755319595337
curv,0.325,0.25,6,1,31,1,0.4824408278844587,eval,0.4972859,1.0,8,0.07500000000000001,0.2472859025001526
curv,0.375,0.25,7,1,32,9,0.48244112374891795,eval,0.4972862,1.0,8,0.125,0.24728620052337646
curv,0.375,0.25,7,1,32,12,0.5125445311670886,eval,0.53075993,1.0,8,0.125,0.28075993061065674
curv,0.375,0.25,7,1,32,8,0.3206042278212674,eval,0.32369074,1.0,8,0.125,0.0736907422542572
curv,0.375,0.25,7,1,32,1,0.3317214152817403,eval,0.33556923,1.0,8,0.125,0.08556923270225525
curv,0.425,0.25,8,1,33,9,0.32464404280078596,eval,0.32800716,1.0,8,0.175,0.07800716161727905
curv,0.425,0.25,8,1,33,12,0.24351277222568563,eval,0.24132001,0.0,8,0.175,-0.008679986000061035
curv,0.425,0.25,8,1,33,8,0.4116548441462745,eval,0.42097646,1.0,8,0.175,0.170976459980011
curv,0.425,0.25,8,1,33,1,0.3514516707657725,eval,0.3566506,1.0,8,0.175,0.10665059089660645
curv,0.475,0.25,9,1,34,9,0.39704422467572553,eval,0.40536535,1.0,8,0.22499999999999998,0.15536534786224365
curv,0.475,0.25,9,1,34,12,0.6488602111424955,eval,0.68233734,1.0,8,0.22499999999999998,0.43233734369277954
curv,0.475,0.25,9,1,34,8,0.6047871761181993,eval,0.6333299,1.0,8,0.22499999999999998,0.38332992792129517
curv,0.475,0.25,9,1,34,1,0.49997853715586665,eval,0.51678705,1.0,8,0.22499999999999998,0.266787052154541
curv,0.525,0.25,10,1,35,9,0.6518731572705383,eval,0.68568754,1.0,8,0.275,0.4356875419616699
curv,0.525,0.25,10,1,35,12,0.6518815273891231,eval,0.68569684,1.0,8,0.275,0.4356968402862549
curv,0.525,0.25,10,1,35,8,0.4282180135307945,eval,0.4386739,1.0,8,0.275,0.18867391347885132
curv,0.525,0.25,10,1,35,1,0.6281453084869473,eval,0.6593032,1.0,8,0.275,0.4093031883239746
curv,0.575,0.25,11,1,36,9,0.555391602743063,eval,0.57840407,1.0,8,0.32499999999999996,0.3284040689468384
curv,0.575,0.25,11,1,36,12,0.6323065992335506,eval,0.6639304,1.0,8,0.32499999999999996,0.41393041610717773
curv,0.575,0.25,11,1,36,8,0.767666270913514,eval,0.81301415,1.0,8,0.32499999999999996,0.5630141496658325
curv,0.575,0.25,11,1,36,1,0.5911009576715345,eval,0.6181114,1.0,8,0.32499999999999996,0.36811137199401855
curv,0.625,0.25,12,1,37,9,0.5891039353295531,eval,0.61589086,1.0,8,0.375,0.36589086055755615
curv,0.625,0.25,12,1,37,12,0.8633592229234116,eval,0.91694,1.0,8,0.375,0.6669399738311768
curv,0.625,0.25,12,1,37,8,0.8129344377381986,eval,0.8621769,1.0,8,0.375,0.6121768951416016
curv,0.625,0.25,12,1,37,1,0.5664471175876663,eval,0.59069735,1.0,8,0.375,0.34069734811782837
curv,0.675,0.25,13,1,38,9,0.682757241935024,eval,0.72002935,1.0,8,0.42500000000000004,0.470029354095459
curv,0.675,0.25,13,1,38,12,0.6954978597927232,eval,0.7341964,1.0,8,0.42500000000000004,0.48419642448425293
curv,0.675,0.25,13,1,38,8,0.503656056203569,eval,0.5208763,1.0,8,0.42500000000000004,0.27087628841400146
curv,0.675,0.25,13,1,38,1,0.5408780285923331,eval,0.5622657,1.0,8,0.42500000000000004,0.31226569414138794
curv,0.725,0.25,14,1,39,9,0.6560502542647139,eval,0.6903323,1.0,8,0.475,0.440332293510437
curv,0.725,0.25,14,1,39,12,0.8071478916070218,eval,0.85589254,1.0,8,0.475,0.605892539024353
curv,0.725,0.25,14,1,39,8,0.7108977334886978,eval,0.7513204,1.0,8,0.475,0.5013204216957092
curv,0.725,0.25,14,1,39,1,0.5848479785082572,eval,0.6111584,1.0,8,0.475,0.3611583709716797
flat,0.275,0.75,0,0,40,9,0.40819413685305606,eval,0.3756543,0.0,8,-0.475,-0.37434569001197815
flat,0.275,0.75,0,0,40,12,0.20115860187320406,eval,0.18491589,0.0,8,-0.475,-0.5650841146707535
flat,0.275,0.75,0,0,40,8,0.30926915696456797,eval,0.2840495,0.0,8,-0.475,-0.46595048904418945
flat,0.275,0.75,0,0,40,1,0.3252682849874866,eval,0.29872015,0.0,8,-0.475,-0.4512798488140106
flat,0.325,0.75,1,0,41,9,0.20008373483240952,eval,0.18393032,0.0,8,-0.425,-0.5660696774721146
flat,0.325,0.75,1,0,41,12,0.4384357407951828,eval,0.40791214,0.0,8,-0.425,-0.34208786487579346
flat,0.325,0.75,1,0,41,8,0.24891289124935712,eval,0.22870494,0.0,8,-0.425,-0.5212950557470322
flat,0.325,0.75,1,0,41,1,0.4239713033285805,eval,0.39248335,0.0,8,-0.425,-0.35751664638519287
flat,0.375,0.75,2,0,42,9,0.3599402001639595,eval,0.33051312,0.0,8,-0.375,-0.4194868803024292
flat,0.375,0.75,2,0,42,12,0.39178259697224144,eval,0.35971147,0.0,8,-0.375,-0.3902885317802429
flat,0.375,0.75,2,0,42,8,0.3008919496315271,eval,0.27636793,0.0,8,-0.375,-0.4736320674419403
flat,0.375,0.75,2,0,42,1,0.3585705407374709,eval,0.32925716,0.0,8,-0.375,-0.42074283957481384
flat,0.425,0.75,3,0,43,9,0.45969527857023623,eval,0.43058905,0.0,8,-0.325,-0.31941094994544983
flat,0.425,0.75,3,0,43,12,0.37987998551439534,eval,0.3487972,0.0,8,-0.325,-0.4012027978897095
flat,0.425,0.75,3,0,43,8,0.40125843032654535,eval,0.36840048,0.0,8,-0.325,-0.3815995156764984
flat,0.425,0.75,3,0,43,1,0.3175635141771565,eval,0.29165518,0.0,8,-0.325,-0.45834481716156006
flat,0.475,0.75,4,0,44,9,0.46455529309334376,eval,0.43577307,0.0,8,-0.275,-0.3142269253730774
flat,0.475,0.75,4,0,44,12,0.6866939198315876,eval,0.67272174,0.0,8,-0.275,-0.0772782564163208
flat,0.475,0.75,4,0,44,8,0.548917808711155,eval,0.52576005,0.0,8,-0.275,-0.22423994541168213
flat,0.475,0.75,4,0,44,1,0.5623042152621707,eval,0.5400389,0.0,8,-0.275,-0.20996111631393433
flat,0.525,0.75,5,0,45,9,0.4447712454632119,eval,0.41467005,0.0,8,-0.22499999999999998,-0.33532994985580444
flat,0.525,0.75,5,0,45,12,0.49452003354591684,eval,0.46773556,0.0,8,-0.22499999999999998,-0.28226444125175476
flat,0.525,0.75,5,0,45,8,0.4738666161052906,eval,0.44570515,0.0,8,-0.22499999999999998,-0.3042948544025421
flat,0.525,0.75,5,0,45,1,0.39696060552854273,eval,0.36445954,0.0,8,-0.22499999999999998,-0.3855404555797577
flat,0.575,0.75,6,0,46,9,0.48816108032474786,eval,0.46095267,0.0,8,-0.17500000000000004,-0.28904733061790466
flat,0.575,0.75,6,0,46,12,0.5758861327608518,eval,0.5545263,0.0,8,-0.17500000000000004,-0.19547367095947266
flat,0.575,0.75,6,0,46,8,0.7576693811620117,eval,0.74842906,0.0,8,-0.17500000000000004,-0.0015709400177001953
flat,0.575,0.75,6,0,46,1,0.5036931904940727,eval,0.47752026,0.0,8,-0.17500000000000004,-0.27247974276542664
flat,0.625,0.75,7,0,47,9,0.6675394425820824,eval,0.6522902,0.0,8,-0.125,-0.0977097749710083
flat,0.625,0.75,7,0,47,12,0.6052720042673871,eval,0.58587134,0.0,8,-0.125,-0.16412866115570068
flat,0.625,0.75,7,0,47,8,0.6539974002338532,eval,0.6378453,0.0,8,-0.125,-0.11215472221374512
flat,0.625,0.75,7,0,47,1,0.6871017853540099,eval,0.67315674,0.0,8,-0.125,-0.07684326171875
flat,0.675,0.75,8,0,48,9,0.57195195498333,eval,0.5503298,0.0,8,-0.07499999999999996,-0.1996701955795288
flat,0.675,0.75,8,0,48,12,0.5994329086763519,eval,0.57964295,0.0,8,-0.07499999999999996,-0.17035704851150513
flat,0.675,0.75,8,0,48,8,0.6647424715916677,eval,0.64930665,0.0,8,-0.07499999999999996,-0.10069334506988525
flat,0.675,0.75,8,0,48,1,0.44998588264254086,eval,0.42023236,0.0,8,-0.07499999999999996,-0.329767644405365
flat,0.725,0.75,9,0,49,9,0.789624270571504,eval,0.78251445,1.0,8,-0.025000000000000022,0.03251445293426514
flat,0.725,0.75,9,0,49,12,0.7781272400530428,eval,0.7702508,1.0,8,-0.025000000000000022,0.020250797271728516
flat,0.725,0.75,9,0,49,8,0.8699259685131457,eval,0.8681698,1.0,8,-0.025000000000000022,0.11816978454589844
flat,0.725,0.75,9,0,49,1,0.7636369597566306,eval,0.7547945,1.0,8,-0.025000000000000022,0.004794478416442871
flat,0.775,0.75,10,1,50,9,0.6225851636354708,eval,0.6043388,0.0,8,0.025000000000000022,-0.14566117525100708
flat,0.775,0.75,10,1,50,12,0.8488409603732732,eval,0.84567904,1.0,8,0.025000000000000022,0.09567904472351074
flat,0.775,0.75,10,1,50,8,0.8376281195060352,eval,0.8337187,1.0,8,0.025000000000000022,0.08371871709823608
flat,0.775,0.75,10,1,50,1,0.7168359163590498,eval,0.70487326,0.0,8,0.025000000000000022,-0.04512673616409302
flat,0.775,0.75,10,1,51,9,0.7195016903283316,eval,0.70771676,0.0,8,0.025000000000000022,-0.04228323698043823
flat,0.775,0.75,10,1,51,12,0.8104372527738726,eval,0.80471504,1.0,8,0.025000000000000022,0.05471503734588623
flat,0.775,0.75,10,1,51,8,0.8119286775687574,eval,0.8063059,1.0,8,0.025000000000000022,0.056305885314941406
flat,0.775,0.75,10,1,51,1,0.7859279697477815,eval,0.77857167,1.0,8,0.025000000000000022,0.028571665287017822
flat,0.825,0.75,11,1,52,9,0.8286306022369746,eval,0.82412136,1.0,8,0.07499999999999996,0.07412135601043701
flat,0.825,0.75,11,1,52,12,0.5889421738555064,eval,0.56845284,0.0,8,0.07499999999999996,-0.1815471649169922
flat,0.825,0.75,11,1,52,8,0.7918859617230475,eval,0.78492695,1.0,8,0.07499999999999996,0.03492695093154907
flat,0.825,0.75,11,1,52,1,0.8174298473779177,eval,0.8121738,1.0,8,0.07499999999999996,0.06217378377914429
flat,0.825,0.75,11,1,53,9,0.6997848056555384,eval,0.6866853,0.0,8,0.07499999999999996,-0.06331467628479004
flat,0.825,0.75,11,1,53,12,0.9257997003423085,eval,0.92896163,1.0,8,0.07499999999999996,0.1789616346359253
flat,0.825,0.75,11,1,53,8,1.006398561389275,eval,1.0184382,1.0,8,0.07499999999999996,0.2684382200241089
flat,0.825,0.75,11,1,53,1,0.8452114395043959,eval,0.84180754,1.0,8,0.07499999999999996,0.0918075442314148
flat,0.875,0.75,12,1,54,9,0.9402010863526592,eval,0.94494927,1.0,8,0.125,0.19494926929473877
flat,0.875,0.75,12,1,54,12,0.8399761650176906,eval,0.83622324,1.0,8,0.125,0.08622324466705322
flat,0.875,0.75,12,1,54,8,0.9561821589739987,eval,0.9626906,1.0,8,0.125,0.2126905918121338
flat,0.875,0.75,12,1,54,1,0.9444171936707009,eval,0.9496298,1.0,8,0.125,0.1996297836303711
flat,0.875,0.75,12,1,55,9,0.8731461186690498,eval,0.8716047,1.0,8,0.125,0.12160468101501465
flat,0.875,0.75,12,1,55,12,0.7533676588110694,eval,0.7438406,0.0,8,0.125,-0.006159424781799316
flat,0.875,0.75,12,1,55,8,0.8546588664055288,eval,0.8518848,1.0,8,0.125,0.10188478231430054
flat,0.875,0.75,12,1,55,1,0.7991630249101591,eval,0.7926891,1.0,8,0.125,0.04268908500671387
flat,0.925,0.75,13,1,56,9,0.8213926318410458,eval,0.8164008,1.0,8,0.17500000000000004,0.06640082597732544
flat,0.925,0.75,13,1,56,12,0.9853280959050975,eval,0.995047,1.0,8,0.17500000000000004,0.2450469732284546
flat,0.925,0.75,13,1,56,8,0.7672800849317296,eval,0.7586806,1.0,8,0.17500000000000004,0.008680582046508789
flat,0.925,0.75,13,1,56,1,1.0670982022311917,eval,1.0858239,1.0,8,0.17500000000000004,0.3358238935470581
flat,0.925,0.75,13,1,57,9,0.7731111770249605,eval,0.7649004,1.0,8,0.17500000000000004,0.014900386333465576
flat,0.925,0.75,13,1,57,12,0.9812849420373864,eval,0.9905585,1.0,8,0.17500000000000004,0.24055850505828857
flat,0.925,0.75,13,1,57,8,0.9622951541761923,eval,0.96947694,1.0,8,0.17500000000000004,0.21947693824768066
flat,0.925,0.75,13,1,57,1,0.9976093788947765,eval,1.0086808,1.0,8,0.17500000000000004,0.2586808204650879
flat,0.975,0.75,14,1,58,9,0.8184410628627359,eval,0.81325233,1.0,8,0.22499999999999998,0.06325232982635498
flat,0.975,0.75,14,1,58,12,0.8706926297718663,eval,0.86898756,1.0,8,0.22499999999999998,0.1189875602722168
flat,0.975,0.75,14,1,58,8,0.8606259907898409,eval,0.8582499,1.0,8,0.22499999999999998,0.10824990272521973
flat,0.975,0.75,14,1,58,1,1.0593732662303268,eval,1.0772481,1.0,8,0.22499999999999998,0.32724809646606445
flat,0.975,0.75,14,1,59,9,0.9801033945130329,eval,0.9892467,1.0,8,0.22499999999999998,0.23924672603607178
flat,0.975,0.75,14,1,59,12,1.2222435678832566,eval,1.2580582,1.0,8,0.22499999999999998,0.5080581903457642
flat,0.975,0.75,14,1,59,8,0.8034054048241679,eval,0.79721427,1.0,8,0.22499999999999998,0.04721426963806152
flat,0.975,0.75,14,1,59,1,1.0914863981111027,eval,1.1128985,1.0,8,0.22499999999999998,0.36289846897125244
base,0.025,0.5,0,0,0,9,-0.002915150546776414,eval,0.1292928,0.0,9,-0.475,-0.3707071989774704
base,0.025,0.5,0,0,0,12,0.06907067447635609,eval,0.18590283,0.0,9,-0.475,-0.31409716606140137
base,0.025,0.5,0,0,0,8,0.07970956613393337,eval,0.1942693,0.0,9,-0.475,-0.3057307004928589
base,0.025,0.5,0,0,0,1,-0.018643524714322124,eval,0.11692392,0.0,9,-0.475,-0.3830760791897774
base,0.075,0.5,1,0,1,9,0.10314711025906223,eval,0.21270071,0.0,9,-0.425,-0.2872992902994156
base,0.075,0.5,1,0,1,12,0.10925153909534122,eval,0.21750124,0.0,9,-0.425,-0.282498762011528
base,0.075,0.5,1,0,1,8,0.2513759069559374,eval,0.32926857,0.0,9,-0.425,-0.17073142528533936
base,0.075,0.5,1,0,1,1,-0.041980190777286416,eval,0.098706104,0.0,9,-0.425,-0.40129389613866806
base,0.125,0.5,2,0,2,9,0.2532481233683165,eval,0.33074093,0.0,9,-0.375,-0.16925907135009766
base,0.125,0.5,2,0,2,12,0.17239470669880136,eval,0.26715735,0.0,9,-0.375,-0.23284265398979187
base,0.125,0.5,2,0,2,8,0.07632387892071708,eval,0.1916068,0.0,9,-0.375,-0.308393195271492
base,0.125,0.5,2,0,2,1,0.2989367877130134,eval,0.36667073,0.0,9,-0.375,-0.13332927227020264
base,0.175,0.5,3,0,3,9,0.2032451825285249,eval,0.29141828,0.0,9,-0.325,-0.20858171582221985
base,0.175,0.5,3,0,3,12,0.1482691568046723,eval,0.24818492,0.0,9,-0.325,-0.2518150806427002
base,0.175,0.5,3,0,3,8,0.18441541561970465,eval,0.27661052,0.0,9,-0.325,-0.22338947653770447
base,0.175,0.5,3,0,3,1,0.1254089271557848,eval,0.2302075,0.0,9,-0.325,-0.26979249715805054
base,0.225,0.5,4,0,4,9,0.3056019527170751,eval,0.37191224,0.0,9,-0.275,-0.12808775901794434
base,0.225,0.5,4,0,4,12,0.3438327862596402,eval,0.4019772,0.0,9,-0.275,-0.09802278876304626
base,0.225,0.5,4,0,4,8,0.15444720452789168,eval,0.25304335,0.0,9,-0.275,-0.24695664644241333
base,0.225,0.5,4,0,4,1,0.2578969629460202,eval,0.33439678,0.0,9,-0.275,-0.16560322046279907
base,0.275,0.5,5,0,5,9,0.15241172947768455,eval,0.25144264,0.0,9,-0.22499999999999998,-0.24855735898017883
base,0.275,0.5,5,0,5,12,0.24014279349858433,eval,0.3204348,0.0,9,-0.22499999999999998,-0.1795651912689209
base,0.275,0.5,5,0,5,8,0.15737429350797189,eval,0.25534528,0.0,9,-0.22499999999999998,-0.24465471506118774
base,0.275,0.5,5,0,5,1,0.24914274545260762,eval,0.32751244,0.0,9,-0.22499999999999998,-0.1724875569343567
base,0.325,0.5,6,0,6,9,0.32274678225324427,eval,0.38539505,0.0,9,-0.175,-0.11460494995117188
base,0.325,0.5,6,0,6,12,0.17876480748448073,eval,0.27216685,0.0,9,-0.175,-0.22783315181732178
base,0.325,0.5,6,0,6,8,0.2536892033263042,eval,0.33108777,0.0,9,-0.175,-0.16891223192214966
base,0.325,0.5,6,0,6,1,0.48334728788021225,eval,0.51169217,1.0,9,-0.175,0.011692166328430176
base,0.375,0.5,7,0,7,9,0.3874211319304505,eval,0.43625528,0.0,9,-0.125,-0.06374472379684448
base,0.375,0.5,7,0,7,12,0.4599783613618451,eval,0.49331468,0.0,9,-0.125,-0.006685316562652588
base,0.375,0.5,7,0,7,8,0.3405001475914213,eval,0.39935637,0.0,9,-0.125,-0.10064363479614258
base,0.375,0.5,7,0,7,1,0.5070360987081839,eval,0.53032106,1.0,9,-0.125,0.030321061611175537
base,0.425,0.5,8,0,8,9,0.5112246184619911,eval,0.533615,1.0,9,-0.07500000000000001,0.03361499309539795
base,0.425,0.5,8,0,8,12,0.6100702779951481,eval,0.6113478,1.0,9,-0.07500000000000001,0.11134779453277588
base,0.425,0.5,8,0,8,8,0.5605438028669814,eval,0.57239985,1.0,9,-0.07500000000000001,0.07239985466003418
base,0.425,0.5,8,0,8,1,0.4883352622824915,eval,0.5156147,1.0,9,-0.07500000000000001,0.015614688396453857
base,0.475,0.5,9,0,9,9,0.4866060673431017,eval,0.51425487,1.0,9,-0.025000000000000022,0.014254868030548096
base,0.475,0.5,9,0,9,12,0.3789848880709369,eval,0.42962098,0.0,9,-0.025000000000000022,-0.07037901878356934
base,0.475,0.5,9,0,9,8,0.4752211602573378,eval,0.5053017,1.0,9,-0.025000000000000022,0.005301713943481445
base,0.475,0.5,9,0,9,1,0.2546490119353349,eval,0.33184254,0.0,9,-0.025000000000000022,-0.1681574583053589
base,0.525,0.5,10,1,10,9,0.6054078958119873,eval,0.6076813,1.0,9,0.025000000000000022,0.1076812744140625
base,0.525,0.5,10,1,10,12,0.5148368870407144,eval,0.53645575,1.0,9,0.025000000000000022,0.036455750465393066
base,0.525,0.5,10,1,10,8,0.44594551903321245,eval,0.48227918,0.0,9,0.025000000000000022,-0.017720818519592285
base,0.525,0.5,10,1,10,1,0.5302028974259887,eval,0.54853964,1.0,9,0.025000000000000022,0.04853963851928711
base,0.575,0.5,11,1,11,9,0.5245800752222866,eval,0.5441178,1.0,9,0.07499999999999996,0.04411780834197998
base,0.575,0.5,11,1,11,12,0.5064557989281973,eval,0.5298648,1.0,9,0.07499999999999996,0.029864788055419922
base,0.575,0.5,11,1,11,8,0.5891877828241733,eval,0.59492564,1.0,9,0.07499999999999996,0.0949256420135498
base,0.575,0.5,11,1,11,1,0.6433686190776534,eval,0.63753366,1.0,9,0.07499999999999996,0.13753366470336914
base,0.625,0.5,12,1,12,9,0.6607954906213157,eval,0.6512383,1.0,9,0.125,0.1512383222579956
base,0.625,0.5,12,1,12,12,0.5869416749872484,eval,0.59315926,1.0,9,0.125,0.0931592583656311
base,0.625,0.5,12,1,12,8,0.6467571355560034,eval,0.6401984,1.0,9,0.125,0.14019840955734253
base,0.625,0.5,12,1,12,1,0.7253961575842169,eval,0.7020407,1.0,9,0.125,0.2020406723022461
base,0.675,0.5,13,1,13,9,0.7164866401254424,eval,0.6950341,1.0,9,0.17500000000000004,0.19503408670425415
base,0.675,0.5,13,1,13,12,0.6796092971779658,eval,0.66603357,1.0,9,0.17500000000000004,0.1660335659980774
base,0.675,0.5,13,1,13,8,0.6073767944025039,eval,0.60922956,1.0,9,0.17500000000000004,0.10922956466674805
base,0.675,0.5,13,1,13,1,0.61320929552924,eval,0.6138163,1.0,9,0.17500000000000004,0.11381632089614868
base,0.725,0.5,14,1,14,9,0.6000224275413348,eval,0.60344607,1.0,9,0.22499999999999998,0.10344606637954712
base,0.725,0.5,14,1,14,12,0.6008191547218831,eval,0.6040726,1.0,9,0.22499999999999998,0.10407257080078125
base,0.725,0.5,14,1,14,8,0.8393233626629595,eval,0.7916336,1.0,9,0.22499999999999998,0.29163360595703125
base,0.725,0.5,14,1,14,1,0.9072011363328323,eval,0.8431799,1.0,9,0.22499999999999998,0.3431798815727234
base,0.775,0.5,15,1,15,9,0.7925538628567643,eval,0.7548538,1.0,9,0.275,0.2548537850379944
base,0.775,0.5,15,1,15,12,0.7472346328732713,eval,0.7192145,1.0,9,0.275,0.21921449899673462
base,0.775,0.5,15,1,15,8,0.586165110902335,eval,0.59254855,1.0,9,0.275,0.09254854917526245
base,0.775,0.5,15,1,15,1,0.6429569029986707,eval,0.63720995,1.0,9,0.275,0.137209951877594
base,0.825,0.5,16,1,16,9,0.7929637473048593,eval,0.7551761,1.0,9,0.32499999999999996,0.2551761269569397
base,0.825,0.5,16,1,16,12,0.6784032613617612,eval,0.6650852,1.0,9,0.32499999999999996,0.16508519649505615
base,0.825,0.5,16,1,16,8,0.8036455371917013,eval,0.7635763,1.0,9,0.32499999999999996,0.26357632875442505
base,0.825,0.5,16,1,16,1,0.7588471978184781,eval,0.7283467,1.0,9,0.32499999999999996,0.22834670543670654
base,0.875,0.5,17,1,17,9,0.6845912051383966,eval,0.66995144,1.0,9,0.375,0.1699514389038086
base,0.875,0.5,17,1,17,12,0.8181772362058521,eval,0.7750041,1.0,9,0.375,0.2750040888786316
base,0.875,0.5,17,1,17,8,0.9415066065629245,eval,0.86865586,1.0,9,0.375,0.36865586042404175
base,0.875,0.5,17,1,17,1,0.9685049988114022,eval,0.88801634,1.0,9,0.375,0.38801634311676025
base,0.925,0.5,18,1,18,9,1.0208406680141398,eval,0.90991294,1.0,9,0.42500000000000004,0.40991294384002686
base,0.925,0.5,18,1,18,12,0.8063930346013513,eval,0.765737,1.0,9,0.42500000000000004,0.26573699712753296
base,0.925,0.5,18,1,18,8,0.7911567480523145,eval,0.7537551,1.0,9,0.42500000000000004,0.2537550926208496
base,0.925,0.5,18,1,18,1,0.9299054613825312,eval,0.8601249,1.0,9,0.42500000000000004,0.3601248860359192
base,0.975,0.5,19,1,19,9,0.9388141319695699,eval,0.8667251,1.0,9,0.475,0.3667250871658325
base,0.975,0.5,19,1,19,12,0.8690939300539855,eval,0.8147392,1.0,9,0.475,0.3147392272949219
base,0.975,0.5,19,1,19,8,1.0111253748643376,eval,0.90652883,1.0,9,0.475,0.4065288305282593
base,0.975,0.5,19,1,19,1,1.1752392583645255,eval,0.9636932,1.0,9,0.475,0.46369320154190063
curv,0.025,0.25,0,0,20,9,-0.06023900581258609,eval,0.018103048,0.0,9,-0.225,-0.23189695179462433
curv,0.025,0.25,0,0,20,12,-0.14699106806582,eval,-0.050119266,0.0,9,-0.225,-0.3001192659139633
curv,0.025,0.25,0,0,20,8,0.1542893050193805,eval,0.18680926,0.0,9,-0.225,-0.06319074332714081
curv,0.025,0.25,0,0,20,1,0.04385191925124656,eval,0.099960685,0.0,9,-0.225,-0.15003931522369385
curv,0.025,0.25,0,0,21,9,-0.012731674369381461,eval,0.05546306,0.0,9,-0.225,-0.1945369392633438
curv,0.025,0.25,0,0,21,12,0.1469354588732634,eval,0.1810261,0.0,9,-0.225,-0.06897389888763428
curv,0.025,0.25,0,0,21,8,0.07036712642569681,eval,0.12081237,0.0,9,-0.225,-0.12918762862682343
curv,0.025,0.25,0,0,21,1,-0.03831940901922267,eval,0.03534074,0.0,9,-0.225,-0.21465925872325897
curv,0.075,0.25,1,0,22,9,0.08882003031483213,eval,0.13532388,0.0,9,-0.175,-0.11467611789703369
curv,0.075,0.25,1,0,22,12,0.12590590847395516,eval,0.16448833,0.0,9,-0.175,-0.08551166951656342
curv,0.075,0.25,1,0,22,8,-0.09401599429769265,eval,-0.008459374,0.0,9,-0.175,-0.2584593743085861
curv,0.075,0.25,1,0,22,1,0.03724364947671917,eval,0.09476392,0.0,9,-0.175,-0.15523608028888702
curv,0.075,0.25,1,0,23,9,0.22579094843471398,eval,0.2430385,0.0,9,-0.175,-0.00696149468421936
curv,0.075,0.25,1,0,23,12,-0.11674640434564944,eval,-0.026334688,0.0,9,-0.175,-0.2763346880674362
curv,0.075,0.25,1,0,23,8,0.0021804972564751224,eval,0.067190066,0.0,9,-0.175,-0.18280993402004242
curv,0.075,0.25,1,0,23,1,-0.03411461176191956,eval,0.038647413,0.0,9,-0.175,-0.21135258674621582
curv,0.125,0.25,2,0,24,9,0.10840667969937974,eval,0.15072688,0.0,9,-0.125,-0.09927311539649963
curv,0.125,0.25,2,0,24,12,0.06531724059521243,eval,0.11684115,0.0,9,-0.125,-0.1331588476896286
curv,0.125,0.25,2,0,24,8,0.24823034025042634,eval,0.26068494,1.0,9,-0.125,0.010684937238693237
curv,0.125,0.25,2,0,24,1,-0.002768016638660803,eval,0.06329852,0.0,9,-0.125,-0.1867014765739441
curv,0.125,0.25,2,0,25,9,0.17224074969585104,eval,0.20092633,0.0,9,-0.125,-0.04907366633415222
curv,0.125,0.25,2,0,25,12,0.0579561400096926,eval,0.111052334,0.0,9,-0.125,-0.13894766569137573
curv,0.125,0.25,2,0,25,8,0.15483352450652943,eval,0.1872372,0.0,9,-0.125,-0.0627627968788147
curv,0.125,0.25,2,0,25,1,0.18804114907682318,eval,0.21335182,0.0,9,-0.125,-0.036648184061050415
curv,0.175,0.25,3,0,26,9,0.31235793768977616,eval,0.31111524,1.0,9,-0.07500000000000001,0.06111523509025574
curv,0.175,0.25,3,0,26,12,0.1059055871831403,eval,0.14875999,0.0,9,-0.07500000000000001,-0.10124000906944275
curv,0.175,0.25,3,0,26,8,0.17401410615100246,eval,0.2023209,0.0,9,-0.07500000000000001,-0.04767909646034241
curv,0.175,0.25,3,0,26,1,0.23311658124128057,eval,0.24879941,0.0,9,-0.07500000000000001,-0.0012005865573883057
curv,0.175,0.25,3,0,27,9,0.22835505312737925,eval,0.24505493,0.0,9,-0.07500000000000001,-0.0049450695514678955
curv,0.175,0.25,3,0,27,12,0.030311648744351605,eval,0.08931255,0.0,9,-0.07500000000000001,-0.16068744659423828
curv,0.175,0.25,3,0,27,8,0.219120059471549,eval,0.23779242,0.0,9,-0.07500000000000001,-0.012207582592964172
curv,0.175,0.25,3,0,27,1,0.30445588194411166,eval,0.304901,1.0,9,-0.07500000000000001,0.05490100383758545
curv,0.225,0.25,4,0,28,9,0.3318564157418792,eval,0.32644895,1.0,9,-0.024999999999999994,0.0764489471912384
curv,0.225,0.25,4,0,28,12,0.30043857213684555,eval,0.30174178,1.0,9,-0.024999999999999994,0.05174177885055542
curv,0.225,0.25,4,0,28,8,0.2971048950005876,eval,0.29912016,1.0,9,-0.024999999999999994,0.049120157957077026
curv,0.225,0.25,4,0,28,1,0.1495394208740069,eval,0.18307394,0.0,9,-0.024999999999999994,-0.06692606210708618
curv,0.225,0.25,4,0,29,9,0.17734901410490445,eval,0.20494352,0.0,9,-0.024999999999999994,-0.045056477189064026
curv,0.225,0.25,4,0,29,12,0.1854136214492001,eval,0.21128556,0.0,9,-0.024999999999999994,-0.038714438676834106
curv,0.225,0.25,4,0,29,8,0.15415347634020068,eval,0.18670245,0.0,9,-0.024999999999999994,-0.06329755485057831
curv,0.225,0.25,4,0,29,1,0.3939107452443673,eval,0.3752488,1.0,9,-0.024999999999999994,0.12524878978729248
curv,0.275,0.25,5,1,30,9,0.3521049326473978,eval,0.34237248,1.0,9,0.025000000000000022,0.09237247705459595
curv,0.275,0.25,5,1,30,12,0.3218148909489514,eval,0.31855223,1.0,9,0.025000000000000022,0.06855222582817078
curv,0.275,0.25,5,1,30,8,0.2459599919927045,eval,0.25889954,1.0,9,0.025000000000000022,0.008899539709091187
curv,0.275,0.25,5,1,30,1,0.2462612292191334,eval,0.2591364,1.0,9,0.025000000000000022,0.009136408567428589
curv,0.325,0.25,6,1,31,9,0.31920239999303074,eval,0.3164977,1.0,9,0.07500000000000001,0.06649771332740784
curv,0.325,0.25,6,1,31,12,0.37767557651664274,eval,0.36248136,1.0,9,0.07500000000000001,0.11248135566711426
curv,0.325,0.25,6,1,31,8,0.339291364966682,eval,0.33229584,1.0,9,0.07500000000000001,0.08229583501815796
curv,0.325,0.25,6,1,31,1,0.4824408278844587,eval,0.44486934,1.0,9,0.07500000000000001,0.19486933946609497
curv,0.375,0.25,7,1,32,9,0.48244112374891795,eval,0.44486958,1.0,9,0.125,0.19486957788467407
curv,0.375,0.25,7,1,32,12,0.5125445311670886,eval,0.468543,1.0,9,0.125,0.21854299306869507
curv,0.375,0.25,7,1,32,8,0.3206042278212674,eval,0.31760013,1.0,9,0.125,0.06760013103485107
curv,0.375,0.25,7,1,32,1,0.3317214152817403,eval,0.3263428,1.0,9,0.125,0.07634279131889343
curv,0.425,0.25,8,1,33,9,0.32464404280078596,eval,0.3207771,1.0,9,0.175,0.07077708840370178
curv,0.425,0.25,8,1,33,12,0.24351277222568563,eval,0.25697505,1.0,9,0.175,0.006975054740905762
curv,0.425,0.25,8,1,33,8,0.4116548441462745,eval,0.38920283,1.0,9,0.175,0.13920283317565918
curv,0.425,0.25,8,1,33,1,0.3514516707657725,eval,0.3418587,1.0,9,0.175,0.09185871481895447
curv,0.475,0.25,9,1,34,9,0.39704422467572553,eval,0.37771297,1.0,9,0.22499999999999998,0.12771296501159668
curv,0.475,0.25,9,1,34,12,0.6488602111424955,eval,0.5757424,1.0,9,0.22499999999999998,0.3257424235343933
curv,0.475,0.25,9,1,34,8,0.6047871761181993,eval,0.54108316,1.0,9,0.22499999999999998,0.2910831570625305
curv,0.475,0.25,9,1,34,1,0.49997853715586665,eval,0.45866108,1.0,9,0.22499999999999998,0.20866107940673828
curv,0.525,0.25,10,1,35,9,0.6518731572705383,eval,0.5781118,1.0,9,0.275,0.32811182737350464
curv,0.525,0.25,10,1,35,12,0.6518815273891231,eval,0.5781183,1.0,9,0.275,0.32811832427978516
curv,0.525,0.25,10,1,35,8,0.4282180135307945,eval,0.40222824,1.0,9,0.275,0.1522282361984253
curv,0.525,0.25,10,1,35,1,0.6281453084869473,eval,0.55945206,1.0,9,0.275,0.3094520568847656
curv,0.575,0.25,11,1,36,9,0.555391602743063,eval,0.50223815,1.0,9,0.32499999999999996,0.2522381544113159
curv,0.575,0.25,11,1,36,12,0.6323065992335506,eval,0.5627245,1.0,9,0.32499999999999996,0.3127244710922241
curv,0.575,0.25,11,1,36,8,0.767666270913514,eval,0.6681254,1.0,9,0.32499999999999996,0.4181253910064697
curv,0.575,0.25,11,1,36,1,0.5911009576715345,eval,0.53032017,1.0,9,0.32499999999999996,0.2803201675415039
curv,0.625,0.25,12,1,37,9,0.5891039353295531,eval,0.5287497,1.0,9,0.375,0.2787497043609619
curv,0.625,0.25,12,1,37,12,0.8633592229234116,eval,0.7395441,1.0,9,0.375,0.4895440936088562
curv,0.625,0.25,12,1,37,8,0.8129344377381986,eval,0.70191044,1.0,9,0.375,0.45191043615341187
curv,0.625,0.25,12,1,37,1,0.5664471175876663,eval,0.5109323,1.0,9,0.375,0.2609323263168335
curv,0.675,0.25,13,1,38,9,0.682757241935024,eval,0.60239923,1.0,9,0.42500000000000004,0.35239923000335693
curv,0.675,0.25,13,1,38,12,0.6954978597927232,eval,0.61241853,1.0,9,0.42500000000000004,0.362418532371521
curv,0.675,0.25,13,1,38,8,0.503656056203569,eval,0.4615531,1.0,9,0.42500000000000004,0.21155309677124023
curv,0.675,0.25,13,1,38,1,0.5408780285923331,eval,0.49082464,1.0,9,0.42500000000000004,0.2408246397972107
curv,0.725,0.25,14,1,39,9,0.6560502542647139,eval,0.58139664,1.0,9,0.475,0.3313966393470764
curv,0.725,0.25,14,1,39,12,0.8071478916070218,eval,0.6975917,1.0,9,0.475,0.44759172201156616
curv,0.725,0.25,14,1,39,8,0.7108977334886978,eval,0.624529,1.0,9,0.475,0.37452900409698486
curv,0.725,0.25,14,1,39,1,0.5848479785082572,eval,0.52540284,1.0,9,0.475,0.27540284395217896
flat,0.275,0.75,0,0,40,9,0.40819413685305606,eval,0.5187012,0.0,9,-0.475,-0.2312988042831421
flat,0.275,0.75,0,0,40,12,0.20115860187320406,eval,0.3558874,0.0,9,-0.475,-0.39411258697509766
flat,0.275,0.75,0,0,40,8,0.30926915696456797,eval,0.4409061,0.0,9,-0.475,-0.3090938925743103
flat,0.275,0.75,0,0,40,1,0.3252682849874866,eval,0.45348796,0.0,9,-0.475,-0.29651203751564026
flat,0.325,0.75,1,0,41,9,0.20008373483240952,eval,0.35504216,0.0,9,-0.425,-0.39495784044265747
flat,0.325,0.75,1,0,41,12,0.4384357407951828,eval,0.5424834,0.0,9,-0.425,-0.207516610622406
flat,0.325,0.75,1,0,41,8,0.24891289124935712,eval,0.39344165,0.0,9,-0.425,-0.35655835270881653
flat,0.325,0.75,1,0,41,1,0.4239713033285805,eval,0.5311085,0.0,9,-0.425,-0.21889150142669678
flat,0.375,0.75,2,0,42,9,0.3599402001639595,eval,0.48075414,0.0,9,-0.375,-0.26924586296081543
flat,0.375,0.75,2,0,42,12,0.39178259697224144,eval,0.5057951,0.0,9,-0.375,-0.24420487880706787
flat,0.375,0.75,2,0,42,8,0.3008919496315271,eval,0.43431824,0.0,9,-0.375,-0.3156817555427551
flat,0.375,0.75,2,0,42,1,0.3585705407374709,eval,0.47967696,0.0,9,-0.375,-0.2703230381011963
flat,0.425,0.75,3,0,43,9,0.45969527857023623,eval,0.559202,0.0,9,-0.325,-0.19079798460006714
flat,0.425,0.75,3,0,43,12,0.37987998551439534,eval,0.49643487,0.0,9,-0.325,-0.25356513261795044
flat,0.425,0.75,3,0,43,8,0.40125843032654535,eval,0.51324695,0.0,9,-0.325,-0.23675304651260376
flat,0.425,0.75,3,0,43,1,0.3175635141771565,eval,0.44742888,0.0,9,-0.325,-0.3025711178779602
flat,0.475,0.75,4,0,44,9,0.46455529309334376,eval,0.5630239,0.0,9,-0.275,-0.18697607517242432
flat,0.475,0.75,4,0,44,12,0.6866939198315876,eval,0.7377149,0.0,9,-0.275,-0.012285113334655762
flat,0.475,0.75,4,0,44,8,0.548917808711155,eval,0.6293671,0.0,9,-0.275,-0.12063288688659668
flat,0.475,0.75,4,0,44,1,0.5623042152621707,eval,0.6398942,0.0,9,-0.275,-0.11010581254959106
flat,0.525,0.75,5,0,45,9,0.4447712454632119,eval,0.5474657,0.0,9,-0.22499999999999998,-0.20253431797027588
flat,0.525,0.75,5,0,45,12,0.49452003354591684,eval,0.5865884,0.0,9,-0.22499999999999998,-0.16341161727905273
flat,0.525,0.75,5,0,45,8,0.4738666161052906,eval,0.5703464,0.0,9,-0.22499999999999998,-0.1796535849571228
flat,0.525,0.75,5,0,45,1,0.39696060552854273,eval,0.5098672,0.0,9,-0.22499999999999998,-0.24013280868530273
flat,0.575,0.75,6,0,46,9,0.48816108032474786,eval,0.5815877,0.0,9,-0.17500000000000004,-0.16841232776641846
flat,0.575,0.75,6,0,46,12,0.5758861327608518,eval,0.6505751,0.0,9,-0.17500000000000004,-0.09942489862442017
flat,0.575,0.75,6,0,46,8,0.7576693811620117,eval,0.7935304,1.0,9,-0.17500000000000004,0.043530404567718506
flat,0.575,0.75,6,0,46,1,0.5036931904940727,eval,0.59380215,0.0,9,-0.17500000000000004,-0.15619784593582153
flat,0.625,0.75,7,0,47,9,0.6675394425820824,eval,0.7226518,0.0,9,-0.125,-0.027348220348358154
flat,0.625,0.75,7,0,47,12,0.6052720042673871,eval,0.67368436,0.0,9,-0.125,-0.07631564140319824
flat,0.625,0.75,7,0,47,8,0.6539974002338532,eval,0.7120023,0.0,9,-0.125,-0.03799772262573242
flat,0.625,0.75,7,0,47,1,0.6871017853540099,eval,0.73803574,0.0,9,-0.125,-0.011964261531829834
flat,0.675,0.75,8,0,48,9,0.57195195498333,eval,0.64748126,0.0,9,-0.07499999999999996,-0.10251873731613159
flat,0.675,0.75,8,0,48,12,0.5994329086763519,eval,0.6690924,0.0,9,-0.07499999999999996,-0.08090758323669434
flat,0.675,0.75,8,0,48,8,0.6647424715916677,eval,0.72045225,0.0,9,-0.07499999999999996,-0.02954775094985962
flat,0.675,0.75,8,0,48,1,0.44998588264254086,eval,0.55156654,0.0,9,-0.07499999999999996,-0.19843345880508423
flat,0.725,0.75,9,0,49,9,0.789624270571504,eval,0.8186599,1.0,9,-0.025000000000000022,0.06865990161895752
flat,0.725,0.75,9,0,49,12,0.7781272400530428,eval,0.8096187,1.0,9,-0.025000000000000022,0.05961871147155762
flat,0.725,0.75,9,0,49,8,0.8699259685131457,eval,0.8809497,1.0,9,-0.025000000000000022,0.13094967603683472
flat,0.725,0.75,9,0,49,1,0.7636369597566306,eval,0.7982234,1.0,9,-0.025000000000000022,0.04822337627410889
flat,0.775,0.75,10,1,50,9,0.6225851636354708,eval,0.68729943,0.0,9,0.025000000000000022,-0.06270056962966919
flat,0.775,0.75,10,1,50,12,0.8488409603732732,eval,0.8649848,1.0,9,0.025000000000000022,0.11498481035232544
flat,0.775,0.75,10,1,50,8,0.8376281195060352,eval,0.8564103,1.0,9,0.025000000000000022,0.10641032457351685
flat,0.775,0.75,10,1,50,1,0.7168359163590498,eval,0.7614188,1.0,9,0.025000000000000022,0.011418819427490234
flat,0.775,0.75,10,1,51,9,0.7195016903283316,eval,0.7635151,1.0,9,0.025000000000000022,0.013515114784240723
flat,0.775,0.75,10,1,51,12,0.8104372527738726,eval,0.8350273,1.0,9,0.025000000000000022,0.08502727746963501
flat,0.775,0.75,10,1,51,8,0.8119286775687574,eval,0.8362003,1.0,9,0.025000000000000022,0.0862002968788147
flat,0.775,0.75,10,1,51,1,0.7859279697477815,eval,0.8157531,1.0,9,0.025000000000000022,0.06575310230255127
flat,0.825,0.75,11,1,52,9,0.8286306022369746,eval,0.8493347,1.0,9,0.07499999999999996,0.099334716796875
flat,0.825,0.75,11,1,52,12,0.5889421738555064,eval,0.6608425,0.0,9,0.07499999999999996,-0.08915752172470093
flat,0.825,0.75,11,1,52,8,0.7918859617230475,eval,0.8204385,1.0,9,0.07499999999999996,0.07043850421905518
flat,0.825,0.75,11,1,52,1,0.8174298473779177,eval,0.84052634,1.0,9,0.07499999999999996,0.09052634239196777
flat,0.825,0.75,11,1,53,9,0.6997848056555384,eval,0.74800974,0.0,9,0.07499999999999996,-0.0019902586936950684
flat,0.825,0.75,11,1,53,12,0.9257997003423085,eval,0.9109391,1.0,9,0.07499999999999996,0.16093909740447998
flat,0.825,0.75,11,1,53,8,1.006398561389275,eval,0.9412402,1.0,9,0.07499999999999996,0.19124019145965576
flat,0.825,0.75,11,1,53,1,0.8452114395043959,eval,0.86223656,1.0,9,0.07499999999999996,0.11223655939102173
flat,0.875,0.75,12,1,54,9,0.9402010863526592,eval,0.9165325,1.0,9,0.125,0.1665325164794922
flat,0.875,0.75,12,1,54,12,0.8399761650176906,eval,0.858257,1.0,9,0.125,0.108256995677948
flat,0.875,0.75,12,1,54,8,0.9561821589739987,eval,0.9227395,1.0,9,0.125,0.17273950576782227
flat,0.875,0.75,12,1,54,1,0.9444171936707009,eval,0.91817,1.0,9,0.125,0.16816997528076172
flat,0.875,0.75,12,1,55,9,0.8731461186690498,eval,0.88338786,1.0,9,0.125,0.13338786363601685
flat,0.875,0.75,12,1,55,12,0.7533676588110694,eval,0.7901476,1.0,9,0.125,0.040147602558135986
flat,0.875,0.75,12,1,55,8,0.8546588664055288,eval,0.86938983,1.0,9,0.125,0.11938983201980591
flat,0.875,0.75,12,1,55,1,0.7991630249101591,eval,0.82616127,1.0,9,0.125,0.07616126537322998
flat,0.925,0.75,13,1,56,9,0.8213926318410458,eval,0.8436428,1.0,9,0.17500000000000004,0.09364277124404907
flat,0.925,0.75,13,1,56,12,0.9853280959050975,eval,0.9339009,1.0,9,0.17500000000000004,0.1839008927345276
flat,0.925,0.75,13,1,56,8,0.7672800849317296,eval,0.80108833,1.0,9,0.17500000000000004,0.05108833312988281
flat,0.925,0.75,13,1,56,1,1.0670982022311917,eval,0.9623831,1.0,9,0.17500000000000004,0.21238309144973755
flat,0.925,0.75,13,1,57,9,0.7731111770249605,eval,0.80567396,1.0,9,0.17500000000000004,0.055673956871032715
flat,0.925,0.75,13,1,57,12,0.9812849420373864,eval,0.9324892,1.0,9,0.17500000000000004,0.18248921632766724
flat,0.925,0.75,13,1,57,8,0.9622951541761923,eval,0.92511374,1.0,9,0.17500000000000004,0.1751137375831604
flat,0.925,0.75,13,1,57,1,0.9976093788947765,eval,0.93817866,1.0,9,0.17500000000000004,0.1881786584854126
flat,0.975,0.75,14,1,58,9,0.8184410628627359,eval,0.8413216,1.0,9,0.22499999999999998,0.09132158756256104
flat,0.975,0.75,14,1,58,12,0.8706926297718663,eval,0.8815301,1.0,9,0.22499999999999998,0.13153010606765747
flat,0.975,0.75,14,1,58,8,0.8606259907898409,eval,0.87390804,1.0,9,0.22499999999999998,0.12390804290771484
flat,0.975,0.75,14,1,58,1,1.0593732662303268,eval,0.9596924,1.0,9,0.22499999999999998,0.20969241857528687
flat,0.975,0.75,14,1,59,9,0.9801033945130329,eval,0.9320304,1.0,9,0.22499999999999998,0.18203037977218628
flat,0.975,0.75,14,1,59,12,1.2222435678832566,eval,1.0164235,1.0,9,0.22499999999999998,0.26642346382141113
flat,0.975,0.75,14,1,59,8,0.8034054048241679,eval,0.8294975,1.0,9,0.22499999999999998,0.07949751615524292
flat,0.975,0.75,14,1,59,1,1.0914863981111027,eval,0.97087806,1.0,9,0.22499999999999998,0.22087806463241577
base,0.025,0.5,0,0,0,9,-0.002915150546776414,eval,0.16655104,0.0,10,-0.475,-0.33344896137714386
base,0.025,0.5,0,0,0,12,0.06907067447635609,eval,0.17213114,0.0,10,-0.475,-0.32786886394023895
base,0.025,0.5,0,0,0,8,0.07970956613393337,eval,0.17295583,0.0,10,-0.475,-0.32704417407512665
base,0.025,0.5,0,0,0,1,-0.018643524714322124,eval,0.16533183,0.0,10,-0.475,-0.3346681743860245
base,0.075,0.5,1,0,1,9,0.10314711025906223,eval,0.17477264,0.0,10,-0.425,-0.32522736489772797
base,0.075,0.5,1,0,1,12,0.10925153909534122,eval,0.17524582,0.0,10,-0.425,-0.32475417852401733
base,0.075,0.5,1,0,1,8,0.2513759069559374,eval,0.28371227,0.0,10,-0.425,-0.2162877321243286
base,0.075,0.5,1,0,1,1,-0.041980190777286416,eval,0.16352284,0.0,10,-0.425,-0.3364771604537964
base,0.125,0.5,2,0,2,9,0.2532481233683165,eval,0.28524244,0.0,10,-0.375,-0.21475756168365479
base,0.125,0.5,2,0,2,12,0.17239470669880136,eval,0.21916106,0.0,10,-0.375,-0.2808389365673065
base,0.125,0.5,2,0,2,8,0.07632387892071708,eval,0.17269339,0.0,10,-0.375,-0.3273066133260727
base,0.125,0.5,2,0,2,1,0.2989367877130134,eval,0.32258368,0.0,10,-0.375,-0.17741632461547852
base,0.175,0.5,3,0,3,9,0.2032451825285249,eval,0.2443751,0.0,10,-0.325,-0.2556249052286148
base,0.175,0.5,3,0,3,12,0.1482691568046723,eval,0.19944328,0.0,10,-0.325,-0.3005567193031311
base,0.175,0.5,3,0,3,8,0.18441541561970465,eval,0.22898555,0.0,10,-0.325,-0.2710144519805908
base,0.175,0.5,3,0,3,1,0.1254089271557848,eval,0.18075965,0.0,10,-0.325,-0.31924034655094147
base,0.225,0.5,4,0,4,9,0.3056019527170751,eval,0.32803112,0.0,10,-0.275,-0.17196887731552124
base,0.225,0.5,4,0,4,12,0.3438327862596402,eval,0.35927713,0.0,10,-0.275,-0.1407228708267212
base,0.225,0.5,4,0,4,8,0.15444720452789168,eval,0.20449258,0.0,10,-0.275,-0.29550741612911224
base,0.225,0.5,4,0,4,1,0.2578969629460202,eval,0.2890419,0.0,10,-0.275,-0.2109580934047699
base,0.275,0.5,5,0,5,9,0.15241172947768455,eval,0.20282899,0.0,10,-0.22499999999999998,-0.2971710115671158
base,0.275,0.5,5,0,5,12,0.24014279349858433,eval,0.27453145,0.0,10,-0.22499999999999998,-0.22546854615211487
base,0.275,0.5,5,0,5,8,0.15737429350797189,eval,0.20688489,0.0,10,-0.22499999999999998,-0.29311510920524597
base,0.275,0.5,5,0,5,1,0.24914274545260762,eval,0.2818871,0.0,10,-0.22499999999999998,-0.21811288595199585
base,0.325,0.5,6,0,6,9,0.32274678225324427,eval,0.34204355,0.0,10,-0.175,-0.15795645117759705
base,0.325,0.5,6,0,6,12,0.17876480748448073,eval,0.22436732,0.0,10,-0.175,-0.27563267946243286
base,0.325,0.5,6,0,6,8,0.2536892033263042,eval,0.28560293,0.0,10,-0.175,-0.21439707279205322
base,0.325,0.5,6,0,6,1,0.48334728788021225,eval,0.47330213,0.0,10,-0.175,-0.026697874069213867
base,0.375,0.5,7,0,7,9,0.3874211319304505,eval,0.3949018,0.0,10,-0.125,-0.1050981879234314
base,0.375,0.5,7,0,7,12,0.4599783613618451,eval,0.4542027,0.0,10,-0.125,-0.04579728841781616
base,0.375,0.5,7,0,7,8,0.3405001475914213,eval,0.35655335,0.0,10,-0.125,-0.1434466540813446
base,0.375,0.5,7,0,7,1,0.5070360987081839,eval,0.4926629,0.0,10,-0.125,-0.007337093353271484
base,0.425,0.5,8,0,8,9,0.5112246184619911,eval,0.49608624,0.0,10,-0.07500000000000001,-0.003913760185241699
base,0.425,0.5,8,0,8,12,0.6100702779951481,eval,0.5768726,1.0,10,-0.07500000000000001,0.07687258720397949
base,0.425,0.5,8,0,8,8,0.5605438028669814,eval,0.53639466,1.0,10,-0.07500000000000001,0.03639465570449829
base,0.425,0.5,8,0,8,1,0.4883352622824915,eval,0.47737873,0.0,10,-0.07500000000000001,-0.0226212739944458
base,0.475,0.5,9,0,9,9,0.4866060673431017,eval,0.4759655,0.0,10,-0.025000000000000022,-0.024034500122070312
base,0.475,0.5,9,0,9,12,0.3789848880709369,eval,0.3880069,0.0,10,-0.025000000000000022,-0.11199310421943665
base,0.475,0.5,9,0,9,8,0.4752211602573378,eval,0.46666068,0.0,10,-0.025000000000000022,-0.03333932161331177
base,0.475,0.5,9,0,9,1,0.2546490119353349,eval,0.28638738,0.0,10,-0.025000000000000022,-0.2136126160621643
base,0.525,0.5,10,1,10,9,0.6054078958119873,eval,0.573062,1.0,10,0.025000000000000022,0.073062002658844
base,0.525,0.5,10,1,10,12,0.5148368870407144,eval,0.49903852,0.0,10,0.025000000000000022,-0.0009614825248718262
base,0.525,0.5,10,1,10,8,0.44594551903321245,eval,0.4427337,0.0,10,0.025000000000000022,-0.057266294956207275
base,0.525,0.5,10,1,10,1,0.5302028974259887,eval,0.51159716,1.0,10,0.025000000000000022,0.011597156524658203
base,0.575,0.5,11,1,11,9,0.5245800752222866,eval,0.5070016,1.0,10,0.07499999999999996,0.0070015788078308105
base,0.575,0.5,11,1,11,12,0.5064557989281973,eval,0.4921887,0.0,10,0.07499999999999996,-0.007811307907104492
base,0.575,0.5,11,1,11,8,0.5891877828241733,eval,0.5598054,1.0,10,0.07499999999999996,0.05980539321899414
base,0.575,0.5,11,1,11,1,0.6433686190776534,eval,0.6040873,1.0,10,0.07499999999999996,0.10408729314804077
base,0.625,0.5,12,1,12,9,0.6607954906213157,eval,0.61833024,1.0,10,0.125,0.11833024024963379
base,0.625,0.5,12,1,12,12,0.5869416749872484,eval,0.5579696,1.0,10,0.125,0.057969629764556885
base,0.625,0.5,12,1,12,8,0.6467571355560034,eval,0.60685664,1.0,10,0.125,0.10685664415359497
base,0.625,0.5,12,1,12,1,0.7253961575842169,eval,0.6711283,1.0,10,0.125,0.1711282730102539
base,0.675,0.5,13,1,13,9,0.7164866401254424,eval,0.6638465,1.0,10,0.17500000000000004,0.16384649276733398
base,0.675,0.5,13,1,13,12,0.6796092971779658,eval,0.63370675,1.0,10,0.17500000000000004,0.13370674848556519
base,0.675,0.5,13,1,13,8,0.6073767944025039,eval,0.57467127,1.0,10,0.17500000000000004,0.07467126846313477
base,0.675,0.5,13,1,13,1,0.61320929552924,eval,0.5794381,1.0,10,0.17500000000000004,0.07943809032440186
base,0.725,0.5,14,1,14,9,0.6000224275413348,eval,0.5686605,1.0,10,0.22499999999999998,0.06866049766540527
base,0.725,0.5,14,1,14,12,0.6008191547218831,eval,0.5693117,1.0,10,0.22499999999999998,0.06931167840957642
base,0.725,0.5,14,1,14,8,0.8393233626629595,eval,0.7642408,1.0,10,0.22499999999999998,0.2642408013343811
base,0.725,0.5,14,1,14,1,0.9072011363328323,eval,0.81971717,1.0,10,0.22499999999999998,0.3197171688079834
base,0.775,0.5,15,1,15,9,0.7925538628567643,eval,0.72601616,1.0,10,0.275,0.22601616382598877
base,0.775,0.5,15,1,15,12,0.7472346328732713,eval,0.6889768,1.0,10,0.275,0.18897682428359985
base,0.775,0.5,15,1,15,8,0.586165110902335,eval,0.55733496,1.0,10,0.275,0.057334959506988525
base,0.775,0.5,15,1,15,1,0.6429569029986707,eval,0.6037508,1.0,10,0.275,0.10375082492828369
base,0.825,0.5,16,1,16,9,0.7929637473048593,eval,0.72635114,1.0,10,0.32499999999999996,0.22635114192962646
base,0.825,0.5,16,1,16,12,0.6784032613617612,eval,0.63272107,1.0,10,0.32499999999999996,0.13272106647491455
base,0.825,0.5,16,1,16,8,0.8036455371917013,eval,0.7350814,1.0,10,0.32499999999999996,0.23508137464523315
base,0.825,0.5,16,1,16,1,0.7588471978184781,eval,0.69846773,1.0,10,0.32499999999999996,0.19846773147583008
base,0.875,0.5,17,1,17,9,0.6845912051383966,eval,0.63777846,1.0,10,0.375,0.13777846097946167
base,0.875,0.5,17,1,17,12,0.8181772362058521,eval,0.7469581,1.0,10,0.375,0.24695807695388794
base,0.875,0.5,17,1,17,8,0.9415066065629245,eval,0.8477551,1.0,10,0.375,0.3477550745010376
base,0.875,0.5,17,1,17,1,0.9685049988114022,eval,0.8698207,1.0,10,0.375,0.3698207139968872
base,0.925,0.5,18,1,18,9,1.0208406680141398,eval,0.9125945,1.0,10,0.42500000000000004,0.4125944972038269
base,0.925,0.5,18,1,18,12,0.8063930346013513,eval,0.7373269,1.0,10,0.42500000000000004,0.23732692003250122
base,0.925,0.5,18,1,18,8,0.7911567480523145,eval,0.7248743,1.0,10,0.42500000000000004,0.2248743176460266
base,0.925,0.5,18,1,18,1,0.9299054613825312,eval,0.83827347,1.0,10,0.42500000000000004,0.33827346563339233
base,0.975,0.5,19,1,19,9,0.9388141319695699,eval,0.8455545,1.0,10,0.475,0.3455544710159302
base,0.975,0.5,19,1,19,12,0.8690939300539855,eval,0.78857225,1.0,10,0.475,0.2885722517967224
base,0.975,0.5,19,1,19,8,1.0111253748643376,eval,0.90465426,1.0,10,0.475,0.40465426445007324
base,0.975,0.5,19,1,19,1,1.1752392583645255,eval,1.0387844,1.0,10,0.475,0.538784384727478
curv,0.025,0.25,0,0,20,9,-0.06023900581258609,eval,0.16504867,0.0,10,-0.225,-0.08495132625102997
curv,0.025,0.25,0,0,20,12,-0.14699106806582,eval,0.15832394,0.0,10,-0.225,-0.09167605638504028
curv,0.025,0.25,0,0,20,8,0.1542893050193805,eval,0.18167819,0.0,10,-0.225,-0.06832180917263031
curv,0.025,0.25,0,0,20,1,0.04385191925124656,eval,0.17311746,0.0,10,-0.225,-0.07688254117965698
curv,0.025,0.25,0,0,21,9,-0.012731674369381461,eval,0.16873129,0.0,10,-0.225,-0.08126871287822723
curv,0.025,0.25,0,0,21,12,0.1469354588732634,eval,0.18110815,0.0,10,-0.225,-0.06889185309410095
curv,0.025,0.25,0,0,21,8,0.07036712642569681,eval,0.17517284,0.0,10,-0.225,-0.0748271644115448
curv,0.025,0.25,0,0,21,1,-0.03831940901922267,eval,0.16674781,0.0,10,-0.225,-0.0832521915435791
curv,0.075,0.25,1,0,22,9,0.08882003031483213,eval,0.17660324,0.0,10,-0.175,-0.07339675724506378
curv,0.075,0.25,1,0,22,12,0.12590590847395516,eval,0.179478,0.0,10,-0.175,-0.0705219954252243
curv,0.075,0.25,1,0,22,8,-0.09401599429769265,eval,0.1624304,0.0,10,-0.175,-0.08756959438323975
curv,0.075,0.25,1,0,22,1,0.03724364947671917,eval,0.17260522,0.0,10,-0.175,-0.07739478349685669
curv,0.075,0.25,1,0,23,9,0.22579094843471398,eval,0.18722077,0.0,10,-0.175,-0.06277923285961151
curv,0.075,0.25,1,0,23,12,-0.11674640434564944,eval,0.16066842,0.0,10,-0.175,-0.08933158218860626
curv,0.075,0.25,1,0,23,8,0.0021804972564751224,eval,0.16988723,0.0,10,-0.175,-0.0801127701997757
curv,0.075,0.25,1,0,23,1,-0.03411461176191956,eval,0.16707376,0.0,10,-0.175,-0.08292624354362488
curv,0.125,0.25,2,0,24,9,0.10840667969937974,eval,0.17812154,0.0,10,-0.125,-0.07187846302986145
curv,0.125,0.25,2,0,24,12,0.06531724059521243,eval,0.17478138,0.0,10,-0.125,-0.07521861791610718
curv,0.125,0.25,2,0,24,8,0.24823034025042634,eval,0.1889602,0.0,10,-0.125,-0.06103980541229248
curv,0.125,0.25,2,0,24,1,-0.002768016638660803,eval,0.16950363,0.0,10,-0.125,-0.08049637079238892
curv,0.125,0.25,2,0,25,9,0.17224074969585104,eval,0.18306974,0.0,10,-0.125,-0.06693026423454285
curv,0.125,0.25,2,0,25,12,0.0579561400096926,eval,0.17421077,0.0,10,-0.125,-0.07578922808170319
curv,0.125,0.25,2,0,25,8,0.15483352450652943,eval,0.18172038,0.0,10,-0.125,-0.06827962398529053
curv,0.125,0.25,2,0,25,1,0.18804114907682318,eval,0.18429452,0.0,10,-0.125,-0.06570547819137573
curv,0.175,0.25,3,0,26,9,0.31235793768977616,eval,0.21343824,0.0,10,-0.07500000000000001,-0.0365617573261261
curv,0.175,0.25,3,0,26,12,0.1059055871831403,eval,0.17792766,0.0,10,-0.07500000000000001,-0.0720723420381546
curv,0.175,0.25,3,0,26,8,0.17401410615100246,eval,0.1832072,0.0,10,-0.07500000000000001,-0.0667928010225296
curv,0.175,0.25,3,0,26,1,0.23311658124128057,eval,0.18778862,0.0,10,-0.07500000000000001,-0.062211379408836365
curv,0.175,0.25,3,0,27,9,0.22835505312737925,eval,0.18741953,0.0,10,-0.07500000000000001,-0.06258046627044678
curv,0.175,0.25,3,0,27,12,0.030311648744351605,eval,0.17206787,0.0,10,-0.07500000000000001,-0.07793213427066803
curv,0.175,0.25,3,0,27,8,0.219120059471549,eval,0.18670365,0.0,10,-0.07500000000000001,-0.0632963478565216
curv,0.175,0.25,3,0,27,1,0.30445588194411166,eval,0.20975274,0.0,10,-0.07500000000000001,-0.04024726152420044
curv,0.225,0.25,4,0,28,9,0.3318564157418792,eval,0.22253235,0.0,10,-0.024999999999999994,-0.027467653155326843
curv,0.225,0.25,4,0,28,12,0.30043857213684555,eval,0.20787904,0.0,10,-0.024999999999999994,-0.04212096333503723
curv,0.225,0.25,4,0,28,8,0.2971048950005876,eval,0.20632422,0.0,10,-0.024999999999999994,-0.043675780296325684
curv,0.225,0.25,4,0,28,1,0.1495394208740069,eval,0.18131,0.0,10,-0.024999999999999994,-0.06869000196456909
curv,0.225,0.25,4,0,29,9,0.17734901410490445,eval,0.1834657,0.0,10,-0.024999999999999994,-0.06653429567813873
curv,0.225,0.25,4,0,29,12,0.1854136214492001,eval,0.18409085,0.0,10,-0.024999999999999994,-0.06590914726257324
curv,0.225,0.25,4,0,29,8,0.15415347634020068,eval,0.18166767,0.0,10,-0.024999999999999994,-0.06833232939243317
curv,0.225,0.25,4,0,29,1,0.3939107452443673,eval,0.26974136,1.0,10,-0.024999999999999994,0.019741356372833252
curv,0.275,0.25,5,1,30,9,0.3521049326473978,eval,0.23557353,0.0,10,0.025000000000000022,-0.014426469802856445
curv,0.275,0.25,5,1,30,12,0.3218148909489514,eval,0.21784896,0.0,10,0.025000000000000022,-0.03215104341506958
curv,0.275,0.25,5,1,30,8,0.2459599919927045,eval,0.18878421,0.0,10,0.025000000000000022,-0.06121578812599182
curv,0.275,0.25,5,1,30,1,0.2462612292191334,eval,0.18880755,0.0,10,0.025000000000000022,-0.061192452907562256
curv,0.325,0.25,6,1,31,9,0.31920239999303074,eval,0.2166305,0.0,10,0.07500000000000001,-0.03336949646472931
curv,0.325,0.25,6,1,31,12,0.37767557651664274,eval,0.25647238,1.0,10,0.07500000000000001,0.006472378969192505
curv,0.325,0.25,6,1,31,8,0.339291364966682,eval,0.22599998,0.0,10,0.07500000000000001,-0.02400001883506775
curv,0.325,0.25,6,1,31,1,0.4824408278844587,eval,0.34209687,1.0,10,0.07500000000000001,0.09209686517715454
curv,0.375,0.25,7,1,32,9,0.48244112374891795,eval,0.3420971,1.0,10,0.125,0.09209710359573364
curv,0.375,0.25,7,1,32,12,0.5125445311670886,eval,0.36670056,1.0,10,0.125,0.11670055985450745
curv,0.375,0.25,7,1,32,8,0.3206042278212674,eval,0.2172843,0.0,10,0.125,-0.03271569311618805
curv,0.375,0.25,7,1,32,1,0.3317214152817403,eval,0.22246936,0.0,10,0.125,-0.027530640363693237
curv,0.425,0.25,8,1,33,9,0.32464404280078596,eval,0.21916847,0.0,10,0.175,-0.030831530690193176
curv,0.425,0.25,8,1,33,12,0.24351277222568563,eval,0.1885945,0.0,10,0.175,-0.061405494809150696
curv,0.425,0.25,8,1,33,8,0.4116548441462745,eval,0.28424358,1.0,10,0.175,0.03424358367919922
curv,0.425,0.25,8,1,33,1,0.3514516707657725,eval,0.23503962,0.0,10,0.175,-0.014960378408432007
curv,0.475,0.25,9,1,34,9,0.39704422467572553,eval,0.27230233,1.0,10,0.22499999999999998,0.022302329540252686
curv,0.475,0.25,9,1,34,12,0.6488602111424955,eval,0.4781112,1.0,10,0.22499999999999998,0.22811120748519897
curv,0.475,0.25,9,1,34,8,0.6047871761181993,eval,0.44209033,1.0,10,0.22499999999999998,0.19209033250808716
curv,0.475,0.25,9,1,34,1,0.49997853715586665,eval,0.3564304,1.0,10,0.22499999999999998,0.10643041133880615
curv,0.525,0.25,10,1,35,9,0.6518731572705383,eval,0.48057365,1.0,10,0.275,0.2305736541748047
curv,0.525,0.25,10,1,35,12,0.6518815273891231,eval,0.48058045,1.0,10,0.275,0.23058044910430908
curv,0.525,0.25,10,1,35,8,0.4282180135307945,eval,0.29778063,1.0,10,0.275,0.047780632972717285
curv,0.525,0.25,10,1,35,1,0.6281453084869473,eval,0.46118093,1.0,10,0.275,0.2111809253692627
curv,0.575,0.25,11,1,36,9,0.555391602743063,eval,0.4017194,1.0,10,0.32499999999999996,0.15171939134597778
curv,0.575,0.25,11,1,36,12,0.6323065992335506,eval,0.46458185,1.0,10,0.32499999999999996,0.21458184719085693
curv,0.575,0.25,11,1,36,8,0.767666270913514,eval,0.5752112,1.0,10,0.32499999999999996,0.32521122694015503
curv,0.575,0.25,11,1,36,1,0.5911009576715345,eval,0.43090457,1.0,10,0.32499999999999996,0.1809045672416687
curv,0.625,0.25,12,1,37,9,0.5891039353295531,eval,0.42927247,1.0,10,0.375,0.17927247285842896
curv,0.625,0.25,12,1,37,12,0.8633592229234116,eval,0.6534208,1.0,10,0.375,0.4034208059310913
curv,0.625,0.25,12,1,37,8,0.8129344377381986,eval,0.6122087,1.0,10,0.375,0.3622087240219116
curv,0.625,0.25,12,1,37,1,0.5664471175876663,eval,0.4107551,1.0,10,0.375,0.16075509786605835
curv,0.675,0.25,13,1,38,9,0.682757241935024,eval,0.50581515,1.0,10,0.42500000000000004,0.25581514835357666
curv,0.675,0.25,13,1,38,12,0.6954978597927232,eval,0.5162281,1.0,10,0.42500000000000004,0.2662280797958374
curv,0.675,0.25,13,1,38,8,0.503656056203569,eval,0.35943604,1.0,10,0.42500000000000004,0.10943603515625
curv,0.675,0.25,13,1,38,1,0.5408780285923331,eval,0.38985753,1.0,10,0.42500000000000004,0.13985753059387207
curv,0.725,0.25,14,1,39,9,0.6560502542647139,eval,0.48398757,1.0,10,0.475,0.23398756980895996
curv,0.725,0.25,14,1,39,12,0.8071478916070218,eval,0.60747945,1.0,10,0.475,0.357479453086853
curv,0.725,0.25,14,1,39,8,0.7108977334886978,eval,0.5288143,1.0,10,0.475,0.27881431579589844
curv,0.725,0.25,14,1,39,1,0.5848479785082572,eval,0.42579406,1.0,10,0.475,0.1757940649986267
flat,0.275,0.75,0,0,40,9,0.40819413685305606,eval,0.542344,0.0,10,-0.475,-0.20765602588653564
flat,0.275,0.75,0,0,40,12,0.20115860187320406,eval,0.37313414,0.0,10,-0.475,-0.37686586380004883
flat,0.275,0.75,0,0,40,8,0.30926915696456797,eval,0.46149272,0.0,10,-0.475,-0.28850728273391724
flat,0.275,0.75,0,0,40,1,0.3252682849874866,eval,0.47456878,0.0,10,-0.475,-0.27543121576309204
flat,0.325,0.75,1,0,41,9,0.20008373483240952,eval,0.37225565,0.0,10,-0.425,-0.3777443468570709
flat,0.325,0.75,1,0,41,12,0.4384357407951828,eval,0.5670604,0.0,10,-0.425,-0.1829395890235901
flat,0.325,0.75,1,0,41,8,0.24891289124935712,eval,0.41216362,0.0,10,-0.425,-0.3378363847732544
flat,0.325,0.75,1,0,41,1,0.4239713033285805,eval,0.5552386,0.0,10,-0.425,-0.19476139545440674
flat,0.375,0.75,2,0,42,9,0.3599402001639595,eval,0.5029061,0.0,10,-0.375,-0.24709391593933105
flat,0.375,0.75,2,0,42,12,0.39178259697224144,eval,0.52893084,0.0,10,-0.375,-0.22106915712356567
flat,0.375,0.75,2,0,42,8,0.3008919496315271,eval,0.45464605,0.0,10,-0.375,-0.2953539490699768
flat,0.375,0.75,2,0,42,1,0.3585705407374709,eval,0.50178665,0.0,10,-0.375,-0.24821335077285767
flat,0.425,0.75,3,0,43,9,0.45969527857023623,eval,0.58443576,0.0,10,-0.325,-0.16556423902511597
flat,0.425,0.75,3,0,43,12,0.37987998551439534,eval,0.5192028,0.0,10,-0.325,-0.2307971715927124
flat,0.425,0.75,3,0,43,8,0.40125843032654535,eval,0.5366754,0.0,10,-0.325,-0.21332460641860962
flat,0.425,0.75,3,0,43,1,0.3175635141771565,eval,0.46827167,0.0,10,-0.325,-0.2817283272743225
flat,0.475,0.75,4,0,44,9,0.46455529309334376,eval,0.5884078,0.0,10,-0.275,-0.16159218549728394
flat,0.475,0.75,4,0,44,12,0.6866939198315876,eval,0.7699614,1.0,10,-0.275,0.019961416721343994
flat,0.475,0.75,4,0,44,8,0.548917808711155,eval,0.6573572,0.0,10,-0.275,-0.09264278411865234
flat,0.475,0.75,4,0,44,1,0.5623042152621707,eval,0.6682979,0.0,10,-0.275,-0.08170211315155029
flat,0.525,0.75,5,0,45,9,0.4447712454632119,eval,0.5722384,0.0,10,-0.22499999999999998,-0.17776161432266235
flat,0.525,0.75,5,0,45,12,0.49452003354591684,eval,0.612898,0.0,10,-0.22499999999999998,-0.13710200786590576
flat,0.525,0.75,5,0,45,8,0.4738666161052906,eval,0.59601796,0.0,10,-0.22499999999999998,-0.1539820432662964
flat,0.525,0.75,5,0,45,1,0.39696060552854273,eval,0.53316283,0.0,10,-0.22499999999999998,-0.21683716773986816
flat,0.575,0.75,6,0,46,9,0.48816108032474786,eval,0.60770077,0.0,10,-0.17500000000000004,-0.14229923486709595
flat,0.575,0.75,6,0,46,12,0.5758861327608518,eval,0.67939836,0.0,10,-0.17500000000000004,-0.07060164213180542
flat,0.575,0.75,6,0,46,8,0.7576693811620117,eval,0.82796955,1.0,10,-0.17500000000000004,0.07796955108642578
flat,0.575,0.75,6,0,46,1,0.5036931904940727,eval,0.6203952,0.0,10,-0.17500000000000004,-0.12960481643676758
flat,0.625,0.75,7,0,47,9,0.6675394425820824,eval,0.7543065,1.0,10,-0.125,0.004306495189666748
flat,0.625,0.75,7,0,47,12,0.6052720042673871,eval,0.70341533,0.0,10,-0.125,-0.04658466577529907
flat,0.625,0.75,7,0,47,8,0.6539974002338532,eval,0.74323857,0.0,10,-0.125,-0.006761431694030762
flat,0.625,0.75,7,0,47,1,0.6871017853540099,eval,0.7702947,1.0,10,-0.125,0.02029472589492798
flat,0.675,0.75,8,0,48,9,0.57195195498333,eval,0.6761829,0.0,10,-0.07499999999999996,-0.07381707429885864
flat,0.675,0.75,8,0,48,12,0.5994329086763519,eval,0.698643,0.0,10,-0.07499999999999996,-0.0513569712638855
flat,0.675,0.75,8,0,48,8,0.6647424715916677,eval,0.7520205,1.0,10,-0.07499999999999996,0.0020204782485961914
flat,0.675,0.75,8,0,48,1,0.44998588264254086,eval,0.5765003,0.0,10,-0.07499999999999996,-0.1734997034072876
flat,0.725,0.75,9,0,49,9,0.789624270571504,eval,0.8540863,1.0,10,-0.025000000000000022,0.10408627986907959
flat,0.725,0.75,9,0,49,12,0.7781272400530428,eval,0.8446897,1.0,10,-0.025000000000000022,0.09468972682952881
flat,0.725,0.75,9,0,49,8,0.8699259685131457,eval,0.9197168,1.0,10,-0.025000000000000022,0.16971677541732788
flat,0.725,0.75,9,0,49,1,0.7636369597566306,eval,0.8328468,1.0,10,-0.025000000000000022,0.08284682035446167
flat,0.775,0.75,10,1,50,9,0.6225851636354708,eval,0.71756536,0.0,10,0.025000000000000022,-0.03243464231491089
flat,0.775,0.75,10,1,50,12,0.8488409603732732,eval,0.90248394,1.0,10,0.025000000000000022,0.15248394012451172
flat,0.775,0.75,10,1,50,8,0.8376281195060352,eval,0.8933197,1.0,10,0.025000000000000022,0.1433197259902954
flat,0.775,0.75,10,1,50,1,0.7168359163590498,eval,0.79459643,1.0,10,0.025000000000000022,0.04459643363952637
flat,0.775,0.75,10,1,51,9,0.7195016903283316,eval,0.79677516,1.0,10,0.025000000000000022,0.04677516222000122
flat,0.775,0.75,10,1,51,12,0.8104372527738726,eval,0.8710967,1.0,10,0.025000000000000022,0.121096670627594
flat,0.775,0.75,10,1,51,8,0.8119286775687574,eval,0.8723156,1.0,10,0.025000000000000022,0.12231558561325073
flat,0.775,0.75,10,1,51,1,0.7859279697477815,eval,0.8510652,1.0,10,0.025000000000000022,0.10106521844863892
flat,0.825,0.75,11,1,52,9,0.8286306022369746,eval,0.88596606,1.0,10,0.07499999999999996,0.13596606254577637
flat,0.825,0.75,11,1,52,12,0.5889421738555064,eval,0.690069,0.0,10,0.07499999999999996,-0.05993098020553589
flat,0.825,0.75,11,1,52,8,0.7918859617230475,eval,0.8559347,1.0,10,0.07499999999999996,0.10593467950820923
flat,0.825,0.75,11,1,52,1,0.8174298473779177,eval,0.8768117,1.0,10,0.07499999999999996,0.126811683177948
flat,0.825,0.75,11,1,53,9,0.6997848056555384,eval,0.7806605,1.0,10,0.07499999999999996,0.030660510063171387
flat,0.825,0.75,11,1,53,12,0.9257997003423085,eval,0.9653822,1.0,10,0.07499999999999996,0.21538221836090088
flat,0.825,0.75,11,1,53,8,1.006398561389275,eval,1.0312555,1.0,10,0.07499999999999996,0.28125548362731934
flat,0.825,0.75,11,1,53,1,0.8452114395043959,eval,0.8995176,1.0,10,0.07499999999999996,0.14951759576797485
flat,0.875,0.75,12,1,54,9,0.9402010863526592,eval,0.9771524,1.0,10,0.125,0.22715240716934204
flat,0.875,0.75,12,1,54,12,0.8399761650176906,eval,0.89523876,1.0,10,0.125,0.1452387571334839
flat,0.875,0.75,12,1,54,8,0.9561821589739987,eval,0.9902137,1.0,10,0.125,0.24021369218826294
flat,0.875,0.75,12,1,54,1,0.9444171936707009,eval,0.9805982,1.0,10,0.125,0.23059821128845215
flat,0.875,0.75,12,1,55,9,0.8731461186690498,eval,0.92234844,1.0,10,0.125,0.17234843969345093
flat,0.875,0.75,12,1,55,12,0.7533676588110694,eval,0.8244537,1.0,10,0.125,0.07445371150970459
flat,0.875,0.75,12,1,55,8,0.8546588664055288,eval,0.90723884,1.0,10,0.125,0.15723884105682373
flat,0.875,0.75,12,1,55,1,0.7991630249101591,eval,0.86188227,1.0,10,0.125,0.1118822693824768
flat,0.925,0.75,13,1,56,9,0.8213926318410458,eval,0.8800505,1.0,10,0.17500000000000004,0.13005048036575317
flat,0.925,0.75,13,1,56,12,0.9853280959050975,eval,1.0140346,1.0,10,0.17500000000000004,0.264034628868103
flat,0.925,0.75,13,1,56,8,0.7672800849317296,eval,0.8358243,1.0,10,0.17500000000000004,0.08582431077957153
flat,0.925,0.75,13,1,56,1,1.0670982022311917,eval,1.0808654,1.0,10,0.17500000000000004,0.33086538314819336
flat,0.925,0.75,13,1,57,9,0.7731111770249605,eval,0.84059,1.0,10,0.17500000000000004,0.09059000015258789
flat,0.925,0.75,13,1,57,12,0.9812849420373864,eval,1.0107301,1.0,10,0.17500000000000004,0.26073014736175537
flat,0.925,0.75,13,1,57,8,0.9622951541761923,eval,0.9952099,1.0,10,0.17500000000000004,0.24520987272262573
flat,0.925,0.75,13,1,57,1,0.9976093788947765,eval,1.0240722,1.0,10,0.17500000000000004,0.27407217025756836
flat,0.975,0.75,14,1,58,9,0.8184410628627359,eval,0.87763816,1.0,10,0.22499999999999998,0.12763816118240356
flat,0.975,0.75,14,1,58,12,0.8706926297718663,eval,0.9203432,1.0,10,0.22499999999999998,0.17034322023391724
flat,0.975,0.75,14,1,58,8,0.8606259907898409,eval,0.9121159,1.0,10,0.22499999999999998,0.16211587190628052
flat,0.975,0.75,14,1,58,1,1.0593732662303268,eval,1.0745517,1.0,10,0.22499999999999998,0.32455170154571533
flat,0.975,0.75,14,1,59,9,0.9801033945130329,eval,1.0097646,1.0,10,0.22499999999999998,0.25976455211639404
flat,0.975,0.75,14,1,59,12,1.2222435678832566,eval,1.2076653,1.0,10,0.22499999999999998,0.4576653242111206
flat,0.975,0.75,14,1,59,8,0.8034054048241679,eval,0.86534953,1.0,10,0.22499999999999998,0.11534953117370605
flat,0.975,0.75,14,1,59,1,1.0914863981111027,eval,1.1007978,1.0,10,0.22499999999999998,0.35079777240753174
base,0.025,0.5,0,0,0,9,-0.002915150546776414,eval,0.18100518,0.0,11,-0.475,-0.31899482011795044
base,0.025,0.5,0,0,0,12,0.06907067447635609,eval,0.21673733,0.0,11,-0.475,-0.2832626700401306
base,0.025,0.5,0,0,0,8,0.07970956613393337,eval,0.22356167,0.0,11,-0.475,-0.27643832564353943
base,0.025,0.5,0,0,0,1,-0.018643524714322124,eval,0.1767467,0.0,11,-0.475,-0.3232533037662506
base,0.075,0.5,1,0,1,9,0.10314711025906223,eval,0.23859566,0.0,11,-0.425,-0.2614043354988098
base,0.075,0.5,1,0,1,12,0.10925153909534122,eval,0.24251133,0.0,11,-0.425,-0.2574886679649353
base,0.075,0.5,1,0,1,8,0.2513759069559374,eval,0.33367696,0.0,11,-0.425,-0.16632303595542908
base,0.075,0.5,1,0,1,1,-0.041980190777286416,eval,0.17042825,0.0,11,-0.425,-0.32957175374031067
base,0.125,0.5,2,0,2,9,0.2532481233683165,eval,0.33489934,0.0,11,-0.375,-0.16510066390037537
base,0.125,0.5,2,0,2,12,0.17239470669880136,eval,0.2830145,0.0,11,-0.375,-0.21698549389839172
base,0.125,0.5,2,0,2,8,0.07632387892071708,eval,0.22138992,0.0,11,-0.375,-0.27861008048057556
base,0.125,0.5,2,0,2,1,0.2989367877130134,eval,0.36653754,0.0,11,-0.375,-0.13346245884895325
base,0.175,0.5,3,0,3,9,0.2032451825285249,eval,0.30280355,0.0,11,-0.325,-0.19719645380973816
base,0.175,0.5,3,0,3,12,0.1482691568046723,eval,0.26753917,0.0,11,-0.325,-0.23246082663536072
base,0.175,0.5,3,0,3,8,0.18441541561970465,eval,0.2907252,0.0,11,-0.325,-0.2092747986316681
base,0.175,0.5,3,0,3,1,0.1254089271557848,eval,0.2528755,0.0,11,-0.325,-0.24712449312210083
base,0.225,0.5,4,0,4,9,0.3056019527170751,eval,0.37115306,0.0,11,-0.275,-0.1288469433784485
base,0.225,0.5,4,0,4,12,0.3438327862596402,eval,0.3976269,0.0,11,-0.275,-0.10237309336662292
base,0.225,0.5,4,0,4,8,0.15444720452789168,eval,0.27150208,0.0,11,-0.275,-0.2284979224205017
base,0.225,0.5,4,0,4,1,0.2578969629460202,eval,0.33811855,0.0,11,-0.275,-0.1618814468383789
base,0.275,0.5,5,0,5,9,0.15241172947768455,eval,0.27019644,0.0,11,-0.22499999999999998,-0.22980356216430664
base,0.275,0.5,5,0,5,12,0.24014279349858433,eval,0.32647148,0.0,11,-0.22499999999999998,-0.1735285222530365
base,0.275,0.5,5,0,5,8,0.15737429350797189,eval,0.27337968,0.0,11,-0.22499999999999998,-0.22662031650543213
base,0.275,0.5,5,0,5,1,0.24914274545260762,eval,0.33224452,0.0,11,-0.22499999999999998,-0.16775548458099365
base,0.325,0.5,6,0,6,9,0.32274678225324427,eval,0.3830254,0.0,11,-0.175,-0.1169745922088623
base,0.325,0.5,6,0,6,12,0.17876480748448073,eval,0.28710058,0.0,11,-0.175,-0.21289941668510437
base,0.325,0.5,6,0,6,8,0.2536892033263042,eval,0.33520475,0.0,11,-0.175,-0.16479524970054626
base,0.325,0.5,6,0,6,1,0.48334728788021225,eval,0.49423727,0.0,11,-0.175,-0.005762726068496704
base,0.375,0.5,7,0,7,9,0.3874211319304505,eval,0.42781076,0.0,11,-0.125,-0.07218924164772034
base,0.375,0.5,7,0,7,12,0.4599783613618451,eval,0.47805485,0.0,11,-0.125,-0.021945148706436157
base,0.375,0.5,7,0,7,8,0.3405001475914213,eval,0.39531922,0.0,11,-0.125,-0.10468077659606934
base,0.375,0.5,7,0,7,1,0.5070360987081839,eval,0.5106411,1.0,11,-0.125,0.010641098022460938
base,0.425,0.5,8,0,8,9,0.5112246184619911,eval,0.5135416,1.0,11,-0.07500000000000001,0.013541579246520996
base,0.425,0.5,8,0,8,12,0.6100702779951481,eval,0.58198977,1.0,11,-0.07500000000000001,0.08198976516723633
base,0.425,0.5,8,0,8,8,0.5605438028669814,eval,0.54769385,1.0,11,-0.07500000000000001,0.047693848609924316
base,0.425,0.5,8,0,8,1,0.4883352622824915,eval,0.4976913,0.0,11,-0.07500000000000001,-0.0023086965084075928
base,0.475,0.5,9,0,9,9,0.4866060673431017,eval,0.49649385,0.0,11,-0.025000000000000022,-0.0035061538219451904
base,0.475,0.5,9,0,9,12,0.3789848880709369,eval,0.42196897,0.0,11,-0.025000000000000022,-0.0780310332775116
base,0.475,0.5,9,0,9,8,0.4752211602573378,eval,0.48861012,0.0,11,-0.025000000000000022,-0.011389881372451782
base,0.475,0.5,9,0,9,1,0.2546490119353349,eval,0.3358694,0.0,11,-0.025000000000000022,-0.16413059830665588
base,0.525,0.5,10,1,10,9,0.6054078958119873,eval,0.5787612,1.0,11,0.025000000000000022,0.07876121997833252
base,0.525,0.5,10,1,10,12,0.5148368870407144,eval,0.51604307,1.0,11,0.025000000000000022,0.01604306697845459
base,0.525,0.5,10,1,10,8,0.44594551903321245,eval,0.46833745,0.0,11,0.025000000000000022,-0.031662553548812866
base,0.525,0.5,10,1,10,1,0.5302028974259887,eval,0.52668357,1.0,11,0.025000000000000022,0.026683568954467773
base,0.575,0.5,11,1,11,9,0.5245800752222866,eval,0.52278996,1.0,11,0.07499999999999996,0.022789955139160156
base,0.575,0.5,11,1,11,12,0.5064557989281973,eval,0.51023924,1.0,11,0.07499999999999996,0.010239243507385254
base,0.575,0.5,11,1,11,8,0.5891877828241733,eval,0.5675291,1.0,11,0.07499999999999996,0.06752908229827881
base,0.575,0.5,11,1,11,1,0.6433686190776534,eval,0.60504806,1.0,11,0.07499999999999996,0.10504806041717529
base,0.625,0.5,12,1,12,9,0.6607954906213157,eval,0.61711574,1.0,11,0.125,0.11711573600769043
base,0.625,0.5,12,1,12,12,0.5869416749872484,eval,0.56597376,1.0,11,0.125,0.06597375869750977
base,0.625,0.5,12,1,12,8,0.6467571355560034,eval,0.60739446,1.0,11,0.125,0.10739445686340332
base,0.625,0.5,12,1,12,1,0.7253961575842169,eval,0.66185,1.0,11,0.125,0.1618499755859375
base,0.675,0.5,13,1,13,9,0.7164866401254424,eval,0.6556804,1.0,11,0.17500000000000004,0.15568041801452637
base,0.675,0.5,13,1,13,12,0.6796092971779658,eval,0.63014376,1.0,11,0.17500000000000004,0.13014376163482666
base,0.675,0.5,13,1,13,8,0.6073767944025039,eval,0.5801246,1.0,11,0.17500000000000004,0.0801246166229248
base,0.675,0.5,13,1,13,1,0.61320929552924,eval,0.5841634,1.0,11,0.17500000000000004,0.08416342735290527
base,0.725,0.5,14,1,14,9,0.6000224275413348,eval,0.5750319,1.0,11,0.22499999999999998,0.07503187656402588
base,0.725,0.5,14,1,14,12,0.6008191547218831,eval,0.5755836,1.0,11,0.22499999999999998,0.0755835771560669
base,0.725,0.5,14,1,14,8,0.8393233626629595,eval,0.7407417,1.0,11,0.22499999999999998,0.24074172973632812
base,0.725,0.5,14,1,14,1,0.9072011363328323,eval,0.78774536,1.0,11,0.22499999999999998,0.2877453565597534
base,0.775,0.5,15,1,15,9,0.7925538628567643,eval,0.70835507,1.0,11,0.275,0.20835506916046143
base,0.775,0.5,15,1,15,12,0.7472346328732713,eval,0.6769726,1.0,11,0.275,0.1769726276397705
base,0.775,0.5,15,1,15,8,0.586165110902335,eval,0.565436,1.0,11,0.275,0.06543600559234619
base,0.775,0.5,15,1,15,1,0.6429569029986707,eval,0.6047629,1.0,11,0.275,0.10476291179656982
base,0.825,0.5,16,1,16,9,0.7929637473048593,eval,0.7086389,1.0,11,0.32499999999999996,0.20863890647888184
base,0.825,0.5,16,1,16,12,0.6784032613617612,eval,0.6293087,1.0,11,0.32499999999999996,0.12930870056152344
base,0.825,0.5,16,1,16,8,0.8036455371917013,eval,0.71603584,1.0,11,0.32499999999999996,0.2160358428955078
base,0.825,0.5,16,1,16,1,0.7588471978184781,eval,0.685014,1.0,11,0.32499999999999996,0.185014009475708
base,0.875,0.5,17,1,17,9,0.6845912051383966,eval,0.6335937,1.0,11,0.375,0.13359367847442627
base,0.875,0.5,17,1,17,12,0.8181772362058521,eval,0.72609866,1.0,11,0.375,0.2260986566543579
base,0.875,0.5,17,1,17,8,0.9415066065629245,eval,0.81150115,1.0,11,0.375,0.311501145362854
base,0.875,0.5,17,1,17,1,0.9685049988114022,eval,0.83019686,1.0,11,0.375,0.3301968574523926
base,0.925,0.5,18,1,18,9,1.0208406680141398,eval,0.86643803,1.0,11,0.42500000000000004,0.36643803119659424
base,0.925,0.5,18,1,18,12,0.8063930346013513,eval,0.7179383,1.0,11,0.42500000000000004,0.21793830394744873
base,0.925,0.5,18,1,18,8,0.7911567480523145,eval,0.70738757,1.0,11,0.42500000000000004,0.20738756656646729
base,0.925,0.5,18,1,18,1,0.9299054613825312,eval,0.80346763,1.0,11,0.42500000000000004,0.30346763134002686
base,0.975,0.5,19,1,19,9,0.9388141319695699,eval,0.8096366,1.0,11,0.475,0.30963659286499023
base,0.975,0.5,19,1,19,12,0.8690939300539855,eval,0.7613572,1.0,11,0.475,0.2613571882247925
base,0.975,0.5,19,1,19,8,1.0111253748643376,eval,0.85971034,1.0,11,0.475,0.35971033573150635
base,0.975,0.5,19,1,19,1,1.1752392583645255,eval,0.97335505,1.0,11,0.475,0.4733550548553467
curv,0.025,0.25,0,0,20,9,-0.06023900581258609,eval,0.09757005,0.0,11,-0.225,-0.1524299532175064
curv,0.025,0.25,0,0,20,12,-0.14699106806582,eval,0.07408172,0.0,11,-0.225,-0.17591828107833862
curv,0.025,0.25,0,0,20,8,0.1542893050193805,eval,0.19400114,0.0,11,-0.225,-0.05599886178970337
curv,0.025,0.25,0,0,20,1,0.04385191925124656,eval,0.13013989,0.0,11,-0.225,-0.11986011266708374
curv,0.025,0.25,0,0,21,9,-0.012731674369381461,eval,0.111932546,0.0,11,-0.225,-0.13806745409965515
curv,0.025,0.25,0,0,21,12,0.1469354588732634,eval,0.18890879,0.0,11,-0.225,-0.061091214418411255
curv,0.025,0.25,0,0,21,8,0.07036712642569681,eval,0.13867189,0.0,11,-0.225,-0.1113281100988388
curv,0.025,0.25,0,0,21,1,-0.03831940901922267,eval,0.10369897,0.0,11,-0.225,-0.1463010311126709
curv,0.075,0.25,1,0,22,9,0.08882003031483213,eval,0.14866531,0.0,11,-0.175,-0.10133469104766846
curv,0.075,0.25,1,0,22,12,0.12590590847395516,eval,0.17434633,0.0,11,-0.175,-0.07565367221832275
curv,0.075,0.25,1,0,22,8,-0.09401599429769265,eval,0.08842486,0.0,11,-0.175,-0.16157513856887817
curv,0.075,0.25,1,0,22,1,0.03724364947671917,eval,0.12801349,0.0,11,-0.175,-0.1219865083694458
curv,0.075,0.25,1,0,23,9,0.22579094843471398,eval,0.24351424,0.0,11,-0.175,-0.00648576021194458
curv,0.075,0.25,1,0,23,12,-0.11674640434564944,eval,0.08227056,0.0,11,-0.175,-0.1677294373512268
curv,0.075,0.25,1,0,23,8,0.0021804972564751224,eval,0.11673094,0.0,11,-0.175,-0.1332690566778183
curv,0.075,0.25,1,0,23,1,-0.03411461176191956,eval,0.10505198,0.0,11,-0.175,-0.14494802057743073
curv,0.125,0.25,2,0,24,9,0.10840667969937974,eval,0.16222855,0.0,11,-0.125,-0.0877714455127716
curv,0.125,0.25,2,0,24,12,0.06531724059521243,eval,0.13704696,0.0,11,-0.125,-0.11295303702354431
curv,0.125,0.25,2,0,24,8,0.24823034025042634,eval,0.25905296,1.0,11,-0.125,0.009052962064743042
curv,0.125,0.25,2,0,24,1,-0.002768016638660803,eval,0.115138635,0.0,11,-0.125,-0.13486136496067047
curv,0.125,0.25,2,0,25,9,0.17224074969585104,eval,0.20643207,0.0,11,-0.125,-0.043567925691604614
curv,0.125,0.25,2,0,25,12,0.0579561400096926,eval,0.13467833,0.0,11,-0.125,-0.11532166600227356
curv,0.125,0.25,2,0,25,8,0.15483352450652943,eval,0.19437799,0.0,11,-0.125,-0.05562201142311096
curv,0.125,0.25,2,0,25,1,0.18804114907682318,eval,0.21737346,0.0,11,-0.125,-0.03262653946876526
curv,0.175,0.25,3,0,26,9,0.31235793768977616,eval,0.30345973,1.0,11,-0.07500000000000001,0.053459733724594116
curv,0.175,0.25,3,0,26,12,0.1059055871831403,eval,0.16049662,0.0,11,-0.07500000000000001,-0.08950337767601013
curv,0.175,0.25,3,0,26,8,0.17401410615100246,eval,0.20766008,0.0,11,-0.07500000000000001,-0.04233992099761963
curv,0.175,0.25,3,0,26,1,0.23311658124128057,eval,0.24858707,0.0,11,-0.07500000000000001,-0.0014129281044006348
curv,0.175,0.25,3,0,27,9,0.22835505312737925,eval,0.2452898,0.0,11,-0.07500000000000001,-0.004710197448730469
curv,0.175,0.25,3,0,27,12,0.030311648744351605,eval,0.12578294,0.0,11,-0.07500000000000001,-0.12421706318855286
curv,0.175,0.25,3,0,27,8,0.219120059471549,eval,0.23889482,0.0,11,-0.07500000000000001,-0.011105179786682129
curv,0.175,0.25,3,0,27,1,0.30445588194411166,eval,0.29798773,1.0,11,-0.07500000000000001,0.04798772931098938
curv,0.225,0.25,4,0,28,9,0.3318564157418792,eval,0.3169619,1.0,11,-0.024999999999999994,0.06696191430091858
curv,0.225,0.25,4,0,28,12,0.30043857213684555,eval,0.29520586,1.0,11,-0.024999999999999994,0.04520586133003235
curv,0.225,0.25,4,0,28,8,0.2971048950005876,eval,0.29289737,1.0,11,-0.024999999999999994,0.04289737343788147
curv,0.225,0.25,4,0,28,1,0.1495394208740069,eval,0.19071198,0.0,11,-0.024999999999999994,-0.05928802490234375
curv,0.225,0.25,4,0,29,9,0.17734901410490445,eval,0.2099694,0.0,11,-0.024999999999999994,-0.040030598640441895
curv,0.225,0.25,4,0,29,12,0.1854136214492001,eval,0.21555394,0.0,11,-0.024999999999999994,-0.03444606065750122
curv,0.225,0.25,4,0,29,8,0.15415347634020068,eval,0.19390711,0.0,11,-0.024999999999999994,-0.05609288811683655
curv,0.225,0.25,4,0,29,1,0.3939107452443673,eval,0.359933,1.0,11,-0.024999999999999994,0.10993298888206482
curv,0.275,0.25,5,1,30,9,0.3521049326473978,eval,0.33098352,1.0,11,0.025000000000000022,0.08098351955413818
curv,0.275,0.25,5,1,30,12,0.3218148909489514,eval,0.31000844,1.0,11,0.025000000000000022,0.06000843644142151
curv,0.275,0.25,5,1,30,8,0.2459599919927045,eval,0.2574808,1.0,11,0.025000000000000022,0.007480800151824951
curv,0.275,0.25,5,1,30,1,0.2462612292191334,eval,0.25768942,1.0,11,0.025000000000000022,0.007689416408538818
curv,0.325,0.25,6,1,31,9,0.31920239999303074,eval,0.30819932,1.0,11,0.07500000000000001,0.05819931626319885
curv,0.325,0.25,6,1,31,12,0.37767557651664274,eval,0.34869054,1.0,11,0.07500000000000001,0.09869053959846497
curv,0.325,0.25,6,1,31,8,0.339291364966682,eval,0.32211044,1.0,11,0.07500000000000001,0.07211044430732727
curv,0.325,0.25,6,1,31,1,0.4824408278844587,eval,0.42123786,1.0,11,0.07500000000000001,0.17123785614967346
curv,0.375,0.25,7,1,32,9,0.48244112374891795,eval,0.4212381,1.0,11,0.125,0.17123809456825256
curv,0.375,0.25,7,1,32,12,0.5125445311670886,eval,0.44208393,1.0,11,0.125,0.1920839250087738
curv,0.375,0.25,7,1,32,8,0.3206042278212674,eval,0.3091701,1.0,11,0.125,0.05917009711265564
curv,0.375,0.25,7,1,32,1,0.3317214152817403,eval,0.31686842,1.0,11,0.125,0.06686842441558838
curv,0.425,0.25,8,1,33,9,0.32464404280078596,eval,0.31196752,1.0,11,0.175,0.06196752190589905
curv,0.425,0.25,8,1,33,12,0.24351277222568563,eval,0.25578615,1.0,11,0.175,0.005786150693893433
curv,0.425,0.25,8,1,33,8,0.4116548441462745,eval,0.3722203,1.0,11,0.175,0.12222030758857727
curv,0.425,0.25,8,1,33,1,0.3514516707657725,eval,0.33053115,1.0,11,0.175,0.08053115010261536
curv,0.475,0.25,9,1,34,9,0.39704422467572553,eval,0.36210287,1.0,11,0.22499999999999998,0.11210286617279053
curv,0.475,0.25,9,1,34,12,0.6488602111424955,eval,0.5364791,1.0,11,0.22499999999999998,0.286479115486145
curv,0.475,0.25,9,1,34,8,0.6047871761181993,eval,0.50595975,1.0,11,0.22499999999999998,0.25595974922180176
curv,0.475,0.25,9,1,34,1,0.49997853715586665,eval,0.4333823,1.0,11,0.22499999999999998,0.1833823025226593
curv,0.525,0.25,10,1,35,9,0.6518731572705383,eval,0.5385655,1.0,11,0.275,0.2885655164718628
curv,0.525,0.25,10,1,35,12,0.6518815273891231,eval,0.53857136,1.0,11,0.275,0.2885713577270508
curv,0.525,0.25,10,1,35,8,0.4282180135307945,eval,0.3836899,1.0,11,0.275,0.13368991017341614
curv,0.525,0.25,10,1,35,1,0.6281453084869473,eval,0.52213454,1.0,11,0.275,0.27213454246520996
curv,0.575,0.25,11,1,36,9,0.555391602743063,eval,0.47175446,1.0,11,0.32499999999999996,0.22175446152687073
curv,0.575,0.25,11,1,36,12,0.6323065992335506,eval,0.52501607,1.0,11,0.32499999999999996,0.27501606941223145
curv,0.575,0.25,11,1,36,8,0.767666270913514,eval,0.6187494,1.0,11,0.32499999999999996,0.36874938011169434
curv,0.575,0.25,11,1,36,1,0.5911009576715345,eval,0.49648228,1.0,11,0.32499999999999996,0.24648228287696838
curv,0.625,0.25,12,1,37,9,0.5891039353295531,eval,0.49509946,1.0,11,0.375,0.24509945511817932
curv,0.625,0.25,12,1,37,12,0.8633592229234116,eval,0.68501425,1.0,11,0.375,0.4350142478942871
curv,0.625,0.25,12,1,37,8,0.8129344377381986,eval,0.6500964,1.0,11,0.375,0.40009641647338867
curv,0.625,0.25,12,1,37,1,0.5664471175876663,eval,0.47941014,1.0,11,0.375,0.22941014170646667
curv,0.675,0.25,13,1,38,9,0.682757241935024,eval,0.559952,1.0,11,0.42500000000000004,0.3099520206451416
curv,0.675,0.25,13,1,38,12,0.6954978597927232,eval,0.5687746,1.0,11,0.42500000000000004,0.31877458095550537
curv,0.675,0.25,13,1,38,8,0.503656056203569,eval,0.43592885,1.0,11,0.42500000000000004,0.1859288513660431
curv,0.675,0.25,13,1,38,1,0.5408780285923331,eval,0.46170422,1.0,11,0.42500000000000004,0.21170422434806824
curv,0.725,0.25,14,1,39,9,0.6560502542647139,eval,0.54145813,1.0,11,0.475,0.2914581298828125
curv,0.725,0.25,14,1,39,12,0.8071478916070218,eval,0.64608943,1.0,11,0.475,0.39608943462371826
curv,0.725,0.25,14,1,39,8,0.7108977334886978,eval,0.57943857,1.0,11,0.475,0.32943856716156006
curv,0.725,0.25,14,1,39,1,0.5848479785082572,eval,0.49215224,1.0,11,0.475,0.24215224385261536
flat,0.275,0.75,0,0,40,9,0.40819413685305606,eval,0.52168965,0.0,11,-0.475,-0.22831034660339355
flat,0.275,0.75,0,0,40,12,0.20115860187320406,eval,0.38888684,0.0,11,-0.475,-0.36111316084861755
flat,0.275,0.75,0,0,40,8,0.30926915696456797,eval,0.45823428,0.0,11,-0.475,-0.2917657196521759
flat,0.275,0.75,0,0,40,1,0.3252682849874866,eval,0.46849695,0.0,11,-0.475,-0.2815030515193939
flat,0.325,0.75,1,0,41,9,0.20008373483240952,eval,0.3881973,0.0,11,-0.425,-0.36180269718170166
flat,0.325,0.75,1,0,41,12,0.4384357407951828,eval,0.5410881,0.0,11,-0.425,-0.20891189575195312
flat,0.325,0.75,1,0,41,8,0.24891289124935712,eval,0.4195188,0.0,11,-0.425,-0.3304812014102936
flat,0.325,0.75,1,0,41,1,0.4239713033285805,eval,0.5318099,0.0,11,-0.425,-0.21819007396697998
flat,0.375,0.75,2,0,42,9,0.3599402001639595,eval,0.49073723,0.0,11,-0.375,-0.2592627704143524
flat,0.375,0.75,2,0,42,12,0.39178259697224144,eval,0.5111625,0.0,11,-0.375,-0.23883748054504395
flat,0.375,0.75,2,0,42,8,0.3008919496315271,eval,0.45286068,0.0,11,-0.375,-0.29713931679725647
flat,0.375,0.75,2,0,42,1,0.3585705407374709,eval,0.48985866,0.0,11,-0.375,-0.2601413428783417
flat,0.425,0.75,3,0,43,9,0.45969527857023623,eval,0.55472505,0.0,11,-0.325,-0.1952749490737915
flat,0.425,0.75,3,0,43,12,0.37987998551439534,eval,0.5035275,0.0,11,-0.325,-0.24647247791290283
flat,0.425,0.75,3,0,43,8,0.40125843032654535,eval,0.51724076,0.0,11,-0.325,-0.2327592372894287
flat,0.425,0.75,3,0,43,1,0.3175635141771565,eval,0.4635547,0.0,11,-0.325,-0.286445289850235
flat,0.475,0.75,4,0,44,9,0.46455529309334376,eval,0.5578425,0.0,11,-0.275,-0.19215750694274902
flat,0.475,0.75,4,0,44,12,0.6866939198315876,eval,0.7074213,0.0,11,-0.275,-0.042578697204589844
flat,0.475,0.75,4,0,44,8,0.548917808711155,eval,0.6120149,0.0,11,-0.275,-0.13798511028289795
flat,0.475,0.75,4,0,44,1,0.5623042152621707,eval,0.6212846,0.0,11,-0.275,-0.1287153959274292
flat,0.525,0.75,5,0,45,9,0.4447712454632119,eval,0.54515207,0.0,11,-0.22499999999999998,-0.20484793186187744
flat,0.525,0.75,5,0,45,12,0.49452003354591684,eval,0.57706344,0.0,11,-0.22499999999999998,-0.1729365587234497
flat,0.525,0.75,5,0,45,8,0.4738666161052906,eval,0.56381524,0.0,11,-0.22499999999999998,-0.18618476390838623
flat,0.525,0.75,5,0,45,1,0.39696060552854273,eval,0.5144839,0.0,11,-0.22499999999999998,-0.23551607131958008
flat,0.575,0.75,6,0,46,9,0.48816108032474786,eval,0.57298446,0.0,11,-0.17500000000000004,-0.1770155429840088
flat,0.575,0.75,6,0,46,12,0.5758861327608518,eval,0.63068974,0.0,11,-0.17500000000000004,-0.11931025981903076
flat,0.575,0.75,6,0,46,8,0.7576693811620117,eval,0.7565701,1.0,11,-0.17500000000000004,0.006570100784301758
flat,0.575,0.75,6,0,46,1,0.5036931904940727,eval,0.5829475,0.0,11,-0.17500000000000004,-0.1670525074005127
flat,0.625,0.75,7,0,47,9,0.6675394425820824,eval,0.6941575,0.0,11,-0.125,-0.05584251880645752
flat,0.625,0.75,7,0,47,12,0.6052720042673871,eval,0.65103877,0.0,11,-0.125,-0.0989612340927124
flat,0.625,0.75,7,0,47,8,0.6539974002338532,eval,0.6847799,0.0,11,-0.125,-0.06522011756896973
flat,0.625,0.75,7,0,47,1,0.6871017853540099,eval,0.7077038,0.0,11,-0.125,-0.04229617118835449
flat,0.675,0.75,8,0,48,9,0.57195195498333,eval,0.62796545,0.0,11,-0.07499999999999996,-0.12203454971313477
flat,0.675,0.75,8,0,48,12,0.5994329086763519,eval,0.6469953,0.0,11,-0.07499999999999996,-0.10300469398498535
flat,0.675,0.75,8,0,48,8,0.6647424715916677,eval,0.69222057,0.0,11,-0.07499999999999996,-0.05777943134307861
flat,0.675,0.75,8,0,48,1,0.44998588264254086,eval,0.54849696,0.0,11,-0.07499999999999996,-0.20150303840637207
flat,0.725,0.75,9,0,49,9,0.789624270571504,eval,0.7786981,1.0,11,-0.025000000000000022,0.028698086738586426
flat,0.725,0.75,9,0,49,12,0.7781272400530428,eval,0.7707367,1.0,11,-0.025000000000000022,0.0207366943359375
flat,0.725,0.75,9,0,49,8,0.8699259685131457,eval,0.8343049,1.0,11,-0.025000000000000022,0.08430492877960205
flat,0.725,0.75,9,0,49,1,0.7636369597566306,eval,0.7607025,1.0,11,-0.025000000000000022,0.01070249080657959
flat,0.775,0.75,10,1,50,9,0.6225851636354708,eval,0.66302764,0.0,11,0.025000000000000022,-0.08697235584259033
flat,0.775,0.75,10,1,50,12,0.8488409603732732,eval,0.8197042,1.0,11,0.025000000000000022,0.06970417499542236
flat,0.775,0.75,10,1,50,8,0.8376281195060352,eval,0.8119395,1.0,11,0.025000000000000022,0.06193947792053223
flat,0.775,0.75,10,1,50,1,0.7168359163590498,eval,0.7282939,0.0,11,0.025000000000000022,-0.021706104278564453
flat,0.775,0.75,10,1,51,9,0.7195016903283316,eval,0.73013985,0.0,11,0.025000000000000022,-0.019860148429870605
flat,0.775,0.75,10,1,51,12,0.8104372527738726,eval,0.7931105,1.0,11,0.025000000000000022,0.04311048984527588
flat,0.775,0.75,10,1,51,8,0.8119286775687574,eval,0.7941433,1.0,11,0.025000000000000022,0.04414331912994385
flat,0.775,0.75,10,1,51,1,0.7859279697477815,eval,0.7761384,1.0,11,0.025000000000000022,0.02613842487335205
flat,0.825,0.75,11,1,52,9,0.8286306022369746,eval,0.8057089,1.0,11,0.07499999999999996,0.055708885192871094
flat,0.825,0.75,11,1,52,12,0.5889421738555064,eval,0.6397307,0.0,11,0.07499999999999996,-0.11026930809020996
flat,0.825,0.75,11,1,52,8,0.7918859617230475,eval,0.78026426,1.0,11,0.07499999999999996,0.03026425838470459
flat,0.825,0.75,11,1,52,1,0.8174298473779177,eval,0.7979528,1.0,11,0.07499999999999996,0.04795277118682861
flat,0.825,0.75,11,1,53,9,0.6997848056555384,eval,0.7164866,0.0,11,0.07499999999999996,-0.033513426780700684
flat,0.825,0.75,11,1,53,12,0.9257997003423085,eval,0.8729961,1.0,11,0.07499999999999996,0.12299609184265137
flat,0.825,0.75,11,1,53,8,1.006398561389275,eval,0.9288088,1.0,11,0.07499999999999996,0.1788088083267212
flat,0.825,0.75,11,1,53,1,0.8452114395043959,eval,0.81719077,1.0,11,0.07499999999999996,0.06719076633453369
flat,0.875,0.75,12,1,54,9,0.9402010863526592,eval,0.8829688,1.0,11,0.125,0.13296878337860107
flat,0.875,0.75,12,1,54,12,0.8399761650176906,eval,0.8135655,1.0,11,0.125,0.06356549263000488
flat,0.875,0.75,12,1,54,8,0.9561821589739987,eval,0.8940352,1.0,11,0.125,0.1440352201461792
flat,0.875,0.75,12,1,54,1,0.9444171936707009,eval,0.8858882,1.0,11,0.125,0.1358882188796997
flat,0.875,0.75,12,1,55,9,0.8731461186690498,eval,0.83653486,1.0,11,0.125,0.08653485774993896
flat,0.875,0.75,12,1,55,12,0.7533676588110694,eval,0.7535912,1.0,11,0.125,0.003591179847717285
flat,0.875,0.75,12,1,55,8,0.8546588664055288,eval,0.82373285,1.0,11,0.125,0.07373285293579102
flat,0.875,0.75,12,1,55,1,0.7991630249101591,eval,0.7853035,1.0,11,0.125,0.035303473472595215
flat,0.925,0.75,13,1,56,9,0.8213926318410458,eval,0.80069697,1.0,11,0.17500000000000004,0.0506969690322876
flat,0.925,0.75,13,1,56,12,0.9853280959050975,eval,0.91421807,1.0,11,0.17500000000000004,0.16421806812286377
flat,0.925,0.75,13,1,56,8,0.7672800849317296,eval,0.7632252,1.0,11,0.17500000000000004,0.013225197792053223
flat,0.925,0.75,13,1,56,1,1.0670982022311917,eval,0.9708419,1.0,11,0.17500000000000004,0.2208418846130371
flat,0.925,0.75,13,1,57,9,0.7731111770249605,eval,0.7672632,1.0,11,0.17500000000000004,0.017263174057006836
flat,0.925,0.75,13,1,57,12,0.9812849420373864,eval,0.9114183,1.0,11,0.17500000000000004,0.16141831874847412
flat,0.925,0.75,13,1,57,8,0.9622951541761923,eval,0.89826834,1.0,11,0.17500000000000004,0.14826834201812744
flat,0.925,0.75,13,1,57,1,0.9976093788947765,eval,0.92272246,1.0,11,0.17500000000000004,0.1727224588394165
flat,0.975,0.75,14,1,58,9,0.8184410628627359,eval,0.798653,1.0,11,0.22499999999999998,0.0486530065536499
flat,0.975,0.75,14,1,58,12,0.8706926297718663,eval,0.8348359,1.0,11,0.22499999999999998,0.08483588695526123
flat,0.975,0.75,14,1,58,8,0.8606259907898409,eval,0.827865,1.0,11,0.22499999999999998,0.07786500453948975
flat,0.975,0.75,14,1,58,1,1.0593732662303268,eval,0.9654925,1.0,11,0.22499999999999998,0.21549248695373535
flat,0.975,0.75,14,1,59,9,0.9801033945130329,eval,0.9106002,1.0,11,0.22499999999999998,0.1606001853942871
flat,0.975,0.75,14,1,59,12,1.2222435678832566,eval,1.0782762,1.0,11,0.22499999999999998,0.3282761573791504
flat,0.975,0.75,14,1,59,8,0.8034054048241679,eval,0.78824115,1.0,11,0.22499999999999998,0.03824114799499512
flat,0.975,0.75,14,1,59,1,1.0914863981111027,eval,0.98773,1.0,11,0.22499999999999998,0.2377300262451172
base,0.025,0.5,0,0,0,9,-0.002915150546776414,eval,0.114924565,0.0,12,-0.475,-0.3850754350423813
base,0.025,0.5,0,0,0,12,0.06907067447635609,eval,0.1710075,0.0,12,-0.475,-0.32899250090122223
base,0.025,0.5,0,0,0,8,0.07970956613393337,eval,0.17929609,0.0,12,-0.475,-0.3207039088010788
base,0.025,0.5,0,0,0,1,-0.018643524714322124,eval,0.10267085,0.0,12,-0.475,-0.3973291516304016
base,0.075,0.5,1,0,1,9,0.10314711025906223,eval,0.19755587,0.0,12,-0.425,-0.30244413018226624
base,0.075,0.5,1,0,1,12,0.10925153909534122,eval,0.20231171,0.0,12,-0.425,-0.297688290476799
base,0.075,0.5,1,0,1,8,0.2513759069559374,eval,0.3130384,0.0,12,-0.425,-0.1869615912437439
base,0.075,0.5,1,0,1,1,-0.041980190777286416,eval,0.08448966,0.0,12,-0.425,-0.4155103415250778
base,0.125,0.5,2,0,2,9,0.2532481233683165,eval,0.314497,0.0,12,-0.375,-0.1855030059814453
base,0.125,0.5,2,0,2,12,0.17239470669880136,eval,0.25150546,0.0,12,-0.375,-0.24849453568458557
base,0.125,0.5,2,0,2,8,0.07632387892071708,eval,0.17665835,0.0,12,-0.375,-0.32334165275096893
base,0.125,0.5,2,0,2,1,0.2989367877130134,eval,0.3500923,0.0,12,-0.375,-0.14990770816802979
base,0.175,0.5,3,0,3,9,0.2032451825285249,eval,0.27554056,0.0,12,-0.325,-0.2244594395160675
base,0.175,0.5,3,0,3,12,0.1482691568046723,eval,0.23270968,0.0,12,-0.325,-0.267290323972702
base,0.175,0.5,3,0,3,8,0.18441541561970465,eval,0.26087064,0.0,12,-0.325,-0.23912936449050903
base,0.175,0.5,3,0,3,1,0.1254089271557848,eval,0.21489967,0.0,12,-0.325,-0.2851003259420395
base,0.225,0.5,4,0,4,9,0.3056019527170751,eval,0.355285,0.0,12,-0.275,-0.14471501111984253
base,0.225,0.5,4,0,4,12,0.3438327862596402,eval,0.38506997,0.0,12,-0.275,-0.11493003368377686
base,0.225,0.5,4,0,4,8,0.15444720452789168,eval,0.23752287,0.0,12,-0.275,-0.2624771296977997
base,0.225,0.5,4,0,4,1,0.2578969629460202,eval,0.3181188,0.0,12,-0.275,-0.18188118934631348
base,0.275,0.5,5,0,5,9,0.15241172947768455,eval,0.23593709,0.0,12,-0.22499999999999998,-0.26406291127204895
base,0.275,0.5,5,0,5,12,0.24014279349858433,eval,0.30428687,0.0,12,-0.22499999999999998,-0.1957131326198578
base,0.275,0.5,5,0,5,8,0.15737429350797189,eval,0.23980331,0.0,12,-0.22499999999999998,-0.2601966857910156
base,0.275,0.5,5,0,5,1,0.24914274545260762,eval,0.31129855,0.0,12,-0.22499999999999998,-0.18870145082473755
base,0.325,0.5,6,0,6,9,0.32274678225324427,eval,0.3686422,0.0,12,-0.175,-0.13135778903961182
base,0.325,0.5,6,0,6,12,0.17876480748448073,eval,0.2564683,0.0,12,-0.175,-0.2435317039489746
base,0.325,0.5,6,0,6,8,0.2536892033263042,eval,0.3148406,0.0,12,-0.175,-0.18515938520431519
base,0.325,0.5,6,0,6,1,0.48334728788021225,eval,0.49376333,0.0,12,-0.175,-0.006236672401428223
base,0.375,0.5,7,0,7,9,0.3874211319304505,eval,0.4190289,0.0,12,-0.125,-0.08097109198570251
base,0.375,0.5,7,0,7,12,0.4599783613618451,eval,0.475557,0.0,12,-0.125,-0.024443000555038452
base,0.375,0.5,7,0,7,8,0.3405001475914213,eval,0.38247356,0.0,12,-0.125,-0.11752644181251526
base,0.375,0.5,7,0,7,1,0.5070360987081839,eval,0.5122189,1.0,12,-0.125,0.012218892574310303
base,0.425,0.5,8,0,8,9,0.5112246184619911,eval,0.51548207,1.0,12,-0.07500000000000001,0.015482068061828613
base,0.425,0.5,8,0,8,12,0.6100702779951481,eval,0.59249103,1.0,12,-0.07500000000000001,0.0924910306930542
base,0.425,0.5,8,0,8,8,0.5605438028669814,eval,0.5539058,1.0,12,-0.07500000000000001,0.05390578508377075
base,0.425,0.5,8,0,8,1,0.4883352622824915,eval,0.49764934,0.0,12,-0.07500000000000001,-0.0023506581783294678
base,0.475,0.5,9,0,9,9,0.4866060673431017,eval,0.4963022,0.0,12,-0.025000000000000022,-0.003697812557220459
base,0.475,0.5,9,0,9,12,0.3789848880709369,eval,0.41245633,0.0,12,-0.025000000000000022,-0.08754366636276245
base,0.475,0.5,9,0,9,8,0.4752211602573378,eval,0.48743236,0.0,12,-0.025000000000000022,-0.012567639350891113
base,0.475,0.5,9,0,9,1,0.2546490119353349,eval,0.3155884,0.0,12,-0.025000000000000022,-0.18441158533096313
base,0.525,0.5,10,1,10,9,0.6054078958119873,eval,0.5888586,1.0,12,0.025000000000000022,0.08885860443115234
base,0.525,0.5,10,1,10,12,0.5148368870407144,eval,0.51829636,1.0,12,0.025000000000000022,0.018296360969543457
base,0.525,0.5,10,1,10,8,0.44594551903321245,eval,0.4646243,0.0,12,0.025000000000000022,-0.03537571430206299
base,0.525,0.5,10,1,10,1,0.5302028974259887,eval,0.5302677,1.0,12,0.025000000000000022,0.030267715454101562
base,0.575,0.5,11,1,11,9,0.5245800752222866,eval,0.5258871,1.0,12,0.07499999999999996,0.02588707208633423
base,0.575,0.5,11,1,11,12,0.5064557989281973,eval,0.51176673,1.0,12,0.07499999999999996,0.01176673173904419
base,0.575,0.5,11,1,11,8,0.5891877828241733,eval,0.5762219,1.0,12,0.07499999999999996,0.07622188329696655
base,0.575,0.5,11,1,11,1,0.6433686190776534,eval,0.6184332,1.0,12,0.07499999999999996,0.11843317747116089
base,0.625,0.5,12,1,12,9,0.6607954906213157,eval,0.63201016,1.0,12,0.125,0.13201016187667847
base,0.625,0.5,12,1,12,12,0.5869416749872484,eval,0.57447195,1.0,12,0.125,0.07447195053100586
base,0.625,0.5,12,1,12,8,0.6467571355560034,eval,0.6210732,1.0,12,0.125,0.12107318639755249
base,0.625,0.5,12,1,12,1,0.7253961575842169,eval,0.68233943,1.0,12,0.125,0.18233942985534668
base,0.675,0.5,13,1,13,9,0.7164866401254424,eval,0.6753982,1.0,12,0.17500000000000004,0.17539817094802856
base,0.675,0.5,13,1,13,12,0.6796092971779658,eval,0.64666766,1.0,12,0.17500000000000004,0.14666765928268433
base,0.675,0.5,13,1,13,8,0.6073767944025039,eval,0.59039265,1.0,12,0.17500000000000004,0.09039264917373657
base,0.675,0.5,13,1,13,1,0.61320929552924,eval,0.5949366,1.0,12,0.17500000000000004,0.09493660926818848
base,0.725,0.5,14,1,14,9,0.6000224275413348,eval,0.5846629,1.0,12,0.22499999999999998,0.08466291427612305
base,0.725,0.5,14,1,14,12,0.6008191547218831,eval,0.5852837,1.0,12,0.22499999999999998,0.08528369665145874
base,0.725,0.5,14,1,14,8,0.8393233626629595,eval,0.77109814,1.0,12,0.22499999999999998,0.27109813690185547
base,0.725,0.5,14,1,14,1,0.9072011363328323,eval,0.8239806,1.0,12,0.22499999999999998,0.3239806294441223
base,0.775,0.5,15,1,15,9,0.7925538628567643,eval,0.73466086,1.0,12,0.275,0.23466086387634277
base,0.775,0.5,15,1,15,12,0.7472346328732713,eval,0.6993535,1.0,12,0.275,0.19935351610183716
base,0.775,0.5,15,1,15,8,0.586165110902335,eval,0.57386696,1.0,12,0.275,0.07386696338653564
base,0.775,0.5,15,1,15,1,0.6429569029986707,eval,0.61811244,1.0,12,0.275,0.11811244487762451
base,0.825,0.5,16,1,16,9,0.7929637473048593,eval,0.7349802,1.0,12,0.32499999999999996,0.23498022556304932
base,0.825,0.5,16,1,16,12,0.6784032613617612,eval,0.64572805,1.0,12,0.32499999999999996,0.14572805166244507
base,0.825,0.5,16,1,16,8,0.8036455371917013,eval,0.7433022,1.0,12,0.32499999999999996,0.24330222606658936
base,0.825,0.5,16,1,16,1,0.7588471978184781,eval,0.7084006,1.0,12,0.32499999999999996,0.20840060710906982
base,0.875,0.5,17,1,17,9,0.6845912051383966,eval,0.65054905,1.0,12,0.375,0.150549054145813
base,0.875,0.5,17,1,17,12,0.8181772362058521,eval,0.75462365,1.0,12,0.375,0.2546236515045166
base,0.875,0.5,17,1,17,8,0.9415066065629245,eval,0.8507074,1.0,12,0.375,0.35070741176605225
base,0.875,0.5,17,1,17,1,0.9685049988114022,eval,0.8717414,1.0,12,0.375,0.3717414140701294
base,0.925,0.5,18,1,18,9,1.0208406680141398,eval,0.9125152,1.0,12,0.42500000000000004,0.41251522302627563
base,0.925,0.5,18,1,18,12,0.8063930346013513,eval,0.74544275,1.0,12,0.42500000000000004,0.24544274806976318
base,0.925,0.5,18,1,18,8,0.7911567480523145,eval,0.7335724,1.0,12,0.42500000000000004,0.23357242345809937
base,0.925,0.5,18,1,18,1,0.9299054613825312,eval,0.84166914,1.0,12,0.42500000000000004,0.34166914224624634
base,0.975,0.5,19,1,19,9,0.9388141319695699,eval,0.84860975,1.0,12,0.475,0.3486097455024719
base,0.975,0.5,19,1,19,12,0.8690939300539855,eval,0.794292,1.0,12,0.475,0.29429197311401367
base,0.975,0.5,19,1,19,8,1.0111253748643376,eval,0.9049461,1.0,12,0.475,0.40494608879089355
base,0.975,0.5,19,1,19,1,1.1752392583645255,eval,1.0328045,1.0,12,0.475,0.5328044891357422
curv,0.025,0.25,0,0,20,9,-0.06023900581258609,eval,0.08081037,0.0,12,-0.225,-0.16918963193893433
curv,0.025,0.25,0,0,20,12,-0.14699106806582,eval,0.07990064,0.0,12,-0.225,-0.17009936273097992
curv,0.025,0.25,0,0,20,8,0.1542893050193805,eval,0.18228725,0.0,12,-0.225,-0.06771275401115417
curv,0.025,0.25,0,0,20,1,0.04385191925124656,eval,0.09624736,0.0,12,-0.225,-0.1537526398897171
curv,0.025,0.25,0,0,21,9,-0.012731674369381461,eval,0.08130856,0.0,12,-0.225,-0.16869144141674042
curv,0.025,0.25,0,0,21,12,0.1469354588732634,eval,0.176558,0.0,12,-0.225,-0.0734419971704483
curv,0.025,0.25,0,0,21,8,0.07036712642569681,eval,0.116904885,0.0,12,-0.225,-0.13309511542320251
curv,0.025,0.25,0,0,21,1,-0.03831940901922267,eval,0.08104023,0.0,12,-0.225,-0.16895976662635803
curv,0.075,0.25,1,0,22,9,0.08882003031483213,eval,0.13128124,0.0,12,-0.175,-0.11871875822544098
curv,0.075,0.25,1,0,22,12,0.12590590847395516,eval,0.16017419,0.0,12,-0.175,-0.08982580900192261
curv,0.075,0.25,1,0,22,8,-0.09401599429769265,eval,0.08045617,0.0,12,-0.175,-0.16954383254051208
curv,0.075,0.25,1,0,22,1,0.03724364947671917,eval,0.092379466,0.0,12,-0.175,-0.15762053430080414
curv,0.075,0.25,1,0,23,9,0.22579094843471398,eval,0.23799293,0.0,12,-0.175,-0.012007072567939758
curv,0.075,0.25,1,0,23,12,-0.11674640434564944,eval,0.08021779,0.0,12,-0.175,-0.16978220641613007
curv,0.075,0.25,1,0,23,8,0.0021804972564751224,eval,0.08146493,0.0,12,-0.175,-0.16853506863117218
curv,0.075,0.25,1,0,23,1,-0.03411461176191956,eval,0.081084326,0.0,12,-0.175,-0.16891567409038544
curv,0.125,0.25,2,0,24,9,0.10840667969937974,eval,0.14654085,0.0,12,-0.125,-0.10345914959907532
curv,0.125,0.25,2,0,24,12,0.06531724059521243,eval,0.112970635,0.0,12,-0.125,-0.13702936470508575
curv,0.125,0.25,2,0,24,8,0.24823034025042634,eval,0.2554751,1.0,12,-0.125,0.005475103855133057
curv,0.125,0.25,2,0,24,1,-0.002768016638660803,eval,0.081413046,0.0,12,-0.125,-0.16858695447444916
curv,0.125,0.25,2,0,25,9,0.17224074969585104,eval,0.1962729,0.0,12,-0.125,-0.053727105259895325
curv,0.125,0.25,2,0,25,12,0.0579561400096926,eval,0.10723573,0.0,12,-0.125,-0.14276427030563354
curv,0.125,0.25,2,0,25,8,0.15483352450652943,eval,0.18271123,0.0,12,-0.125,-0.06728877127170563
curv,0.125,0.25,2,0,25,1,0.18804114907682318,eval,0.20858273,0.0,12,-0.125,-0.04141727089881897
curv,0.175,0.25,3,0,26,9,0.31235793768977616,eval,0.30543584,1.0,12,-0.07500000000000001,0.05543583631515503
curv,0.175,0.25,3,0,26,12,0.1059055871831403,eval,0.14459229,0.0,12,-0.07500000000000001,-0.10540771484375
curv,0.175,0.25,3,0,26,8,0.17401410615100246,eval,0.19765449,0.0,12,-0.07500000000000001,-0.05234551429748535
curv,0.175,0.25,3,0,26,1,0.23311658124128057,eval,0.2437002,0.0,12,-0.07500000000000001,-0.006299793720245361
curv,0.175,0.25,3,0,27,9,0.22835505312737925,eval,0.23999059,0.0,12,-0.07500000000000001,-0.010009407997131348
curv,0.175,0.25,3,0,27,12,0.030311648744351605,eval,0.08962603,0.0,12,-0.07500000000000001,-0.1603739708662033
curv,0.175,0.25,3,0,27,8,0.219120059471549,eval,0.23279576,0.0,12,-0.07500000000000001,-0.01720423996448517
curv,0.175,0.25,3,0,27,1,0.30445588194411166,eval,0.29927945,1.0,12,-0.07500000000000001,0.04927945137023926
curv,0.225,0.25,4,0,28,9,0.3318564157418792,eval,0.32062674,1.0,12,-0.024999999999999994,0.07062673568725586
curv,0.225,0.25,4,0,28,12,0.30043857213684555,eval,0.29614967,1.0,12,-0.024999999999999994,0.04614967107772827
curv,0.225,0.25,4,0,28,8,0.2971048950005876,eval,0.29355246,1.0,12,-0.024999999999999994,0.0435524582862854
curv,0.225,0.25,4,0,28,1,0.1495394208740069,eval,0.17858669,0.0,12,-0.024999999999999994,-0.0714133083820343
curv,0.225,0.25,4,0,29,9,0.17734901410490445,eval,0.20025268,0.0,12,-0.024999999999999994,-0.049747318029403687
curv,0.225,0.25,4,0,29,12,0.1854136214492001,eval,0.20653568,0.0,12,-0.024999999999999994,-0.04346431791782379
curv,0.225,0.25,4,0,29,8,0.15415347634020068,eval,0.18218142,0.0,12,-0.024999999999999994,-0.06781858205795288
curv,0.225,0.25,4,0,29,1,0.3939107452443673,eval,0.36897218,1.0,12,-0.024999999999999994,0.11897218227386475
curv,0.275,0.25,5,1,30,9,0.3521049326473978,eval,0.33640206,1.0,12,0.025000000000000022,0.0864020586013794
curv,0.275,0.25,5,1,30,12,0.3218148909489514,eval,0.31280357,1.0,12,0.025000000000000022,0.06280356645584106
curv,0.275,0.25,5,1,30,8,0.2459599919927045,eval,0.25370634,1.0,12,0.025000000000000022,0.00370633602142334
curv,0.275,0.25,5,1,30,1,0.2462612292191334,eval,0.253941,1.0,12,0.025000000000000022,0.003940999507904053
curv,0.325,0.25,6,1,31,9,0.31920239999303074,eval,0.31076825,1.0,12,0.07500000000000001,0.0607682466506958
curv,0.325,0.25,6,1,31,12,0.37767557651664274,eval,0.35632366,1.0,12,0.07500000000000001,0.10632365942001343
curv,0.325,0.25,6,1,31,8,0.339291364966682,eval,0.32641917,1.0,12,0.07500000000000001,0.0764191746711731
curv,0.325,0.25,6,1,31,1,0.4824408278844587,eval,0.43794447,1.0,12,0.07500000000000001,0.1879444718360901
curv,0.375,0.25,7,1,32,9,0.48244112374891795,eval,0.4379447,1.0,12,0.125,0.1879447102546692
curv,0.375,0.25,7,1,32,12,0.5125445311670886,eval,0.46139777,1.0,12,0.125,0.21139776706695557
curv,0.375,0.25,7,1,32,8,0.3206042278212674,eval,0.31186038,1.0,12,0.125,0.06186038255691528
curv,0.375,0.25,7,1,32,1,0.3317214152817403,eval,0.3205216,1.0,12,0.125,0.07052159309387207
curv,0.425,0.25,8,1,33,9,0.32464404280078596,eval,0.3150077,1.0,12,0.175,0.06500768661499023
curv,0.425,0.25,8,1,33,12,0.24351277222568563,eval,0.2517997,1.0,12,0.175,0.0017997026443481445
curv,0.425,0.25,8,1,33,8,0.4116548441462745,eval,0.38279635,1.0,12,0.175,0.13279634714126587
curv,0.425,0.25,8,1,33,1,0.3514516707657725,eval,0.3358931,1.0,12,0.175,0.08589309453964233
curv,0.475,0.25,9,1,34,9,0.39704422467572553,eval,0.37141344,1.0,12,0.22499999999999998,0.12141343951225281
curv,0.475,0.25,9,1,34,12,0.6488602111424955,eval,0.567599,1.0,12,0.22499999999999998,0.31759899854660034
curv,0.475,0.25,9,1,34,8,0.6047871761181993,eval,0.5332625,1.0,12,0.22499999999999998,0.2832624912261963
curv,0.475,0.25,9,1,34,1,0.49997853715586665,eval,0.45160782,1.0,12,0.22499999999999998,0.2016078233718872
curv,0.525,0.25,10,1,35,9,0.6518731572705383,eval,0.56994635,1.0,12,0.275,0.3199463486671448
curv,0.525,0.25,10,1,35,12,0.6518815273891231,eval,0.56995285,1.0,12,0.275,0.3199528455734253
curv,0.525,0.25,10,1,35,8,0.4282180135307945,eval,0.39570042,1.0,12,0.275,0.14570042490959167
curv,0.525,0.25,10,1,35,1,0.6281453084869473,eval,0.5514604,1.0,12,0.275,0.3014603853225708
curv,0.575,0.25,11,1,36,9,0.555391602743063,eval,0.4947792,1.0,12,0.32499999999999996,0.24477919936180115
curv,0.575,0.25,11,1,36,12,0.6323065992335506,eval,0.5547023,1.0,12,0.32499999999999996,0.3047022819519043
curv,0.575,0.25,11,1,36,8,0.767666270913514,eval,0.6601588,1.0,12,0.32499999999999996,0.41015881299972534
curv,0.575,0.25,11,1,36,1,0.5911009576715345,eval,0.52259976,1.0,12,0.32499999999999996,0.2725997567176819
curv,0.625,0.25,12,1,37,9,0.5891039353295531,eval,0.5210439,1.0,12,0.375,0.27104389667510986
curv,0.625,0.25,12,1,37,12,0.8633592229234116,eval,0.73471147,1.0,12,0.375,0.4847114682197571
curv,0.625,0.25,12,1,37,8,0.8129344377381986,eval,0.69542646,1.0,12,0.375,0.44542646408081055
curv,0.625,0.25,12,1,37,1,0.5664471175876663,eval,0.50339234,1.0,12,0.375,0.2533923387527466
curv,0.675,0.25,13,1,38,9,0.682757241935024,eval,0.5940076,1.0,12,0.42500000000000004,0.34400761127471924
curv,0.675,0.25,13,1,38,12,0.6954978597927232,eval,0.6039336,1.0,12,0.42500000000000004,0.35393357276916504
curv,0.675,0.25,13,1,38,8,0.503656056203569,eval,0.4544729,1.0,12,0.42500000000000004,0.20447289943695068
curv,0.675,0.25,13,1,38,1,0.5408780285923331,eval,0.48347193,1.0,12,0.42500000000000004,0.23347193002700806
curv,0.725,0.25,14,1,39,9,0.6560502542647139,eval,0.57320064,1.0,12,0.475,0.32320064306259155
curv,0.725,0.25,14,1,39,12,0.8071478916070218,eval,0.69091827,1.0,12,0.475,0.4409182667732239
curv,0.725,0.25,14,1,39,8,0.7108977334886978,eval,0.6159314,1.0,12,0.475,0.3659313917160034
curv,0.725,0.25,14,1,39,1,0.5848479785082572,eval,0.51772815,1.0,12,0.475,0.26772814989089966
flat,0.275,0.75,0,0,40,9,0.40819413685305606,eval,0.48165986,0.0,12,-0.475,-0.268340140581131
flat,0.275,0.75,0,0,40,12,0.20115860187320406,eval,0.3209682,0.0,12,-0.475,-0.4290317893028259
flat,0.275,0.75,0,0,40,8,0.30926915696456797,eval,0.40487874,0.0,12,-0.475,-0.34512126445770264
flat,0.275,0.75,0,0,40,1,0.3252682849874866,eval,0.41729653,0.0,12,-0.475,-0.33270347118377686
flat,0.325,0.75,1,0,41,9,0.20008373483240952,eval,0.32013392,0.0,12,-0.425,-0.42986607551574707
flat,0.325,0.75,1,0,41,12,0.4384357407951828,eval,0.50513196,0.0,12,-0.425,-0.24486804008483887
flat,0.325,0.75,1,0,41,8,0.24891289124935712,eval,0.3580329,0.0,12,-0.425,-0.3919670879840851
flat,0.325,0.75,1,0,41,1,0.4239713033285805,eval,0.49390537,0.0,12,-0.425,-0.25609463453292847
flat,0.375,0.75,2,0,42,9,0.3599402001639595,eval,0.4442073,0.0,12,-0.375,-0.3057926893234253
flat,0.375,0.75,2,0,42,12,0.39178259697224144,eval,0.46892196,0.0,12,-0.375,-0.281078040599823
flat,0.375,0.75,2,0,42,8,0.3008919496315271,eval,0.3983767,0.0,12,-0.375,-0.3516232967376709
flat,0.375,0.75,2,0,42,1,0.3585705407374709,eval,0.44314426,0.0,12,-0.375,-0.3068557381629944
flat,0.425,0.75,3,0,43,9,0.45969527857023623,eval,0.52163273,0.0,12,-0.325,-0.22836726903915405
flat,0.425,0.75,3,0,43,12,0.37987998551439534,eval,0.45968366,0.0,12,-0.325,-0.2903163433074951
flat,0.425,0.75,3,0,43,8,0.40125843032654535,eval,0.47627664,0.0,12,-0.325,-0.2737233638763428
flat,0.425,0.75,3,0,43,1,0.3175635141771565,eval,0.4113164,0.0,12,-0.325,-0.3386836051940918
flat,0.475,0.75,4,0,44,9,0.46455529309334376,eval,0.5254048,0.0,12,-0.275,-0.22459518909454346
flat,0.475,0.75,4,0,44,12,0.6866939198315876,eval,0.6978189,0.0,12,-0.275,-0.052181124687194824
flat,0.475,0.75,4,0,44,8,0.548917808711155,eval,0.59088326,0.0,12,-0.275,-0.1591167449951172
flat,0.475,0.75,4,0,44,1,0.5623042152621707,eval,0.60127306,0.0,12,-0.275,-0.1487269401550293
flat,0.525,0.75,5,0,45,9,0.4447712454632119,eval,0.5100494,0.0,12,-0.22499999999999998,-0.23995059728622437
flat,0.525,0.75,5,0,45,12,0.49452003354591684,eval,0.54866207,0.0,12,-0.22499999999999998,-0.20133793354034424
flat,0.525,0.75,5,0,45,8,0.4738666161052906,eval,0.5326319,0.0,12,-0.22499999999999998,-0.21736812591552734
flat,0.525,0.75,5,0,45,1,0.39696060552854273,eval,0.47294092,0.0,12,-0.22499999999999998,-0.27705907821655273
flat,0.575,0.75,6,0,46,9,0.48816108032474786,eval,0.5437266,0.0,12,-0.17500000000000004,-0.2062733769416809
flat,0.575,0.75,6,0,46,12,0.5758861327608518,eval,0.6118148,0.0,12,-0.17500000000000004,-0.13818520307540894
flat,0.575,0.75,6,0,46,8,0.7576693811620117,eval,0.75290686,1.0,12,-0.17500000000000004,0.0029068589210510254
flat,0.575,0.75,6,0,46,1,0.5036931904940727,eval,0.55578184,0.0,12,-0.17500000000000004,-0.19421815872192383
flat,0.625,0.75,7,0,47,9,0.6675394425820824,eval,0.6829519,0.0,12,-0.125,-0.0670480728149414
flat,0.625,0.75,7,0,47,12,0.6052720042673871,eval,0.6346228,0.0,12,-0.125,-0.11537718772888184
flat,0.625,0.75,7,0,47,8,0.6539974002338532,eval,0.67244124,0.0,12,-0.125,-0.07755875587463379
flat,0.625,0.75,7,0,47,1,0.6871017853540099,eval,0.6981354,0.0,12,-0.125,-0.0518646240234375
flat,0.675,0.75,8,0,48,9,0.57195195498333,eval,0.60876125,0.0,12,-0.07499999999999996,-0.1412387490272522
flat,0.675,0.75,8,0,48,12,0.5994329086763519,eval,0.6300908,0.0,12,-0.07499999999999996,-0.11990922689437866
flat,0.675,0.75,8,0,48,8,0.6647424715916677,eval,0.6807811,0.0,12,-0.07499999999999996,-0.06921887397766113
flat,0.675,0.75,8,0,48,1,0.44998588264254086,eval,0.51409674,0.0,12,-0.07499999999999996,-0.23590326309204102
flat,0.725,0.75,9,0,49,9,0.789624270571504,eval,0.7777087,1.0,12,-0.025000000000000022,0.027708709239959717
flat,0.725,0.75,9,0,49,12,0.7781272400530428,eval,0.76878524,1.0,12,-0.025000000000000022,0.01878523826599121
flat,0.725,0.75,9,0,49,8,0.8699259685131457,eval,0.8400353,1.0,12,-0.025000000000000022,0.0900353193283081
flat,0.725,0.75,9,0,49,1,0.7636369597566306,eval,0.75753856,1.0,12,-0.025000000000000022,0.007538557052612305
flat,0.775,0.75,10,1,50,9,0.6225851636354708,eval,0.6480605,0.0,12,0.025000000000000022,-0.10193949937820435
flat,0.775,0.75,10,1,50,12,0.8488409603732732,eval,0.8236701,1.0,12,0.025000000000000022,0.07367008924484253
flat,0.775,0.75,10,1,50,8,0.8376281195060352,eval,0.8149672,1.0,12,0.025000000000000022,0.06496721506118774
flat,0.775,0.75,10,1,50,1,0.7168359163590498,eval,0.72121364,0.0,12,0.025000000000000022,-0.02878636121749878
flat,0.775,0.75,10,1,51,9,0.7195016903283316,eval,0.7232827,0.0,12,0.025000000000000022,-0.026717305183410645
flat,0.775,0.75,10,1,51,12,0.8104372527738726,eval,0.7938629,1.0,12,0.025000000000000022,0.043862879276275635
flat,0.775,0.75,10,1,51,8,0.8119286775687574,eval,0.7950204,1.0,12,0.025000000000000022,0.04502040147781372
flat,0.775,0.75,10,1,51,1,0.7859279697477815,eval,0.7748398,1.0,12,0.025000000000000022,0.024839818477630615
flat,0.825,0.75,11,1,52,9,0.8286306022369746,eval,0.8079837,1.0,12,0.07499999999999996,0.05798369646072388
flat,0.825,0.75,11,1,52,12,0.5889421738555064,eval,0.62194836,0.0,12,0.07499999999999996,-0.12805163860321045
flat,0.825,0.75,11,1,52,8,0.7918859617230475,eval,0.7794641,1.0,12,0.07499999999999996,0.029464125633239746
flat,0.825,0.75,11,1,52,1,0.8174298473779177,eval,0.7992901,1.0,12,0.07499999999999996,0.04929012060165405
flat,0.825,0.75,11,1,53,9,0.6997848056555384,eval,0.7079794,0.0,12,0.07499999999999996,-0.04202061891555786
flat,0.825,0.75,11,1,53,12,0.9257997003423085,eval,0.883402,1.0,12,0.07499999999999996,0.1334019899368286
flat,0.825,0.75,11,1,53,8,1.006398561389275,eval,0.94595915,1.0,12,0.07499999999999996,0.1959591507911682
flat,0.825,0.75,11,1,53,1,0.8452114395043959,eval,0.82085305,1.0,12,0.07499999999999996,0.07085305452346802
flat,0.875,0.75,12,1,54,9,0.9402010863526592,eval,0.8945797,1.0,12,0.125,0.1445797085762024
flat,0.875,0.75,12,1,54,12,0.8399761650176906,eval,0.81678957,1.0,12,0.125,0.06678956747055054
flat,0.875,0.75,12,1,54,8,0.9561821589739987,eval,0.90698344,1.0,12,0.125,0.15698343515396118
flat,0.875,0.75,12,1,54,1,0.9444171936707009,eval,0.897852,1.0,12,0.125,0.14785200357437134
flat,0.875,0.75,12,1,55,9,0.8731461186690498,eval,0.8425346,1.0,12,0.125,0.09253460168838501
flat,0.875,0.75,12,1,55,12,0.7533676588110694,eval,0.749568,0.0,12,0.125,-0.00043201446533203125
flat,0.875,0.75,12,1,55,8,0.8546588664055288,eval,0.8281856,1.0,12,0.125,0.07818561792373657
flat,0.875,0.75,12,1,55,1,0.7991630249101591,eval,0.78511226,1.0,12,0.125,0.03511226177215576
flat,0.925,0.75,13,1,56,9,0.8213926318410458,eval,0.8023659,1.0,12,0.17500000000000004,0.052365899085998535
flat,0.925,0.75,13,1,56,12,0.9853280959050975,eval,0.9296052,1.0,12,0.17500000000000004,0.17960518598556519
flat,0.925,0.75,13,1,56,8,0.7672800849317296,eval,0.76036614,1.0,12,0.17500000000000004,0.01036614179611206
flat,0.925,0.75,13,1,56,1,1.0670982022311917,eval,0.9930715,1.0,12,0.17500000000000004,0.24307149648666382
flat,0.925,0.75,13,1,57,9,0.7731111770249605,eval,0.764892,1.0,12,0.17500000000000004,0.014891982078552246
flat,0.925,0.75,13,1,57,12,0.9812849420373864,eval,0.9264671,1.0,12,0.17500000000000004,0.17646712064743042
flat,0.925,0.75,13,1,57,8,0.9622951541761923,eval,0.91172814,1.0,12,0.17500000000000004,0.1617281436920166
flat,0.925,0.75,13,1,57,1,0.9976093788947765,eval,0.9391374,1.0,12,0.17500000000000004,0.18913739919662476
flat,0.975,0.75,14,1,58,9,0.8184410628627359,eval,0.800075,1.0,12,0.22499999999999998,0.050074994564056396
flat,0.975,0.75,14,1,58,12,0.8706926297718663,eval,0.8406303,1.0,12,0.22499999999999998,0.09063029289245605
flat,0.975,0.75,14,1,58,8,0.8606259907898409,eval,0.83281714,1.0,12,0.22499999999999998,0.08281713724136353
flat,0.975,0.75,14,1,58,1,1.0593732662303268,eval,0.98707575,1.0,12,0.22499999999999998,0.23707574605941772
flat,0.975,0.75,14,1,59,9,0.9801033945130329,eval,0.92555004,1.0,12,0.22499999999999998,0.17555004358291626
flat,0.975,0.75,14,1,59,12,1.2222435678832566,eval,1.1135674,1.0,12,0.22499999999999998,0.3635673522949219
flat,0.975,0.75,14,1,59,8,0.8034054048241679,eval,0.788405,1.0,12,0.22499999999999998,0.038405001163482666
flat,0.975,0.75,14,1,59,1,1.0914863981111027,eval,1.0120006,1.0,12,0.22499999999999998,0.26200056076049805
base,0.025,0.5,0,0,0,9,-0.002915150546776414,eval,-0.013819814,0.0,13,-0.475,-0.5138198137283325
base,0.025,0.5,0,0,0,12,0.06907067447635609,eval,0.05673939,0.0,13,-0.475,-0.4432606101036072
base,0.025,0.5,0,0,0,8,0.07970956613393337,eval,0.06716743,0.0,13,-0.475,-0.4328325688838959
base,0.025,0.5,0,0,0,1,-0.018643524714322124,eval,-0.029236525,0.0,13,-0.475,-0.5292365252971649
base,0.075,0.5,1,0,1,9,0.10314711025906223,eval,0.09014051,0.0,13,-0.425,-0.4098594933748245
base,0.075,0.5,1,0,1,12,0.10925153909534122,eval,0.096123934,0.0,13,-0.425,-0.40387606620788574
base,0.075,0.5,1,0,1,8,0.2513759069559374,eval,0.23975874,0.0,13,-0.425,-0.2602412551641464
base,0.075,0.5,1,0,1,1,-0.041980190777286416,eval,-0.052110672,0.0,13,-0.425,-0.5521106719970703
base,0.125,0.5,2,0,2,9,0.2532481233683165,eval,0.24175584,0.0,13,-0.375,-0.2582441568374634
base,0.125,0.5,2,0,2,12,0.17239470669880136,eval,0.15801577,0.0,13,-0.375,-0.34198422729969025
base,0.125,0.5,2,0,2,8,0.07632387892071708,eval,0.06384882,0.0,13,-0.375,-0.4361511766910553
base,0.125,0.5,2,0,2,1,0.2989367877130134,eval,0.29049242,0.0,13,-0.375,-0.20950758457183838
base,0.175,0.5,3,0,3,9,0.2032451825285249,eval,0.18841718,0.0,13,-0.325,-0.3115828186273575
base,0.175,0.5,3,0,3,12,0.1482691568046723,eval,0.13436836,0.0,13,-0.325,-0.365631639957428
base,0.175,0.5,3,0,3,8,0.18441541561970465,eval,0.16979823,0.0,13,-0.325,-0.33020177483558655
base,0.175,0.5,3,0,3,1,0.1254089271557848,eval,0.11196115,0.0,13,-0.325,-0.38803885132074356
base,0.225,0.5,4,0,4,9,0.3056019527170751,eval,0.29760224,0.0,13,-0.275,-0.20239776372909546
base,0.225,0.5,4,0,4,12,0.3438327862596402,eval,0.3383835,0.0,13,-0.275,-0.1616165041923523
base,0.225,0.5,4,0,4,8,0.15444720452789168,eval,0.14042394,0.0,13,-0.275,-0.3595760613679886
base,0.225,0.5,4,0,4,1,0.2578969629460202,eval,0.2467148,0.0,13,-0.275,-0.2532851994037628
base,0.275,0.5,5,0,5,9,0.15241172947768455,eval,0.13842879,0.0,13,-0.22499999999999998,-0.36157120764255524
base,0.275,0.5,5,0,5,12,0.24014279349858433,eval,0.22777632,0.0,13,-0.22499999999999998,-0.27222368121147156
base,0.275,0.5,5,0,5,8,0.15737429350797189,eval,0.14329301,0.0,13,-0.22499999999999998,-0.35670699179172516
base,0.275,0.5,5,0,5,1,0.24914274545260762,eval,0.23737656,0.0,13,-0.22499999999999998,-0.2626234441995621
base,0.325,0.5,6,0,6,9,0.32274678225324427,eval,0.3158908,0.0,13,-0.175,-0.18410921096801758
base,0.325,0.5,6,0,6,12,0.17876480748448073,eval,0.16425961,0.0,13,-0.175,-0.3357403874397278
base,0.325,0.5,6,0,6,8,0.2536892033263042,eval,0.24222635,0.0,13,-0.175,-0.25777365267276764
base,0.325,0.5,6,0,6,1,0.48334728788021225,eval,0.4872051,0.0,13,-0.175,-0.012794911861419678
base,0.375,0.5,7,0,7,9,0.3874211319304505,eval,0.38487965,0.0,13,-0.125,-0.11512035131454468
base,0.375,0.5,7,0,7,12,0.4599783613618451,eval,0.46227723,0.0,13,-0.125,-0.037722766399383545
base,0.375,0.5,7,0,7,8,0.3405001475914213,eval,0.3348285,0.0,13,-0.125,-0.16517150402069092
base,0.375,0.5,7,0,7,1,0.5070360987081839,eval,0.5124742,1.0,13,-0.125,0.0124741792678833
base,0.425,0.5,8,0,8,9,0.5112246184619911,eval,0.51694214,1.0,13,-0.07500000000000001,0.016942143440246582
base,0.425,0.5,8,0,8,12,0.6100702779951481,eval,0.62238187,1.0,13,-0.07500000000000001,0.12238186597824097
base,0.425,0.5,8,0,8,8,0.5605438028669814,eval,0.56955147,1.0,13,-0.07500000000000001,0.06955146789550781
base,0.425,0.5,8,0,8,1,0.4883352622824915,eval,0.49252585,0.0,13,-0.07500000000000001,-0.007474154233932495
base,0.475,0.5,9,0,9,9,0.4866060673431017,eval,0.4906813,0.0,13,-0.025000000000000022,-0.009318709373474121
base,0.475,0.5,9,0,9,12,0.3789848880709369,eval,0.37588063,0.0,13,-0.025000000000000022,-0.12411937117576599
base,0.475,0.5,9,0,9,8,0.4752211602573378,eval,0.47853684,0.0,13,-0.025000000000000022,-0.02146315574645996
base,0.475,0.5,9,0,9,1,0.2546490119353349,eval,0.2432502,0.0,13,-0.025000000000000022,-0.25674979388713837
base,0.525,0.5,10,1,10,9,0.6054078958119873,eval,0.6174084,1.0,13,0.025000000000000022,0.1174083948135376
base,0.525,0.5,10,1,10,12,0.5148368870407144,eval,0.52079546,1.0,13,0.025000000000000022,0.020795464515686035
base,0.525,0.5,10,1,10,8,0.44594551903321245,eval,0.44730824,0.0,13,0.025000000000000022,-0.052691757678985596
base,0.525,0.5,10,1,10,1,0.5302028974259887,eval,0.5371865,1.0,13,0.025000000000000022,0.037186503410339355
base,0.575,0.5,11,1,11,9,0.5245800752222866,eval,0.5311885,1.0,13,0.07499999999999996,0.031188488006591797
base,0.575,0.5,11,1,11,12,0.5064557989281973,eval,0.5118551,1.0,13,0.07499999999999996,0.011855125427246094
base,0.575,0.5,11,1,11,8,0.5891877828241733,eval,0.6001063,1.0,13,0.07499999999999996,0.10010629892349243
base,0.575,0.5,11,1,11,1,0.6433686190776534,eval,0.6579015,1.0,13,0.07499999999999996,0.15790152549743652
base,0.625,0.5,12,1,12,9,0.6607954906213157,eval,0.67649096,1.0,13,0.125,0.17649096250534058
base,0.625,0.5,12,1,12,12,0.5869416749872484,eval,0.5977103,1.0,13,0.125,0.09771031141281128
base,0.625,0.5,12,1,12,8,0.6467571355560034,eval,0.66151613,1.0,13,0.125,0.16151612997055054
base,0.625,0.5,12,1,12,1,0.7253961575842169,eval,0.7454012,1.0,13,0.125,0.24540120363235474
base,0.675,0.5,13,1,13,9,0.7164866401254424,eval,0.7358973,1.0,13,0.17500000000000004,0.23589730262756348
base,0.675,0.5,13,1,13,12,0.6796092971779658,eval,0.6965598,1.0,13,0.17500000000000004,0.19655978679656982
base,0.675,0.5,13,1,13,8,0.6073767944025039,eval,0.61950874,1.0,13,0.17500000000000004,0.11950874328613281
base,0.675,0.5,13,1,13,1,0.61320929552924,eval,0.6257303,1.0,13,0.17500000000000004,0.12573027610778809
base,0.725,0.5,14,1,14,9,0.6000224275413348,eval,0.6116637,1.0,13,0.22499999999999998,0.11166369915008545
base,0.725,0.5,14,1,14,12,0.6008191547218831,eval,0.61251366,1.0,13,0.22499999999999998,0.11251366138458252
base,0.725,0.5,14,1,14,8,0.8393233626629595,eval,0.8669285,1.0,13,0.22499999999999998,0.3669285178184509
base,0.725,0.5,14,1,14,1,0.9072011363328323,eval,0.9393345,1.0,13,0.22499999999999998,0.439334511756897
base,0.775,0.5,15,1,15,9,0.7925538628567643,eval,0.817039,1.0,13,0.275,0.31703901290893555
base,0.775,0.5,15,1,15,12,0.7472346328732713,eval,0.76869655,1.0,13,0.275,0.26869654655456543
base,0.775,0.5,15,1,15,8,0.586165110902335,eval,0.596882,1.0,13,0.275,0.09688198566436768
base,0.775,0.5,15,1,15,1,0.6429569029986707,eval,0.6574624,1.0,13,0.275,0.15746241807937622
base,0.825,0.5,16,1,16,9,0.7929637473048593,eval,0.8174763,1.0,13,0.32499999999999996,0.3174762725830078
base,0.825,0.5,16,1,16,12,0.6784032613617612,eval,0.6952734,1.0,13,0.32499999999999996,0.19527339935302734
base,0.825,0.5,16,1,16,8,0.8036455371917013,eval,0.82887065,1.0,13,0.32499999999999996,0.32887065410614014
base,0.825,0.5,16,1,16,1,0.7588471978184781,eval,0.78108376,1.0,13,0.32499999999999996,0.28108376264572144
base,0.875,0.5,17,1,17,9,0.6845912051383966,eval,0.70187414,1.0,13,0.375,0.20187413692474365
base,0.875,0.5,17,1,17,12,0.8181772362058521,eval,0.84437174,1.0,13,0.375,0.3443717360496521
base,0.875,0.5,17,1,17,8,0.9415066065629245,eval,0.9759285,1.0,13,0.375,0.47592848539352417
base,0.875,0.5,17,1,17,1,0.9685049988114022,eval,1.0039942,1.0,13,0.375,0.5039942264556885
base,0.925,0.5,18,1,18,9,1.0208406680141398,eval,1.037898,1.0,13,0.42500000000000004,0.5378979444503784
base,0.925,0.5,18,1,18,12,0.8063930346013513,eval,0.8318014,1.0,13,0.42500000000000004,0.3318014144897461
base,0.925,0.5,18,1,18,8,0.7911567480523145,eval,0.8155488,1.0,13,0.42500000000000004,0.31554877758026123
base,0.925,0.5,18,1,18,1,0.9299054613825312,eval,0.9635534,1.0,13,0.42500000000000004,0.46355342864990234
base,0.975,0.5,19,1,19,9,0.9388141319695699,eval,0.97305644,1.0,13,0.475,0.473056435585022
base,0.975,0.5,19,1,19,12,0.8690939300539855,eval,0.8986852,1.0,13,0.475,0.3986852169036865
base,0.975,0.5,19,1,19,8,1.0111253748643376,eval,1.0316043,1.0,13,0.475,0.5316042900085449
base,0.975,0.5,19,1,19,1,1.1752392583645255,eval,1.1379193,1.0,13,0.475,0.6379193067550659
curv,0.025,0.25,0,0,20,9,-0.06023900581258609,eval,-0.10786229,0.0,13,-0.225,-0.35786229372024536
curv,0.025,0.25,0,0,20,12,-0.14699106806582,eval,-0.19289511,0.0,13,-0.225,-0.4428951144218445
curv,0.025,0.25,0,0,20,8,0.1542893050193805,eval,0.10241449,0.0,13,-0.225,-0.14758551120758057
curv,0.025,0.25,0,0,20,1,0.04385191925124656,eval,-0.005834207,0.0,13,-0.225,-0.2558342069387436
curv,0.025,0.25,0,0,21,9,-0.012731674369381461,eval,-0.061296463,0.0,13,-0.225,-0.3112964630126953
curv,0.025,0.25,0,0,21,12,0.1469354588732634,eval,0.095206425,0.0,13,-0.225,-0.15479357540607452
curv,0.025,0.25,0,0,21,8,0.07036712642569681,eval,0.020155504,0.0,13,-0.225,-0.22984449565410614
curv,0.025,0.25,0,0,21,1,-0.03831940901922267,eval,-0.086377084,0.0,13,-0.225,-0.3363770842552185
curv,0.075,0.25,1,0,22,9,0.08882003031483213,eval,0.038242698,0.0,13,-0.175,-0.21175730228424072
curv,0.075,0.25,1,0,22,12,0.12590590847395516,eval,0.07459362,0.0,13,-0.175,-0.17540638148784637
curv,0.075,0.25,1,0,22,8,-0.09401599429769265,eval,-0.14096987,0.0,13,-0.175,-0.3909698724746704
curv,0.075,0.25,1,0,22,1,0.03724364947671917,eval,-0.012311533,0.0,13,-0.175,-0.26231153309345245
curv,0.075,0.25,1,0,23,9,0.22579094843471398,eval,0.1755287,0.0,13,-0.175,-0.07447129487991333
curv,0.075,0.25,1,0,23,12,-0.11674640434564944,eval,-0.16324985,0.0,13,-0.175,-0.4132498502731323
curv,0.075,0.25,1,0,23,8,0.0021804972564751224,eval,-0.046679795,0.0,13,-0.175,-0.2966797947883606
curv,0.075,0.25,1,0,23,1,-0.03411461176191956,eval,-0.08225563,0.0,13,-0.175,-0.33225563168525696
curv,0.125,0.25,2,0,24,9,0.10840667969937974,eval,0.057441235,0.0,13,-0.125,-0.19255876541137695
curv,0.125,0.25,2,0,24,12,0.06531724059521243,eval,0.015205666,0.0,13,-0.125,-0.23479433357715607
curv,0.125,0.25,2,0,24,8,0.24823034025042634,eval,0.19946504,0.0,13,-0.125,-0.050534963607788086
curv,0.125,0.25,2,0,24,1,-0.002768016638660803,eval,-0.051530242,0.0,13,-0.125,-0.30153024196624756
curv,0.125,0.25,2,0,25,9,0.17224074969585104,eval,0.12001021,0.0,13,-0.125,-0.12998978793621063
curv,0.125,0.25,2,0,25,12,0.0579561400096926,eval,0.007990435,0.0,13,-0.125,-0.24200956523418427
curv,0.125,0.25,2,0,25,8,0.15483352450652943,eval,0.10294795,0.0,13,-0.125,-0.14705204963684082
curv,0.125,0.25,2,0,25,1,0.18804114907682318,eval,0.1354975,0.0,13,-0.125,-0.11450250446796417
curv,0.175,0.25,3,0,26,9,0.31235793768977616,eval,0.2678706,1.0,13,-0.07500000000000001,0.017870604991912842
curv,0.175,0.25,3,0,26,12,0.1059055871831403,eval,0.05498968,0.0,13,-0.07500000000000001,-0.19501031935214996
curv,0.175,0.25,3,0,26,8,0.17401410615100246,eval,0.12174845,0.0,13,-0.07500000000000001,-0.1282515525817871
curv,0.175,0.25,3,0,26,1,0.23311658124128057,eval,0.183343,0.0,13,-0.07500000000000001,-0.06665700674057007
curv,0.175,0.25,3,0,27,9,0.22835505312737925,eval,0.17826384,0.0,13,-0.07500000000000001,-0.0717361569404602
curv,0.175,0.25,3,0,27,12,0.030311648744351605,eval,-0.01910612,0.0,13,-0.07500000000000001,-0.2691061198711395
curv,0.175,0.25,3,0,27,8,0.219120059471549,eval,0.16841277,0.0,13,-0.07500000000000001,-0.08158722519874573
curv,0.175,0.25,3,0,27,1,0.30445588194411166,eval,0.25944144,1.0,13,-0.07500000000000001,0.00944143533706665
curv,0.225,0.25,4,0,28,9,0.3318564157418792,eval,0.28866985,1.0,13,-0.024999999999999994,0.038669854402542114
curv,0.225,0.25,4,0,28,12,0.30043857213684555,eval,0.25515613,1.0,13,-0.024999999999999994,0.005156129598617554
curv,0.225,0.25,4,0,28,8,0.2971048950005876,eval,0.25160003,1.0,13,-0.024999999999999994,0.001600027084350586
curv,0.225,0.25,4,0,28,1,0.1495394208740069,eval,0.09775883,0.0,13,-0.024999999999999994,-0.15224117040634155
curv,0.225,0.25,4,0,29,9,0.17734901410490445,eval,0.12501726,0.0,13,-0.024999999999999994,-0.12498274445533752
curv,0.225,0.25,4,0,29,12,0.1854136214492001,eval,0.13292204,0.0,13,-0.024999999999999994,-0.11707796156406403
curv,0.225,0.25,4,0,29,8,0.15415347634020068,eval,0.10228141,0.0,13,-0.024999999999999994,-0.14771859347820282
curv,0.225,0.25,4,0,29,1,0.3939107452443673,eval,0.35486388,1.0,13,-0.024999999999999994,0.10486388206481934
curv,0.275,0.25,5,1,30,9,0.3521049326473978,eval,0.31026915,1.0,13,0.025000000000000022,0.06026914715766907
curv,0.275,0.25,5,1,30,12,0.3218148909489514,eval,0.27795848,1.0,13,0.025000000000000022,0.02795848250389099
curv,0.275,0.25,5,1,30,8,0.2459599919927045,eval,0.19704324,0.0,13,0.025000000000000022,-0.05295675992965698
curv,0.275,0.25,5,1,30,1,0.2462612292191334,eval,0.19736457,0.0,13,0.025000000000000022,-0.05263543128967285
curv,0.325,0.25,6,1,31,9,0.31920239999303074,eval,0.2751717,1.0,13,0.07500000000000001,0.02517169713973999
curv,0.325,0.25,6,1,31,12,0.37767557651664274,eval,0.33754566,1.0,13,0.07500000000000001,0.08754566311836243
curv,0.325,0.25,6,1,31,8,0.339291364966682,eval,0.2966008,1.0,13,0.07500000000000001,0.046600788831710815
curv,0.325,0.25,6,1,31,1,0.4824408278844587,eval,0.4492998,1.0,13,0.07500000000000001,0.19929981231689453
curv,0.375,0.25,7,1,32,9,0.48244112374891795,eval,0.4493002,1.0,13,0.125,0.19930019974708557
curv,0.375,0.25,7,1,32,12,0.5125445311670886,eval,0.48141184,1.0,13,0.125,0.23141184449195862
curv,0.375,0.25,7,1,32,8,0.3206042278212674,eval,0.276667,1.0,13,0.125,0.026666998863220215
curv,0.375,0.25,7,1,32,1,0.3317214152817403,eval,0.28852585,1.0,13,0.125,0.03852584958076477
curv,0.425,0.25,8,1,33,9,0.32464404280078596,eval,0.28097633,1.0,13,0.175,0.030976325273513794
curv,0.425,0.25,8,1,33,12,0.24351277222568563,eval,0.19443281,0.0,13,0.175,-0.055567190051078796
curv,0.425,0.25,8,1,33,8,0.4116548441462745,eval,0.37379172,1.0,13,0.175,0.12379172444343567
curv,0.425,0.25,8,1,33,1,0.3514516707657725,eval,0.30957234,1.0,13,0.175,0.05957233905792236
curv,0.475,0.25,9,1,34,9,0.39704422467572553,eval,0.3582064,1.0,13,0.22499999999999998,0.10820639133453369
curv,0.475,0.25,9,1,34,12,0.6488602111424955,eval,0.6268213,1.0,13,0.22499999999999998,0.37682127952575684
curv,0.475,0.25,9,1,34,8,0.6047871761181993,eval,0.579808,1.0,13,0.22499999999999998,0.32980799674987793
curv,0.475,0.25,9,1,34,1,0.49997853715586665,eval,0.46800756,1.0,13,0.22499999999999998,0.21800756454467773
curv,0.525,0.25,10,1,35,9,0.6518731572705383,eval,0.63003516,1.0,13,0.275,0.3800351619720459
curv,0.525,0.25,10,1,35,12,0.6518815273891231,eval,0.6300441,1.0,13,0.275,0.3800441026687622
curv,0.525,0.25,10,1,35,8,0.4282180135307945,eval,0.39145976,1.0,13,0.275,0.14145976305007935
curv,0.525,0.25,10,1,35,1,0.6281453084869473,eval,0.6047244,1.0,13,0.275,0.3547244071960449
curv,0.575,0.25,11,1,36,9,0.555391602743063,eval,0.5271172,1.0,13,0.32499999999999996,0.27711719274520874
curv,0.575,0.25,11,1,36,12,0.6323065992335506,eval,0.6091633,1.0,13,0.32499999999999996,0.3591632843017578
curv,0.575,0.25,11,1,36,8,0.767666270913514,eval,0.7535529,1.0,13,0.32499999999999996,0.5035529136657715
curv,0.575,0.25,11,1,36,1,0.5911009576715345,eval,0.5652088,1.0,13,0.32499999999999996,0.3152087926864624
curv,0.625,0.25,12,1,37,9,0.5891039353295531,eval,0.5630785,1.0,13,0.375,0.31307852268218994
curv,0.625,0.25,12,1,37,12,0.8633592229234116,eval,0.85562956,1.0,13,0.375,0.605629563331604
curv,0.625,0.25,12,1,37,8,0.8129344377381986,eval,0.80184096,1.0,13,0.375,0.5518409609794617
curv,0.625,0.25,12,1,37,1,0.5664471175876663,eval,0.5389103,1.0,13,0.375,0.2889103293418884
curv,0.675,0.25,13,1,38,9,0.682757241935024,eval,0.6629796,1.0,13,0.42500000000000004,0.4129796028137207
curv,0.675,0.25,13,1,38,12,0.6954978597927232,eval,0.67657006,1.0,13,0.42500000000000004,0.4265700578689575
curv,0.675,0.25,13,1,38,8,0.503656056203569,eval,0.47193033,1.0,13,0.42500000000000004,0.22193032503128052
curv,0.675,0.25,13,1,38,1,0.5408780285923331,eval,0.5116355,1.0,13,0.42500000000000004,0.2616354823112488
curv,0.725,0.25,14,1,39,9,0.6560502542647139,eval,0.63449097,1.0,13,0.475,0.384490966796875
curv,0.725,0.25,14,1,39,12,0.8071478916070218,eval,0.7956684,1.0,13,0.475,0.5456684231758118
curv,0.725,0.25,14,1,39,8,0.7108977334886978,eval,0.69299734,1.0,13,0.475,0.4429973363876343
curv,0.725,0.25,14,1,39,1,0.5848479785082572,eval,0.5585387,1.0,13,0.475,0.30853867530822754
flat,0.275,0.75,0,0,40,9,0.40819413685305606,eval,0.4439767,0.0,13,-0.475,-0.3060232996940613
flat,0.275,0.75,0,0,40,12,0.20115860187320406,eval,0.22406426,0.0,13,-0.475,-0.5259357392787933
flat,0.275,0.75,0,0,40,8,0.30926915696456797,eval,0.33845237,0.0,13,-0.475,-0.41154763102531433
flat,0.275,0.75,0,0,40,1,0.3252682849874866,eval,0.35551885,0.0,13,-0.475,-0.3944811522960663
flat,0.325,0.75,1,0,41,9,0.20008373483240952,eval,0.22301072,0.0,13,-0.425,-0.5269892811775208
flat,0.325,0.75,1,0,41,12,0.4384357407951828,eval,0.47623575,0.0,13,-0.425,-0.2737642526626587
flat,0.325,0.75,1,0,41,8,0.24891289124935712,eval,0.27406967,0.0,13,-0.425,-0.4759303331375122
flat,0.325,0.75,1,0,41,1,0.4239713033285805,eval,0.46080637,0.0,13,-0.425,-0.28919363021850586
flat,0.375,0.75,2,0,42,9,0.3599402001639595,eval,0.3925037,0.0,13,-0.375,-0.3574962913990021
flat,0.375,0.75,2,0,42,12,0.39178259697224144,eval,0.42647037,0.0,13,-0.375,-0.3235296308994293
flat,0.375,0.75,2,0,42,8,0.3008919496315271,eval,0.32951632,0.0,13,-0.375,-0.42048367857933044
flat,0.375,0.75,2,0,42,1,0.3585705407374709,eval,0.3910427,0.0,13,-0.375,-0.35895729064941406
flat,0.425,0.75,3,0,43,9,0.45969527857023623,eval,0.49891353,0.0,13,-0.325,-0.2510864734649658
flat,0.425,0.75,3,0,43,12,0.37987998551439534,eval,0.41377372,0.0,13,-0.325,-0.33622628450393677
flat,0.425,0.75,3,0,43,8,0.40125843032654535,eval,0.43657833,0.0,13,-0.325,-0.31342166662216187
flat,0.425,0.75,3,0,43,1,0.3175635141771565,eval,0.34730005,0.0,13,-0.325,-0.40269994735717773
flat,0.475,0.75,4,0,44,9,0.46455529309334376,eval,0.50409776,0.0,13,-0.275,-0.24590224027633667
flat,0.475,0.75,4,0,44,12,0.6866939198315876,eval,0.74105537,0.0,13,-0.275,-0.00894463062286377
flat,0.475,0.75,4,0,44,8,0.548917808711155,eval,0.5940882,0.0,13,-0.275,-0.15591180324554443
flat,0.475,0.75,4,0,44,1,0.5623042152621707,eval,0.6083676,0.0,13,-0.275,-0.14163237810134888
flat,0.525,0.75,5,0,45,9,0.4447712454632119,eval,0.48299393,0.0,13,-0.22499999999999998,-0.2670060694217682
flat,0.525,0.75,5,0,45,12,0.49452003354591684,eval,0.53606147,0.0,13,-0.22499999999999998,-0.21393853425979614
flat,0.525,0.75,5,0,45,8,0.4738666161052906,eval,0.5140303,0.0,13,-0.22499999999999998,-0.23596972227096558
flat,0.525,0.75,5,0,45,1,0.39696060552854273,eval,0.4319938,0.0,13,-0.22499999999999998,-0.3180061876773834
flat,0.575,0.75,6,0,46,9,0.48816108032474786,eval,0.52927834,0.0,13,-0.17500000000000004,-0.22072166204452515
flat,0.575,0.75,6,0,46,12,0.5758861327608518,eval,0.62285554,0.0,13,-0.17500000000000004,-0.127144455909729
flat,0.575,0.75,6,0,46,8,0.7576693811620117,eval,0.8167657,1.0,13,-0.17500000000000004,0.06676572561264038
flat,0.575,0.75,6,0,46,1,0.5036931904940727,eval,0.5458466,0.0,13,-0.17500000000000004,-0.2041534185409546
flat,0.625,0.75,7,0,47,9,0.6675394425820824,eval,0.72062314,0.0,13,-0.125,-0.029376864433288574
flat,0.625,0.75,7,0,47,12,0.6052720042673871,eval,0.65420175,0.0,13,-0.125,-0.09579825401306152
flat,0.625,0.75,7,0,47,8,0.6539974002338532,eval,0.7061777,0.0,13,-0.125,-0.043822288513183594
flat,0.625,0.75,7,0,47,1,0.6871017853540099,eval,0.7414905,0.0,13,-0.125,-0.008509516716003418
flat,0.675,0.75,8,0,48,9,0.57195195498333,eval,0.6186589,0.0,13,-0.07499999999999996,-0.1313410997390747
flat,0.675,0.75,8,0,48,12,0.5994329086763519,eval,0.64797306,0.0,13,-0.07499999999999996,-0.10202693939208984
flat,0.675,0.75,8,0,48,8,0.6647424715916677,eval,0.71763957,0.0,13,-0.07499999999999996,-0.03236043453216553
flat,0.675,0.75,8,0,48,1,0.44998588264254086,eval,0.48855644,0.0,13,-0.07499999999999996,-0.261443555355072
flat,0.725,0.75,9,0,49,9,0.789624270571504,eval,0.8508524,1.0,13,-0.025000000000000022,0.100852370262146
flat,0.725,0.75,9,0,49,12,0.7781272400530428,eval,0.8385884,1.0,13,-0.025000000000000022,0.0885884165763855
flat,0.725,0.75,9,0,49,8,0.8699259685131457,eval,0.93651104,1.0,13,-0.025000000000000022,0.18651103973388672
flat,0.725,0.75,9,0,49,1,0.7636369597566306,eval,0.8231314,1.0,13,-0.025000000000000022,0.07313138246536255
flat,0.775,0.75,10,1,50,9,0.6225851636354708,eval,0.6726699,0.0,13,0.025000000000000022,-0.07733011245727539
flat,0.775,0.75,10,1,50,12,0.8488409603732732,eval,0.9140194,1.0,13,0.025000000000000022,0.1640194058418274
flat,0.775,0.75,10,1,50,8,0.8376281195060352,eval,0.90205866,1.0,13,0.025000000000000022,0.1520586609840393
flat,0.775,0.75,10,1,50,1,0.7168359163590498,eval,0.77320814,1.0,13,0.025000000000000022,0.023208141326904297
flat,0.775,0.75,10,1,51,9,0.7195016903283316,eval,0.7760518,1.0,13,0.025000000000000022,0.026051819324493408
flat,0.775,0.75,10,1,51,12,0.8104372527738726,eval,0.8730537,1.0,13,0.025000000000000022,0.12305372953414917
flat,0.775,0.75,10,1,51,8,0.8119286775687574,eval,0.8746447,1.0,13,0.025000000000000022,0.1246446967124939
flat,0.775,0.75,10,1,51,1,0.7859279697477815,eval,0.8469094,1.0,13,0.025000000000000022,0.09690940380096436
flat,0.825,0.75,11,1,52,9,0.8286306022369746,eval,0.8924608,1.0,13,0.07499999999999996,0.14246082305908203
flat,0.825,0.75,11,1,52,12,0.5889421738555064,eval,0.6367826,0.0,13,0.07499999999999996,-0.11321741342544556
flat,0.825,0.75,11,1,52,8,0.7918859617230475,eval,0.853265,1.0,13,0.07499999999999996,0.10326498746871948
flat,0.825,0.75,11,1,52,1,0.8174298473779177,eval,0.88051283,1.0,13,0.07499999999999996,0.13051283359527588
flat,0.825,0.75,11,1,53,9,0.6997848056555384,eval,0.75501955,1.0,13,0.07499999999999996,0.005019545555114746
flat,0.825,0.75,11,1,53,12,0.9257997003423085,eval,0.9873173,1.0,13,0.07499999999999996,0.23731732368469238
flat,0.825,0.75,11,1,53,8,1.006398561389275,eval,1.0395303,1.0,13,0.07499999999999996,0.28953027725219727
flat,0.825,0.75,11,1,53,1,0.8452114395043959,eval,0.9101477,1.0,13,0.07499999999999996,0.16014772653579712
flat,0.875,0.75,12,1,54,9,0.9402010863526592,eval,0.9966466,1.0,13,0.125,0.24664658308029175
flat,0.875,0.75,12,1,54,12,0.8399761650176906,eval,0.9045632,1.0,13,0.125,0.15456318855285645
flat,0.875,0.75,12,1,54,8,0.9561821589739987,eval,1.0069995,1.0,13,0.125,0.25699949264526367
flat,0.875,0.75,12,1,54,1,0.9444171936707009,eval,0.9993779,1.0,13,0.125,0.24937790632247925
flat,0.875,0.75,12,1,55,9,0.8731461186690498,eval,0.93994606,1.0,13,0.125,0.18994605541229248
flat,0.875,0.75,12,1,55,12,0.7533676588110694,eval,0.812177,1.0,13,0.125,0.06217700242996216
flat,0.875,0.75,12,1,55,8,0.8546588664055288,eval,0.9202254,1.0,13,0.125,0.1702253818511963
flat,0.875,0.75,12,1,55,1,0.7991630249101591,eval,0.86102754,1.0,13,0.125,0.1110275387763977
flat,0.925,0.75,13,1,56,9,0.8213926318410458,eval,0.88474005,1.0,13,0.17500000000000004,0.13474005460739136
flat,0.925,0.75,13,1,56,12,0.9853280959050975,eval,1.0258805,1.0,13,0.17500000000000004,0.27588045597076416
flat,0.925,0.75,13,1,56,8,0.7672800849317296,eval,0.8270176,1.0,13,0.17500000000000004,0.07701760530471802
flat,0.925,0.75,13,1,56,1,1.0670982022311917,eval,1.0775659,1.0,13,0.17500000000000004,0.32756590843200684
flat,0.925,0.75,13,1,57,9,0.7731111770249605,eval,0.83323765,1.0,13,0.17500000000000004,0.0832376480102539
flat,0.925,0.75,13,1,57,12,0.9812849420373864,eval,1.0232613,1.0,13,0.17500000000000004,0.27326130867004395
flat,0.925,0.75,13,1,57,8,0.9622951541761923,eval,1.0109594,1.0,13,0.17500000000000004,0.2609593868255615
flat,0.925,0.75,13,1,57,1,0.9976093788947765,eval,1.0338365,1.0,13,0.17500000000000004,0.2838364839553833
flat,0.975,0.75,14,1,58,9,0.8184410628627359,eval,0.88159144,1.0,13,0.22499999999999998,0.13159143924713135
flat,0.975,0.75,14,1,58,12,0.8706926297718663,eval,0.9373288,1.0,13,0.22499999999999998,0.18732881546020508
flat,0.975,0.75,14,1,58,8,0.8606259907898409,eval,0.9265906,1.0,13,0.22499999999999998,0.17659062147140503
flat,0.975,0.75,14,1,58,1,1.0593732662303268,eval,1.0730458,1.0,13,0.22499999999999998,0.32304584980010986
flat,0.975,0.75,14,1,59,9,0.9801033945130329,eval,1.0224959,1.0,13,0.22499999999999998,0.2724958658218384
flat,0.975,0.75,14,1,59,12,1.2222435678832566,eval,1.1683393,1.0,13,0.22499999999999998,0.41833925247192383
flat,0.975,0.75,14,1,59,8,0.8034054048241679,eval,0.8655528,1.0,13,0.22499999999999998,0.11555278301239014
flat,0.975,0.75,14,1,59,1,1.0914863981111027,eval,1.091835,1.0,13,0.22499999999999998,0.34183502197265625
base,0.025,0.5,0,0,0,9,-0.002915150546776414,eval,-0.023393124,0.0,14,-0.475,-0.5233931243419647
base,0.025,0.5,0,0,0,12,0.06907067447635609,eval,0.05276969,0.0,14,-0.475,-0.4472303092479706
base,0.025,0.5,0,0,0,8,0.07970956613393337,eval,0.064025894,0.0,14,-0.475,-0.4359741061925888
base,0.025,0.5,0,0,0,1,-0.018643524714322124,eval,-0.040034145,0.0,14,-0.475,-0.540034145116806
base,0.075,0.5,1,0,1,9,0.10314711025906223,eval,0.08882339,0.0,14,-0.425,-0.4111766070127487
base,0.075,0.5,1,0,1,12,0.10925153909534122,eval,0.09528203,0.0,14,-0.425,-0.40471796691417694
base,0.075,0.5,1,0,1,8,0.2513759069559374,eval,0.24565311,0.0,14,-0.425,-0.25434689223766327
base,0.075,0.5,1,0,1,1,-0.041980190777286416,eval,-0.06472489,0.0,14,-0.425,-0.5647248923778534
base,0.125,0.5,2,0,2,9,0.2532481233683165,eval,0.24763398,0.0,14,-0.375,-0.2523660212755203
base,0.125,0.5,2,0,2,12,0.17239470669880136,eval,0.16208908,0.0,14,-0.375,-0.337910920381546
base,0.125,0.5,2,0,2,8,0.07632387892071708,eval,0.06044373,0.0,14,-0.375,-0.4395562708377838
base,0.125,0.5,2,0,2,1,0.2989367877130134,eval,0.29597366,0.0,14,-0.375,-0.20402634143829346
base,0.175,0.5,3,0,3,9,0.2032451825285249,eval,0.19472958,0.0,14,-0.325,-0.3052704185247421
base,0.175,0.5,3,0,3,12,0.1482691568046723,eval,0.13656364,0.0,14,-0.325,-0.36343635618686676
base,0.175,0.5,3,0,3,8,0.18441541561970465,eval,0.17480728,0.0,14,-0.325,-0.32519271969795227
base,0.175,0.5,3,0,3,1,0.1254089271557848,eval,0.11237697,0.0,14,-0.325,-0.38762302696704865
base,0.225,0.5,4,0,4,9,0.3056019527170751,eval,0.30302554,0.0,14,-0.275,-0.19697445631027222
base,0.225,0.5,4,0,4,12,0.3438327862596402,eval,0.34347475,0.0,14,-0.275,-0.15652525424957275
base,0.225,0.5,4,0,4,8,0.15444720452789168,eval,0.14310014,0.0,14,-0.275,-0.35689985752105713
base,0.225,0.5,4,0,4,1,0.2578969629460202,eval,0.25255254,0.0,14,-0.275,-0.24744746088981628
base,0.275,0.5,5,0,5,9,0.15241172947768455,eval,0.14094658,0.0,14,-0.22499999999999998,-0.3590534180402756
base,0.275,0.5,5,0,5,12,0.24014279349858433,eval,0.23376817,0.0,14,-0.22499999999999998,-0.26623183488845825
base,0.275,0.5,5,0,5,8,0.15737429350797189,eval,0.14619704,0.0,14,-0.22499999999999998,-0.35380296409130096
base,0.275,0.5,5,0,5,1,0.24914274545260762,eval,0.24329042,0.0,14,-0.22499999999999998,-0.25670957565307617
base,0.325,0.5,6,0,6,9,0.32274678225324427,eval,0.32116526,0.0,14,-0.175,-0.1788347363471985
base,0.325,0.5,6,0,6,12,0.17876480748448073,eval,0.16882882,0.0,14,-0.175,-0.3311711847782135
base,0.325,0.5,6,0,6,8,0.2536892033263042,eval,0.24810062,0.0,14,-0.175,-0.2518993765115738
base,0.325,0.5,6,0,6,1,0.48334728788021225,eval,0.49108455,0.0,14,-0.175,-0.008915454149246216
base,0.375,0.5,7,0,7,9,0.3874211319304505,eval,0.3895923,0.0,14,-0.125,-0.11040771007537842
base,0.375,0.5,7,0,7,12,0.4599783613618451,eval,0.46635967,0.0,14,-0.125,-0.03364032506942749
base,0.375,0.5,7,0,7,8,0.3405001475914213,eval,0.33994877,0.0,14,-0.125,-0.16005122661590576
base,0.375,0.5,7,0,7,1,0.5070360987081839,eval,0.5161479,1.0,14,-0.125,0.016147911548614502
base,0.425,0.5,8,0,8,9,0.5112246184619911,eval,0.52057946,1.0,14,-0.07500000000000001,0.02057945728302002
base,0.425,0.5,8,0,8,12,0.6100702779951481,eval,0.6251606,1.0,14,-0.07500000000000001,0.1251605749130249
base,0.425,0.5,8,0,8,8,0.5605438028669814,eval,0.57276034,1.0,14,-0.07500000000000001,0.07276034355163574
base,0.425,0.5,8,0,8,1,0.4883352622824915,eval,0.49636197,0.0,14,-0.07500000000000001,-0.003638029098510742
base,0.475,0.5,9,0,9,9,0.4866060673431017,eval,0.4945324,0.0,14,-0.025000000000000022,-0.005467593669891357
base,0.475,0.5,9,0,9,12,0.3789848880709369,eval,0.3806666,0.0,14,-0.025000000000000022,-0.11933338642120361
base,0.475,0.5,9,0,9,8,0.4752211602573378,eval,0.48248696,0.0,14,-0.025000000000000022,-0.017513036727905273
base,0.475,0.5,9,0,9,1,0.2546490119353349,eval,0.24911608,0.0,14,-0.025000000000000022,-0.25088392198085785
base,0.525,0.5,10,1,10,9,0.6054078958119873,eval,0.6202277,1.0,14,0.025000000000000022,0.12022769451141357
base,0.525,0.5,10,1,10,12,0.5148368870407144,eval,0.5244013,1.0,14,0.025000000000000022,0.024401307106018066
base,0.525,0.5,10,1,10,8,0.44594551903321245,eval,0.4515126,0.0,14,0.025000000000000022,-0.04848739504814148
base,0.525,0.5,10,1,10,1,0.5302028974259887,eval,0.54065907,1.0,14,0.025000000000000022,0.04065907001495361
base,0.575,0.5,11,1,11,9,0.5245800752222866,eval,0.5347098,1.0,14,0.07499999999999996,0.034709811210632324
base,0.575,0.5,11,1,11,12,0.5064557989281973,eval,0.5155339,1.0,14,0.07499999999999996,0.015533924102783203
base,0.575,0.5,11,1,11,8,0.5891877828241733,eval,0.60306644,1.0,14,0.07499999999999996,0.10306644439697266
base,0.575,0.5,11,1,11,1,0.6433686190776534,eval,0.6603911,1.0,14,0.07499999999999996,0.16039109230041504
base,0.625,0.5,12,1,12,9,0.6607954906213157,eval,0.67882913,1.0,14,0.125,0.1788291335105896
base,0.625,0.5,12,1,12,12,0.5869416749872484,eval,0.60068995,1.0,14,0.125,0.10068994760513306
base,0.625,0.5,12,1,12,8,0.6467571355560034,eval,0.66397625,1.0,14,0.125,0.16397625207901
base,0.625,0.5,12,1,12,1,0.7253961575842169,eval,0.7471783,1.0,14,0.125,0.247178316116333
base,0.675,0.5,13,1,13,9,0.7164866401254424,eval,0.7377518,1.0,14,0.17500000000000004,0.2377517819404602
base,0.675,0.5,13,1,13,12,0.6796092971779658,eval,0.69873464,1.0,14,0.17500000000000004,0.19873464107513428
base,0.675,0.5,13,1,13,8,0.6073767944025039,eval,0.6223109,1.0,14,0.17500000000000004,0.12231087684631348
base,0.675,0.5,13,1,13,1,0.61320929552924,eval,0.62848175,1.0,14,0.17500000000000004,0.12848174571990967
base,0.725,0.5,14,1,14,9,0.6000224275413348,eval,0.6145297,1.0,14,0.22499999999999998,0.11452972888946533
base,0.725,0.5,14,1,14,12,0.6008191547218831,eval,0.6153728,1.0,14,0.22499999999999998,0.11537277698516846
base,0.725,0.5,14,1,14,8,0.8393233626629595,eval,0.867716,1.0,14,0.22499999999999998,0.3677160143852234
base,0.725,0.5,14,1,14,1,0.9072011363328323,eval,0.91814566,1.0,14,0.22499999999999998,0.41814565658569336
base,0.775,0.5,15,1,15,9,0.7925538628567643,eval,0.8182327,1.0,14,0.275,0.3182327151298523
base,0.775,0.5,15,1,15,12,0.7472346328732713,eval,0.77028394,1.0,14,0.275,0.27028393745422363
base,0.775,0.5,15,1,15,8,0.586165110902335,eval,0.5998683,1.0,14,0.275,0.0998682975769043
base,0.775,0.5,15,1,15,1,0.6429569029986707,eval,0.6599555,1.0,14,0.275,0.15995550155639648
base,0.825,0.5,16,1,16,9,0.7929637473048593,eval,0.81866646,1.0,14,0.32499999999999996,0.3186664581298828
base,0.825,0.5,16,1,16,12,0.6784032613617612,eval,0.6974586,1.0,14,0.32499999999999996,0.19745862483978271
base,0.825,0.5,16,1,16,8,0.8036455371917013,eval,0.82996804,1.0,14,0.32499999999999996,0.32996803522109985
base,0.825,0.5,16,1,16,1,0.7588471978184781,eval,0.78257024,1.0,14,0.32499999999999996,0.2825702428817749
base,0.875,0.5,17,1,17,9,0.6845912051383966,eval,0.7040057,1.0,14,0.375,0.20400571823120117
base,0.875,0.5,17,1,17,12,0.8181772362058521,eval,0.845343,1.0,14,0.375,0.3453429937362671
base,0.875,0.5,17,1,17,8,0.9415066065629245,eval,0.93960613,1.0,14,0.375,0.4396061301231384
base,0.875,0.5,17,1,17,1,0.9685049988114022,eval,0.95649546,1.0,14,0.375,0.456495463848114
base,0.925,0.5,18,1,18,9,1.0208406680141398,eval,0.98923504,1.0,14,0.42500000000000004,0.4892350435256958
base,0.925,0.5,18,1,18,12,0.8063930346013513,eval,0.832875,1.0,14,0.42500000000000004,0.33287501335144043
base,0.925,0.5,18,1,18,8,0.7911567480523145,eval,0.8167546,1.0,14,0.42500000000000004,0.3167545795440674
base,0.925,0.5,18,1,18,1,0.9299054613825312,eval,0.9323488,1.0,14,0.42500000000000004,0.4323487877845764
base,0.975,0.5,19,1,19,9,0.9388141319695699,eval,0.9379218,1.0,14,0.475,0.43792182207107544
base,0.975,0.5,19,1,19,12,0.8690939300539855,eval,0.894307,1.0,14,0.475,0.394307017326355
base,0.975,0.5,19,1,19,8,1.0111253748643376,eval,0.9831574,1.0,14,0.475,0.4831573963165283
base,0.975,0.5,19,1,19,1,1.1752392583645255,eval,1.0841572,1.0,14,0.475,0.5841572284698486
curv,0.025,0.25,0,0,20,9,-0.06023900581258609,eval,-0.08994722,0.0,14,-0.225,-0.3399472236633301
curv,0.025,0.25,0,0,20,12,-0.14699106806582,eval,-0.18173307,0.0,14,-0.225,-0.43173307180404663
curv,0.025,0.25,0,0,20,8,0.1542893050193805,eval,0.13702899,0.0,14,-0.225,-0.11297100782394409
curv,0.025,0.25,0,0,20,1,0.04385191925124656,eval,0.020183519,0.0,14,-0.225,-0.2298164814710617
curv,0.025,0.25,0,0,21,9,-0.012731674369381461,eval,-0.039683342,0.0,14,-0.225,-0.28968334197998047
curv,0.025,0.25,0,0,21,12,0.1469354588732634,eval,0.12924847,0.0,14,-0.225,-0.1207515299320221
curv,0.025,0.25,0,0,21,8,0.07036712642569681,eval,0.04823731,0.0,14,-0.225,-0.20176269114017487
curv,0.025,0.25,0,0,21,1,-0.03831940901922267,eval,-0.06675574,0.0,14,-0.225,-0.3167557418346405
curv,0.075,0.25,1,0,22,9,0.08882003031483213,eval,0.0677609,0.0,14,-0.175,-0.1822391003370285
curv,0.075,0.25,1,0,22,12,0.12590590847395516,eval,0.10699871,0.0,14,-0.175,-0.14300128817558289
curv,0.075,0.25,1,0,22,8,-0.09401599429769265,eval,-0.12568414,0.0,14,-0.175,-0.37568414211273193
curv,0.075,0.25,1,0,22,1,0.03724364947671917,eval,0.013191819,0.0,14,-0.175,-0.236808180809021
curv,0.075,0.25,1,0,23,9,0.22579094843471398,eval,0.2126795,0.0,14,-0.175,-0.037320494651794434
curv,0.075,0.25,1,0,23,12,-0.11674640434564944,eval,-0.14973348,0.0,14,-0.175,-0.3997334837913513
curv,0.075,0.25,1,0,23,8,0.0021804972564751224,eval,-0.023905858,0.0,14,-0.175,-0.2739058583974838
curv,0.075,0.25,1,0,23,1,-0.03411461176191956,eval,-0.062307,0.0,14,-0.175,-0.3123070001602173
curv,0.125,0.25,2,0,24,9,0.10840667969937974,eval,0.088484064,0.0,14,-0.125,-0.16151593625545502
curv,0.125,0.25,2,0,24,12,0.06531724059521243,eval,0.04289435,0.0,14,-0.125,-0.20710565149784088
curv,0.125,0.25,2,0,24,8,0.24823034025042634,eval,0.23642094,0.0,14,-0.125,-0.013579055666923523
curv,0.125,0.25,2,0,24,1,-0.002768016638660803,eval,-0.029141545,0.0,14,-0.125,-0.27914154529571533
curv,0.125,0.25,2,0,25,9,0.17224074969585104,eval,0.15602207,0.0,14,-0.125,-0.0939779281616211
curv,0.125,0.25,2,0,25,12,0.0579561400096926,eval,0.035106152,0.0,14,-0.125,-0.21489384770393372
curv,0.125,0.25,2,0,25,8,0.15483352450652943,eval,0.1376048,0.0,14,-0.125,-0.11239519715309143
curv,0.125,0.25,2,0,25,1,0.18804114907682318,eval,0.17273927,0.0,14,-0.125,-0.07726073265075684
curv,0.175,0.25,3,0,26,9,0.31235793768977616,eval,0.30426955,1.0,14,-0.07500000000000001,0.05426955223083496
curv,0.175,0.25,3,0,26,12,0.1059055871831403,eval,0.08583787,0.0,14,-0.07500000000000001,-0.16416212916374207
curv,0.175,0.25,3,0,26,8,0.17401410615100246,eval,0.15789834,0.0,14,-0.07500000000000001,-0.09210166335105896
curv,0.175,0.25,3,0,26,1,0.23311658124128057,eval,0.22043021,0.0,14,-0.07500000000000001,-0.02956978976726532
curv,0.175,0.25,3,0,27,9,0.22835505312737925,eval,0.21539241,0.0,14,-0.07500000000000001,-0.03460758924484253
curv,0.175,0.25,3,0,27,12,0.030311648744351605,eval,0.0058576018,0.0,14,-0.07500000000000001,-0.24414239823818207
curv,0.175,0.25,3,0,27,8,0.219120059471549,eval,0.20562154,0.0,14,-0.07500000000000001,-0.044378459453582764
curv,0.175,0.25,3,0,27,1,0.30445588194411166,eval,0.29590893,1.0,14,-0.07500000000000001,0.04590892791748047
curv,0.225,0.25,4,0,28,9,0.3318564157418792,eval,0.32489944,1.0,14,-0.024999999999999994,0.07489943504333496
curv,0.225,0.25,4,0,28,12,0.30043857213684555,eval,0.29165858,1.0,14,-0.024999999999999994,0.04165858030319214
curv,0.225,0.25,4,0,28,8,0.2971048950005876,eval,0.28813142,1.0,14,-0.024999999999999994,0.03813141584396362
curv,0.225,0.25,4,0,28,1,0.1495394208740069,eval,0.13200352,0.0,14,-0.024999999999999994,-0.11799648404121399
curv,0.225,0.25,4,0,29,9,0.17734901410490445,eval,0.16142677,0.0,14,-0.024999999999999994,-0.08857323229312897
curv,0.225,0.25,4,0,29,12,0.1854136214492001,eval,0.16995934,0.0,14,-0.024999999999999994,-0.08004066348075867
curv,0.225,0.25,4,0,29,8,0.15415347634020068,eval,0.13688529,0.0,14,-0.024999999999999994,-0.11311471462249756
curv,0.225,0.25,4,0,29,1,0.3939107452443673,eval,0.39055437,1.0,14,-0.024999999999999994,0.14055436849594116
curv,0.275,0.25,5,1,30,9,0.3521049326473978,eval,0.34632283,1.0,14,0.025000000000000022,0.09632283449172974
curv,0.275,0.25,5,1,30,12,0.3218148909489514,eval,0.3142752,1.0,14,0.025000000000000022,0.06427520513534546
curv,0.275,0.25,5,1,30,8,0.2459599919927045,eval,0.23401888,0.0,14,0.025000000000000022,-0.015981122851371765
curv,0.275,0.25,5,1,30,1,0.2462612292191334,eval,0.23433757,0.0,14,0.025000000000000022,-0.015662431716918945
curv,0.325,0.25,6,1,31,9,0.31920239999303074,eval,0.31151113,1.0,14,0.07500000000000001,0.06151112914085388
curv,0.325,0.25,6,1,31,12,0.37767557651664274,eval,0.3733772,1.0,14,0.07500000000000001,0.12337720394134521
curv,0.325,0.25,6,1,31,8,0.339291364966682,eval,0.33276576,1.0,14,0.07500000000000001,0.08276575803756714
curv,0.325,0.25,6,1,31,1,0.4824408278844587,eval,0.48422146,1.0,14,0.07500000000000001,0.2342214584350586
curv,0.375,0.25,7,1,32,9,0.48244112374891795,eval,0.4842217,1.0,14,0.125,0.2342216968536377
curv,0.375,0.25,7,1,32,12,0.5125445311670886,eval,0.51607186,1.0,14,0.125,0.2660718560218811
curv,0.375,0.25,7,1,32,8,0.3206042278212674,eval,0.3129943,1.0,14,0.125,0.06299430131912231
curv,0.375,0.25,7,1,32,1,0.3317214152817403,eval,0.32475656,1.0,14,0.125,0.07475656270980835
curv,0.425,0.25,8,1,33,9,0.32464404280078596,eval,0.31726846,1.0,14,0.175,0.06726846098899841
curv,0.425,0.25,8,1,33,12,0.24351277222568563,eval,0.23142964,0.0,14,0.175,-0.018570363521575928
curv,0.425,0.25,8,1,33,8,0.4116548441462745,eval,0.40932804,1.0,14,0.175,0.15932804346084595
curv,0.425,0.25,8,1,33,1,0.3514516707657725,eval,0.34563163,1.0,14,0.175,0.09563162922859192
curv,0.475,0.25,9,1,34,9,0.39704422467572553,eval,0.3938697,1.0,14,0.22499999999999998,0.14386969804763794
curv,0.475,0.25,9,1,34,12,0.6488602111424955,eval,0.61951095,1.0,14,0.22499999999999998,0.3695109486579895
curv,0.475,0.25,9,1,34,8,0.6047871761181993,eval,0.5919403,1.0,14,0.22499999999999998,0.3419402837753296
curv,0.475,0.25,9,1,34,1,0.49997853715586665,eval,0.5027768,1.0,14,0.22499999999999998,0.2527768015861511
curv,0.525,0.25,10,1,35,9,0.6518731572705383,eval,0.62139577,1.0,14,0.275,0.3713957667350769
curv,0.525,0.25,10,1,35,12,0.6518815273891231,eval,0.62140095,1.0,14,0.275,0.37140095233917236
curv,0.525,0.25,10,1,35,8,0.4282180135307945,eval,0.4268523,1.0,14,0.275,0.176852285861969
curv,0.525,0.25,10,1,35,1,0.6281453084869473,eval,0.6065524,1.0,14,0.275,0.3565524220466614
curv,0.575,0.25,11,1,36,9,0.555391602743063,eval,0.56103987,1.0,14,0.32499999999999996,0.31103986501693726
curv,0.575,0.25,11,1,36,12,0.6323065992335506,eval,0.60915554,1.0,14,0.32499999999999996,0.359155535697937
curv,0.575,0.25,11,1,36,8,0.767666270913514,eval,0.6938323,1.0,14,0.32499999999999996,0.44383227825164795
curv,0.575,0.25,11,1,36,1,0.5911009576715345,eval,0.58337855,1.0,14,0.32499999999999996,0.33337855339050293
curv,0.625,0.25,12,1,37,9,0.5891039353295531,eval,0.58212936,1.0,14,0.375,0.3321293592453003
curv,0.625,0.25,12,1,37,12,0.8633592229234116,eval,0.75369483,1.0,14,0.375,0.5036948323249817
curv,0.625,0.25,12,1,37,8,0.8129344377381986,eval,0.7221507,1.0,14,0.375,0.47215068340301514
curv,0.625,0.25,12,1,37,1,0.5664471175876663,eval,0.5679559,1.0,14,0.375,0.3179559111595154
curv,0.675,0.25,13,1,38,9,0.682757241935024,eval,0.6407159,1.0,14,0.42500000000000004,0.39071589708328247
curv,0.675,0.25,13,1,38,12,0.6954978597927232,eval,0.64868605,1.0,14,0.42500000000000004,0.3986860513687134
curv,0.675,0.25,13,1,38,8,0.503656056203569,eval,0.5066676,1.0,14,0.42500000000000004,0.2566676139831543
curv,0.675,0.25,13,1,38,1,0.5408780285923331,eval,0.5460495,1.0,14,0.42500000000000004,0.29604947566986084
curv,0.725,0.25,14,1,39,9,0.6560502542647139,eval,0.6240088,1.0,14,0.475,0.37400877475738525
curv,0.725,0.25,14,1,39,12,0.8071478916070218,eval,0.71853083,1.0,14,0.475,0.4685308337211609
curv,0.725,0.25,14,1,39,8,0.7108977334886978,eval,0.6583197,1.0,14,0.475,0.40831971168518066
curv,0.725,0.25,14,1,39,1,0.5848479785082572,eval,0.5794669,1.0,14,0.475,0.32946687936782837
flat,0.275,0.75,0,0,40,9,0.40819413685305606,eval,0.41747475,0.0,14,-0.475,-0.33252525329589844
flat,0.275,0.75,0,0,40,12,0.20115860187320406,eval,0.19842604,0.0,14,-0.475,-0.5515739619731903
flat,0.275,0.75,0,0,40,8,0.30926915696456797,eval,0.31280974,0.0,14,-0.475,-0.4371902644634247
flat,0.275,0.75,0,0,40,1,0.3252682849874866,eval,0.32973722,0.0,14,-0.475,-0.42026278376579285
flat,0.325,0.75,1,0,41,9,0.20008373483240952,eval,0.19728878,0.0,14,-0.425,-0.5527112185955048
flat,0.325,0.75,1,0,41,12,0.4384357407951828,eval,0.44947118,0.0,14,-0.425,-0.3005288243293762
flat,0.325,0.75,1,0,41,8,0.24891289124935712,eval,0.24895129,0.0,14,-0.425,-0.5010487139225006
flat,0.325,0.75,1,0,41,1,0.4239713033285805,eval,0.4341674,0.0,14,-0.425,-0.31583261489868164
flat,0.375,0.75,2,0,42,9,0.3599402001639595,eval,0.36642092,0.0,14,-0.375,-0.3835790753364563
flat,0.375,0.75,2,0,42,12,0.39178259697224144,eval,0.4001109,0.0,14,-0.375,-0.3498890995979309
flat,0.375,0.75,2,0,42,8,0.3008919496315271,eval,0.30394644,0.0,14,-0.375,-0.44605356454849243
flat,0.375,0.75,2,0,42,1,0.3585705407374709,eval,0.3649718,0.0,14,-0.375,-0.385028213262558
flat,0.425,0.75,3,0,43,9,0.45969527857023623,eval,0.47196427,0.0,14,-0.325,-0.2780357301235199
flat,0.425,0.75,3,0,43,12,0.37987998551439534,eval,0.3875177,0.0,14,-0.325,-0.36248230934143066
flat,0.425,0.75,3,0,43,8,0.40125843032654535,eval,0.41013664,0.0,14,-0.325,-0.3398633599281311
flat,0.425,0.75,3,0,43,1,0.3175635141771565,eval,0.3215853,0.0,14,-0.325,-0.4284147024154663
flat,0.475,0.75,4,0,44,9,0.46455529309334376,eval,0.47710624,0.0,14,-0.275,-0.2728937566280365
flat,0.475,0.75,4,0,44,12,0.6866939198315876,eval,0.71213436,0.0,14,-0.275,-0.037865638732910156
flat,0.475,0.75,4,0,44,8,0.548917808711155,eval,0.56636393,0.0,14,-0.275,-0.18363606929779053
flat,0.475,0.75,4,0,44,1,0.5623042152621707,eval,0.580527,0.0,14,-0.275,-0.16947299242019653
flat,0.525,0.75,5,0,45,9,0.4447712454632119,eval,0.45617425,0.0,14,-0.22499999999999998,-0.29382574558258057
flat,0.525,0.75,5,0,45,12,0.49452003354591684,eval,0.50880975,0.0,14,-0.22499999999999998,-0.24119025468826294
flat,0.525,0.75,5,0,45,8,0.4738666161052906,eval,0.48695782,0.0,14,-0.22499999999999998,-0.2630421817302704
flat,0.525,0.75,5,0,45,1,0.39696060552854273,eval,0.4055894,0.0,14,-0.22499999999999998,-0.34441059827804565
flat,0.575,0.75,6,0,46,9,0.48816108032474786,eval,0.50208175,0.0,14,-0.17500000000000004,-0.2479182481765747
flat,0.575,0.75,6,0,46,12,0.5758861327608518,eval,0.59489703,0.0,14,-0.17500000000000004,-0.15510296821594238
flat,0.575,0.75,6,0,46,8,0.7576693811620117,eval,0.7872283,1.0,14,-0.17500000000000004,0.037228286266326904
flat,0.575,0.75,6,0,46,1,0.5036931904940727,eval,0.5185151,0.0,14,-0.17500000000000004,-0.23148488998413086
flat,0.625,0.75,7,0,47,9,0.6675394425820824,eval,0.69186854,0.0,14,-0.125,-0.05813145637512207
flat,0.625,0.75,7,0,47,12,0.6052720042673871,eval,0.625988,0.0,14,-0.125,-0.12401199340820312
flat,0.625,0.75,7,0,47,8,0.6539974002338532,eval,0.6775407,0.0,14,-0.125,-0.07245928049087524
flat,0.625,0.75,7,0,47,1,0.6871017853540099,eval,0.7125659,0.0,14,-0.125,-0.03743410110473633
flat,0.675,0.75,8,0,48,9,0.57195195498333,eval,0.5907346,0.0,14,-0.07499999999999996,-0.159265398979187
flat,0.675,0.75,8,0,48,12,0.5994329086763519,eval,0.6198101,0.0,14,-0.07499999999999996,-0.1301898956298828
flat,0.675,0.75,8,0,48,8,0.6647424715916677,eval,0.68890923,0.0,14,-0.07499999999999996,-0.06109076738357544
flat,0.675,0.75,8,0,48,1,0.44998588264254086,eval,0.4616915,0.0,14,-0.07499999999999996,-0.2883085012435913
flat,0.725,0.75,9,0,49,9,0.789624270571504,eval,0.82103723,1.0,14,-0.025000000000000022,0.07103723287582397
flat,0.725,0.75,9,0,49,12,0.7781272400530428,eval,0.80887324,1.0,14,-0.025000000000000022,0.05887323617935181
flat,0.725,0.75,9,0,49,8,0.8699259685131457,eval,0.9059985,1.0,14,-0.025000000000000022,0.15599852800369263
flat,0.725,0.75,9,0,49,1,0.7636369597566306,eval,0.7935421,1.0,14,-0.025000000000000022,0.04354208707809448
flat,0.775,0.75,10,1,50,9,0.6225851636354708,eval,0.6443058,0.0,14,0.025000000000000022,-0.10569417476654053
flat,0.775,0.75,10,1,50,12,0.8488409603732732,eval,0.88369006,1.0,14,0.025000000000000022,0.13369005918502808
flat,0.775,0.75,10,1,50,8,0.8376281195060352,eval,0.87182665,1.0,14,0.025000000000000022,0.1218266487121582
flat,0.775,0.75,10,1,50,1,0.7168359163590498,eval,0.74402535,0.0,14,0.025000000000000022,-0.0059746503829956055
flat,0.775,0.75,10,1,51,9,0.7195016903283316,eval,0.74684584,0.0,14,0.025000000000000022,-0.003154158592224121
flat,0.775,0.75,10,1,51,12,0.8104372527738726,eval,0.84305793,1.0,14,0.025000000000000022,0.09305793046951294
flat,0.775,0.75,10,1,51,8,0.8119286775687574,eval,0.84463596,1.0,14,0.025000000000000022,0.0946359634399414
flat,0.775,0.75,10,1,51,1,0.7859279697477815,eval,0.8171264,1.0,14,0.025000000000000022,0.06712639331817627
flat,0.825,0.75,11,1,52,9,0.8286306022369746,eval,0.862307,1.0,14,0.07499999999999996,0.11230701208114624
flat,0.825,0.75,11,1,52,12,0.5889421738555064,eval,0.60871065,0.0,14,0.07499999999999996,-0.1412893533706665
flat,0.825,0.75,11,1,52,8,0.7918859617230475,eval,0.82343024,1.0,14,0.07499999999999996,0.07343024015426636
flat,0.825,0.75,11,1,52,1,0.8174298473779177,eval,0.8504563,1.0,14,0.07499999999999996,0.10045629739761353
flat,0.825,0.75,11,1,53,9,0.6997848056555384,eval,0.7259849,0.0,14,0.07499999999999996,-0.02401512861251831
flat,0.825,0.75,11,1,53,12,0.9257997003423085,eval,0.9564824,1.0,14,0.07499999999999996,0.2064824104309082
flat,0.825,0.75,11,1,53,8,1.006398561389275,eval,1.0263764,1.0,14,0.07499999999999996,0.2763763666152954
flat,0.825,0.75,11,1,53,1,0.8452114395043959,eval,0.87984985,1.0,14,0.07499999999999996,0.1298498511314392
flat,0.875,0.75,12,1,54,9,0.9402010863526592,eval,0.9689711,1.0,14,0.125,0.21897107362747192
flat,0.875,0.75,12,1,54,12,0.8399761650176906,eval,0.8743109,1.0,14,0.125,0.12431091070175171
flat,0.875,0.75,12,1,54,8,0.9561821589739987,eval,0.98282963,1.0,14,0.125,0.23282963037490845
flat,0.875,0.75,12,1,54,1,0.9444171936707009,eval,0.9726272,1.0,14,0.125,0.22262722253799438
flat,0.875,0.75,12,1,55,9,0.8731461186690498,eval,0.9094055,1.0,14,0.125,0.15940552949905396
flat,0.875,0.75,12,1,55,12,0.7533676588110694,eval,0.7826769,1.0,14,0.125,0.032676875591278076
flat,0.875,0.75,12,1,55,8,0.8546588664055288,eval,0.8898455,1.0,14,0.125,0.13984549045562744
flat,0.875,0.75,12,1,55,1,0.7991630249101591,eval,0.83112955,1.0,14,0.125,0.08112955093383789
flat,0.925,0.75,13,1,56,9,0.8213926318410458,eval,0.854649,1.0,14,0.17500000000000004,0.10464900732040405
flat,0.925,0.75,13,1,56,12,0.9853280959050975,eval,1.0081043,1.0,14,0.17500000000000004,0.2581043243408203
flat,0.925,0.75,13,1,56,8,0.7672800849317296,eval,0.79739666,1.0,14,0.17500000000000004,0.04739665985107422
flat,0.925,0.75,13,1,56,1,1.0670982022311917,eval,1.0790141,1.0,14,0.17500000000000004,0.3290140628814697
flat,0.925,0.75,13,1,57,9,0.7731111770249605,eval,0.8035659,1.0,14,0.17500000000000004,0.053565919399261475
flat,0.925,0.75,13,1,57,12,0.9812849420373864,eval,1.0045983,1.0,14,0.17500000000000004,0.2545982599258423
flat,0.925,0.75,13,1,57,8,0.9622951541761923,eval,0.9881307,1.0,14,0.17500000000000004,0.23813068866729736
flat,0.925,0.75,13,1,57,1,0.9976093788947765,eval,1.0187545,1.0,14,0.17500000000000004,0.2687544822692871
flat,0.975,0.75,14,1,58,9,0.8184410628627359,eval,0.85152614,1.0,14,0.22499999999999998,0.10152614116668701
flat,0.975,0.75,14,1,58,12,0.8706926297718663,eval,0.9068096,1.0,14,0.22499999999999998,0.15680962800979614
flat,0.975,0.75,14,1,58,8,0.8606259907898409,eval,0.8961589,1.0,14,0.22499999999999998,0.1461588740348816
flat,0.975,0.75,14,1,58,1,1.0593732662303268,eval,1.072315,1.0,14,0.22499999999999998,0.322314977645874
flat,0.975,0.75,14,1,59,9,0.9801033945130329,eval,1.0035737,1.0,14,0.22499999999999998,0.2535736560821533
flat,0.975,0.75,14,1,59,12,1.2222435678832566,eval,1.1870451,1.0,14,0.22499999999999998,0.4370450973510742
flat,0.975,0.75,14,1,59,8,0.8034054048241679,eval,0.8356181,1.0,14,0.22499999999999998,0.08561807870864868
flat,0.975,0.75,14,1,59,1,1.0914863981111027,eval,1.100163,1.0,14,0.22499999999999998,0.35016298294067383
base,0.025,0.5,0,0,0,9,-0.002915150546776414,eval,0.012748979,0.0,15,-0.475,-0.48725102096796036
base,0.025,0.5,0,0,0,12,0.06907067447635609,eval,0.085350215,0.0,15,-0.475,-0.4146497845649719
base,0.025,0.5,0,0,0,8,0.07970956613393337,eval,0.096080065,0.0,15,-0.475,-0.40391993522644043
base,0.025,0.5,0,0,0,1,-0.018643524714322124,eval,-0.003113851,0.0,15,-0.475,-0.5031138509511948
base,0.075,0.5,1,0,1,9,0.10314711025906223,eval,0.11971799,0.0,15,-0.425,-0.3802820071578026
base,0.075,0.5,1,0,1,12,0.10925153909534122,eval,0.12587458,0.0,15,-0.425,-0.3741254210472107
base,0.075,0.5,1,0,1,8,0.2513759069559374,eval,0.269214,0.0,15,-0.425,-0.23078599572181702
base,0.075,0.5,1,0,1,1,-0.041980190777286416,eval,-0.026650026,0.0,15,-0.425,-0.5266500264406204
base,0.125,0.5,2,0,2,9,0.2532481233683165,eval,0.27110225,0.0,15,-0.375,-0.22889775037765503
base,0.125,0.5,2,0,2,12,0.17239470669880136,eval,0.18955758,0.0,15,-0.375,-0.31044241786003113
base,0.125,0.5,2,0,2,8,0.07632387892071708,eval,0.092665434,0.0,15,-0.375,-0.407334566116333
base,0.125,0.5,2,0,2,1,0.2989367877130134,eval,0.31718147,0.0,15,-0.375,-0.18281853199005127
base,0.175,0.5,3,0,3,9,0.2032451825285249,eval,0.2206718,0.0,15,-0.325,-0.27932819724082947
base,0.175,0.5,3,0,3,12,0.1482691568046723,eval,0.1652258,0.0,15,-0.325,-0.3347741961479187
base,0.175,0.5,3,0,3,8,0.18441541561970465,eval,0.20168105,0.0,15,-0.325,-0.2983189523220062
base,0.175,0.5,3,0,3,1,0.1254089271557848,eval,0.14217013,0.0,15,-0.325,-0.35782986879348755
base,0.225,0.5,4,0,4,9,0.3056019527170751,eval,0.32390362,0.0,15,-0.275,-0.1760963797569275
base,0.225,0.5,4,0,4,12,0.3438327862596402,eval,0.36246127,0.0,15,-0.275,-0.13753873109817505
base,0.225,0.5,4,0,4,8,0.15444720452789168,eval,0.17145663,0.0,15,-0.275,-0.32854336500167847
base,0.225,0.5,4,0,4,1,0.2578969629460202,eval,0.27579078,0.0,15,-0.275,-0.22420921921730042
base,0.275,0.5,5,0,5,9,0.15241172947768455,eval,0.16940379,0.0,15,-0.22499999999999998,-0.3305962085723877
base,0.275,0.5,5,0,5,12,0.24014279349858433,eval,0.25788483,0.0,15,-0.22499999999999998,-0.24211516976356506
base,0.275,0.5,5,0,5,8,0.15737429350797189,eval,0.17440876,0.0,15,-0.22499999999999998,-0.32559123635292053
base,0.275,0.5,5,0,5,1,0.24914274545260762,eval,0.26696178,0.0,15,-0.22499999999999998,-0.23303821682929993
base,0.325,0.5,6,0,6,9,0.32274678225324427,eval,0.34119505,0.0,15,-0.175,-0.15880495309829712
base,0.325,0.5,6,0,6,12,0.17876480748448073,eval,0.19598213,0.0,15,-0.175,-0.3040178716182709
base,0.325,0.5,6,0,6,8,0.2536892033263042,eval,0.27154705,0.0,15,-0.175,-0.22845295071601868
base,0.325,0.5,6,0,6,1,0.48334728788021225,eval,0.5031685,1.0,15,-0.175,0.0031685233116149902
base,0.375,0.5,7,0,7,9,0.3874211319304505,eval,0.4064223,0.0,15,-0.125,-0.09357771277427673
base,0.375,0.5,7,0,7,12,0.4599783613618451,eval,0.47959983,0.0,15,-0.125,-0.020400166511535645
base,0.375,0.5,7,0,7,8,0.3405001475914213,eval,0.35910022,0.0,15,-0.125,-0.14089977741241455
base,0.375,0.5,7,0,7,1,0.5070360987081839,eval,0.52705985,1.0,15,-0.125,0.027059853076934814
base,0.425,0.5,8,0,8,9,0.5112246184619911,eval,0.5312842,1.0,15,-0.07500000000000001,0.031284213066101074
base,0.425,0.5,8,0,8,12,0.6100702779951481,eval,0.6309749,1.0,15,-0.07500000000000001,0.1309748888015747
base,0.425,0.5,8,0,8,8,0.5605438028669814,eval,0.581025,1.0,15,-0.07500000000000001,0.08102500438690186
base,0.425,0.5,8,0,8,1,0.4883352622824915,eval,0.50819916,1.0,15,-0.07500000000000001,0.008199155330657959
base,0.475,0.5,9,0,9,9,0.4866060673431017,eval,0.5064552,1.0,15,-0.025000000000000022,0.006455183029174805
base,0.475,0.5,9,0,9,12,0.3789848880709369,eval,0.39791393,0.0,15,-0.025000000000000022,-0.10208606719970703
base,0.475,0.5,9,0,9,8,0.4752211602573378,eval,0.49497294,0.0,15,-0.025000000000000022,-0.005027055740356445
base,0.475,0.5,9,0,9,1,0.2546490119353349,eval,0.27251506,0.0,15,-0.025000000000000022,-0.22748494148254395
base,0.525,0.5,10,1,10,9,0.6054078958119873,eval,0.6262727,1.0,15,0.025000000000000022,0.12627267837524414
base,0.525,0.5,10,1,10,12,0.5148368870407144,eval,0.53492737,1.0,15,0.025000000000000022,0.0349273681640625
base,0.525,0.5,10,1,10,8,0.44594551903321245,eval,0.46544704,0.0,15,0.025000000000000022,-0.034552961587905884
base,0.525,0.5,10,1,10,1,0.5302028974259887,eval,0.5504247,1.0,15,0.025000000000000022,0.05042469501495361
base,0.575,0.5,11,1,11,9,0.5245800752222866,eval,0.54475385,1.0,15,0.07499999999999996,0.044753849506378174
base,0.575,0.5,11,1,11,12,0.5064557989281973,eval,0.52647454,1.0,15,0.07499999999999996,0.02647453546524048
base,0.575,0.5,11,1,11,8,0.5891877828241733,eval,0.60991395,1.0,15,0.07499999999999996,0.10991394519805908
base,0.575,0.5,11,1,11,1,0.6433686190776534,eval,0.6645579,1.0,15,0.07499999999999996,0.16455787420272827
base,0.625,0.5,12,1,12,9,0.6607954906213157,eval,0.6821338,1.0,15,0.125,0.18213379383087158
base,0.625,0.5,12,1,12,12,0.5869416749872484,eval,0.60764855,1.0,15,0.125,0.10764855146408081
base,0.625,0.5,12,1,12,8,0.6467571355560034,eval,0.6679754,1.0,15,0.125,0.16797542572021484
base,0.625,0.5,12,1,12,1,0.7253961575842169,eval,0.7472867,1.0,15,0.125,0.24728667736053467
base,0.675,0.5,13,1,13,9,0.7164866401254424,eval,0.73830104,1.0,15,0.17500000000000004,0.23830103874206543
base,0.675,0.5,13,1,13,12,0.6796092971779658,eval,0.7011084,1.0,15,0.17500000000000004,0.2011083960533142
base,0.675,0.5,13,1,13,8,0.6073767944025039,eval,0.6282584,1.0,15,0.17500000000000004,0.12825840711593628
base,0.675,0.5,13,1,13,1,0.61320929552924,eval,0.63414073,1.0,15,0.17500000000000004,0.1341407299041748
base,0.725,0.5,14,1,14,9,0.6000224275413348,eval,0.62084115,1.0,15,0.22499999999999998,0.1208411455154419
base,0.725,0.5,14,1,14,12,0.6008191547218831,eval,0.62164474,1.0,15,0.22499999999999998,0.12164473533630371
base,0.725,0.5,14,1,14,8,0.8393233626629595,eval,0.86218786,1.0,15,0.22499999999999998,0.36218786239624023
base,0.725,0.5,14,1,14,1,0.9072011363328323,eval,0.9121655,1.0,15,0.22499999999999998,0.4121655225753784
base,0.775,0.5,15,1,15,9,0.7925538628567643,eval,0.81501853,1.0,15,0.275,0.31501853466033936
base,0.775,0.5,15,1,15,12,0.7472346328732713,eval,0.7693119,1.0,15,0.275,0.26931190490722656
base,0.775,0.5,15,1,15,8,0.586165110902335,eval,0.6068654,1.0,15,0.275,0.10686540603637695
base,0.775,0.5,15,1,15,1,0.6429569029986707,eval,0.66414267,1.0,15,0.275,0.1641426682472229
base,0.825,0.5,16,1,16,9,0.7929637473048593,eval,0.81543195,1.0,15,0.32499999999999996,0.31543195247650146
base,0.825,0.5,16,1,16,12,0.6784032613617612,eval,0.69989204,1.0,15,0.32499999999999996,0.1998920440673828
base,0.825,0.5,16,1,16,8,0.8036455371917013,eval,0.8262051,1.0,15,0.32499999999999996,0.3262050747871399
base,0.825,0.5,16,1,16,1,0.7588471978184781,eval,0.7810237,1.0,15,0.32499999999999996,0.28102368116378784
base,0.875,0.5,17,1,17,9,0.6845912051383966,eval,0.70613295,1.0,15,0.375,0.2061329483985901
base,0.875,0.5,17,1,17,12,0.8181772362058521,eval,0.84086096,1.0,15,0.375,0.3408609628677368
base,0.875,0.5,17,1,17,8,0.9415066065629245,eval,0.9344867,1.0,15,0.375,0.4344866871833801
base,0.875,0.5,17,1,17,1,0.9685049988114022,eval,0.9520535,1.0,15,0.375,0.4520534873008728
base,0.925,0.5,18,1,18,9,1.0208406680141398,eval,0.98610616,1.0,15,0.42500000000000004,0.48610615730285645
base,0.925,0.5,18,1,18,12,0.8063930346013513,eval,0.82897604,1.0,15,0.42500000000000004,0.328976035118103
base,0.925,0.5,18,1,18,8,0.7911567480523145,eval,0.8136095,1.0,15,0.42500000000000004,0.3136094808578491
base,0.925,0.5,18,1,18,1,0.9299054613825312,eval,0.9269383,1.0,15,0.42500000000000004,0.4269382953643799
base,0.975,0.5,19,1,19,9,0.9388141319695699,eval,0.9327348,1.0,15,0.475,0.43273478746414185
base,0.975,0.5,19,1,19,12,0.8690939300539855,eval,0.88737065,1.0,15,0.475,0.38737064599990845
base,0.975,0.5,19,1,19,8,1.0111253748643376,eval,0.97978485,1.0,15,0.475,0.47978484630584717
base,0.975,0.5,19,1,19,1,1.1752392583645255,eval,1.0865672,1.0,15,0.475,0.5865671634674072
curv,0.025,0.25,0,0,20,9,-0.06023900581258609,eval,-0.07092131,0.0,15,-0.225,-0.32092130929231644
curv,0.025,0.25,0,0,20,12,-0.14699106806582,eval,-0.1575591,0.0,15,-0.225,-0.4075590968132019
curv,0.025,0.25,0,0,20,8,0.1542893050193805,eval,0.14544106,0.0,15,-0.225,-0.10455894470214844
curv,0.025,0.25,0,0,20,1,0.04385191925124656,eval,0.034059517,0.0,15,-0.225,-0.21594048291444778
curv,0.025,0.25,0,0,21,9,-0.012731674369381461,eval,-0.02300781,0.0,15,-0.225,-0.2730078101158142
curv,0.025,0.25,0,0,21,12,0.1469354588732634,eval,0.13802432,0.0,15,-0.225,-0.11197568476200104
curv,0.025,0.25,0,0,21,8,0.07036712642569681,eval,0.06080139,0.0,15,-0.225,-0.18919860944151878
curv,0.025,0.25,0,0,21,1,-0.03831940901922267,eval,-0.048814274,0.0,15,-0.225,-0.2988142743706703
curv,0.075,0.25,1,0,22,9,0.08882003031483213,eval,0.07941206,0.0,15,-0.175,-0.1705879420042038
curv,0.075,0.25,1,0,22,12,0.12590590847395516,eval,0.116814986,0.0,15,-0.175,-0.133185014128685
curv,0.075,0.25,1,0,22,8,-0.09401599429769265,eval,-0.10498708,0.0,15,-0.175,-0.35498707741498947
curv,0.075,0.25,1,0,22,1,0.03724364947671917,eval,0.027394764,0.0,15,-0.175,-0.22260523587465286
curv,0.075,0.25,1,0,23,9,0.22579094843471398,eval,0.21755397,0.0,15,-0.175,-0.03244602680206299
curv,0.075,0.25,1,0,23,12,-0.11674640434564944,eval,-0.1279118,0.0,15,-0.175,-0.3779118061065674
curv,0.075,0.25,1,0,23,8,0.0021804972564751224,eval,-0.007968165,0.0,15,-0.175,-0.25796816498041153
curv,0.075,0.25,1,0,23,1,-0.03411461176191956,eval,-0.044573568,0.0,15,-0.175,-0.2945735678076744
curv,0.125,0.25,2,0,24,9,0.10840667969937974,eval,0.099166155,0.0,15,-0.125,-0.1508338451385498
curv,0.125,0.25,2,0,24,12,0.06531724059521243,eval,0.055708323,0.0,15,-0.125,-0.19429167732596397
curv,0.125,0.25,2,0,24,8,0.24823034025042634,eval,0.2401852,0.0,15,-0.125,-0.009814798831939697
curv,0.125,0.25,2,0,24,1,-0.002768016638660803,eval,-0.012958981,0.0,15,-0.125,-0.26295898109674454
curv,0.125,0.25,2,0,25,9,0.17224074969585104,eval,0.16354597,0.0,15,-0.125,-0.08645403385162354
curv,0.125,0.25,2,0,25,12,0.0579561400096926,eval,0.04828431,0.0,15,-0.125,-0.20171568915247917
curv,0.125,0.25,2,0,25,8,0.15483352450652943,eval,0.1459899,0.0,15,-0.125,-0.10401010513305664
curv,0.125,0.25,2,0,25,1,0.18804114907682318,eval,0.17948142,0.0,15,-0.125,-0.07051858305931091
curv,0.175,0.25,3,0,26,9,0.31235793768977616,eval,0.304861,1.0,15,-0.07500000000000001,0.05486100912094116
curv,0.175,0.25,3,0,26,12,0.1059055871831403,eval,0.09664369,0.0,15,-0.07500000000000001,-0.15335631370544434
curv,0.175,0.25,3,0,26,8,0.17401410615100246,eval,0.16533446,0.0,15,-0.07500000000000001,-0.08466553688049316
curv,0.175,0.25,3,0,26,1,0.23311658124128057,eval,0.22494224,0.0,15,-0.07500000000000001,-0.02505776286125183
curv,0.175,0.25,3,0,27,9,0.22835505312737925,eval,0.22014001,0.0,15,-0.07500000000000001,-0.029859989881515503
curv,0.175,0.25,3,0,27,12,0.030311648744351605,eval,0.020403497,0.0,15,-0.07500000000000001,-0.22959650307893753
curv,0.175,0.25,3,0,27,8,0.219120059471549,eval,0.21082604,0.0,15,-0.07500000000000001,-0.03917396068572998
curv,0.175,0.25,3,0,27,1,0.30445588194411166,eval,0.2968914,1.0,15,-0.07500000000000001,0.04689139127731323
curv,0.225,0.25,4,0,28,9,0.3318564157418792,eval,0.32452622,1.0,15,-0.024999999999999994,0.07452622056007385
curv,0.225,0.25,4,0,28,12,0.30043857213684555,eval,0.29283977,1.0,15,-0.024999999999999994,0.042839765548706055
curv,0.225,0.25,4,0,28,8,0.2971048950005876,eval,0.2894776,1.0,15,-0.024999999999999994,0.03947758674621582
curv,0.225,0.25,4,0,28,1,0.1495394208740069,eval,0.14065054,0.0,15,-0.024999999999999994,-0.10934945940971375
curv,0.225,0.25,4,0,29,9,0.17734901410490445,eval,0.1686979,0.0,15,-0.024999999999999994,-0.08130210638046265
curv,0.225,0.25,4,0,29,12,0.1854136214492001,eval,0.17683145,0.0,15,-0.024999999999999994,-0.07316854596138
curv,0.225,0.25,4,0,29,8,0.15415347634020068,eval,0.14530405,0.0,15,-0.024999999999999994,-0.10469594597816467
curv,0.225,0.25,4,0,29,1,0.3939107452443673,eval,0.38711098,1.0,15,-0.024999999999999994,0.13711097836494446
curv,0.275,0.25,5,1,30,9,0.3521049326473978,eval,0.34494781,1.0,15,0.025000000000000022,0.09494781494140625
curv,0.275,0.25,5,1,30,12,0.3218148909489514,eval,0.3143988,1.0,15,0.025000000000000022,0.06439879536628723
curv,0.275,0.25,5,1,30,8,0.2459599919927045,eval,0.23789543,0.0,15,0.025000000000000022,-0.012104570865631104
curv,0.275,0.25,5,1,30,1,0.2462612292191334,eval,0.23819926,0.0,15,0.025000000000000022,-0.01180073618888855
curv,0.325,0.25,6,1,31,9,0.31920239999303074,eval,0.31176397,1.0,15,0.07500000000000001,0.06176397204399109
curv,0.325,0.25,6,1,31,12,0.37767557651664274,eval,0.37073705,1.0,15,0.07500000000000001,0.12073704600334167
curv,0.325,0.25,6,1,31,8,0.339291364966682,eval,0.3320247,1.0,15,0.07500000000000001,0.08202469348907471
curv,0.325,0.25,6,1,31,1,0.4824408278844587,eval,0.476398,1.0,15,0.07500000000000001,0.22639799118041992
curv,0.375,0.25,7,1,32,9,0.48244112374891795,eval,0.47639823,1.0,15,0.125,0.22639822959899902
curv,0.375,0.25,7,1,32,12,0.5125445311670886,eval,0.506759,1.0,15,0.125,0.25675898790359497
curv,0.375,0.25,7,1,32,8,0.3206042278212674,eval,0.3131778,1.0,15,0.125,0.06317779421806335
curv,0.375,0.25,7,1,32,1,0.3317214152817403,eval,0.32439005,1.0,15,0.125,0.07439005374908447
curv,0.425,0.25,8,1,33,9,0.32464404280078596,eval,0.31725213,1.0,15,0.175,0.06725212931632996
curv,0.425,0.25,8,1,33,12,0.24351277222568563,eval,0.23542729,0.0,15,0.175,-0.014572709798812866
curv,0.425,0.25,8,1,33,8,0.4116548441462745,eval,0.40500683,1.0,15,0.175,0.15500682592391968
curv,0.425,0.25,8,1,33,1,0.3514516707657725,eval,0.34428898,1.0,15,0.175,0.09428897500038147
curv,0.475,0.25,9,1,34,9,0.39704422467572553,eval,0.3902713,1.0,15,0.22499999999999998,0.14027130603790283
curv,0.475,0.25,9,1,34,12,0.6488602111424955,eval,0.6442401,1.0,15,0.22499999999999998,0.3942400813102722
curv,0.475,0.25,9,1,34,8,0.6047871761181993,eval,0.5997903,1.0,15,0.22499999999999998,0.3497902750968933
curv,0.475,0.25,9,1,34,1,0.49997853715586665,eval,0.49408555,1.0,15,0.22499999999999998,0.24408555030822754
curv,0.525,0.25,10,1,35,9,0.6518731572705383,eval,0.6472787,1.0,15,0.275,0.39727872610092163
curv,0.525,0.25,10,1,35,12,0.6518815273891231,eval,0.6472872,1.0,15,0.275,0.39728718996047974
curv,0.525,0.25,10,1,35,8,0.4282180135307945,eval,0.42171156,1.0,15,0.275,0.17171156406402588
curv,0.525,0.25,10,1,35,1,0.6281453084869473,eval,0.6233482,1.0,15,0.275,0.3733481764793396
curv,0.575,0.25,11,1,36,9,0.555391602743063,eval,0.5499724,1.0,15,0.32499999999999996,0.29997241497039795
curv,0.575,0.25,11,1,36,12,0.6323065992335506,eval,0.62754494,1.0,15,0.32499999999999996,0.37754493951797485
curv,0.575,0.25,11,1,36,8,0.767666270913514,eval,0.76406187,1.0,15,0.32499999999999996,0.5140618681907654
curv,0.575,0.25,11,1,36,1,0.5911009576715345,eval,0.58598703,1.0,15,0.32499999999999996,0.33598703145980835
curv,0.625,0.25,12,1,37,9,0.5891039353295531,eval,0.58397293,1.0,15,0.375,0.3339729309082031
curv,0.625,0.25,12,1,37,12,0.8633592229234116,eval,0.8494904,1.0,15,0.375,0.5994904041290283
curv,0.625,0.25,12,1,37,8,0.8129344377381986,eval,0.80971706,1.0,15,0.375,0.559717059135437
curv,0.625,0.25,12,1,37,1,0.5664471175876663,eval,0.5611225,1.0,15,0.375,0.31112247705459595
curv,0.675,0.25,13,1,38,9,0.682757241935024,eval,0.678427,1.0,15,0.42500000000000004,0.42842698097229004
curv,0.675,0.25,13,1,38,12,0.6954978597927232,eval,0.69127643,1.0,15,0.42500000000000004,0.4412764310836792
curv,0.675,0.25,13,1,38,8,0.503656056203569,eval,0.49779457,1.0,15,0.42500000000000004,0.24779456853866577
curv,0.675,0.25,13,1,38,1,0.5408780285923331,eval,0.53533477,1.0,15,0.42500000000000004,0.2853347659111023
curv,0.725,0.25,14,1,39,9,0.6560502542647139,eval,0.65149164,1.0,15,0.475,0.401491641998291
curv,0.725,0.25,14,1,39,12,0.8071478916070218,eval,0.803881,1.0,15,0.475,0.5538809895515442
curv,0.725,0.25,14,1,39,8,0.7108977334886978,eval,0.706808,1.0,15,0.475,0.4568079710006714
curv,0.725,0.25,14,1,39,1,0.5848479785082572,eval,0.5796806,1.0,15,0.475,0.3296806216239929
flat,0.275,0.75,0,0,40,9,0.40819413685305606,eval,0.44460148,0.0,15,-0.475,-0.30539852380752563
flat,0.275,0.75,0,0,40,12,0.20115860187320406,eval,0.2349653,0.0,15,-0.475,-0.5150347054004669
flat,0.275,0.75,0,0,40,8,0.30926915696456797,eval,0.3444339,0.0,15,-0.475,-0.40556609630584717
flat,0.275,0.75,0,0,40,1,0.3252682849874866,eval,0.36063397,0.0,15,-0.475,-0.3893660306930542
flat,0.325,0.75,1,0,41,9,0.20008373483240952,eval,0.23387694,0.0,15,-0.425,-0.5161230564117432
flat,0.325,0.75,1,0,41,12,0.4384357407951828,eval,0.47522295,0.0,15,-0.425,-0.27477705478668213
flat,0.325,0.75,1,0,41,8,0.24891289124935712,eval,0.28331944,0.0,15,-0.425,-0.4666805565357208
flat,0.325,0.75,1,0,41,1,0.4239713033285805,eval,0.46057683,0.0,15,-0.425,-0.2894231677055359
flat,0.375,0.75,2,0,42,9,0.3599402001639595,eval,0.3957414,0.0,15,-0.375,-0.35425859689712524
flat,0.375,0.75,2,0,42,12,0.39178259697224144,eval,0.42798382,0.0,15,-0.375,-0.322016179561615
flat,0.375,0.75,2,0,42,8,0.3008919496315271,eval,0.33595142,0.0,15,-0.375,-0.41404858231544495
flat,0.375,0.75,2,0,42,1,0.3585705407374709,eval,0.39435458,0.0,15,-0.375,-0.35564541816711426
flat,0.425,0.75,3,0,43,9,0.45969527857023623,eval,0.49674958,0.0,15,-0.325,-0.2532504200935364
flat,0.425,0.75,3,0,43,12,0.37987998551439534,eval,0.41593164,0.0,15,-0.325,-0.3340683579444885
flat,0.425,0.75,3,0,43,8,0.40125843032654535,eval,0.43757868,0.0,15,-0.325,-0.3124213218688965
flat,0.425,0.75,3,0,43,1,0.3175635141771565,eval,0.3528324,0.0,15,-0.325,-0.3971675932407379
flat,0.475,0.75,4,0,44,9,0.46455529309334376,eval,0.5016706,0.0,15,-0.275,-0.24832940101623535
flat,0.475,0.75,4,0,44,12,0.6866939198315876,eval,0.7265996,0.0,15,-0.275,-0.023400425910949707
flat,0.475,0.75,4,0,44,8,0.548917808711155,eval,0.5870929,0.0,15,-0.275,-0.16290712356567383
flat,0.475,0.75,4,0,44,1,0.5623042152621707,eval,0.60064733,0.0,15,-0.275,-0.14935266971588135
flat,0.525,0.75,5,0,45,9,0.4447712454632119,eval,0.4816381,0.0,15,-0.22499999999999998,-0.268361896276474
flat,0.525,0.75,5,0,45,12,0.49452003354591684,eval,0.53201175,0.0,15,-0.22499999999999998,-0.2179882526397705
flat,0.525,0.75,5,0,45,8,0.4738666161052906,eval,0.51109886,0.0,15,-0.22499999999999998,-0.23890113830566406
flat,0.525,0.75,5,0,45,1,0.39696060552854273,eval,0.43322688,0.0,15,-0.22499999999999998,-0.31677311658859253
flat,0.575,0.75,6,0,46,9,0.48816108032474786,eval,0.5255729,0.0,15,-0.17500000000000004,-0.22442710399627686
flat,0.575,0.75,6,0,46,12,0.5758861327608518,eval,0.6143999,0.0,15,-0.17500000000000004,-0.13560009002685547
flat,0.575,0.75,6,0,46,8,0.7576693811620117,eval,0.7984666,1.0,15,-0.17500000000000004,0.048466622829437256
flat,0.575,0.75,6,0,46,1,0.5036931904940727,eval,0.54130006,0.0,15,-0.17500000000000004,-0.20869994163513184
flat,0.625,0.75,7,0,47,9,0.6675394425820824,eval,0.70720446,0.0,15,-0.125,-0.042795538902282715
flat,0.625,0.75,7,0,47,12,0.6052720042673871,eval,0.6441549,0.0,15,-0.125,-0.10584509372711182
flat,0.625,0.75,7,0,47,8,0.6539974002338532,eval,0.6934924,0.0,15,-0.125,-0.05650758743286133
flat,0.625,0.75,7,0,47,1,0.6871017853540099,eval,0.7270126,0.0,15,-0.125,-0.022987425327301025
flat,0.675,0.75,8,0,48,9,0.57195195498333,eval,0.6104163,0.0,15,-0.07499999999999996,-0.13958370685577393
flat,0.675,0.75,8,0,48,12,0.5994329086763519,eval,0.6382424,0.0,15,-0.07499999999999996,-0.11175757646560669
flat,0.675,0.75,8,0,48,8,0.6647424715916677,eval,0.7043724,0.0,15,-0.07499999999999996,-0.045627593994140625
flat,0.675,0.75,8,0,48,1,0.44998588264254086,eval,0.4869182,0.0,15,-0.07499999999999996,-0.26308178901672363
flat,0.725,0.75,9,0,49,9,0.789624270571504,eval,0.8308229,1.0,15,-0.025000000000000022,0.0808228850364685
flat,0.725,0.75,9,0,49,12,0.7781272400530428,eval,0.81918144,1.0,15,-0.025000000000000022,0.06918144226074219
flat,0.725,0.75,9,0,49,8,0.8699259685131457,eval,0.9121332,1.0,15,-0.025000000000000022,0.16213321685791016
flat,0.725,0.75,9,0,49,1,0.7636369597566306,eval,0.80450916,1.0,15,-0.025000000000000022,0.05450916290283203
flat,0.775,0.75,10,1,50,9,0.6225851636354708,eval,0.6616855,0.0,15,0.025000000000000022,-0.0883144736289978
flat,0.775,0.75,10,1,50,12,0.8488409603732732,eval,0.89078337,1.0,15,0.025000000000000022,0.1407833695411682
flat,0.775,0.75,10,1,50,8,0.8376281195060352,eval,0.8794297,1.0,15,0.025000000000000022,0.12942969799041748
flat,0.775,0.75,10,1,50,1,0.7168359163590498,eval,0.7571202,1.0,15,0.025000000000000022,0.007120192050933838
flat,0.775,0.75,10,1,51,9,0.7195016903283316,eval,0.7598195,1.0,15,0.025000000000000022,0.009819507598876953
flat,0.775,0.75,10,1,51,12,0.8104372527738726,eval,0.85189724,1.0,15,0.025000000000000022,0.1018972396850586
flat,0.775,0.75,10,1,51,8,0.8119286775687574,eval,0.8534075,1.0,15,0.025000000000000022,0.10340750217437744
flat,0.775,0.75,10,1,51,1,0.7859279697477815,eval,0.82708013,1.0,15,0.025000000000000022,0.0770801305770874
flat,0.825,0.75,11,1,52,9,0.8286306022369746,eval,0.8703192,1.0,15,0.07499999999999996,0.1203191876411438
flat,0.825,0.75,11,1,52,12,0.5889421738555064,eval,0.62762,0.0,15,0.07499999999999996,-0.12238001823425293
flat,0.825,0.75,11,1,52,8,0.7918859617230475,eval,0.83311296,1.0,15,0.07499999999999996,0.08311295509338379
flat,0.825,0.75,11,1,52,1,0.8174298473779177,eval,0.8589778,1.0,15,0.07499999999999996,0.1089777946472168
flat,0.825,0.75,11,1,53,9,0.6997848056555384,eval,0.73985493,0.0,15,0.07499999999999996,-0.010145068168640137
flat,0.825,0.75,11,1,53,12,0.9257997003423085,eval,0.9518646,1.0,15,0.07499999999999996,0.2018646001815796
flat,0.825,0.75,11,1,53,8,1.006398561389275,eval,1.0046306,1.0,15,0.07499999999999996,0.25463056564331055
flat,0.825,0.75,11,1,53,1,0.8452114395043959,eval,0.8871083,1.0,15,0.07499999999999996,0.13710832595825195
flat,0.875,0.75,12,1,54,9,0.9402010863526592,eval,0.96129286,1.0,15,0.125,0.21129286289215088
flat,0.875,0.75,12,1,54,12,0.8399761650176906,eval,0.88180727,1.0,15,0.125,0.13180726766586304
flat,0.875,0.75,12,1,54,8,0.9561821589739987,eval,0.97175527,1.0,15,0.125,0.2217552661895752
flat,0.875,0.75,12,1,54,1,0.9444171936707009,eval,0.96405303,1.0,15,0.125,0.21405303478240967
flat,0.875,0.75,12,1,55,9,0.8731461186690498,eval,0.9153938,1.0,15,0.125,0.16539382934570312
flat,0.875,0.75,12,1,55,12,0.7533676588110694,eval,0.79411083,1.0,15,0.125,0.04411083459854126
flat,0.875,0.75,12,1,55,8,0.8546588664055288,eval,0.8966744,1.0,15,0.125,0.14667439460754395
flat,0.875,0.75,12,1,55,1,0.7991630249101591,eval,0.8404814,1.0,15,0.125,0.09048140048980713
flat,0.925,0.75,13,1,56,9,0.8213926318410458,eval,0.8629904,1.0,15,0.17500000000000004,0.1129903793334961
flat,0.925,0.75,13,1,56,12,0.9853280959050975,eval,0.99083626,1.0,15,0.17500000000000004,0.2408362627029419
flat,0.925,0.75,13,1,56,8,0.7672800849317296,eval,0.808198,1.0,15,0.17500000000000004,0.058197975158691406
flat,0.925,0.75,13,1,56,1,1.0670982022311917,eval,1.044369,1.0,15,0.17500000000000004,0.2943689823150635
flat,0.925,0.75,13,1,57,9,0.7731111770249605,eval,0.8141023,1.0,15,0.17500000000000004,0.06410229206085205
flat,0.925,0.75,13,1,57,12,0.9812849420373864,eval,0.98818934,1.0,15,0.17500000000000004,0.23818933963775635
flat,0.925,0.75,13,1,57,8,0.9622951541761923,eval,0.97575724,1.0,15,0.17500000000000004,0.22575724124908447
flat,0.925,0.75,13,1,57,1,0.9976093788947765,eval,0.9988765,1.0,15,0.17500000000000004,0.24887651205062866
flat,0.975,0.75,14,1,58,9,0.8184410628627359,eval,0.8600016,1.0,15,0.22499999999999998,0.11000162363052368
flat,0.975,0.75,14,1,58,12,0.8706926297718663,eval,0.91290957,1.0,15,0.22499999999999998,0.16290956735610962
flat,0.975,0.75,14,1,58,8,0.8606259907898409,eval,0.9027164,1.0,15,0.22499999999999998,0.15271639823913574
flat,0.975,0.75,14,1,58,1,1.0593732662303268,eval,1.0393116,1.0,15,0.22499999999999998,0.28931164741516113
flat,0.975,0.75,14,1,59,9,0.9801033945130329,eval,0.9874158,1.0,15,0.22499999999999998,0.23741579055786133
flat,0.975,0.75,14,1,59,12,1.2222435678832566,eval,1.1459383,1.0,15,0.22499999999999998,0.39593827724456787
flat,0.975,0.75,14,1,59,8,0.8034054048241679,eval,0.8447771,1.0,15,0.22499999999999998,0.09477710723876953
flat,0.975,0.75,14,1,59,1,1.0914863981111027,eval,1.0603352,1.0,15,0.22499999999999998,0.3103351593017578
base,0.025,0.5,0,0,0,9,-0.002915150546776414,eval,0.0066325963,0.0,16,-0.475,-0.49336740374565125
base,0.025,0.5,0,0,0,12,0.06907067447635609,eval,0.052193463,0.0,16,-0.475,-0.44780653715133667
base,0.025,0.5,0,0,0,8,0.07970956613393337,eval,0.062873095,0.0,16,-0.475,-0.43712690472602844
base,0.025,0.5,0,0,0,1,-0.018643524714322124,eval,0.0003810823,0.0,16,-0.475,-0.49961891770362854
base,0.075,0.5,1,0,1,9,0.10314711025906223,eval,0.0864003,0.0,16,-0.425,-0.4135996997356415
base,0.075,0.5,1,0,1,12,0.10925153909534122,eval,0.09252809,0.0,16,-0.425,-0.4074719101190567
base,0.075,0.5,1,0,1,8,0.2513759069559374,eval,0.23519628,0.0,16,-0.425,-0.2648037225008011
base,0.075,0.5,1,0,1,1,-0.041980190777286416,eval,-0.008894503,0.0,16,-0.425,-0.5088945031166077
base,0.125,0.5,2,0,2,9,0.2532481233683165,eval,0.23707567,0.0,16,-0.375,-0.26292432844638824
base,0.125,0.5,2,0,2,12,0.17239470669880136,eval,0.15591286,0.0,16,-0.375,-0.3440871387720108
base,0.125,0.5,2,0,2,8,0.07632387892071708,eval,0.05947441,0.0,16,-0.375,-0.4405255913734436
base,0.125,0.5,2,0,2,1,0.2989367877130134,eval,0.28293914,0.0,16,-0.375,-0.2170608639717102
base,0.175,0.5,3,0,3,9,0.2032451825285249,eval,0.18688138,0.0,16,-0.325,-0.3131186217069626
base,0.175,0.5,3,0,3,12,0.1482691568046723,eval,0.13169503,0.0,16,-0.325,-0.368304967880249
base,0.175,0.5,3,0,3,8,0.18441541561970465,eval,0.16797954,0.0,16,-0.325,-0.33202046155929565
base,0.175,0.5,3,0,3,1,0.1254089271557848,eval,0.1087473,0.0,16,-0.325,-0.39125269651412964
base,0.225,0.5,4,0,4,9,0.3056019527170751,eval,0.2896298,0.0,16,-0.275,-0.21037021279335022
base,0.225,0.5,4,0,4,12,0.3438327862596402,eval,0.32800692,0.0,16,-0.275,-0.17199307680130005
base,0.225,0.5,4,0,4,8,0.15444720452789168,eval,0.13789666,0.0,16,-0.275,-0.36210334300994873
base,0.225,0.5,4,0,4,1,0.2578969629460202,eval,0.24174228,0.0,16,-0.275,-0.2582577168941498
base,0.275,0.5,5,0,5,9,0.15241172947768455,eval,0.13585338,0.0,16,-0.22499999999999998,-0.3641466200351715
base,0.275,0.5,5,0,5,12,0.24014279349858433,eval,0.22392018,0.0,16,-0.22499999999999998,-0.27607981860637665
base,0.275,0.5,5,0,5,8,0.15737429350797189,eval,0.14083499,0.0,16,-0.22499999999999998,-0.3591650128364563
base,0.275,0.5,5,0,5,1,0.24914274545260762,eval,0.23295456,0.0,16,-0.22499999999999998,-0.26704543828964233
base,0.325,0.5,6,0,6,9,0.32274678225324427,eval,0.30684024,0.0,16,-0.175,-0.19315975904464722
base,0.325,0.5,6,0,6,12,0.17876480748448073,eval,0.16230734,0.0,16,-0.175,-0.33769266307353973
base,0.325,0.5,6,0,6,8,0.2536892033263042,eval,0.2375184,0.0,16,-0.175,-0.26248160004615784
base,0.325,0.5,6,0,6,1,0.48334728788021225,eval,0.4680553,0.0,16,-0.175,-0.03194469213485718
base,0.375,0.5,7,0,7,9,0.3874211319304505,eval,0.3717621,0.0,16,-0.125,-0.12823790311813354
base,0.375,0.5,7,0,7,12,0.4599783613618451,eval,0.444597,0.0,16,-0.125,-0.05540299415588379
base,0.375,0.5,7,0,7,8,0.3405001475914213,eval,0.32466155,0.0,16,-0.125,-0.17533844709396362
base,0.375,0.5,7,0,7,1,0.5070360987081839,eval,0.49183473,0.0,16,-0.125,-0.00816527009010315
base,0.425,0.5,8,0,8,9,0.5112246184619911,eval,0.49603933,0.0,16,-0.07500000000000001,-0.003960669040679932
base,0.425,0.5,8,0,8,12,0.6100702779951481,eval,0.59526324,1.0,16,-0.07500000000000001,0.09526324272155762
base,0.425,0.5,8,0,8,8,0.5605438028669814,eval,0.5455472,1.0,16,-0.07500000000000001,0.04554718732833862
base,0.425,0.5,8,0,8,1,0.4883352622824915,eval,0.47306234,0.0,16,-0.07500000000000001,-0.026937663555145264
base,0.475,0.5,9,0,9,9,0.4866060673431017,eval,0.47132653,0.0,16,-0.025000000000000022,-0.02867347002029419
base,0.475,0.5,9,0,9,12,0.3789848880709369,eval,0.36329356,0.0,16,-0.025000000000000022,-0.13670644164085388
base,0.475,0.5,9,0,9,8,0.4752211602573378,eval,0.45989805,0.0,16,-0.025000000000000022,-0.04010194540023804
base,0.475,0.5,9,0,9,1,0.2546490119353349,eval,0.23848192,0.0,16,-0.025000000000000022,-0.26151807606220245
base,0.525,0.5,10,1,10,9,0.6054078958119873,eval,0.59058297,1.0,16,0.025000000000000022,0.0905829668045044
base,0.525,0.5,10,1,10,12,0.5148368870407144,eval,0.49966544,0.0,16,0.025000000000000022,-0.0003345608711242676
base,0.525,0.5,10,1,10,8,0.44594551903321245,eval,0.43051043,0.0,16,0.025000000000000022,-0.06948956847190857
base,0.525,0.5,10,1,10,1,0.5302028974259887,eval,0.5150902,1.0,16,0.025000000000000022,0.015090227127075195
base,0.575,0.5,11,1,11,9,0.5245800752222866,eval,0.50944585,1.0,16,0.07499999999999996,0.00944584608078003
base,0.575,0.5,11,1,11,12,0.5064557989281973,eval,0.4912522,0.0,16,0.07499999999999996,-0.008747786283493042
base,0.575,0.5,11,1,11,8,0.5891877828241733,eval,0.57430077,1.0,16,0.07499999999999996,0.07430076599121094
base,0.575,0.5,11,1,11,1,0.6433686190776534,eval,0.62868893,1.0,16,0.07499999999999996,0.12868893146514893
base,0.625,0.5,12,1,12,9,0.6607954906213157,eval,0.64618254,1.0,16,0.125,0.14618253707885742
base,0.625,0.5,12,1,12,12,0.5869416749872484,eval,0.5720461,1.0,16,0.125,0.07204610109329224
base,0.625,0.5,12,1,12,8,0.6467571355560034,eval,0.6320904,1.0,16,0.125,0.13209038972854614
base,0.625,0.5,12,1,12,1,0.7253961575842169,eval,0.71103036,1.0,16,0.125,0.21103036403656006
base,0.675,0.5,13,1,13,9,0.7164866401254424,eval,0.7020867,1.0,16,0.17500000000000004,0.2020866870880127
base,0.675,0.5,13,1,13,12,0.6796092971779658,eval,0.6650684,1.0,16,0.17500000000000004,0.1650683879852295
base,0.675,0.5,13,1,13,8,0.6073767944025039,eval,0.59255946,1.0,16,0.17500000000000004,0.09255945682525635
base,0.675,0.5,13,1,13,1,0.61320929552924,eval,0.5984143,1.0,16,0.17500000000000004,0.09841430187225342
base,0.725,0.5,14,1,14,9,0.6000224275413348,eval,0.58517694,1.0,16,0.22499999999999998,0.08517694473266602
base,0.725,0.5,14,1,14,12,0.6008191547218831,eval,0.58597666,1.0,16,0.22499999999999998,0.08597666025161743
base,0.725,0.5,14,1,14,8,0.8393233626629595,eval,0.8253935,1.0,16,0.22499999999999998,0.3253934979438782
base,0.725,0.5,14,1,14,1,0.9072011363328323,eval,0.89353096,1.0,16,0.22499999999999998,0.3935309648513794
base,0.775,0.5,15,1,15,9,0.7925538628567643,eval,0.778445,1.0,16,0.275,0.2784450054168701
base,0.775,0.5,15,1,15,12,0.7472346328732713,eval,0.7329525,1.0,16,0.275,0.23295247554779053
base,0.775,0.5,15,1,15,8,0.586165110902335,eval,0.57126653,1.0,16,0.275,0.0712665319442749
base,0.775,0.5,15,1,15,1,0.6429569029986707,eval,0.62827563,1.0,16,0.275,0.12827563285827637
base,0.825,0.5,16,1,16,9,0.7929637473048593,eval,0.7788565,1.0,16,0.32499999999999996,0.2788565158843994
base,0.825,0.5,16,1,16,12,0.6784032613617612,eval,0.6638577,1.0,16,0.32499999999999996,0.16385769844055176
base,0.825,0.5,16,1,16,8,0.8036455371917013,eval,0.78957915,1.0,16,0.32499999999999996,0.2895791530609131
base,0.825,0.5,16,1,16,1,0.7588471978184781,eval,0.74460936,1.0,16,0.32499999999999996,0.24460935592651367
base,0.875,0.5,17,1,17,9,0.6845912051383966,eval,0.67006934,1.0,16,0.375,0.17006933689117432
base,0.875,0.5,17,1,17,12,0.8181772362058521,eval,0.80416644,1.0,16,0.375,0.30416643619537354
base,0.875,0.5,17,1,17,8,0.9415066065629245,eval,0.9279678,1.0,16,0.375,0.42796778678894043
base,0.875,0.5,17,1,17,1,0.9685049988114022,eval,0.9550694,1.0,16,0.375,0.4550694227218628
base,0.925,0.5,18,1,18,9,1.0208406680141398,eval,1.0076053,1.0,16,0.42500000000000004,0.5076053142547607
base,0.925,0.5,18,1,18,12,0.8063930346013513,eval,0.7923372,1.0,16,0.42500000000000004,0.29233717918395996
base,0.925,0.5,18,1,18,8,0.7911567480523145,eval,0.7770426,1.0,16,0.42500000000000004,0.2770426273345947
base,0.925,0.5,18,1,18,1,0.9299054613825312,eval,0.91632223,1.0,16,0.42500000000000004,0.4163222312927246
base,0.975,0.5,19,1,19,9,0.9388141319695699,eval,0.92526484,1.0,16,0.475,0.425264835357666
base,0.975,0.5,19,1,19,12,0.8690939300539855,eval,0.855278,1.0,16,0.475,0.35527801513671875
base,0.975,0.5,19,1,19,8,1.0111253748643376,eval,0.9978529,1.0,16,0.475,0.4978529214859009
base,0.975,0.5,19,1,19,1,1.1752392583645255,eval,1.1164619,1.0,16,0.475,0.6164618730545044
curv,0.025,0.25,0,0,20,9,-0.06023900581258609,eval,0.019939393,0.0,16,-0.225,-0.2300606071949005
curv,0.025,0.25,0,0,20,12,-0.14699106806582,eval,-0.014541835,0.0,16,-0.225,-0.2645418345928192
curv,0.025,0.25,0,0,20,8,0.1542893050193805,eval,0.1052077,0.0,16,-0.225,-0.14479230344295502
curv,0.025,0.25,0,0,20,1,0.04385191925124656,eval,0.06131226,0.0,16,-0.225,-0.1886877417564392
curv,0.025,0.25,0,0,21,9,-0.012731674369381461,eval,0.038822055,0.0,16,-0.225,-0.21117794513702393
curv,0.025,0.25,0,0,21,12,0.1469354588732634,eval,0.102284744,0.0,16,-0.225,-0.1477152556180954
curv,0.025,0.25,0,0,21,8,0.07036712642569681,eval,0.07185125,0.0,16,-0.225,-0.17814874649047852
curv,0.025,0.25,0,0,21,1,-0.03831940901922267,eval,0.028651714,0.0,16,-0.225,-0.22134828567504883
curv,0.075,0.25,1,0,22,9,0.08882003031483213,eval,0.07918571,0.0,16,-0.175,-0.17081429064273834
curv,0.075,0.25,1,0,22,12,0.12590590847395516,eval,0.09392618,0.0,16,-0.175,-0.15607382357120514
curv,0.075,0.25,1,0,22,8,-0.09401599429769265,eval,0.006514102,0.0,16,-0.175,-0.24348589777946472
curv,0.075,0.25,1,0,22,1,0.03724364947671917,eval,0.05868566,0.0,16,-0.175,-0.19131433963775635
curv,0.075,0.25,1,0,23,9,0.22579094843471398,eval,0.16665596,0.0,16,-0.175,-0.08334404230117798
curv,0.075,0.25,1,0,23,12,-0.11674640434564944,eval,-0.0025204718,0.0,16,-0.175,-0.25252047181129456
curv,0.075,0.25,1,0,23,8,0.0021804972564751224,eval,0.0447492,0.0,16,-0.175,-0.2052507996559143
curv,0.075,0.25,1,0,23,1,-0.03411461176191956,eval,0.030323029,0.0,16,-0.175,-0.21967697143554688
curv,0.125,0.25,2,0,24,9,0.10840667969937974,eval,0.08697078,0.0,16,-0.125,-0.16302922368049622
curv,0.125,0.25,2,0,24,12,0.06531724059521243,eval,0.0698441,0.0,16,-0.125,-0.1801559031009674
curv,0.125,0.25,2,0,24,8,0.24823034025042634,eval,0.18918116,0.0,16,-0.125,-0.060818836092948914
curv,0.125,0.25,2,0,24,1,-0.002768016638660803,eval,0.042782336,0.0,16,-0.125,-0.20721766352653503
curv,0.125,0.25,2,0,25,9,0.17224074969585104,eval,0.11290082,0.0,16,-0.125,-0.13709917664527893
curv,0.125,0.25,2,0,25,12,0.0579561400096926,eval,0.06691828,0.0,16,-0.125,-0.183081716299057
curv,0.125,0.25,2,0,25,8,0.15483352450652943,eval,0.105424,0.0,16,-0.125,-0.14457599818706512
curv,0.125,0.25,2,0,25,1,0.18804114907682318,eval,0.12876166,0.0,16,-0.125,-0.1212383359670639
curv,0.175,0.25,3,0,26,9,0.31235793768977616,eval,0.25355417,1.0,16,-0.07500000000000001,0.0035541653633117676
curv,0.175,0.25,3,0,26,12,0.1059055871831403,eval,0.085976675,0.0,16,-0.07500000000000001,-0.16402332484722137
curv,0.175,0.25,3,0,26,8,0.17401410615100246,eval,0.114680976,0.0,16,-0.07500000000000001,-0.13531902432441711
curv,0.175,0.25,3,0,26,1,0.23311658124128057,eval,0.17400959,0.0,16,-0.07500000000000001,-0.07599040865898132
curv,0.175,0.25,3,0,27,9,0.22835505312737925,eval,0.16922985,0.0,16,-0.07500000000000001,-0.08077014982700348
curv,0.175,0.25,3,0,27,12,0.030311648744351605,eval,0.055930465,0.0,16,-0.07500000000000001,-0.1940695345401764
curv,0.175,0.25,3,0,27,8,0.219120059471549,eval,0.15995952,0.0,16,-0.07500000000000001,-0.09004047513008118
curv,0.175,0.25,3,0,27,1,0.30445588194411166,eval,0.24562187,0.0,16,-0.07500000000000001,-0.004378125071525574
curv,0.225,0.25,4,0,28,9,0.3318564157418792,eval,0.27312726,1.0,16,-0.024999999999999994,0.023127257823944092
curv,0.225,0.25,4,0,28,12,0.30043857213684555,eval,0.24158922,0.0,16,-0.024999999999999994,-0.008410781621932983
curv,0.225,0.25,4,0,28,8,0.2971048950005876,eval,0.23824278,0.0,16,-0.024999999999999994,-0.011757224798202515
curv,0.225,0.25,4,0,28,1,0.1495394208740069,eval,0.10331975,0.0,16,-0.024999999999999994,-0.14668025076389313
curv,0.225,0.25,4,0,29,9,0.17734901410490445,eval,0.11802867,0.0,16,-0.024999999999999994,-0.1319713294506073
curv,0.225,0.25,4,0,29,12,0.1854136214492001,eval,0.12612408,0.0,16,-0.024999999999999994,-0.12387591600418091
curv,0.225,0.25,4,0,29,8,0.15415347634020068,eval,0.105153695,0.0,16,-0.024999999999999994,-0.14484630525112152
curv,0.225,0.25,4,0,29,1,0.3939107452443673,eval,0.335419,1.0,16,-0.024999999999999994,0.08541899919509888
curv,0.275,0.25,5,1,30,9,0.3521049326473978,eval,0.29345322,1.0,16,0.025000000000000022,0.043453216552734375
curv,0.275,0.25,5,1,30,12,0.3218148909489514,eval,0.26304734,1.0,16,0.025000000000000022,0.013047337532043457
curv,0.275,0.25,5,1,30,8,0.2459599919927045,eval,0.18690217,0.0,16,0.025000000000000022,-0.06309783458709717
curv,0.275,0.25,5,1,30,1,0.2462612292191334,eval,0.18720454,0.0,16,0.025000000000000022,-0.06279546022415161
curv,0.325,0.25,6,1,31,9,0.31920239999303074,eval,0.26042482,1.0,16,0.07500000000000001,0.010424822568893433
curv,0.325,0.25,6,1,31,12,0.37767557651664274,eval,0.31912175,1.0,16,0.07500000000000001,0.06912174820899963
curv,0.325,0.25,6,1,31,8,0.339291364966682,eval,0.28059068,1.0,16,0.07500000000000001,0.030590683221817017
curv,0.325,0.25,6,1,31,1,0.4824408278844587,eval,0.4242879,1.0,16,0.07500000000000001,0.17428788542747498
curv,0.375,0.25,7,1,32,9,0.48244112374891795,eval,0.42428815,1.0,16,0.125,0.17428815364837646
curv,0.375,0.25,7,1,32,12,0.5125445311670886,eval,0.45450675,1.0,16,0.125,0.2045067548751831
curv,0.375,0.25,7,1,32,8,0.3206042278212674,eval,0.261832,1.0,16,0.125,0.011831998825073242
curv,0.375,0.25,7,1,32,1,0.3317214152817403,eval,0.27299172,1.0,16,0.125,0.022991716861724854
curv,0.425,0.25,8,1,33,9,0.32464404280078596,eval,0.26588726,1.0,16,0.175,0.01588726043701172
curv,0.425,0.25,8,1,33,12,0.24351277222568563,eval,0.18444559,0.0,16,0.175,-0.0655544102191925
curv,0.425,0.25,8,1,33,8,0.4116548441462745,eval,0.353231,1.0,16,0.175,0.10323101282119751
curv,0.425,0.25,8,1,33,1,0.3514516707657725,eval,0.29279745,1.0,16,0.175,0.04279744625091553
curv,0.475,0.25,9,1,34,9,0.39704422467572553,eval,0.33856452,1.0,16,0.22499999999999998,0.08856451511383057
curv,0.475,0.25,9,1,34,12,0.6488602111424955,eval,0.59134406,1.0,16,0.22499999999999998,0.34134405851364136
curv,0.475,0.25,9,1,34,8,0.6047871761181993,eval,0.54710233,1.0,16,0.22499999999999998,0.29710233211517334
curv,0.475,0.25,9,1,34,1,0.49997853715586665,eval,0.44189274,1.0,16,0.22499999999999998,0.19189274311065674
curv,0.525,0.25,10,1,35,9,0.6518731572705383,eval,0.5943686,1.0,16,0.275,0.344368577003479
curv,0.525,0.25,10,1,35,12,0.6518815273891231,eval,0.5943769,1.0,16,0.275,0.34437692165374756
curv,0.525,0.25,10,1,35,8,0.4282180135307945,eval,0.36985758,1.0,16,0.275,0.11985757946968079
curv,0.525,0.25,10,1,35,1,0.6281453084869473,eval,0.5705499,1.0,16,0.275,0.3205499053001404
curv,0.575,0.25,11,1,36,9,0.555391602743063,eval,0.49751776,1.0,16,0.32499999999999996,0.24751776456832886
curv,0.575,0.25,11,1,36,12,0.6323065992335506,eval,0.5747271,1.0,16,0.32499999999999996,0.3247271180152893
curv,0.575,0.25,11,1,36,8,0.767666270913514,eval,0.7106047,1.0,16,0.32499999999999996,0.460604727268219
curv,0.575,0.25,11,1,36,1,0.5911009576715345,eval,0.53336376,1.0,16,0.32499999999999996,0.2833637595176697
curv,0.625,0.25,12,1,37,9,0.5891039353295531,eval,0.53135914,1.0,16,0.375,0.28135913610458374
curv,0.625,0.25,12,1,37,12,0.8633592229234116,eval,0.8066639,1.0,16,0.375,0.5566638708114624
curv,0.625,0.25,12,1,37,8,0.8129344377381986,eval,0.75604606,1.0,16,0.375,0.5060460567474365
curv,0.625,0.25,12,1,37,1,0.5664471175876663,eval,0.5086157,1.0,16,0.375,0.2586156725883484
curv,0.675,0.25,13,1,38,9,0.682757241935024,eval,0.6253708,1.0,16,0.42500000000000004,0.3753708004951477
curv,0.675,0.25,13,1,38,12,0.6954978597927232,eval,0.6381601,1.0,16,0.42500000000000004,0.3881601095199585
curv,0.675,0.25,13,1,38,8,0.503656056203569,eval,0.44558424,1.0,16,0.42500000000000004,0.195584237575531
curv,0.675,0.25,13,1,38,1,0.5408780285923331,eval,0.48294872,1.0,16,0.42500000000000004,0.23294872045516968
curv,0.725,0.25,14,1,39,9,0.6560502542647139,eval,0.59856164,1.0,16,0.475,0.3485616445541382
curv,0.725,0.25,14,1,39,12,0.8071478916070218,eval,0.75023746,1.0,16,0.475,0.5002374649047852
curv,0.725,0.25,14,1,39,8,0.7108977334886978,eval,0.65361893,1.0,16,0.475,0.4036189317703247
curv,0.725,0.25,14,1,39,1,0.5848479785082572,eval,0.5270869,1.0,16,0.475,0.27708691358566284
flat,0.275,0.75,0,0,40,9,0.40819413685305606,eval,0.435472,0.0,16,-0.475,-0.3145279884338379
flat,0.275,0.75,0,0,40,12,0.20115860187320406,eval,0.2295957,0.0,16,-0.475,-0.5204042941331863
flat,0.275,0.75,0,0,40,8,0.30926915696456797,eval,0.33616856,0.0,16,-0.475,-0.4138314425945282
flat,0.275,0.75,0,0,40,1,0.3252682849874866,eval,0.3522289,0.0,16,-0.475,-0.39777109026908875
flat,0.325,0.75,1,0,41,9,0.20008373483240952,eval,0.22854641,0.0,16,-0.425,-0.5214535892009735
flat,0.325,0.75,1,0,41,12,0.4384357407951828,eval,0.4658293,0.0,16,-0.425,-0.2841706871986389
flat,0.325,0.75,1,0,41,8,0.24891289124935712,eval,0.27621478,0.0,16,-0.425,-0.4737852215766907
flat,0.325,0.75,1,0,41,1,0.4239713033285805,eval,0.45130962,0.0,16,-0.425,-0.2986903786659241
flat,0.375,0.75,2,0,42,9,0.3599402001639595,eval,0.38703346,0.0,16,-0.375,-0.36296653747558594
flat,0.375,0.75,2,0,42,12,0.39178259697224144,eval,0.4189977,0.0,16,-0.375,-0.33100229501724243
flat,0.375,0.75,2,0,42,8,0.3008919496315271,eval,0.32775927,0.0,16,-0.375,-0.4222407341003418
flat,0.375,0.75,2,0,42,1,0.3585705407374709,eval,0.3856586,0.0,16,-0.375,-0.3643414080142975
flat,0.425,0.75,3,0,43,9,0.45969527857023623,eval,0.48717025,0.0,16,-0.325,-0.2628297507762909
flat,0.425,0.75,3,0,43,12,0.37987998551439534,eval,0.40704954,0.0,16,-0.325,-0.3429504632949829
flat,0.425,0.75,3,0,43,8,0.40125843032654535,eval,0.42850977,0.0,16,-0.325,-0.32149022817611694
flat,0.425,0.75,3,0,43,1,0.3175635141771565,eval,0.3444946,0.0,16,-0.325,-0.40550538897514343
flat,0.475,0.75,4,0,44,9,0.46455529309334376,eval,0.49204883,0.0,16,-0.275,-0.25795117020606995
flat,0.475,0.75,4,0,44,12,0.6866939198315876,eval,0.7150375,0.0,16,-0.275,-0.034962475299835205
flat,0.475,0.75,4,0,44,8,0.548917808711155,eval,0.5767342,0.0,16,-0.275,-0.17326581478118896
flat,0.475,0.75,4,0,44,1,0.5623042152621707,eval,0.5901718,0.0,16,-0.275,-0.15982818603515625
flat,0.525,0.75,5,0,45,9,0.4447712454632119,eval,0.47218907,0.0,16,-0.22499999999999998,-0.2778109312057495
flat,0.525,0.75,5,0,45,12,0.49452003354591684,eval,0.5221283,0.0,16,-0.22499999999999998,-0.22787171602249146
flat,0.525,0.75,5,0,45,8,0.4738666161052906,eval,0.5013958,0.0,16,-0.22499999999999998,-0.2486041784286499
flat,0.525,0.75,5,0,45,1,0.39696060552854273,eval,0.42419553,0.0,16,-0.22499999999999998,-0.3258044719696045
flat,0.575,0.75,6,0,46,9,0.48816108032474786,eval,0.51574504,0.0,16,-0.17500000000000004,-0.23425495624542236
flat,0.575,0.75,6,0,46,12,0.5758861327608518,eval,0.60380566,0.0,16,-0.17500000000000004,-0.14619433879852295
flat,0.575,0.75,6,0,46,8,0.7576693811620117,eval,0.7862846,1.0,16,-0.17500000000000004,0.03628462553024292
flat,0.575,0.75,6,0,46,1,0.5036931904940727,eval,0.5313365,0.0,16,-0.17500000000000004,-0.2186635136604309
flat,0.625,0.75,7,0,47,9,0.6675394425820824,eval,0.6958097,0.0,16,-0.125,-0.05419027805328369
flat,0.625,0.75,7,0,47,12,0.6052720042673871,eval,0.633304,0.0,16,-0.125,-0.11669600009918213
flat,0.625,0.75,7,0,47,8,0.6539974002338532,eval,0.6822158,0.0,16,-0.125,-0.06778419017791748
flat,0.625,0.75,7,0,47,1,0.6871017853540099,eval,0.71544695,0.0,16,-0.125,-0.03455305099487305
flat,0.675,0.75,8,0,48,9,0.57195195498333,eval,0.5998565,0.0,16,-0.07499999999999996,-0.15014350414276123
flat,0.675,0.75,8,0,48,12,0.5994329086763519,eval,0.62744254,0.0,16,-0.07499999999999996,-0.12255746126174927
flat,0.675,0.75,8,0,48,8,0.6647424715916677,eval,0.693002,0.0,16,-0.07499999999999996,-0.05699801445007324
flat,0.675,0.75,8,0,48,1,0.44998588264254086,eval,0.47742373,0.0,16,-0.07499999999999996,-0.2725762724876404
flat,0.725,0.75,9,0,49,9,0.789624270571504,eval,0.81836164,1.0,16,-0.025000000000000022,0.06836163997650146
flat,0.725,0.75,9,0,49,12,0.7781272400530428,eval,0.80682075,1.0,16,-0.025000000000000022,0.05682075023651123
flat,0.725,0.75,9,0,49,8,0.8699259685131457,eval,0.8989707,1.0,16,-0.025000000000000022,0.14897072315216064
flat,0.725,0.75,9,0,49,1,0.7636369597566306,eval,0.792275,1.0,16,-0.025000000000000022,0.04227501153945923
flat,0.775,0.75,10,1,50,9,0.6225851636354708,eval,0.65068346,0.0,16,0.025000000000000022,-0.0993165373802185
flat,0.775,0.75,10,1,50,12,0.8488409603732732,eval,0.8778049,1.0,16,0.025000000000000022,0.12780487537384033
flat,0.775,0.75,10,1,50,8,0.8376281195060352,eval,0.86654925,1.0,16,0.025000000000000022,0.11654925346374512
flat,0.775,0.75,10,1,50,1,0.7168359163590498,eval,0.74529487,0.0,16,0.025000000000000022,-0.0047051310539245605
flat,0.775,0.75,10,1,51,9,0.7195016903283316,eval,0.7479708,0.0,16,0.025000000000000022,-0.0020291805267333984
flat,0.775,0.75,10,1,51,12,0.8104372527738726,eval,0.83925426,1.0,16,0.025000000000000022,0.08925426006317139
flat,0.775,0.75,10,1,51,8,0.8119286775687574,eval,0.8407515,1.0,16,0.025000000000000022,0.0907515287399292
flat,0.775,0.75,10,1,51,1,0.7859279697477815,eval,0.81465125,1.0,16,0.025000000000000022,0.0646512508392334
flat,0.825,0.75,11,1,52,9,0.8286306022369746,eval,0.85751736,1.0,16,0.07499999999999996,0.10751736164093018
flat,0.825,0.75,11,1,52,12,0.5889421738555064,eval,0.6169117,0.0,16,0.07499999999999996,-0.13308829069137573
flat,0.825,0.75,11,1,52,8,0.7918859617230475,eval,0.8206321,1.0,16,0.07499999999999996,0.07063210010528564
flat,0.825,0.75,11,1,52,1,0.8174298473779177,eval,0.84627366,1.0,16,0.07499999999999996,0.09627366065979004
flat,0.825,0.75,11,1,53,9,0.6997848056555384,eval,0.72817844,0.0,16,0.07499999999999996,-0.021821558475494385
flat,0.825,0.75,11,1,53,12,0.9257997003423085,eval,0.9550582,1.0,16,0.07499999999999996,0.20505821704864502
flat,0.825,0.75,11,1,53,8,1.006398561389275,eval,1.0359656,1.0,16,0.07499999999999996,0.28596556186676025
flat,0.825,0.75,11,1,53,1,0.8452114395043959,eval,0.8741616,1.0,16,0.07499999999999996,0.12416160106658936
flat,0.875,0.75,12,1,54,9,0.9402010863526592,eval,0.9695147,1.0,16,0.125,0.21951472759246826
flat,0.875,0.75,12,1,54,12,0.8399761650176906,eval,0.8689064,1.0,16,0.125,0.11890637874603271
flat,0.875,0.75,12,1,54,8,0.9561821589739987,eval,0.98555696,1.0,16,0.125,0.235556960105896
flat,0.875,0.75,12,1,54,1,0.9444171936707009,eval,0.9737469,1.0,16,0.125,0.2237468957901001
flat,0.875,0.75,12,1,55,9,0.8731461186690498,eval,0.9022031,1.0,16,0.125,0.15220308303833008
flat,0.875,0.75,12,1,55,12,0.7533676588110694,eval,0.7819663,1.0,16,0.125,0.031966328620910645
flat,0.875,0.75,12,1,55,8,0.8546588664055288,eval,0.88364506,1.0,16,0.125,0.13364505767822266
flat,0.875,0.75,12,1,55,1,0.7991630249101591,eval,0.8279371,1.0,16,0.125,0.07793712615966797
flat,0.925,0.75,13,1,56,9,0.8213926318410458,eval,0.8502517,1.0,16,0.17500000000000004,0.10025167465209961
flat,0.925,0.75,13,1,56,12,0.9853280959050975,eval,1.0148145,1.0,16,0.17500000000000004,0.26481449604034424
flat,0.925,0.75,13,1,56,8,0.7672800849317296,eval,0.79593205,1.0,16,0.17500000000000004,0.04593205451965332
flat,0.925,0.75,13,1,56,1,1.0670982022311917,eval,1.0968974,1.0,16,0.17500000000000004,0.3468973636627197
flat,0.925,0.75,13,1,57,9,0.7731111770249605,eval,0.8017854,1.0,16,0.17500000000000004,0.051785409450531006
flat,0.925,0.75,13,1,57,12,0.9812849420373864,eval,1.0107558,1.0,16,0.17500000000000004,0.2607557773590088
flat,0.925,0.75,13,1,57,8,0.9622951541761923,eval,0.99169326,1.0,16,0.17500000000000004,0.24169325828552246
flat,0.925,0.75,13,1,57,1,0.9976093788947765,eval,1.0271428,1.0,16,0.17500000000000004,0.2771427631378174
flat,0.975,0.75,14,1,58,9,0.8184410628627359,eval,0.8472887,1.0,16,0.22499999999999998,0.09728872776031494
flat,0.975,0.75,14,1,58,12,0.8706926297718663,eval,0.8997402,1.0,16,0.22499999999999998,0.14974021911621094
flat,0.975,0.75,14,1,58,8,0.8606259907898409,eval,0.8896351,1.0,16,0.22499999999999998,0.1396350860595703
flat,0.975,0.75,14,1,58,1,1.0593732662303268,eval,1.0891429,1.0,16,0.22499999999999998,0.33914291858673096
flat,0.975,0.75,14,1,59,9,0.9801033945130329,eval,1.0095696,1.0,16,0.22499999999999998,0.2595696449279785
flat,0.975,0.75,14,1,59,12,1.2222435678832566,eval,1.2230791,1.0,16,0.22499999999999998,0.4730790853500366
flat,0.975,0.75,14,1,59,8,0.8034054048241679,eval,0.83219564,1.0,16,0.22499999999999998,0.08219563961029053
flat,0.975,0.75,14,1,59,1,1.0914863981111027,eval,1.1213789,1.0,16,0.22499999999999998,0.37137889862060547
base,0.025,0.5,0,0,0,9,-0.002915150546776414,eval,0.10874402,0.0,17,-0.475,-0.3912559822201729
base,0.025,0.5,0,0,0,12,0.06907067447635609,eval,0.16504508,0.0,17,-0.475,-0.3349549174308777
base,0.025,0.5,0,0,0,8,0.07970956613393337,eval,0.17336589,0.0,17,-0.475,-0.32663410902023315
base,0.025,0.5,0,0,0,1,-0.018643524714322124,eval,0.09644269,0.0,17,-0.475,-0.40355730801820755
base,0.075,0.5,1,0,1,9,0.10314711025906223,eval,0.19169667,0.0,17,-0.425,-0.3083033263683319
base,0.075,0.5,1,0,1,12,0.10925153909534122,eval,0.196471,0.0,17,-0.425,-0.3035289943218231
base,0.075,0.5,1,0,1,8,0.2513759069559374,eval,0.3076283,0.0,17,-0.425,-0.1923716962337494
base,0.075,0.5,1,0,1,1,-0.041980190777286416,eval,0.07819077,0.0,17,-0.425,-0.42180923372507095
base,0.125,0.5,2,0,2,9,0.2532481233683165,eval,0.30909255,0.0,17,-0.375,-0.19090744853019714
base,0.125,0.5,2,0,2,12,0.17239470669880136,eval,0.24585605,0.0,17,-0.375,-0.25414395332336426
base,0.125,0.5,2,0,2,8,0.07632387892071708,eval,0.1707179,0.0,17,-0.375,-0.32928210496902466
base,0.125,0.5,2,0,2,1,0.2989367877130134,eval,0.34482622,0.0,17,-0.375,-0.15517377853393555
base,0.175,0.5,3,0,3,9,0.2032451825285249,eval,0.26998466,0.0,17,-0.325,-0.2300153374671936
base,0.175,0.5,3,0,3,12,0.1482691568046723,eval,0.22698721,0.0,17,-0.325,-0.27301278710365295
base,0.175,0.5,3,0,3,8,0.18441541561970465,eval,0.2552576,0.0,17,-0.325,-0.24474239349365234
base,0.175,0.5,3,0,3,1,0.1254089271557848,eval,0.2091079,0.0,17,-0.325,-0.290892094373703
base,0.225,0.5,4,0,4,9,0.3056019527170751,eval,0.3500391,0.0,17,-0.275,-0.14996090531349182
base,0.225,0.5,4,0,4,12,0.3438327862596402,eval,0.3799399,0.0,17,-0.275,-0.12006008625030518
base,0.225,0.5,4,0,4,8,0.15444720452789168,eval,0.23181912,0.0,17,-0.275,-0.26818087697029114
base,0.225,0.5,4,0,4,1,0.2578969629460202,eval,0.31272846,0.0,17,-0.275,-0.18727153539657593
base,0.275,0.5,5,0,5,9,0.15241172947768455,eval,0.23022714,0.0,17,-0.22499999999999998,-0.26977285742759705
base,0.275,0.5,5,0,5,12,0.24014279349858433,eval,0.29884276,0.0,17,-0.22499999999999998,-0.20115724205970764
base,0.275,0.5,5,0,5,8,0.15737429350797189,eval,0.23410851,0.0,17,-0.22499999999999998,-0.26589149236679077
base,0.275,0.5,5,0,5,1,0.24914274545260762,eval,0.30588168,0.0,17,-0.22499999999999998,-0.19411832094192505
base,0.325,0.5,6,0,6,9,0.32274678225324427,eval,0.36344826,0.0,17,-0.175,-0.13655173778533936
base,0.325,0.5,6,0,6,12,0.17876480748448073,eval,0.25083822,0.0,17,-0.175,-0.24916177988052368
base,0.325,0.5,6,0,6,8,0.2536892033263042,eval,0.30943748,0.0,17,-0.175,-0.19056251645088196
base,0.325,0.5,6,0,6,1,0.48334728788021225,eval,0.48905605,0.0,17,-0.175,-0.010943949222564697
base,0.375,0.5,7,0,7,9,0.3874211319304505,eval,0.41403097,0.0,17,-0.125,-0.08596903085708618
base,0.375,0.5,7,0,7,12,0.4599783613618451,eval,0.47077888,0.0,17,-0.125,-0.02922111749649048
base,0.375,0.5,7,0,7,8,0.3405001475914213,eval,0.3773334,0.0,17,-0.125,-0.12266659736633301
base,0.375,0.5,7,0,7,1,0.5070360987081839,eval,0.50758326,1.0,17,-0.125,0.007583260536193848
base,0.425,0.5,8,0,8,9,0.5112246184619911,eval,0.5108592,1.0,17,-0.07500000000000001,0.010859191417694092
base,0.425,0.5,8,0,8,12,0.6100702779951481,eval,0.58816755,1.0,17,-0.07500000000000001,0.08816754817962646
base,0.425,0.5,8,0,8,8,0.5605438028669814,eval,0.54943234,1.0,17,-0.07500000000000001,0.049432337284088135
base,0.425,0.5,8,0,8,1,0.4883352622824915,eval,0.49295714,0.0,17,-0.07500000000000001,-0.0070428550243377686
base,0.475,0.5,9,0,9,9,0.4866060673431017,eval,0.49160475,0.0,17,-0.025000000000000022,-0.008395254611968994
base,0.475,0.5,9,0,9,12,0.3789848880709369,eval,0.40743285,0.0,17,-0.025000000000000022,-0.09256714582443237
base,0.475,0.5,9,0,9,8,0.4752211602573378,eval,0.4827004,0.0,17,-0.025000000000000022,-0.0172995924949646
base,0.475,0.5,9,0,9,1,0.2546490119353349,eval,0.3101882,0.0,17,-0.025000000000000022,-0.1898117959499359
base,0.525,0.5,10,1,10,9,0.6054078958119873,eval,0.5845211,1.0,17,0.025000000000000022,0.08452111482620239
base,0.525,0.5,10,1,10,12,0.5148368870407144,eval,0.5136844,1.0,17,0.025000000000000022,0.013684391975402832
base,0.525,0.5,10,1,10,8,0.44594551903321245,eval,0.45980358,0.0,17,0.025000000000000022,-0.04019641876220703
base,0.525,0.5,10,1,10,1,0.5302028974259887,eval,0.5257024,1.0,17,0.025000000000000022,0.02570241689682007
base,0.575,0.5,11,1,11,9,0.5245800752222866,eval,0.5213046,1.0,17,0.07499999999999996,0.021304607391357422
base,0.575,0.5,11,1,11,12,0.5064557989281973,eval,0.50712943,1.0,17,0.07499999999999996,0.0071294307708740234
base,0.575,0.5,11,1,11,8,0.5891877828241733,eval,0.5718351,1.0,17,0.07499999999999996,0.07183510065078735
base,0.575,0.5,11,1,11,1,0.6433686190776534,eval,0.6142106,1.0,17,0.07499999999999996,0.11421060562133789
base,0.625,0.5,12,1,12,9,0.6607954906213157,eval,0.6278404,1.0,17,0.125,0.12784039974212646
base,0.625,0.5,12,1,12,12,0.5869416749872484,eval,0.57007843,1.0,17,0.125,0.07007843255996704
base,0.625,0.5,12,1,12,8,0.6467571355560034,eval,0.6168608,1.0,17,0.125,0.11686080694198608
base,0.625,0.5,12,1,12,1,0.7253961575842169,eval,0.67836547,1.0,17,0.125,0.17836546897888184
base,0.675,0.5,13,1,13,9,0.7164866401254424,eval,0.6713972,1.0,17,0.17500000000000004,0.17139720916748047
base,0.675,0.5,13,1,13,12,0.6796092971779658,eval,0.64255494,1.0,17,0.17500000000000004,0.14255493879318237
base,0.675,0.5,13,1,13,8,0.6073767944025039,eval,0.586061,1.0,17,0.17500000000000004,0.08606100082397461
base,0.675,0.5,13,1,13,1,0.61320929552924,eval,0.59062266,1.0,17,0.17500000000000004,0.0906226634979248
base,0.725,0.5,14,1,14,9,0.6000224275413348,eval,0.58030903,1.0,17,0.22499999999999998,0.08030903339385986
base,0.725,0.5,14,1,14,12,0.6008191547218831,eval,0.5809322,1.0,17,0.22499999999999998,0.08093219995498657
base,0.725,0.5,14,1,14,8,0.8393233626629595,eval,0.7674692,1.0,17,0.22499999999999998,0.26746922731399536
base,0.725,0.5,14,1,14,1,0.9072011363328323,eval,0.8205573,1.0,17,0.22499999999999998,0.32055729627609253
base,0.775,0.5,15,1,15,9,0.7925538628567643,eval,0.7308903,1.0,17,0.275,0.23089027404785156
base,0.775,0.5,15,1,15,12,0.7472346328732713,eval,0.69544566,1.0,17,0.275,0.19544565677642822
base,0.775,0.5,15,1,15,8,0.586165110902335,eval,0.5694711,1.0,17,0.275,0.06947112083435059
base,0.775,0.5,15,1,15,1,0.6429569029986707,eval,0.6138886,1.0,17,0.275,0.11388862133026123
base,0.825,0.5,16,1,16,9,0.7929637473048593,eval,0.7312108,1.0,17,0.32499999999999996,0.2312108278274536
base,0.825,0.5,16,1,16,12,0.6784032613617612,eval,0.6416117,1.0,17,0.32499999999999996,0.14161169528961182
base,0.825,0.5,16,1,16,8,0.8036455371917013,eval,0.73956525,1.0,17,0.32499999999999996,0.23956525325775146
base,0.825,0.5,16,1,16,1,0.7588471978184781,eval,0.70452785,1.0,17,0.32499999999999996,0.2045278549194336
base,0.875,0.5,17,1,17,9,0.6845912051383966,eval,0.64645135,1.0,17,0.375,0.14645135402679443
base,0.875,0.5,17,1,17,12,0.8181772362058521,eval,0.7509306,1.0,17,0.375,0.2509306073188782
base,0.875,0.5,17,1,17,8,0.9415066065629245,eval,0.8473881,1.0,17,0.375,0.3473880887031555
base,0.875,0.5,17,1,17,1,0.9685049988114022,eval,0.8685038,1.0,17,0.375,0.3685038089752197
base,0.925,0.5,18,1,18,9,1.0208406680141398,eval,0.9094362,1.0,17,0.42500000000000004,0.4094362258911133
base,0.925,0.5,18,1,18,12,0.8063930346013513,eval,0.741714,1.0,17,0.42500000000000004,0.2417140007019043
base,0.925,0.5,18,1,18,8,0.7911567480523145,eval,0.72979766,1.0,17,0.42500000000000004,0.22979766130447388
base,0.925,0.5,18,1,18,1,0.9299054613825312,eval,0.83831465,1.0,17,0.42500000000000004,0.33831465244293213
base,0.975,0.5,19,1,19,9,0.9388141319695699,eval,0.84528226,1.0,17,0.475,0.34528225660324097
base,0.975,0.5,19,1,19,12,0.8690939300539855,eval,0.7907532,1.0,17,0.475,0.29075318574905396
base,0.975,0.5,19,1,19,8,1.0111253748643376,eval,0.9018377,1.0,17,0.475,0.40183770656585693
base,0.975,0.5,19,1,19,1,1.1752392583645255,eval,0.9884379,1.0,17,0.475,0.4884378910064697
curv,0.025,0.25,0,0,20,9,-0.06023900581258609,eval,-0.017748572,0.0,17,-0.225,-0.2677485719323158
curv,0.025,0.25,0,0,20,12,-0.14699106806582,eval,-0.08559845,0.0,17,-0.225,-0.3355984464287758
curv,0.025,0.25,0,0,20,8,0.1542893050193805,eval,0.15003672,0.0,17,-0.225,-0.09996327757835388
curv,0.025,0.25,0,0,20,1,0.04385191925124656,eval,0.06366225,0.0,17,-0.225,-0.18633774667978287
curv,0.025,0.25,0,0,21,9,-0.012731674369381461,eval,0.019407533,0.0,17,-0.225,-0.23059246689081192
curv,0.025,0.25,0,0,21,12,0.1469354588732634,eval,0.14428514,0.0,17,-0.225,-0.10571485757827759
curv,0.025,0.25,0,0,21,8,0.07036712642569681,eval,0.08440014,0.0,17,-0.225,-0.16559986025094986
curv,0.025,0.25,0,0,21,1,-0.03831940901922267,eval,-0.0006049946,0.0,17,-0.225,-0.2506049945950508
curv,0.075,0.25,1,0,22,9,0.08882003031483213,eval,0.09883233,0.0,17,-0.175,-0.15116766840219498
curv,0.075,0.25,1,0,22,12,0.12590590847395516,eval,0.12783772,0.0,17,-0.175,-0.12216228246688843
curv,0.075,0.25,1,0,22,8,-0.09401599429769265,eval,-0.044165976,0.0,17,-0.175,-0.2941659763455391
curv,0.075,0.25,1,0,22,1,0.03724364947671917,eval,0.058493815,0.0,17,-0.175,-0.19150618463754654
curv,0.075,0.25,1,0,23,9,0.22579094843471398,eval,0.20595905,0.0,17,-0.175,-0.044040948152542114
curv,0.075,0.25,1,0,23,12,-0.11674640434564944,eval,-0.061943687,0.0,17,-0.175,-0.3119436874985695
curv,0.075,0.25,1,0,23,8,0.0021804972564751224,eval,0.031070463,0.0,17,-0.175,-0.21892953664064407
curv,0.075,0.25,1,0,23,1,-0.03411461176191956,eval,0.0026836023,0.0,17,-0.175,-0.2473163977265358
curv,0.125,0.25,2,0,24,9,0.10840667969937974,eval,0.11415129,0.0,17,-0.125,-0.13584870845079422
curv,0.125,0.25,2,0,24,12,0.06531724059521243,eval,0.0804505,0.0,17,-0.125,-0.16954950243234634
curv,0.125,0.25,2,0,24,8,0.24823034025042634,eval,0.22350916,0.0,17,-0.125,-0.026490837335586548
curv,0.125,0.25,2,0,24,1,-0.002768016638660803,eval,0.027200215,0.0,17,-0.125,-0.22279978543519974
curv,0.125,0.25,2,0,25,9,0.17224074969585104,eval,0.16407672,0.0,17,-0.125,-0.08592328429222107
curv,0.125,0.25,2,0,25,12,0.0579561400096926,eval,0.074693315,0.0,17,-0.125,-0.17530668526887894
curv,0.125,0.25,2,0,25,8,0.15483352450652943,eval,0.15046233,0.0,17,-0.125,-0.0995376706123352
curv,0.125,0.25,2,0,25,1,0.18804114907682318,eval,0.17643443,0.0,17,-0.125,-0.07356557250022888
curv,0.175,0.25,3,0,26,9,0.31235793768977616,eval,0.27366415,1.0,17,-0.07500000000000001,0.023664146661758423
curv,0.175,0.25,3,0,26,12,0.1059055871831403,eval,0.11219516,0.0,17,-0.07500000000000001,-0.13780484348535538
curv,0.175,0.25,3,0,26,8,0.17401410615100246,eval,0.16546375,0.0,17,-0.07500000000000001,-0.08453625440597534
curv,0.175,0.25,3,0,26,1,0.23311658124128057,eval,0.21168846,0.0,17,-0.07500000000000001,-0.038311541080474854
curv,0.175,0.25,3,0,27,9,0.22835505312737925,eval,0.20796439,0.0,17,-0.07500000000000001,-0.04203560948371887
curv,0.175,0.25,3,0,27,12,0.030311648744351605,eval,0.053072177,0.0,17,-0.07500000000000001,-0.19692782312631607
curv,0.175,0.25,3,0,27,8,0.219120059471549,eval,0.20074165,0.0,17,-0.07500000000000001,-0.04925835132598877
curv,0.175,0.25,3,0,27,1,0.30445588194411166,eval,0.26748383,1.0,17,-0.07500000000000001,0.017483830451965332
curv,0.225,0.25,4,0,28,9,0.3318564157418792,eval,0.28891417,1.0,17,-0.024999999999999994,0.03891417384147644
curv,0.225,0.25,4,0,28,12,0.30043857213684555,eval,0.2643419,1.0,17,-0.024999999999999994,0.014341890811920166
curv,0.225,0.25,4,0,28,8,0.2971048950005876,eval,0.26173458,1.0,17,-0.024999999999999994,0.011734575033187866
curv,0.225,0.25,4,0,28,1,0.1495394208740069,eval,0.14632177,0.0,17,-0.024999999999999994,-0.10367822647094727
curv,0.225,0.25,4,0,29,9,0.17734901410490445,eval,0.16807199,0.0,17,-0.024999999999999994,-0.08192801475524902
curv,0.225,0.25,4,0,29,12,0.1854136214492001,eval,0.17437941,0.0,17,-0.024999999999999994,-0.07562059164047241
curv,0.225,0.25,4,0,29,8,0.15415347634020068,eval,0.14993048,0.0,17,-0.024999999999999994,-0.10006952285766602
curv,0.225,0.25,4,0,29,1,0.3939107452443673,eval,0.3374476,1.0,17,-0.024999999999999994,0.08744761347770691
curv,0.275,0.25,5,1,30,9,0.3521049326473978,eval,0.30475077,1.0,17,0.025000000000000022,0.05475077033042908
curv,0.275,0.25,5,1,30,12,0.3218148909489514,eval,0.28106058,1.0,17,0.025000000000000022,0.03106057643890381
curv,0.275,0.25,5,1,30,8,0.2459599919927045,eval,0.22173351,0.0,17,0.025000000000000022,-0.028266489505767822
curv,0.275,0.25,5,1,30,1,0.2462612292191334,eval,0.22196913,0.0,17,0.025000000000000022,-0.028030872344970703
curv,0.325,0.25,6,1,31,9,0.31920239999303074,eval,0.27901733,1.0,17,0.07500000000000001,0.029017329216003418
curv,0.325,0.25,6,1,31,12,0.37767557651664274,eval,0.3247499,1.0,17,0.07500000000000001,0.0747498869895935
curv,0.325,0.25,6,1,31,8,0.339291364966682,eval,0.29472905,1.0,17,0.07500000000000001,0.04472905397415161
curv,0.325,0.25,6,1,31,1,0.4824408278844587,eval,0.40668815,1.0,17,0.07500000000000001,0.1566881537437439
curv,0.375,0.25,7,1,32,9,0.48244112374891795,eval,0.40668833,1.0,17,0.125,0.15668833255767822
curv,0.375,0.25,7,1,32,12,0.5125445311670886,eval,0.43023255,1.0,17,0.125,0.18023255467414856
curv,0.375,0.25,7,1,32,8,0.3206042278212674,eval,0.28011364,1.0,17,0.125,0.030113637447357178
curv,0.375,0.25,7,1,32,1,0.3317214152817403,eval,0.28880858,1.0,17,0.125,0.038808584213256836
curv,0.425,0.25,8,1,33,9,0.32464404280078596,eval,0.28327328,1.0,17,0.175,0.033273279666900635
curv,0.425,0.25,8,1,33,12,0.24351277222568563,eval,0.21981949,0.0,17,0.175,-0.030180513858795166
curv,0.425,0.25,8,1,33,8,0.4116548441462745,eval,0.35132548,1.0,17,0.175,0.10132548213005066
curv,0.425,0.25,8,1,33,1,0.3514516707657725,eval,0.30423984,1.0,17,0.175,0.05423983931541443
curv,0.475,0.25,9,1,34,9,0.39704422467572553,eval,0.33989835,1.0,17,0.22499999999999998,0.08989834785461426
curv,0.475,0.25,9,1,34,12,0.6488602111424955,eval,0.53684676,1.0,17,0.22499999999999998,0.28684675693511963
curv,0.475,0.25,9,1,34,8,0.6047871761181993,eval,0.5023767,1.0,17,0.22499999999999998,0.2523766756057739
curv,0.475,0.25,9,1,34,1,0.49997853715586665,eval,0.42040458,1.0,17,0.22499999999999998,0.1704045832157135
curv,0.525,0.25,10,1,35,9,0.6518731572705383,eval,0.5392032,1.0,17,0.275,0.2892032265663147
curv,0.525,0.25,10,1,35,12,0.6518815273891231,eval,0.5392098,1.0,17,0.275,0.28920978307724
curv,0.525,0.25,10,1,35,8,0.4282180135307945,eval,0.3642797,1.0,17,0.275,0.11427968740463257
curv,0.525,0.25,10,1,35,1,0.6281453084869473,eval,0.5206454,1.0,17,0.275,0.2706453800201416
curv,0.575,0.25,11,1,36,9,0.555391602743063,eval,0.46374378,1.0,17,0.32499999999999996,0.21374377608299255
curv,0.575,0.25,11,1,36,12,0.6323065992335506,eval,0.5238999,1.0,17,0.32499999999999996,0.2738999128341675
curv,0.575,0.25,11,1,36,8,0.767666270913514,eval,0.6297665,1.0,17,0.32499999999999996,0.3797665238380432
curv,0.575,0.25,11,1,36,1,0.5911009576715345,eval,0.4916725,1.0,17,0.32499999999999996,0.24167248606681824
curv,0.625,0.25,12,1,37,9,0.5891039353295531,eval,0.49011064,1.0,17,0.375,0.2401106357574463
curv,0.625,0.25,12,1,37,12,0.8633592229234116,eval,0.70460904,1.0,17,0.375,0.4546090364456177
curv,0.625,0.25,12,1,37,8,0.8129344377381986,eval,0.66517127,1.0,17,0.375,0.4151712656021118
curv,0.625,0.25,12,1,37,1,0.5664471175876663,eval,0.47239047,1.0,17,0.375,0.22239047288894653
curv,0.675,0.25,13,1,38,9,0.682757241935024,eval,0.563358,1.0,17,0.42500000000000004,0.31335800886154175
curv,0.675,0.25,13,1,38,12,0.6954978597927232,eval,0.57332265,1.0,17,0.42500000000000004,0.3233226537704468
curv,0.675,0.25,13,1,38,8,0.503656056203569,eval,0.42328078,1.0,17,0.42500000000000004,0.1732807755470276
curv,0.675,0.25,13,1,38,1,0.5408780285923331,eval,0.45239258,1.0,17,0.42500000000000004,0.202392578125
curv,0.725,0.25,14,1,39,9,0.6560502542647139,eval,0.5424702,1.0,17,0.475,0.29247021675109863
curv,0.725,0.25,14,1,39,12,0.8071478916070218,eval,0.6606456,1.0,17,0.475,0.41064560413360596
curv,0.725,0.25,14,1,39,8,0.7108977334886978,eval,0.58536714,1.0,17,0.475,0.3353671431541443
curv,0.725,0.25,14,1,39,1,0.5848479785082572,eval,0.486782,1.0,17,0.475,0.2367820143699646
flat,0.275,0.75,0,0,40,9,0.40819413685305606,eval,0.5119366,0.0,17,-0.475,-0.23806339502334595
flat,0.275,0.75,0,0,40,12,0.20115860187320406,eval,0.35001162,0.0,17,-0.475,-0.3999883830547333
flat,0.275,0.75,0,0,40,8,0.30926915696456797,eval,0.43456623,0.0,17,-0.475,-0.3154337704181671
flat,0.275,0.75,0,0,40,1,0.3252682849874866,eval,0.44707936,0.0,17,-0.475,-0.3029206395149231
flat,0.325,0.75,1,0,41,9,0.20008373483240952,eval,0.34917095,0.0,17,-0.425,-0.4008290469646454
flat,0.325,0.75,1,0,41,12,0.4384357407951828,eval,0.53558904,0.0,17,-0.425,-0.2144109606742859
flat,0.325,0.75,1,0,41,8,0.24891289124935712,eval,0.3873609,0.0,17,-0.425,-0.36263909935951233
flat,0.325,0.75,1,0,41,1,0.4239713033285805,eval,0.5242762,0.0,17,-0.425,-0.22572380304336548
flat,0.375,0.75,2,0,42,9,0.3599402001639595,eval,0.4741967,0.0,17,-0.375,-0.2758032977581024
flat,0.375,0.75,2,0,42,12,0.39178259697224144,eval,0.499101,0.0,17,-0.375,-0.25089898705482483
flat,0.375,0.75,2,0,42,8,0.3008919496315271,eval,0.4280143,0.0,17,-0.375,-0.3219856917858124
flat,0.375,0.75,2,0,42,1,0.3585705407374709,eval,0.47312546,0.0,17,-0.375,-0.2768745422363281
flat,0.425,0.75,3,0,43,9,0.45969527857023623,eval,0.55221635,0.0,17,-0.325,-0.19778364896774292
flat,0.425,0.75,3,0,43,12,0.37987998551439534,eval,0.48979184,0.0,17,-0.325,-0.2602081596851349
flat,0.425,0.75,3,0,43,8,0.40125843032654535,eval,0.5065122,0.0,17,-0.325,-0.24348777532577515
flat,0.425,0.75,3,0,43,1,0.3175635141771565,eval,0.44105336,0.0,17,-0.325,-0.3089466392993927
flat,0.475,0.75,4,0,44,9,0.46455529309334376,eval,0.55601746,0.0,17,-0.275,-0.1939825415611267
flat,0.475,0.75,4,0,44,12,0.6866939198315876,eval,0.72975487,0.0,17,-0.275,-0.020245134830474854
flat,0.475,0.75,4,0,44,8,0.548917808711155,eval,0.6219984,0.0,17,-0.275,-0.12800157070159912
flat,0.475,0.75,4,0,44,1,0.5623042152621707,eval,0.63246804,0.0,17,-0.275,-0.11753195524215698
flat,0.525,0.75,5,0,45,9,0.4447712454632119,eval,0.54054415,0.0,17,-0.22499999999999998,-0.20945584774017334
flat,0.525,0.75,5,0,45,12,0.49452003354591684,eval,0.57945323,0.0,17,-0.22499999999999998,-0.1705467700958252
flat,0.525,0.75,5,0,45,8,0.4738666161052906,eval,0.56329995,0.0,17,-0.22499999999999998,-0.18670004606246948
flat,0.525,0.75,5,0,45,1,0.39696060552854273,eval,0.5031508,0.0,17,-0.22499999999999998,-0.2468491792678833
flat,0.575,0.75,6,0,46,9,0.48816108032474786,eval,0.5744799,0.0,17,-0.17500000000000004,-0.175520122051239
flat,0.575,0.75,6,0,46,12,0.5758861327608518,eval,0.6430908,0.0,17,-0.17500000000000004,-0.10690921545028687
flat,0.575,0.75,6,0,46,8,0.7576693811620117,eval,0.7852657,1.0,17,-0.17500000000000004,0.03526568412780762
flat,0.575,0.75,6,0,46,1,0.5036931904940727,eval,0.5866277,0.0,17,-0.17500000000000004,-0.16337227821350098
flat,0.625,0.75,7,0,47,9,0.6675394425820824,eval,0.7147739,0.0,17,-0.125,-0.03522610664367676
flat,0.625,0.75,7,0,47,12,0.6052720042673871,eval,0.66607374,0.0,17,-0.125,-0.083926260471344
flat,0.625,0.75,7,0,47,8,0.6539974002338532,eval,0.7041825,0.0,17,-0.125,-0.04581749439239502
flat,0.625,0.75,7,0,47,1,0.6871017853540099,eval,0.7300738,0.0,17,-0.125,-0.01992619037628174
flat,0.675,0.75,8,0,48,9,0.57195195498333,eval,0.6400137,0.0,17,-0.07499999999999996,-0.1099863052368164
flat,0.675,0.75,8,0,48,12,0.5994329086763519,eval,0.6615069,0.0,17,-0.07499999999999996,-0.08849310874938965
flat,0.675,0.75,8,0,48,8,0.6647424715916677,eval,0.7125863,0.0,17,-0.07499999999999996,-0.037413716316223145
flat,0.675,0.75,8,0,48,1,0.44998588264254086,eval,0.54462254,0.0,17,-0.07499999999999996,-0.205377459526062
flat,0.725,0.75,9,0,49,9,0.789624270571504,eval,0.81025803,1.0,17,-0.025000000000000022,0.06025803089141846
flat,0.725,0.75,9,0,49,12,0.7781272400530428,eval,0.801266,1.0,17,-0.025000000000000022,0.05126601457595825
flat,0.725,0.75,9,0,49,8,0.8699259685131457,eval,0.87306285,1.0,17,-0.025000000000000022,0.1230628490447998
flat,0.725,0.75,9,0,49,1,0.7636369597566306,eval,0.7899329,1.0,17,-0.025000000000000022,0.03993290662765503
flat,0.775,0.75,10,1,50,9,0.6225851636354708,eval,0.6796146,0.0,17,0.025000000000000022,-0.0703853964805603
flat,0.775,0.75,10,1,50,12,0.8488409603732732,eval,0.8565721,1.0,17,0.025000000000000022,0.10657209157943726
flat,0.775,0.75,10,1,50,8,0.8376281195060352,eval,0.8478024,1.0,17,0.025000000000000022,0.09780240058898926
flat,0.775,0.75,10,1,50,1,0.7168359163590498,eval,0.7533293,1.0,17,0.025000000000000022,0.0033292770385742188
flat,0.775,0.75,10,1,51,9,0.7195016903283316,eval,0.7554142,1.0,17,0.025000000000000022,0.005414187908172607
flat,0.775,0.75,10,1,51,12,0.8104372527738726,eval,0.8265361,1.0,17,0.025000000000000022,0.07653611898422241
flat,0.775,0.75,10,1,51,8,0.8119286775687574,eval,0.82770246,1.0,17,0.025000000000000022,0.07770246267318726
flat,0.775,0.75,10,1,51,1,0.7859279697477815,eval,0.807367,1.0,17,0.025000000000000022,0.057367026805877686
flat,0.825,0.75,11,1,52,9,0.8286306022369746,eval,0.84076536,1.0,17,0.07499999999999996,0.09076535701751709
flat,0.825,0.75,11,1,52,12,0.5889421738555064,eval,0.653302,0.0,17,0.07499999999999996,-0.09669798612594604
flat,0.825,0.75,11,1,52,8,0.7918859617230475,eval,0.812027,1.0,17,0.07499999999999996,0.0620269775390625
flat,0.825,0.75,11,1,52,1,0.8174298473779177,eval,0.8320051,1.0,17,0.07499999999999996,0.0820050835609436
flat,0.825,0.75,11,1,53,9,0.6997848056555384,eval,0.73999345,0.0,17,0.07499999999999996,-0.010006546974182129
flat,0.825,0.75,11,1,53,12,0.9257997003423085,eval,0.9167626,1.0,17,0.07499999999999996,0.1667625904083252
flat,0.825,0.75,11,1,53,8,1.006398561389275,eval,0.97979987,1.0,17,0.07499999999999996,0.22979986667633057
flat,0.825,0.75,11,1,53,1,0.8452114395043959,eval,0.8537334,1.0,17,0.07499999999999996,0.10373342037200928
flat,0.875,0.75,12,1,54,9,0.9402010863526592,eval,0.928026,1.0,17,0.125,0.178026020526886
flat,0.875,0.75,12,1,54,12,0.8399761650176906,eval,0.84963876,1.0,17,0.125,0.09963876008987427
flat,0.875,0.75,12,1,54,8,0.9561821589739987,eval,0.940525,1.0,17,0.125,0.19052499532699585
flat,0.875,0.75,12,1,54,1,0.9444171936707009,eval,0.9313234,1.0,17,0.125,0.18132340908050537
flat,0.875,0.75,12,1,55,9,0.8731461186690498,eval,0.8755815,1.0,17,0.125,0.1255815029144287
flat,0.875,0.75,12,1,55,12,0.7533676588110694,eval,0.78190124,1.0,17,0.125,0.03190124034881592
flat,0.875,0.75,12,1,55,8,0.8546588664055288,eval,0.86112225,1.0,17,0.125,0.1111222505569458
flat,0.875,0.75,12,1,55,1,0.7991630249101591,eval,0.81771827,1.0,17,0.125,0.0677182674407959
flat,0.925,0.75,13,1,56,9,0.8213926318410458,eval,0.83510447,1.0,17,0.17500000000000004,0.08510446548461914
flat,0.925,0.75,13,1,56,12,0.9853280959050975,eval,0.96332026,1.0,17,0.17500000000000004,0.21332025527954102
flat,0.925,0.75,13,1,56,8,0.7672800849317296,eval,0.79278237,1.0,17,0.17500000000000004,0.042782366275787354
flat,0.925,0.75,13,1,56,1,1.0670982022311917,eval,1.0109168,1.0,17,0.17500000000000004,0.2609168291091919
flat,0.925,0.75,13,1,57,9,0.7731111770249605,eval,0.79734284,1.0,17,0.17500000000000004,0.04734283685684204
flat,0.925,0.75,13,1,57,12,0.9812849420373864,eval,0.9601581,1.0,17,0.17500000000000004,0.210158109664917
flat,0.925,0.75,13,1,57,8,0.9622951541761923,eval,0.94530594,1.0,17,0.17500000000000004,0.1953059434890747
flat,0.925,0.75,13,1,57,1,0.9976093788947765,eval,0.9729257,1.0,17,0.17500000000000004,0.22292572259902954
flat,0.975,0.75,14,1,58,9,0.8184410628627359,eval,0.832796,1.0,17,0.22499999999999998,0.08279597759246826
flat,0.975,0.75,14,1,58,12,0.8706926297718663,eval,0.8736625,1.0,17,0.22499999999999998,0.12366247177124023
flat,0.975,0.75,14,1,58,8,0.8606259907898409,eval,0.86578923,1.0,17,0.22499999999999998,0.11578923463821411
flat,0.975,0.75,14,1,58,1,1.0593732662303268,eval,1.008369,1.0,17,0.22499999999999998,0.25836896896362305
flat,0.975,0.75,14,1,59,9,0.9801033945130329,eval,0.95923406,1.0,17,0.22499999999999998,0.2092340588569641
flat,0.975,0.75,14,1,59,12,1.2222435678832566,eval,1.0620868,1.0,17,0.22499999999999998,0.312086820602417
flat,0.975,0.75,14,1,59,8,0.8034054048241679,eval,0.82103634,1.0,17,0.22499999999999998,0.07103633880615234
flat,0.975,0.75,14,1,59,1,1.0914863981111027,eval,1.0189605,1.0,17,0.22499999999999998,0.26896047592163086
base,0.025,0.5,0,0,0,9,-0.002915150546776414,eval,0.09298313,0.0,18,-0.475,-0.4070168733596802
base,0.025,0.5,0,0,0,12,0.06907067447635609,eval,0.1530574,0.0,18,-0.475,-0.34694260358810425
base,0.025,0.5,0,0,0,8,0.07970956613393337,eval,0.1619358,0.0,18,-0.475,-0.33806419372558594
base,0.025,0.5,0,0,0,1,-0.018643524714322124,eval,0.07985735,0.0,18,-0.475,-0.42014265060424805
base,0.075,0.5,1,0,1,9,0.10314711025906223,eval,0.18149513,0.0,18,-0.425,-0.31850486993789673
base,0.075,0.5,1,0,1,12,0.10925153909534122,eval,0.18658945,0.0,18,-0.425,-0.31341055035591125
base,0.075,0.5,1,0,1,8,0.2513759069559374,eval,0.3051963,0.0,18,-0.425,-0.19480371475219727
base,0.075,0.5,1,0,1,1,-0.041980190777286416,eval,0.060382232,0.0,18,-0.425,-0.4396177679300308
base,0.125,0.5,2,0,2,9,0.2532481233683165,eval,0.30675873,0.0,18,-0.375,-0.19324126839637756
base,0.125,0.5,2,0,2,12,0.17239470669880136,eval,0.23928422,0.0,18,-0.375,-0.2607157826423645
base,0.125,0.5,2,0,2,8,0.07632387892071708,eval,0.15911037,0.0,18,-0.375,-0.3408896327018738
base,0.125,0.5,2,0,2,1,0.2989367877130134,eval,0.34488723,0.0,18,-0.375,-0.15511277318000793
base,0.175,0.5,3,0,3,9,0.2032451825285249,eval,0.26502982,0.0,18,-0.325,-0.23497018218040466
base,0.175,0.5,3,0,3,12,0.1482691568046723,eval,0.21915078,0.0,18,-0.325,-0.2808492183685303
base,0.175,0.5,3,0,3,8,0.18441541561970465,eval,0.24931586,0.0,18,-0.325,-0.25068414211273193
base,0.175,0.5,3,0,3,1,0.1254089271557848,eval,0.20007324,0.0,18,-0.325,-0.2999267578125
base,0.225,0.5,4,0,4,9,0.3056019527170751,eval,0.3504495,0.0,18,-0.275,-0.14955049753189087
base,0.225,0.5,4,0,4,12,0.3438327862596402,eval,0.3823542,0.0,18,-0.275,-0.11764580011367798
base,0.225,0.5,4,0,4,8,0.15444720452789168,eval,0.2243065,0.0,18,-0.275,-0.27569350600242615
base,0.225,0.5,4,0,4,1,0.2578969629460202,eval,0.3106383,0.0,18,-0.275,-0.18936169147491455
base,0.275,0.5,5,0,5,9,0.15241172947768455,eval,0.22260788,0.0,18,-0.22499999999999998,-0.27739211916923523
base,0.275,0.5,5,0,5,12,0.24014279349858433,eval,0.29582193,0.0,18,-0.22499999999999998,-0.2041780650615692
base,0.275,0.5,5,0,5,8,0.15737429350797189,eval,0.22674924,0.0,18,-0.22499999999999998,-0.2732507586479187
base,0.275,0.5,5,0,5,1,0.24914274545260762,eval,0.30333266,0.0,18,-0.22499999999999998,-0.19666734337806702
base,0.325,0.5,6,0,6,9,0.32274678225324427,eval,0.36475736,0.0,18,-0.175,-0.13524264097213745
base,0.325,0.5,6,0,6,12,0.17876480748448073,eval,0.24460024,0.0,18,-0.175,-0.25539976358413696
base,0.325,0.5,6,0,6,8,0.2536892033263042,eval,0.3071268,0.0,18,-0.175,-0.19287320971488953
base,0.325,0.5,6,0,6,1,0.48334728788021225,eval,0.49878305,0.0,18,-0.175,-0.0012169480323791504
base,0.375,0.5,7,0,7,9,0.3874211319304505,eval,0.41872996,0.0,18,-0.125,-0.08127003908157349
base,0.375,0.5,7,0,7,12,0.4599783613618451,eval,0.47928107,0.0,18,-0.125,-0.020718932151794434
base,0.375,0.5,7,0,7,8,0.3405001475914213,eval,0.37957305,0.0,18,-0.125,-0.1204269528388977
base,0.375,0.5,7,0,7,1,0.5070360987081839,eval,0.51855206,1.0,18,-0.125,0.018552064895629883
base,0.425,0.5,8,0,8,9,0.5112246184619911,eval,0.52204746,1.0,18,-0.07500000000000001,0.022047460079193115
base,0.425,0.5,8,0,8,12,0.6100702779951481,eval,0.6037669,1.0,18,-0.07500000000000001,0.10376691818237305
base,0.425,0.5,8,0,8,8,0.5605438028669814,eval,0.56303114,1.0,18,-0.07500000000000001,0.0630311369895935
base,0.425,0.5,8,0,8,1,0.4883352622824915,eval,0.50294566,1.0,18,-0.07500000000000001,0.0029456615447998047
base,0.475,0.5,9,0,9,9,0.4866060673431017,eval,0.5015026,1.0,18,-0.025000000000000022,0.0015025734901428223
base,0.475,0.5,9,0,9,12,0.3789848880709369,eval,0.4116897,0.0,18,-0.025000000000000022,-0.08831030130386353
base,0.475,0.5,9,0,9,8,0.4752211602573378,eval,0.4920016,0.0,18,-0.025000000000000022,-0.007998406887054443
base,0.475,0.5,9,0,9,1,0.2546490119353349,eval,0.30792782,0.0,18,-0.025000000000000022,-0.19207218289375305
base,0.525,0.5,10,1,10,9,0.6054078958119873,eval,0.59993213,1.0,18,0.025000000000000022,0.09993213415145874
base,0.525,0.5,10,1,10,12,0.5148368870407144,eval,0.525062,1.0,18,0.025000000000000022,0.02506202459335327
base,0.525,0.5,10,1,10,8,0.44594551903321245,eval,0.46757025,0.0,18,0.025000000000000022,-0.03242975473403931
base,0.525,0.5,10,1,10,1,0.5302028974259887,eval,0.5378854,1.0,18,0.025000000000000022,0.037885427474975586
base,0.575,0.5,11,1,11,9,0.5245800752222866,eval,0.533193,1.0,18,0.07499999999999996,0.033192992210388184
base,0.575,0.5,11,1,11,12,0.5064557989281973,eval,0.5180678,1.0,18,0.07499999999999996,0.018067777156829834
base,0.575,0.5,11,1,11,8,0.5891877828241733,eval,0.586591,1.0,18,0.07499999999999996,0.08659100532531738
base,0.575,0.5,11,1,11,1,0.6433686190776534,eval,0.6311566,1.0,18,0.07499999999999996,0.13115662336349487
base,0.625,0.5,12,1,12,9,0.6607954906213157,eval,0.645629,1.0,18,0.125,0.14562898874282837
base,0.625,0.5,12,1,12,12,0.5869416749872484,eval,0.58474356,1.0,18,0.125,0.08474355936050415
base,0.625,0.5,12,1,12,8,0.6467571355560034,eval,0.6339707,1.0,18,0.125,0.13397067785263062
base,0.625,0.5,12,1,12,1,0.7253961575842169,eval,0.6992774,1.0,18,0.125,0.19927740097045898
base,0.675,0.5,13,1,13,9,0.7164866401254424,eval,0.69187844,1.0,18,0.17500000000000004,0.19187843799591064
base,0.675,0.5,13,1,13,12,0.6796092971779658,eval,0.66125315,1.0,18,0.17500000000000004,0.1612531542778015
base,0.675,0.5,13,1,13,8,0.6073767944025039,eval,0.6015515,1.0,18,0.17500000000000004,0.10155147314071655
base,0.675,0.5,13,1,13,1,0.61320929552924,eval,0.60634875,1.0,18,0.17500000000000004,0.10634875297546387
base,0.725,0.5,14,1,14,9,0.6000224275413348,eval,0.59550256,1.0,18,0.22499999999999998,0.09550255537033081
base,0.725,0.5,14,1,14,12,0.6008191547218831,eval,0.59615785,1.0,18,0.22499999999999998,0.09615784883499146
base,0.725,0.5,14,1,14,8,0.8393233626629595,eval,0.7938898,1.0,18,0.22499999999999998,0.2938898205757141
base,0.725,0.5,14,1,14,1,0.9072011363328323,eval,0.8414655,1.0,18,0.22499999999999998,0.34146547317504883
base,0.775,0.5,15,1,15,9,0.7925538628567643,eval,0.7550494,1.0,18,0.275,0.2550494074821472
base,0.775,0.5,15,1,15,12,0.7472346328732713,eval,0.7174135,1.0,18,0.275,0.21741348505020142
base,0.775,0.5,15,1,15,8,0.586165110902335,eval,0.58410484,1.0,18,0.275,0.08410483598709106
base,0.775,0.5,15,1,15,1,0.6429569029986707,eval,0.6308163,1.0,18,0.275,0.1308162808418274
base,0.825,0.5,16,1,16,9,0.7929637473048593,eval,0.75538987,1.0,18,0.32499999999999996,0.25538986921310425
base,0.825,0.5,16,1,16,12,0.6784032613617612,eval,0.66025156,1.0,18,0.32499999999999996,0.16025155782699585
base,0.825,0.5,16,1,16,8,0.8036455371917013,eval,0.7642607,1.0,18,0.32499999999999996,0.2642607092857361
base,0.825,0.5,16,1,16,1,0.7588471978184781,eval,0.72705734,1.0,18,0.32499999999999996,0.2270573377609253
base,0.875,0.5,17,1,17,9,0.6845912051383966,eval,0.66539055,1.0,18,0.375,0.16539055109024048
base,0.875,0.5,17,1,17,12,0.8181772362058521,eval,0.77632874,1.0,18,0.375,0.2763287425041199
base,0.875,0.5,17,1,17,8,0.9415066065629245,eval,0.8619918,1.0,18,0.375,0.361991822719574
base,0.875,0.5,17,1,17,1,0.9685049988114022,eval,0.878146,1.0,18,0.375,0.3781459927558899
base,0.925,0.5,18,1,18,9,1.0208406680141398,eval,0.90946037,1.0,18,0.42500000000000004,0.4094603657722473
base,0.925,0.5,18,1,18,12,0.8063930346013513,eval,0.76654243,1.0,18,0.42500000000000004,0.2665424346923828
base,0.925,0.5,18,1,18,8,0.7911567480523145,eval,0.7538892,1.0,18,0.42500000000000004,0.25388920307159424
base,0.925,0.5,18,1,18,1,0.9299054613825312,eval,0.8550504,1.0,18,0.42500000000000004,0.35505038499832153
base,0.975,0.5,19,1,19,9,0.9388141319695699,eval,0.8603808,1.0,18,0.475,0.3603808283805847
base,0.975,0.5,19,1,19,12,0.8690939300539855,eval,0.8169938,1.0,18,0.475,0.316993772983551
base,0.975,0.5,19,1,19,8,1.0111253748643376,eval,0.90364724,1.0,18,0.475,0.403647243976593
base,0.975,0.5,19,1,19,1,1.1752392583645255,eval,1.0018427,1.0,18,0.475,0.501842737197876
curv,0.025,0.25,0,0,20,9,-0.06023900581258609,eval,0.020535618,0.0,18,-0.225,-0.22946438193321228
curv,0.025,0.25,0,0,20,12,-0.14699106806582,eval,-0.051861465,0.0,18,-0.225,-0.3018614649772644
curv,0.025,0.25,0,0,20,8,0.1542893050193805,eval,0.19956565,0.0,18,-0.225,-0.05043435096740723
curv,0.025,0.25,0,0,20,1,0.04385191925124656,eval,0.1074025,0.0,18,-0.225,-0.142597496509552
curv,0.025,0.25,0,0,21,9,-0.012731674369381461,eval,0.06018184,0.0,18,-0.225,-0.18981815874576569
curv,0.025,0.25,0,0,21,12,0.1469354588732634,eval,0.1934287,0.0,18,-0.225,-0.05657130479812622
curv,0.025,0.25,0,0,21,8,0.07036712642569681,eval,0.12953016,0.0,18,-0.225,-0.1204698383808136
curv,0.025,0.25,0,0,21,1,-0.03831940901922267,eval,0.038828164,0.0,18,-0.225,-0.21117183566093445
curv,0.075,0.25,1,0,22,9,0.08882003031483213,eval,0.14492965,0.0,18,-0.175,-0.10507035255432129
curv,0.075,0.25,1,0,22,12,0.12590590847395516,eval,0.17587888,0.0,18,-0.175,-0.07412111759185791
curv,0.075,0.25,1,0,22,8,-0.09401599429769265,eval,-0.0076522455,0.0,18,-0.175,-0.25765224546194077
curv,0.075,0.25,1,0,22,1,0.03724364947671917,eval,0.10188766,0.0,18,-0.175,-0.14811234176158905
curv,0.075,0.25,1,0,23,9,0.22579094843471398,eval,0.2592358,1.0,18,-0.175,0.009235799312591553
curv,0.075,0.25,1,0,23,12,-0.11674640434564944,eval,-0.026621446,0.0,18,-0.175,-0.2766214460134506
curv,0.075,0.25,1,0,23,8,0.0021804972564751224,eval,0.0726265,0.0,18,-0.175,-0.1773734986782074
curv,0.075,0.25,1,0,23,1,-0.03411461176191956,eval,0.042337164,0.0,18,-0.175,-0.20766283571720123
curv,0.125,0.25,2,0,24,9,0.10840667969937974,eval,0.1612753,0.0,18,-0.125,-0.08872470259666443
curv,0.125,0.25,2,0,24,12,0.06531724059521243,eval,0.1253159,0.0,18,-0.125,-0.12468409538269043
curv,0.125,0.25,2,0,24,8,0.24823034025042634,eval,0.27796215,1.0,18,-0.125,0.027962148189544678
curv,0.125,0.25,2,0,24,1,-0.002768016638660803,eval,0.06849681,0.0,18,-0.125,-0.18150319159030914
curv,0.125,0.25,2,0,25,9,0.17224074969585104,eval,0.21454662,0.0,18,-0.125,-0.03545337915420532
curv,0.125,0.25,2,0,25,12,0.0579561400096926,eval,0.11917287,0.0,18,-0.125,-0.1308271288871765
curv,0.125,0.25,2,0,25,8,0.15483352450652943,eval,0.20001984,0.0,18,-0.125,-0.04998016357421875
curv,0.125,0.25,2,0,25,1,0.18804114907682318,eval,0.22773251,0.0,18,-0.125,-0.02226749062538147
curv,0.175,0.25,3,0,26,9,0.31235793768977616,eval,0.33147842,1.0,18,-0.07500000000000001,0.08147841691970825
curv,0.175,0.25,3,0,26,12,0.1059055871831403,eval,0.15918803,0.0,18,-0.07500000000000001,-0.09081196784973145
curv,0.175,0.25,3,0,26,8,0.17401410615100246,eval,0.21602654,0.0,18,-0.07500000000000001,-0.03397345542907715
curv,0.175,0.25,3,0,26,1,0.23311658124128057,eval,0.26534924,1.0,18,-0.07500000000000001,0.015349239110946655
curv,0.175,0.25,3,0,27,9,0.22835505312737925,eval,0.2613756,1.0,18,-0.07500000000000001,0.011375606060028076
curv,0.175,0.25,3,0,27,12,0.030311648744351605,eval,0.0961027,0.0,18,-0.07500000000000001,-0.15389730036258698
curv,0.175,0.25,3,0,27,8,0.219120059471549,eval,0.25366876,1.0,18,-0.07500000000000001,0.003668755292892456
curv,0.175,0.25,3,0,27,1,0.30445588194411166,eval,0.324884,1.0,18,-0.07500000000000001,0.07488399744033813
curv,0.225,0.25,4,0,28,9,0.3318564157418792,eval,0.34775048,1.0,18,-0.024999999999999994,0.09775048494338989
curv,0.225,0.25,4,0,28,12,0.30043857213684555,eval,0.3215314,1.0,18,-0.024999999999999994,0.07153138518333435
curv,0.225,0.25,4,0,28,8,0.2971048950005876,eval,0.31874934,1.0,18,-0.024999999999999994,0.068749338388443
curv,0.225,0.25,4,0,28,1,0.1495394208740069,eval,0.19560173,0.0,18,-0.024999999999999994,-0.05439826846122742
curv,0.225,0.25,4,0,29,9,0.17734901410490445,eval,0.21880963,0.0,18,-0.024999999999999994,-0.03119036555290222
curv,0.225,0.25,4,0,29,12,0.1854136214492001,eval,0.2255398,0.0,18,-0.024999999999999994,-0.024460196495056152
curv,0.225,0.25,4,0,29,8,0.15415347634020068,eval,0.19945228,0.0,18,-0.024999999999999994,-0.05054771900177002
curv,0.225,0.25,4,0,29,1,0.3939107452443673,eval,0.3995366,1.0,18,-0.024999999999999994,0.1495366096496582
curv,0.275,0.25,5,1,30,9,0.3521049326473978,eval,0.3646484,1.0,18,0.025000000000000022,0.11464840173721313
curv,0.275,0.25,5,1,30,12,0.3218148909489514,eval,0.33937052,1.0,18,0.025000000000000022,0.08937051892280579
curv,0.275,0.25,5,1,30,8,0.2459599919927045,eval,0.27606744,1.0,18,0.025000000000000022,0.02606743574142456
curv,0.275,0.25,5,1,30,1,0.2462612292191334,eval,0.27631888,1.0,18,0.025000000000000022,0.026318877935409546
curv,0.325,0.25,6,1,31,9,0.31920239999303074,eval,0.33719036,1.0,18,0.07500000000000001,0.08719035983085632
curv,0.325,0.25,6,1,31,12,0.37767557651664274,eval,0.38598788,1.0,18,0.07500000000000001,0.13598787784576416
curv,0.325,0.25,6,1,31,8,0.339291364966682,eval,0.35395515,1.0,18,0.07500000000000001,0.10395514965057373
curv,0.325,0.25,6,1,31,1,0.4824408278844587,eval,0.47352672,1.0,18,0.07500000000000001,0.2235267162322998
curv,0.375,0.25,7,1,32,9,0.48244112374891795,eval,0.47352695,1.0,18,0.125,0.2235269546508789
curv,0.375,0.25,7,1,32,12,0.5125445311670886,eval,0.49888867,1.0,18,0.125,0.24888867139816284
curv,0.375,0.25,7,1,32,8,0.3206042278212674,eval,0.33836022,1.0,18,0.125,0.08836022019386292
curv,0.375,0.25,7,1,32,1,0.3317214152817403,eval,0.34763783,1.0,18,0.125,0.0976378321647644
curv,0.425,0.25,8,1,33,9,0.32464404280078596,eval,0.34173155,1.0,18,0.175,0.09173154830932617
curv,0.425,0.25,8,1,33,12,0.24351277222568563,eval,0.2740252,1.0,18,0.175,0.02402520179748535
curv,0.425,0.25,8,1,33,8,0.4116548441462745,eval,0.41434455,1.0,18,0.175,0.16434454917907715
curv,0.425,0.25,8,1,33,1,0.3514516707657725,eval,0.36410326,1.0,18,0.175,0.11410325765609741
curv,0.475,0.25,9,1,34,9,0.39704422467572553,eval,0.40215158,1.0,18,0.22499999999999998,0.15215158462524414
curv,0.475,0.25,9,1,34,12,0.6488602111424955,eval,0.613733,1.0,18,0.22499999999999998,0.3637329936027527
curv,0.475,0.25,9,1,34,8,0.6047871761181993,eval,0.57660204,1.0,18,0.22499999999999998,0.326602041721344
curv,0.475,0.25,9,1,34,1,0.49997853715586665,eval,0.48830205,1.0,18,0.22499999999999998,0.2383020520210266
curv,0.525,0.25,10,1,35,9,0.6518731572705383,eval,0.61627144,1.0,18,0.275,0.366271436214447
curv,0.525,0.25,10,1,35,12,0.6518815273891231,eval,0.6162784,1.0,18,0.275,0.36627840995788574
curv,0.525,0.25,10,1,35,8,0.4282180135307945,eval,0.428167,1.0,18,0.275,0.17816698551177979
curv,0.525,0.25,10,1,35,1,0.6281453084869473,eval,0.596281,1.0,18,0.275,0.3462809920310974
curv,0.575,0.25,11,1,36,9,0.555391602743063,eval,0.53498685,1.0,18,0.32499999999999996,0.28498685359954834
curv,0.575,0.25,11,1,36,12,0.6323065992335506,eval,0.5997868,1.0,18,0.32499999999999996,0.34978681802749634
curv,0.575,0.25,11,1,36,8,0.767666270913514,eval,0.7138257,1.0,18,0.32499999999999996,0.46382570266723633
curv,0.575,0.25,11,1,36,1,0.5911009576715345,eval,0.56507146,1.0,18,0.32499999999999996,0.3150714635848999
curv,0.625,0.25,12,1,37,9,0.5891039353295531,eval,0.5633891,1.0,18,0.375,0.3133891224861145
curv,0.625,0.25,12,1,37,12,0.8633592229234116,eval,0.7724678,1.0,18,0.375,0.5224677920341492
curv,0.625,0.25,12,1,37,8,0.8129344377381986,eval,0.7420598,1.0,18,0.375,0.4920598268508911
curv,0.625,0.25,12,1,37,1,0.5664471175876663,eval,0.54430103,1.0,18,0.375,0.29430103302001953
curv,0.675,0.25,13,1,38,9,0.682757241935024,eval,0.6422908,1.0,18,0.42500000000000004,0.39229077100753784
curv,0.675,0.25,13,1,38,12,0.6954978597927232,eval,0.6530247,1.0,18,0.42500000000000004,0.40302467346191406
curv,0.675,0.25,13,1,38,8,0.503656056203569,eval,0.49140024,1.0,18,0.42500000000000004,0.24140024185180664
curv,0.675,0.25,13,1,38,1,0.5408780285923331,eval,0.5227593,1.0,18,0.42500000000000004,0.2727593183517456
curv,0.725,0.25,14,1,39,9,0.6560502542647139,eval,0.6197906,1.0,18,0.475,0.36979061365127563
curv,0.725,0.25,14,1,39,12,0.8071478916070218,eval,0.7385279,1.0,18,0.475,0.48852789402008057
curv,0.725,0.25,14,1,39,8,0.7108977334886978,eval,0.6659989,1.0,18,0.475,0.4159988760948181
curv,0.725,0.25,14,1,39,1,0.5848479785082572,eval,0.5598035,1.0,18,0.475,0.30980348587036133
flat,0.275,0.75,0,0,40,9,0.40819413685305606,eval,0.4588856,0.0,18,-0.475,-0.2911143898963928
flat,0.275,0.75,0,0,40,12,0.20115860187320406,eval,0.28789765,0.0,18,-0.475,-0.46210235357284546
flat,0.275,0.75,0,0,40,8,0.30926915696456797,eval,0.37751937,0.0,18,-0.475,-0.3724806308746338
flat,0.275,0.75,0,0,40,1,0.3252682849874866,eval,0.39067876,0.0,18,-0.475,-0.3593212366104126
flat,0.325,0.75,1,0,41,9,0.20008373483240952,eval,0.28700063,0.0,18,-0.425,-0.4629993736743927
flat,0.325,0.75,1,0,41,12,0.4384357407951828,eval,0.48375946,0.0,18,-0.425,-0.26624053716659546
flat,0.325,0.75,1,0,41,8,0.24891289124935712,eval,0.32774997,0.0,18,-0.425,-0.42225003242492676
flat,0.325,0.75,1,0,41,1,0.4239713033285805,eval,0.47186244,0.0,18,-0.425,-0.27813756465911865
flat,0.375,0.75,2,0,42,9,0.3599402001639595,eval,0.41919655,0.0,18,-0.375,-0.33080345392227173
flat,0.375,0.75,2,0,42,12,0.39178259697224144,eval,0.44538707,0.0,18,-0.375,-0.304612934589386
flat,0.375,0.75,2,0,42,8,0.3008919496315271,eval,0.3706292,0.0,18,-0.375,-0.3793708086013794
flat,0.375,0.75,2,0,42,1,0.3585705407374709,eval,0.41807002,0.0,18,-0.375,-0.3319299817085266
flat,0.425,0.75,3,0,43,9,0.45969527857023623,eval,0.50124544,0.0,18,-0.325,-0.2487545609474182
flat,0.425,0.75,3,0,43,12,0.37987998551439534,eval,0.43559712,0.0,18,-0.325,-0.31440287828445435
flat,0.425,0.75,3,0,43,8,0.40125843032654535,eval,0.4531809,0.0,18,-0.325,-0.2968190908432007
flat,0.425,0.75,3,0,43,1,0.3175635141771565,eval,0.38434154,0.0,18,-0.325,-0.3656584620475769
flat,0.475,0.75,4,0,44,9,0.46455529309334376,eval,0.5052429,0.0,18,-0.275,-0.24475711584091187
flat,0.475,0.75,4,0,44,12,0.6866939198315876,eval,0.68795276,0.0,18,-0.275,-0.06204724311828613
flat,0.475,0.75,4,0,44,8,0.548917808711155,eval,0.57463145,0.0,18,-0.275,-0.1753685474395752
flat,0.475,0.75,4,0,44,1,0.5623042152621707,eval,0.58564174,0.0,18,-0.275,-0.1643582582473755
flat,0.525,0.75,5,0,45,9,0.4447712454632119,eval,0.4889704,0.0,18,-0.22499999999999998,-0.26102960109710693
flat,0.525,0.75,5,0,45,12,0.49452003354591684,eval,0.529889,0.0,18,-0.22499999999999998,-0.22011101245880127
flat,0.525,0.75,5,0,45,8,0.4738666161052906,eval,0.5129015,0.0,18,-0.22499999999999998,-0.23709851503372192
flat,0.525,0.75,5,0,45,1,0.39696060552854273,eval,0.449646,0.0,18,-0.22499999999999998,-0.30035400390625
flat,0.575,0.75,6,0,46,9,0.48816108032474786,eval,0.5246587,0.0,18,-0.17500000000000004,-0.2253413200378418
flat,0.575,0.75,6,0,46,12,0.5758861327608518,eval,0.59681296,0.0,18,-0.17500000000000004,-0.15318703651428223
flat,0.575,0.75,6,0,46,8,0.7576693811620117,eval,0.7463304,0.0,18,-0.17500000000000004,-0.0036696195602416992
flat,0.575,0.75,6,0,46,1,0.5036931904940727,eval,0.537434,0.0,18,-0.17500000000000004,-0.21256601810455322
flat,0.625,0.75,7,0,47,9,0.6675394425820824,eval,0.6721982,0.0,18,-0.125,-0.07780182361602783
flat,0.625,0.75,7,0,47,12,0.6052720042673871,eval,0.6209829,0.0,18,-0.125,-0.12901711463928223
flat,0.625,0.75,7,0,47,8,0.6539974002338532,eval,0.66105974,0.0,18,-0.125,-0.08894026279449463
flat,0.625,0.75,7,0,47,1,0.6871017853540099,eval,0.6882882,0.0,18,-0.125,-0.061711788177490234
flat,0.675,0.75,8,0,48,9,0.57195195498333,eval,0.59357697,0.0,18,-0.07499999999999996,-0.15642303228378296
flat,0.675,0.75,8,0,48,12,0.5994329086763519,eval,0.61618024,0.0,18,-0.07499999999999996,-0.13381975889205933
flat,0.675,0.75,8,0,48,8,0.6647424715916677,eval,0.6698976,0.0,18,-0.07499999999999996,-0.08010238409042358
flat,0.675,0.75,8,0,48,1,0.44998588264254086,eval,0.4932595,0.0,18,-0.07499999999999996,-0.2567405104637146
flat,0.725,0.75,9,0,49,9,0.789624270571504,eval,0.7726134,1.0,18,-0.025000000000000022,0.02261340618133545
flat,0.725,0.75,9,0,49,12,0.7781272400530428,eval,0.763157,1.0,18,-0.025000000000000022,0.013157010078430176
flat,0.725,0.75,9,0,49,8,0.8699259685131457,eval,0.83907825,1.0,18,-0.025000000000000022,0.08907824754714966
flat,0.725,0.75,9,0,49,1,0.7636369597566306,eval,0.75123864,1.0,18,-0.025000000000000022,0.0012386441230773926
flat,0.775,0.75,10,1,50,9,0.6225851636354708,eval,0.63522303,0.0,18,0.025000000000000022,-0.11477696895599365
flat,0.775,0.75,10,1,50,12,0.8488409603732732,eval,0.821568,1.0,18,0.025000000000000022,0.07156801223754883
flat,0.775,0.75,10,1,50,8,0.8376281195060352,eval,0.81225616,1.0,18,0.025000000000000022,0.06225615739822388
flat,0.775,0.75,10,1,50,1,0.7168359163590498,eval,0.71274465,0.0,18,0.025000000000000022,-0.03725534677505493
flat,0.775,0.75,10,1,51,9,0.7195016903283316,eval,0.7149373,0.0,18,0.025000000000000022,-0.03506267070770264
flat,0.775,0.75,10,1,51,12,0.8104372527738726,eval,0.78973204,1.0,18,0.025000000000000022,0.03973203897476196
flat,0.775,0.75,10,1,51,8,0.8119286775687574,eval,0.7909588,1.0,18,0.025000000000000022,0.04095882177352905
flat,0.775,0.75,10,1,51,1,0.7859279697477815,eval,0.76957303,1.0,18,0.025000000000000022,0.01957303285598755
flat,0.825,0.75,11,1,52,9,0.8286306022369746,eval,0.804784,1.0,18,0.07499999999999996,0.05478399991989136
flat,0.825,0.75,11,1,52,12,0.5889421738555064,eval,0.60755163,0.0,18,0.07499999999999996,-0.14244836568832397
flat,0.825,0.75,11,1,52,8,0.7918859617230475,eval,0.7744735,1.0,18,0.07499999999999996,0.024473488330841064
flat,0.825,0.75,11,1,52,1,0.8174298473779177,eval,0.7954836,1.0,18,0.07499999999999996,0.04548358917236328
flat,0.825,0.75,11,1,53,9,0.6997848056555384,eval,0.69872016,0.0,18,0.07499999999999996,-0.05127984285354614
flat,0.825,0.75,11,1,53,12,0.9257997003423085,eval,0.8854794,1.0,18,0.07499999999999996,0.1354793906211853
flat,0.825,0.75,11,1,53,8,1.006398561389275,eval,0.94306046,1.0,18,0.07499999999999996,0.19306045770645142
flat,0.825,0.75,11,1,53,1,0.8452114395043959,eval,0.81855375,1.0,18,0.07499999999999996,0.06855374574661255
flat,0.875,0.75,12,1,54,9,0.9402010863526592,eval,0.8974392,1.0,18,0.125,0.14743918180465698
flat,0.875,0.75,12,1,54,12,0.8399761650176906,eval,0.81420606,1.0,18,0.125,0.064206063747406
flat,0.875,0.75,12,1,54,8,0.9561821589739987,eval,0.90967697,1.0,18,0.125,0.15967696905136108
flat,0.875,0.75,12,1,54,1,0.9444171936707009,eval,0.9009406,1.0,18,0.125,0.15094059705734253
flat,0.875,0.75,12,1,55,9,0.8731461186690498,eval,0.8417524,1.0,18,0.125,0.09175240993499756
flat,0.875,0.75,12,1,55,12,0.7533676588110694,eval,0.7427922,0.0,18,0.125,-0.007207810878753662
flat,0.875,0.75,12,1,55,8,0.8546588664055288,eval,0.82639956,1.0,18,0.125,0.07639956474304199
flat,0.875,0.75,12,1,55,1,0.7991630249101591,eval,0.78045905,1.0,18,0.125,0.030459046363830566
flat,0.925,0.75,13,1,56,9,0.8213926318410458,eval,0.7987731,1.0,18,0.17500000000000004,0.048773109912872314
flat,0.925,0.75,13,1,56,12,0.9853280959050975,eval,0.929053,1.0,18,0.17500000000000004,0.17905300855636597
flat,0.925,0.75,13,1,56,8,0.7672800849317296,eval,0.75423527,1.0,18,0.17500000000000004,0.004235267639160156
flat,0.925,0.75,13,1,56,1,1.0670982022311917,eval,0.9799034,1.0,18,0.17500000000000004,0.22990339994430542
flat,0.925,0.75,13,1,57,9,0.7731111770249605,eval,0.75903124,1.0,18,0.17500000000000004,0.009031236171722412
flat,0.925,0.75,13,1,57,12,0.9812849420373864,eval,0.9263651,1.0,18,0.17500000000000004,0.17636507749557495
flat,0.925,0.75,13,1,57,8,0.9622951541761923,eval,0.9137408,1.0,18,0.17500000000000004,0.16374081373214722
flat,0.925,0.75,13,1,57,1,0.9976093788947765,eval,0.93721753,1.0,18,0.17500000000000004,0.18721753358840942
flat,0.975,0.75,14,1,58,9,0.8184410628627359,eval,0.7963219,1.0,18,0.22499999999999998,0.04632192850112915
flat,0.975,0.75,14,1,58,12,0.8706926297718663,eval,0.839715,1.0,18,0.22499999999999998,0.08971500396728516
flat,0.975,0.75,14,1,58,8,0.8606259907898409,eval,0.8313551,1.0,18,0.22499999999999998,0.08135509490966797
flat,0.975,0.75,14,1,58,1,1.0593732662303268,eval,0.9752813,1.0,18,0.22499999999999998,0.22528129816055298
flat,0.975,0.75,14,1,59,9,0.9801033945130329,eval,0.9255796,1.0,18,0.22499999999999998,0.17557960748672485
flat,0.975,0.75,14,1,59,12,1.2222435678832566,eval,1.0727327,1.0,18,0.22499999999999998,0.32273268699645996
flat,0.975,0.75,14,1,59,8,0.8034054048241679,eval,0.78394836,1.0,18,0.22499999999999998,0.03394836187362671
flat,0.975,0.75,14,1,59,1,1.0914863981111027,eval,0.9944958,1.0,18,0.22499999999999998,0.24449580907821655
base,0.025,0.5,0,0,0,9,-0.002915150546776414,eval,0.12655322,0.0,19,-0.475,-0.3734467774629593
base,0.025,0.5,0,0,0,12,0.06907067447635609,eval,0.16982017,0.0,19,-0.475,-0.330179825425148
base,0.025,0.5,0,0,0,8,0.07970956613393337,eval,0.1769943,0.0,19,-0.475,-0.32300570607185364
base,0.025,0.5,0,0,0,1,-0.018643524714322124,eval,0.118878655,0.0,19,-0.475,-0.38112134486436844
base,0.075,0.5,1,0,1,9,0.10314711025906223,eval,0.19279885,0.0,19,-0.425,-0.3072011470794678
base,0.075,0.5,1,0,1,12,0.10925153909534122,eval,0.19691524,0.0,19,-0.425,-0.30308476090431213
base,0.075,0.5,1,0,1,8,0.2513759069559374,eval,0.2872413,0.0,19,-0.425,-0.21275869011878967
base,0.075,0.5,1,0,1,1,-0.041980190777286416,eval,0.10749167,0.0,19,-0.425,-0.392508327960968
base,0.125,0.5,2,0,2,9,0.2532481233683165,eval,0.28818977,0.0,19,-0.375,-0.21181023120880127
base,0.125,0.5,2,0,2,12,0.17239470669880136,eval,0.23949441,0.0,19,-0.375,-0.2605055868625641
base,0.125,0.5,2,0,2,8,0.07632387892071708,eval,0.17471121,0.0,19,-0.375,-0.325288787484169
base,0.125,0.5,2,0,2,1,0.2989367877130134,eval,0.31133592,0.0,19,-0.375,-0.18866407871246338
base,0.175,0.5,3,0,3,9,0.2032451825285249,eval,0.26029772,0.0,19,-0.325,-0.2397022843360901
base,0.175,0.5,3,0,3,12,0.1482691568046723,eval,0.22322588,0.0,19,-0.325,-0.2767741233110428
base,0.175,0.5,3,0,3,8,0.18441541561970465,eval,0.24760029,0.0,19,-0.325,-0.2523997128009796
base,0.175,0.5,3,0,3,1,0.1254089271557848,eval,0.20781061,0.0,19,-0.325,-0.2921893894672394
base,0.225,0.5,4,0,4,9,0.3056019527170751,eval,0.31471252,0.0,19,-0.275,-0.1852874755859375
base,0.225,0.5,4,0,4,12,0.3438327862596402,eval,0.3340805,0.0,19,-0.275,-0.16591951251029968
base,0.225,0.5,4,0,4,8,0.15444720452789168,eval,0.2273919,0.0,19,-0.275,-0.27260810136795044
base,0.225,0.5,4,0,4,1,0.2578969629460202,eval,0.2905449,0.0,19,-0.275,-0.20945510268211365
base,0.275,0.5,5,0,5,9,0.15241172947768455,eval,0.22601932,0.0,19,-0.22499999999999998,-0.27398067712783813
base,0.275,0.5,5,0,5,12,0.24014279349858433,eval,0.28155056,0.0,19,-0.22499999999999998,-0.2184494435787201
base,0.275,0.5,5,0,5,8,0.15737429350797189,eval,0.22936574,0.0,19,-0.22499999999999998,-0.270634263753891
base,0.275,0.5,5,0,5,1,0.24914274545260762,eval,0.28610998,0.0,19,-0.22499999999999998,-0.21389001607894897
base,0.325,0.5,6,0,6,9,0.32274678225324427,eval,0.32339817,0.0,19,-0.175,-0.1766018271446228
base,0.325,0.5,6,0,6,12,0.17876480748448073,eval,0.24378994,0.0,19,-0.175,-0.256210058927536
base,0.325,0.5,6,0,6,8,0.2536892033263042,eval,0.28841323,0.0,19,-0.175,-0.21158677339553833
base,0.325,0.5,6,0,6,1,0.48334728788021225,eval,0.44539496,0.0,19,-0.175,-0.05460503697395325
base,0.375,0.5,7,0,7,9,0.3874211319304505,eval,0.36466327,0.0,19,-0.125,-0.1353367269039154
base,0.375,0.5,7,0,7,12,0.4599783613618451,eval,0.42572764,0.0,19,-0.125,-0.07427236437797546
base,0.375,0.5,7,0,7,8,0.3405001475914213,eval,0.33239216,0.0,19,-0.125,-0.167607843875885
base,0.375,0.5,7,0,7,1,0.5070360987081839,eval,0.46533155,0.0,19,-0.125,-0.0346684455871582
base,0.425,0.5,8,0,8,9,0.5112246184619911,eval,0.46885663,0.0,19,-0.07500000000000001,-0.031143367290496826
base,0.425,0.5,8,0,8,12,0.6100702779951481,eval,0.5520454,1.0,19,-0.07500000000000001,0.05204540491104126
base,0.425,0.5,8,0,8,8,0.5605438028669814,eval,0.51036376,1.0,19,-0.07500000000000001,0.010363757610321045
base,0.425,0.5,8,0,8,1,0.4883352622824915,eval,0.44959286,0.0,19,-0.07500000000000001,-0.05040714144706726
base,0.475,0.5,9,0,9,9,0.4866060673431017,eval,0.44813755,0.0,19,-0.025000000000000022,-0.0518624484539032
base,0.475,0.5,9,0,9,12,0.3789848880709369,eval,0.35756332,0.0,19,-0.025000000000000022,-0.142436683177948
base,0.475,0.5,9,0,9,8,0.4752211602573378,eval,0.43855602,0.0,19,-0.025000000000000022,-0.061443984508514404
base,0.475,0.5,9,0,9,1,0.2546490119353349,eval,0.28889948,0.0,19,-0.025000000000000022,-0.2111005187034607
base,0.525,0.5,10,1,10,9,0.6054078958119873,eval,0.5481215,1.0,19,0.025000000000000022,0.048121511936187744
base,0.525,0.5,10,1,10,12,0.5148368870407144,eval,0.47189674,0.0,19,0.025000000000000022,-0.028103262186050415
base,0.525,0.5,10,1,10,8,0.44594551903321245,eval,0.41391757,0.0,19,0.025000000000000022,-0.08608242869377136
base,0.525,0.5,10,1,10,1,0.5302028974259887,eval,0.4848288,0.0,19,0.025000000000000022,-0.015171200037002563
base,0.575,0.5,11,1,11,9,0.5245800752222866,eval,0.4800966,0.0,19,0.07499999999999996,-0.01990339159965515
base,0.575,0.5,11,1,11,12,0.5064557989281973,eval,0.46484315,0.0,19,0.07499999999999996,-0.035156846046447754
base,0.575,0.5,11,1,11,8,0.5891877828241733,eval,0.5344707,1.0,19,0.07499999999999996,0.03447067737579346
base,0.575,0.5,11,1,11,1,0.6433686190776534,eval,0.5800693,1.0,19,0.07499999999999996,0.08006930351257324
base,0.625,0.5,12,1,12,9,0.6607954906213157,eval,0.59473586,1.0,19,0.125,0.09473586082458496
base,0.625,0.5,12,1,12,12,0.5869416749872484,eval,0.53258026,1.0,19,0.125,0.03258025646209717
base,0.625,0.5,12,1,12,8,0.6467571355560034,eval,0.5829211,1.0,19,0.125,0.0829210877418518
base,0.625,0.5,12,1,12,1,0.7253961575842169,eval,0.649104,1.0,19,0.125,0.14910399913787842
base,0.675,0.5,13,1,13,9,0.7164866401254424,eval,0.64160573,1.0,19,0.17500000000000004,0.14160573482513428
base,0.675,0.5,13,1,13,12,0.6796092971779658,eval,0.6105696,1.0,19,0.17500000000000004,0.11056959629058838
base,0.675,0.5,13,1,13,8,0.6073767944025039,eval,0.5497786,1.0,19,0.17500000000000004,0.04977858066558838
base,0.675,0.5,13,1,13,1,0.61320929552924,eval,0.5546872,1.0,19,0.17500000000000004,0.05468720197677612
base,0.725,0.5,14,1,14,9,0.6000224275413348,eval,0.54358906,1.0,19,0.22499999999999998,0.04358905553817749
base,0.725,0.5,14,1,14,12,0.6008191547218831,eval,0.54425967,1.0,19,0.22499999999999998,0.04425966739654541
base,0.725,0.5,14,1,14,8,0.8393233626629595,eval,0.7449854,1.0,19,0.22499999999999998,0.2449854016304016
base,0.725,0.5,14,1,14,1,0.9072011363328323,eval,0.8021115,1.0,19,0.22499999999999998,0.30211150646209717
base,0.775,0.5,15,1,15,9,0.7925538628567643,eval,0.705624,1.0,19,0.275,0.20562398433685303
base,0.775,0.5,15,1,15,12,0.7472346328732713,eval,0.66748327,1.0,19,0.275,0.16748327016830444
base,0.775,0.5,15,1,15,8,0.586165110902335,eval,0.53192675,1.0,19,0.275,0.031926751136779785
base,0.775,0.5,15,1,15,1,0.6429569029986707,eval,0.5797229,1.0,19,0.275,0.07972288131713867
base,0.825,0.5,16,1,16,9,0.7929637473048593,eval,0.705969,1.0,19,0.32499999999999996,0.205968976020813
base,0.825,0.5,16,1,16,12,0.6784032613617612,eval,0.6095546,1.0,19,0.32499999999999996,0.10955458879470825
base,0.825,0.5,16,1,16,8,0.8036455371917013,eval,0.71495885,1.0,19,0.32499999999999996,0.21495884656906128
base,0.825,0.5,16,1,16,1,0.7588471978184781,eval,0.67725646,1.0,19,0.32499999999999996,0.17725646495819092
base,0.875,0.5,17,1,17,9,0.6845912051383966,eval,0.6147624,1.0,19,0.375,0.11476242542266846
base,0.875,0.5,17,1,17,12,0.8181772362058521,eval,0.72718877,1.0,19,0.375,0.22718876600265503
base,0.875,0.5,17,1,17,8,0.9415066065629245,eval,0.8309831,1.0,19,0.375,0.33098310232162476
base,0.875,0.5,17,1,17,1,0.9685049988114022,eval,0.853705,1.0,19,0.375,0.3537049889564514
base,0.925,0.5,18,1,18,9,1.0208406680141398,eval,0.89775085,1.0,19,0.42500000000000004,0.3977508544921875
base,0.925,0.5,18,1,18,12,0.8063930346013513,eval,0.71727115,1.0,19,0.42500000000000004,0.21727114915847778
base,0.925,0.5,18,1,18,8,0.7911567480523145,eval,0.7044482,1.0,19,0.42500000000000004,0.20444822311401367
base,0.925,0.5,18,1,18,1,0.9299054613825312,eval,0.8212196,1.0,19,0.42500000000000004,0.32121962308883667
base,0.975,0.5,19,1,19,9,0.9388141319695699,eval,0.8287172,1.0,19,0.475,0.3287171721458435
base,0.975,0.5,19,1,19,12,0.8690939300539855,eval,0.7700404,1.0,19,0.475,0.2700403928756714
base,0.975,0.5,19,1,19,8,1.0111253748643376,eval,0.8895744,1.0,19,0.475,0.38957440853118896
base,0.975,0.5,19,1,19,1,1.1752392583645255,eval,1.0276932,1.0,19,0.475,0.5276931524276733
curv,0.025,0.25,0,0,20,9,-0.06023900581258609,eval,0.039981842,0.0,19,-0.225,-0.21001815795898438
curv,0.025,0.25,0,0,20,12,-0.14699106806582,eval,0.02352263,0.0,19,-0.225,-0.22647736966609955
curv,0.025,0.25,0,0,20,8,0.1542893050193805,eval,0.14456624,0.0,19,-0.225,-0.10543376207351685
curv,0.025,0.25,0,0,20,1,0.04385191925124656,eval,0.07009529,0.0,19,-0.225,-0.17990470677614212
curv,0.025,0.25,0,0,21,9,-0.012731674369381461,eval,0.048995264,0.0,19,-0.225,-0.2010047361254692
curv,0.025,0.25,0,0,21,12,0.1469354588732634,eval,0.13960734,0.0,19,-0.225,-0.11039265990257263
curv,0.025,0.25,0,0,21,8,0.07036712642569681,eval,0.08797522,0.0,19,-0.225,-0.16202478110790253
curv,0.025,0.25,0,0,21,1,-0.03831940901922267,eval,0.044140585,0.0,19,-0.225,-0.20585941523313522
curv,0.075,0.25,1,0,22,9,0.08882003031483213,eval,0.100418516,0.0,19,-0.175,-0.14958148449659348
curv,0.075,0.25,1,0,22,12,0.12590590847395516,eval,0.12542653,0.0,19,-0.175,-0.1245734691619873
curv,0.075,0.25,1,0,22,8,-0.09401599429769265,eval,0.033573434,0.0,19,-0.175,-0.2164265662431717
curv,0.075,0.25,1,0,22,1,0.03724364947671917,eval,0.06563916,0.0,19,-0.175,-0.1843608394265175
curv,0.075,0.25,1,0,23,9,0.22579094843471398,eval,0.19278175,0.0,19,-0.175,-0.05721825361251831
curv,0.075,0.25,1,0,23,12,-0.11674640434564944,eval,0.029260866,0.0,19,-0.175,-0.22073913365602493
curv,0.075,0.25,1,0,23,8,0.0021804972564751224,eval,0.05182451,0.0,19,-0.175,-0.19817548990249634
curv,0.075,0.25,1,0,23,1,-0.03411461176191956,eval,0.04493834,0.0,19,-0.175,-0.2050616592168808
curv,0.125,0.25,2,0,24,9,0.10840667969937974,eval,0.11362632,0.0,19,-0.125,-0.13637367635965347
curv,0.125,0.25,2,0,24,12,0.06531724059521243,eval,0.084569946,0.0,19,-0.125,-0.16543005406856537
curv,0.125,0.25,2,0,24,8,0.24823034025042634,eval,0.20791325,0.0,19,-0.125,-0.04208675026893616
curv,0.125,0.25,2,0,24,1,-0.002768016638660803,eval,0.05088564,0.0,19,-0.125,-0.1991143599152565
curv,0.125,0.25,2,0,25,9,0.17224074969585104,eval,0.15667139,0.0,19,-0.125,-0.09332861006259918
curv,0.125,0.25,2,0,25,12,0.0579561400096926,eval,0.07960616,0.0,19,-0.125,-0.17039383947849274
curv,0.125,0.25,2,0,25,8,0.15483352450652943,eval,0.14493322,0.0,19,-0.125,-0.10506677627563477
curv,0.125,0.25,2,0,25,1,0.18804114907682318,eval,0.16732603,0.0,19,-0.125,-0.08267396688461304
curv,0.175,0.25,3,0,26,9,0.31235793768977616,eval,0.2622923,1.0,19,-0.07500000000000001,0.012292295694351196
curv,0.175,0.25,3,0,26,12,0.1059055871831403,eval,0.11193977,0.0,19,-0.07500000000000001,-0.13806022703647614
curv,0.175,0.25,3,0,26,8,0.17401410615100246,eval,0.15786721,0.0,19,-0.07500000000000001,-0.09213279187679291
curv,0.175,0.25,3,0,26,1,0.23311658124128057,eval,0.19772163,0.0,19,-0.07500000000000001,-0.052278369665145874
curv,0.175,0.25,3,0,27,9,0.22835505312737925,eval,0.19451079,0.0,19,-0.07500000000000001,-0.05548921227455139
curv,0.175,0.25,3,0,27,12,0.030311648744351605,eval,0.062233828,0.0,19,-0.07500000000000001,-0.1877661719918251
curv,0.175,0.25,3,0,27,8,0.219120059471549,eval,0.18828338,0.0,19,-0.07500000000000001,-0.06171661615371704
curv,0.175,0.25,3,0,27,1,0.30445588194411166,eval,0.25431654,1.0,19,-0.07500000000000001,0.004316538572311401
curv,0.225,0.25,4,0,28,9,0.3318564157418792,eval,0.2819726,1.0,19,-0.024999999999999994,0.03197258710861206
curv,0.225,0.25,4,0,28,12,0.30043857213684555,eval,0.25026178,1.0,19,-0.024999999999999994,0.0002617835998535156
curv,0.225,0.25,4,0,28,8,0.2971048950005876,eval,0.24689701,0.0,19,-0.024999999999999994,-0.0031029880046844482
curv,0.225,0.25,4,0,28,1,0.1495394208740069,eval,0.14136326,0.0,19,-0.024999999999999994,-0.10863673686981201
curv,0.225,0.25,4,0,29,9,0.17734901410490445,eval,0.16011603,0.0,19,-0.024999999999999994,-0.0898839682340622
curv,0.225,0.25,4,0,29,12,0.1854136214492001,eval,0.16555423,0.0,19,-0.024999999999999994,-0.0844457745552063
curv,0.225,0.25,4,0,29,8,0.15415347634020068,eval,0.14447466,0.0,19,-0.024999999999999994,-0.10552534461021423
curv,0.225,0.25,4,0,29,1,0.3939107452443673,eval,0.3446055,1.0,19,-0.024999999999999994,0.09460550546646118
curv,0.275,0.25,5,1,30,9,0.3521049326473978,eval,0.3024099,1.0,19,0.025000000000000022,0.05240988731384277
curv,0.275,0.25,5,1,30,12,0.3218148909489514,eval,0.2718374,1.0,19,0.025000000000000022,0.02183741331100464
curv,0.275,0.25,5,1,30,8,0.2459599919927045,eval,0.2063823,0.0,19,0.025000000000000022,-0.043617695569992065
curv,0.275,0.25,5,1,30,1,0.2462612292191334,eval,0.2065854,0.0,19,0.025000000000000022,-0.04341459274291992
curv,0.325,0.25,6,1,31,9,0.31920239999303074,eval,0.26920056,1.0,19,0.07500000000000001,0.019200563430786133
curv,0.325,0.25,6,1,31,12,0.37767557651664274,eval,0.32821897,1.0,19,0.07500000000000001,0.0782189667224884
curv,0.325,0.25,6,1,31,8,0.339291364966682,eval,0.28947684,1.0,19,0.07500000000000001,0.03947684168815613
curv,0.325,0.25,6,1,31,1,0.4824408278844587,eval,0.42458832,1.0,19,0.07500000000000001,0.17458832263946533
curv,0.375,0.25,7,1,32,9,0.48244112374891795,eval,0.42458856,1.0,19,0.125,0.17458856105804443
curv,0.375,0.25,7,1,32,12,0.5125445311670886,eval,0.44992366,1.0,19,0.125,0.19992366433143616
curv,0.375,0.25,7,1,32,8,0.3206042278212674,eval,0.2706155,1.0,19,0.125,0.020615488290786743
curv,0.375,0.25,7,1,32,1,0.3317214152817403,eval,0.28183633,1.0,19,0.125,0.03183633089065552
curv,0.425,0.25,8,1,33,9,0.32464404280078596,eval,0.27469295,1.0,19,0.175,0.024692952632904053
curv,0.425,0.25,8,1,33,12,0.24351277222568563,eval,0.20473206,0.0,19,0.175,-0.04526793956756592
curv,0.425,0.25,8,1,33,8,0.4116548441462745,eval,0.36251506,1.0,19,0.175,0.11251506209373474
curv,0.425,0.25,8,1,33,1,0.3514516707657725,eval,0.30175054,1.0,19,0.175,0.0517505407333374
curv,0.475,0.25,9,1,34,9,0.39704422467572553,eval,0.34776822,1.0,19,0.22499999999999998,0.09776821732521057
curv,0.475,0.25,9,1,34,12,0.6488602111424955,eval,0.5646473,1.0,19,0.22499999999999998,0.3146473169326782
curv,0.475,0.25,9,1,34,8,0.6047871761181993,eval,0.5275553,1.0,19,0.22499999999999998,0.27755528688430786
curv,0.475,0.25,9,1,34,1,0.49997853715586665,eval,0.4393481,1.0,19,0.22499999999999998,0.18934810161590576
curv,0.525,0.25,10,1,35,9,0.6518731572705383,eval,0.567183,1.0,19,0.275,0.3171830177307129
curv,0.525,0.25,10,1,35,12,0.6518815273891231,eval,0.56719005,1.0,19,0.275,0.3171900510787964
curv,0.525,0.25,10,1,35,8,0.4282180135307945,eval,0.37895423,1.0,19,0.275,0.1289542317390442
curv,0.525,0.25,10,1,35,1,0.6281453084869473,eval,0.5472136,1.0,19,0.275,0.297213613986969
curv,0.575,0.25,11,1,36,9,0.555391602743063,eval,0.48598388,1.0,19,0.32499999999999996,0.23598387837409973
curv,0.575,0.25,11,1,36,12,0.6323065992335506,eval,0.5507157,1.0,19,0.32499999999999996,0.30071568489074707
curv,0.575,0.25,11,1,36,8,0.767666270913514,eval,0.6646348,1.0,19,0.32499999999999996,0.4146348237991333
curv,0.575,0.25,11,1,36,1,0.5911009576715345,eval,0.5160369,1.0,19,0.32499999999999996,0.2660369277000427
curv,0.625,0.25,12,1,37,9,0.5891039353295531,eval,0.51435626,1.0,19,0.375,0.26435625553131104
curv,0.625,0.25,12,1,37,12,0.8633592229234116,eval,0.74517024,1.0,19,0.375,0.4951702356338501
curv,0.625,0.25,12,1,37,8,0.8129344377381986,eval,0.7027327,1.0,19,0.375,0.4527326822280884
curv,0.625,0.25,12,1,37,1,0.5664471175876663,eval,0.49528822,1.0,19,0.375,0.24528822302818298
curv,0.675,0.25,13,1,38,9,0.682757241935024,eval,0.5931752,1.0,19,0.42500000000000004,0.34317517280578613
curv,0.675,0.25,13,1,38,12,0.6954978597927232,eval,0.6038977,1.0,19,0.42500000000000004,0.35389769077301025
curv,0.675,0.25,13,1,38,8,0.503656056203569,eval,0.4424431,1.0,19,0.42500000000000004,0.1924431025981903
curv,0.675,0.25,13,1,38,1,0.5408780285923331,eval,0.47376925,1.0,19,0.42500000000000004,0.22376924753189087
curv,0.725,0.25,14,1,39,9,0.6560502542647139,eval,0.57069844,1.0,19,0.475,0.32069844007492065
curv,0.725,0.25,14,1,39,12,0.8071478916070218,eval,0.6978627,1.0,19,0.475,0.4478626847267151
curv,0.725,0.25,14,1,39,8,0.7108977334886978,eval,0.61685824,1.0,19,0.475,0.36685824394226074
curv,0.725,0.25,14,1,39,1,0.5848479785082572,eval,0.51077443,1.0,19,0.475,0.2607744336128235
flat,0.275,0.75,0,0,40,9,0.40819413685305606,eval,0.4145114,0.0,19,-0.475,-0.33548858761787415
flat,0.275,0.75,0,0,40,12,0.20115860187320406,eval,0.30962604,0.0,19,-0.475,-0.440373957157135
flat,0.275,0.75,0,0,40,8,0.30926915696456797,eval,0.36439547,0.0,19,-0.475,-0.38560453057289124
flat,0.275,0.75,0,0,40,1,0.3252682849874866,eval,0.37250072,0.0,19,-0.475,-0.3774992823600769
flat,0.325,0.75,1,0,41,9,0.20008373483240952,eval,0.3090815,0.0,19,-0.425,-0.440918505191803
flat,0.325,0.75,1,0,41,12,0.4384357407951828,eval,0.429832,0.0,19,-0.425,-0.32016798853874207
flat,0.325,0.75,1,0,41,8,0.24891289124935712,eval,0.33381864,0.0,19,-0.425,-0.416181355714798
flat,0.325,0.75,1,0,41,1,0.4239713033285805,eval,0.42250422,0.0,19,-0.425,-0.3274957835674286
flat,0.375,0.75,2,0,42,9,0.3599402001639595,eval,0.3900657,0.0,19,-0.375,-0.3599343001842499
flat,0.375,0.75,2,0,42,12,0.39178259697224144,eval,0.40619728,0.0,19,-0.375,-0.34380272030830383
flat,0.375,0.75,2,0,42,8,0.3008919496315271,eval,0.36015153,0.0,19,-0.375,-0.3898484706878662
flat,0.375,0.75,2,0,42,1,0.3585705407374709,eval,0.38937184,0.0,19,-0.375,-0.3606281578540802
flat,0.425,0.75,3,0,43,9,0.45969527857023623,eval,0.4455332,0.0,19,-0.325,-0.3044668138027191
flat,0.425,0.75,3,0,43,12,0.37987998551439534,eval,0.40016732,0.0,19,-0.325,-0.349832683801651
flat,0.425,0.75,3,0,43,8,0.40125843032654535,eval,0.41099775,0.0,19,-0.325,-0.33900225162506104
flat,0.425,0.75,3,0,43,1,0.3175635141771565,eval,0.36859745,0.0,19,-0.325,-0.38140255212783813
flat,0.475,0.75,4,0,44,9,0.46455529309334376,eval,0.44962344,0.0,19,-0.275,-0.3003765642642975
flat,0.475,0.75,4,0,44,12,0.6866939198315876,eval,0.6365758,0.0,19,-0.275,-0.11342418193817139
flat,0.475,0.75,4,0,44,8,0.548917808711155,eval,0.52062315,0.0,19,-0.275,-0.22937685251235962
flat,0.475,0.75,4,0,44,1,0.5623042152621707,eval,0.53188914,0.0,19,-0.275,-0.2181108593940735
flat,0.525,0.75,5,0,45,9,0.4447712454632119,eval,0.43304163,0.0,19,-0.22499999999999998,-0.31695836782455444
flat,0.525,0.75,5,0,45,12,0.49452003354591684,eval,0.47484183,0.0,19,-0.22499999999999998,-0.275158166885376
flat,0.525,0.75,5,0,45,8,0.4738666161052906,eval,0.45745984,0.0,19,-0.22499999999999998,-0.29254016280174255
flat,0.525,0.75,5,0,45,1,0.39696060552854273,eval,0.40882048,0.0,19,-0.22499999999999998,-0.3411795198917389
flat,0.575,0.75,6,0,46,9,0.48816108032474786,eval,0.46949008,0.0,19,-0.17500000000000004,-0.28050991892814636
flat,0.575,0.75,6,0,46,12,0.5758861327608518,eval,0.5433197,0.0,19,-0.17500000000000004,-0.2066802978515625
flat,0.575,0.75,6,0,46,8,0.7576693811620117,eval,0.69630903,0.0,19,-0.17500000000000004,-0.053690969944000244
flat,0.575,0.75,6,0,46,1,0.5036931904940727,eval,0.48256192,0.0,19,-0.17500000000000004,-0.2674380838871002
flat,0.625,0.75,7,0,47,9,0.6675394425820824,eval,0.6204554,0.0,19,-0.125,-0.12954461574554443
flat,0.625,0.75,7,0,47,12,0.6052720042673871,eval,0.5680509,0.0,19,-0.125,-0.18194907903671265
flat,0.625,0.75,7,0,47,8,0.6539974002338532,eval,0.6090584,0.0,19,-0.125,-0.14094161987304688
flat,0.625,0.75,7,0,47,1,0.6871017853540099,eval,0.63691914,0.0,19,-0.125,-0.11308085918426514
flat,0.675,0.75,8,0,48,9,0.57195195498333,eval,0.54000866,0.0,19,-0.07499999999999996,-0.20999133586883545
flat,0.675,0.75,8,0,48,12,0.5994329086763519,eval,0.5631367,0.0,19,-0.07499999999999996,-0.18686330318450928
flat,0.675,0.75,8,0,48,8,0.6647424715916677,eval,0.6181015,0.0,19,-0.07499999999999996,-0.13189852237701416
flat,0.675,0.75,8,0,48,1,0.44998588264254086,eval,0.43736175,0.0,19,-0.07499999999999996,-0.3126382529735565
flat,0.725,0.75,9,0,49,9,0.789624270571504,eval,0.7232023,0.0,19,-0.025000000000000022,-0.026797711849212646
flat,0.725,0.75,9,0,49,12,0.7781272400530428,eval,0.7135264,0.0,19,-0.025000000000000022,-0.03647357225418091
flat,0.725,0.75,9,0,49,8,0.8699259685131457,eval,0.7907845,1.0,19,-0.025000000000000022,0.040784478187561035
flat,0.725,0.75,9,0,49,1,0.7636369597566306,eval,0.70133126,0.0,19,-0.025000000000000022,-0.048668742179870605
flat,0.775,0.75,10,1,50,9,0.6225851636354708,eval,0.58262175,0.0,19,0.025000000000000022,-0.1673782467842102
flat,0.775,0.75,10,1,50,12,0.8488409603732732,eval,0.7730393,1.0,19,0.025000000000000022,0.023039281368255615
flat,0.775,0.75,10,1,50,8,0.8376281195060352,eval,0.7636025,1.0,19,0.025000000000000022,0.013602495193481445
flat,0.775,0.75,10,1,50,1,0.7168359163590498,eval,0.66194344,0.0,19,0.025000000000000022,-0.08805656433105469
flat,0.775,0.75,10,1,51,9,0.7195016903283316,eval,0.66418695,0.0,19,0.025000000000000022,-0.08581304550170898
flat,0.775,0.75,10,1,51,12,0.8104372527738726,eval,0.7407186,0.0,19,0.025000000000000022,-0.009281396865844727
flat,0.775,0.75,10,1,51,8,0.8119286775687574,eval,0.74197376,0.0,19,0.025000000000000022,-0.00802624225616455
flat,0.775,0.75,10,1,51,1,0.7859279697477815,eval,0.72009146,0.0,19,0.025000000000000022,-0.02990853786468506
flat,0.825,0.75,11,1,52,9,0.8286306022369746,eval,0.75603014,1.0,19,0.07499999999999996,0.006030142307281494
flat,0.825,0.75,11,1,52,12,0.5889421738555064,eval,0.55430776,0.0,19,0.07499999999999996,-0.195692241191864
flat,0.825,0.75,11,1,52,8,0.7918859617230475,eval,0.72510576,0.0,19,0.07499999999999996,-0.024894237518310547
flat,0.825,0.75,11,1,52,1,0.8174298473779177,eval,0.7466036,0.0,19,0.07499999999999996,-0.0033963918685913086
flat,0.825,0.75,11,1,53,9,0.6997848056555384,eval,0.6475932,0.0,19,0.07499999999999996,-0.10240679979324341
flat,0.825,0.75,11,1,53,12,0.9257997003423085,eval,0.837808,1.0,19,0.07499999999999996,0.08780801296234131
flat,0.825,0.75,11,1,53,8,1.006398561389275,eval,0.9056402,1.0,19,0.07499999999999996,0.15564018487930298
flat,0.825,0.75,11,1,53,1,0.8452114395043959,eval,0.7699846,1.0,19,0.07499999999999996,0.01998460292816162
flat,0.875,0.75,12,1,54,9,0.9402010863526592,eval,0.84992814,1.0,19,0.125,0.09992814064025879
flat,0.875,0.75,12,1,54,12,0.8399761650176906,eval,0.7655786,1.0,19,0.125,0.015578627586364746
flat,0.875,0.75,12,1,54,8,0.9561821589739987,eval,0.86337787,1.0,19,0.125,0.11337786912918091
flat,0.875,0.75,12,1,54,1,0.9444171936707009,eval,0.85347646,1.0,19,0.125,0.10347646474838257
flat,0.875,0.75,12,1,55,9,0.8731461186690498,eval,0.7934945,1.0,19,0.125,0.04349452257156372
flat,0.875,0.75,12,1,55,12,0.7533676588110694,eval,0.69268864,0.0,19,0.125,-0.05731135606765747
flat,0.875,0.75,12,1,55,8,0.8546588664055288,eval,0.77793556,1.0,19,0.125,0.027935564517974854
flat,0.875,0.75,12,1,55,1,0.7991630249101591,eval,0.73123014,0.0,19,0.125,-0.01876986026763916
flat,0.925,0.75,13,1,56,9,0.8213926318410458,eval,0.74993867,0.0,19,0.17500000000000004,-6.133317947387695e-05
flat,0.925,0.75,13,1,56,12,0.9853280959050975,eval,0.8879072,1.0,19,0.17500000000000004,0.1379072070121765
flat,0.925,0.75,13,1,56,8,0.7672800849317296,eval,0.70439744,0.0,19,0.17500000000000004,-0.04560256004333496
flat,0.925,0.75,13,1,56,1,1.0670982022311917,eval,0.9567252,1.0,19,0.17500000000000004,0.20672518014907837
flat,0.925,0.75,13,1,57,9,0.7731111770249605,eval,0.70930487,0.0,19,0.17500000000000004,-0.040695130825042725
flat,0.925,0.75,13,1,57,12,0.9812849420373864,eval,0.88450444,1.0,19,0.17500000000000004,0.13450443744659424
flat,0.925,0.75,13,1,57,8,0.9622951541761923,eval,0.86852264,1.0,19,0.17500000000000004,0.11852264404296875
flat,0.925,0.75,13,1,57,1,0.9976093788947765,eval,0.8982432,1.0,19,0.17500000000000004,0.14824318885803223
flat,0.975,0.75,14,1,58,9,0.8184410628627359,eval,0.74745464,0.0,19,0.22499999999999998,-0.0025453567504882812
flat,0.975,0.75,14,1,58,12,0.8706926297718663,eval,0.79142964,1.0,19,0.22499999999999998,0.04142963886260986
flat,0.975,0.75,14,1,58,8,0.8606259907898409,eval,0.78295755,1.0,19,0.22499999999999998,0.03295755386352539
flat,0.975,0.75,14,1,58,1,1.0593732662303268,eval,0.9502238,1.0,19,0.22499999999999998,0.20022380352020264
flat,0.975,0.75,14,1,59,9,0.9801033945130329,eval,0.88351,1.0,19,0.22499999999999998,0.13350999355316162
flat,0.975,0.75,14,1,59,12,1.2222435678832566,eval,1.0872959,1.0,19,0.22499999999999998,0.33729588985443115
flat,0.975,0.75,14,1,59,8,0.8034054048241679,eval,0.7348006,0.0,19,0.22499999999999998,-0.015199422836303711
flat,0.975,0.75,14,1,59,1,1.0914863981111027,eval,0.97725034,1.0,19,0.22499999999999998,0.227250337600708
base,0.025,0.5,0,0,0,9,-0.002915150546776414,eval,-0.05263748,0.0,20,-0.475,-0.552637480199337
base,0.025,0.5,0,0,0,12,0.06907067447635609,eval,0.02604682,0.0,20,-0.475,-0.4739531800150871
base,0.025,0.5,0,0,0,8,0.07970956613393337,eval,0.037675716,0.0,20,-0.475,-0.46232428401708603
base,0.025,0.5,0,0,0,1,-0.018643524714322124,eval,-0.06982943,0.0,20,-0.475,-0.5698294267058372
base,0.075,0.5,1,0,1,9,0.10314711025906223,eval,0.063294195,0.0,20,-0.425,-0.4367058053612709
base,0.075,0.5,1,0,1,12,0.10925153909534122,eval,0.06996664,0.0,20,-0.425,-0.4300333634018898
base,0.075,0.5,1,0,1,8,0.2513759069559374,eval,0.22650209,0.0,20,-0.425,-0.27349790930747986
base,0.075,0.5,1,0,1,1,-0.041980190777286416,eval,-0.09533762,0.0,20,-0.425,-0.5953376218676567
base,0.125,0.5,2,0,2,9,0.2532481233683165,eval,0.22863254,0.0,20,-0.375,-0.27136746048927307
base,0.125,0.5,2,0,2,12,0.17239470669880136,eval,0.13898548,0.0,20,-0.375,-0.3610145151615143
base,0.125,0.5,2,0,2,8,0.07632387892071708,eval,0.033974983,0.0,20,-0.375,-0.4660250172019005
base,0.125,0.5,2,0,2,1,0.2989367877130134,eval,0.28062153,0.0,20,-0.375,-0.21937847137451172
base,0.175,0.5,3,0,3,9,0.2032451825285249,eval,0.1727067,0.0,20,-0.325,-0.3272933065891266
base,0.175,0.5,3,0,3,12,0.1482691568046723,eval,0.11261498,0.0,20,-0.325,-0.3873850181698799
base,0.175,0.5,3,0,3,8,0.18441541561970465,eval,0.15212473,0.0,20,-0.325,-0.3478752672672272
base,0.175,0.5,3,0,3,1,0.1254089271557848,eval,0.08762754,0.0,20,-0.325,-0.412372462451458
base,0.225,0.5,4,0,4,9,0.3056019527170751,eval,0.2882058,0.0,20,-0.275,-0.2117941975593567
base,0.225,0.5,4,0,4,12,0.3438327862596402,eval,0.33170858,0.0,20,-0.275,-0.16829141974449158
base,0.225,0.5,4,0,4,8,0.15444720452789168,eval,0.11936789,0.0,20,-0.275,-0.38063210994005203
base,0.225,0.5,4,0,4,1,0.2578969629460202,eval,0.23392242,0.0,20,-0.275,-0.26607757806777954
base,0.275,0.5,5,0,5,9,0.15241172947768455,eval,0.11714303,0.0,20,-0.22499999999999998,-0.38285697251558304
base,0.275,0.5,5,0,5,12,0.24014279349858433,eval,0.21371996,0.0,20,-0.22499999999999998,-0.2862800359725952
base,0.275,0.5,5,0,5,8,0.15737429350797189,eval,0.12256741,0.0,20,-0.22499999999999998,-0.37743259221315384
base,0.275,0.5,5,0,5,1,0.24914274545260762,eval,0.22396103,0.0,20,-0.22499999999999998,-0.2760389745235443
base,0.325,0.5,6,0,6,9,0.32274678225324427,eval,0.30771488,0.0,20,-0.175,-0.19228512048721313
base,0.325,0.5,6,0,6,12,0.17876480748448073,eval,0.14594829,0.0,20,-0.175,-0.35405170917510986
base,0.325,0.5,6,0,6,8,0.2536892033263042,eval,0.22913444,0.0,20,-0.175,-0.2708655595779419
base,0.325,0.5,6,0,6,1,0.48334728788021225,eval,0.4904618,0.0,20,-0.175,-0.009538203477859497
base,0.375,0.5,7,0,7,9,0.3874211319304505,eval,0.38130757,0.0,20,-0.125,-0.11869242787361145
base,0.375,0.5,7,0,7,12,0.4599783613618451,eval,0.46387032,0.0,20,-0.125,-0.03612968325614929
base,0.375,0.5,7,0,7,8,0.3405001475914213,eval,0.32791635,0.0,20,-0.125,-0.17208364605903625
base,0.375,0.5,7,0,7,1,0.5070360987081839,eval,0.51741725,1.0,20,-0.125,0.01741725206375122
base,0.425,0.5,8,0,8,9,0.5112246184619911,eval,0.5221833,1.0,20,-0.07500000000000001,0.02218329906463623
base,0.425,0.5,8,0,8,12,0.6100702779951481,eval,0.6346596,1.0,20,-0.07500000000000001,0.13465958833694458
base,0.425,0.5,8,0,8,8,0.5605438028669814,eval,0.5783035,1.0,20,-0.07500000000000001,0.0783035159111023
base,0.425,0.5,8,0,8,1,0.4883352622824915,eval,0.4961376,0.0,20,-0.07500000000000001,-0.0038624107837677
base,0.475,0.5,9,0,9,9,0.4866060673431017,eval,0.49416992,0.0,20,-0.025000000000000022,-0.0058300793170928955
base,0.475,0.5,9,0,9,12,0.3789848880709369,eval,0.37170812,0.0,20,-0.025000000000000022,-0.12829187512397766
base,0.475,0.5,9,0,9,8,0.4752211602573378,eval,0.48121503,0.0,20,-0.025000000000000022,-0.01878497004508972
base,0.475,0.5,9,0,9,1,0.2546490119353349,eval,0.2302266,0.0,20,-0.025000000000000022,-0.2697733938694
base,0.525,0.5,10,1,10,9,0.6054078958119873,eval,0.62935424,1.0,20,0.025000000000000022,0.12935423851013184
base,0.525,0.5,10,1,10,12,0.5148368870407144,eval,0.52629375,1.0,20,0.025000000000000022,0.02629375457763672
base,0.525,0.5,10,1,10,8,0.44594551903321245,eval,0.4479024,0.0,20,0.025000000000000022,-0.052097588777542114
base,0.525,0.5,10,1,10,1,0.5302028974259887,eval,0.5437787,1.0,20,0.025000000000000022,0.04377871751785278
base,0.575,0.5,11,1,11,9,0.5245800752222866,eval,0.53738046,1.0,20,0.07499999999999996,0.03738045692443848
base,0.575,0.5,11,1,11,12,0.5064557989281973,eval,0.5167569,1.0,20,0.07499999999999996,0.016756892204284668
base,0.575,0.5,11,1,11,8,0.5891877828241733,eval,0.6108975,1.0,20,0.07499999999999996,0.1108974814414978
base,0.575,0.5,11,1,11,1,0.6433686190776534,eval,0.67254966,1.0,20,0.07499999999999996,0.17254966497421265
base,0.625,0.5,12,1,12,9,0.6607954906213157,eval,0.6923797,1.0,20,0.125,0.19237971305847168
base,0.625,0.5,12,1,12,12,0.5869416749872484,eval,0.6083416,1.0,20,0.125,0.10834157466888428
base,0.625,0.5,12,1,12,8,0.6467571355560034,eval,0.6764055,1.0,20,0.125,0.17640548944473267
base,0.625,0.5,12,1,12,1,0.7253961575842169,eval,0.76588863,1.0,20,0.125,0.26588863134384155
base,0.675,0.5,13,1,13,9,0.7164866401254424,eval,0.7557505,1.0,20,0.17500000000000004,0.25575047731399536
base,0.675,0.5,13,1,13,12,0.6796092971779658,eval,0.71378785,1.0,20,0.17500000000000004,0.21378785371780396
base,0.675,0.5,13,1,13,8,0.6073767944025039,eval,0.6315947,1.0,20,0.17500000000000004,0.131594717502594
base,0.675,0.5,13,1,13,1,0.61320929552924,eval,0.63823146,1.0,20,0.17500000000000004,0.13823145627975464
base,0.725,0.5,14,1,14,9,0.6000224275413348,eval,0.62322617,1.0,20,0.22499999999999998,0.12322616577148438
base,0.725,0.5,14,1,14,12,0.6008191547218831,eval,0.62413275,1.0,20,0.22499999999999998,0.12413275241851807
base,0.725,0.5,14,1,14,8,0.8393233626629595,eval,0.8513521,1.0,20,0.22499999999999998,0.35135209560394287
base,0.725,0.5,14,1,14,1,0.9072011363328323,eval,0.8869367,1.0,20,0.22499999999999998,0.3869367241859436
base,0.775,0.5,15,1,15,9,0.7925538628567643,eval,0.8268334,1.0,20,0.275,0.32683342695236206
base,0.775,0.5,15,1,15,12,0.7472346328732713,eval,0.7907385,1.0,20,0.275,0.2907385230064392
base,0.775,0.5,15,1,15,8,0.586165110902335,eval,0.607458,1.0,20,0.275,0.10745799541473389
base,0.775,0.5,15,1,15,1,0.6429569029986707,eval,0.67208123,1.0,20,0.275,0.17208123207092285
base,0.825,0.5,16,1,16,9,0.7929637473048593,eval,0.82704824,1.0,20,0.32499999999999996,0.32704824209213257
base,0.825,0.5,16,1,16,12,0.6784032613617612,eval,0.7124155,1.0,20,0.32499999999999996,0.21241551637649536
base,0.825,0.5,16,1,16,8,0.8036455371917013,eval,0.8326482,1.0,20,0.32499999999999996,0.33264821767807007
base,0.825,0.5,16,1,16,1,0.7588471978184781,eval,0.80395246,1.0,20,0.32499999999999996,0.3039524555206299
base,0.875,0.5,17,1,17,9,0.6845912051383966,eval,0.7194568,1.0,20,0.375,0.21945679187774658
base,0.875,0.5,17,1,17,12,0.8181772362058521,eval,0.84026635,1.0,20,0.375,0.3402663469314575
base,0.875,0.5,17,1,17,8,0.9415066065629245,eval,0.90492123,1.0,20,0.375,0.4049212336540222
base,0.875,0.5,17,1,17,1,0.9685049988114022,eval,0.91907495,1.0,20,0.375,0.4190749526023865
base,0.925,0.5,18,1,18,9,1.0208406680141398,eval,0.94651157,1.0,20,0.42500000000000004,0.44651156663894653
base,0.925,0.5,18,1,18,12,0.8063930346013513,eval,0.8340885,1.0,20,0.42500000000000004,0.3340885043144226
base,0.925,0.5,18,1,18,8,0.7911567480523145,eval,0.826101,1.0,20,0.42500000000000004,0.32610100507736206
base,0.925,0.5,18,1,18,1,0.9299054613825312,eval,0.8988394,1.0,20,0.42500000000000004,0.39883941411972046
base,0.975,0.5,19,1,19,9,0.9388141319695699,eval,0.9035097,1.0,20,0.475,0.4035096764564514
base,0.975,0.5,19,1,19,12,0.8690939300539855,eval,0.86695915,1.0,20,0.475,0.3669591546058655
base,0.975,0.5,19,1,19,8,1.0111253748643376,eval,0.94141847,1.0,20,0.475,0.44141846895217896
base,0.975,0.5,19,1,19,1,1.1752392583645255,eval,1.0274544,1.0,20,0.475,0.5274543762207031
curv,0.025,0.25,0,0,20,9,-0.06023900581258609,eval,-0.09670965,0.0,20,-0.225,-0.34670964628458023
curv,0.025,0.25,0,0,20,12,-0.14699106806582,eval,-0.19153422,0.0,20,-0.225,-0.44153422117233276
curv,0.025,0.25,0,0,20,8,0.1542893050193805,eval,0.14524505,0.0,20,-0.225,-0.10475495457649231
curv,0.025,0.25,0,0,20,1,0.04385191925124656,eval,0.019578613,0.0,20,-0.225,-0.23042138665914536
curv,0.025,0.25,0,0,21,9,-0.012731674369381461,eval,-0.044781648,0.0,20,-0.225,-0.2947816476225853
curv,0.025,0.25,0,0,21,12,0.1469354588732634,eval,0.13687715,0.0,20,-0.225,-0.1131228506565094
curv,0.025,0.25,0,0,21,8,0.07036712642569681,eval,0.049750246,0.0,20,-0.225,-0.20024975389242172
curv,0.025,0.25,0,0,21,1,-0.03831940901922267,eval,-0.07275035,0.0,20,-0.225,-0.32275035232305527
curv,0.075,0.25,1,0,22,9,0.08882003031483213,eval,0.07074771,0.0,20,-0.175,-0.1792522892355919
curv,0.075,0.25,1,0,22,12,0.12590590847395516,eval,0.112947635,0.0,20,-0.175,-0.13705236464738846
curv,0.075,0.25,1,0,22,8,-0.09401599429769265,eval,-0.13362971,0.0,20,-0.175,-0.383629709482193
curv,0.075,0.25,1,0,22,1,0.03724364947671917,eval,0.012059085,0.0,20,-0.175,-0.23794091492891312
curv,0.075,0.25,1,0,23,9,0.22579094843471398,eval,0.2266066,0.0,20,-0.175,-0.02339339256286621
curv,0.075,0.25,1,0,23,12,-0.11674640434564944,eval,-0.15847519,0.0,20,-0.175,-0.40847519040107727
curv,0.075,0.25,1,0,23,8,0.0021804972564751224,eval,-0.027839206,0.0,20,-0.175,-0.27783920615911484
curv,0.075,0.25,1,0,23,1,-0.03411461176191956,eval,-0.06815433,0.0,20,-0.175,-0.31815432757139206
curv,0.125,0.25,2,0,24,9,0.10840667969937974,eval,0.09303533,0.0,20,-0.125,-0.15696466714143753
curv,0.125,0.25,2,0,24,12,0.06531724059521243,eval,0.044003956,0.0,20,-0.125,-0.2059960439801216
curv,0.125,0.25,2,0,24,8,0.24823034025042634,eval,0.2521403,1.0,20,-0.125,0.0021403133869171143
curv,0.125,0.25,2,0,24,1,-0.002768016638660803,eval,-0.033470057,0.0,20,-0.125,-0.283470056951046
curv,0.125,0.25,2,0,25,9,0.17224074969585104,eval,0.16567194,0.0,20,-0.125,-0.0843280553817749
curv,0.125,0.25,2,0,25,12,0.0579561400096926,eval,0.03562779,0.0,20,-0.125,-0.2143722102046013
curv,0.125,0.25,2,0,25,8,0.15483352450652943,eval,0.14586428,0.0,20,-0.125,-0.10413572192192078
curv,0.125,0.25,2,0,25,1,0.18804114907682318,eval,0.18365121,0.0,20,-0.125,-0.06634879112243652
curv,0.175,0.25,3,0,26,9,0.31235793768977616,eval,0.32511094,1.0,20,-0.07500000000000001,0.07511094212532043
curv,0.175,0.25,3,0,26,12,0.1059055871831403,eval,0.090189345,0.0,20,-0.07500000000000001,-0.1598106548190117
curv,0.175,0.25,3,0,26,8,0.17401410615100246,eval,0.16768989,0.0,20,-0.07500000000000001,-0.08231011033058167
curv,0.175,0.25,3,0,26,1,0.23311658124128057,eval,0.2349424,0.0,20,-0.07500000000000001,-0.015057593584060669
curv,0.175,0.25,3,0,27,9,0.22835505312737925,eval,0.22952428,0.0,20,-0.07500000000000001,-0.020475715398788452
curv,0.175,0.25,3,0,27,12,0.030311648744351605,eval,0.00417123,0.0,20,-0.07500000000000001,-0.2458287701010704
curv,0.175,0.25,3,0,27,8,0.219120059471549,eval,0.21901584,0.0,20,-0.07500000000000001,-0.030984163284301758
curv,0.175,0.25,3,0,27,1,0.30445588194411166,eval,0.31611922,1.0,20,-0.07500000000000001,0.0661192238330841
curv,0.225,0.25,4,0,28,9,0.3318564157418792,eval,0.34729823,1.0,20,-0.024999999999999994,0.09729823470115662
curv,0.225,0.25,4,0,28,12,0.30043857213684555,eval,0.31154796,1.0,20,-0.024999999999999994,0.06154796481132507
curv,0.225,0.25,4,0,28,8,0.2971048950005876,eval,0.30775455,1.0,20,-0.024999999999999994,0.05775454640388489
curv,0.225,0.25,4,0,28,1,0.1495394208740069,eval,0.13984019,0.0,20,-0.024999999999999994,-0.11015981435775757
curv,0.225,0.25,4,0,29,9,0.17734901410490445,eval,0.17148465,0.0,20,-0.024999999999999994,-0.07851535081863403
curv,0.225,0.25,4,0,29,12,0.1854136214492001,eval,0.18066132,0.0,20,-0.024999999999999994,-0.06933867931365967
curv,0.225,0.25,4,0,29,8,0.15415347634020068,eval,0.14509052,0.0,20,-0.024999999999999994,-0.10490947961807251
curv,0.225,0.25,4,0,29,1,0.3939107452443673,eval,0.41790962,1.0,20,-0.024999999999999994,0.1679096221923828
curv,0.275,0.25,5,1,30,9,0.3521049326473978,eval,0.37033898,1.0,20,0.025000000000000022,0.12033897638320923
curv,0.275,0.25,5,1,30,12,0.3218148909489514,eval,0.335872,1.0,20,0.025000000000000022,0.08587199449539185
curv,0.275,0.25,5,1,30,8,0.2459599919927045,eval,0.2495569,0.0,20,0.025000000000000022,-0.0004431009292602539
curv,0.275,0.25,5,1,30,1,0.2462612292191334,eval,0.24989963,0.0,20,0.025000000000000022,-0.00010037422180175781
curv,0.325,0.25,6,1,31,9,0.31920239999303074,eval,0.33289924,1.0,20,0.07500000000000001,0.08289924263954163
curv,0.325,0.25,6,1,31,12,0.37767557651664274,eval,0.39943573,1.0,20,0.07500000000000001,0.14943572878837585
curv,0.325,0.25,6,1,31,8,0.339291364966682,eval,0.3557584,1.0,20,0.07500000000000001,0.10575839877128601
curv,0.325,0.25,6,1,31,1,0.4824408278844587,eval,0.51864785,1.0,20,0.07500000000000001,0.26864784955978394
curv,0.375,0.25,7,1,32,9,0.48244112374891795,eval,0.5186482,1.0,20,0.125,0.2686482071876526
curv,0.375,0.25,7,1,32,12,0.5125445311670886,eval,0.55290276,1.0,20,0.125,0.3029027581214905
curv,0.375,0.25,7,1,32,8,0.3206042278212674,eval,0.33449438,1.0,20,0.125,0.08449438214302063
curv,0.375,0.25,7,1,32,1,0.3317214152817403,eval,0.34714463,1.0,20,0.125,0.09714463353157043
curv,0.425,0.25,8,1,33,9,0.32464404280078596,eval,0.33909127,1.0,20,0.175,0.08909127116203308
curv,0.425,0.25,8,1,33,12,0.24351277222568563,eval,0.24677223,0.0,20,0.175,-0.0032277703285217285
curv,0.425,0.25,8,1,33,8,0.4116548441462745,eval,0.4381006,1.0,20,0.175,0.18810060620307922
curv,0.425,0.25,8,1,33,1,0.3514516707657725,eval,0.36959562,1.0,20,0.175,0.11959561705589294
curv,0.475,0.25,9,1,34,9,0.39704422467572553,eval,0.42147526,1.0,20,0.22499999999999998,0.17147526144981384
curv,0.475,0.25,9,1,34,12,0.6488602111424955,eval,0.68543696,1.0,20,0.22499999999999998,0.4354369640350342
curv,0.475,0.25,9,1,34,8,0.6047871761181993,eval,0.65786546,1.0,20,0.22499999999999998,0.4078654646873474
curv,0.475,0.25,9,1,34,1,0.49997853715586665,eval,0.538604,1.0,20,0.22499999999999998,0.2886040210723877
curv,0.525,0.25,10,1,35,9,0.6518731572705383,eval,0.6870165,1.0,20,0.275,0.43701648712158203
curv,0.525,0.25,10,1,35,12,0.6518815273891231,eval,0.68702084,1.0,20,0.275,0.43702083826065063
curv,0.525,0.25,10,1,35,8,0.4282180135307945,eval,0.45694783,1.0,20,0.275,0.20694783329963684
curv,0.525,0.25,10,1,35,1,0.6281453084869473,eval,0.6745773,1.0,20,0.275,0.4245772957801819
curv,0.575,0.25,11,1,36,9,0.555391602743063,eval,0.6016584,1.0,20,0.32499999999999996,0.3516584038734436
curv,0.575,0.25,11,1,36,12,0.6323065992335506,eval,0.6767588,1.0,20,0.32499999999999996,0.4267588257789612
curv,0.575,0.25,11,1,36,8,0.767666270913514,eval,0.7477204,1.0,20,0.32499999999999996,0.4977204203605652
curv,0.575,0.25,11,1,36,1,0.5911009576715345,eval,0.64229196,1.0,20,0.32499999999999996,0.39229196310043335
curv,0.625,0.25,12,1,37,9,0.5891039353295531,eval,0.6400196,1.0,20,0.375,0.39001959562301636
curv,0.625,0.25,12,1,37,12,0.8633592229234116,eval,0.797887,1.0,20,0.375,0.5478870272636414
curv,0.625,0.25,12,1,37,8,0.8129344377381986,eval,0.77145207,1.0,20,0.375,0.5214520692825317
curv,0.625,0.25,12,1,37,1,0.5664471175876663,eval,0.61423844,1.0,20,0.375,0.364238440990448
curv,0.675,0.25,13,1,38,9,0.682757241935024,eval,0.7032073,1.0,20,0.42500000000000004,0.4532073140144348
curv,0.675,0.25,13,1,38,12,0.6954978597927232,eval,0.7098865,1.0,20,0.42500000000000004,0.45988649129867554
curv,0.675,0.25,13,1,38,8,0.503656056203569,eval,0.54278857,1.0,20,0.42500000000000004,0.292788565158844
curv,0.675,0.25,13,1,38,1,0.5408780285923331,eval,0.58514345,1.0,20,0.42500000000000004,0.33514344692230225
curv,0.725,0.25,14,1,39,9,0.6560502542647139,eval,0.6892063,1.0,20,0.475,0.4392063021659851
curv,0.725,0.25,14,1,39,12,0.8071478916070218,eval,0.7684185,1.0,20,0.475,0.5184184908866882
curv,0.725,0.25,14,1,39,8,0.7108977334886978,eval,0.7179598,1.0,20,0.475,0.46795982122421265
curv,0.725,0.25,14,1,39,1,0.5848479785082572,eval,0.6351767,1.0,20,0.475,0.38517671823501587
flat,0.275,0.75,0,0,40,9,0.40819413685305606,eval,0.3781409,0.0,20,-0.475,-0.3718591034412384
flat,0.275,0.75,0,0,40,12,0.20115860187320406,eval,0.15184009,0.0,20,-0.475,-0.598159909248352
flat,0.275,0.75,0,0,40,8,0.30926915696456797,eval,0.27001065,0.0,20,-0.475,-0.47998934984207153
flat,0.275,0.75,0,0,40,1,0.3252682849874866,eval,0.28749853,0.0,20,-0.475,-0.4625014662742615
flat,0.325,0.75,1,0,41,9,0.20008373483240952,eval,0.15066522,0.0,20,-0.425,-0.5993347764015198
flat,0.325,0.75,1,0,41,12,0.4384357407951828,eval,0.41119653,0.0,20,-0.425,-0.3388034701347351
flat,0.325,0.75,1,0,41,8,0.24891289124935712,eval,0.20403805,0.0,20,-0.425,-0.5459619462490082
flat,0.325,0.75,1,0,41,1,0.4239713033285805,eval,0.39538616,0.0,20,-0.425,-0.3546138405799866
flat,0.375,0.75,2,0,42,9,0.3599402001639595,eval,0.32539678,0.0,20,-0.375,-0.4246032238006592
flat,0.375,0.75,2,0,42,12,0.39178259697224144,eval,0.36020225,0.0,20,-0.375,-0.38979774713516235
flat,0.375,0.75,2,0,42,8,0.3008919496315271,eval,0.26085395,0.0,20,-0.375,-0.48914605379104614
flat,0.375,0.75,2,0,42,1,0.3585705407374709,eval,0.32389966,0.0,20,-0.375,-0.42610034346580505
flat,0.425,0.75,3,0,43,9,0.45969527857023623,eval,0.43443438,0.0,20,-0.325,-0.3155656158924103
flat,0.425,0.75,3,0,43,12,0.37987998551439534,eval,0.347192,0.0,20,-0.325,-0.4028080105781555
flat,0.425,0.75,3,0,43,8,0.40125843032654535,eval,0.37055978,0.0,20,-0.325,-0.37944021821022034
flat,0.425,0.75,3,0,43,1,0.3175635141771565,eval,0.27907678,0.0,20,-0.325,-0.47092321515083313
flat,0.475,0.75,4,0,44,9,0.46455529309334376,eval,0.43986085,0.0,20,-0.275,-0.31013914942741394
flat,0.475,0.75,4,0,44,12,0.6866939198315876,eval,0.6926319,0.0,20,-0.275,-0.05736809968948364
flat,0.475,0.75,4,0,44,8,0.548917808711155,eval,0.53585684,0.0,20,-0.275,-0.21414315700531006
flat,0.475,0.75,4,0,44,1,0.5623042152621707,eval,0.55108917,0.0,20,-0.275,-0.19891083240509033
flat,0.525,0.75,5,0,45,9,0.4447712454632119,eval,0.4181216,0.0,20,-0.22499999999999998,-0.3318783938884735
flat,0.525,0.75,5,0,45,12,0.49452003354591684,eval,0.47395763,0.0,20,-0.22499999999999998,-0.2760423719882965
flat,0.525,0.75,5,0,45,8,0.4738666161052906,eval,0.4504562,0.0,20,-0.22499999999999998,-0.2995437979698181
flat,0.525,0.75,5,0,45,1,0.39696060552854273,eval,0.36586207,0.0,20,-0.22499999999999998,-0.38413792848587036
flat,0.575,0.75,6,0,46,9,0.48816108032474786,eval,0.46672186,0.0,20,-0.17500000000000004,-0.28327813744544983
flat,0.575,0.75,6,0,46,12,0.5758861327608518,eval,0.566544,0.0,20,-0.17500000000000004,-0.18345600366592407
flat,0.575,0.75,6,0,46,8,0.7576693811620117,eval,0.77339464,1.0,20,-0.17500000000000004,0.023394644260406494
flat,0.575,0.75,6,0,46,1,0.5036931904940727,eval,0.4843957,0.0,20,-0.17500000000000004,-0.26560428738594055
flat,0.625,0.75,7,0,47,9,0.6675394425820824,eval,0.67083603,0.0,20,-0.125,-0.07916396856307983
flat,0.625,0.75,7,0,47,12,0.6052720042673871,eval,0.5999821,0.0,20,-0.125,-0.15001791715621948
flat,0.625,0.75,7,0,47,8,0.6539974002338532,eval,0.6554266,0.0,20,-0.125,-0.09457337856292725
flat,0.625,0.75,7,0,47,1,0.6871017853540099,eval,0.6930959,0.0,20,-0.125,-0.05690407752990723
flat,0.675,0.75,8,0,48,9,0.57195195498333,eval,0.5620673,0.0,20,-0.07499999999999996,-0.18793272972106934
flat,0.675,0.75,8,0,48,12,0.5994329086763519,eval,0.59333783,0.0,20,-0.07499999999999996,-0.15666216611862183
flat,0.675,0.75,8,0,48,8,0.6647424715916677,eval,0.6676534,0.0,20,-0.07499999999999996,-0.08234661817550659
flat,0.675,0.75,8,0,48,1,0.44998588264254086,eval,0.4238215,0.0,20,-0.07499999999999996,-0.32617849111557007
flat,0.725,0.75,9,0,49,9,0.789624270571504,eval,0.80975604,1.0,20,-0.025000000000000022,0.05975604057312012
flat,0.725,0.75,9,0,49,12,0.7781272400530428,eval,0.7966736,1.0,20,-0.025000000000000022,0.046673595905303955
flat,0.725,0.75,9,0,49,8,0.8699259685131457,eval,0.9011312,1.0,20,-0.025000000000000022,0.15113121271133423
flat,0.725,0.75,9,0,49,1,0.7636369597566306,eval,0.7801852,1.0,20,-0.025000000000000022,0.030185222625732422
flat,0.775,0.75,10,1,50,9,0.6225851636354708,eval,0.6196827,0.0,20,0.025000000000000022,-0.13031727075576782
flat,0.775,0.75,10,1,50,12,0.8488409603732732,eval,0.8771386,1.0,20,0.025000000000000022,0.12713861465454102
flat,0.775,0.75,10,1,50,8,0.8376281195060352,eval,0.8643796,1.0,20,0.025000000000000022,0.11437958478927612
flat,0.775,0.75,10,1,50,1,0.7168359163590498,eval,0.72693044,0.0,20,0.025000000000000022,-0.023069560527801514
flat,0.775,0.75,10,1,51,9,0.7195016903283316,eval,0.7299637,0.0,20,0.025000000000000022,-0.020036280155181885
flat,0.775,0.75,10,1,51,12,0.8104372527738726,eval,0.8334391,1.0,20,0.025000000000000022,0.08343911170959473
flat,0.775,0.75,10,1,51,8,0.8119286775687574,eval,0.83513623,1.0,20,0.025000000000000022,0.08513623476028442
flat,0.775,0.75,10,1,51,1,0.7859279697477815,eval,0.80555004,1.0,20,0.025000000000000022,0.05555003881454468
flat,0.825,0.75,11,1,52,9,0.8286306022369746,eval,0.8541413,1.0,20,0.07499999999999996,0.10414129495620728
flat,0.825,0.75,11,1,52,12,0.5889421738555064,eval,0.58140045,0.0,20,0.07499999999999996,-0.16859954595565796
flat,0.825,0.75,11,1,52,8,0.7918859617230475,eval,0.8123297,1.0,20,0.07499999999999996,0.06232970952987671
flat,0.825,0.75,11,1,52,1,0.8174298473779177,eval,0.8413959,1.0,20,0.07499999999999996,0.09139591455459595
flat,0.825,0.75,11,1,53,9,0.6997848056555384,eval,0.707528,0.0,20,0.07499999999999996,-0.042472004890441895
flat,0.825,0.75,11,1,53,12,0.9257997003423085,eval,0.96275276,1.0,20,0.07499999999999996,0.21275275945663452
flat,0.825,0.75,11,1,53,8,1.006398561389275,eval,1.0050063,1.0,20,0.07499999999999996,0.2550063133239746
flat,0.825,0.75,11,1,53,1,0.8452114395043959,eval,0.87300855,1.0,20,0.07499999999999996,0.12300854921340942
flat,0.875,0.75,12,1,54,9,0.9402010863526592,eval,0.9703026,1.0,20,0.125,0.22030258178710938
flat,0.875,0.75,12,1,54,12,0.8399761650176906,eval,0.8670514,1.0,20,0.125,0.11705142259597778
flat,0.875,0.75,12,1,54,8,0.9561821589739987,eval,0.97868055,1.0,20,0.125,0.2286805510520935
flat,0.875,0.75,12,1,54,1,0.9444171936707009,eval,0.9725129,1.0,20,0.125,0.22251290082931519
flat,0.875,0.75,12,1,55,9,0.8731461186690498,eval,0.9047954,1.0,20,0.125,0.15479540824890137
flat,0.875,0.75,12,1,55,12,0.7533676588110694,eval,0.7684998,1.0,20,0.125,0.018499791622161865
flat,0.875,0.75,12,1,55,8,0.8546588664055288,eval,0.8837587,1.0,20,0.125,0.13375872373580933
flat,0.875,0.75,12,1,55,1,0.7991630249101591,eval,0.8206102,1.0,20,0.125,0.07061022520065308
flat,0.925,0.75,13,1,56,9,0.8213926318410458,eval,0.84590524,1.0,20,0.17500000000000004,0.09590524435043335
flat,0.925,0.75,13,1,56,12,0.9853280959050975,eval,0.99396014,1.0,20,0.17500000000000004,0.24396014213562012
flat,0.925,0.75,13,1,56,8,0.7672800849317296,eval,0.78433067,1.0,20,0.17500000000000004,0.034330666065216064
flat,0.925,0.75,13,1,56,1,1.0670982022311917,eval,1.0368278,1.0,20,0.17500000000000004,0.28682780265808105
flat,0.925,0.75,13,1,57,9,0.7731111770249605,eval,0.79096586,1.0,20,0.17500000000000004,0.04096585512161255
flat,0.925,0.75,13,1,57,12,0.9812849420373864,eval,0.99184054,1.0,20,0.17500000000000004,0.24184054136276245
flat,0.925,0.75,13,1,57,8,0.9622951541761923,eval,0.98188525,1.0,20,0.17500000000000004,0.23188525438308716
flat,0.925,0.75,13,1,57,1,0.9976093788947765,eval,1.0003985,1.0,20,0.17500000000000004,0.25039851665496826
flat,0.975,0.75,14,1,58,9,0.8184410628627359,eval,0.8425465,1.0,20,0.22499999999999998,0.09254652261734009
flat,0.975,0.75,14,1,58,12,0.8706926297718663,eval,0.90200347,1.0,20,0.22499999999999998,0.1520034670829773
flat,0.975,0.75,14,1,58,8,0.8606259907898409,eval,0.89054877,1.0,20,0.22499999999999998,0.14054876565933228
flat,0.975,0.75,14,1,58,1,1.0593732662303268,eval,1.0327779,1.0,20,0.22499999999999998,0.28277790546417236
flat,0.975,0.75,14,1,59,9,0.9801033945130329,eval,0.9912212,1.0,20,0.22499999999999998,0.24122118949890137
flat,0.975,0.75,14,1,59,12,1.2222435678832566,eval,1.1181619,1.0,20,0.22499999999999998,0.3681619167327881
flat,0.975,0.75,14,1,59,8,0.8034054048241679,eval,0.8254376,1.0,20,0.22499999999999998,0.07543760538101196
flat,0.975,0.75,14,1,59,1,1.0914863981111027,eval,1.0496132,1.0,20,0.22499999999999998,0.29961323738098145
base,0.025,0.5,0,0,0,9,-0.002915150546776414,eval,0.10365871,0.0,21,-0.475,-0.3963412865996361
base,0.025,0.5,0,0,0,12,0.06907067447635609,eval,0.13612583,0.0,21,-0.475,-0.3638741672039032
base,0.025,0.5,0,0,0,8,0.07970956613393337,eval,0.14092419,0.0,21,-0.475,-0.3590758144855499
base,0.025,0.5,0,0,0,1,-0.018643524714322124,eval,0.09656491,0.0,21,-0.475,-0.4034350886940956
base,0.075,0.5,1,0,1,9,0.10314711025906223,eval,0.15149501,0.0,21,-0.425,-0.3485049903392792
base,0.075,0.5,1,0,1,12,0.10925153909534122,eval,0.15424824,0.0,21,-0.425,-0.3457517623901367
base,0.075,0.5,1,0,1,8,0.2513759069559374,eval,0.28029802,0.0,21,-0.425,-0.21970197558403015
base,0.075,0.5,1,0,1,1,-0.041980190777286416,eval,0.08603958,0.0,21,-0.425,-0.41396041959524155
base,0.125,0.5,2,0,2,9,0.2532481233683165,eval,0.28200018,0.0,21,-0.375,-0.21799981594085693
base,0.125,0.5,2,0,2,12,0.17239470669880136,eval,0.20849064,0.0,21,-0.375,-0.29150936007499695
base,0.125,0.5,2,0,2,8,0.07632387892071708,eval,0.13939717,0.0,21,-0.375,-0.36060282588005066
base,0.125,0.5,2,0,2,1,0.2989367877130134,eval,0.32353893,0.0,21,-0.375,-0.17646107077598572
base,0.175,0.5,3,0,3,9,0.2032451825285249,eval,0.23653898,0.0,21,-0.325,-0.26346102356910706
base,0.175,0.5,3,0,3,12,0.1482691568046723,eval,0.18655643,0.0,21,-0.325,-0.3134435713291168
base,0.175,0.5,3,0,3,8,0.18441541561970465,eval,0.21941951,0.0,21,-0.325,-0.2805804908275604
base,0.175,0.5,3,0,3,1,0.1254089271557848,eval,0.16577256,0.0,21,-0.325,-0.33422744274139404
base,0.225,0.5,4,0,4,9,0.3056019527170751,eval,0.32959872,0.0,21,-0.275,-0.17040127515792847
base,0.225,0.5,4,0,4,12,0.3438327862596402,eval,0.36435708,0.0,21,-0.275,-0.1356429159641266
base,0.225,0.5,4,0,4,8,0.15444720452789168,eval,0.1921733,0.0,21,-0.275,-0.3078266978263855
base,0.225,0.5,4,0,4,1,0.2578969629460202,eval,0.28622675,0.0,21,-0.275,-0.21377325057983398
base,0.275,0.5,5,0,5,9,0.15241172947768455,eval,0.1903227,0.0,21,-0.22499999999999998,-0.3096773028373718
base,0.275,0.5,5,0,5,12,0.24014279349858433,eval,0.2700852,0.0,21,-0.22499999999999998,-0.2299148142337799
base,0.275,0.5,5,0,5,8,0.15737429350797189,eval,0.19483453,0.0,21,-0.22499999999999998,-0.30516546964645386
base,0.275,0.5,5,0,5,1,0.24914274545260762,eval,0.27826768,0.0,21,-0.22499999999999998,-0.22173231840133667
base,0.325,0.5,6,0,6,9,0.32274678225324427,eval,0.34518632,0.0,21,-0.175,-0.15481367707252502
base,0.325,0.5,6,0,6,12,0.17876480748448073,eval,0.21428216,0.0,21,-0.175,-0.28571784496307373
base,0.325,0.5,6,0,6,8,0.2536892033263042,eval,0.2824012,0.0,21,-0.175,-0.2175987958908081
base,0.325,0.5,6,0,6,1,0.48334728788021225,eval,0.49119958,0.0,21,-0.175,-0.008800417184829712
base,0.375,0.5,7,0,7,9,0.3874211319304505,eval,0.40398628,0.0,21,-0.125,-0.09601372480392456
base,0.375,0.5,7,0,7,12,0.4599783613618451,eval,0.46995324,0.0,21,-0.125,-0.03004676103591919
base,0.375,0.5,7,0,7,8,0.3405001475914213,eval,0.36132714,0.0,21,-0.125,-0.1386728584766388
base,0.375,0.5,7,0,7,1,0.5070360987081839,eval,0.5127367,1.0,21,-0.125,0.012736678123474121
base,0.425,0.5,8,0,8,9,0.5112246184619911,eval,0.5165448,1.0,21,-0.07500000000000001,0.016544818878173828
base,0.425,0.5,8,0,8,12,0.6100702779951481,eval,0.60641235,1.0,21,-0.07500000000000001,0.10641235113143921
base,0.425,0.5,8,0,8,8,0.5605438028669814,eval,0.56138426,1.0,21,-0.07500000000000001,0.06138426065444946
base,0.425,0.5,8,0,8,1,0.4883352622824915,eval,0.49573442,0.0,21,-0.07500000000000001,-0.004265576601028442
base,0.475,0.5,9,0,9,9,0.4866060673431017,eval,0.49416235,0.0,21,-0.025000000000000022,-0.00583764910697937
base,0.475,0.5,9,0,9,12,0.3789848880709369,eval,0.39631632,0.0,21,-0.025000000000000022,-0.10368368029594421
base,0.475,0.5,9,0,9,8,0.4752211602573378,eval,0.48381153,0.0,21,-0.025000000000000022,-0.016188472509384155
base,0.475,0.5,9,0,9,1,0.2546490119353349,eval,0.28327382,0.0,21,-0.025000000000000022,-0.2167261838912964
base,0.525,0.5,10,1,10,9,0.6054078958119873,eval,0.6021734,1.0,21,0.025000000000000022,0.10217338800430298
base,0.525,0.5,10,1,10,12,0.5148368870407144,eval,0.519829,1.0,21,0.025000000000000022,0.019828975200653076
base,0.525,0.5,10,1,10,8,0.44594551903321245,eval,0.45719498,0.0,21,0.025000000000000022,-0.042805016040802
base,0.525,0.5,10,1,10,1,0.5302028974259887,eval,0.5337993,1.0,21,0.025000000000000022,0.03379929065704346
base,0.575,0.5,11,1,11,9,0.5245800752222866,eval,0.5286871,1.0,21,0.07499999999999996,0.028687119483947754
base,0.575,0.5,11,1,11,12,0.5064557989281973,eval,0.5122091,1.0,21,0.07499999999999996,0.012209117412567139
base,0.575,0.5,11,1,11,8,0.5891877828241733,eval,0.5874266,1.0,21,0.07499999999999996,0.08742660284042358
base,0.575,0.5,11,1,11,1,0.6433686190776534,eval,0.63668615,1.0,21,0.07499999999999996,0.13668614625930786
base,0.625,0.5,12,1,12,9,0.6607954906213157,eval,0.6525302,1.0,21,0.125,0.15253019332885742
base,0.625,0.5,12,1,12,12,0.5869416749872484,eval,0.5853845,1.0,21,0.125,0.08538448810577393
base,0.625,0.5,12,1,12,8,0.6467571355560034,eval,0.6397669,1.0,21,0.125,0.1397668719291687
base,0.625,0.5,12,1,12,1,0.7253961575842169,eval,0.7112632,1.0,21,0.125,0.21126317977905273
base,0.675,0.5,13,1,13,9,0.7164866401254424,eval,0.7031629,1.0,21,0.17500000000000004,0.20316290855407715
base,0.675,0.5,13,1,13,12,0.6796092971779658,eval,0.6696351,1.0,21,0.17500000000000004,0.1696351170539856
base,0.675,0.5,13,1,13,8,0.6073767944025039,eval,0.6039635,1.0,21,0.17500000000000004,0.10396349430084229
base,0.675,0.5,13,1,13,1,0.61320929552924,eval,0.6092662,1.0,21,0.17500000000000004,0.10926622152328491
base,0.725,0.5,14,1,14,9,0.6000224275413348,eval,0.5972771,1.0,21,0.22499999999999998,0.09727710485458374
base,0.725,0.5,14,1,14,12,0.6008191547218831,eval,0.5980015,1.0,21,0.22499999999999998,0.09800148010253906
base,0.725,0.5,14,1,14,8,0.8393233626629595,eval,0.8148424,1.0,21,0.22499999999999998,0.3148424029350281
base,0.725,0.5,14,1,14,1,0.9072011363328323,eval,0.8765549,1.0,21,0.22499999999999998,0.3765549063682556
base,0.775,0.5,15,1,15,9,0.7925538628567643,eval,0.772321,1.0,21,0.275,0.2723209857940674
base,0.775,0.5,15,1,15,12,0.7472346328732713,eval,0.73111814,1.0,21,0.275,0.23111814260482788
base,0.775,0.5,15,1,15,8,0.586165110902335,eval,0.5846785,1.0,21,0.275,0.08467847108840942
base,0.775,0.5,15,1,15,1,0.6429569029986707,eval,0.6363118,1.0,21,0.275,0.1363118290901184
base,0.825,0.5,16,1,16,9,0.7929637473048593,eval,0.77269363,1.0,21,0.32499999999999996,0.2726936340332031
base,0.825,0.5,16,1,16,12,0.6784032613617612,eval,0.66853863,1.0,21,0.32499999999999996,0.1685386300086975
base,0.825,0.5,16,1,16,8,0.8036455371917013,eval,0.78240526,1.0,21,0.32499999999999996,0.2824052572250366
base,0.825,0.5,16,1,16,1,0.7588471978184781,eval,0.7416758,1.0,21,0.32499999999999996,0.24167579412460327
base,0.875,0.5,17,1,17,9,0.6845912051383966,eval,0.6741646,1.0,21,0.375,0.17416459321975708
base,0.875,0.5,17,1,17,12,0.8181772362058521,eval,0.795617,1.0,21,0.375,0.2956169843673706
base,0.875,0.5,17,1,17,8,0.9415066065629245,eval,0.90774435,1.0,21,0.375,0.4077443480491638
base,0.875,0.5,17,1,17,1,0.9685049988114022,eval,0.9322906,1.0,21,0.375,0.43229061365127563
base,0.925,0.5,18,1,18,9,1.0208406680141398,eval,0.9757189,1.0,21,0.42500000000000004,0.4757189154624939
base,0.925,0.5,18,1,18,12,0.8063930346013513,eval,0.7849031,1.0,21,0.42500000000000004,0.2849031090736389
base,0.925,0.5,18,1,18,8,0.7911567480523145,eval,0.77105075,1.0,21,0.42500000000000004,0.27105075120925903
base,0.925,0.5,18,1,18,1,0.9299054613825312,eval,0.89719707,1.0,21,0.42500000000000004,0.39719706773757935
base,0.975,0.5,19,1,19,9,0.9388141319695699,eval,0.9052965,1.0,21,0.475,0.4052965044975281
base,0.975,0.5,19,1,19,12,0.8690939300539855,eval,0.841909,1.0,21,0.475,0.3419089913368225
base,0.975,0.5,19,1,19,8,1.0111253748643376,eval,0.96891516,1.0,21,0.475,0.4689151644706726
base,0.975,0.5,19,1,19,1,1.1752392583645255,eval,1.0825557,1.0,21,0.475,0.5825556516647339
curv,0.025,0.25,0,0,20,9,-0.06023900581258609,eval,0.030596562,0.0,21,-0.225,-0.219403438270092
curv,0.025,0.25,0,0,20,12,-0.14699106806582,eval,-0.008374512,0.0,21,-0.225,-0.25837451219558716
curv,0.025,0.25,0,0,20,8,0.1542893050193805,eval,0.1874381,0.0,21,-0.225,-0.06256189942359924
curv,0.025,0.25,0,0,20,1,0.04385191925124656,eval,0.087031715,0.0,21,-0.225,-0.16296828538179398
curv,0.025,0.25,0,0,21,9,-0.012731674369381461,eval,0.05202339,0.0,21,-0.225,-0.19797661155462265
curv,0.025,0.25,0,0,21,12,0.1469354588732634,eval,0.18075222,0.0,21,-0.225,-0.0692477822303772
curv,0.025,0.25,0,0,21,8,0.07036712642569681,eval,0.111138575,0.0,21,-0.225,-0.13886142522096634
curv,0.025,0.25,0,0,21,1,-0.03831940901922267,eval,0.040482767,0.0,21,-0.225,-0.2095172330737114
curv,0.075,0.25,1,0,22,9,0.08882003031483213,eval,0.12791538,0.0,21,-0.175,-0.1220846176147461
curv,0.075,0.25,1,0,22,12,0.12590590847395516,eval,0.16163278,0.0,21,-0.175,-0.08836722373962402
curv,0.075,0.25,1,0,22,8,-0.09401599429769265,eval,0.015362449,0.0,21,-0.175,-0.234637551009655
curv,0.075,0.25,1,0,22,1,0.03724364947671917,eval,0.08102367,0.0,21,-0.175,-0.168976329267025
curv,0.075,0.25,1,0,23,9,0.22579094843471398,eval,0.2524453,1.0,21,-0.175,0.002445310354232788
curv,0.075,0.25,1,0,23,12,-0.11674640434564944,eval,0.0051445737,0.0,21,-0.175,-0.24485542625188828
curv,0.075,0.25,1,0,23,8,0.0021804972564751224,eval,0.058749072,0.0,21,-0.175,-0.19125092774629593
curv,0.075,0.25,1,0,23,1,-0.03411461176191956,eval,0.042379238,0.0,21,-0.175,-0.2076207622885704
curv,0.125,0.25,2,0,24,9,0.10840667969937974,eval,0.14572299,0.0,21,-0.125,-0.10427701473236084
curv,0.125,0.25,2,0,24,12,0.06531724059521243,eval,0.10654735,0.0,21,-0.125,-0.14345265179872513
curv,0.125,0.25,2,0,24,8,0.24823034025042634,eval,0.27284652,1.0,21,-0.125,0.022846519947052002
curv,0.125,0.25,2,0,24,1,-0.002768016638660803,eval,0.056517176,0.0,21,-0.125,-0.19348282366991043
curv,0.125,0.25,2,0,25,9,0.17224074969585104,eval,0.20375904,0.0,21,-0.125,-0.04624095559120178
curv,0.125,0.25,2,0,25,12,0.0579561400096926,eval,0.099854864,0.0,21,-0.125,-0.15014513581991196
curv,0.125,0.25,2,0,25,8,0.15483352450652943,eval,0.18793291,0.0,21,-0.125,-0.06206709146499634
curv,0.125,0.25,2,0,25,1,0.18804114907682318,eval,0.2181243,0.0,21,-0.125,-0.03187569975852966
curv,0.175,0.25,3,0,26,9,0.31235793768977616,eval,0.33114943,1.0,21,-0.07500000000000001,0.08114942908287048
curv,0.175,0.25,3,0,26,12,0.1059055871831403,eval,0.14344907,0.0,21,-0.07500000000000001,-0.10655093193054199
curv,0.175,0.25,3,0,26,8,0.17401410615100246,eval,0.20537132,0.0,21,-0.07500000000000001,-0.044628679752349854
curv,0.175,0.25,3,0,26,1,0.23311658124128057,eval,0.25910556,1.0,21,-0.07500000000000001,0.009105563163757324
curv,0.175,0.25,3,0,27,9,0.22835505312737925,eval,0.2547765,1.0,21,-0.07500000000000001,0.004776507616043091
curv,0.175,0.25,3,0,27,12,0.030311648744351605,eval,0.0747213,0.0,21,-0.07500000000000001,-0.1752787008881569
curv,0.175,0.25,3,0,27,8,0.219120059471549,eval,0.24638033,0.0,21,-0.07500000000000001,-0.003619670867919922
curv,0.175,0.25,3,0,27,1,0.30445588194411166,eval,0.32396513,1.0,21,-0.07500000000000001,0.07396513223648071
curv,0.225,0.25,4,0,28,9,0.3318564157418792,eval,0.3488769,1.0,21,-0.024999999999999994,0.09887689352035522
curv,0.225,0.25,4,0,28,12,0.30043857213684555,eval,0.3203127,1.0,21,-0.024999999999999994,0.07031270861625671
curv,0.225,0.25,4,0,28,8,0.2971048950005876,eval,0.31728184,1.0,21,-0.024999999999999994,0.06728184223175049
curv,0.225,0.25,4,0,28,1,0.1495394208740069,eval,0.18311965,0.0,21,-0.024999999999999994,-0.06688034534454346
curv,0.225,0.25,4,0,29,9,0.17734901410490445,eval,0.20840332,0.0,21,-0.024999999999999994,-0.041596680879592896
curv,0.225,0.25,4,0,29,12,0.1854136214492001,eval,0.21573544,0.0,21,-0.024999999999999994,-0.034264564514160156
curv,0.225,0.25,4,0,29,8,0.15415347634020068,eval,0.18731463,0.0,21,-0.024999999999999994,-0.06268537044525146
curv,0.225,0.25,4,0,29,1,0.3939107452443673,eval,0.40529484,1.0,21,-0.024999999999999994,0.15529483556747437
curv,0.275,0.25,5,1,30,9,0.3521049326473978,eval,0.36728626,1.0,21,0.025000000000000022,0.11728626489639282
curv,0.275,0.25,5,1,30,12,0.3218148909489514,eval,0.33974743,1.0,21,0.025000000000000022,0.08974742889404297
curv,0.275,0.25,5,1,30,8,0.2459599919927045,eval,0.2707824,1.0,21,0.025000000000000022,0.020782411098480225
curv,0.275,0.25,5,1,30,1,0.2462612292191334,eval,0.2710563,1.0,21,0.025000000000000022,0.021056294441223145
curv,0.325,0.25,6,1,31,9,0.31920239999303074,eval,0.33737224,1.0,21,0.07500000000000001,0.08737224340438843
curv,0.325,0.25,6,1,31,12,0.37767557651664274,eval,0.3905343,1.0,21,0.07500000000000001,0.14053431153297424
curv,0.325,0.25,6,1,31,8,0.339291364966682,eval,0.3556365,1.0,21,0.07500000000000001,0.10563650727272034
curv,0.325,0.25,6,1,31,1,0.4824408278844587,eval,0.4857838,1.0,21,0.07500000000000001,0.23578378558158875
curv,0.375,0.25,7,1,32,9,0.48244112374891795,eval,0.4857841,1.0,21,0.125,0.235784113407135
curv,0.375,0.25,7,1,32,12,0.5125445311670886,eval,0.51315314,1.0,21,0.125,0.2631531357765198
curv,0.375,0.25,7,1,32,8,0.3206042278212674,eval,0.33864674,1.0,21,0.125,0.08864673972129822
curv,0.375,0.25,7,1,32,1,0.3317214152817403,eval,0.34875417,1.0,21,0.125,0.0987541675567627
curv,0.425,0.25,8,1,33,9,0.32464404280078596,eval,0.34231958,1.0,21,0.175,0.09231957793235779
curv,0.425,0.25,8,1,33,12,0.24351277222568563,eval,0.26855746,1.0,21,0.175,0.018557459115982056
curv,0.425,0.25,8,1,33,8,0.4116548441462745,eval,0.42142728,1.0,21,0.175,0.17142727971076965
curv,0.425,0.25,8,1,33,1,0.3514516707657725,eval,0.36669233,1.0,21,0.175,0.11669233441352844
curv,0.475,0.25,9,1,34,9,0.39704422467572553,eval,0.40814373,1.0,21,0.22499999999999998,0.15814372897148132
curv,0.475,0.25,9,1,34,12,0.6488602111424955,eval,0.6370874,1.0,21,0.22499999999999998,0.3870874047279358
curv,0.475,0.25,9,1,34,8,0.6047871761181993,eval,0.5970174,1.0,21,0.22499999999999998,0.34701740741729736
curv,0.475,0.25,9,1,34,1,0.49997853715586665,eval,0.50172853,1.0,21,0.22499999999999998,0.25172853469848633
curv,0.525,0.25,10,1,35,9,0.6518731572705383,eval,0.6398266,1.0,21,0.275,0.38982659578323364
curv,0.525,0.25,10,1,35,12,0.6518815273891231,eval,0.6398342,1.0,21,0.275,0.3898342251777649
curv,0.525,0.25,10,1,35,8,0.4282180135307945,eval,0.43648598,1.0,21,0.275,0.18648597598075867
curv,0.525,0.25,10,1,35,1,0.6281453084869473,eval,0.618254,1.0,21,0.275,0.36825400590896606
curv,0.575,0.25,11,1,36,9,0.555391602743063,eval,0.55210847,1.0,21,0.32499999999999996,0.3021084666252136
curv,0.575,0.25,11,1,36,12,0.6323065992335506,eval,0.6220373,1.0,21,0.32499999999999996,0.37203729152679443
curv,0.575,0.25,11,1,36,8,0.767666270913514,eval,0.74510235,1.0,21,0.32499999999999996,0.4951023459434509
curv,0.575,0.25,11,1,36,1,0.5911009576715345,eval,0.58457434,1.0,21,0.32499999999999996,0.3345743417739868
curv,0.625,0.25,12,1,37,9,0.5891039353295531,eval,0.5827587,1.0,21,0.375,0.33275872468948364
curv,0.625,0.25,12,1,37,12,0.8633592229234116,eval,0.8280448,1.0,21,0.375,0.5780447721481323
curv,0.625,0.25,12,1,37,8,0.8129344377381986,eval,0.78479964,1.0,21,0.375,0.5347996354103088
curv,0.625,0.25,12,1,37,1,0.5664471175876663,eval,0.56215984,1.0,21,0.375,0.31215983629226685
curv,0.675,0.25,13,1,38,9,0.682757241935024,eval,0.6679055,1.0,21,0.42500000000000004,0.4179055094718933
curv,0.675,0.25,13,1,38,12,0.6954978597927232,eval,0.67948896,1.0,21,0.42500000000000004,0.4294889569282532
curv,0.675,0.25,13,1,38,8,0.503656056203569,eval,0.505072,1.0,21,0.42500000000000004,0.2550719976425171
curv,0.675,0.25,13,1,38,1,0.5408780285923331,eval,0.5389132,1.0,21,0.42500000000000004,0.28891319036483765
curv,0.725,0.25,14,1,39,9,0.6560502542647139,eval,0.64362437,1.0,21,0.475,0.39362436532974243
curv,0.725,0.25,14,1,39,12,0.8071478916070218,eval,0.7798371,1.0,21,0.475,0.5298370718955994
curv,0.725,0.25,14,1,39,8,0.7108977334886978,eval,0.69348997,1.0,21,0.475,0.4434899687767029
curv,0.725,0.25,14,1,39,1,0.5848479785082572,eval,0.57888937,1.0,21,0.475,0.3288893699645996
flat,0.275,0.75,0,0,40,9,0.40819413685305606,eval,0.42746416,0.0,21,-0.475,-0.32253584265708923
flat,0.275,0.75,0,0,40,12,0.20115860187320406,eval,0.24290815,0.0,21,-0.475,-0.5070918500423431
flat,0.275,0.75,0,0,40,8,0.30926915696456797,eval,0.33752447,0.0,21,-0.475,-0.4124755263328552
flat,0.275,0.75,0,0,40,1,0.3252682849874866,eval,0.3520704,0.0,21,-0.475,-0.3979296088218689
flat,0.325,0.75,1,0,41,9,0.20008373483240952,eval,0.24242333,0.0,21,-0.425,-0.5075766742229462
flat,0.325,0.75,1,0,41,12,0.4384357407951828,eval,0.45495892,0.0,21,-0.425,-0.2950410842895508
flat,0.325,0.75,1,0,41,8,0.24891289124935712,eval,0.28265032,0.0,21,-0.425,-0.46734967827796936
flat,0.325,0.75,1,0,41,1,0.4239713033285805,eval,0.44180828,0.0,21,-0.425,-0.30819171667099
flat,0.375,0.75,2,0,42,9,0.3599402001639595,eval,0.38359308,0.0,21,-0.375,-0.3664069175720215
flat,0.375,0.75,2,0,42,12,0.39178259697224144,eval,0.41254327,0.0,21,-0.375,-0.33745673298835754
flat,0.375,0.75,2,0,42,8,0.3008919496315271,eval,0.32990816,0.0,21,-0.375,-0.420091837644577
flat,0.375,0.75,2,0,42,1,0.3585705407374709,eval,0.38234782,0.0,21,-0.375,-0.36765217781066895
flat,0.425,0.75,3,0,43,9,0.45969527857023623,eval,0.47428748,0.0,21,-0.325,-0.2757125198841095
flat,0.425,0.75,3,0,43,12,0.37987998551439534,eval,0.40172175,0.0,21,-0.325,-0.3482782542705536
flat,0.425,0.75,3,0,43,8,0.40125843032654535,eval,0.4211584,0.0,21,-0.325,-0.32884159684181213
flat,0.425,0.75,3,0,43,1,0.3175635141771565,eval,0.34506544,0.0,21,-0.325,-0.4049345552921295
flat,0.475,0.75,4,0,44,9,0.46455529309334376,eval,0.47870603,0.0,21,-0.275,-0.271293967962265
flat,0.475,0.75,4,0,44,12,0.6866939198315876,eval,0.6806679,0.0,21,-0.275,-0.06933212280273438
flat,0.475,0.75,4,0,44,8,0.548917808711155,eval,0.5554059,0.0,21,-0.275,-0.19459408521652222
flat,0.475,0.75,4,0,44,1,0.5623042152621707,eval,0.56757647,0.0,21,-0.275,-0.18242353200912476
flat,0.525,0.75,5,0,45,9,0.4447712454632119,eval,0.460719,0.0,21,-0.22499999999999998,-0.2892810106277466
flat,0.525,0.75,5,0,45,12,0.49452003354591684,eval,0.5059491,0.0,21,-0.22499999999999998,-0.24405092000961304
flat,0.525,0.75,5,0,45,8,0.4738666161052906,eval,0.48717162,0.0,21,-0.22499999999999998,-0.26282837986946106
flat,0.525,0.75,5,0,45,1,0.39696060552854273,eval,0.41725096,0.0,21,-0.22499999999999998,-0.33274903893470764
flat,0.575,0.75,6,0,46,9,0.48816108032474786,eval,0.5001677,0.0,21,-0.17500000000000004,-0.24983227252960205
flat,0.575,0.75,6,0,46,12,0.5758861327608518,eval,0.5799247,0.0,21,-0.17500000000000004,-0.17007529735565186
flat,0.575,0.75,6,0,46,8,0.7576693811620117,eval,0.7451967,0.0,21,-0.17500000000000004,-0.004803299903869629
flat,0.575,0.75,6,0,46,1,0.5036931904940727,eval,0.514289,0.0,21,-0.17500000000000004,-0.2357109785079956
flat,0.625,0.75,7,0,47,9,0.6675394425820824,eval,0.66325325,0.0,21,-0.125,-0.08674675226211548
flat,0.625,0.75,7,0,47,12,0.6052720042673871,eval,0.6066415,0.0,21,-0.125,-0.1433585286140442
flat,0.625,0.75,7,0,47,8,0.6539974002338532,eval,0.6509412,0.0,21,-0.125,-0.09905880689620972
flat,0.625,0.75,7,0,47,1,0.6871017853540099,eval,0.6810387,0.0,21,-0.125,-0.06896132230758667
flat,0.675,0.75,8,0,48,9,0.57195195498333,eval,0.5763478,0.0,21,-0.07499999999999996,-0.17365217208862305
flat,0.675,0.75,8,0,48,12,0.5994329086763519,eval,0.6013328,0.0,21,-0.07499999999999996,-0.14866721630096436
flat,0.675,0.75,8,0,48,8,0.6647424715916677,eval,0.6607103,0.0,21,-0.07499999999999996,-0.08928972482681274
flat,0.675,0.75,8,0,48,1,0.44998588264254086,eval,0.46545997,0.0,21,-0.07499999999999996,-0.2845400273799896
flat,0.725,0.75,9,0,49,9,0.789624270571504,eval,0.7742492,1.0,21,-0.025000000000000022,0.02424919605255127
flat,0.725,0.75,9,0,49,12,0.7781272400530428,eval,0.7637964,1.0,21,-0.025000000000000022,0.013796389102935791
flat,0.725,0.75,9,0,49,8,0.8699259685131457,eval,0.8472571,1.0,21,-0.025000000000000022,0.09725707769393921
flat,0.725,0.75,9,0,49,1,0.7636369597566306,eval,0.7506222,1.0,21,-0.025000000000000022,0.0006222128868103027
flat,0.775,0.75,10,1,50,9,0.6225851636354708,eval,0.6223821,0.0,21,0.025000000000000022,-0.12761789560317993
flat,0.775,0.75,10,1,50,12,0.8488409603732732,eval,0.82808715,1.0,21,0.025000000000000022,0.07808715105056763
flat,0.775,0.75,10,1,50,8,0.8376281195060352,eval,0.8178928,1.0,21,0.025000000000000022,0.06789278984069824
flat,0.775,0.75,10,1,50,1,0.7168359163590498,eval,0.7080721,0.0,21,0.025000000000000022,-0.041927874088287354
flat,0.775,0.75,10,1,51,9,0.7195016903283316,eval,0.71049577,0.0,21,0.025000000000000022,-0.03950423002243042
flat,0.775,0.75,10,1,51,12,0.8104372527738726,eval,0.79317164,1.0,21,0.025000000000000022,0.04317164421081543
flat,0.775,0.75,10,1,51,8,0.8119286775687574,eval,0.79452765,1.0,21,0.025000000000000022,0.044527649879455566
flat,0.775,0.75,10,1,51,1,0.7859279697477815,eval,0.7708885,1.0,21,0.025000000000000022,0.02088850736618042
flat,0.825,0.75,11,1,52,9,0.8286306022369746,eval,0.8097126,1.0,21,0.07499999999999996,0.05971258878707886
flat,0.825,0.75,11,1,52,12,0.5889421738555064,eval,0.59179485,0.0,21,0.07499999999999996,-0.15820515155792236
flat,0.825,0.75,11,1,52,8,0.7918859617230475,eval,0.7763054,1.0,21,0.07499999999999996,0.02630537748336792
flat,0.825,0.75,11,1,52,1,0.8174298473779177,eval,0.79952914,1.0,21,0.07499999999999996,0.04952913522720337
flat,0.825,0.75,11,1,53,9,0.6997848056555384,eval,0.69256973,0.0,21,0.07499999999999996,-0.057430267333984375
flat,0.825,0.75,11,1,53,12,0.9257997003423085,eval,0.89805585,1.0,21,0.07499999999999996,0.14805585145950317
flat,0.825,0.75,11,1,53,8,1.006398561389275,eval,0.97043514,1.0,21,0.07499999999999996,0.22043514251708984
flat,0.825,0.75,11,1,53,1,0.8452114395043959,eval,0.8247873,1.0,21,0.07499999999999996,0.07478731870651245
flat,0.875,0.75,12,1,54,9,0.9402010863526592,eval,0.9111492,1.0,21,0.125,0.16114920377731323
flat,0.875,0.75,12,1,54,12,0.8399761650176906,eval,0.82002765,1.0,21,0.125,0.07002764940261841
flat,0.875,0.75,12,1,54,8,0.9561821589739987,eval,0.9256787,1.0,21,0.125,0.17567867040634155
flat,0.875,0.75,12,1,54,1,0.9444171936707009,eval,0.91498226,1.0,21,0.125,0.16498225927352905
flat,0.875,0.75,12,1,55,9,0.8731461186690498,eval,0.85018474,1.0,21,0.125,0.10018473863601685
flat,0.875,0.75,12,1,55,12,0.7533676588110694,eval,0.7412856,0.0,21,0.125,-0.008714377880096436
flat,0.875,0.75,12,1,55,8,0.8546588664055288,eval,0.83337665,1.0,21,0.125,0.08337664604187012
flat,0.875,0.75,12,1,55,1,0.7991630249101591,eval,0.7829215,1.0,21,0.125,0.03292149305343628
flat,0.925,0.75,13,1,56,9,0.8213926318410458,eval,0.80313206,1.0,21,0.17500000000000004,0.053132057189941406
flat,0.925,0.75,13,1,56,12,0.9853280959050975,eval,0.9521773,1.0,21,0.17500000000000004,0.2021772861480713
flat,0.925,0.75,13,1,56,8,0.7672800849317296,eval,0.7539345,1.0,21,0.17500000000000004,0.003934502601623535
flat,0.925,0.75,13,1,56,1,1.0670982022311917,eval,1.0129441,1.0,21,0.17500000000000004,0.2629441022872925
flat,0.925,0.75,13,1,57,9,0.7731111770249605,eval,0.7592359,1.0,21,0.17500000000000004,0.009235918521881104
flat,0.925,0.75,13,1,57,12,0.9812849420373864,eval,0.9485013,1.0,21,0.17500000000000004,0.19850128889083862
flat,0.925,0.75,13,1,57,8,0.9622951541761923,eval,0.9312364,1.0,21,0.17500000000000004,0.1812363862991333
flat,0.925,0.75,13,1,57,1,0.9976093788947765,eval,0.963343,1.0,21,0.17500000000000004,0.21334302425384521
flat,0.975,0.75,14,1,58,9,0.8184410628627359,eval,0.8004485,1.0,21,0.22499999999999998,0.050448477268218994
flat,0.975,0.75,14,1,58,12,0.8706926297718663,eval,0.8479541,1.0,21,0.22499999999999998,0.09795409440994263
flat,0.975,0.75,14,1,58,8,0.8606259907898409,eval,0.8388018,1.0,21,0.22499999999999998,0.0888018012046814
flat,0.975,0.75,14,1,58,1,1.0593732662303268,eval,1.0075343,1.0,21,0.22499999999999998,0.2575342655181885
flat,0.975,0.75,14,1,59,9,0.9801033945130329,eval,0.9474271,1.0,21,0.22499999999999998,0.19742709398269653
flat,0.975,0.75,14,1,59,12,1.2222435678832566,eval,1.121595,1.0,21,0.22499999999999998,0.37159502506256104
flat,0.975,0.75,14,1,59,8,0.8034054048241679,eval,0.7867785,1.0,21,0.22499999999999998,0.03677850961685181
flat,0.975,0.75,14,1,59,1,1.0914863981111027,eval,1.0300237,1.0,21,0.22499999999999998,0.2800236940383911
base,0.025,0.5,0,0,0,9,-0.002915150546776414,eval,0.16934952,0.0,22,-0.475,-0.3306504786014557
base,0.025,0.5,0,0,0,12,0.06907067447635609,eval,0.17659609,0.0,22,-0.475,-0.32340390980243683
base,0.025,0.5,0,0,0,8,0.07970956613393337,eval,0.17766708,0.0,22,-0.475,-0.3223329186439514
base,0.025,0.5,0,0,0,1,-0.018643524714322124,eval,0.16776621,0.0,22,-0.475,-0.3322337865829468
base,0.075,0.5,1,0,1,9,0.10314711025906223,eval,0.18002644,0.0,22,-0.425,-0.31997355818748474
base,0.075,0.5,1,0,1,12,0.10925153909534122,eval,0.18064097,0.0,22,-0.425,-0.31935903429985046
base,0.075,0.5,1,0,1,8,0.2513759069559374,eval,0.26548558,0.0,22,-0.425,-0.23451441526412964
base,0.075,0.5,1,0,1,1,-0.041980190777286416,eval,0.16541699,0.0,22,-0.425,-0.33458301424980164
base,0.125,0.5,2,0,2,9,0.2532481233683165,eval,0.26729465,0.0,22,-0.375,-0.23270535469055176
base,0.125,0.5,2,0,2,12,0.17239470669880136,eval,0.18916783,0.0,22,-0.375,-0.3108321726322174
base,0.125,0.5,2,0,2,8,0.07632387892071708,eval,0.17732625,0.0,22,-0.375,-0.3226737529039383
base,0.125,0.5,2,0,2,1,0.2989367877130134,eval,0.31144258,0.0,22,-0.375,-0.18855741620063782
base,0.175,0.5,3,0,3,9,0.2032451825285249,eval,0.21897796,0.0,22,-0.325,-0.2810220420360565
base,0.175,0.5,3,0,3,12,0.1482691568046723,eval,0.18456873,0.0,22,-0.325,-0.31543126702308655
base,0.175,0.5,3,0,3,8,0.18441541561970465,eval,0.20078316,0.0,22,-0.325,-0.2992168366909027
base,0.175,0.5,3,0,3,1,0.1254089271557848,eval,0.18226747,0.0,22,-0.325,-0.3177325278520584
base,0.225,0.5,4,0,4,9,0.3056019527170751,eval,0.317883,0.0,22,-0.275,-0.18211698532104492
base,0.225,0.5,4,0,4,12,0.3438327862596402,eval,0.3548246,0.0,22,-0.275,-0.14517539739608765
base,0.225,0.5,4,0,4,8,0.15444720452789168,eval,0.18519065,0.0,22,-0.275,-0.3148093521595001
base,0.225,0.5,4,0,4,1,0.2578969629460202,eval,0.27178675,0.0,22,-0.275,-0.22821325063705444
base,0.275,0.5,5,0,5,9,0.15241172947768455,eval,0.18498574,0.0,22,-0.22499999999999998,-0.3150142580270767
base,0.275,0.5,5,0,5,12,0.24014279349858433,eval,0.25463128,0.0,22,-0.22499999999999998,-0.24536871910095215
base,0.275,0.5,5,0,5,8,0.15737429350797189,eval,0.18548532,0.0,22,-0.22499999999999998,-0.3145146816968918
base,0.275,0.5,5,0,5,1,0.24914274545260762,eval,0.26332775,0.0,22,-0.22499999999999998,-0.23667225241661072
base,0.325,0.5,6,0,6,9,0.32274678225324427,eval,0.33444965,0.0,22,-0.175,-0.1655503511428833
base,0.325,0.5,6,0,6,12,0.17876480748448073,eval,0.19532311,0.0,22,-0.175,-0.30467689037323
base,0.325,0.5,6,0,6,8,0.2536892033263042,eval,0.26772088,0.0,22,-0.175,-0.23227912187576294
base,0.325,0.5,6,0,6,1,0.48334728788021225,eval,0.48963434,0.0,22,-0.175,-0.010365664958953857
base,0.375,0.5,7,0,7,9,0.3874211319304505,eval,0.39694303,0.0,22,-0.125,-0.10305696725845337
base,0.375,0.5,7,0,7,12,0.4599783613618451,eval,0.46705347,0.0,22,-0.125,-0.03294652700424194
base,0.375,0.5,7,0,7,8,0.3405001475914213,eval,0.35160434,0.0,22,-0.125,-0.14839565753936768
base,0.375,0.5,7,0,7,1,0.5070360987081839,eval,0.51252425,1.0,22,-0.125,0.012524247169494629
base,0.425,0.5,8,0,8,9,0.5112246184619911,eval,0.5165716,1.0,22,-0.07500000000000001,0.01657158136367798
base,0.425,0.5,8,0,8,12,0.6100702779951481,eval,0.6120839,1.0,22,-0.07500000000000001,0.11208391189575195
base,0.425,0.5,8,0,8,8,0.5605438028669814,eval,0.5642276,1.0,22,-0.07500000000000001,0.06422758102416992
base,0.425,0.5,8,0,8,1,0.4883352622824915,eval,0.4944541,0.0,22,-0.07500000000000001,-0.005545914173126221
base,0.475,0.5,9,0,9,9,0.4866060673431017,eval,0.49278325,0.0,22,-0.025000000000000022,-0.007216751575469971
base,0.475,0.5,9,0,9,12,0.3789848880709369,eval,0.3887913,0.0,22,-0.025000000000000022,-0.1112087070941925
base,0.475,0.5,9,0,9,8,0.4752211602573378,eval,0.48178226,0.0,22,-0.025000000000000022,-0.018217742443084717
base,0.475,0.5,9,0,9,1,0.2546490119353349,eval,0.26864833,0.0,22,-0.025000000000000022,-0.23135167360305786
base,0.525,0.5,10,1,10,9,0.6054078958119873,eval,0.60757875,1.0,22,0.025000000000000022,0.10757875442504883
base,0.525,0.5,10,1,10,12,0.5148368870407144,eval,0.520062,1.0,22,0.025000000000000022,0.020062029361724854
base,0.525,0.5,10,1,10,8,0.44594551903321245,eval,0.45349383,0.0,22,0.025000000000000022,-0.04650616645812988
base,0.525,0.5,10,1,10,1,0.5302028974259887,eval,0.53490984,1.0,22,0.025000000000000022,0.034909844398498535
base,0.575,0.5,11,1,11,9,0.5245800752222866,eval,0.52947664,1.0,22,0.07499999999999996,0.029476642608642578
base,0.575,0.5,11,1,11,12,0.5064557989281973,eval,0.51196355,1.0,22,0.07499999999999996,0.01196354627609253
base,0.575,0.5,11,1,11,8,0.5891877828241733,eval,0.59190565,1.0,22,0.07499999999999996,0.09190565347671509
base,0.575,0.5,11,1,11,1,0.6433686190776534,eval,0.64425933,1.0,22,0.07499999999999996,0.14425933361053467
base,0.625,0.5,12,1,12,9,0.6607954906213157,eval,0.66109854,1.0,22,0.125,0.16109853982925415
base,0.625,0.5,12,1,12,12,0.5869416749872484,eval,0.5897352,1.0,22,0.125,0.08973520994186401
base,0.625,0.5,12,1,12,8,0.6467571355560034,eval,0.6475336,1.0,22,0.125,0.1475335955619812
base,0.625,0.5,12,1,12,1,0.7253961575842169,eval,0.72352076,1.0,22,0.125,0.22352075576782227
base,0.675,0.5,13,1,13,9,0.7164866401254424,eval,0.7149116,1.0,22,0.17500000000000004,0.2149115800857544
base,0.675,0.5,13,1,13,12,0.6796092971779658,eval,0.67927796,1.0,22,0.17500000000000004,0.1792779564857483
base,0.675,0.5,13,1,13,8,0.6073767944025039,eval,0.6094813,1.0,22,0.17500000000000004,0.10948127508163452
base,0.675,0.5,13,1,13,1,0.61320929552924,eval,0.6151171,1.0,22,0.17500000000000004,0.11511707305908203
base,0.725,0.5,14,1,14,9,0.6000224275413348,eval,0.6023749,1.0,22,0.22499999999999998,0.10237491130828857
base,0.725,0.5,14,1,14,12,0.6008191547218831,eval,0.60314476,1.0,22,0.22499999999999998,0.10314476490020752
base,0.725,0.5,14,1,14,8,0.8393233626629595,eval,0.833606,1.0,22,0.22499999999999998,0.3336060047149658
base,0.725,0.5,14,1,14,1,0.9072011363328323,eval,0.8991947,1.0,22,0.22499999999999998,0.39919471740722656
base,0.775,0.5,15,1,15,9,0.7925538628567643,eval,0.78841364,1.0,22,0.275,0.2884136438369751
base,0.775,0.5,15,1,15,12,0.7472346328732713,eval,0.7446228,1.0,22,0.275,0.2446228265762329
base,0.775,0.5,15,1,15,8,0.586165110902335,eval,0.5889849,1.0,22,0.275,0.0889849066734314
base,0.775,0.5,15,1,15,1,0.6429569029986707,eval,0.64386153,1.0,22,0.275,0.1438615322113037
base,0.825,0.5,16,1,16,9,0.7929637473048593,eval,0.7888098,1.0,22,0.32499999999999996,0.28880977630615234
base,0.825,0.5,16,1,16,12,0.6784032613617612,eval,0.6781125,1.0,22,0.32499999999999996,0.17811250686645508
base,0.825,0.5,16,1,16,8,0.8036455371917013,eval,0.79913133,1.0,22,0.32499999999999996,0.2991313338279724
base,0.825,0.5,16,1,16,1,0.7588471978184781,eval,0.75584364,1.0,22,0.32499999999999996,0.2558436393737793
base,0.875,0.5,17,1,17,9,0.6845912051383966,eval,0.6840918,1.0,22,0.375,0.18409180641174316
base,0.875,0.5,17,1,17,12,0.8181772362058521,eval,0.81317294,1.0,22,0.375,0.31317293643951416
base,0.875,0.5,17,1,17,8,0.9415066065629245,eval,0.9323435,1.0,22,0.375,0.4323434829711914
base,0.875,0.5,17,1,17,1,0.9685049988114022,eval,0.9584314,1.0,22,0.375,0.4584314227104187
base,0.925,0.5,18,1,18,9,1.0208406680141398,eval,1.0090021,1.0,22,0.42500000000000004,0.5090020895004272
base,0.925,0.5,18,1,18,12,0.8063930346013513,eval,0.8017862,1.0,22,0.42500000000000004,0.3017861843109131
base,0.925,0.5,18,1,18,8,0.7911567480523145,eval,0.7870637,1.0,22,0.42500000000000004,0.28706371784210205
base,0.925,0.5,18,1,18,1,0.9299054613825312,eval,0.9211335,1.0,22,0.42500000000000004,0.42113351821899414
base,0.975,0.5,19,1,19,9,0.9388141319695699,eval,0.92974174,1.0,22,0.475,0.4297417402267456
base,0.975,0.5,19,1,19,12,0.8690939300539855,eval,0.86237264,1.0,22,0.475,0.36237263679504395
base,0.975,0.5,19,1,19,8,1.0111253748643376,eval,0.9996146,1.0,22,0.475,0.4996145963668823
base,0.975,0.5,19,1,19,1,1.1752392583645255,eval,1.1581941,1.0,22,0.475,0.6581940650939941
curv,0.025,0.25,0,0,20,9,-0.06023900581258609,eval,0.14992194,0.0,22,-0.225,-0.10007806122303009
curv,0.025,0.25,0,0,20,12,-0.14699106806582,eval,0.13955224,0.0,22,-0.225,-0.11044776439666748
curv,0.025,0.25,0,0,20,8,0.1542893050193805,eval,0.17556506,0.0,22,-0.225,-0.07443493604660034
curv,0.025,0.25,0,0,20,1,0.04385191925124656,eval,0.16236418,0.0,22,-0.225,-0.0876358151435852
curv,0.025,0.25,0,0,21,9,-0.012731674369381461,eval,0.1556006,0.0,22,-0.225,-0.09439939260482788
curv,0.025,0.25,0,0,21,12,0.1469354588732634,eval,0.17468604,0.0,22,-0.225,-0.07531395554542542
curv,0.025,0.25,0,0,21,8,0.07036712642569681,eval,0.16553363,0.0,22,-0.225,-0.0844663679599762
curv,0.025,0.25,0,0,21,1,-0.03831940901922267,eval,0.15254205,0.0,22,-0.225,-0.09745794534683228
curv,0.075,0.25,1,0,22,9,0.08882003031483213,eval,0.16773936,0.0,22,-0.175,-0.08226063847541809
curv,0.075,0.25,1,0,22,12,0.12590590847395516,eval,0.17217232,0.0,22,-0.175,-0.07782767713069916
curv,0.075,0.25,1,0,22,8,-0.09401599429769265,eval,0.14588448,0.0,22,-0.175,-0.10411551594734192
curv,0.075,0.25,1,0,22,1,0.03724364947671917,eval,0.1615743,0.0,22,-0.175,-0.08842569589614868
curv,0.075,0.25,1,0,23,9,0.22579094843471398,eval,0.20556992,0.0,22,-0.175,-0.04443007707595825
curv,0.075,0.25,1,0,23,12,-0.11674640434564944,eval,0.14316747,0.0,22,-0.175,-0.10683253407478333
curv,0.075,0.25,1,0,23,8,0.0021804972564751224,eval,0.15738311,0.0,22,-0.175,-0.09261688590049744
curv,0.075,0.25,1,0,23,1,-0.03411461176191956,eval,0.15304466,0.0,22,-0.175,-0.09695534408092499
curv,0.125,0.25,2,0,24,9,0.10840667969937974,eval,0.1700806,0.0,22,-0.125,-0.07991939783096313
curv,0.125,0.25,2,0,24,12,0.06531724059521243,eval,0.16493002,0.0,22,-0.125,-0.08506998419761658
curv,0.125,0.25,2,0,24,8,0.24823034025042634,eval,0.2272526,0.0,22,-0.125,-0.022747397422790527
curv,0.125,0.25,2,0,24,1,-0.002768016638660803,eval,0.1567916,0.0,22,-0.125,-0.09320840239524841
curv,0.125,0.25,2,0,25,9,0.17224074969585104,eval,0.17771086,0.0,22,-0.125,-0.07228913903236389
curv,0.125,0.25,2,0,25,12,0.0579561400096926,eval,0.16405012,0.0,22,-0.125,-0.08594988286495209
curv,0.125,0.25,2,0,25,8,0.15483352450652943,eval,0.17563012,0.0,22,-0.125,-0.074369877576828
curv,0.125,0.25,2,0,25,1,0.18804114907682318,eval,0.17959951,0.0,22,-0.125,-0.07040049135684967
curv,0.175,0.25,3,0,26,9,0.31235793768977616,eval,0.28921765,1.0,22,-0.07500000000000001,0.03921765089035034
curv,0.175,0.25,3,0,26,12,0.1059055871831403,eval,0.16978164,0.0,22,-0.07500000000000001,-0.0802183598279953
curv,0.175,0.25,3,0,26,8,0.17401410615100246,eval,0.17792283,0.0,22,-0.07500000000000001,-0.07207717001438141
curv,0.175,0.25,3,0,26,1,0.23311658124128057,eval,0.21264853,0.0,22,-0.07500000000000001,-0.03735147416591644
curv,0.175,0.25,3,0,27,9,0.22835505312737925,eval,0.20804757,0.0,22,-0.07500000000000001,-0.041952431201934814
curv,0.175,0.25,3,0,27,12,0.030311648744351605,eval,0.1607457,0.0,22,-0.07500000000000001,-0.08925430476665497
curv,0.175,0.25,3,0,27,8,0.219120059471549,eval,0.19912401,0.0,22,-0.07500000000000001,-0.05087599158287048
curv,0.175,0.25,3,0,27,1,0.30445588194411166,eval,0.2815821,1.0,22,-0.07500000000000001,0.03158208727836609
curv,0.225,0.25,4,0,28,9,0.3318564157418792,eval,0.30805862,1.0,22,-0.024999999999999994,0.05805861949920654
curv,0.225,0.25,4,0,28,12,0.30043857213684555,eval,0.27770025,1.0,22,-0.024999999999999994,0.02770024538040161
curv,0.225,0.25,4,0,28,8,0.2971048950005876,eval,0.27447897,1.0,22,-0.024999999999999994,0.0244789719581604
curv,0.225,0.25,4,0,28,1,0.1495394208740069,eval,0.1749973,0.0,22,-0.024999999999999994,-0.07500270009040833
curv,0.225,0.25,4,0,29,9,0.17734901410490445,eval,0.17832147,0.0,22,-0.024999999999999994,-0.0716785341501236
curv,0.225,0.25,4,0,29,12,0.1854136214492001,eval,0.17928545,0.0,22,-0.024999999999999994,-0.0707145482301712
curv,0.225,0.25,4,0,29,8,0.15415347634020068,eval,0.17554885,0.0,22,-0.024999999999999994,-0.07445114850997925
curv,0.225,0.25,4,0,29,1,0.3939107452443673,eval,0.3680203,1.0,22,-0.024999999999999994,0.11802029609680176
curv,0.275,0.25,5,1,30,9,0.3521049326473978,eval,0.32762432,1.0,22,0.025000000000000022,0.07762432098388672
curv,0.275,0.25,5,1,30,12,0.3218148909489514,eval,0.2983557,1.0,22,0.025000000000000022,0.048355698585510254
curv,0.275,0.25,5,1,30,8,0.2459599919927045,eval,0.22505882,0.0,22,0.025000000000000022,-0.024941176176071167
curv,0.275,0.25,5,1,30,1,0.2462612292191334,eval,0.2253499,0.0,22,0.025000000000000022,-0.024650096893310547
curv,0.325,0.25,6,1,31,9,0.31920239999303074,eval,0.29583132,1.0,22,0.07500000000000001,0.04583132266998291
curv,0.325,0.25,6,1,31,12,0.37767557651664274,eval,0.3523326,1.0,22,0.07500000000000001,0.10233259201049805
curv,0.325,0.25,6,1,31,8,0.339291364966682,eval,0.31524283,1.0,22,0.07500000000000001,0.06524282693862915
curv,0.325,0.25,6,1,31,1,0.4824408278844587,eval,0.45356494,1.0,22,0.07500000000000001,0.20356494188308716
curv,0.375,0.25,7,1,32,9,0.48244112374891795,eval,0.45356524,1.0,22,0.125,0.20356523990631104
curv,0.375,0.25,7,1,32,12,0.5125445311670886,eval,0.4826535,1.0,22,0.125,0.23265349864959717
curv,0.375,0.25,7,1,32,8,0.3206042278212674,eval,0.2971859,1.0,22,0.125,0.04718589782714844
curv,0.375,0.25,7,1,32,1,0.3317214152817403,eval,0.3079282,1.0,22,0.125,0.05792820453643799
curv,0.425,0.25,8,1,33,9,0.32464404280078596,eval,0.30108944,1.0,22,0.175,0.05108943581581116
curv,0.425,0.25,8,1,33,12,0.24351277222568563,eval,0.22269413,0.0,22,0.175,-0.02730587124824524
curv,0.425,0.25,8,1,33,8,0.4116548441462745,eval,0.38516602,1.0,22,0.175,0.1351660192012787
curv,0.425,0.25,8,1,33,1,0.3514516707657725,eval,0.32699305,1.0,22,0.175,0.07699304819107056
curv,0.475,0.25,9,1,34,9,0.39704422467572553,eval,0.3710481,1.0,22,0.22499999999999998,0.12104809284210205
curv,0.475,0.25,9,1,34,12,0.6488602111424955,eval,0.6143723,1.0,22,0.22499999999999998,0.3643723130226135
curv,0.475,0.25,9,1,34,8,0.6047871761181993,eval,0.5717855,1.0,22,0.22499999999999998,0.32178550958633423
curv,0.475,0.25,9,1,34,1,0.49997853715586665,eval,0.47051126,1.0,22,0.22499999999999998,0.22051125764846802
curv,0.525,0.25,10,1,35,9,0.6518731572705383,eval,0.61728364,1.0,22,0.275,0.3672836422920227
curv,0.525,0.25,10,1,35,12,0.6518815273891231,eval,0.6172917,1.0,22,0.275,0.3672916889190674
curv,0.525,0.25,10,1,35,8,0.4282180135307945,eval,0.40117067,1.0,22,0.275,0.15117067098617554
curv,0.525,0.25,10,1,35,1,0.6281453084869473,eval,0.594356,1.0,22,0.275,0.3443560004234314
curv,0.575,0.25,11,1,36,9,0.555391602743063,eval,0.52405566,1.0,22,0.32499999999999996,0.2740556597709656
curv,0.575,0.25,11,1,36,12,0.6323065992335506,eval,0.59837687,1.0,22,0.32499999999999996,0.3483768701553345
curv,0.575,0.25,11,1,36,8,0.767666270913514,eval,0.72917193,1.0,22,0.32499999999999996,0.4791719317436218
curv,0.575,0.25,11,1,36,1,0.5911009576715345,eval,0.5585608,1.0,22,0.32499999999999996,0.3085607886314392
curv,0.625,0.25,12,1,37,9,0.5891039353295531,eval,0.55663115,1.0,22,0.375,0.3066311478614807
curv,0.625,0.25,12,1,37,12,0.8633592229234116,eval,0.82163787,1.0,22,0.375,0.5716378688812256
curv,0.625,0.25,12,1,37,8,0.8129344377381986,eval,0.7729136,1.0,22,0.375,0.5229135751724243
curv,0.625,0.25,12,1,37,1,0.5664471175876663,eval,0.5347384,1.0,22,0.375,0.2847384214401245
curv,0.675,0.25,13,1,38,9,0.682757241935024,eval,0.64712626,1.0,22,0.42500000000000004,0.3971262574195862
curv,0.675,0.25,13,1,38,12,0.6954978597927232,eval,0.6594372,1.0,22,0.42500000000000004,0.4094371795654297
curv,0.675,0.25,13,1,38,8,0.503656056203569,eval,0.4740647,1.0,22,0.42500000000000004,0.22406470775604248
curv,0.675,0.25,13,1,38,1,0.5408780285923331,eval,0.5100315,1.0,22,0.42500000000000004,0.260031521320343
curv,0.725,0.25,14,1,39,9,0.6560502542647139,eval,0.62131983,1.0,22,0.475,0.37131983041763306
curv,0.725,0.25,14,1,39,12,0.8071478916070218,eval,0.7673222,1.0,22,0.475,0.5173221826553345
curv,0.725,0.25,14,1,39,8,0.7108977334886978,eval,0.6743178,1.0,22,0.475,0.42431777715682983
curv,0.725,0.25,14,1,39,1,0.5848479785082572,eval,0.5525187,1.0,22,0.475,0.30251872539520264
flat,0.275,0.75,0,0,40,9,0.40819413685305606,eval,0.452209,0.0,22,-0.475,-0.2977910041809082
flat,0.275,0.75,0,0,40,12,0.20115860187320406,eval,0.2521552,0.0,22,-0.475,-0.49784478545188904
flat,0.275,0.75,0,0,40,8,0.30926915696456797,eval,0.35662,0.0,22,-0.475,-0.39337998628616333
flat,0.275,0.75,0,0,40,1,0.3252682849874866,eval,0.37207967,0.0,22,-0.475,-0.37792032957077026
flat,0.325,0.75,1,0,41,9,0.20008373483240952,eval,0.2511166,0.0,22,-0.425,-0.4988833963871002
flat,0.325,0.75,1,0,41,12,0.4384357407951828,eval,0.48143077,0.0,22,-0.425,-0.2685692310333252
flat,0.325,0.75,1,0,41,8,0.24891289124935712,eval,0.2982991,0.0,22,-0.425,-0.451700896024704
flat,0.325,0.75,1,0,41,1,0.4239713033285805,eval,0.46745414,0.0,22,-0.425,-0.28254586458206177
flat,0.375,0.75,2,0,42,9,0.3599402001639595,eval,0.4055823,0.0,22,-0.375,-0.3444176912307739
flat,0.375,0.75,2,0,42,12,0.39178259697224144,eval,0.43635088,0.0,22,-0.375,-0.31364911794662476
flat,0.375,0.75,2,0,42,8,0.3008919496315271,eval,0.3485253,0.0,22,-0.375,-0.4014747142791748
flat,0.375,0.75,2,0,42,1,0.3585705407374709,eval,0.40425885,0.0,22,-0.375,-0.3457411527633667
flat,0.425,0.75,3,0,43,9,0.45969527857023623,eval,0.50197345,0.0,22,-0.325,-0.2480265498161316
flat,0.425,0.75,3,0,43,12,0.37987998551439534,eval,0.4248497,0.0,22,-0.325,-0.3251503109931946
flat,0.425,0.75,3,0,43,8,0.40125843032654535,eval,0.44550723,0.0,22,-0.325,-0.3044927716255188
flat,0.425,0.75,3,0,43,1,0.3175635141771565,eval,0.36463466,0.0,22,-0.325,-0.3853653371334076
flat,0.475,0.75,4,0,44,9,0.46455529309334376,eval,0.5066695,0.0,22,-0.275,-0.2433304786682129
flat,0.475,0.75,4,0,44,12,0.6866939198315876,eval,0.72131705,0.0,22,-0.275,-0.028682947158813477
flat,0.475,0.75,4,0,44,8,0.548917808711155,eval,0.58818716,0.0,22,-0.275,-0.16181284189224243
flat,0.475,0.75,4,0,44,1,0.5623042152621707,eval,0.60112214,0.0,22,-0.275,-0.14887785911560059
flat,0.525,0.75,5,0,45,9,0.4447712454632119,eval,0.4875527,0.0,22,-0.22499999999999998,-0.2624472975730896
flat,0.525,0.75,5,0,45,12,0.49452003354591684,eval,0.5356238,0.0,22,-0.22499999999999998,-0.21437621116638184
flat,0.525,0.75,5,0,45,8,0.4738666161052906,eval,0.51566684,0.0,22,-0.22499999999999998,-0.23433315753936768
flat,0.525,0.75,5,0,45,1,0.39696060552854273,eval,0.44135433,0.0,22,-0.22499999999999998,-0.30864566564559937
flat,0.575,0.75,6,0,46,9,0.48816108032474786,eval,0.5294793,0.0,22,-0.17500000000000004,-0.22052067518234253
flat,0.575,0.75,6,0,46,12,0.5758861327608518,eval,0.614246,0.0,22,-0.17500000000000004,-0.13575398921966553
flat,0.575,0.75,6,0,46,8,0.7576693811620117,eval,0.7898991,1.0,22,-0.17500000000000004,0.03989911079406738
flat,0.575,0.75,6,0,46,1,0.5036931904940727,eval,0.5444876,0.0,22,-0.17500000000000004,-0.2055124044418335
flat,0.625,0.75,7,0,47,9,0.6675394425820824,eval,0.70280856,0.0,22,-0.125,-0.04719144105911255
flat,0.625,0.75,7,0,47,12,0.6052720042673871,eval,0.64264095,0.0,22,-0.125,-0.10735905170440674
flat,0.625,0.75,7,0,47,8,0.6539974002338532,eval,0.6897232,0.0,22,-0.125,-0.060276806354522705
flat,0.625,0.75,7,0,47,1,0.6871017853540099,eval,0.72171116,0.0,22,-0.125,-0.028288841247558594
flat,0.675,0.75,8,0,48,9,0.57195195498333,eval,0.61044455,0.0,22,-0.07499999999999996,-0.1395554542541504
flat,0.675,0.75,8,0,48,12,0.5994329086763519,eval,0.6369987,0.0,22,-0.07499999999999996,-0.11300128698348999
flat,0.675,0.75,8,0,48,8,0.6647424715916677,eval,0.7001059,0.0,22,-0.07499999999999996,-0.049894094467163086
flat,0.675,0.75,8,0,48,1,0.44998588264254086,eval,0.49259144,0.0,22,-0.07499999999999996,-0.2574085593223572
flat,0.725,0.75,9,0,49,9,0.789624270571504,eval,0.82077646,1.0,22,-0.025000000000000022,0.07077646255493164
flat,0.725,0.75,9,0,49,12,0.7781272400530428,eval,0.8096671,1.0,22,-0.025000000000000022,0.059667110443115234
flat,0.725,0.75,9,0,49,8,0.8699259685131457,eval,0.89837015,1.0,22,-0.025000000000000022,0.1483701467514038
flat,0.725,0.75,9,0,49,1,0.7636369597566306,eval,0.79566544,1.0,22,-0.025000000000000022,0.045665442943573
flat,0.775,0.75,10,1,50,9,0.6225851636354708,eval,0.6593703,0.0,22,0.025000000000000022,-0.0906296968460083
flat,0.775,0.75,10,1,50,12,0.8488409603732732,eval,0.8779962,1.0,22,0.025000000000000022,0.12799620628356934
flat,0.775,0.75,10,1,50,8,0.8376281195060352,eval,0.86716145,1.0,22,0.025000000000000022,0.11716145277023315
flat,0.775,0.75,10,1,50,1,0.7168359163590498,eval,0.7504426,1.0,22,0.025000000000000022,0.0004426240921020508
flat,0.775,0.75,10,1,51,9,0.7195016903283316,eval,0.7530185,1.0,22,0.025000000000000022,0.003018498420715332
flat,0.775,0.75,10,1,51,12,0.8104372527738726,eval,0.84088755,1.0,22,0.025000000000000022,0.09088754653930664
flat,0.775,0.75,10,1,51,8,0.8119286775687574,eval,0.84232867,1.0,22,0.025000000000000022,0.09232866764068604
flat,0.775,0.75,10,1,51,1,0.7859279697477815,eval,0.8172047,1.0,22,0.025000000000000022,0.06720471382141113
flat,0.825,0.75,11,1,52,9,0.8286306022369746,eval,0.8584674,1.0,22,0.07499999999999996,0.10846740007400513
flat,0.825,0.75,11,1,52,12,0.5889421738555064,eval,0.62686175,0.0,22,0.07499999999999996,-0.12313824892044067
flat,0.825,0.75,11,1,52,8,0.7918859617230475,eval,0.82296187,1.0,22,0.07499999999999996,0.07296186685562134
flat,0.825,0.75,11,1,52,1,0.8174298473779177,eval,0.84764427,1.0,22,0.07499999999999996,0.09764426946640015
flat,0.825,0.75,11,1,53,9,0.6997848056555384,eval,0.7339665,0.0,22,0.07499999999999996,-0.016033470630645752
flat,0.825,0.75,11,1,53,12,0.9257997003423085,eval,0.9523597,1.0,22,0.07499999999999996,0.20235967636108398
flat,0.825,0.75,11,1,53,8,1.006398561389275,eval,1.0302405,1.0,22,0.07499999999999996,0.280240535736084
flat,0.825,0.75,11,1,53,1,0.8452114395043959,eval,0.87448895,1.0,22,0.07499999999999996,0.1244889497756958
flat,0.875,0.75,12,1,54,9,0.9402010863526592,eval,0.9662754,1.0,22,0.125,0.2162753939628601
flat,0.875,0.75,12,1,54,12,0.8399761650176906,eval,0.8694303,1.0,22,0.125,0.1194303035736084
flat,0.875,0.75,12,1,54,8,0.9561821589739987,eval,0.9817176,1.0,22,0.125,0.23171758651733398
flat,0.875,0.75,12,1,54,1,0.9444171936707009,eval,0.9703493,1.0,22,0.125,0.22034931182861328
flat,0.875,0.75,12,1,55,9,0.8731461186690498,eval,0.9014817,1.0,22,0.125,0.15148168802261353
flat,0.875,0.75,12,1,55,12,0.7533676588110694,eval,0.7857424,1.0,22,0.125,0.03574240207672119
flat,0.875,0.75,12,1,55,8,0.8546588664055288,eval,0.88361776,1.0,22,0.125,0.13361775875091553
flat,0.875,0.75,12,1,55,1,0.7991630249101591,eval,0.82999355,1.0,22,0.125,0.07999354600906372
flat,0.925,0.75,13,1,56,9,0.8213926318410458,eval,0.8514735,1.0,22,0.17500000000000004,0.10147351026535034
flat,0.925,0.75,13,1,56,12,0.9853280959050975,eval,1.0098805,1.0,22,0.17500000000000004,0.25988054275512695
flat,0.925,0.75,13,1,56,8,0.7672800849317296,eval,0.79918575,1.0,22,0.17500000000000004,0.049185752868652344
flat,0.925,0.75,13,1,56,1,1.0670982022311917,eval,1.0888933,1.0,22,0.17500000000000004,0.3388932943344116
flat,0.925,0.75,13,1,57,9,0.7731111770249605,eval,0.8048201,1.0,22,0.17500000000000004,0.054820120334625244
flat,0.925,0.75,13,1,57,12,0.9812849420373864,eval,1.0059738,1.0,22,0.17500000000000004,0.25597381591796875
flat,0.925,0.75,13,1,57,8,0.9622951541761923,eval,0.9876244,1.0,22,0.17500000000000004,0.2376244068145752
flat,0.925,0.75,13,1,57,1,0.9976093788947765,eval,1.0217478,1.0,22,0.17500000000000004,0.2717478275299072
flat,0.975,0.75,14,1,58,9,0.8184410628627359,eval,0.84862137,1.0,22,0.22499999999999998,0.09862136840820312
flat,0.975,0.75,14,1,58,12,0.8706926297718663,eval,0.8991109,1.0,22,0.22499999999999998,0.14911091327667236
flat,0.975,0.75,14,1,58,8,0.8606259907898409,eval,0.8893837,1.0,22,0.22499999999999998,0.13938367366790771
flat,0.975,0.75,14,1,58,1,1.0593732662303268,eval,1.0814288,1.0,22,0.22499999999999998,0.33142876625061035
flat,0.975,0.75,14,1,59,9,0.9801033945130329,eval,1.004832,1.0,22,0.22499999999999998,0.25483202934265137
flat,0.975,0.75,14,1,59,12,1.2222435678832566,eval,1.2388067,1.0,22,0.22499999999999998,0.48880672454833984
flat,0.975,0.75,14,1,59,8,0.8034054048241679,eval,0.8340928,1.0,22,0.22499999999999998,0.08409279584884644
flat,0.975,0.75,14,1,59,1,1.0914863981111027,eval,1.1124591,1.0,22,0.22499999999999998,0.36245906352996826
base,0.025,0.5,0,0,0,9,-0.002915150546776414,eval,0.009022802,0.0,23,-0.475,-0.4909771978855133
base,0.025,0.5,0,0,0,12,0.06907067447635609,eval,0.07966102,0.0,23,-0.475,-0.4203389808535576
base,0.025,0.5,0,0,0,8,0.07970956613393337,eval,0.09010074,0.0,23,-0.475,-0.4098992571234703
base,0.025,0.5,0,0,0,1,-0.018643524714322124,eval,-0.0064110905,0.0,23,-0.475,-0.5064110904932022
base,0.075,0.5,1,0,1,9,0.10314711025906223,eval,0.11309952,0.0,23,-0.425,-0.38690047711133957
base,0.075,0.5,1,0,1,12,0.10925153909534122,eval,0.11908968,0.0,23,-0.425,-0.38091032207012177
base,0.075,0.5,1,0,1,8,0.2513759069559374,eval,0.2585534,0.0,23,-0.425,-0.2414466142654419
base,0.075,0.5,1,0,1,1,-0.041980190777286416,eval,-0.018480748,0.0,23,-0.425,-0.5184807479381561
base,0.125,0.5,2,0,2,9,0.2532481233683165,eval,0.26039052,0.0,23,-0.375,-0.2396094799041748
base,0.125,0.5,2,0,2,12,0.17239470669880136,eval,0.18105075,0.0,23,-0.375,-0.31894925236701965
base,0.125,0.5,2,0,2,8,0.07632387892071708,eval,0.086778454,0.0,23,-0.375,-0.4132215455174446
base,0.125,0.5,2,0,2,1,0.2989367877130134,eval,0.30522385,0.0,23,-0.375,-0.19477614760398865
base,0.175,0.5,3,0,3,9,0.2032451825285249,eval,0.21132368,0.0,23,-0.325,-0.28867632150650024
base,0.175,0.5,3,0,3,12,0.1482691568046723,eval,0.15737687,0.0,23,-0.325,-0.34262312948703766
base,0.175,0.5,3,0,3,8,0.18441541561970465,eval,0.19284642,0.0,23,-0.325,-0.307153582572937
base,0.175,0.5,3,0,3,1,0.1254089271557848,eval,0.13494457,0.0,23,-0.325,-0.3650554269552231
base,0.225,0.5,4,0,4,9,0.3056019527170751,eval,0.31176424,0.0,23,-0.275,-0.18823575973510742
base,0.225,0.5,4,0,4,12,0.3438327862596402,eval,0.3492793,0.0,23,-0.275,-0.15072068572044373
base,0.225,0.5,4,0,4,8,0.15444720452789168,eval,0.16343926,0.0,23,-0.275,-0.3365607410669327
base,0.225,0.5,4,0,4,1,0.2578969629460202,eval,0.26495236,0.0,23,-0.275,-0.23504763841629028
base,0.275,0.5,5,0,5,9,0.15241172947768455,eval,0.16144186,0.0,23,-0.22499999999999998,-0.3385581374168396
base,0.275,0.5,5,0,5,12,0.24014279349858433,eval,0.24753055,0.0,23,-0.22499999999999998,-0.2524694502353668
base,0.275,0.5,5,0,5,8,0.15737429350797189,eval,0.1663115,0.0,23,-0.22499999999999998,-0.33368849754333496
base,0.275,0.5,5,0,5,1,0.24914274545260762,eval,0.25636202,0.0,23,-0.22499999999999998,-0.24363797903060913
base,0.325,0.5,6,0,6,9,0.32274678225324427,eval,0.32858807,0.0,23,-0.175,-0.17141193151474
base,0.325,0.5,6,0,6,12,0.17876480748448073,eval,0.18730158,0.0,23,-0.175,-0.3126984238624573
base,0.325,0.5,6,0,6,8,0.2536892033263042,eval,0.2608233,0.0,23,-0.175,-0.2391766905784607
base,0.325,0.5,6,0,6,1,0.48334728788021225,eval,0.48618203,0.0,23,-0.175,-0.013817965984344482
base,0.375,0.5,7,0,7,9,0.3874211319304505,eval,0.3920517,0.0,23,-0.125,-0.10794830322265625
base,0.375,0.5,7,0,7,12,0.4599783613618451,eval,0.46325058,0.0,23,-0.125,-0.036749422550201416
base,0.375,0.5,7,0,7,8,0.3405001475914213,eval,0.3460091,0.0,23,-0.125,-0.15399089455604553
base,0.375,0.5,7,0,7,1,0.5070360987081839,eval,0.50942737,1.0,23,-0.125,0.009427368640899658
base,0.425,0.5,8,0,8,9,0.5112246184619911,eval,0.5135375,1.0,23,-0.07500000000000001,0.01353752613067627
base,0.425,0.5,8,0,8,12,0.6100702779951481,eval,0.61053264,1.0,23,-0.07500000000000001,0.11053264141082764
base,0.425,0.5,8,0,8,8,0.5605438028669814,eval,0.56193334,1.0,23,-0.07500000000000001,0.06193333864212036
base,0.425,0.5,8,0,8,1,0.4883352622824915,eval,0.49107662,0.0,23,-0.07500000000000001,-0.008923381567001343
base,0.475,0.5,9,0,9,9,0.4866060673431017,eval,0.4893798,0.0,23,-0.025000000000000022,-0.010620206594467163
base,0.475,0.5,9,0,9,12,0.3789848880709369,eval,0.3837734,0.0,23,-0.025000000000000022,-0.11622661352157593
base,0.475,0.5,9,0,9,8,0.4752211602573378,eval,0.47820804,0.0,23,-0.025000000000000022,-0.021791964769363403
base,0.475,0.5,9,0,9,1,0.2546490119353349,eval,0.26176518,0.0,23,-0.025000000000000022,-0.23823481798171997
base,0.525,0.5,10,1,10,9,0.6054078958119873,eval,0.60595757,1.0,23,0.025000000000000022,0.10595756769180298
base,0.525,0.5,10,1,10,12,0.5148368870407144,eval,0.5170821,1.0,23,0.025000000000000022,0.0170820951461792
base,0.525,0.5,10,1,10,8,0.44594551903321245,eval,0.4494805,0.0,23,0.025000000000000022,-0.05051949620246887
base,0.525,0.5,10,1,10,1,0.5302028974259887,eval,0.53216046,1.0,23,0.025000000000000022,0.03216046094894409
base,0.575,0.5,11,1,11,9,0.5245800752222866,eval,0.5266429,1.0,23,0.07499999999999996,0.026642918586730957
base,0.575,0.5,11,1,11,12,0.5064557989281973,eval,0.50885797,1.0,23,0.07499999999999996,0.008857965469360352
base,0.575,0.5,11,1,11,8,0.5891877828241733,eval,0.59004116,1.0,23,0.07499999999999996,0.0900411605834961
base,0.575,0.5,11,1,11,1,0.6433686190776534,eval,0.64320755,1.0,23,0.07499999999999996,0.14320755004882812
base,0.625,0.5,12,1,12,9,0.6607954906213157,eval,0.66030824,1.0,23,0.125,0.16030824184417725
base,0.625,0.5,12,1,12,12,0.5869416749872484,eval,0.58783704,1.0,23,0.125,0.08783704042434692
base,0.625,0.5,12,1,12,8,0.6467571355560034,eval,0.64653265,1.0,23,0.125,0.14653265476226807
base,0.625,0.5,12,1,12,1,0.7253961575842169,eval,0.72369957,1.0,23,0.125,0.22369956970214844
base,0.675,0.5,13,1,13,9,0.7164866401254424,eval,0.7149568,1.0,23,0.17500000000000004,0.21495682001113892
base,0.675,0.5,13,1,13,12,0.6796092971779658,eval,0.67876977,1.0,23,0.17500000000000004,0.1787697672843933
base,0.675,0.5,13,1,13,8,0.6073767944025039,eval,0.6078896,1.0,23,0.17500000000000004,0.10788959264755249
base,0.675,0.5,13,1,13,1,0.61320929552924,eval,0.61361295,1.0,23,0.17500000000000004,0.11361294984817505
base,0.725,0.5,14,1,14,9,0.6000224275413348,eval,0.6006729,1.0,23,0.22499999999999998,0.1006729006767273
base,0.725,0.5,14,1,14,12,0.6008191547218831,eval,0.60145473,1.0,23,0.22499999999999998,0.1014547348022461
base,0.725,0.5,14,1,14,8,0.8393233626629595,eval,0.8354939,1.0,23,0.22499999999999998,0.33549392223358154
base,0.725,0.5,14,1,14,1,0.9072011363328323,eval,0.9021009,1.0,23,0.22499999999999998,0.40210092067718506
base,0.775,0.5,15,1,15,9,0.7925538628567643,eval,0.7896,1.0,23,0.275,0.2896000146865845
base,0.775,0.5,15,1,15,12,0.7472346328732713,eval,0.7451292,1.0,23,0.275,0.24512922763824463
base,0.775,0.5,15,1,15,8,0.586165110902335,eval,0.587075,1.0,23,0.275,0.08707499504089355
base,0.775,0.5,15,1,15,1,0.6429569029986707,eval,0.6428036,1.0,23,0.275,0.1428036093711853
base,0.825,0.5,16,1,16,9,0.7929637473048593,eval,0.79000217,1.0,23,0.32499999999999996,0.29000216722488403
base,0.825,0.5,16,1,16,12,0.6784032613617612,eval,0.6775864,1.0,23,0.32499999999999996,0.1775863766670227
base,0.825,0.5,16,1,16,8,0.8036455371917013,eval,0.800484,1.0,23,0.32499999999999996,0.3004840016365051
base,0.825,0.5,16,1,16,1,0.7588471978184781,eval,0.75652426,1.0,23,0.32499999999999996,0.2565242648124695
base,0.875,0.5,17,1,17,9,0.6845912051383966,eval,0.68365854,1.0,23,0.375,0.18365854024887085
base,0.875,0.5,17,1,17,12,0.8181772362058521,eval,0.8147437,1.0,23,0.375,0.31474369764328003
base,0.875,0.5,17,1,17,8,0.9415066065629245,eval,0.9357642,1.0,23,0.375,0.4357641935348511
base,0.875,0.5,17,1,17,1,0.9685049988114022,eval,0.96225715,1.0,23,0.375,0.46225714683532715
base,0.925,0.5,18,1,18,9,1.0208406680141398,eval,1.013613,1.0,23,0.42500000000000004,0.5136129856109619
base,0.925,0.5,18,1,18,12,0.8063930346013513,eval,0.80318004,1.0,23,0.42500000000000004,0.3031800389289856
base,0.925,0.5,18,1,18,8,0.7911567480523145,eval,0.78822905,1.0,23,0.42500000000000004,0.2882290482521057
base,0.925,0.5,18,1,18,1,0.9299054613825312,eval,0.9243803,1.0,23,0.42500000000000004,0.4243803024291992
base,0.975,0.5,19,1,19,9,0.9388141319695699,eval,0.9331221,1.0,23,0.475,0.43312209844589233
base,0.975,0.5,19,1,19,12,0.8690939300539855,eval,0.86470723,1.0,23,0.475,0.36470723152160645
base,0.975,0.5,19,1,19,8,1.0111253748643376,eval,1.0040796,1.0,23,0.475,0.5040795803070068
base,0.975,0.5,19,1,19,1,1.1752392583645255,eval,1.1603664,1.0,23,0.475,0.660366415977478
curv,0.025,0.25,0,0,20,9,-0.06023900581258609,eval,-0.09492177,0.0,23,-0.225,-0.3449217677116394
curv,0.025,0.25,0,0,20,12,-0.14699106806582,eval,-0.15101302,0.0,23,-0.225,-0.40101301670074463
curv,0.025,0.25,0,0,20,8,0.1542893050193805,eval,0.11559037,0.0,23,-0.225,-0.13440962880849838
curv,0.025,0.25,0,0,20,1,0.04385191925124656,eval,0.007220462,0.0,23,-0.225,-0.24277953803539276
curv,0.025,0.25,0,0,21,9,-0.012731674369381461,eval,-0.048303813,0.0,23,-0.225,-0.2983038127422333
curv,0.025,0.25,0,0,21,12,0.1469354588732634,eval,0.10837421,0.0,23,-0.225,-0.1416257917881012
curv,0.025,0.25,0,0,21,8,0.07036712642569681,eval,0.033239305,0.0,23,-0.225,-0.21676069498062134
curv,0.025,0.25,0,0,21,1,-0.03831940901922267,eval,-0.07341254,0.0,23,-0.225,-0.32341253757476807
curv,0.075,0.25,1,0,22,9,0.08882003031483213,eval,0.05134675,0.0,23,-0.175,-0.19865325093269348
curv,0.075,0.25,1,0,22,12,0.12590590847395516,eval,0.087738335,0.0,23,-0.175,-0.16226166486740112
curv,0.075,0.25,1,0,22,8,-0.09401599429769265,eval,-0.12411851,0.0,23,-0.175,-0.37411850690841675
curv,0.075,0.25,1,0,22,1,0.03724364947671917,eval,0.00073593855,0.0,23,-0.175,-0.24926406145095825
curv,0.075,0.25,1,0,23,9,0.22579094843471398,eval,0.18575346,0.0,23,-0.175,-0.0642465353012085
curv,0.075,0.25,1,0,23,12,-0.11674640434564944,eval,-0.13565832,0.0,23,-0.175,-0.385658323764801
curv,0.075,0.25,1,0,23,8,0.0021804972564751224,eval,-0.033670828,0.0,23,-0.175,-0.2836708277463913
curv,0.075,0.25,1,0,23,1,-0.03411461176191956,eval,-0.06928648,0.0,23,-0.175,-0.3192864805459976
curv,0.125,0.25,2,0,24,9,0.10840667969937974,eval,0.0705667,0.0,23,-0.125,-0.17943330109119415
curv,0.125,0.25,2,0,24,12,0.06531724059521243,eval,0.028283954,0.0,23,-0.125,-0.221716046333313
curv,0.125,0.25,2,0,24,8,0.24823034025042634,eval,0.20777278,0.0,23,-0.125,-0.04222722351551056
curv,0.125,0.25,2,0,24,1,-0.002768016638660803,eval,-0.038526714,0.0,23,-0.125,-0.288526713848114
curv,0.125,0.25,2,0,25,9,0.17224074969585104,eval,0.13320574,0.0,23,-0.125,-0.11679425835609436
curv,0.125,0.25,2,0,25,12,0.0579561400096926,eval,0.021060646,0.0,23,-0.125,-0.22893935441970825
curv,0.125,0.25,2,0,25,8,0.15483352450652943,eval,0.11612439,0.0,23,-0.125,-0.13387560844421387
curv,0.125,0.25,2,0,25,1,0.18804114907682318,eval,0.14871037,0.0,23,-0.125,-0.10128962993621826
curv,0.175,0.25,3,0,26,9,0.31235793768977616,eval,0.27069983,1.0,23,-0.07500000000000001,0.02069982886314392
curv,0.175,0.25,3,0,26,12,0.1059055871831403,eval,0.06811244,0.0,23,-0.07500000000000001,-0.18188755959272385
curv,0.175,0.25,3,0,26,8,0.17401410615100246,eval,0.13494594,0.0,23,-0.07500000000000001,-0.11505405604839325
curv,0.175,0.25,3,0,26,1,0.23311658124128057,eval,0.19294193,0.0,23,-0.07500000000000001,-0.05705806612968445
curv,0.175,0.25,3,0,27,9,0.22835505312737925,eval,0.18826954,0.0,23,-0.07500000000000001,-0.061730459332466125
curv,0.175,0.25,3,0,27,12,0.030311648744351605,eval,-0.006066337,0.0,23,-0.07500000000000001,-0.25606633722782135
curv,0.175,0.25,3,0,27,8,0.219120059471549,eval,0.17920744,0.0,23,-0.07500000000000001,-0.070792555809021
curv,0.175,0.25,3,0,27,1,0.30445588194411166,eval,0.26294574,1.0,23,-0.07500000000000001,0.012945741415023804
curv,0.225,0.25,4,0,28,9,0.3318564157418792,eval,0.28983328,1.0,23,-0.024999999999999994,0.039833277463912964
curv,0.225,0.25,4,0,28,12,0.30043857213684555,eval,0.25900358,1.0,23,-0.024999999999999994,0.00900357961654663
curv,0.225,0.25,4,0,28,8,0.2971048950005876,eval,0.25573233,1.0,23,-0.024999999999999994,0.005732327699661255
curv,0.225,0.25,4,0,28,1,0.1495394208740069,eval,0.11092943,0.0,23,-0.024999999999999994,-0.1390705704689026
curv,0.225,0.25,4,0,29,9,0.17734901410490445,eval,0.13821837,0.0,23,-0.024999999999999994,-0.11178162693977356
curv,0.225,0.25,4,0,29,12,0.1854136214492001,eval,0.14613204,0.0,23,-0.024999999999999994,-0.10386796295642853
curv,0.225,0.25,4,0,29,8,0.15415347634020068,eval,0.11545712,0.0,23,-0.024999999999999994,-0.13454288244247437
curv,0.225,0.25,4,0,29,1,0.3939107452443673,eval,0.35072592,1.0,23,-0.024999999999999994,0.100725919008255
curv,0.275,0.25,5,1,30,9,0.3521049326473978,eval,0.30970272,1.0,23,0.025000000000000022,0.05970272421836853
curv,0.275,0.25,5,1,30,12,0.3218148909489514,eval,0.27997974,1.0,23,0.025000000000000022,0.029979735612869263
curv,0.275,0.25,5,1,30,8,0.2459599919927045,eval,0.20554493,0.0,23,0.025000000000000022,-0.044455066323280334
curv,0.275,0.25,5,1,30,1,0.2462612292191334,eval,0.20584053,0.0,23,0.025000000000000022,-0.04415947198867798
curv,0.325,0.25,6,1,31,9,0.31920239999303074,eval,0.27741617,1.0,23,0.07500000000000001,0.0274161696434021
curv,0.325,0.25,6,1,31,12,0.37767557651664274,eval,0.33479464,1.0,23,0.07500000000000001,0.08479464054107666
curv,0.325,0.25,6,1,31,8,0.339291364966682,eval,0.29712903,1.0,23,0.07500000000000001,0.047129034996032715
curv,0.325,0.25,6,1,31,1,0.4824408278844587,eval,0.43759862,1.0,23,0.07500000000000001,0.18759861588478088
curv,0.375,0.25,7,1,32,9,0.48244112374891795,eval,0.43759894,1.0,23,0.125,0.18759894371032715
curv,0.375,0.25,7,1,32,12,0.5125445311670886,eval,0.4671387,1.0,23,0.125,0.21713870763778687
curv,0.375,0.25,7,1,32,8,0.3206042278212674,eval,0.27879173,1.0,23,0.125,0.028791725635528564
curv,0.375,0.25,7,1,32,1,0.3317214152817403,eval,0.2897008,1.0,23,0.125,0.03970080614089966
curv,0.425,0.25,8,1,33,9,0.32464404280078596,eval,0.28275594,1.0,23,0.175,0.03275594115257263
curv,0.425,0.25,8,1,33,12,0.24351277222568563,eval,0.20314352,0.0,23,0.175,-0.04685647785663605
curv,0.425,0.25,8,1,33,8,0.4116548441462745,eval,0.36813784,1.0,23,0.175,0.11813783645629883
curv,0.425,0.25,8,1,33,1,0.3514516707657725,eval,0.30906168,1.0,23,0.175,0.059061676263809204
curv,0.475,0.25,9,1,34,9,0.39704422467572553,eval,0.3538007,1.0,23,0.22499999999999998,0.1038007140159607
curv,0.475,0.25,9,1,34,12,0.6488602111424955,eval,0.60090256,1.0,23,0.22499999999999998,0.3509025573730469
curv,0.475,0.25,9,1,34,8,0.6047871761181993,eval,0.55765456,1.0,23,0.22499999999999998,0.30765455961227417
curv,0.475,0.25,9,1,34,1,0.49997853715586665,eval,0.454808,1.0,23,0.22499999999999998,0.20480799674987793
curv,0.525,0.25,10,1,35,9,0.6518731572705383,eval,0.60385907,1.0,23,0.275,0.3538590669631958
curv,0.525,0.25,10,1,35,12,0.6518815273891231,eval,0.6038673,1.0,23,0.275,0.3538672924041748
curv,0.525,0.25,10,1,35,8,0.4282180135307945,eval,0.3843909,1.0,23,0.275,0.13439089059829712
curv,0.525,0.25,10,1,35,1,0.6281453084869473,eval,0.58057547,1.0,23,0.275,0.33057546615600586
curv,0.575,0.25,11,1,36,9,0.555391602743063,eval,0.50918365,1.0,23,0.32499999999999996,0.2591836452484131
curv,0.575,0.25,11,1,36,12,0.6323065992335506,eval,0.58465886,1.0,23,0.32499999999999996,0.3346588611602783
curv,0.575,0.25,11,1,36,8,0.767666270913514,eval,0.7174844,1.0,23,0.32499999999999996,0.46748441457748413
curv,0.575,0.25,11,1,36,1,0.5911009576715345,eval,0.54422456,1.0,23,0.32499999999999996,0.2942245602607727
curv,0.625,0.25,12,1,37,9,0.5891039353295531,eval,0.54226494,1.0,23,0.375,0.2922649383544922
curv,0.625,0.25,12,1,37,12,0.8633592229234116,eval,0.8113859,1.0,23,0.375,0.5613859295845032
curv,0.625,0.25,12,1,37,8,0.8129344377381986,eval,0.7619052,1.0,23,0.375,0.5119051933288574
curv,0.625,0.25,12,1,37,1,0.5664471175876663,eval,0.5200323,1.0,23,0.375,0.27003228664398193
curv,0.675,0.25,13,1,38,9,0.682757241935024,eval,0.6341649,1.0,23,0.42500000000000004,0.3841649293899536
curv,0.675,0.25,13,1,38,12,0.6954978597927232,eval,0.6466671,1.0,23,0.42500000000000004,0.39666712284088135
curv,0.675,0.25,13,1,38,8,0.503656056203569,eval,0.45841664,1.0,23,0.42500000000000004,0.2084166407585144
curv,0.675,0.25,13,1,38,1,0.5408780285923331,eval,0.4949419,1.0,23,0.42500000000000004,0.24494189023971558
curv,0.725,0.25,14,1,39,9,0.6560502542647139,eval,0.60795796,1.0,23,0.475,0.35795795917510986
curv,0.725,0.25,14,1,39,12,0.8071478916070218,eval,0.75622696,1.0,23,0.475,0.5062269568443298
curv,0.725,0.25,14,1,39,8,0.7108977334886978,eval,0.6617787,1.0,23,0.475,0.41177868843078613
curv,0.725,0.25,14,1,39,1,0.5848479785082572,eval,0.5380887,1.0,23,0.475,0.28808867931365967
flat,0.275,0.75,0,0,40,9,0.40819413685305606,eval,0.4601297,0.0,23,-0.475,-0.2898702919483185
flat,0.275,0.75,0,0,40,12,0.20115860187320406,eval,0.25697008,0.0,23,-0.475,-0.493029922246933
flat,0.275,0.75,0,0,40,8,0.30926915696456797,eval,0.3630567,0.0,23,-0.475,-0.3869433104991913
flat,0.275,0.75,0,0,40,1,0.3252682849874866,eval,0.37875628,0.0,23,-0.475,-0.3712437152862549
flat,0.325,0.75,1,0,41,9,0.20008373483240952,eval,0.25591528,0.0,23,-0.425,-0.4940847158432007
flat,0.325,0.75,1,0,41,12,0.4384357407951828,eval,0.4898052,0.0,23,-0.425,-0.2601948082447052
flat,0.325,0.75,1,0,41,8,0.24891289124935712,eval,0.30383036,0.0,23,-0.425,-0.4461696445941925
flat,0.325,0.75,1,0,41,1,0.4239713033285805,eval,0.4756115,0.0,23,-0.425,-0.27438849210739136
flat,0.375,0.75,2,0,42,9,0.3599402001639595,eval,0.41277915,0.0,23,-0.375,-0.33722084760665894
flat,0.375,0.75,2,0,42,12,0.39178259697224144,eval,0.44402543,0.0,23,-0.375,-0.3059745728969574
flat,0.375,0.75,2,0,42,8,0.3008919496315271,eval,0.35483631,0.0,23,-0.375,-0.3951636850833893
flat,0.375,0.75,2,0,42,1,0.3585705407374709,eval,0.41143513,0.0,23,-0.375,-0.3385648727416992
flat,0.425,0.75,3,0,43,9,0.45969527857023623,eval,0.5106667,0.0,23,-0.325,-0.23933327198028564
flat,0.425,0.75,3,0,43,12,0.37987998551439534,eval,0.43234566,0.0,23,-0.325,-0.3176543414592743
flat,0.425,0.75,3,0,43,8,0.40125843032654535,eval,0.45332387,0.0,23,-0.325,-0.2966761291027069
flat,0.425,0.75,3,0,43,1,0.3175635141771565,eval,0.3711958,0.0,23,-0.325,-0.37880420684814453
flat,0.475,0.75,4,0,44,9,0.46455529309334376,eval,0.5154358,0.0,23,-0.275,-0.2345641851425171
flat,0.475,0.75,4,0,44,12,0.6866939198315876,eval,0.7334157,0.0,23,-0.275,-0.016584277153015137
flat,0.475,0.75,4,0,44,8,0.548917808711155,eval,0.5982189,0.0,23,-0.275,-0.1517810821533203
flat,0.475,0.75,4,0,44,1,0.5623042152621707,eval,0.6113547,0.0,23,-0.275,-0.13864529132843018
flat,0.525,0.75,5,0,45,9,0.4447712454632119,eval,0.49602214,0.0,23,-0.22499999999999998,-0.25397786498069763
flat,0.525,0.75,5,0,45,12,0.49452003354591684,eval,0.5448395,0.0,23,-0.22499999999999998,-0.2051604986190796
flat,0.525,0.75,5,0,45,8,0.4738666161052906,eval,0.52457273,0.0,23,-0.22499999999999998,-0.2254272699356079
flat,0.525,0.75,5,0,45,1,0.39696060552854273,eval,0.44910648,0.0,23,-0.22499999999999998,-0.30089351534843445
flat,0.575,0.75,6,0,46,9,0.48816108032474786,eval,0.5385996,0.0,23,-0.17500000000000004,-0.21140038967132568
flat,0.575,0.75,6,0,46,12,0.5758861327608518,eval,0.6246824,0.0,23,-0.17500000000000004,-0.12531757354736328
flat,0.575,0.75,6,0,46,8,0.7576693811620117,eval,0.8030625,1.0,23,-0.17500000000000004,0.053062498569488525
flat,0.575,0.75,6,0,46,1,0.5036931904940727,eval,0.55384094,0.0,23,-0.17500000000000004,-0.19615906476974487
flat,0.625,0.75,7,0,47,9,0.6675394425820824,eval,0.71461976,0.0,23,-0.125,-0.03538024425506592
flat,0.625,0.75,7,0,47,12,0.6052720042673871,eval,0.65351814,0.0,23,-0.125,-0.09648185968399048
flat,0.625,0.75,7,0,47,8,0.6539974002338532,eval,0.7013314,0.0,23,-0.125,-0.048668622970581055
flat,0.625,0.75,7,0,47,1,0.6871017853540099,eval,0.733816,0.0,23,-0.125,-0.016183972358703613
flat,0.675,0.75,8,0,48,9,0.57195195498333,eval,0.6208219,0.0,23,-0.07499999999999996,-0.12917810678482056
flat,0.675,0.75,8,0,48,12,0.5994329086763519,eval,0.6477883,0.0,23,-0.07499999999999996,-0.10221171379089355
flat,0.675,0.75,8,0,48,8,0.6647424715916677,eval,0.7118752,0.0,23,-0.07499999999999996,-0.038124799728393555
flat,0.675,0.75,8,0,48,1,0.44998588264254086,eval,0.5011391,0.0,23,-0.07499999999999996,-0.2488608956336975
flat,0.725,0.75,9,0,49,9,0.789624270571504,eval,0.8338586,1.0,23,-0.025000000000000022,0.08385860919952393
flat,0.725,0.75,9,0,49,12,0.7781272400530428,eval,0.8231374,1.0,23,-0.025000000000000022,0.07313740253448486
flat,0.725,0.75,9,0,49,8,0.8699259685131457,eval,0.9067673,1.0,23,-0.025000000000000022,0.15676730871200562
flat,0.725,0.75,9,0,49,1,0.7636369597566306,eval,0.80891836,1.0,23,-0.025000000000000022,0.05891835689544678
flat,0.775,0.75,10,1,50,9,0.6225851636354708,eval,0.67050713,0.0,23,0.025000000000000022,-0.07949286699295044
flat,0.775,0.75,10,1,50,12,0.8488409603732732,eval,0.8876234,1.0,23,0.025000000000000022,0.13762342929840088
flat,0.775,0.75,10,1,50,8,0.8376281195060352,eval,0.877443,1.0,23,0.025000000000000022,0.12744301557540894
flat,0.775,0.75,10,1,50,1,0.7168359163590498,eval,0.7629935,1.0,23,0.025000000000000022,0.01299351453781128
flat,0.775,0.75,10,1,51,9,0.7195016903283316,eval,0.7656094,1.0,23,0.025000000000000022,0.015609383583068848
flat,0.775,0.75,10,1,51,12,0.8104372527738726,eval,0.8527555,1.0,23,0.025000000000000022,0.10275548696517944
flat,0.775,0.75,10,1,51,8,0.8119286775687574,eval,0.85410947,1.0,23,0.025000000000000022,0.10410946607589722
flat,0.775,0.75,10,1,51,1,0.7859279697477815,eval,0.83050257,1.0,23,0.025000000000000022,0.08050256967544556
flat,0.825,0.75,11,1,52,9,0.8286306022369746,eval,0.86927384,1.0,23,0.07499999999999996,0.119273841381073
flat,0.825,0.75,11,1,52,12,0.5889421738555064,eval,0.63749397,0.0,23,0.07499999999999996,-0.11250603199005127
flat,0.825,0.75,11,1,52,8,0.7918859617230475,eval,0.83591205,1.0,23,0.07499999999999996,0.08591204881668091
flat,0.825,0.75,11,1,52,1,0.8174298473779177,eval,0.85910416,1.0,23,0.07499999999999996,0.10910415649414062
flat,0.825,0.75,11,1,53,9,0.6997848056555384,eval,0.7462616,0.0,23,0.07499999999999996,-0.0037384033203125
flat,0.825,0.75,11,1,53,12,0.9257997003423085,eval,0.957497,1.0,23,0.07499999999999996,0.2074970006942749
flat,0.825,0.75,11,1,53,8,1.006398561389275,eval,1.0306754,1.0,23,0.07499999999999996,0.28067541122436523
flat,0.825,0.75,11,1,53,1,0.8452114395043959,eval,0.88432807,1.0,23,0.07499999999999996,0.13432806730270386
flat,0.875,0.75,12,1,54,9,0.9402010863526592,eval,0.9705725,1.0,23,0.125,0.22057247161865234
flat,0.875,0.75,12,1,54,12,0.8399761650176906,eval,0.8795749,1.0,23,0.125,0.12957489490509033
flat,0.875,0.75,12,1,54,8,0.9561821589739987,eval,0.9850822,1.0,23,0.125,0.23508220911026
flat,0.875,0.75,12,1,54,1,0.9444171936707009,eval,0.97440034,1.0,23,0.125,0.2244003415107727
flat,0.875,0.75,12,1,55,9,0.8731461186690498,eval,0.9096909,1.0,23,0.125,0.15969091653823853
flat,0.875,0.75,12,1,55,12,0.7533676588110694,eval,0.79884136,1.0,23,0.125,0.04884135723114014
flat,0.875,0.75,12,1,55,8,0.8546588664055288,eval,0.8929058,1.0,23,0.125,0.14290577173233032
flat,0.875,0.75,12,1,55,1,0.7991630249101591,eval,0.84251916,1.0,23,0.125,0.09251916408538818
flat,0.925,0.75,13,1,56,9,0.8213926318410458,eval,0.8627022,1.0,23,0.17500000000000004,0.11270219087600708
flat,0.925,0.75,13,1,56,12,0.9853280959050975,eval,1.0115448,1.0,23,0.17500000000000004,0.2615448236465454
flat,0.925,0.75,13,1,56,8,0.7672800849317296,eval,0.81249326,1.0,23,0.17500000000000004,0.06249326467514038
flat,0.925,0.75,13,1,56,1,1.0670982022311917,eval,1.0747457,1.0,23,0.17500000000000004,0.32474565505981445
flat,0.925,0.75,13,1,57,9,0.7731111770249605,eval,0.81821525,1.0,23,0.17500000000000004,0.0682152509689331
flat,0.925,0.75,13,1,57,12,0.9812849420373864,eval,1.0078738,1.0,23,0.17500000000000004,0.2578737735748291
flat,0.925,0.75,13,1,57,8,0.9622951541761923,eval,0.9906325,1.0,23,0.17500000000000004,0.24063247442245483
flat,0.925,0.75,13,1,57,1,0.9976093788947765,eval,1.0226954,1.0,23,0.17500000000000004,0.2726954221725464
flat,0.975,0.75,14,1,58,9,0.8184410628627359,eval,0.8600223,1.0,23,0.22499999999999998,0.11002230644226074
flat,0.975,0.75,14,1,58,12,0.8706926297718663,eval,0.90746325,1.0,23,0.22499999999999998,0.15746325254440308
flat,0.975,0.75,14,1,58,8,0.8606259907898409,eval,0.8983235,1.0,23,0.22499999999999998,0.14832347631454468
flat,0.975,0.75,14,1,58,1,1.0593732662303268,eval,1.0695968,1.0,23,0.22499999999999998,0.3195967674255371
flat,0.975,0.75,14,1,59,9,0.9801033945130329,eval,1.0068011,1.0,23,0.22499999999999998,0.25680112838745117
flat,0.975,0.75,14,1,59,12,1.2222435678832566,eval,1.178153,1.0,23,0.22499999999999998,0.42815303802490234
flat,0.975,0.75,14,1,59,8,0.8034054048241679,eval,0.84637094,1.0,23,0.22499999999999998,0.09637093544006348
flat,0.975,0.75,14,1,59,1,1.0914863981111027,eval,1.0910008,1.0,23,0.22499999999999998,0.3410007953643799
base,0.025,0.5,0,0,0,9,-0.002915150546776414,eval,-0.029996254,0.0,24,-0.475,-0.5299962535500526
base,0.025,0.5,0,0,0,12,0.06907067447635609,eval,0.03910251,0.0,24,-0.475,-0.4608974903821945
base,0.025,0.5,0,0,0,8,0.07970956613393337,eval,0.050581098,0.0,24,-0.475,-0.44941890239715576
base,0.025,0.5,0,0,0,1,-0.018643524714322124,eval,-0.03966944,0.0,24,-0.475,-0.5396694391965866
base,0.075,0.5,1,0,1,9,0.10314711025906223,eval,0.07586847,0.0,24,-0.425,-0.42413152754306793
base,0.075,0.5,1,0,1,12,0.10925153909534122,eval,0.082454726,0.0,24,-0.425,-0.41754527390003204
base,0.075,0.5,1,0,1,8,0.2513759069559374,eval,0.2357965,0.0,24,-0.425,-0.2642035037279129
base,0.075,0.5,1,0,1,1,-0.041980190777286416,eval,-0.049455218,0.0,24,-0.425,-0.5494552180171013
base,0.125,0.5,2,0,2,9,0.2532481233683165,eval,0.23781644,0.0,24,-0.375,-0.2621835619211197
base,0.125,0.5,2,0,2,12,0.17239470669880136,eval,0.15058155,0.0,24,-0.375,-0.34941844642162323
base,0.125,0.5,2,0,2,8,0.07632387892071708,eval,0.046928197,0.0,24,-0.375,-0.45307180285453796
base,0.125,0.5,2,0,2,1,0.2989367877130134,eval,0.28711116,0.0,24,-0.375,-0.21288883686065674
base,0.175,0.5,3,0,3,9,0.2032451825285249,eval,0.18386696,0.0,24,-0.325,-0.3161330372095108
base,0.175,0.5,3,0,3,12,0.1482691568046723,eval,0.12455188,0.0,24,-0.325,-0.3754481226205826
base,0.175,0.5,3,0,3,8,0.18441541561970465,eval,0.16355102,0.0,24,-0.325,-0.3364489823579788
base,0.175,0.5,3,0,3,1,0.1254089271557848,eval,0.099887356,0.0,24,-0.325,-0.40011264383792877
base,0.225,0.5,4,0,4,9,0.3056019527170751,eval,0.2943024,0.0,24,-0.275,-0.20569759607315063
base,0.225,0.5,4,0,4,12,0.3438327862596402,eval,0.33555067,0.0,24,-0.275,-0.16444933414459229
base,0.225,0.5,4,0,4,8,0.15444720452789168,eval,0.13121752,0.0,24,-0.275,-0.36878247559070587
base,0.225,0.5,4,0,4,1,0.2578969629460202,eval,0.24283223,0.0,24,-0.275,-0.2571677714586258
base,0.275,0.5,5,0,5,9,0.15241172947768455,eval,0.12902139,0.0,24,-0.22499999999999998,-0.37097860872745514
base,0.275,0.5,5,0,5,12,0.24014279349858433,eval,0.22367679,0.0,24,-0.22499999999999998,-0.27632321417331696
base,0.275,0.5,5,0,5,8,0.15737429350797189,eval,0.13437563,0.0,24,-0.22499999999999998,-0.3656243681907654
base,0.275,0.5,5,0,5,1,0.24914274545260762,eval,0.23338707,0.0,24,-0.22499999999999998,-0.2666129320859909
base,0.325,0.5,6,0,6,9,0.32274678225324427,eval,0.3128004,0.0,24,-0.175,-0.18719959259033203
base,0.325,0.5,6,0,6,12,0.17876480748448073,eval,0.15745445,0.0,24,-0.175,-0.3425455540418625
base,0.325,0.5,6,0,6,8,0.2536892033263042,eval,0.23829238,0.0,24,-0.175,-0.2617076188325882
base,0.325,0.5,6,0,6,1,0.48334728788021225,eval,0.48607665,0.0,24,-0.175,-0.013923346996307373
base,0.375,0.5,7,0,7,9,0.3874211319304505,eval,0.38257927,0.0,24,-0.125,-0.1174207329750061
base,0.375,0.5,7,0,7,12,0.4599783613618451,eval,0.4608633,0.0,24,-0.125,-0.03913670778274536
base,0.375,0.5,7,0,7,8,0.3405001475914213,eval,0.33195502,0.0,24,-0.125,-0.16804498434066772
base,0.375,0.5,7,0,7,1,0.5070360987081839,eval,0.5116351,1.0,24,-0.125,0.011635124683380127
base,0.425,0.5,8,0,8,9,0.5112246184619911,eval,0.5161542,1.0,24,-0.07500000000000001,0.016154229640960693
base,0.425,0.5,8,0,8,12,0.6100702779951481,eval,0.6228014,1.0,24,-0.07500000000000001,0.12280142307281494
base,0.425,0.5,8,0,8,8,0.5605438028669814,eval,0.569366,1.0,24,-0.07500000000000001,0.0693659782409668
base,0.425,0.5,8,0,8,1,0.4883352622824915,eval,0.49145824,0.0,24,-0.07500000000000001,-0.008541762828826904
base,0.475,0.5,9,0,9,9,0.4866060673431017,eval,0.4895926,0.0,24,-0.025000000000000022,-0.01040738821029663
base,0.475,0.5,9,0,9,12,0.3789848880709369,eval,0.37347722,0.0,24,-0.025000000000000022,-0.12652277946472168
base,0.475,0.5,9,0,9,8,0.4752211602573378,eval,0.4773091,0.0,24,-0.025000000000000022,-0.022690892219543457
base,0.475,0.5,9,0,9,1,0.2546490119353349,eval,0.23932792,0.0,24,-0.025000000000000022,-0.26067207753658295
base,0.525,0.5,10,1,10,9,0.6054078958119873,eval,0.617771,1.0,24,0.025000000000000022,0.11777102947235107
base,0.525,0.5,10,1,10,12,0.5148368870407144,eval,0.5200516,1.0,24,0.025000000000000022,0.02005159854888916
base,0.525,0.5,10,1,10,8,0.44594551903321245,eval,0.44572288,0.0,24,0.025000000000000022,-0.054277122020721436
base,0.525,0.5,10,1,10,1,0.5302028974259887,eval,0.53663045,1.0,24,0.025000000000000022,0.036630451679229736
base,0.575,0.5,11,1,11,9,0.5245800752222866,eval,0.5305638,1.0,24,0.07499999999999996,0.030563771724700928
base,0.575,0.5,11,1,11,12,0.5064557989281973,eval,0.511009,1.0,24,0.07499999999999996,0.011008977890014648
base,0.575,0.5,11,1,11,8,0.5891877828241733,eval,0.60027075,1.0,24,0.07499999999999996,0.10027074813842773
base,0.575,0.5,11,1,11,1,0.6433686190776534,eval,0.65872794,1.0,24,0.07499999999999996,0.15872794389724731
base,0.625,0.5,12,1,12,9,0.6607954906213157,eval,0.6775302,1.0,24,0.125,0.1775302290916443
base,0.625,0.5,12,1,12,12,0.5869416749872484,eval,0.59784734,1.0,24,0.125,0.0978473424911499
base,0.625,0.5,12,1,12,8,0.6467571355560034,eval,0.66238385,1.0,24,0.125,0.16238385438919067
base,0.625,0.5,12,1,12,1,0.7253961575842169,eval,0.7472296,1.0,24,0.125,0.24722957611083984
base,0.675,0.5,13,1,13,9,0.7164866401254424,eval,0.73761684,1.0,24,0.17500000000000004,0.23761683702468872
base,0.675,0.5,13,1,13,12,0.6796092971779658,eval,0.69782895,1.0,24,0.17500000000000004,0.19782894849777222
base,0.675,0.5,13,1,13,8,0.6073767944025039,eval,0.6198954,1.0,24,0.17500000000000004,0.11989539861679077
base,0.675,0.5,13,1,13,1,0.61320929552924,eval,0.6261882,1.0,24,0.17500000000000004,0.1261882185935974
base,0.725,0.5,14,1,14,9,0.6000224275413348,eval,0.61196053,1.0,24,0.22499999999999998,0.1119605302810669
base,0.725,0.5,14,1,14,12,0.6008191547218831,eval,0.61282015,1.0,24,0.22499999999999998,0.11282014846801758
base,0.725,0.5,14,1,14,8,0.8393233626629595,eval,0.8701487,1.0,24,0.22499999999999998,0.3701487183570862
base,0.725,0.5,14,1,14,1,0.9072011363328323,eval,0.9433839,1.0,24,0.22499999999999998,0.4433838725090027
base,0.775,0.5,15,1,15,9,0.7925538628567643,eval,0.8196878,1.0,24,0.275,0.31968778371810913
base,0.775,0.5,15,1,15,12,0.7472346328732713,eval,0.7707917,1.0,24,0.275,0.2707917094230652
base,0.775,0.5,15,1,15,8,0.586165110902335,eval,0.59700954,1.0,24,0.275,0.09700953960418701
base,0.775,0.5,15,1,15,1,0.6429569029986707,eval,0.65828365,1.0,24,0.275,0.15828365087509155
base,0.825,0.5,16,1,16,9,0.7929637473048593,eval,0.8201301,1.0,24,0.32499999999999996,0.3201301097869873
base,0.825,0.5,16,1,16,12,0.6784032613617612,eval,0.69652766,1.0,24,0.32499999999999996,0.1965276598930359
base,0.825,0.5,16,1,16,8,0.8036455371917013,eval,0.83165497,1.0,24,0.32499999999999996,0.33165496587753296
base,0.825,0.5,16,1,16,1,0.7588471978184781,eval,0.78332084,1.0,24,0.32499999999999996,0.2833208441734314
base,0.875,0.5,17,1,17,9,0.6845912051383966,eval,0.70320404,1.0,24,0.375,0.20320403575897217
base,0.875,0.5,17,1,17,12,0.8181772362058521,eval,0.8473336,1.0,24,0.375,0.3473336100578308
base,0.875,0.5,17,1,17,8,0.9415066065629245,eval,0.9803969,1.0,24,0.375,0.48039692640304565
base,0.875,0.5,17,1,17,1,0.9685049988114022,eval,1.0095261,1.0,24,0.375,0.5095261335372925
base,0.925,0.5,18,1,18,9,1.0208406680141398,eval,1.0659925,1.0,24,0.42500000000000004,0.5659924745559692
base,0.925,0.5,18,1,18,12,0.8063930346013513,eval,0.83461934,1.0,24,0.42500000000000004,0.33461934328079224
base,0.925,0.5,18,1,18,8,0.7911567480523145,eval,0.8181805,1.0,24,0.42500000000000004,0.31818050146102905
base,0.925,0.5,18,1,18,1,0.9299054613825312,eval,0.9678801,1.0,24,0.42500000000000004,0.4678800702095032
base,0.975,0.5,19,1,19,9,0.9388141319695699,eval,0.9774919,1.0,24,0.475,0.47749191522598267
base,0.975,0.5,19,1,19,12,0.8690939300539855,eval,0.902269,1.0,24,0.475,0.40226900577545166
base,0.975,0.5,19,1,19,8,1.0111253748643376,eval,1.0555103,1.0,24,0.475,0.5555102825164795
base,0.975,0.5,19,1,19,1,1.1752392583645255,eval,1.2325772,1.0,24,0.475,0.7325772047042847
curv,0.025,0.25,0,0,20,9,-0.06023900581258609,eval,-0.038871072,0.0,24,-0.225,-0.28887107223272324
curv,0.025,0.25,0,0,20,12,-0.14699106806582,eval,-0.06280502,0.0,24,-0.225,-0.31280501931905746
curv,0.025,0.25,0,0,20,8,0.1542893050193805,eval,0.15650861,0.0,24,-0.225,-0.09349139034748077
curv,0.025,0.25,0,0,20,1,0.04385191925124656,eval,0.037354745,0.0,24,-0.225,-0.2126452550292015
curv,0.025,0.25,0,0,21,9,-0.012731674369381461,eval,-0.018949792,0.0,24,-0.225,-0.26894979178905487
curv,0.025,0.25,0,0,21,12,0.1469354588732634,eval,0.14857434,0.0,24,-0.225,-0.1014256626367569
curv,0.025,0.25,0,0,21,8,0.07036712642569681,eval,0.06596272,0.0,24,-0.225,-0.18403728306293488
curv,0.025,0.25,0,0,21,1,-0.03831940901922267,eval,-0.029679514,0.0,24,-0.225,-0.2796795144677162
curv,0.075,0.25,1,0,22,9,0.08882003031483213,eval,0.08587204,0.0,24,-0.175,-0.16412796080112457
curv,0.075,0.25,1,0,22,12,0.12590590847395516,eval,0.12588498,0.0,24,-0.175,-0.12411502003669739
curv,0.075,0.25,1,0,22,8,-0.09401599429769265,eval,-0.053034797,0.0,24,-0.175,-0.30303479731082916
curv,0.075,0.25,1,0,22,1,0.03724364947671917,eval,0.03022492,0.0,24,-0.175,-0.21977508068084717
curv,0.075,0.25,1,0,23,9,0.22579094843471398,eval,0.23365362,0.0,24,-0.175,-0.01634638011455536
curv,0.075,0.25,1,0,23,12,-0.11674640434564944,eval,-0.06256636,0.0,24,-0.175,-0.3125663623213768
curv,0.075,0.25,1,0,23,8,0.0021804972564751224,eval,-0.007605657,0.0,24,-0.175,-0.2576056569814682
curv,0.075,0.25,1,0,23,1,-0.03411461176191956,eval,-0.027916312,0.0,24,-0.175,-0.2779163122177124
curv,0.125,0.25,2,0,24,9,0.10840667969937974,eval,0.1070046,0.0,24,-0.125,-0.14299540221691132
curv,0.125,0.25,2,0,24,12,0.06531724059521243,eval,0.060514256,0.0,24,-0.125,-0.18948574364185333
curv,0.125,0.25,2,0,24,8,0.24823034025042634,eval,0.25786406,1.0,24,-0.125,0.007864058017730713
curv,0.125,0.25,2,0,24,1,-0.002768016638660803,eval,-0.012944743,0.0,24,-0.125,-0.2629447430372238
curv,0.125,0.25,2,0,25,9,0.17224074969585104,eval,0.1758769,0.0,24,-0.125,-0.07412309944629669
curv,0.125,0.25,2,0,25,12,0.0579561400096926,eval,0.052572176,0.0,24,-0.125,-0.19742782413959503
curv,0.125,0.25,2,0,25,8,0.15483352450652943,eval,0.15709576,0.0,24,-0.125,-0.0929042398929596
curv,0.125,0.25,2,0,25,1,0.18804114907682318,eval,0.19292434,0.0,24,-0.125,-0.05707566440105438
curv,0.175,0.25,3,0,26,9,0.31235793768977616,eval,0.32705307,1.0,24,-0.07500000000000001,0.07705307006835938
curv,0.175,0.25,3,0,26,12,0.1059055871831403,eval,0.10430612,0.0,24,-0.07500000000000001,-0.14569388329982758
curv,0.175,0.25,3,0,26,8,0.17401410615100246,eval,0.17779021,0.0,24,-0.07500000000000001,-0.07220979034900665
curv,0.175,0.25,3,0,26,1,0.23311658124128057,eval,0.24155743,0.0,24,-0.07500000000000001,-0.00844256579875946
curv,0.175,0.25,3,0,27,9,0.22835505312737925,eval,0.23642008,0.0,24,-0.07500000000000001,-0.013579919934272766
curv,0.175,0.25,3,0,27,12,0.030311648744351605,eval,0.022745788,0.0,24,-0.07500000000000001,-0.2272542119026184
curv,0.175,0.25,3,0,27,8,0.219120059471549,eval,0.22645621,0.0,24,-0.07500000000000001,-0.023543789982795715
curv,0.175,0.25,3,0,27,1,0.30445588194411166,eval,0.31852734,1.0,24,-0.07500000000000001,0.06852734088897705
curv,0.225,0.25,4,0,28,9,0.3318564157418792,eval,0.34809047,1.0,24,-0.024999999999999994,0.09809046983718872
curv,0.225,0.25,4,0,28,12,0.30043857213684555,eval,0.31419295,1.0,24,-0.024999999999999994,0.06419295072555542
curv,0.225,0.25,4,0,28,8,0.2971048950005876,eval,0.31059617,1.0,24,-0.024999999999999994,0.06059616804122925
curv,0.225,0.25,4,0,28,1,0.1495394208740069,eval,0.15138382,0.0,24,-0.024999999999999994,-0.09861618280410767
curv,0.225,0.25,4,0,29,9,0.17734901410490445,eval,0.18138833,0.0,24,-0.024999999999999994,-0.06861166656017303
curv,0.225,0.25,4,0,29,12,0.1854136214492001,eval,0.19008945,0.0,24,-0.024999999999999994,-0.059910550713539124
curv,0.225,0.25,4,0,29,8,0.15415347634020068,eval,0.15636206,0.0,24,-0.024999999999999994,-0.09363794326782227
curv,0.225,0.25,4,0,29,1,0.3939107452443673,eval,0.41504252,1.0,24,-0.024999999999999994,0.16504251956939697
curv,0.275,0.25,5,1,30,9,0.3521049326473978,eval,0.36993712,1.0,24,0.025000000000000022,0.11993712186813354
curv,0.275,0.25,5,1,30,12,0.3218148909489514,eval,0.33725643,1.0,24,0.025000000000000022,0.08725643157958984
curv,0.275,0.25,5,1,30,8,0.2459599919927045,eval,0.2554146,1.0,24,0.025000000000000022,0.005414605140686035
curv,0.275,0.25,5,1,30,1,0.2462612292191334,eval,0.25573957,1.0,24,0.025000000000000022,0.005739569664001465
curv,0.325,0.25,6,1,31,9,0.31920239999303074,eval,0.33443773,1.0,24,0.07500000000000001,0.08443772792816162
curv,0.325,0.25,6,1,31,12,0.37767557651664274,eval,0.39752603,1.0,24,0.07500000000000001,0.14752602577209473
curv,0.325,0.25,6,1,31,8,0.339291364966682,eval,0.35611224,1.0,24,0.07500000000000001,0.10611224174499512
curv,0.325,0.25,6,1,31,1,0.4824408278844587,eval,0.51056,1.0,24,0.07500000000000001,0.26055997610092163
curv,0.375,0.25,7,1,32,9,0.48244112374891795,eval,0.51056033,1.0,24,0.125,0.2605603337287903
curv,0.375,0.25,7,1,32,12,0.5125445311670886,eval,0.5430397,1.0,24,0.125,0.2930396795272827
curv,0.375,0.25,7,1,32,8,0.3206042278212674,eval,0.3359502,1.0,24,0.125,0.08595019578933716
curv,0.375,0.25,7,1,32,1,0.3317214152817403,eval,0.34794486,1.0,24,0.125,0.09794485569000244
curv,0.425,0.25,8,1,33,9,0.32464404280078596,eval,0.34030885,1.0,24,0.175,0.09030884504318237
curv,0.425,0.25,8,1,33,12,0.24351277222568563,eval,0.25277418,1.0,24,0.175,0.002774178981781006
curv,0.425,0.25,8,1,33,8,0.4116548441462745,eval,0.4341871,1.0,24,0.175,0.184187114238739
curv,0.425,0.25,8,1,33,1,0.3514516707657725,eval,0.3692323,1.0,24,0.175,0.11923229694366455
curv,0.475,0.25,9,1,34,9,0.39704422467572553,eval,0.41842335,1.0,24,0.22499999999999998,0.1684233546257019
curv,0.475,0.25,9,1,34,12,0.6488602111424955,eval,0.6901143,1.0,24,0.22499999999999998,0.4401143193244934
curv,0.475,0.25,9,1,34,8,0.6047871761181993,eval,0.6425628,1.0,24,0.22499999999999998,0.3925628066062927
curv,0.475,0.25,9,1,34,1,0.49997853715586665,eval,0.5294819,1.0,24,0.22499999999999998,0.2794818878173828
curv,0.525,0.25,10,1,35,9,0.6518731572705383,eval,0.6933651,1.0,24,0.275,0.44336509704589844
curv,0.525,0.25,10,1,35,12,0.6518815273891231,eval,0.6933741,1.0,24,0.275,0.4433740973472595
curv,0.525,0.25,10,1,35,8,0.4282180135307945,eval,0.45205754,1.0,24,0.275,0.20205754041671753
curv,0.525,0.25,10,1,35,1,0.6281453084869473,eval,0.66776454,1.0,24,0.275,0.4177645444869995
curv,0.575,0.25,11,1,36,9,0.555391602743063,eval,0.58926857,1.0,24,0.32499999999999996,0.3392685651779175
curv,0.575,0.25,11,1,36,12,0.6323065992335506,eval,0.67225415,1.0,24,0.32499999999999996,0.42225414514541626
curv,0.575,0.25,11,1,36,8,0.767666270913514,eval,0.81829745,1.0,24,0.32499999999999996,0.5682974457740784
curv,0.575,0.25,11,1,36,1,0.5911009576715345,eval,0.6277963,1.0,24,0.32499999999999996,0.3777962923049927
curv,0.625,0.25,12,1,37,9,0.5891039353295531,eval,0.6256417,1.0,24,0.375,0.37564170360565186
curv,0.625,0.25,12,1,37,12,0.8633592229234116,eval,0.92154306,1.0,24,0.375,0.6715430617332458
curv,0.625,0.25,12,1,37,8,0.8129344377381986,eval,0.86713845,1.0,24,0.375,0.6171384453773499
curv,0.625,0.25,12,1,37,1,0.5664471175876663,eval,0.60119665,1.0,24,0.375,0.35119664669036865
curv,0.675,0.25,13,1,38,9,0.682757241935024,eval,0.7266868,1.0,24,0.42500000000000004,0.4766867756843567
curv,0.675,0.25,13,1,38,12,0.6954978597927232,eval,0.7404329,1.0,24,0.42500000000000004,0.4904329180717468
curv,0.675,0.25,13,1,38,8,0.503656056203569,eval,0.5334497,1.0,24,0.42500000000000004,0.2834497094154358
curv,0.675,0.25,13,1,38,1,0.5408780285923331,eval,0.57360953,1.0,24,0.42500000000000004,0.32360953092575073
curv,0.725,0.25,14,1,39,9,0.6560502542647139,eval,0.69787186,1.0,24,0.475,0.4478718638420105
curv,0.725,0.25,14,1,39,12,0.8071478916070218,eval,0.8608952,1.0,24,0.475,0.6108952164649963
curv,0.725,0.25,14,1,39,8,0.7108977334886978,eval,0.7570483,1.0,24,0.475,0.5070483088493347
curv,0.725,0.25,14,1,39,1,0.5848479785082572,eval,0.6210498,1.0,24,0.475,0.37104982137680054
flat,0.275,0.75,0,0,40,9,0.40819413685305606,eval,0.37953043,0.0,24,-0.475,-0.3704695701599121
flat,0.275,0.75,0,0,40,12,0.20115860187320406,eval,0.15615426,0.0,24,-0.475,-0.5938457399606705
flat,0.275,0.75,0,0,40,8,0.30926915696456797,eval,0.27279764,0.0,24,-0.475,-0.4772023558616638
flat,0.275,0.75,0,0,40,1,0.3252682849874866,eval,0.29005957,0.0,24,-0.475,-0.45994043350219727
flat,0.325,0.75,1,0,41,9,0.20008373483240952,eval,0.15499456,0.0,24,-0.425,-0.5950054377317429
flat,0.325,0.75,1,0,41,12,0.4384357407951828,eval,0.4121589,0.0,24,-0.425,-0.33784109354019165
flat,0.325,0.75,1,0,41,8,0.24891289124935712,eval,0.20767765,0.0,24,-0.425,-0.5423223525285721
flat,0.325,0.75,1,0,41,1,0.4239713033285805,eval,0.3965528,0.0,24,-0.425,-0.35344719886779785
flat,0.375,0.75,2,0,42,9,0.3599402001639595,eval,0.32746798,0.0,24,-0.375,-0.42253202199935913
flat,0.375,0.75,2,0,42,12,0.39178259697224144,eval,0.36182362,0.0,24,-0.375,-0.3881763815879822
flat,0.375,0.75,2,0,42,8,0.3008919496315271,eval,0.26375926,0.0,24,-0.375,-0.4862407445907593
flat,0.375,0.75,2,0,42,1,0.3585705407374709,eval,0.3259902,0.0,24,-0.375,-0.4240097999572754
flat,0.425,0.75,3,0,43,9,0.45969527857023623,eval,0.43509644,0.0,24,-0.325,-0.3149035573005676
flat,0.425,0.75,3,0,43,12,0.37987998551439534,eval,0.34898156,0.0,24,-0.325,-0.4010184407234192
flat,0.425,0.75,3,0,43,8,0.40125843032654535,eval,0.3720473,0.0,24,-0.325,-0.3779526948928833
flat,0.425,0.75,3,0,43,1,0.3175635141771565,eval,0.28174663,0.0,24,-0.325,-0.46825337409973145
flat,0.475,0.75,4,0,44,9,0.46455529309334376,eval,0.44033998,0.0,24,-0.275,-0.30966001749038696
flat,0.475,0.75,4,0,44,12,0.6866939198315876,eval,0.6800112,0.0,24,-0.275,-0.06998878717422485
flat,0.475,0.75,4,0,44,8,0.548917808711155,eval,0.53136104,0.0,24,-0.275,-0.21863895654678345
flat,0.475,0.75,4,0,44,1,0.5623042152621707,eval,0.54580384,0.0,24,-0.275,-0.20419615507125854
flat,0.525,0.75,5,0,45,9,0.4447712454632119,eval,0.4189945,0.0,24,-0.22499999999999998,-0.3310055136680603
flat,0.525,0.75,5,0,45,12,0.49452003354591684,eval,0.47266978,0.0,24,-0.22499999999999998,-0.277330219745636
flat,0.525,0.75,5,0,45,8,0.4738666161052906,eval,0.45038623,0.0,24,-0.22499999999999998,-0.2996137738227844
flat,0.525,0.75,5,0,45,1,0.39696060552854273,eval,0.3674103,0.0,24,-0.22499999999999998,-0.3825896978378296
flat,0.575,0.75,6,0,46,9,0.48816108032474786,eval,0.46580893,0.0,24,-0.17500000000000004,-0.2841910719871521
flat,0.575,0.75,6,0,46,12,0.5758861327608518,eval,0.5604578,0.0,24,-0.17500000000000004,-0.18954217433929443
flat,0.575,0.75,6,0,46,8,0.7576693811620117,eval,0.7565886,1.0,24,-0.17500000000000004,0.006588578224182129
flat,0.575,0.75,6,0,46,1,0.5036931904940727,eval,0.4825669,0.0,24,-0.17500000000000004,-0.2674331068992615
flat,0.625,0.75,7,0,47,9,0.6675394425820824,eval,0.659345,0.0,24,-0.125,-0.09065502882003784
flat,0.625,0.75,7,0,47,12,0.6052720042673871,eval,0.59216297,0.0,24,-0.125,-0.15783703327178955
flat,0.625,0.75,7,0,47,8,0.6539974002338532,eval,0.64473414,0.0,24,-0.125,-0.10526585578918457
flat,0.625,0.75,7,0,47,1,0.6871017853540099,eval,0.68045133,0.0,24,-0.125,-0.06954866647720337
flat,0.675,0.75,8,0,48,9,0.57195195498333,eval,0.5562131,0.0,24,-0.07499999999999996,-0.19378691911697388
flat,0.675,0.75,8,0,48,12,0.5994329086763519,eval,0.585863,0.0,24,-0.07499999999999996,-0.16413700580596924
flat,0.675,0.75,8,0,48,8,0.6647424715916677,eval,0.6563273,0.0,24,-0.07499999999999996,-0.09367269277572632
flat,0.675,0.75,8,0,48,1,0.44998588264254086,eval,0.4246207,0.0,24,-0.07499999999999996,-0.32537931203842163
flat,0.725,0.75,9,0,49,9,0.789624270571504,eval,0.79106563,1.0,24,-0.025000000000000022,0.04106563329696655
flat,0.725,0.75,9,0,49,12,0.7781272400530428,eval,0.77866113,1.0,24,-0.025000000000000022,0.028661131858825684
flat,0.725,0.75,9,0,49,8,0.8699259685131457,eval,0.8777053,1.0,24,-0.025000000000000022,0.12770527601242065
flat,0.725,0.75,9,0,49,1,0.7636369597566306,eval,0.76302725,1.0,24,-0.025000000000000022,0.01302725076675415
flat,0.775,0.75,10,1,50,9,0.6225851636354708,eval,0.61084265,0.0,24,0.025000000000000022,-0.13915735483169556
flat,0.775,0.75,10,1,50,12,0.8488409603732732,eval,0.854956,1.0,24,0.025000000000000022,0.10495597124099731
flat,0.775,0.75,10,1,50,8,0.8376281195060352,eval,0.84285825,1.0,24,0.025000000000000022,0.09285825490951538
flat,0.775,0.75,10,1,50,1,0.7168359163590498,eval,0.7125323,0.0,24,0.025000000000000022,-0.03746771812438965
flat,0.775,0.75,10,1,51,9,0.7195016903283316,eval,0.71540844,0.0,24,0.025000000000000022,-0.03459155559539795
flat,0.775,0.75,10,1,51,12,0.8104372527738726,eval,0.81352127,1.0,24,0.025000000000000022,0.06352126598358154
flat,0.775,0.75,10,1,51,8,0.8119286775687574,eval,0.8151304,1.0,24,0.025000000000000022,0.06513041257858276
flat,0.775,0.75,10,1,51,1,0.7859279697477815,eval,0.7870775,1.0,24,0.025000000000000022,0.037077486515045166
flat,0.825,0.75,11,1,52,9,0.8286306022369746,eval,0.83315057,1.0,24,0.07499999999999996,0.08315056562423706
flat,0.825,0.75,11,1,52,12,0.5889421738555064,eval,0.5745443,0.0,24,0.07499999999999996,-0.17545568943023682
flat,0.825,0.75,11,1,52,8,0.7918859617230475,eval,0.7935058,1.0,24,0.07499999999999996,0.04350578784942627
flat,0.825,0.75,11,1,52,1,0.8174298473779177,eval,0.8210657,1.0,24,0.07499999999999996,0.07106572389602661
flat,0.825,0.75,11,1,53,9,0.6997848056555384,eval,0.69413537,0.0,24,0.07499999999999996,-0.05586463212966919
flat,0.825,0.75,11,1,53,12,0.9257997003423085,eval,0.93798894,1.0,24,0.07499999999999996,0.18798893690109253
flat,0.825,0.75,11,1,53,8,1.006398561389275,eval,1.0249491,1.0,24,0.07499999999999996,0.2749490737915039
flat,0.825,0.75,11,1,53,1,0.8452114395043959,eval,0.85104007,1.0,24,0.07499999999999996,0.1010400652885437
flat,0.875,0.75,12,1,54,9,0.9402010863526592,eval,0.9535269,1.0,24,0.125,0.20352691411972046
flat,0.875,0.75,12,1,54,12,0.8399761650176906,eval,0.8453917,1.0,24,0.125,0.09539169073104858
flat,0.875,0.75,12,1,54,8,0.9561821589739987,eval,0.97076935,1.0,24,0.125,0.22076934576034546
flat,0.875,0.75,12,1,54,1,0.9444171936707009,eval,0.9580757,1.0,24,0.125,0.20807570219039917
flat,0.875,0.75,12,1,55,9,0.8731461186690498,eval,0.8811795,1.0,24,0.125,0.13117951154708862
flat,0.875,0.75,12,1,55,12,0.7533676588110694,eval,0.75194734,1.0,24,0.125,0.0019473433494567871
flat,0.875,0.75,12,1,55,8,0.8546588664055288,eval,0.8612332,1.0,24,0.125,0.1112331748008728
flat,0.875,0.75,12,1,55,1,0.7991630249101591,eval,0.8013572,1.0,24,0.125,0.0513572096824646
flat,0.925,0.75,13,1,56,9,0.8213926318410458,eval,0.82534134,1.0,24,0.17500000000000004,0.07534134387969971
flat,0.925,0.75,13,1,56,12,0.9853280959050975,eval,1.0022155,1.0,24,0.17500000000000004,0.25221550464630127
flat,0.925,0.75,13,1,56,8,0.7672800849317296,eval,0.7669578,1.0,24,0.17500000000000004,0.01695781946182251
flat,0.925,0.75,13,1,56,1,1.0670982022311917,eval,1.0904397,1.0,24,0.17500000000000004,0.34043967723846436
flat,0.925,0.75,13,1,57,9,0.7731111770249605,eval,0.77324915,1.0,24,0.17500000000000004,0.023249149322509766
flat,0.925,0.75,13,1,57,12,0.9812849420373864,eval,0.99785334,1.0,24,0.17500000000000004,0.2478533387184143
flat,0.925,0.75,13,1,57,8,0.9622951541761923,eval,0.97736484,1.0,24,0.17500000000000004,0.22736483812332153
flat,0.925,0.75,13,1,57,1,0.9976093788947765,eval,1.0154661,1.0,24,0.17500000000000004,0.2654660940170288
flat,0.975,0.75,14,1,58,9,0.8184410628627359,eval,0.8221567,1.0,24,0.22499999999999998,0.07215672731399536
flat,0.975,0.75,14,1,58,12,0.8706926297718663,eval,0.87853235,1.0,24,0.22499999999999998,0.12853235006332397
flat,0.975,0.75,14,1,58,8,0.8606259907898409,eval,0.8676712,1.0,24,0.22499999999999998,0.1176711916923523
flat,0.975,0.75,14,1,58,1,1.0593732662303268,eval,1.0821048,1.0,24,0.22499999999999998,0.33210480213165283
flat,0.975,0.75,14,1,59,9,0.9801033945130329,eval,0.9965785,1.0,24,0.22499999999999998,0.24657851457595825
flat,0.975,0.75,14,1,59,12,1.2222435678832566,eval,1.25783,1.0,24,0.22499999999999998,0.507830023765564
flat,0.975,0.75,14,1,59,8,0.8034054048241679,eval,0.80593437,1.0,24,0.22499999999999998,0.055934369564056396
flat,0.975,0.75,14,1,59,1,1.0914863981111027,eval,1.1167526,1.0,24,0.22499999999999998,0.36675262451171875
base,0.025,0.5,0,0,0,9,-0.002915150546776414,eval,0.18960506,0.0,25,-0.475,-0.31039494276046753
base,0.025,0.5,0,0,0,12,0.06907067447635609,eval,0.23649311,0.0,25,-0.475,-0.2635068893432617
base,0.025,0.5,0,0,0,8,0.07970956613393337,eval,0.24342278,0.0,25,-0.475,-0.2565772235393524
base,0.025,0.5,0,0,0,1,-0.018643524714322124,eval,0.17936036,0.0,25,-0.475,-0.32063964009284973
base,0.075,0.5,1,0,1,9,0.10314711025906223,eval,0.2586889,0.0,25,-0.425,-0.24131110310554504
base,0.075,0.5,1,0,1,12,0.10925153909534122,eval,0.26266497,0.0,25,-0.425,-0.23733502626419067
base,0.075,0.5,1,0,1,8,0.2513759069559374,eval,0.3552379,0.0,25,-0.425,-0.1447620987892151
base,0.075,0.5,1,0,1,1,-0.041980190777286416,eval,0.16415995,0.0,25,-0.425,-0.33584004640579224
base,0.125,0.5,2,0,2,9,0.2532481233683165,eval,0.3564574,0.0,25,-0.375,-0.1435425877571106
base,0.125,0.5,2,0,2,12,0.17239470669880136,eval,0.3037934,0.0,25,-0.375,-0.19620659947395325
base,0.125,0.5,2,0,2,8,0.07632387892071708,eval,0.24121752,0.0,25,-0.375,-0.2587824761867523
base,0.125,0.5,2,0,2,1,0.2989367877130134,eval,0.38621676,0.0,25,-0.375,-0.11378324031829834
base,0.175,0.5,3,0,3,9,0.2032451825285249,eval,0.3238879,0.0,25,-0.325,-0.1761120855808258
base,0.175,0.5,3,0,3,12,0.1482691568046723,eval,0.28807917,0.0,25,-0.325,-0.211920827627182
base,0.175,0.5,3,0,3,8,0.18441541561970465,eval,0.3116231,0.0,25,-0.325,-0.18837690353393555
base,0.175,0.5,3,0,3,1,0.1254089271557848,eval,0.27318913,0.0,25,-0.325,-0.22681087255477905
base,0.225,0.5,4,0,4,9,0.3056019527170751,eval,0.39055806,0.0,25,-0.275,-0.10944193601608276
base,0.225,0.5,4,0,4,12,0.3438327862596402,eval,0.4154598,0.0,25,-0.275,-0.08454018831253052
base,0.225,0.5,4,0,4,8,0.15444720452789168,eval,0.29210323,0.0,25,-0.275,-0.20789676904678345
base,0.225,0.5,4,0,4,1,0.2578969629460202,eval,0.3594854,0.0,25,-0.275,-0.14051461219787598
base,0.275,0.5,5,0,5,9,0.15241172947768455,eval,0.29077744,0.0,25,-0.22499999999999998,-0.20922255516052246
base,0.275,0.5,5,0,5,12,0.24014279349858433,eval,0.3479212,0.0,25,-0.22499999999999998,-0.1520788073539734
base,0.275,0.5,5,0,5,8,0.15737429350797189,eval,0.2940098,0.0,25,-0.22499999999999998,-0.20599019527435303
base,0.275,0.5,5,0,5,1,0.24914274545260762,eval,0.35378337,0.0,25,-0.22499999999999998,-0.14621663093566895
base,0.325,0.5,6,0,6,9,0.32274678225324427,eval,0.4017254,0.0,25,-0.175,-0.0982745885848999
base,0.325,0.5,6,0,6,12,0.17876480748448073,eval,0.30794257,0.0,25,-0.175,-0.19205743074417114
base,0.325,0.5,6,0,6,8,0.2536892033263042,eval,0.3567447,0.0,25,-0.175,-0.1432552933692932
base,0.325,0.5,6,0,6,1,0.48334728788021225,eval,0.5063328,1.0,25,-0.175,0.006332814693450928
base,0.375,0.5,7,0,7,9,0.3874211319304505,eval,0.44385117,0.0,25,-0.125,-0.05614882707595825
base,0.375,0.5,7,0,7,12,0.4599783613618451,eval,0.49111146,0.0,25,-0.125,-0.008888542652130127
base,0.375,0.5,7,0,7,8,0.3405001475914213,eval,0.41328913,0.0,25,-0.125,-0.0867108702659607
base,0.375,0.5,7,0,7,1,0.5070360987081839,eval,0.52176255,1.0,25,-0.125,0.021762549877166748
base,0.425,0.5,8,0,8,9,0.5112246184619911,eval,0.5244908,1.0,25,-0.07500000000000001,0.024490773677825928
base,0.425,0.5,8,0,8,12,0.6100702779951481,eval,0.58887404,1.0,25,-0.07500000000000001,0.08887404203414917
base,0.425,0.5,8,0,8,8,0.5605438028669814,eval,0.5566149,1.0,25,-0.07500000000000001,0.05661487579345703
base,0.425,0.5,8,0,8,1,0.4883352622824915,eval,0.50958174,1.0,25,-0.07500000000000001,0.00958174467086792
base,0.475,0.5,9,0,9,9,0.4866060673431017,eval,0.50845546,1.0,25,-0.025000000000000022,0.008455455303192139
base,0.475,0.5,9,0,9,12,0.3789848880709369,eval,0.43835622,0.0,25,-0.025000000000000022,-0.061643779277801514
base,0.475,0.5,9,0,9,8,0.4752211602573378,eval,0.50103986,1.0,25,-0.025000000000000022,0.0010398626327514648
base,0.475,0.5,9,0,9,1,0.2546490119353349,eval,0.35736984,0.0,25,-0.025000000000000022,-0.14263015985488892
base,0.525,0.5,10,1,10,9,0.6054078958119873,eval,0.5858372,1.0,25,0.025000000000000022,0.08583718538284302
base,0.525,0.5,10,1,10,12,0.5148368870407144,eval,0.5268436,1.0,25,0.025000000000000022,0.026843607425689697
base,0.525,0.5,10,1,10,8,0.44594551903321245,eval,0.48197109,0.0,25,0.025000000000000022,-0.01802891492843628
base,0.525,0.5,10,1,10,1,0.5302028974259887,eval,0.5368523,1.0,25,0.025000000000000022,0.03685230016708374
base,0.575,0.5,11,1,11,9,0.5245800752222866,eval,0.53318983,1.0,25,0.07499999999999996,0.03318983316421509
base,0.575,0.5,11,1,11,12,0.5064557989281973,eval,0.5213846,1.0,25,0.07499999999999996,0.021384596824645996
base,0.575,0.5,11,1,11,8,0.5891877828241733,eval,0.5752722,1.0,25,0.07499999999999996,0.07527220249176025
base,0.575,0.5,11,1,11,1,0.6433686190776534,eval,0.61056286,1.0,25,0.07499999999999996,0.11056286096572876
base,0.625,0.5,12,1,12,9,0.6607954906213157,eval,0.62191397,1.0,25,0.125,0.12191396951675415
base,0.625,0.5,12,1,12,12,0.5869416749872484,eval,0.5738092,1.0,25,0.125,0.07380920648574829
base,0.625,0.5,12,1,12,8,0.6467571355560034,eval,0.61277,1.0,25,0.125,0.11277002096176147
base,0.625,0.5,12,1,12,1,0.7253961575842169,eval,0.66399175,1.0,25,0.125,0.1639917492866516
base,0.675,0.5,13,1,13,9,0.7164866401254424,eval,0.6581885,1.0,25,0.17500000000000004,0.15818852186203003
base,0.675,0.5,13,1,13,12,0.6796092971779658,eval,0.6341683,1.0,25,0.17500000000000004,0.1341683268547058
base,0.675,0.5,13,1,13,8,0.6073767944025039,eval,0.58711964,1.0,25,0.17500000000000004,0.08711963891983032
base,0.675,0.5,13,1,13,1,0.61320929552924,eval,0.5909186,1.0,25,0.17500000000000004,0.09091860055923462
base,0.725,0.5,14,1,14,9,0.6000224275413348,eval,0.58232933,1.0,25,0.22499999999999998,0.08232933282852173
base,0.725,0.5,14,1,14,12,0.6008191547218831,eval,0.5828483,1.0,25,0.22499999999999998,0.08284831047058105
base,0.725,0.5,14,1,14,8,0.8393233626629595,eval,0.73819834,1.0,25,0.22499999999999998,0.23819833993911743
base,0.725,0.5,14,1,14,1,0.9072011363328323,eval,0.7824107,1.0,25,0.22499999999999998,0.2824106812477112
base,0.775,0.5,15,1,15,9,0.7925538628567643,eval,0.707735,1.0,25,0.275,0.20773500204086304
base,0.775,0.5,15,1,15,12,0.7472346328732713,eval,0.6782163,1.0,25,0.275,0.17821627855300903
base,0.775,0.5,15,1,15,8,0.586165110902335,eval,0.5733034,1.0,25,0.275,0.07330340147018433
base,0.775,0.5,15,1,15,1,0.6429569029986707,eval,0.61029476,1.0,25,0.275,0.11029475927352905
base,0.825,0.5,16,1,16,9,0.7929637473048593,eval,0.70800203,1.0,25,0.32499999999999996,0.2080020308494568
base,0.825,0.5,16,1,16,12,0.6784032613617612,eval,0.63338286,1.0,25,0.32499999999999996,0.1333828568458557
base,0.825,0.5,16,1,16,8,0.8036455371917013,eval,0.71495956,1.0,25,0.32499999999999996,0.21495956182479858
base,0.825,0.5,16,1,16,1,0.7588471978184781,eval,0.68578005,1.0,25,0.32499999999999996,0.18578004837036133
base,0.875,0.5,17,1,17,9,0.6845912051383966,eval,0.6374134,1.0,25,0.375,0.1374133825302124
base,0.875,0.5,17,1,17,12,0.8181772362058521,eval,0.7244248,1.0,25,0.375,0.22442477941513062
base,0.875,0.5,17,1,17,8,0.9415066065629245,eval,0.8047555,1.0,25,0.375,0.3047555088996887
base,0.875,0.5,17,1,17,1,0.9685049988114022,eval,0.822341,1.0,25,0.375,0.32234102487564087
base,0.925,0.5,18,1,18,9,1.0208406680141398,eval,0.8564299,1.0,25,0.42500000000000004,0.3564298748970032
base,0.925,0.5,18,1,18,12,0.8063930346013513,eval,0.7167491,1.0,25,0.42500000000000004,0.21674907207489014
base,0.925,0.5,18,1,18,8,0.7911567480523145,eval,0.706825,1.0,25,0.42500000000000004,0.20682501792907715
base,0.925,0.5,18,1,18,1,0.9299054613825312,eval,0.7971992,1.0,25,0.42500000000000004,0.29719918966293335
base,0.975,0.5,19,1,19,9,0.9388141319695699,eval,0.8030018,1.0,25,0.475,0.3030018210411072
base,0.975,0.5,19,1,19,12,0.8690939300539855,eval,0.75758946,1.0,25,0.475,0.2575894594192505
base,0.975,0.5,19,1,19,8,1.0111253748643376,eval,0.85010177,1.0,25,0.475,0.3501017689704895
base,0.975,0.5,19,1,19,1,1.1752392583645255,eval,0.95637923,1.0,25,0.475,0.456379234790802
curv,0.025,0.25,0,0,20,9,-0.06023900581258609,eval,0.068479866,0.0,25,-0.225,-0.18152013421058655
curv,0.025,0.25,0,0,20,12,-0.14699106806582,eval,0.0119737685,0.0,25,-0.225,-0.2380262315273285
curv,0.025,0.25,0,0,20,8,0.1542893050193805,eval,0.20821321,0.0,25,-0.225,-0.041786789894104004
curv,0.025,0.25,0,0,20,1,0.04385191925124656,eval,0.13627964,0.0,25,-0.225,-0.1137203574180603
curv,0.025,0.25,0,0,21,9,-0.012731674369381461,eval,0.099423826,0.0,25,-0.225,-0.1505761742591858
curv,0.025,0.25,0,0,21,12,0.1469354588732634,eval,0.20342332,0.0,25,-0.225,-0.04657667875289917
curv,0.025,0.25,0,0,21,8,0.07036712642569681,eval,0.15355039,0.0,25,-0.225,-0.09644961357116699
curv,0.025,0.25,0,0,21,1,-0.03831940901922267,eval,0.08275725,0.0,25,-0.225,-0.16724275052547455
curv,0.075,0.25,1,0,22,9,0.08882003031483213,eval,0.16556972,0.0,25,-0.175,-0.0844302773475647
curv,0.075,0.25,1,0,22,12,0.12590590847395516,eval,0.18972564,0.0,25,-0.175,-0.060274362564086914
curv,0.075,0.25,1,0,22,8,-0.09401599429769265,eval,0.046479195,0.0,25,-0.175,-0.20352080464363098
curv,0.075,0.25,1,0,22,1,0.03724364947671917,eval,0.13197535,0.0,25,-0.175,-0.11802464723587036
curv,0.075,0.25,1,0,23,9,0.22579094843471398,eval,0.25478595,1.0,25,-0.175,0.00478595495223999
curv,0.075,0.25,1,0,23,12,-0.11674640434564944,eval,0.031673685,0.0,25,-0.175,-0.21832631528377533
curv,0.075,0.25,1,0,23,8,0.0021804972564751224,eval,0.10913694,0.0,25,-0.175,-0.1408630609512329
curv,0.075,0.25,1,0,23,1,-0.03411461176191956,eval,0.08549604,0.0,25,-0.175,-0.16450396180152893
curv,0.125,0.25,2,0,24,9,0.10840667969937974,eval,0.17832747,0.0,25,-0.125,-0.07167252898216248
curv,0.125,0.25,2,0,24,12,0.06531724059521243,eval,0.1502611,0.0,25,-0.125,-0.09973889589309692
curv,0.125,0.25,2,0,24,8,0.24823034025042634,eval,0.26940185,1.0,25,-0.125,0.019401848316192627
curv,0.125,0.25,2,0,24,1,-0.002768016638660803,eval,0.1059137,0.0,25,-0.125,-0.1440863013267517
curv,0.125,0.25,2,0,25,9,0.17224074969585104,eval,0.21990591,0.0,25,-0.125,-0.03009408712387085
curv,0.125,0.25,2,0,25,12,0.0579561400096926,eval,0.14546645,0.0,25,-0.125,-0.10453355312347412
curv,0.125,0.25,2,0,25,8,0.15483352450652943,eval,0.20856768,0.0,25,-0.125,-0.041432321071624756
curv,0.125,0.25,2,0,25,1,0.18804114907682318,eval,0.23019752,0.0,25,-0.125,-0.019802480936050415
curv,0.175,0.25,3,0,26,9,0.31235793768977616,eval,0.3111714,1.0,25,-0.07500000000000001,0.06117141246795654
curv,0.175,0.25,3,0,26,12,0.1059055871831403,eval,0.17669842,0.0,25,-0.07500000000000001,-0.07330158352851868
curv,0.175,0.25,3,0,26,8,0.17401410615100246,eval,0.22106099,0.0,25,-0.07500000000000001,-0.028939008712768555
curv,0.175,0.25,3,0,26,1,0.23311658124128057,eval,0.2595575,1.0,25,-0.07500000000000001,0.009557485580444336
curv,0.175,0.25,3,0,27,9,0.22835505312737925,eval,0.25645608,1.0,25,-0.07500000000000001,0.0064560770988464355
curv,0.175,0.25,3,0,27,12,0.030311648744351605,eval,0.12746018,0.0,25,-0.07500000000000001,-0.12253981828689575
curv,0.175,0.25,3,0,27,8,0.219120059471549,eval,0.2504408,1.0,25,-0.07500000000000001,0.00044080615043640137
curv,0.175,0.25,3,0,27,1,0.30445588194411166,eval,0.3060244,1.0,25,-0.07500000000000001,0.056024402379989624
curv,0.225,0.25,4,0,28,9,0.3318564157418792,eval,0.32387182,1.0,25,-0.024999999999999994,0.07387182116508484
curv,0.225,0.25,4,0,28,12,0.30043857213684555,eval,0.3034078,1.0,25,-0.024999999999999994,0.05340778827667236
curv,0.225,0.25,4,0,28,8,0.2971048950005876,eval,0.3012364,1.0,25,-0.024999999999999994,0.05123639106750488
curv,0.225,0.25,4,0,28,1,0.1495394208740069,eval,0.20511937,0.0,25,-0.024999999999999994,-0.04488062858581543
curv,0.225,0.25,4,0,29,9,0.17734901410490445,eval,0.22323316,0.0,25,-0.024999999999999994,-0.026766836643218994
curv,0.225,0.25,4,0,29,12,0.1854136214492001,eval,0.22848609,0.0,25,-0.024999999999999994,-0.021513909101486206
curv,0.225,0.25,4,0,29,8,0.15415347634020068,eval,0.20812476,0.0,25,-0.024999999999999994,-0.041875243186950684
curv,0.225,0.25,4,0,29,1,0.3939107452443673,eval,0.364291,1.0,25,-0.024999999999999994,0.11429101228713989
curv,0.275,0.25,5,1,30,9,0.3521049326473978,eval,0.33706075,1.0,25,0.025000000000000022,0.08706074953079224
curv,0.275,0.25,5,1,30,12,0.3218148909489514,eval,0.31733128,1.0,25,0.025000000000000022,0.06733128428459167
curv,0.275,0.25,5,1,30,8,0.2459599919927045,eval,0.26792306,1.0,25,0.025000000000000022,0.017923057079315186
curv,0.275,0.25,5,1,30,1,0.2462612292191334,eval,0.26811922,1.0,25,0.025000000000000022,0.018119215965270996
curv,0.325,0.25,6,1,31,9,0.31920239999303074,eval,0.3156296,1.0,25,0.07500000000000001,0.06562960147857666
curv,0.325,0.25,6,1,31,12,0.37767557651664274,eval,0.3537162,1.0,25,0.07500000000000001,0.10371619462966919
curv,0.325,0.25,6,1,31,8,0.339291364966682,eval,0.32871455,1.0,25,0.07500000000000001,0.07871454954147339
curv,0.325,0.25,6,1,31,1,0.4824408278844587,eval,0.42195523,1.0,25,0.07500000000000001,0.17195522785186768
curv,0.375,0.25,7,1,32,9,0.48244112374891795,eval,0.4219554,1.0,25,0.125,0.171955406665802
curv,0.375,0.25,7,1,32,12,0.5125445311670886,eval,0.4415633,1.0,25,0.125,0.19156330823898315
curv,0.375,0.25,7,1,32,8,0.3206042278212674,eval,0.31654269,1.0,25,0.125,0.06654268503189087
curv,0.375,0.25,7,1,32,1,0.3317214152817403,eval,0.32378393,1.0,25,0.125,0.07378393411636353
curv,0.425,0.25,8,1,33,9,0.32464404280078596,eval,0.319174,1.0,25,0.175,0.06917399168014526
curv,0.425,0.25,8,1,33,12,0.24351277222568563,eval,0.26632905,1.0,25,0.175,0.016329050064086914
curv,0.425,0.25,8,1,33,8,0.4116548441462745,eval,0.37584865,1.0,25,0.175,0.125848650932312
curv,0.425,0.25,8,1,33,1,0.3514516707657725,eval,0.33663523,1.0,25,0.175,0.08663523197174072
curv,0.475,0.25,9,1,34,9,0.39704422467572553,eval,0.366332,1.0,25,0.22499999999999998,0.11633199453353882
curv,0.475,0.25,9,1,34,12,0.6488602111424955,eval,0.53035265,1.0,25,0.22499999999999998,0.2803526520729065
curv,0.475,0.25,9,1,34,8,0.6047871761181993,eval,0.5016457,1.0,25,0.22499999999999998,0.25164568424224854
curv,0.475,0.25,9,1,34,1,0.49997853715586665,eval,0.43337846,1.0,25,0.22499999999999998,0.1833784580230713
curv,0.525,0.25,10,1,35,9,0.6518731572705383,eval,0.53231525,1.0,25,0.275,0.2823152542114258
curv,0.525,0.25,10,1,35,12,0.6518815273891231,eval,0.53232056,1.0,25,0.275,0.2823205590248108
curv,0.525,0.25,10,1,35,8,0.4282180135307945,eval,0.3866371,1.0,25,0.275,0.13663709163665771
curv,0.525,0.25,10,1,35,1,0.6281453084869473,eval,0.51686007,1.0,25,0.275,0.26686006784439087
curv,0.575,0.25,11,1,36,9,0.555391602743063,eval,0.46947175,1.0,25,0.32499999999999996,0.2194717526435852
curv,0.575,0.25,11,1,36,12,0.6323065992335506,eval,0.5195705,1.0,25,0.32499999999999996,0.269570529460907
curv,0.575,0.25,11,1,36,8,0.767666270913514,eval,0.6077372,1.0,25,0.32499999999999996,0.3577371835708618
curv,0.575,0.25,11,1,36,1,0.5911009576715345,eval,0.4927311,1.0,25,0.32499999999999996,0.24273109436035156
curv,0.625,0.25,12,1,37,9,0.5891039353295531,eval,0.49143034,1.0,25,0.375,0.2414303421974182
curv,0.625,0.25,12,1,37,12,0.8633592229234116,eval,0.670067,1.0,25,0.375,0.4200670123100281
curv,0.625,0.25,12,1,37,8,0.8129344377381986,eval,0.63722277,1.0,25,0.375,0.3872227668762207
curv,0.625,0.25,12,1,37,1,0.5664471175876663,eval,0.47667283,1.0,25,0.375,0.22667282819747925
curv,0.675,0.25,13,1,38,9,0.682757241935024,eval,0.5524316,1.0,25,0.42500000000000004,0.302431583404541
curv,0.675,0.25,13,1,38,12,0.6954978597927232,eval,0.5607303,1.0,25,0.42500000000000004,0.3107302784919739
curv,0.675,0.25,13,1,38,8,0.503656056203569,eval,0.4357738,1.0,25,0.42500000000000004,0.1857737898826599
curv,0.675,0.25,13,1,38,1,0.5408780285923331,eval,0.4600184,1.0,25,0.42500000000000004,0.21001839637756348
curv,0.725,0.25,14,1,39,9,0.6560502542647139,eval,0.535036,1.0,25,0.475,0.28503602743148804
curv,0.725,0.25,14,1,39,12,0.8071478916070218,eval,0.6334536,1.0,25,0.475,0.3834536075592041
curv,0.725,0.25,14,1,39,8,0.7108977334886978,eval,0.57076097,1.0,25,0.475,0.32076096534729004
curv,0.725,0.25,14,1,39,1,0.5848479785082572,eval,0.48865825,1.0,25,0.475,0.23865824937820435
flat,0.275,0.75,0,0,40,9,0.40819413685305606,eval,0.54116887,0.0,25,-0.475,-0.20883113145828247
flat,0.275,0.75,0,0,40,12,0.20115860187320406,eval,0.40631598,0.0,25,-0.475,-0.34368401765823364
flat,0.275,0.75,0,0,40,8,0.30926915696456797,eval,0.47673398,0.0,25,-0.475,-0.2732660174369812
flat,0.275,0.75,0,0,40,1,0.3252682849874866,eval,0.48715502,0.0,25,-0.475,-0.262844979763031
flat,0.325,0.75,1,0,41,9,0.20008373483240952,eval,0.40561587,0.0,25,-0.425,-0.3443841338157654
flat,0.325,0.75,1,0,41,12,0.4384357407951828,eval,0.5608668,0.0,25,-0.425,-0.18913322687149048
flat,0.325,0.75,1,0,41,8,0.24891289124935712,eval,0.4374208,0.0,25,-0.425,-0.3125792145729065
flat,0.325,0.75,1,0,41,1,0.4239713033285805,eval,0.55144536,0.0,25,-0.425,-0.1985546350479126
flat,0.375,0.75,2,0,42,9,0.3599402001639595,eval,0.5097386,0.0,25,-0.375,-0.24026137590408325
flat,0.375,0.75,2,0,42,12,0.39178259697224144,eval,0.53047925,0.0,25,-0.375,-0.21952074766159058
flat,0.375,0.75,2,0,42,8,0.3008919496315271,eval,0.47127748,0.0,25,-0.375,-0.27872252464294434
flat,0.375,0.75,2,0,42,1,0.3585705407374709,eval,0.5088465,0.0,25,-0.375,-0.24115347862243652
flat,0.425,0.75,3,0,43,9,0.45969527857023623,eval,0.57471424,0.0,25,-0.325,-0.17528575658798218
flat,0.425,0.75,3,0,43,12,0.37987998551439534,eval,0.5227265,0.0,25,-0.325,-0.22727352380752563
flat,0.425,0.75,3,0,43,8,0.40125843032654535,eval,0.5366513,0.0,25,-0.325,-0.21334868669509888
flat,0.425,0.75,3,0,43,1,0.3175635141771565,eval,0.4821365,0.0,25,-0.325,-0.26786351203918457
flat,0.475,0.75,4,0,44,9,0.46455529309334376,eval,0.57787985,0.0,25,-0.275,-0.17212015390396118
flat,0.475,0.75,4,0,44,12,0.6866939198315876,eval,0.7225701,0.0,25,-0.275,-0.02742987871170044
flat,0.475,0.75,4,0,44,8,0.548917808711155,eval,0.6328295,0.0,25,-0.275,-0.11717051267623901
flat,0.475,0.75,4,0,44,1,0.5623042152621707,eval,0.64154875,0.0,25,-0.275,-0.108451247215271
flat,0.525,0.75,5,0,45,9,0.4447712454632119,eval,0.56499344,0.0,25,-0.22499999999999998,-0.18500655889511108
flat,0.525,0.75,5,0,45,12,0.49452003354591684,eval,0.5973974,0.0,25,-0.22499999999999998,-0.15260261297225952
flat,0.525,0.75,5,0,45,8,0.4738666161052906,eval,0.58394474,0.0,25,-0.22499999999999998,-0.16605526208877563
flat,0.525,0.75,5,0,45,1,0.39696060552854273,eval,0.5338519,0.0,25,-0.22499999999999998,-0.21614807844161987
flat,0.575,0.75,6,0,46,9,0.48816108032474786,eval,0.59325546,0.0,25,-0.17500000000000004,-0.15674453973770142
flat,0.575,0.75,6,0,46,12,0.5758861327608518,eval,0.65039533,0.0,25,-0.17500000000000004,-0.09960466623306274
flat,0.575,0.75,6,0,46,8,0.7576693811620117,eval,0.7688001,1.0,25,-0.17500000000000004,0.018800079822540283
flat,0.575,0.75,6,0,46,1,0.5036931904940727,eval,0.6033724,0.0,25,-0.17500000000000004,-0.14662760496139526
flat,0.625,0.75,7,0,47,9,0.6675394425820824,eval,0.7100938,0.0,25,-0.125,-0.039906203746795654
flat,0.625,0.75,7,0,47,12,0.6052720042673871,eval,0.6695358,0.0,25,-0.125,-0.0804641842842102
flat,0.625,0.75,7,0,47,8,0.6539974002338532,eval,0.70127326,0.0,25,-0.125,-0.04872673749923706
flat,0.625,0.75,7,0,47,1,0.6871017853540099,eval,0.7228358,0.0,25,-0.125,-0.027164220809936523
flat,0.675,0.75,8,0,48,9,0.57195195498333,eval,0.64783275,0.0,25,-0.07499999999999996,-0.10216724872589111
flat,0.675,0.75,8,0,48,12,0.5994329086763519,eval,0.66573256,0.0,25,-0.07499999999999996,-0.08426743745803833
flat,0.675,0.75,8,0,48,8,0.6647424715916677,eval,0.70827204,0.0,25,-0.07499999999999996,-0.04172796010971069
flat,0.675,0.75,8,0,48,1,0.44998588264254086,eval,0.56838995,0.0,25,-0.07499999999999996,-0.18161004781723022
flat,0.725,0.75,9,0,49,9,0.789624270571504,eval,0.789614,1.0,25,-0.025000000000000022,0.03961402177810669
flat,0.725,0.75,9,0,49,12,0.7781272400530428,eval,0.7821254,1.0,25,-0.025000000000000022,0.03212541341781616
flat,0.725,0.75,9,0,49,8,0.8699259685131457,eval,0.84191865,1.0,25,-0.025000000000000022,0.09191864728927612
flat,0.725,0.75,9,0,49,1,0.7636369597566306,eval,0.7726871,1.0,25,-0.025000000000000022,0.022687077522277832
flat,0.775,0.75,10,1,50,9,0.6225851636354708,eval,0.68081284,0.0,25,0.025000000000000022,-0.06918716430664062
flat,0.775,0.75,10,1,50,12,0.8488409603732732,eval,0.82818484,1.0,25,0.025000000000000022,0.07818484306335449
flat,0.775,0.75,10,1,50,8,0.8376281195060352,eval,0.8208814,1.0,25,0.025000000000000022,0.0708814263343811
flat,0.775,0.75,10,1,50,1,0.7168359163590498,eval,0.7422032,0.0,25,0.025000000000000022,-0.007796823978424072
flat,0.775,0.75,10,1,51,9,0.7195016903283316,eval,0.7439396,0.0,25,0.025000000000000022,-0.006060421466827393
flat,0.775,0.75,10,1,51,12,0.8104372527738726,eval,0.80317056,1.0,25,0.025000000000000022,0.05317056179046631
flat,0.775,0.75,10,1,51,8,0.8119286775687574,eval,0.80414206,1.0,25,0.025000000000000022,0.0541420578956604
flat,0.775,0.75,10,1,51,1,0.7859279697477815,eval,0.78720635,1.0,25,0.025000000000000022,0.03720635175704956
flat,0.825,0.75,11,1,52,9,0.8286306022369746,eval,0.81502086,1.0,25,0.07499999999999996,0.0650208592414856
flat,0.825,0.75,11,1,52,12,0.5889421738555064,eval,0.65889937,0.0,25,0.07499999999999996,-0.09110063314437866
flat,0.825,0.75,11,1,52,8,0.7918859617230475,eval,0.7910872,1.0,25,0.07499999999999996,0.041087210178375244
flat,0.825,0.75,11,1,52,1,0.8174298473779177,eval,0.80772525,1.0,25,0.07499999999999996,0.05772525072097778
flat,0.825,0.75,11,1,53,9,0.6997848056555384,eval,0.7310969,0.0,25,0.07499999999999996,-0.018903076648712158
flat,0.825,0.75,11,1,53,12,0.9257997003423085,eval,0.87653583,1.0,25,0.07499999999999996,0.1265358328819275
flat,0.825,0.75,11,1,53,8,1.006398561389275,eval,0.9259712,1.0,25,0.07499999999999996,0.17597121000289917
flat,0.825,0.75,11,1,53,1,0.8452114395043959,eval,0.8258208,1.0,25,0.07499999999999996,0.07582080364227295
flat,0.875,0.75,12,1,54,9,0.9402010863526592,eval,0.8853689,1.0,25,0.125,0.13536888360977173
flat,0.875,0.75,12,1,54,12,0.8399761650176906,eval,0.8224108,1.0,25,0.125,0.07241082191467285
flat,0.875,0.75,12,1,54,8,0.9561821589739987,eval,0.895171,1.0,25,0.125,0.14517098665237427
flat,0.875,0.75,12,1,54,1,0.9444171936707009,eval,0.8879549,1.0,25,0.125,0.13795489072799683
flat,0.875,0.75,12,1,55,9,0.8731461186690498,eval,0.844016,1.0,25,0.125,0.09401601552963257
flat,0.875,0.75,12,1,55,12,0.7533676588110694,eval,0.7659982,1.0,25,0.125,0.01599818468093872
flat,0.875,0.75,12,1,55,8,0.8546588664055288,eval,0.8319743,1.0,25,0.125,0.0819743275642395
flat,0.875,0.75,12,1,55,1,0.7991630249101591,eval,0.7958271,1.0,25,0.125,0.04582709074020386
flat,0.925,0.75,13,1,56,9,0.8213926318410458,eval,0.8103064,1.0,25,0.17500000000000004,0.0603063702583313
flat,0.925,0.75,13,1,56,12,0.9853280959050975,eval,0.9130476,1.0,25,0.17500000000000004,0.16304761171340942
flat,0.925,0.75,13,1,56,8,0.7672800849317296,eval,0.77506006,1.0,25,0.17500000000000004,0.025060057640075684
flat,0.925,0.75,13,1,56,1,1.0670982022311917,eval,0.96320146,1.0,25,0.17500000000000004,0.21320146322250366
flat,0.925,0.75,13,1,57,9,0.7731111770249605,eval,0.7788581,1.0,25,0.17500000000000004,0.02885812520980835
flat,0.925,0.75,13,1,57,12,0.9812849420373864,eval,0.9105677,1.0,25,0.17500000000000004,0.16056770086288452
flat,0.925,0.75,13,1,57,8,0.9622951541761923,eval,0.89892036,1.0,25,0.17500000000000004,0.14892035722732544
flat,0.925,0.75,13,1,57,1,0.9976093788947765,eval,0.9205803,1.0,25,0.17500000000000004,0.17058032751083374
flat,0.975,0.75,14,1,58,9,0.8184410628627359,eval,0.8083838,1.0,25,0.22499999999999998,0.058383822441101074
flat,0.975,0.75,14,1,58,12,0.8706926297718663,eval,0.842418,1.0,25,0.22499999999999998,0.09241801500320435
flat,0.975,0.75,14,1,58,8,0.8606259907898409,eval,0.835861,1.0,25,0.22499999999999998,0.08586102724075317
flat,0.975,0.75,14,1,58,1,1.0593732662303268,eval,0.9584634,1.0,25,0.22499999999999998,0.2084633708000183
flat,0.975,0.75,14,1,59,9,0.9801033945130329,eval,0.909843,1.0,25,0.22499999999999998,0.15984302759170532
flat,0.975,0.75,14,1,59,12,1.2222435678832566,eval,1.0583601,1.0,25,0.22499999999999998,0.30836009979248047
flat,0.975,0.75,14,1,59,8,0.8034054048241679,eval,0.79859036,1.0,25,0.22499999999999998,0.04859036207199097
flat,0.975,0.75,14,1,59,1,1.0914863981111027,eval,0.97815996,1.0,25,0.22499999999999998,0.22815996408462524
base,0.025,0.5,0,0,0,9,-0.002915150546776414,eval,0.08694213,0.0,26,-0.475,-0.4130578711628914
base,0.025,0.5,0,0,0,12,0.06907067447635609,eval,0.14312173,0.0,26,-0.475,-0.35687826573848724
base,0.025,0.5,0,0,0,8,0.07970956613393337,eval,0.15142462,0.0,26,-0.475,-0.3485753834247589
base,0.025,0.5,0,0,0,1,-0.018643524714322124,eval,0.07466729,0.0,26,-0.475,-0.425332710146904
base,0.075,0.5,1,0,1,9,0.10314711025906223,eval,0.16971588,0.0,26,-0.425,-0.33028411865234375
base,0.075,0.5,1,0,1,12,0.10925153909534122,eval,0.17447993,0.0,26,-0.425,-0.3255200684070587
base,0.075,0.5,1,0,1,8,0.2513759069559374,eval,0.2853975,0.0,26,-0.425,-0.2146025002002716
base,0.075,0.5,1,0,1,1,-0.041980190777286416,eval,0.05645476,0.0,26,-0.425,-0.44354524090886116
base,0.125,0.5,2,0,2,9,0.2532481233683165,eval,0.28685865,0.0,26,-0.375,-0.21314135193824768
base,0.125,0.5,2,0,2,12,0.17239470669880136,eval,0.22375849,0.0,26,-0.375,-0.2762415111064911
base,0.125,0.5,2,0,2,8,0.07632387892071708,eval,0.14878231,0.0,26,-0.375,-0.35121768712997437
base,0.125,0.5,2,0,2,1,0.2989367877130134,eval,0.32251525,0.0,26,-0.375,-0.17748475074768066
base,0.175,0.5,3,0,3,9,0.2032451825285249,eval,0.24783503,0.0,26,-0.325,-0.25216497480869293
base,0.175,0.5,3,0,3,12,0.1482691568046723,eval,0.20493029,0.0,26,-0.325,-0.29506970942020416
base,0.175,0.5,3,0,3,8,0.18441541561970465,eval,0.23313978,0.0,26,-0.325,-0.2668602168560028
base,0.175,0.5,3,0,3,1,0.1254089271557848,eval,0.18708958,0.0,26,-0.325,-0.31291042268276215
base,0.225,0.5,4,0,4,9,0.3056019527170751,eval,0.32771692,0.0,26,-0.275,-0.1722830832004547
base,0.225,0.5,4,0,4,12,0.3438327862596402,eval,0.35755324,0.0,26,-0.275,-0.14244675636291504
base,0.225,0.5,4,0,4,8,0.15444720452789168,eval,0.2097518,0.0,26,-0.275,-0.29024820029735565
base,0.225,0.5,4,0,4,1,0.2578969629460202,eval,0.2904867,0.0,26,-0.275,-0.20951330661773682
base,0.275,0.5,5,0,5,9,0.15241172947768455,eval,0.20816328,0.0,26,-0.22499999999999998,-0.2918367236852646
base,0.275,0.5,5,0,5,12,0.24014279349858433,eval,0.27663088,0.0,26,-0.22499999999999998,-0.22336912155151367
base,0.275,0.5,5,0,5,8,0.15737429350797189,eval,0.21203618,0.0,26,-0.22499999999999998,-0.2879638224840164
base,0.275,0.5,5,0,5,1,0.24914274545260762,eval,0.2836547,0.0,26,-0.22499999999999998,-0.21634531021118164
base,0.325,0.5,6,0,6,9,0.32274678225324427,eval,0.3410972,0.0,26,-0.175,-0.15890279412269592
base,0.325,0.5,6,0,6,12,0.17876480748448073,eval,0.22872989,0.0,26,-0.175,-0.27127011120319366
base,0.325,0.5,6,0,6,8,0.2536892033263042,eval,0.28720286,0.0,26,-0.175,-0.2127971351146698
base,0.325,0.5,6,0,6,1,0.48334728788021225,eval,0.466434,0.0,26,-0.175,-0.03356599807739258
base,0.375,0.5,7,0,7,9,0.3874211319304505,eval,0.39157075,0.0,26,-0.125,-0.10842925310134888
base,0.375,0.5,7,0,7,12,0.4599783613618451,eval,0.4481963,0.0,26,-0.125,-0.05180370807647705
base,0.375,0.5,7,0,7,8,0.3405001475914213,eval,0.35495237,0.0,26,-0.125,-0.1450476348400116
base,0.375,0.5,7,0,7,1,0.5070360987081839,eval,0.48492134,0.0,26,-0.125,-0.01507866382598877
base,0.425,0.5,8,0,8,9,0.5112246184619911,eval,0.4881902,0.0,26,-0.07500000000000001,-0.01180979609489441
base,0.425,0.5,8,0,8,12,0.6100702779951481,eval,0.5653319,1.0,26,-0.07500000000000001,0.06533187627792358
base,0.425,0.5,8,0,8,8,0.5605438028669814,eval,0.5266802,1.0,26,-0.07500000000000001,0.026680171489715576
base,0.425,0.5,8,0,8,1,0.4883352622824915,eval,0.47032672,0.0,26,-0.07500000000000001,-0.029673278331756592
base,0.475,0.5,9,0,9,9,0.4866060673431017,eval,0.4689772,0.0,26,-0.025000000000000022,-0.03102278709411621
base,0.475,0.5,9,0,9,12,0.3789848880709369,eval,0.3849869,0.0,26,-0.025000000000000022,-0.11501309275627136
base,0.475,0.5,9,0,9,8,0.4752211602573378,eval,0.46009213,0.0,26,-0.025000000000000022,-0.039907872676849365
base,0.475,0.5,9,0,9,1,0.2546490119353349,eval,0.28795192,0.0,26,-0.025000000000000022,-0.21204808354377747
base,0.525,0.5,10,1,10,9,0.6054078958119873,eval,0.56169325,1.0,26,0.025000000000000022,0.06169325113296509
base,0.525,0.5,10,1,10,12,0.5148368870407144,eval,0.49100932,0.0,26,0.025000000000000022,-0.008990675210952759
base,0.525,0.5,10,1,10,8,0.44594551903321245,eval,0.4372447,0.0,26,0.025000000000000022,-0.062755286693573
base,0.525,0.5,10,1,10,1,0.5302028974259887,eval,0.5030014,1.0,26,0.025000000000000022,0.003001391887664795
base,0.575,0.5,11,1,11,9,0.5245800752222866,eval,0.49861312,0.0,26,0.07499999999999996,-0.001386880874633789
base,0.575,0.5,11,1,11,12,0.5064557989281973,eval,0.4844685,0.0,26,0.07499999999999996,-0.0155315101146698
base,0.575,0.5,11,1,11,8,0.5891877828241733,eval,0.5490347,1.0,26,0.07499999999999996,0.049034714698791504
base,0.575,0.5,11,1,11,1,0.6433686190776534,eval,0.5913188,1.0,26,0.07499999999999996,0.09131878614425659
base,0.625,0.5,12,1,12,9,0.6607954906213157,eval,0.60491914,1.0,26,0.125,0.10491913557052612
base,0.625,0.5,12,1,12,12,0.5869416749872484,eval,0.5472817,1.0,26,0.125,0.04728168249130249
base,0.625,0.5,12,1,12,8,0.6467571355560034,eval,0.59396327,1.0,26,0.125,0.09396326541900635
base,0.625,0.5,12,1,12,1,0.7253961575842169,eval,0.6553352,1.0,26,0.125,0.1553351879119873
base,0.675,0.5,13,1,13,9,0.7164866401254424,eval,0.64838195,1.0,26,0.17500000000000004,0.14838194847106934
base,0.675,0.5,13,1,13,12,0.6796092971779658,eval,0.6196019,1.0,26,0.17500000000000004,0.11960190534591675
base,0.675,0.5,13,1,13,8,0.6073767944025039,eval,0.56322986,1.0,26,0.17500000000000004,0.06322985887527466
base,0.675,0.5,13,1,13,1,0.61320929552924,eval,0.5677817,1.0,26,0.17500000000000004,0.06778168678283691
base,0.725,0.5,14,1,14,9,0.6000224275413348,eval,0.5574903,1.0,26,0.22499999999999998,0.05749028921127319
base,0.725,0.5,14,1,14,12,0.6008191547218831,eval,0.55811214,1.0,26,0.22499999999999998,0.058112144470214844
base,0.725,0.5,14,1,14,8,0.8393233626629595,eval,0.7425138,1.0,26,0.22499999999999998,0.2425137758255005
base,0.725,0.5,14,1,14,1,0.9072011363328323,eval,0.7906303,1.0,26,0.22499999999999998,0.2906302809715271
base,0.775,0.5,15,1,15,9,0.7925538628567643,eval,0.7077687,1.0,26,0.275,0.20776867866516113
base,0.775,0.5,15,1,15,12,0.7472346328732713,eval,0.67237854,1.0,26,0.275,0.1723785400390625
base,0.775,0.5,15,1,15,8,0.586165110902335,eval,0.5466756,1.0,26,0.275,0.04667562246322632
base,0.775,0.5,15,1,15,1,0.6429569029986707,eval,0.59099746,1.0,26,0.275,0.09099745750427246
base,0.825,0.5,16,1,16,9,0.7929637473048593,eval,0.7080892,1.0,26,0.32499999999999996,0.2080891728401184
base,0.825,0.5,16,1,16,12,0.6784032613617612,eval,0.6186607,1.0,26,0.32499999999999996,0.11866068840026855
base,0.825,0.5,16,1,16,8,0.8036455371917013,eval,0.71643984,1.0,26,0.32499999999999996,0.2164398431777954
base,0.825,0.5,16,1,16,1,0.7588471978184781,eval,0.6814413,1.0,26,0.32499999999999996,0.1814413070678711
base,0.875,0.5,17,1,17,9,0.6845912051383966,eval,0.6234899,1.0,26,0.375,0.12348991632461548
base,0.875,0.5,17,1,17,12,0.8181772362058521,eval,0.727524,1.0,26,0.375,0.22752398252487183
base,0.875,0.5,17,1,17,8,0.9415066065629245,eval,0.81494844,1.0,26,0.375,0.3149484395980835
base,0.875,0.5,17,1,17,1,0.9685049988114022,eval,0.8340868,1.0,26,0.375,0.3340867757797241
base,0.925,0.5,18,1,18,9,1.0208406680141398,eval,0.8711859,1.0,26,0.42500000000000004,0.37118589878082275
base,0.925,0.5,18,1,18,12,0.8063930346013513,eval,0.71858776,1.0,26,0.42500000000000004,0.2185877561569214
base,0.925,0.5,18,1,18,8,0.7911567480523145,eval,0.7066765,1.0,26,0.42500000000000004,0.20667648315429688
base,0.925,0.5,18,1,18,1,0.9299054613825312,eval,0.8067247,1.0,26,0.42500000000000004,0.3067247271537781
base,0.975,0.5,19,1,19,9,0.9388141319695699,eval,0.8130398,1.0,26,0.475,0.31303977966308594
base,0.975,0.5,19,1,19,12,0.8690939300539855,eval,0.7636173,1.0,26,0.475,0.26361727714538574
base,0.975,0.5,19,1,19,8,1.0111253748643376,eval,0.864299,1.0,26,0.475,0.3642989993095398
base,0.975,0.5,19,1,19,1,1.1752392583645255,eval,0.9806343,1.0,26,0.475,0.48063427209854126
curv,0.025,0.25,0,0,20,9,-0.06023900581258609,eval,0.039631017,0.0,26,-0.225,-0.21036898344755173
curv,0.025,0.25,0,0,20,12,-0.14699106806582,eval,0.009309035,0.0,26,-0.225,-0.24069096520543098
curv,0.025,0.25,0,0,20,8,0.1542893050193805,eval,0.18762673,0.0,26,-0.225,-0.062373265624046326
curv,0.025,0.25,0,0,20,1,0.04385191925124656,eval,0.10143854,0.0,26,-0.225,-0.14856146275997162
curv,0.025,0.25,0,0,21,9,-0.012731674369381461,eval,0.05885817,0.0,26,-0.225,-0.19114182889461517
curv,0.025,0.25,0,0,21,12,0.1469354588732634,eval,0.18188761,0.0,26,-0.225,-0.06811238825321198
curv,0.025,0.25,0,0,21,8,0.07036712642569681,eval,0.12213169,0.0,26,-0.225,-0.12786830961704254
curv,0.025,0.25,0,0,21,1,-0.03831940901922267,eval,0.04850231,0.0,26,-0.225,-0.20149768888950348
curv,0.075,0.25,1,0,22,9,0.08882003031483213,eval,0.13653281,0.0,26,-0.175,-0.11346718668937683
curv,0.075,0.25,1,0,22,12,0.12590590847395516,eval,0.16547558,0.0,26,-0.175,-0.08452442288398743
curv,0.075,0.25,1,0,22,8,-0.09401599429769265,eval,0.025960792,0.0,26,-0.175,-0.2240392081439495
curv,0.075,0.25,1,0,22,1,0.03724364947671917,eval,0.096281275,0.0,26,-0.175,-0.1537187248468399
curv,0.075,0.25,1,0,23,9,0.22579094843471398,eval,0.24342848,0.0,26,-0.175,-0.006571516394615173
curv,0.075,0.25,1,0,23,12,-0.11674640434564944,eval,0.016761348,0.0,26,-0.175,-0.23323865234851837
curv,0.075,0.25,1,0,23,8,0.0021804972564751224,eval,0.06891708,0.0,26,-0.175,-0.18108291923999786
curv,0.075,0.25,1,0,23,1,-0.03411461176191956,eval,0.050204083,0.0,26,-0.175,-0.1997959166765213
curv,0.125,0.25,2,0,24,9,0.10840667969937974,eval,0.15181874,0.0,26,-0.125,-0.09818126261234283
curv,0.125,0.25,2,0,24,12,0.06531724059521243,eval,0.11819063,0.0,26,-0.125,-0.13180936872959137
curv,0.125,0.25,2,0,24,8,0.24823034025042634,eval,0.26094076,1.0,26,-0.125,0.010940760374069214
curv,0.125,0.25,2,0,24,1,-0.002768016638660803,eval,0.065055124,0.0,26,-0.125,-0.18494487553834915
curv,0.125,0.25,2,0,25,9,0.17224074969585104,eval,0.20163652,0.0,26,-0.125,-0.04836347699165344
curv,0.125,0.25,2,0,25,12,0.0579561400096926,eval,0.11244583,0.0,26,-0.125,-0.13755416870117188
curv,0.125,0.25,2,0,25,8,0.15483352450652943,eval,0.18805146,0.0,26,-0.125,-0.061948537826538086
curv,0.125,0.25,2,0,25,1,0.18804114907682318,eval,0.21396755,0.0,26,-0.125,-0.036032453179359436
curv,0.175,0.25,3,0,26,9,0.31235793768977616,eval,0.31098762,1.0,26,-0.07500000000000001,0.060987621545791626
curv,0.175,0.25,3,0,26,12,0.1059055871831403,eval,0.14986683,0.0,26,-0.07500000000000001,-0.10013316571712494
curv,0.175,0.25,3,0,26,8,0.17401410615100246,eval,0.2030205,0.0,26,-0.07500000000000001,-0.046979501843452454
curv,0.175,0.25,3,0,26,1,0.23311658124128057,eval,0.24914561,0.0,26,-0.07500000000000001,-0.0008543878793716431
curv,0.175,0.25,3,0,27,9,0.22835505312737925,eval,0.24542958,0.0,26,-0.07500000000000001,-0.004570424556732178
curv,0.175,0.25,3,0,27,12,0.030311648744351605,eval,0.09087135,0.0,26,-0.07500000000000001,-0.15912865102291107
curv,0.175,0.25,3,0,27,8,0.219120059471549,eval,0.23822235,0.0,26,-0.07500000000000001,-0.01177765429019928
curv,0.175,0.25,3,0,27,1,0.30445588194411166,eval,0.3048207,1.0,26,-0.07500000000000001,0.05482068657875061
curv,0.225,0.25,4,0,28,9,0.3318564157418792,eval,0.32620478,1.0,26,-0.024999999999999994,0.07620477676391602
curv,0.225,0.25,4,0,28,12,0.30043857213684555,eval,0.30168545,1.0,26,-0.024999999999999994,0.051685452461242676
curv,0.225,0.25,4,0,28,8,0.2971048950005876,eval,0.29908377,1.0,26,-0.024999999999999994,0.04908376932144165
curv,0.225,0.25,4,0,28,1,0.1495394208740069,eval,0.18391982,0.0,26,-0.024999999999999994,-0.06608018279075623
curv,0.225,0.25,4,0,29,9,0.17734901410490445,eval,0.20562313,0.0,26,-0.024999999999999994,-0.04437686502933502
curv,0.225,0.25,4,0,29,12,0.1854136214492001,eval,0.21191697,0.0,26,-0.024999999999999994,-0.0380830317735672
curv,0.225,0.25,4,0,29,8,0.15415347634020068,eval,0.18752074,0.0,26,-0.024999999999999994,-0.062479257583618164
curv,0.225,0.25,4,0,29,1,0.3939107452443673,eval,0.3747097,1.0,26,-0.024999999999999994,0.12470969557762146
curv,0.275,0.25,5,1,30,9,0.3521049326473978,eval,0.34202725,1.0,26,0.025000000000000022,0.09202724695205688
curv,0.275,0.25,5,1,30,12,0.3218148909489514,eval,0.3183681,1.0,26,0.025000000000000022,0.0683681070804596
curv,0.275,0.25,5,1,30,8,0.2459599919927045,eval,0.25916895,1.0,26,0.025000000000000022,0.009168952703475952
curv,0.275,0.25,5,1,30,1,0.2462612292191334,eval,0.25940403,1.0,26,0.025000000000000022,0.009404033422470093
curv,0.325,0.25,6,1,31,9,0.31920239999303074,eval,0.3163292,1.0,26,0.07500000000000001,0.06632921099662781
curv,0.325,0.25,6,1,31,12,0.37767557651664274,eval,0.36201754,1.0,26,0.07500000000000001,0.11201754212379456
curv,0.325,0.25,6,1,31,8,0.339291364966682,eval,0.33201,1.0,26,0.07500000000000001,0.08201000094413757
curv,0.325,0.25,6,1,31,1,0.4824408278844587,eval,0.44391966,1.0,26,0.07500000000000001,0.19391965866088867
curv,0.375,0.25,7,1,32,9,0.48244112374891795,eval,0.44391993,1.0,26,0.125,0.19391992688179016
curv,0.375,0.25,7,1,32,12,0.5125445311670886,eval,0.46745375,1.0,26,0.125,0.2174537479877472
curv,0.375,0.25,7,1,32,8,0.3206042278212674,eval,0.31742325,1.0,26,0.125,0.0674232542514801
curv,0.375,0.25,7,1,32,1,0.3317214152817403,eval,0.32609943,1.0,26,0.125,0.07609942555427551
curv,0.425,0.25,8,1,33,9,0.32464404280078596,eval,0.320576,1.0,26,0.175,0.070576012134552
curv,0.425,0.25,8,1,33,12,0.24351277222568563,eval,0.25725907,1.0,26,0.175,0.007259070873260498
curv,0.425,0.25,8,1,33,8,0.4116548441462745,eval,0.38858142,1.0,26,0.175,0.13858142495155334
curv,0.425,0.25,8,1,33,1,0.3514516707657725,eval,0.34151652,1.0,26,0.175,0.09151652455329895
curv,0.475,0.25,9,1,34,9,0.39704422467572553,eval,0.37715933,1.0,26,0.22499999999999998,0.12715932726860046
curv,0.475,0.25,9,1,34,12,0.6488602111424955,eval,0.574021,1.0,26,0.22499999999999998,0.32402098178863525
curv,0.475,0.25,9,1,34,8,0.6047871761181993,eval,0.53956604,1.0,26,0.22499999999999998,0.2895660400390625
curv,0.475,0.25,9,1,34,1,0.49997853715586665,eval,0.4576301,1.0,26,0.22499999999999998,0.20763009786605835
curv,0.525,0.25,10,1,35,9,0.6518731572705383,eval,0.57637644,1.0,26,0.275,0.32637643814086914
curv,0.525,0.25,10,1,35,12,0.6518815273891231,eval,0.5763829,1.0,26,0.275,0.3263828754425049
curv,0.525,0.25,10,1,35,8,0.4282180135307945,eval,0.40153003,1.0,26,0.275,0.15153002738952637
curv,0.525,0.25,10,1,35,1,0.6281453084869473,eval,0.5578267,1.0,26,0.275,0.3078266978263855
curv,0.575,0.25,11,1,36,9,0.555391602743063,eval,0.5009502,1.0,26,0.32499999999999996,0.2509502172470093
curv,0.575,0.25,11,1,36,12,0.6323065992335506,eval,0.56107986,1.0,26,0.32499999999999996,0.31107985973358154
curv,0.575,0.25,11,1,36,8,0.767666270913514,eval,0.6609094,1.0,26,0.32499999999999996,0.41090941429138184
curv,0.575,0.25,11,1,36,1,0.5911009576715345,eval,0.52886665,1.0,26,0.32499999999999996,0.27886664867401123
curv,0.625,0.25,12,1,37,9,0.5891039353295531,eval,0.5273054,1.0,26,0.375,0.2773054242134094
curv,0.625,0.25,12,1,37,12,0.8633592229234116,eval,0.7287432,1.0,26,0.375,0.47874319553375244
curv,0.625,0.25,12,1,37,8,0.8129344377381986,eval,0.6929986,1.0,26,0.375,0.44299858808517456
curv,0.625,0.25,12,1,37,1,0.5664471175876663,eval,0.50959307,1.0,26,0.375,0.25959306955337524
curv,0.675,0.25,13,1,38,9,0.682757241935024,eval,0.6005206,1.0,26,0.42500000000000004,0.35052061080932617
curv,0.675,0.25,13,1,38,12,0.6954978597927232,eval,0.6097514,1.0,26,0.42500000000000004,0.3597514033317566
curv,0.675,0.25,13,1,38,8,0.503656056203569,eval,0.460505,1.0,26,0.42500000000000004,0.21050500869750977
curv,0.675,0.25,13,1,38,1,0.5408780285923331,eval,0.489604,1.0,26,0.42500000000000004,0.23960399627685547
curv,0.725,0.25,14,1,39,9,0.6560502542647139,eval,0.5796419,1.0,26,0.475,0.3296418786048889
curv,0.725,0.25,14,1,39,12,0.8071478916070218,eval,0.6888967,1.0,26,0.475,0.43889671564102173
curv,0.725,0.25,14,1,39,8,0.7108977334886978,eval,0.6206679,1.0,26,0.475,0.37066787481307983
curv,0.725,0.25,14,1,39,1,0.5848479785082572,eval,0.52397823,1.0,26,0.475,0.27397823333740234
flat,0.275,0.75,0,0,40,9,0.40819413685305606,eval,0.43177208,0.0,26,-0.475,-0.3182279169559479
flat,0.275,0.75,0,0,40,12,0.20115860187320406,eval,0.27177498,0.0,26,-0.475,-0.4782250225543976
flat,0.275,0.75,0,0,40,8,0.30926915696456797,eval,0.3553228,0.0,26,-0.475,-0.39467719197273254
flat,0.275,0.75,0,0,40,1,0.3252682849874866,eval,0.367687,0.0,26,-0.475,-0.3823130130767822
flat,0.325,0.75,1,0,41,9,0.20008373483240952,eval,0.27094433,0.0,26,-0.425,-0.4790556728839874
flat,0.325,0.75,1,0,41,12,0.4384357407951828,eval,0.4551428,0.0,26,-0.425,-0.2948572039604187
flat,0.325,0.75,1,0,41,8,0.24891289124935712,eval,0.30867952,0.0,26,-0.425,-0.4413204789161682
flat,0.325,0.75,1,0,41,1,0.4239713033285805,eval,0.44396463,0.0,26,-0.425,-0.3060353696346283
flat,0.375,0.75,2,0,42,9,0.3599402001639595,eval,0.39448142,0.0,26,-0.375,-0.3555185794830322
flat,0.375,0.75,2,0,42,12,0.39178259697224144,eval,0.41908926,0.0,26,-0.375,-0.33091074228286743
flat,0.375,0.75,2,0,42,8,0.3008919496315271,eval,0.34884894,0.0,26,-0.375,-0.40115106105804443
flat,0.375,0.75,2,0,42,1,0.3585705407374709,eval,0.39342293,0.0,26,-0.375,-0.356577068567276
flat,0.425,0.75,3,0,43,9,0.45969527857023623,eval,0.4715722,0.0,26,-0.325,-0.2784278094768524
flat,0.425,0.75,3,0,43,12,0.37987998551439534,eval,0.40989086,0.0,26,-0.325,-0.3401091396808624
flat,0.425,0.75,3,0,43,8,0.40125843032654535,eval,0.4264122,0.0,26,-0.325,-0.3235878050327301
flat,0.425,0.75,3,0,43,1,0.3175635141771565,eval,0.36173272,0.0,26,-0.325,-0.38826727867126465
flat,0.475,0.75,4,0,44,9,0.46455529309334376,eval,0.47532797,0.0,26,-0.275,-0.2746720314025879
flat,0.475,0.75,4,0,44,12,0.6866939198315876,eval,0.6471329,0.0,26,-0.275,-0.10286712646484375
flat,0.475,0.75,4,0,44,8,0.548917808711155,eval,0.54052335,0.0,26,-0.275,-0.20947664976119995
flat,0.475,0.75,4,0,44,1,0.5623042152621707,eval,0.5508682,0.0,26,-0.275,-0.1991317868232727
flat,0.525,0.75,5,0,45,9,0.4447712454632119,eval,0.46003887,0.0,26,-0.22499999999999998,-0.2899611294269562
flat,0.525,0.75,5,0,45,12,0.49452003354591684,eval,0.49848473,0.0,26,-0.22499999999999998,-0.25151526927948
flat,0.525,0.75,5,0,45,8,0.4738666161052906,eval,0.48252374,0.0,26,-0.22499999999999998,-0.26747626066207886
flat,0.525,0.75,5,0,45,1,0.39696060552854273,eval,0.42309082,0.0,26,-0.22499999999999998,-0.3269091844558716
flat,0.575,0.75,6,0,46,9,0.48816108032474786,eval,0.49357054,0.0,26,-0.17500000000000004,-0.2564294636249542
flat,0.575,0.75,6,0,46,12,0.5758861327608518,eval,0.5613645,0.0,26,-0.17500000000000004,-0.18863552808761597
flat,0.575,0.75,6,0,46,8,0.7576693811620117,eval,0.7025239,0.0,26,-0.17500000000000004,-0.047476112842559814
flat,0.575,0.75,6,0,46,1,0.5036931904940727,eval,0.50557375,0.0,26,-0.17500000000000004,-0.24442625045776367
flat,0.625,0.75,7,0,47,9,0.6675394425820824,eval,0.6321941,0.0,26,-0.125,-0.11780589818954468
flat,0.625,0.75,7,0,47,12,0.6052720042673871,eval,0.5840738,0.0,26,-0.125,-0.16592621803283691
flat,0.625,0.75,7,0,47,8,0.6539974002338532,eval,0.62172884,0.0,26,-0.125,-0.1282711625099182
flat,0.625,0.75,7,0,47,1,0.6871017853540099,eval,0.6474512,0.0,26,-0.125,-0.10254877805709839
flat,0.675,0.75,8,0,48,9,0.57195195498333,eval,0.5583241,0.0,26,-0.07499999999999996,-0.19167590141296387
flat,0.675,0.75,8,0,48,12,0.5994329086763519,eval,0.57956135,0.0,26,-0.07499999999999996,-0.17043864727020264
flat,0.675,0.75,8,0,48,8,0.6647424715916677,eval,0.6300326,0.0,26,-0.07499999999999996,-0.11996740102767944
flat,0.675,0.75,8,0,48,1,0.44998588264254086,eval,0.46406874,0.0,26,-0.07499999999999996,-0.285931259393692
flat,0.725,0.75,9,0,49,9,0.789624270571504,eval,0.72746235,0.0,26,-0.025000000000000022,-0.022537648677825928
flat,0.725,0.75,9,0,49,12,0.7781272400530428,eval,0.7184897,0.0,26,-0.025000000000000022,-0.03151029348373413
flat,0.725,0.75,9,0,49,8,0.8699259685131457,eval,0.79013187,1.0,26,-0.025000000000000022,0.04013186693191528
flat,0.725,0.75,9,0,49,1,0.7636369597566306,eval,0.70718116,0.0,26,-0.025000000000000022,-0.04281884431838989
flat,0.775,0.75,10,1,50,9,0.6225851636354708,eval,0.5974534,0.0,26,0.025000000000000022,-0.15254658460617065
flat,0.775,0.75,10,1,50,12,0.8488409603732732,eval,0.7736766,1.0,26,0.025000000000000022,0.023676574230194092
flat,0.775,0.75,10,1,50,8,0.8376281195060352,eval,0.7649258,1.0,26,0.025000000000000022,0.014925777912139893
flat,0.775,0.75,10,1,50,1,0.7168359163590498,eval,0.67065644,0.0,26,0.025000000000000022,-0.07934355735778809
flat,0.775,0.75,10,1,51,9,0.7195016903283316,eval,0.6727368,0.0,26,0.025000000000000022,-0.07726317644119263
flat,0.775,0.75,10,1,51,12,0.8104372527738726,eval,0.74370533,0.0,26,0.025000000000000022,-0.006294667720794678
flat,0.775,0.75,10,1,51,8,0.8119286775687574,eval,0.74486935,0.0,26,0.025000000000000022,-0.005130648612976074
flat,0.775,0.75,10,1,51,1,0.7859279697477815,eval,0.7245776,0.0,26,0.025000000000000022,-0.025422394275665283
flat,0.825,0.75,11,1,52,9,0.8286306022369746,eval,0.7579039,1.0,26,0.07499999999999996,0.007903873920440674
flat,0.825,0.75,11,1,52,12,0.5889421738555064,eval,0.57145417,0.0,26,0.07499999999999996,-0.17854583263397217
flat,0.825,0.75,11,1,52,8,0.7918859617230475,eval,0.7292274,0.0,26,0.07499999999999996,-0.020772576332092285
flat,0.825,0.75,11,1,52,1,0.8174298473779177,eval,0.74916255,0.0,26,0.07499999999999996,-0.0008374452590942383
flat,0.825,0.75,11,1,53,9,0.6997848056555384,eval,0.6573492,0.0,26,0.07499999999999996,-0.09265077114105225
flat,0.825,0.75,11,1,53,12,0.9257997003423085,eval,0.83373713,1.0,26,0.07499999999999996,0.08373713493347168
flat,0.825,0.75,11,1,53,8,1.006398561389275,eval,0.89203745,1.0,26,0.07499999999999996,0.14203745126724243
flat,0.825,0.75,11,1,53,1,0.8452114395043959,eval,0.7708439,1.0,26,0.07499999999999996,0.020843923091888428
flat,0.875,0.75,12,1,54,9,0.9402010863526592,eval,0.84497637,1.0,26,0.125,0.09497636556625366
flat,0.875,0.75,12,1,54,12,0.8399761650176906,eval,0.7667583,1.0,26,0.125,0.016758322715759277
flat,0.875,0.75,12,1,54,8,0.9561821589739987,eval,0.85650796,1.0,26,0.125,0.10650795698165894
flat,0.875,0.75,12,1,54,1,0.9444171936707009,eval,0.8481839,1.0,26,0.125,0.09818387031555176
flat,0.875,0.75,12,1,55,9,0.8731461186690498,eval,0.79264486,1.0,26,0.125,0.04264485836029053
flat,0.875,0.75,12,1,55,12,0.7533676588110694,eval,0.6991668,0.0,26,0.125,-0.05083322525024414
flat,0.875,0.75,12,1,55,8,0.8546588664055288,eval,0.778217,1.0,26,0.125,0.028217017650604248
flat,0.875,0.75,12,1,55,1,0.7991630249101591,eval,0.7349067,0.0,26,0.125,-0.015093326568603516
flat,0.925,0.75,13,1,56,9,0.8213926318410458,eval,0.7522552,1.0,26,0.17500000000000004,0.0022552013397216797
flat,0.925,0.75,13,1,56,12,0.9853280959050975,eval,0.8771295,1.0,26,0.17500000000000004,0.12712949514389038
flat,0.925,0.75,13,1,56,8,0.7672800849317296,eval,0.7100244,0.0,26,0.17500000000000004,-0.03997558355331421
flat,0.925,0.75,13,1,56,1,1.0670982022311917,eval,0.9349841,1.0,26,0.17500000000000004,0.18498408794403076
flat,0.925,0.75,13,1,57,9,0.7731111770249605,eval,0.7145751,0.0,26,0.17500000000000004,-0.035424888134002686
flat,0.925,0.75,13,1,57,12,0.9812849420373864,eval,0.87426883,1.0,26,0.17500000000000004,0.12426882982254028
flat,0.925,0.75,13,1,57,8,0.9622951541761923,eval,0.86083305,1.0,26,0.17500000000000004,0.1108330488204956
flat,0.925,0.75,13,1,57,1,0.9976093788947765,eval,0.88581884,1.0,26,0.17500000000000004,0.13581883907318115
flat,0.975,0.75,14,1,58,9,0.8184410628627359,eval,0.7499517,0.0,26,0.22499999999999998,-4.8279762268066406e-05
flat,0.975,0.75,14,1,58,12,0.8706926297718663,eval,0.79073024,1.0,26,0.22499999999999998,0.04073023796081543
flat,0.975,0.75,14,1,58,8,0.8606259907898409,eval,0.78287387,1.0,26,0.22499999999999998,0.03287386894226074
flat,0.975,0.75,14,1,58,1,1.0593732662303268,eval,0.9295185,1.0,26,0.22499999999999998,0.17951852083206177
flat,0.975,0.75,14,1,59,9,0.9801033945130329,eval,0.87343293,1.0,26,0.22499999999999998,0.1234329342842102
flat,0.975,0.75,14,1,59,12,1.2222435678832566,eval,1.0447631,1.0,26,0.22499999999999998,0.29476308822631836
flat,0.975,0.75,14,1,59,8,0.8034054048241679,eval,0.7382175,0.0,26,0.22499999999999998,-0.011782526969909668
flat,0.975,0.75,14,1,59,1,1.0914863981111027,eval,0.95223945,1.0,26,0.22499999999999998,0.20223945379257202
base,0.025,0.5,0,0,0,9,-0.002915150546776414,eval,0.071798325,0.0,27,-0.475,-0.42820167541503906
base,0.025,0.5,0,0,0,12,0.06907067447635609,eval,0.1348263,0.0,27,-0.475,-0.36517369747161865
base,0.025,0.5,0,0,0,8,0.07970956613393337,eval,0.14414129,0.0,27,-0.475,-0.355858713388443
base,0.025,0.5,0,0,0,1,-0.018643524714322124,eval,0.0586143,0.0,27,-0.475,-0.4413857012987137
base,0.075,0.5,1,0,1,9,0.10314711025906223,eval,0.16466227,0.0,27,-0.425,-0.33533772826194763
base,0.075,0.5,1,0,1,12,0.10925153909534122,eval,0.17000706,0.0,27,-0.425,-0.3299929350614548
base,0.075,0.5,1,0,1,8,0.2513759069559374,eval,0.2944456,0.0,27,-0.425,-0.20555439591407776
base,0.075,0.5,1,0,1,1,-0.041980190777286416,eval,0.043157384,0.0,27,-0.425,-0.4568426162004471
base,0.125,0.5,2,0,2,9,0.2532481233683165,eval,0.29608485,0.0,27,-0.375,-0.20391514897346497
base,0.125,0.5,2,0,2,12,0.17239470669880136,eval,0.22529276,0.0,27,-0.375,-0.27470724284648895
base,0.125,0.5,2,0,2,8,0.07632387892071708,eval,0.14117691,0.0,27,-0.375,-0.35882309079170227
base,0.125,0.5,2,0,2,1,0.2989367877130134,eval,0.33608803,0.0,27,-0.375,-0.16391196846961975
base,0.175,0.5,3,0,3,9,0.2032451825285249,eval,0.2523042,0.0,27,-0.325,-0.24769580364227295
base,0.175,0.5,3,0,3,12,0.1482691568046723,eval,0.20416936,0.0,27,-0.325,-0.295830637216568
base,0.175,0.5,3,0,3,8,0.18441541561970465,eval,0.23581761,0.0,27,-0.325,-0.2641823887825012
base,0.175,0.5,3,0,3,1,0.1254089271557848,eval,0.18415384,0.0,27,-0.325,-0.31584616005420685
base,0.225,0.5,4,0,4,9,0.3056019527170751,eval,0.34192377,0.0,27,-0.275,-0.1580762267112732
base,0.225,0.5,4,0,4,12,0.3438327862596402,eval,0.3753972,0.0,27,-0.275,-0.1246027946472168
base,0.225,0.5,4,0,4,8,0.15444720452789168,eval,0.20957863,0.0,27,-0.275,-0.29042136669158936
base,0.225,0.5,4,0,4,1,0.2578969629460202,eval,0.30015513,0.0,27,-0.275,-0.1998448669910431
base,0.275,0.5,5,0,5,9,0.15241172947768455,eval,0.2077964,0.0,27,-0.22499999999999998,-0.2922036051750183
base,0.275,0.5,5,0,5,12,0.24014279349858433,eval,0.28461033,0.0,27,-0.22499999999999998,-0.2153896689414978
base,0.275,0.5,5,0,5,8,0.15737429350797189,eval,0.21214147,0.0,27,-0.22499999999999998,-0.2878585308790207
base,0.275,0.5,5,0,5,1,0.24914274545260762,eval,0.2924903,0.0,27,-0.22499999999999998,-0.20750969648361206
base,0.325,0.5,6,0,6,9,0.32274678225324427,eval,0.3569351,0.0,27,-0.175,-0.14306488633155823
base,0.325,0.5,6,0,6,12,0.17876480748448073,eval,0.23087016,0.0,27,-0.175,-0.26912984251976013
base,0.325,0.5,6,0,6,8,0.2536892033263042,eval,0.296471,0.0,27,-0.175,-0.2035290002822876
base,0.325,0.5,6,0,6,1,0.48334728788021225,eval,0.49755067,0.0,27,-0.175,-0.002449333667755127
base,0.375,0.5,7,0,7,9,0.3874211319304505,eval,0.41356143,0.0,27,-0.125,-0.08643856644630432
base,0.375,0.5,7,0,7,12,0.4599783613618451,eval,0.4770897,0.0,27,-0.125,-0.02291029691696167
base,0.375,0.5,7,0,7,8,0.3405001475914213,eval,0.37247932,0.0,27,-0.125,-0.12752068042755127
base,0.375,0.5,7,0,7,1,0.5070360987081839,eval,0.5182916,1.0,27,-0.125,0.018291592597961426
base,0.425,0.5,8,0,8,9,0.5112246184619911,eval,0.52195895,1.0,27,-0.07500000000000001,0.02195894718170166
base,0.425,0.5,8,0,8,12,0.6100702779951481,eval,0.60850435,1.0,27,-0.07500000000000001,0.10850435495376587
base,0.425,0.5,8,0,8,8,0.5605438028669814,eval,0.56514084,1.0,27,-0.07500000000000001,0.06514084339141846
base,0.425,0.5,8,0,8,1,0.4883352622824915,eval,0.50191784,1.0,27,-0.07500000000000001,0.0019178390502929688
base,0.475,0.5,9,0,9,9,0.4866060673431017,eval,0.5004039,1.0,27,-0.025000000000000022,0.0004038810729980469
base,0.475,0.5,9,0,9,12,0.3789848880709369,eval,0.40617502,0.0,27,-0.025000000000000022,-0.09382498264312744
base,0.475,0.5,9,0,9,8,0.4752211602573378,eval,0.49043572,0.0,27,-0.025000000000000022,-0.00956428050994873
base,0.475,0.5,9,0,9,1,0.2546490119353349,eval,0.2973114,0.0,27,-0.025000000000000022,-0.20268860459327698
base,0.525,0.5,10,1,10,9,0.6054078958119873,eval,0.6044221,1.0,27,0.025000000000000022,0.10442209243774414
base,0.525,0.5,10,1,10,12,0.5148368870407144,eval,0.5251217,1.0,27,0.025000000000000022,0.025121688842773438
base,0.525,0.5,10,1,10,8,0.44594551903321245,eval,0.4648031,0.0,27,0.025000000000000022,-0.035196900367736816
base,0.525,0.5,10,1,10,1,0.5302028974259887,eval,0.5385756,1.0,27,0.025000000000000022,0.038575589656829834
base,0.575,0.5,11,1,11,9,0.5245800752222866,eval,0.5336524,1.0,27,0.07499999999999996,0.033652424812316895
base,0.575,0.5,11,1,11,12,0.5064557989281973,eval,0.5177835,1.0,27,0.07499999999999996,0.017783522605895996
base,0.575,0.5,11,1,11,8,0.5891877828241733,eval,0.59022045,1.0,27,0.07499999999999996,0.09022045135498047
base,0.575,0.5,11,1,11,1,0.6433686190776534,eval,0.637659,1.0,27,0.07499999999999996,0.1376590132713318
base,0.625,0.5,12,1,12,9,0.6607954906213157,eval,0.6529173,1.0,27,0.125,0.15291732549667358
base,0.625,0.5,12,1,12,12,0.5869416749872484,eval,0.5882538,1.0,27,0.125,0.08825379610061646
base,0.625,0.5,12,1,12,8,0.6467571355560034,eval,0.64062583,1.0,27,0.125,0.14062583446502686
base,0.625,0.5,12,1,12,1,0.7253961575842169,eval,0.70947915,1.0,27,0.125,0.20947915315628052
base,0.675,0.5,13,1,13,9,0.7164866401254424,eval,0.7016783,1.0,27,0.17500000000000004,0.20167827606201172
base,0.675,0.5,13,1,13,12,0.6796092971779658,eval,0.66938996,1.0,27,0.17500000000000004,0.16938996315002441
base,0.675,0.5,13,1,13,8,0.6073767944025039,eval,0.60614604,1.0,27,0.17500000000000004,0.10614603757858276
base,0.675,0.5,13,1,13,1,0.61320929552924,eval,0.6112527,1.0,27,0.17500000000000004,0.11125272512435913
base,0.725,0.5,14,1,14,9,0.6000224275413348,eval,0.5997068,1.0,27,0.22499999999999998,0.09970682859420776
base,0.725,0.5,14,1,14,12,0.6008191547218831,eval,0.6004044,1.0,27,0.22499999999999998,0.10040438175201416
base,0.725,0.5,14,1,14,8,0.8393233626629595,eval,0.80922925,1.0,27,0.22499999999999998,0.3092292547225952
base,0.725,0.5,14,1,14,1,0.9072011363328323,eval,0.8686604,1.0,27,0.22499999999999998,0.3686603903770447
base,0.775,0.5,15,1,15,9,0.7925538628567643,eval,0.7682798,1.0,27,0.275,0.2682797908782959
base,0.775,0.5,15,1,15,12,0.7472346328732713,eval,0.7286,1.0,27,0.275,0.22860002517700195
base,0.775,0.5,15,1,15,8,0.586165110902335,eval,0.5875739,1.0,27,0.275,0.08757388591766357
base,0.775,0.5,15,1,15,1,0.6429569029986707,eval,0.6372986,1.0,27,0.275,0.137298583984375
base,0.825,0.5,16,1,16,9,0.7929637473048593,eval,0.7686386,1.0,27,0.32499999999999996,0.26863861083984375
base,0.825,0.5,16,1,16,12,0.6784032613617612,eval,0.66833395,1.0,27,0.32499999999999996,0.16833394765853882
base,0.825,0.5,16,1,16,8,0.8036455371917013,eval,0.7779912,1.0,27,0.32499999999999996,0.2779911756515503
base,0.825,0.5,16,1,16,1,0.7588471978184781,eval,0.7387675,1.0,27,0.32499999999999996,0.23876750469207764
base,0.875,0.5,17,1,17,9,0.6845912051383966,eval,0.67375195,1.0,27,0.375,0.17375195026397705
base,0.875,0.5,17,1,17,12,0.8181772362058521,eval,0.79071456,1.0,27,0.375,0.2907145619392395
base,0.875,0.5,17,1,17,8,0.9415066065629245,eval,0.89869696,1.0,27,0.375,0.3986969590187073
base,0.875,0.5,17,1,17,1,0.9685049988114022,eval,0.9223357,1.0,27,0.375,0.422335684299469
base,0.925,0.5,18,1,18,9,1.0208406680141398,eval,0.96702874,1.0,27,0.42500000000000004,0.46702873706817627
base,0.925,0.5,18,1,18,12,0.8063930346013513,eval,0.7803968,1.0,27,0.42500000000000004,0.28039681911468506
base,0.925,0.5,18,1,18,8,0.7911567480523145,eval,0.7670565,1.0,27,0.42500000000000004,0.26705652475357056
base,0.925,0.5,18,1,18,1,0.9299054613825312,eval,0.88853943,1.0,27,0.42500000000000004,0.3885394334793091
base,0.975,0.5,19,1,19,9,0.9388141319695699,eval,0.89633954,1.0,27,0.475,0.3963395357131958
base,0.975,0.5,19,1,19,12,0.8690939300539855,eval,0.83529526,1.0,27,0.475,0.33529525995254517
base,0.975,0.5,19,1,19,8,1.0111253748643376,eval,0.9588386,1.0,27,0.475,0.4588385820388794
base,0.975,0.5,19,1,19,1,1.1752392583645255,eval,1.0700855,1.0,27,0.475,0.5700855255126953
curv,0.025,0.25,0,0,20,9,-0.06023900581258609,eval,-0.0013082474,0.0,27,-0.225,-0.25130824744701385
curv,0.025,0.25,0,0,20,12,-0.14699106806582,eval,-0.05304201,0.0,27,-0.225,-0.303042009472847
curv,0.025,0.25,0,0,20,8,0.1542893050193805,eval,0.14337978,0.0,27,-0.225,-0.10662022233009338
curv,0.025,0.25,0,0,20,1,0.04385191925124656,eval,0.06076534,0.0,27,-0.225,-0.189234659075737
curv,0.025,0.25,0,0,21,9,-0.012731674369381461,eval,0.027022287,0.0,27,-0.225,-0.22297771275043488
curv,0.025,0.25,0,0,21,12,0.1469354588732634,eval,0.13694105,0.0,27,-0.225,-0.11305895447731018
curv,0.025,0.25,0,0,21,8,0.07036712642569681,eval,0.08013953,0.0,27,-0.225,-0.16986046731472015
curv,0.025,0.25,0,0,21,1,-0.03831940901922267,eval,0.01176329,0.0,27,-0.225,-0.2382367104291916
curv,0.075,0.25,1,0,22,9,0.08882003031483213,eval,0.09376417,0.0,27,-0.175,-0.15623582899570465
curv,0.075,0.25,1,0,22,12,0.12590590847395516,eval,0.12114648,0.0,27,-0.175,-0.12885352224111557
curv,0.075,0.25,1,0,22,8,-0.09401599429769265,eval,-0.021450832,0.0,27,-0.175,-0.27145083248615265
curv,0.075,0.25,1,0,22,1,0.03724364947671917,eval,0.056824625,0.0,27,-0.175,-0.19317537546157837
curv,0.075,0.25,1,0,23,9,0.22579094843471398,eval,0.20598376,0.0,27,-0.175,-0.044016242027282715
curv,0.075,0.25,1,0,23,12,-0.11674640434564944,eval,-0.035005882,0.0,27,-0.175,-0.2850058823823929
curv,0.075,0.25,1,0,23,8,0.0021804972564751224,eval,0.035915002,0.0,27,-0.175,-0.21408499777317047
curv,0.075,0.25,1,0,23,1,-0.03411461176191956,eval,0.014270797,0.0,27,-0.175,-0.23572920262813568
curv,0.125,0.25,2,0,24,9,0.10840667969937974,eval,0.10822596,0.0,27,-0.125,-0.1417740434408188
curv,0.125,0.25,2,0,24,12,0.06531724059521243,eval,0.07641101,0.0,27,-0.125,-0.17358899116516113
curv,0.125,0.25,2,0,24,8,0.24823034025042634,eval,0.22563085,0.0,27,-0.125,-0.024369150400161743
curv,0.125,0.25,2,0,24,1,-0.002768016638660803,eval,0.032964036,0.0,27,-0.125,-0.21703596413135529
curv,0.125,0.25,2,0,25,9,0.17224074969585104,eval,0.15909731,0.0,27,-0.125,-0.09090268611907959
curv,0.125,0.25,2,0,25,12,0.0579561400096926,eval,0.070975915,0.0,27,-0.125,-0.1790240854024887
curv,0.125,0.25,2,0,25,8,0.15483352450652943,eval,0.14385626,0.0,27,-0.125,-0.10614374279975891
curv,0.125,0.25,2,0,25,1,0.18804114907682318,eval,0.17293154,0.0,27,-0.125,-0.07706846296787262
curv,0.175,0.25,3,0,26,9,0.31235793768977616,eval,0.28177842,1.0,27,-0.07500000000000001,0.031778424978256226
curv,0.175,0.25,3,0,26,12,0.1059055871831403,eval,0.10637927,0.0,27,-0.07500000000000001,-0.14362072944641113
curv,0.175,0.25,3,0,26,8,0.17401410615100246,eval,0.16065001,0.0,27,-0.07500000000000001,-0.08934998512268066
curv,0.175,0.25,3,0,26,1,0.23311658124128057,eval,0.21239781,0.0,27,-0.07500000000000001,-0.03760218620300293
curv,0.175,0.25,3,0,27,9,0.22835505312737925,eval,0.2082288,0.0,27,-0.07500000000000001,-0.04177120327949524
curv,0.175,0.25,3,0,27,12,0.030311648744351605,eval,0.05269076,0.0,27,-0.07500000000000001,-0.1973092406988144
curv,0.175,0.25,3,0,27,8,0.219120059471549,eval,0.20014298,0.0,27,-0.07500000000000001,-0.04985702037811279
curv,0.175,0.25,3,0,27,1,0.30445588194411166,eval,0.2748597,1.0,27,-0.07500000000000001,0.024859696626663208
curv,0.225,0.25,4,0,28,9,0.3318564157418792,eval,0.29885057,1.0,27,-0.024999999999999994,0.048850566148757935
curv,0.225,0.25,4,0,28,12,0.30043857213684555,eval,0.2713423,1.0,27,-0.024999999999999994,0.021342307329177856
curv,0.225,0.25,4,0,28,8,0.2971048950005876,eval,0.26842347,1.0,27,-0.024999999999999994,0.018423467874526978
curv,0.225,0.25,4,0,28,1,0.1495394208740069,eval,0.13922095,0.0,27,-0.024999999999999994,-0.1107790470123291
curv,0.225,0.25,4,0,29,9,0.17734901410490445,eval,0.16356991,0.0,27,-0.024999999999999994,-0.08643008768558502
curv,0.225,0.25,4,0,29,12,0.1854136214492001,eval,0.17063098,0.0,27,-0.024999999999999994,-0.07936902344226837
curv,0.225,0.25,4,0,29,8,0.15415347634020068,eval,0.14326084,0.0,27,-0.024999999999999994,-0.10673916339874268
curv,0.225,0.25,4,0,29,1,0.3939107452443673,eval,0.35318288,1.0,27,-0.024999999999999994,0.10318288207054138
curv,0.275,0.25,5,1,30,9,0.3521049326473978,eval,0.31657937,1.0,27,0.025000000000000022,0.06657937169075012
curv,0.275,0.25,5,1,30,12,0.3218148909489514,eval,0.29005858,1.0,27,0.025000000000000022,0.04005858302116394
curv,0.275,0.25,5,1,30,8,0.2459599919927045,eval,0.223643,0.0,27,0.025000000000000022,-0.026356995105743408
curv,0.275,0.25,5,1,30,1,0.2462612292191334,eval,0.22390676,0.0,27,0.025000000000000022,-0.026093244552612305
curv,0.325,0.25,6,1,31,9,0.31920239999303074,eval,0.28777117,1.0,27,0.07500000000000001,0.03777116537094116
curv,0.325,0.25,6,1,31,12,0.37767557651664274,eval,0.33896798,1.0,27,0.07500000000000001,0.08896797895431519
curv,0.325,0.25,6,1,31,8,0.339291364966682,eval,0.3053603,1.0,27,0.07500000000000001,0.05536028742790222
curv,0.325,0.25,6,1,31,1,0.4824408278844587,eval,0.43069637,1.0,27,0.07500000000000001,0.18069636821746826
curv,0.375,0.25,7,1,32,9,0.48244112374891795,eval,0.4306966,1.0,27,0.125,0.18069660663604736
curv,0.375,0.25,7,1,32,12,0.5125445311670886,eval,0.4570539,1.0,27,0.125,0.20705389976501465
curv,0.375,0.25,7,1,32,8,0.3206042278212674,eval,0.28899857,1.0,27,0.125,0.038998574018478394
curv,0.375,0.25,7,1,32,1,0.3317214152817403,eval,0.29873234,1.0,27,0.125,0.04873234033584595
curv,0.425,0.25,8,1,33,9,0.32464404280078596,eval,0.29253566,1.0,27,0.175,0.04253566265106201
curv,0.425,0.25,8,1,33,12,0.24351277222568563,eval,0.2215003,0.0,27,0.175,-0.028499692678451538
curv,0.425,0.25,8,1,33,8,0.4116548441462745,eval,0.36871892,1.0,27,0.175,0.11871892213821411
curv,0.425,0.25,8,1,33,1,0.3514516707657725,eval,0.31600738,1.0,27,0.175,0.06600737571716309
curv,0.475,0.25,9,1,34,9,0.39704422467572553,eval,0.35592642,1.0,27,0.22499999999999998,0.10592642426490784
curv,0.475,0.25,9,1,34,12,0.6488602111424955,eval,0.5764066,1.0,27,0.22499999999999998,0.3264065980911255
curv,0.475,0.25,9,1,34,8,0.6047871761181993,eval,0.537818,1.0,27,0.22499999999999998,0.2878180146217346
curv,0.475,0.25,9,1,34,1,0.49997853715586665,eval,0.44605166,1.0,27,0.22499999999999998,0.19605165719985962
curv,0.525,0.25,10,1,35,9,0.6518731572705383,eval,0.57904464,1.0,27,0.275,0.3290446400642395
curv,0.525,0.25,10,1,35,12,0.6518815273891231,eval,0.579052,1.0,27,0.275,0.3290519714355469
curv,0.525,0.25,10,1,35,8,0.4282180135307945,eval,0.38322097,1.0,27,0.275,0.13322097063064575
curv,0.525,0.25,10,1,35,1,0.6281453084869473,eval,0.5582695,1.0,27,0.275,0.3082695007324219
curv,0.575,0.25,11,1,36,9,0.555391602743063,eval,0.49456918,1.0,27,0.32499999999999996,0.24456918239593506
curv,0.575,0.25,11,1,36,12,0.6323065992335506,eval,0.5619129,1.0,27,0.32499999999999996,0.3119128942489624
curv,0.575,0.25,11,1,36,8,0.767666270913514,eval,0.6775504,1.0,27,0.32499999999999996,0.42755037546157837
curv,0.575,0.25,11,1,36,1,0.5911009576715345,eval,0.52583486,1.0,27,0.32499999999999996,0.275834858417511
curv,0.625,0.25,12,1,37,9,0.5891039353295531,eval,0.52408636,1.0,27,0.375,0.2740863561630249
curv,0.625,0.25,12,1,37,12,0.8633592229234116,eval,0.75822145,1.0,27,0.375,0.508221447467804
curv,0.625,0.25,12,1,37,8,0.8129344377381986,eval,0.71571237,1.0,27,0.375,0.46571236848831177
curv,0.625,0.25,12,1,37,1,0.5664471175876663,eval,0.504249,1.0,27,0.375,0.2542489767074585
curv,0.675,0.25,13,1,38,9,0.682757241935024,eval,0.6059704,1.0,27,0.42500000000000004,0.3559703826904297
curv,0.675,0.25,13,1,38,12,0.6954978597927232,eval,0.616711,1.0,27,0.42500000000000004,0.3667110204696655
curv,0.675,0.25,13,1,38,8,0.503656056203569,eval,0.44927156,1.0,27,0.42500000000000004,0.199271559715271
curv,0.675,0.25,13,1,38,1,0.5408780285923331,eval,0.48186165,1.0,27,0.42500000000000004,0.2318616509437561
curv,0.725,0.25,14,1,39,9,0.6560502542647139,eval,0.5827019,1.0,27,0.475,0.3327019214630127
curv,0.725,0.25,14,1,39,12,0.8071478916070218,eval,0.7108342,1.0,27,0.475,0.46083420515060425
curv,0.725,0.25,14,1,39,8,0.7108977334886978,eval,0.6296934,1.0,27,0.475,0.3796933889389038
curv,0.725,0.25,14,1,39,1,0.5848479785082572,eval,0.52036,1.0,27,0.475,0.27035999298095703
flat,0.275,0.75,0,0,40,9,0.40819413685305606,eval,0.49781007,0.0,27,-0.475,-0.2521899342536926
flat,0.275,0.75,0,0,40,12,0.20115860187320406,eval,0.31653792,0.0,27,-0.475,-0.43346208333969116
flat,0.275,0.75,0,0,40,8,0.30926915696456797,eval,0.41119525,0.0,27,-0.475,-0.3388047516345978
flat,0.275,0.75,0,0,40,1,0.3252682849874866,eval,0.42520347,0.0,27,-0.475,-0.32479652762413025
flat,0.325,0.75,1,0,41,9,0.20008373483240952,eval,0.3155968,0.0,27,-0.425,-0.4344032108783722
flat,0.325,0.75,1,0,41,12,0.4384357407951828,eval,0.5242884,0.0,27,-0.425,-0.22571158409118652
flat,0.325,0.75,1,0,41,8,0.24891289124935712,eval,0.35834968,0.0,27,-0.425,-0.39165031909942627
flat,0.325,0.75,1,0,41,1,0.4239713033285805,eval,0.511624,0.0,27,-0.425,-0.23837602138519287
flat,0.375,0.75,2,0,42,9,0.3599402001639595,eval,0.45556083,0.0,27,-0.375,-0.2944391667842865
flat,0.375,0.75,2,0,42,12,0.39178259697224144,eval,0.48344082,0.0,27,-0.375,-0.2665591835975647
flat,0.375,0.75,2,0,42,8,0.3008919496315271,eval,0.40386048,0.0,27,-0.375,-0.346139520406723
flat,0.375,0.75,2,0,42,1,0.3585705407374709,eval,0.45436162,0.0,27,-0.375,-0.29563838243484497
flat,0.425,0.75,3,0,43,9,0.45969527857023623,eval,0.54290247,0.0,27,-0.325,-0.20709753036499023
flat,0.425,0.75,3,0,43,12,0.37987998551439534,eval,0.47301933,0.0,27,-0.325,-0.2769806683063507
flat,0.425,0.75,3,0,43,8,0.40125843032654535,eval,0.49173748,0.0,27,-0.325,-0.2582625150680542
flat,0.425,0.75,3,0,43,1,0.3175635141771565,eval,0.41845748,0.0,27,-0.325,-0.3315425217151642
flat,0.475,0.75,4,0,44,9,0.46455529309334376,eval,0.5471577,0.0,27,-0.275,-0.20284229516983032
flat,0.475,0.75,4,0,44,12,0.6866939198315876,eval,0.74165356,0.0,27,-0.275,-0.00834643840789795
flat,0.475,0.75,4,0,44,8,0.548917808711155,eval,0.6210222,0.0,27,-0.275,-0.12897777557373047
flat,0.475,0.75,4,0,44,1,0.5623042152621707,eval,0.6327428,0.0,27,-0.275,-0.11725717782974243
flat,0.525,0.75,5,0,45,9,0.4447712454632119,eval,0.5298356,0.0,27,-0.22499999999999998,-0.22016441822052002
flat,0.525,0.75,5,0,45,12,0.49452003354591684,eval,0.57339364,0.0,27,-0.22499999999999998,-0.17660635709762573
flat,0.525,0.75,5,0,45,8,0.4738666161052906,eval,0.5553103,0.0,27,-0.22499999999999998,-0.19468969106674194
flat,0.525,0.75,5,0,45,1,0.39696060552854273,eval,0.4879745,0.0,27,-0.22499999999999998,-0.26202550530433655
flat,0.575,0.75,6,0,46,9,0.48816108032474786,eval,0.56782603,0.0,27,-0.17500000000000004,-0.1821739673614502
flat,0.575,0.75,6,0,46,12,0.5758861327608518,eval,0.6446346,0.0,27,-0.17500000000000004,-0.10536539554595947
flat,0.575,0.75,6,0,46,8,0.7576693811620117,eval,0.8037969,1.0,27,-0.17500000000000004,0.05379688739776611
flat,0.575,0.75,6,0,46,1,0.5036931904940727,eval,0.58142525,0.0,27,-0.17500000000000004,-0.1685747504234314
flat,0.625,0.75,7,0,47,9,0.6675394425820824,eval,0.72488266,0.0,27,-0.125,-0.025117337703704834
flat,0.625,0.75,7,0,47,12,0.6052720042673871,eval,0.6703637,0.0,27,-0.125,-0.07963627576828003
flat,0.625,0.75,7,0,47,8,0.6539974002338532,eval,0.7130258,0.0,27,-0.125,-0.036974191665649414
flat,0.625,0.75,7,0,47,1,0.6871017853540099,eval,0.74201065,0.0,27,-0.125,-0.007989346981048584
flat,0.675,0.75,8,0,48,9,0.57195195498333,eval,0.64119,0.0,27,-0.07499999999999996,-0.10881000757217407
flat,0.675,0.75,8,0,48,12,0.5994329086763519,eval,0.66525126,0.0,27,-0.07499999999999996,-0.08474874496459961
flat,0.675,0.75,8,0,48,8,0.6647424715916677,eval,0.72243375,0.0,27,-0.07499999999999996,-0.027566254138946533
flat,0.675,0.75,8,0,48,1,0.44998588264254086,eval,0.5344013,0.0,27,-0.07499999999999996,-0.2155987024307251
flat,0.725,0.75,9,0,49,9,0.789624270571504,eval,0.8317753,1.0,27,-0.025000000000000022,0.08177530765533447
flat,0.725,0.75,9,0,49,12,0.7781272400530428,eval,0.82170904,1.0,27,-0.025000000000000022,0.0717090368270874
flat,0.725,0.75,9,0,49,8,0.8699259685131457,eval,0.90208435,1.0,27,-0.025000000000000022,0.1520843505859375
flat,0.725,0.75,9,0,49,1,0.7636369597566306,eval,0.80902183,1.0,27,-0.025000000000000022,0.059021830558776855
flat,0.775,0.75,10,1,50,9,0.6225851636354708,eval,0.6855225,0.0,27,0.025000000000000022,-0.06447750329971313
flat,0.775,0.75,10,1,50,12,0.8488409603732732,eval,0.8836231,1.0,27,0.025000000000000022,0.1336231231689453
flat,0.775,0.75,10,1,50,8,0.8376281195060352,eval,0.87380564,1.0,27,0.025000000000000022,0.12380564212799072
flat,0.775,0.75,10,1,50,1,0.7168359163590498,eval,0.7680447,1.0,27,0.025000000000000022,0.018044710159301758
flat,0.775,0.75,10,1,51,9,0.7195016903283316,eval,0.77037877,1.0,27,0.025000000000000022,0.02037876844406128
flat,0.775,0.75,10,1,51,12,0.8104372527738726,eval,0.84999835,1.0,27,0.025000000000000022,0.0999983549118042
flat,0.775,0.75,10,1,51,8,0.8119286775687574,eval,0.8513042,1.0,27,0.025000000000000022,0.10130417346954346
flat,0.775,0.75,10,1,51,1,0.7859279697477815,eval,0.8285389,1.0,27,0.025000000000000022,0.07853889465332031
flat,0.825,0.75,11,1,52,9,0.8286306022369746,eval,0.8659278,1.0,27,0.07499999999999996,0.1159278154373169
flat,0.825,0.75,11,1,52,12,0.5889421738555064,eval,0.656066,0.0,27,0.07499999999999996,-0.09393399953842163
flat,0.825,0.75,11,1,52,8,0.7918859617230475,eval,0.8337556,1.0,27,0.07499999999999996,0.08375561237335205
flat,0.825,0.75,11,1,52,1,0.8174298473779177,eval,0.8561208,1.0,27,0.07499999999999996,0.10612082481384277
flat,0.825,0.75,11,1,53,9,0.6997848056555384,eval,0.7531154,1.0,27,0.07499999999999996,0.003115415573120117
flat,0.825,0.75,11,1,53,12,0.9257997003423085,eval,0.9510052,1.0,27,0.07499999999999996,0.201005220413208
flat,0.825,0.75,11,1,53,8,1.006398561389275,eval,1.0215745,1.0,27,0.07499999999999996,0.2715744972229004
flat,0.825,0.75,11,1,53,1,0.8452114395043959,eval,0.88044524,1.0,27,0.07499999999999996,0.13044524192810059
flat,0.875,0.75,12,1,54,9,0.9402010863526592,eval,0.9636145,1.0,27,0.125,0.21361452341079712
flat,0.875,0.75,12,1,54,12,0.8399761650176906,eval,0.87586147,1.0,27,0.125,0.12586146593093872
flat,0.875,0.75,12,1,54,8,0.9561821589739987,eval,0.9776069,1.0,27,0.125,0.2276068925857544
flat,0.875,0.75,12,1,54,1,0.9444171936707009,eval,0.967306,1.0,27,0.125,0.2173060178756714
flat,0.875,0.75,12,1,55,9,0.8731461186690498,eval,0.90490377,1.0,27,0.125,0.15490376949310303
flat,0.875,0.75,12,1,55,12,0.7533676588110694,eval,0.8000304,1.0,27,0.125,0.050030410289764404
flat,0.875,0.75,12,1,55,8,0.8546588664055288,eval,0.88871706,1.0,27,0.125,0.13871705532073975
flat,0.875,0.75,12,1,55,1,0.7991630249101591,eval,0.8401271,1.0,27,0.125,0.09012711048126221
flat,0.925,0.75,13,1,56,9,0.8213926318410458,eval,0.85959053,1.0,27,0.17500000000000004,0.10959053039550781
flat,0.925,0.75,13,1,56,12,0.9853280959050975,eval,1.0031259,1.0,27,0.17500000000000004,0.2531259059906006
flat,0.925,0.75,13,1,56,8,0.7672800849317296,eval,0.8122117,1.0,27,0.17500000000000004,0.062211692333221436
flat,0.925,0.75,13,1,56,1,1.0670982022311917,eval,1.0621184,1.0,27,0.17500000000000004,0.31211841106414795
flat,0.925,0.75,13,1,57,9,0.7731111770249605,eval,0.8173171,1.0,27,0.17500000000000004,0.06731712818145752
flat,0.925,0.75,13,1,57,12,0.9812849420373864,eval,0.99958587,1.0,27,0.17500000000000004,0.24958586692810059
flat,0.925,0.75,13,1,57,8,0.9622951541761923,eval,0.98295915,1.0,27,0.17500000000000004,0.23295915126800537
flat,0.925,0.75,13,1,57,1,0.9976093788947765,eval,1.013879,1.0,27,0.17500000000000004,0.2638789415359497
flat,0.975,0.75,14,1,58,9,0.8184410628627359,eval,0.8570062,1.0,27,0.22499999999999998,0.10700619220733643
flat,0.975,0.75,14,1,58,12,0.8706926297718663,eval,0.9027556,1.0,27,0.22499999999999998,0.15275561809539795
flat,0.975,0.75,14,1,58,8,0.8606259907898409,eval,0.89394164,1.0,27,0.22499999999999998,0.14394164085388184
flat,0.975,0.75,14,1,58,1,1.0593732662303268,eval,1.0577862,1.0,27,0.22499999999999998,0.307786226272583
flat,0.975,0.75,14,1,59,9,0.9801033945130329,eval,0.99855137,1.0,27,0.22499999999999998,0.2485513687133789
flat,0.975,0.75,14,1,59,12,1.2222435678832566,eval,1.1491237,1.0,27,0.22499999999999998,0.3991236686706543
flat,0.975,0.75,14,1,59,8,0.8034054048241679,eval,0.84384155,1.0,27,0.22499999999999998,0.093841552734375
flat,0.975,0.75,14,1,59,1,1.0914863981111027,eval,1.0757953,1.0,27,0.22499999999999998,0.3257952928543091
base,0.025,0.5,0,0,0,9,-0.002915150546776414,eval,0.1645104,0.0,28,-0.475,-0.3354896008968353
base,0.025,0.5,0,0,0,12,0.06907067447635609,eval,0.16563368,0.0,28,-0.475,-0.3343663215637207
base,0.025,0.5,0,0,0,8,0.07970956613393337,eval,0.16740322,0.0,28,-0.475,-0.3325967788696289
base,0.025,0.5,0,0,0,1,-0.018643524714322124,eval,0.16426498,0.0,28,-0.475,-0.335735023021698
base,0.075,0.5,1,0,1,9,0.10314711025906223,eval,0.17230684,0.0,28,-0.425,-0.3276931643486023
base,0.075,0.5,1,0,1,12,0.10925153909534122,eval,0.17358398,0.0,28,-0.425,-0.326416015625
base,0.075,0.5,1,0,1,8,0.2513759069559374,eval,0.27275166,0.0,28,-0.425,-0.22724834084510803
base,0.075,0.5,1,0,1,1,-0.041980190777286416,eval,0.16390082,0.0,28,-0.425,-0.33609917759895325
base,0.125,0.5,2,0,2,9,0.2532481233683165,eval,0.27439117,0.0,28,-0.375,-0.22560882568359375
base,0.125,0.5,2,0,2,12,0.17239470669880136,eval,0.2035876,0.0,28,-0.375,-0.296412393450737
base,0.125,0.5,2,0,2,8,0.07632387892071708,eval,0.16669488,0.0,28,-0.375,-0.33330512046813965
base,0.125,0.5,2,0,2,1,0.2989367877130134,eval,0.31440082,0.0,28,-0.375,-0.1855991780757904
base,0.175,0.5,3,0,3,9,0.2032451825285249,eval,0.23060344,0.0,28,-0.325,-0.2693965584039688
base,0.175,0.5,3,0,3,12,0.1482691568046723,eval,0.1824608,0.0,28,-0.325,-0.31753920018672943
base,0.175,0.5,3,0,3,8,0.18441541561970465,eval,0.21411419,0.0,28,-0.325,-0.2858858108520508
base,0.175,0.5,3,0,3,1,0.1254089271557848,eval,0.17696442,0.0,28,-0.325,-0.3230355829000473
base,0.225,0.5,4,0,4,9,0.3056019527170751,eval,0.32023758,0.0,28,-0.275,-0.17976242303848267
base,0.225,0.5,4,0,4,12,0.3438327862596402,eval,0.3537164,0.0,28,-0.275,-0.1462835967540741
base,0.225,0.5,4,0,4,8,0.15444720452789168,eval,0.18787092,0.0,28,-0.275,-0.31212908029556274
base,0.225,0.5,4,0,4,1,0.2578969629460202,eval,0.27846214,0.0,28,-0.275,-0.22153785824775696
base,0.275,0.5,5,0,5,9,0.15241172947768455,eval,0.18608846,0.0,28,-0.22499999999999998,-0.3139115422964096
base,0.275,0.5,5,0,5,12,0.24014279349858433,eval,0.26291478,0.0,28,-0.22499999999999998,-0.237085223197937
base,0.275,0.5,5,0,5,8,0.15737429350797189,eval,0.19043419,0.0,28,-0.22499999999999998,-0.30956581234931946
base,0.275,0.5,5,0,5,1,0.24914274545260762,eval,0.27079606,0.0,28,-0.22499999999999998,-0.2292039394378662
base,0.325,0.5,6,0,6,9,0.32274678225324427,eval,0.33525133,0.0,28,-0.175,-0.1647486686706543
base,0.325,0.5,6,0,6,12,0.17876480748448073,eval,0.20916593,0.0,28,-0.175,-0.29083406925201416
base,0.325,0.5,6,0,6,8,0.2536892033263042,eval,0.2747774,0.0,28,-0.175,-0.22522258758544922
base,0.325,0.5,6,0,6,1,0.48334728788021225,eval,0.47588962,0.0,28,-0.175,-0.024110376834869385
base,0.375,0.5,7,0,7,9,0.3874211319304505,eval,0.39188683,0.0,28,-0.125,-0.10811316967010498
base,0.375,0.5,7,0,7,12,0.4599783613618451,eval,0.45542544,0.0,28,-0.125,-0.0445745587348938
base,0.375,0.5,7,0,7,8,0.3405001475914213,eval,0.350798,0.0,28,-0.125,-0.14920198917388916
base,0.375,0.5,7,0,7,1,0.5070360987081839,eval,0.49663407,0.0,28,-0.125,-0.003365933895111084
base,0.425,0.5,8,0,8,9,0.5112246184619911,eval,0.5003019,1.0,28,-0.07500000000000001,0.0003018975257873535
base,0.425,0.5,8,0,8,12,0.6100702779951481,eval,0.5868613,1.0,28,-0.07500000000000001,0.08686131238937378
base,0.425,0.5,8,0,8,8,0.5605438028669814,eval,0.5434908,1.0,28,-0.07500000000000001,0.043490827083587646
base,0.425,0.5,8,0,8,1,0.4883352622824915,eval,0.48025763,0.0,28,-0.07500000000000001,-0.019742369651794434
base,0.475,0.5,9,0,9,9,0.4866060673431017,eval,0.47874337,0.0,28,-0.025000000000000022,-0.021256625652313232
base,0.475,0.5,9,0,9,12,0.3789848880709369,eval,0.3844992,0.0,28,-0.025000000000000022,-0.115500807762146
base,0.475,0.5,9,0,9,8,0.4752211602573378,eval,0.4687736,0.0,28,-0.025000000000000022,-0.031226396560668945
base,0.475,0.5,9,0,9,1,0.2546490119353349,eval,0.27561793,0.0,28,-0.025000000000000022,-0.22438207268714905
base,0.525,0.5,10,1,10,9,0.6054078958119873,eval,0.5827785,1.0,28,0.025000000000000022,0.08277851343154907
base,0.525,0.5,10,1,10,12,0.5148368870407144,eval,0.50346524,1.0,28,0.025000000000000022,0.0034652352333068848
base,0.525,0.5,10,1,10,8,0.44594551903321245,eval,0.4431368,0.0,28,0.025000000000000022,-0.05686318874359131
base,0.525,0.5,10,1,10,1,0.5302028974259887,eval,0.5169213,1.0,28,0.025000000000000022,0.016921281814575195
base,0.575,0.5,11,1,11,9,0.5245800752222866,eval,0.5119973,1.0,28,0.07499999999999996,0.0119972825050354
base,0.575,0.5,11,1,11,12,0.5064557989281973,eval,0.49612582,0.0,28,0.07499999999999996,-0.00387418270111084
base,0.575,0.5,11,1,11,8,0.5891877828241733,eval,0.5685744,1.0,28,0.07499999999999996,0.06857442855834961
base,0.575,0.5,11,1,11,1,0.6433686190776534,eval,0.61602074,1.0,28,0.07499999999999996,0.11602073907852173
base,0.625,0.5,12,1,12,9,0.6607954906213157,eval,0.63128155,1.0,28,0.125,0.1312815546989441
base,0.625,0.5,12,1,12,12,0.5869416749872484,eval,0.5666076,1.0,28,0.125,0.06660759449005127
base,0.625,0.5,12,1,12,8,0.6467571355560034,eval,0.61898816,1.0,28,0.125,0.11898815631866455
base,0.625,0.5,12,1,12,1,0.7253961575842169,eval,0.6878525,1.0,28,0.125,0.18785250186920166
base,0.675,0.5,13,1,13,9,0.7164866401254424,eval,0.68005043,1.0,28,0.17500000000000004,0.18005043268203735
base,0.675,0.5,13,1,13,12,0.6796092971779658,eval,0.6477568,1.0,28,0.17500000000000004,0.14775681495666504
base,0.675,0.5,13,1,13,8,0.6073767944025039,eval,0.58450264,1.0,28,0.17500000000000004,0.08450263738632202
base,0.675,0.5,13,1,13,1,0.61320929552924,eval,0.58961016,1.0,28,0.17500000000000004,0.08961015939712524
base,0.725,0.5,14,1,14,9,0.6000224275413348,eval,0.5780624,1.0,28,0.22499999999999998,0.07806241512298584
base,0.725,0.5,14,1,14,12,0.6008191547218831,eval,0.5787601,1.0,28,0.22499999999999998,0.07876008749008179
base,0.725,0.5,14,1,14,8,0.8393233626629595,eval,0.7876189,1.0,28,0.22499999999999998,0.28761887550354004
base,0.725,0.5,14,1,14,1,0.9072011363328323,eval,0.84705955,1.0,28,0.22499999999999998,0.34705954790115356
base,0.775,0.5,15,1,15,9,0.7925538628567643,eval,0.7466626,1.0,28,0.275,0.24666261672973633
base,0.775,0.5,15,1,15,12,0.7472346328732713,eval,0.70697653,1.0,28,0.275,0.2069765329360962
base,0.775,0.5,15,1,15,8,0.586165110902335,eval,0.56592757,1.0,28,0.275,0.06592756509780884
base,0.775,0.5,15,1,15,1,0.6429569029986707,eval,0.61566025,1.0,28,0.275,0.11566025018692017
base,0.825,0.5,16,1,16,9,0.7929637473048593,eval,0.7470216,1.0,28,0.32499999999999996,0.2470216155052185
base,0.825,0.5,16,1,16,12,0.6784032613617612,eval,0.64670074,1.0,28,0.32499999999999996,0.14670073986053467
base,0.825,0.5,16,1,16,8,0.8036455371917013,eval,0.7563758,1.0,28,0.32499999999999996,0.256375789642334
base,0.825,0.5,16,1,16,1,0.7588471978184781,eval,0.7171456,1.0,28,0.32499999999999996,0.2171456217765808
base,0.875,0.5,17,1,17,9,0.6845912051383966,eval,0.6521196,1.0,28,0.375,0.15211957693099976
base,0.875,0.5,17,1,17,12,0.8181772362058521,eval,0.7691012,1.0,28,0.375,0.26910120248794556
base,0.875,0.5,17,1,17,8,0.9415066065629245,eval,0.877101,1.0,28,0.375,0.37710100412368774
base,0.875,0.5,17,1,17,1,0.9685049988114022,eval,0.9007436,1.0,28,0.375,0.40074360370635986
base,0.925,0.5,18,1,18,9,1.0208406680141398,eval,0.94694936,1.0,28,0.42500000000000004,0.4469493627548218
base,0.925,0.5,18,1,18,12,0.8063930346013513,eval,0.75878173,1.0,28,0.42500000000000004,0.2587817311286926
base,0.925,0.5,18,1,18,8,0.7911567480523145,eval,0.7454393,1.0,28,0.42500000000000004,0.2454392910003662
base,0.925,0.5,18,1,18,1,0.9299054613825312,eval,0.8669419,1.0,28,0.42500000000000004,0.3669419288635254
base,0.975,0.5,19,1,19,9,0.9388141319695699,eval,0.8747432,1.0,28,0.475,0.3747432231903076
base,0.975,0.5,19,1,19,12,0.8690939300539855,eval,0.8136891,1.0,28,0.475,0.31368911266326904
base,0.975,0.5,19,1,19,8,1.0111253748643376,eval,0.93836915,1.0,28,0.475,0.43836915493011475
base,0.975,0.5,19,1,19,1,1.1752392583645255,eval,1.0833058,1.0,28,0.475,0.583305835723877
curv,0.025,0.25,0,0,20,9,-0.06023900581258609,eval,0.14276761,0.0,28,-0.225,-0.10723239183425903
curv,0.025,0.25,0,0,20,12,-0.14699106806582,eval,0.14141391,0.0,28,-0.225,-0.10858608782291412
curv,0.025,0.25,0,0,20,8,0.1542893050193805,eval,0.14611517,0.0,28,-0.225,-0.10388483107089996
curv,0.025,0.25,0,0,20,1,0.04385191925124656,eval,0.14439188,0.0,28,-0.225,-0.10560812056064606
curv,0.025,0.25,0,0,21,9,-0.012731674369381461,eval,0.14350893,0.0,28,-0.225,-0.1064910739660263
curv,0.025,0.25,0,0,21,12,0.1469354588732634,eval,0.14600042,0.0,28,-0.225,-0.10399958491325378
curv,0.025,0.25,0,0,21,8,0.07036712642569681,eval,0.14480563,0.0,28,-0.225,-0.10519437491893768
curv,0.025,0.25,0,0,21,1,-0.03831940901922267,eval,0.14310965,0.0,28,-0.225,-0.10689035058021545
curv,0.075,0.25,1,0,22,9,0.08882003031483213,eval,0.14509356,0.0,28,-0.175,-0.10490643978118896
curv,0.075,0.25,1,0,22,12,0.12590590847395516,eval,0.14567228,0.0,28,-0.175,-0.1043277233839035
curv,0.075,0.25,1,0,22,8,-0.09401599429769265,eval,0.14224055,0.0,28,-0.175,-0.10775944590568542
curv,0.075,0.25,1,0,22,1,0.03724364947671917,eval,0.14428876,0.0,28,-0.175,-0.10571123659610748
curv,0.075,0.25,1,0,23,9,0.22579094843471398,eval,0.18764047,0.0,28,-0.175,-0.0623595267534256
curv,0.075,0.25,1,0,23,12,-0.11674640434564944,eval,0.14188586,0.0,28,-0.175,-0.10811413824558258
curv,0.075,0.25,1,0,23,8,0.0021804972564751224,eval,0.14374162,0.0,28,-0.175,-0.10625837743282318
curv,0.075,0.25,1,0,23,1,-0.03411461176191956,eval,0.14317526,0.0,28,-0.175,-0.10682474076747894
curv,0.125,0.25,2,0,24,9,0.10840667969937974,eval,0.14539921,0.0,28,-0.125,-0.10460078716278076
curv,0.125,0.25,2,0,24,12,0.06531724059521243,eval,0.14472683,0.0,28,-0.125,-0.10527317225933075
curv,0.125,0.25,2,0,24,8,0.24823034025042634,eval,0.20294611,0.0,28,-0.125,-0.04705388844013214
curv,0.125,0.25,2,0,24,1,-0.002768016638660803,eval,0.14366442,0.0,28,-0.125,-0.1063355803489685
curv,0.125,0.25,2,0,25,9,0.17224074969585104,eval,0.1511145,0.0,28,-0.125,-0.09888550639152527
curv,0.125,0.25,2,0,25,12,0.0579561400096926,eval,0.14461195,0.0,28,-0.125,-0.10538804531097412
curv,0.125,0.25,2,0,25,8,0.15483352450652943,eval,0.14612368,0.0,28,-0.125,-0.10387632250785828
curv,0.125,0.25,2,0,25,1,0.18804114907682318,eval,0.16189176,0.0,28,-0.125,-0.08810824155807495
curv,0.175,0.25,3,0,26,9,0.31235793768977616,eval,0.25068203,1.0,28,-0.07500000000000001,0.0006820261478424072
curv,0.175,0.25,3,0,26,12,0.1059055871831403,eval,0.14536019,0.0,28,-0.07500000000000001,-0.10463981330394745
curv,0.175,0.25,3,0,26,8,0.17401410615100246,eval,0.15232408,0.0,28,-0.07500000000000001,-0.09767591953277588
curv,0.175,0.25,3,0,26,1,0.23311658124128057,eval,0.19263719,0.0,28,-0.07500000000000001,-0.05736280977725983
curv,0.175,0.25,3,0,27,9,0.22835505312737925,eval,0.18938941,0.0,28,-0.07500000000000001,-0.06061059236526489
curv,0.175,0.25,3,0,27,12,0.030311648744351605,eval,0.1441806,0.0,28,-0.07500000000000001,-0.10581940412521362
curv,0.175,0.25,3,0,27,8,0.219120059471549,eval,0.18309033,0.0,28,-0.07500000000000001,-0.06690967082977295
curv,0.175,0.25,3,0,27,1,0.30445588194411166,eval,0.24376218,0.0,28,-0.07500000000000001,-0.006237819790840149
curv,0.225,0.25,4,0,28,9,0.3318564157418792,eval,0.26775694,1.0,28,-0.024999999999999994,0.017756938934326172
curv,0.225,0.25,4,0,28,12,0.30043857213684555,eval,0.24024424,0.0,28,-0.024999999999999994,-0.009755760431289673
curv,0.225,0.25,4,0,28,8,0.2971048950005876,eval,0.23732492,0.0,28,-0.024999999999999994,-0.012675076723098755
curv,0.225,0.25,4,0,28,1,0.1495394208740069,eval,0.14604105,0.0,28,-0.024999999999999994,-0.10395894944667816
curv,0.225,0.25,4,0,29,9,0.17734901410490445,eval,0.15459879,0.0,28,-0.024999999999999994,-0.09540121257305145
curv,0.225,0.25,4,0,29,12,0.1854136214492001,eval,0.16009957,0.0,28,-0.024999999999999994,-0.0899004340171814
curv,0.225,0.25,4,0,29,8,0.15415347634020068,eval,0.14611307,0.0,28,-0.024999999999999994,-0.1038869321346283
curv,0.225,0.25,4,0,29,1,0.3939107452443673,eval,0.32209808,1.0,28,-0.024999999999999994,0.07209807634353638
curv,0.275,0.25,5,1,30,9,0.3521049326473978,eval,0.2854886,1.0,28,0.025000000000000022,0.03548860549926758
curv,0.275,0.25,5,1,30,12,0.3218148909489514,eval,0.25896353,1.0,28,0.025000000000000022,0.008963525295257568
curv,0.275,0.25,5,1,30,8,0.2459599919927045,eval,0.20139754,0.0,28,0.025000000000000022,-0.04860246181488037
curv,0.275,0.25,5,1,30,1,0.2462612292191334,eval,0.201603,0.0,28,0.025000000000000022,-0.0483970046043396
curv,0.325,0.25,6,1,31,9,0.31920239999303074,eval,0.25667575,1.0,28,0.07500000000000001,0.006675750017166138
curv,0.325,0.25,6,1,31,12,0.37767557651664274,eval,0.30788088,1.0,28,0.07500000000000001,0.05788087844848633
curv,0.325,0.25,6,1,31,8,0.339291364966682,eval,0.27426773,1.0,28,0.07500000000000001,0.024267733097076416
curv,0.325,0.25,6,1,31,1,0.4824408278844587,eval,0.3996241,1.0,28,0.07500000000000001,0.14962410926818848
curv,0.375,0.25,7,1,32,9,0.48244112374891795,eval,0.39962435,1.0,28,0.125,0.14962434768676758
curv,0.375,0.25,7,1,32,12,0.5125445311670886,eval,0.42598596,1.0,28,0.125,0.17598596215248108
curv,0.375,0.25,7,1,32,8,0.3206042278212674,eval,0.25790334,1.0,28,0.125,0.007903337478637695
curv,0.375,0.25,7,1,32,1,0.3317214152817403,eval,0.2676387,1.0,28,0.125,0.017638713121414185
curv,0.425,0.25,8,1,33,9,0.32464404280078596,eval,0.261441,1.0,28,0.175,0.01144099235534668
curv,0.425,0.25,8,1,33,12,0.24351277222568563,eval,0.19972833,0.0,28,0.175,-0.05027167499065399
curv,0.425,0.25,8,1,33,8,0.4116548441462745,eval,0.33763662,1.0,28,0.175,0.08763661980628967
curv,0.425,0.25,8,1,33,1,0.3514516707657725,eval,0.28491652,1.0,28,0.175,0.03491652011871338
curv,0.475,0.25,9,1,34,9,0.39704422467572553,eval,0.32484204,1.0,28,0.22499999999999998,0.07484203577041626
curv,0.475,0.25,9,1,34,12,0.6488602111424955,eval,0.54572135,1.0,28,0.22499999999999998,0.2957213521003723
curv,0.475,0.25,9,1,34,8,0.6047871761181993,eval,0.50679845,1.0,28,0.22499999999999998,0.2567984461784363
curv,0.475,0.25,9,1,34,1,0.49997853715586665,eval,0.4149819,1.0,28,0.22499999999999998,0.1649819016456604
curv,0.525,0.25,10,1,35,9,0.6518731572705383,eval,0.5483823,1.0,28,0.275,0.2983822822570801
curv,0.525,0.25,10,1,35,12,0.6518815273891231,eval,0.5483897,1.0,28,0.275,0.2983896732330322
curv,0.525,0.25,10,1,35,8,0.4282180135307945,eval,0.35214102,1.0,28,0.275,0.10214102268218994
curv,0.525,0.25,10,1,35,1,0.6281453084869473,eval,0.5274271,1.0,28,0.275,0.277427077293396
curv,0.575,0.25,11,1,36,9,0.555391602743063,eval,0.46350735,1.0,28,0.32499999999999996,0.21350735425949097
curv,0.575,0.25,11,1,36,12,0.6323065992335506,eval,0.53110206,1.0,28,0.32499999999999996,0.2811020612716675
curv,0.575,0.25,11,1,36,8,0.767666270913514,eval,0.6506445,1.0,28,0.32499999999999996,0.4006444811820984
curv,0.575,0.25,11,1,36,1,0.5911009576715345,eval,0.4947781,1.0,28,0.32499999999999996,0.2447780966758728
curv,0.625,0.25,12,1,37,9,0.5891039353295531,eval,0.4930293,1.0,28,0.375,0.24302929639816284
curv,0.625,0.25,12,1,37,12,0.8633592229234116,eval,0.7351554,1.0,28,0.375,0.4851554036140442
curv,0.625,0.25,12,1,37,8,0.8129344377381986,eval,0.6906229,1.0,28,0.375,0.4406229257583618
curv,0.625,0.25,12,1,37,1,0.5664471175876663,eval,0.47318864,1.0,28,0.375,0.2231886386871338
curv,0.675,0.25,13,1,38,9,0.682757241935024,eval,0.57565737,1.0,28,0.42500000000000004,0.32565736770629883
curv,0.675,0.25,13,1,38,12,0.6954978597927232,eval,0.58690923,1.0,28,0.42500000000000004,0.3369092345237732
curv,0.675,0.25,13,1,38,8,0.503656056203569,eval,0.4182023,1.0,28,0.42500000000000004,0.16820231080055237
curv,0.675,0.25,13,1,38,1,0.5408780285923331,eval,0.45079774,1.0,28,0.42500000000000004,0.20079773664474487
curv,0.725,0.25,14,1,39,9,0.6560502542647139,eval,0.5520712,1.0,28,0.475,0.302071213722229
curv,0.725,0.25,14,1,39,12,0.8071478916070218,eval,0.6855126,1.0,28,0.475,0.43551260232925415
curv,0.725,0.25,14,1,39,8,0.7108977334886978,eval,0.6005096,1.0,28,0.475,0.3505095839500427
curv,0.725,0.25,14,1,39,1,0.5848479785082572,eval,0.48930234,1.0,28,0.475,0.23930233716964722
flat,0.275,0.75,0,0,40,9,0.40819413685305606,eval,0.48554957,0.0,28,-0.475,-0.26445043087005615
flat,0.275,0.75,0,0,40,12,0.20115860187320406,eval,0.30424798,0.0,28,-0.475,-0.44575202465057373
flat,0.275,0.75,0,0,40,8,0.30926915696456797,eval,0.3989207,0.0,28,-0.475,-0.3510792851448059
flat,0.275,0.75,0,0,40,1,0.3252682849874866,eval,0.41293117,0.0,28,-0.475,-0.3370688259601593
flat,0.325,0.75,1,0,41,9,0.20008373483240952,eval,0.3033067,0.0,28,-0.425,-0.4466933012008667
flat,0.325,0.75,1,0,41,12,0.4384357407951828,eval,0.5120322,0.0,28,-0.425,-0.23796778917312622
flat,0.325,0.75,1,0,41,8,0.24891289124935712,eval,0.34606653,0.0,28,-0.425,-0.40393346548080444
flat,0.325,0.75,1,0,41,1,0.4239713033285805,eval,0.4993657,0.0,28,-0.425,-0.2506343126296997
flat,0.375,0.75,2,0,42,9,0.3599402001639595,eval,0.44329345,0.0,28,-0.375,-0.3067065477371216
flat,0.375,0.75,2,0,42,12,0.39178259697224144,eval,0.47117794,0.0,28,-0.375,-0.27882206439971924
flat,0.375,0.75,2,0,42,8,0.3008919496315271,eval,0.39158475,0.0,28,-0.375,-0.35841524600982666
flat,0.375,0.75,2,0,42,1,0.3585705407374709,eval,0.44209403,0.0,28,-0.375,-0.30790597200393677
flat,0.425,0.75,3,0,43,9,0.45969527857023623,eval,0.53064924,0.0,28,-0.325,-0.21935075521469116
flat,0.425,0.75,3,0,43,12,0.37987998551439534,eval,0.4607548,0.0,28,-0.325,-0.2892451882362366
flat,0.425,0.75,3,0,43,8,0.40125843032654535,eval,0.47947598,0.0,28,-0.325,-0.2705240249633789
flat,0.425,0.75,3,0,43,1,0.3175635141771565,eval,0.40618408,0.0,28,-0.325,-0.3438159227371216
flat,0.475,0.75,4,0,44,9,0.46455529309334376,eval,0.5349052,0.0,28,-0.275,-0.21509480476379395
flat,0.475,0.75,4,0,44,12,0.6866939198315876,eval,0.7273475,0.0,28,-0.275,-0.022652506828308105
flat,0.475,0.75,4,0,44,8,0.548917808711155,eval,0.6087817,0.0,28,-0.275,-0.14121830463409424
flat,0.475,0.75,4,0,44,1,0.5623042152621707,eval,0.62050414,0.0,28,-0.275,-0.12949585914611816
flat,0.525,0.75,5,0,45,9,0.4447712454632119,eval,0.5175803,0.0,28,-0.22499999999999998,-0.23241972923278809
flat,0.525,0.75,5,0,45,12,0.49452003354591684,eval,0.56114537,0.0,28,-0.22499999999999998,-0.1888546347618103
flat,0.525,0.75,5,0,45,8,0.4738666161052906,eval,0.5430592,0.0,28,-0.22499999999999998,-0.20694082975387573
flat,0.525,0.75,5,0,45,1,0.39696060552854273,eval,0.47571236,0.0,28,-0.22499999999999998,-0.2742876410484314
flat,0.575,0.75,6,0,46,9,0.48816108032474786,eval,0.55557686,0.0,28,-0.17500000000000004,-0.1944231390953064
flat,0.575,0.75,6,0,46,12,0.5758861327608518,eval,0.6323979,0.0,28,-0.17500000000000004,-0.11760210990905762
flat,0.575,0.75,6,0,46,8,0.7576693811620117,eval,0.7880869,1.0,28,-0.17500000000000004,0.038086891174316406
flat,0.575,0.75,6,0,46,1,0.5036931904940727,eval,0.56917834,0.0,28,-0.17500000000000004,-0.18082165718078613
flat,0.625,0.75,7,0,47,9,0.6675394425820824,eval,0.7109555,0.0,28,-0.125,-0.03904449939727783
flat,0.625,0.75,7,0,47,12,0.6052720042673871,eval,0.65766835,0.0,28,-0.125,-0.0923316478729248
flat,0.625,0.75,7,0,47,8,0.6539974002338532,eval,0.6993665,0.0,28,-0.125,-0.05063349008560181
flat,0.625,0.75,7,0,47,1,0.6871017853540099,eval,0.72769654,0.0,28,-0.125,-0.022303462028503418
flat,0.675,0.75,8,0,48,9,0.57195195498333,eval,0.62895274,0.0,28,-0.07499999999999996,-0.1210472583770752
flat,0.675,0.75,8,0,48,12,0.5994329086763519,eval,0.65267134,0.0,28,-0.07499999999999996,-0.09732866287231445
flat,0.675,0.75,8,0,48,8,0.6647424715916677,eval,0.7085619,0.0,28,-0.07499999999999996,-0.04143810272216797
flat,0.675,0.75,8,0,48,1,0.44998588264254086,eval,0.52214676,0.0,28,-0.07499999999999996,-0.22785323858261108
flat,0.725,0.75,9,0,49,9,0.789624270571504,eval,0.81543326,1.0,28,-0.025000000000000022,0.06543326377868652
flat,0.725,0.75,9,0,49,12,0.7781272400530428,eval,0.8055943,1.0,28,-0.025000000000000022,0.05559432506561279
flat,0.725,0.75,9,0,49,8,0.8699259685131457,eval,0.88415384,1.0,28,-0.025000000000000022,0.1341538429260254
flat,0.725,0.75,9,0,49,1,0.7636369597566306,eval,0.7931939,1.0,28,-0.025000000000000022,0.04319387674331665
flat,0.775,0.75,10,1,50,9,0.6225851636354708,eval,0.6724846,0.0,28,0.025000000000000022,-0.07751542329788208
flat,0.775,0.75,10,1,50,12,0.8488409603732732,eval,0.8661097,1.0,28,0.025000000000000022,0.11610972881317139
flat,0.775,0.75,10,1,50,8,0.8376281195060352,eval,0.856514,1.0,28,0.025000000000000022,0.10651397705078125
flat,0.775,0.75,10,1,50,1,0.7168359163590498,eval,0.7531424,1.0,28,0.025000000000000022,0.003142416477203369
flat,0.775,0.75,10,1,51,9,0.7195016903283316,eval,0.7554238,1.0,28,0.025000000000000022,0.005423784255981445
flat,0.775,0.75,10,1,51,12,0.8104372527738726,eval,0.83324456,1.0,28,0.025000000000000022,0.08324456214904785
flat,0.775,0.75,10,1,51,8,0.8119286775687574,eval,0.83452094,1.0,28,0.025000000000000022,0.08452093601226807
flat,0.775,0.75,10,1,51,1,0.7859279697477815,eval,0.81227005,1.0,28,0.025000000000000022,0.06227004528045654
flat,0.825,0.75,11,1,52,9,0.8286306022369746,eval,0.8488141,1.0,28,0.07499999999999996,0.09881407022476196
flat,0.825,0.75,11,1,52,12,0.5889421738555064,eval,0.6436935,0.0,28,0.07499999999999996,-0.10630649328231812
flat,0.825,0.75,11,1,52,8,0.7918859617230475,eval,0.81736875,1.0,28,0.07499999999999996,0.06736874580383301
flat,0.825,0.75,11,1,52,1,0.8174298473779177,eval,0.8392287,1.0,28,0.07499999999999996,0.08922868967056274
flat,0.825,0.75,11,1,53,9,0.6997848056555384,eval,0.7385504,0.0,28,0.07499999999999996,-0.011449575424194336
flat,0.825,0.75,11,1,53,12,0.9257997003423085,eval,0.9319694,1.0,28,0.07499999999999996,0.18196940422058105
flat,0.825,0.75,11,1,53,8,1.006398561389275,eval,1.0009444,1.0,28,0.07499999999999996,0.2509443759918213
flat,0.825,0.75,11,1,53,1,0.8452114395043959,eval,0.8630036,1.0,28,0.07499999999999996,0.11300361156463623
flat,0.875,0.75,12,1,54,9,0.9402010863526592,eval,0.94429386,1.0,28,0.125,0.19429385662078857
flat,0.875,0.75,12,1,54,12,0.8399761650176906,eval,0.85852337,1.0,28,0.125,0.10852336883544922
flat,0.875,0.75,12,1,54,8,0.9561821589739987,eval,0.95797014,1.0,28,0.125,0.20797014236450195
flat,0.875,0.75,12,1,54,1,0.9444171936707009,eval,0.9479019,1.0,28,0.125,0.1979019045829773
flat,0.875,0.75,12,1,55,9,0.8731461186690498,eval,0.8869096,1.0,28,0.125,0.1369096040725708
flat,0.875,0.75,12,1,55,12,0.7533676588110694,eval,0.7844056,1.0,28,0.125,0.03440558910369873
flat,0.875,0.75,12,1,55,8,0.8546588664055288,eval,0.87108856,1.0,28,0.125,0.12108856439590454
flat,0.875,0.75,12,1,55,1,0.7991630249101591,eval,0.82359636,1.0,28,0.125,0.07359635829925537
flat,0.925,0.75,13,1,56,9,0.8213926318410458,eval,0.84261996,1.0,28,0.17500000000000004,0.09261995553970337
flat,0.925,0.75,13,1,56,12,0.9853280959050975,eval,0.98291266,1.0,28,0.17500000000000004,0.23291265964508057
flat,0.925,0.75,13,1,56,8,0.7672800849317296,eval,0.7963115,1.0,28,0.17500000000000004,0.04631149768829346
flat,0.925,0.75,13,1,56,1,1.0670982022311917,eval,1.05289,1.0,28,0.17500000000000004,0.30288994312286377
flat,0.925,0.75,13,1,57,9,0.7731111770249605,eval,0.8013017,1.0,28,0.17500000000000004,0.05130171775817871
flat,0.925,0.75,13,1,57,12,0.9812849420373864,eval,0.97945255,1.0,28,0.17500000000000004,0.22945255041122437
flat,0.925,0.75,13,1,57,8,0.9622951541761923,eval,0.9632015,1.0,28,0.17500000000000004,0.21320152282714844
flat,0.925,0.75,13,1,57,1,0.9976093788947765,eval,0.9934226,1.0,28,0.17500000000000004,0.24342262744903564
flat,0.975,0.75,14,1,58,9,0.8184410628627359,eval,0.840094,1.0,28,0.22499999999999998,0.09009397029876709
flat,0.975,0.75,14,1,58,12,0.8706926297718663,eval,0.8848099,1.0,28,0.22499999999999998,0.13480991125106812
flat,0.975,0.75,14,1,58,8,0.8606259907898409,eval,0.8761951,1.0,28,0.22499999999999998,0.12619507312774658
flat,0.975,0.75,14,1,58,1,1.0593732662303268,eval,1.046279,1.0,28,0.22499999999999998,0.2962789535522461
flat,0.975,0.75,14,1,59,9,0.9801033945130329,eval,0.97844136,1.0,28,0.22499999999999998,0.22844135761260986
flat,0.975,0.75,14,1,59,12,1.2222435678832566,eval,1.1856601,1.0,28,0.22499999999999998,0.43566012382507324
flat,0.975,0.75,14,1,59,8,0.8034054048241679,eval,0.8272269,1.0,28,0.22499999999999998,0.07722687721252441
flat,0.975,0.75,14,1,59,1,1.0914863981111027,eval,1.0737609,1.0,28,0.22499999999999998,0.32376086711883545
base,0.025,0.5,0,0,0,9,-0.002915150546776414,eval,0.23434381,0.0,29,-0.475,-0.2656561881303787
base,0.025,0.5,0,0,0,12,0.06907067447635609,eval,0.26916587,0.0,29,-0.475,-0.23083412647247314
base,0.025,0.5,0,0,0,8,0.07970956613393337,eval,0.27514637,0.0,29,-0.475,-0.22485363483428955
base,0.025,0.5,0,0,0,1,-0.018643524714322124,eval,0.22816454,0.0,29,-0.475,-0.27183546125888824
base,0.075,0.5,1,0,1,9,0.10314711025906223,eval,0.28832144,0.0,29,-0.425,-0.21167856454849243
base,0.075,0.5,1,0,1,12,0.10925153909534122,eval,0.29175293,0.0,29,-0.425,-0.20824706554412842
base,0.075,0.5,1,0,1,8,0.2513759069559374,eval,0.37164587,0.0,29,-0.425,-0.12835413217544556
base,0.075,0.5,1,0,1,1,-0.041980190777286416,eval,0.21899612,0.0,29,-0.425,-0.2810038775205612
base,0.125,0.5,2,0,2,9,0.2532481233683165,eval,0.3726983,0.0,29,-0.375,-0.12730169296264648
base,0.125,0.5,2,0,2,12,0.17239470669880136,eval,0.32724786,0.0,29,-0.375,-0.17275214195251465
base,0.125,0.5,2,0,2,8,0.07632387892071708,eval,0.27324313,0.0,29,-0.375,-0.22675687074661255
base,0.125,0.5,2,0,2,1,0.2989367877130134,eval,0.3983814,0.0,29,-0.375,-0.10161858797073364
base,0.175,0.5,3,0,3,9,0.2032451825285249,eval,0.34458995,0.0,29,-0.325,-0.1554100513458252
base,0.175,0.5,3,0,3,12,0.1482691568046723,eval,0.313686,0.0,29,-0.325,-0.18631398677825928
base,0.175,0.5,3,0,3,8,0.18441541561970465,eval,0.33400506,0.0,29,-0.325,-0.16599494218826294
base,0.175,0.5,3,0,3,1,0.1254089271557848,eval,0.3008355,0.0,29,-0.325,-0.1991645097732544
base,0.225,0.5,4,0,4,9,0.3056019527170751,eval,0.40212816,0.0,29,-0.275,-0.09787184000015259
base,0.225,0.5,4,0,4,12,0.3438327862596402,eval,0.4236191,0.0,29,-0.275,-0.0763809084892273
base,0.225,0.5,4,0,4,8,0.15444720452789168,eval,0.31715894,0.0,29,-0.275,-0.18284106254577637
base,0.225,0.5,4,0,4,1,0.2578969629460202,eval,0.3753116,0.0,29,-0.275,-0.12468838691711426
base,0.275,0.5,5,0,5,9,0.15241172947768455,eval,0.3160147,0.0,29,-0.22499999999999998,-0.18398529291152954
base,0.275,0.5,5,0,5,12,0.24014279349858433,eval,0.36533135,0.0,29,-0.22499999999999998,-0.13466864824295044
base,0.275,0.5,5,0,5,8,0.15737429350797189,eval,0.31880438,0.0,29,-0.22499999999999998,-0.18119561672210693
base,0.275,0.5,5,0,5,1,0.24914274545260762,eval,0.3703906,0.0,29,-0.22499999999999998,-0.12960940599441528
base,0.325,0.5,6,0,6,9,0.32274678225324427,eval,0.41176587,0.0,29,-0.175,-0.08823412656784058
base,0.325,0.5,6,0,6,12,0.17876480748448073,eval,0.33082867,0.0,29,-0.175,-0.16917133331298828
base,0.325,0.5,6,0,6,8,0.2536892033263042,eval,0.37294626,0.0,29,-0.175,-0.12705373764038086
base,0.325,0.5,6,0,6,1,0.48334728788021225,eval,0.5020449,1.0,29,-0.175,0.0020449161529541016
base,0.375,0.5,7,0,7,9,0.3874211319304505,eval,0.44812155,0.0,29,-0.125,-0.05187845230102539
base,0.375,0.5,7,0,7,12,0.4599783613618451,eval,0.48890847,0.0,29,-0.125,-0.011091530323028564
base,0.375,0.5,7,0,7,8,0.3405001475914213,eval,0.42174566,0.0,29,-0.125,-0.0782543420791626
base,0.375,0.5,7,0,7,1,0.5070360987081839,eval,0.5153612,1.0,29,-0.125,0.015361189842224121
base,0.425,0.5,8,0,8,9,0.5112246184619911,eval,0.5177157,1.0,29,-0.07500000000000001,0.0177156925201416
base,0.425,0.5,8,0,8,12,0.6100702779951481,eval,0.5700251,1.0,29,-0.07500000000000001,0.07002508640289307
base,0.425,0.5,8,0,8,8,0.5605438028669814,eval,0.5439391,1.0,29,-0.07500000000000001,0.04393911361694336
base,0.425,0.5,8,0,8,1,0.4883352622824915,eval,0.5048488,1.0,29,-0.07500000000000001,0.004848778247833252
base,0.475,0.5,9,0,9,9,0.4866060673431017,eval,0.50387675,1.0,29,-0.025000000000000022,0.0038767457008361816
base,0.475,0.5,9,0,9,12,0.3789848880709369,eval,0.44337922,0.0,29,-0.025000000000000022,-0.056620776653289795
base,0.475,0.5,9,0,9,8,0.4752211602573378,eval,0.49747694,0.0,29,-0.025000000000000022,-0.002523064613342285
base,0.475,0.5,9,0,9,1,0.2546490119353349,eval,0.3734858,0.0,29,-0.025000000000000022,-0.12651419639587402
base,0.525,0.5,10,1,10,9,0.6054078958119873,eval,0.5675694,1.0,29,0.025000000000000022,0.06756937503814697
base,0.525,0.5,10,1,10,12,0.5148368870407144,eval,0.5197463,1.0,29,0.025000000000000022,0.01974630355834961
base,0.525,0.5,10,1,10,8,0.44594551903321245,eval,0.48102015,0.0,29,0.025000000000000022,-0.01897984743118286
base,0.525,0.5,10,1,10,1,0.5302028974259887,eval,0.52795833,1.0,29,0.025000000000000022,0.027958333492279053
base,0.575,0.5,11,1,11,9,0.5245800752222866,eval,0.52499676,1.0,29,0.07499999999999996,0.02499675750732422
base,0.575,0.5,11,1,11,12,0.5064557989281973,eval,0.515035,1.0,29,0.07499999999999996,0.015034973621368408
base,0.575,0.5,11,1,11,8,0.5891877828241733,eval,0.5590261,1.0,29,0.07499999999999996,0.059026122093200684
base,0.575,0.5,11,1,11,1,0.6433686190776534,eval,0.5875636,1.0,29,0.07499999999999996,0.08756357431411743
base,0.625,0.5,12,1,12,9,0.6607954906213157,eval,0.59674245,1.0,29,0.125,0.09674245119094849
base,0.625,0.5,12,1,12,12,0.5869416749872484,eval,0.557843,1.0,29,0.125,0.057843029499053955
base,0.625,0.5,12,1,12,8,0.6467571355560034,eval,0.5893483,1.0,29,0.125,0.08934831619262695
base,0.625,0.5,12,1,12,1,0.7253961575842169,eval,0.630768,1.0,29,0.125,0.13076800107955933
base,0.675,0.5,13,1,13,9,0.7164866401254424,eval,0.6260753,1.0,29,0.17500000000000004,0.12607532739639282
base,0.675,0.5,13,1,13,12,0.6796092971779658,eval,0.6066518,1.0,29,0.17500000000000004,0.10665178298950195
base,0.675,0.5,13,1,13,8,0.6073767944025039,eval,0.56860644,1.0,29,0.17500000000000004,0.068606436252594
base,0.675,0.5,13,1,13,1,0.61320929552924,eval,0.57167846,1.0,29,0.17500000000000004,0.07167845964431763
base,0.725,0.5,14,1,14,9,0.6000224275413348,eval,0.56473285,1.0,29,0.22499999999999998,0.06473284959793091
base,0.725,0.5,14,1,14,12,0.6008191547218831,eval,0.56515247,1.0,29,0.22499999999999998,0.06515246629714966
base,0.725,0.5,14,1,14,8,0.8393233626629595,eval,0.6907743,1.0,29,0.22499999999999998,0.1907743215560913
base,0.725,0.5,14,1,14,1,0.9072011363328323,eval,0.726526,1.0,29,0.22499999999999998,0.22652602195739746
base,0.775,0.5,15,1,15,9,0.7925538628567643,eval,0.6661405,1.0,29,0.275,0.16614049673080444
base,0.775,0.5,15,1,15,12,0.7472346328732713,eval,0.6422705,1.0,29,0.275,0.1422705054283142
base,0.775,0.5,15,1,15,8,0.586165110902335,eval,0.557434,1.0,29,0.275,0.057434022426605225
base,0.775,0.5,15,1,15,1,0.6429569029986707,eval,0.5873467,1.0,29,0.275,0.08734667301177979
base,0.825,0.5,16,1,16,9,0.7929637473048593,eval,0.6663564,1.0,29,0.32499999999999996,0.1663563847541809
base,0.825,0.5,16,1,16,12,0.6784032613617612,eval,0.6060166,1.0,29,0.32499999999999996,0.10601657629013062
base,0.825,0.5,16,1,16,8,0.8036455371917013,eval,0.6719826,1.0,29,0.32499999999999996,0.17198258638381958
base,0.825,0.5,16,1,16,1,0.7588471978184781,eval,0.6483869,1.0,29,0.32499999999999996,0.1483868956565857
base,0.875,0.5,17,1,17,9,0.6845912051383966,eval,0.6092758,1.0,29,0.375,0.10927581787109375
base,0.875,0.5,17,1,17,12,0.8181772362058521,eval,0.67963654,1.0,29,0.375,0.17963653802871704
base,0.875,0.5,17,1,17,8,0.9415066065629245,eval,0.744595,1.0,29,0.375,0.2445949912071228
base,0.875,0.5,17,1,17,1,0.9685049988114022,eval,0.7588152,1.0,29,0.375,0.2588152289390564
base,0.925,0.5,18,1,18,9,1.0208406680141398,eval,0.78638077,1.0,29,0.42500000000000004,0.2863807678222656
base,0.925,0.5,18,1,18,12,0.8063930346013513,eval,0.67342967,1.0,29,0.42500000000000004,0.1734296679496765
base,0.925,0.5,18,1,18,8,0.7911567480523145,eval,0.6654046,1.0,29,0.42500000000000004,0.16540461778640747
base,0.925,0.5,18,1,18,1,0.9299054613825312,eval,0.73848456,1.0,29,0.42500000000000004,0.23848456144332886
base,0.975,0.5,19,1,19,9,0.9388141319695699,eval,0.74317676,1.0,29,0.475,0.24317675828933716
base,0.975,0.5,19,1,19,12,0.8690939300539855,eval,0.70645475,1.0,29,0.475,0.20645475387573242
base,0.975,0.5,19,1,19,8,1.0111253748643376,eval,0.78126365,1.0,29,0.475,0.28126364946365356
base,0.975,0.5,19,1,19,1,1.1752392583645255,eval,0.8677036,1.0,29,0.475,0.3677036166191101
curv,0.025,0.25,0,0,20,9,-0.06023900581258609,eval,0.12043473,0.0,29,-0.225,-0.1295652687549591
curv,0.025,0.25,0,0,20,12,-0.14699106806582,eval,0.105517864,0.0,29,-0.225,-0.14448213577270508
curv,0.025,0.25,0,0,20,8,0.1542893050193805,eval,0.21292765,0.0,29,-0.225,-0.03707234561443329
curv,0.025,0.25,0,0,20,1,0.04385191925124656,eval,0.16132961,0.0,29,-0.225,-0.08867038786411285
curv,0.025,0.25,0,0,21,9,-0.012731674369381461,eval,0.13909924,0.0,29,-0.225,-0.11090075969696045
curv,0.025,0.25,0,0,21,12,0.1469354588732634,eval,0.2087938,0.0,29,-0.225,-0.04120619595050812
curv,0.025,0.25,0,0,21,8,0.07036712642569681,eval,0.17174678,0.0,29,-0.225,-0.07825322449207306
curv,0.025,0.25,0,0,21,1,-0.03831940901922267,eval,0.12904644,0.0,29,-0.225,-0.12095355987548828
curv,0.075,0.25,1,0,22,9,0.08882003031483213,eval,0.17899649,0.0,29,-0.175,-0.0710035115480423
curv,0.075,0.25,1,0,22,12,0.12590590847395516,eval,0.19697239,0.0,29,-0.175,-0.05302761495113373
curv,0.075,0.25,1,0,22,8,-0.09401599429769265,eval,0.10716458,0.0,29,-0.175,-0.14283542335033417
curv,0.075,0.25,1,0,22,1,0.03724364947671917,eval,0.15873335,0.0,29,-0.175,-0.09126664698123932
curv,0.075,0.25,1,0,23,9,0.22579094843471398,eval,0.2531212,1.0,29,-0.175,0.00312119722366333
curv,0.075,0.25,1,0,23,12,-0.11674640434564944,eval,0.10623188,0.0,29,-0.175,-0.14376811683177948
curv,0.075,0.25,1,0,23,8,0.0021804972564751224,eval,0.14495789,0.0,29,-0.175,-0.10504211485385895
curv,0.075,0.25,1,0,23,1,-0.03411461176191956,eval,0.13069841,0.0,29,-0.175,-0.11930158734321594
curv,0.125,0.25,2,0,24,9,0.10840667969937974,eval,0.18713547,0.0,29,-0.125,-0.0628645271062851
curv,0.125,0.25,2,0,24,12,0.06531724059521243,eval,0.1697628,0.0,29,-0.125,-0.08023719489574432
curv,0.125,0.25,2,0,24,8,0.24823034025042634,eval,0.2657351,1.0,29,-0.125,0.015735089778900146
curv,0.125,0.25,2,0,24,1,-0.002768016638660803,eval,0.14301373,0.0,29,-0.125,-0.10698626935482025
curv,0.125,0.25,2,0,25,9,0.17224074969585104,eval,0.22301875,0.0,29,-0.125,-0.026981249451637268
curv,0.125,0.25,2,0,25,12,0.0579561400096926,eval,0.16687079,0.0,29,-0.125,-0.08312921226024628
curv,0.125,0.25,2,0,25,8,0.15483352450652943,eval,0.21323358,0.0,29,-0.125,-0.036766424775123596
curv,0.125,0.25,2,0,25,1,0.18804114907682318,eval,0.2319007,0.0,29,-0.125,-0.018099293112754822
curv,0.175,0.25,3,0,26,9,0.31235793768977616,eval,0.30178344,1.0,29,-0.07500000000000001,0.05178344249725342
curv,0.175,0.25,3,0,26,12,0.1059055871831403,eval,0.18572952,0.0,29,-0.07500000000000001,-0.06427048146724701
curv,0.175,0.25,3,0,26,8,0.17401410615100246,eval,0.22401561,0.0,29,-0.07500000000000001,-0.025984391570091248
curv,0.175,0.25,3,0,26,1,0.23311658124128057,eval,0.25723916,1.0,29,-0.07500000000000001,0.007239162921905518
curv,0.175,0.25,3,0,27,9,0.22835505312737925,eval,0.2545625,1.0,29,-0.07500000000000001,0.004562497138977051
curv,0.175,0.25,3,0,27,12,0.030311648744351605,eval,0.15600996,0.0,29,-0.07500000000000001,-0.09399004280567169
curv,0.175,0.25,3,0,27,8,0.219120059471549,eval,0.24937125,0.0,29,-0.07500000000000001,-0.0006287544965744019
curv,0.175,0.25,3,0,27,1,0.30445588194411166,eval,0.2973414,1.0,29,-0.07500000000000001,0.04734140634536743
curv,0.225,0.25,4,0,28,9,0.3318564157418792,eval,0.3127442,1.0,29,-0.024999999999999994,0.06274420022964478
curv,0.225,0.25,4,0,28,12,0.30043857213684555,eval,0.29508317,1.0,29,-0.024999999999999994,0.04508316516876221
curv,0.225,0.25,4,0,28,8,0.2971048950005876,eval,0.29320914,1.0,29,-0.024999999999999994,0.04320913553237915
curv,0.225,0.25,4,0,28,1,0.1495394208740069,eval,0.21025757,0.0,29,-0.024999999999999994,-0.039742425084114075
curv,0.225,0.25,4,0,29,9,0.17734901410490445,eval,0.2258903,0.0,29,-0.024999999999999994,-0.02410970628261566
curv,0.225,0.25,4,0,29,12,0.1854136214492001,eval,0.23042367,0.0,29,-0.024999999999999994,-0.01957632601261139
curv,0.225,0.25,4,0,29,8,0.15415347634020068,eval,0.2128513,0.0,29,-0.024999999999999994,-0.037148699164390564
curv,0.225,0.25,4,0,29,1,0.3939107452443673,eval,0.34762704,1.0,29,-0.024999999999999994,0.09762704372406006
curv,0.275,0.25,5,1,30,9,0.3521049326473978,eval,0.3241266,1.0,29,0.025000000000000022,0.07412660121917725
curv,0.275,0.25,5,1,30,12,0.3218148909489514,eval,0.30709952,1.0,29,0.025000000000000022,0.05709952116012573
curv,0.275,0.25,5,1,30,8,0.2459599919927045,eval,0.2644589,1.0,29,0.025000000000000022,0.014458894729614258
curv,0.275,0.25,5,1,30,1,0.2462612292191334,eval,0.26462817,1.0,29,0.025000000000000022,0.014628171920776367
curv,0.325,0.25,6,1,31,9,0.31920239999303074,eval,0.30563092,1.0,29,0.07500000000000001,0.05563092231750488
curv,0.325,0.25,6,1,31,12,0.37767557651664274,eval,0.33850068,1.0,29,0.07500000000000001,0.08850067853927612
curv,0.325,0.25,6,1,31,8,0.339291364966682,eval,0.31692362,1.0,29,0.07500000000000001,0.06692361831665039
curv,0.325,0.25,6,1,31,1,0.4824408278844587,eval,0.3965115,1.0,29,0.07500000000000001,0.1465114951133728
curv,0.375,0.25,7,1,32,9,0.48244112374891795,eval,0.3965116,1.0,29,0.125,0.14651161432266235
curv,0.375,0.25,7,1,32,12,0.5125445311670886,eval,0.41236728,1.0,29,0.125,0.16236728429794312
curv,0.375,0.25,7,1,32,8,0.3206042278212674,eval,0.30641896,1.0,29,0.125,0.05641895532608032
curv,0.375,0.25,7,1,32,1,0.3317214152817403,eval,0.31266826,1.0,29,0.125,0.06266826391220093
curv,0.425,0.25,8,1,33,9,0.32464404280078596,eval,0.30868983,1.0,29,0.175,0.05868983268737793
curv,0.425,0.25,8,1,33,12,0.24351277222568563,eval,0.26308322,1.0,29,0.175,0.013083219528198242
curv,0.425,0.25,8,1,33,8,0.4116548441462745,eval,0.35760158,1.0,29,0.175,0.1076015830039978
curv,0.425,0.25,8,1,33,1,0.3514516707657725,eval,0.32375932,1.0,29,0.175,0.07375931739807129
curv,0.475,0.25,9,1,34,9,0.39704422467572553,eval,0.34938848,1.0,29,0.22499999999999998,0.0993884801864624
curv,0.475,0.25,9,1,34,12,0.6488602111424955,eval,0.48416573,1.0,29,0.22499999999999998,0.2341657280921936
curv,0.475,0.25,9,1,34,8,0.6047871761181993,eval,0.46095216,1.0,29,0.22499999999999998,0.21095216274261475
curv,0.475,0.25,9,1,34,1,0.49997853715586665,eval,0.40574872,1.0,29,0.22499999999999998,0.15574872493743896
curv,0.525,0.25,10,1,35,9,0.6518731572705383,eval,0.48575264,1.0,29,0.275,0.2357526421546936
curv,0.525,0.25,10,1,35,12,0.6518815273891231,eval,0.48575705,1.0,29,0.275,0.23575705289840698
curv,0.525,0.25,10,1,35,8,0.4282180135307945,eval,0.3669123,1.0,29,0.275,0.11691230535507202
curv,0.525,0.25,10,1,35,1,0.6281453084869473,eval,0.47325498,1.0,29,0.275,0.2232549786567688
curv,0.575,0.25,11,1,36,9,0.555391602743063,eval,0.4349352,1.0,29,0.32499999999999996,0.18493521213531494
curv,0.575,0.25,11,1,36,12,0.6323065992335506,eval,0.47544688,1.0,29,0.32499999999999996,0.225446879863739
curv,0.575,0.25,11,1,36,8,0.767666270913514,eval,0.5467418,1.0,29,0.32499999999999996,0.296741783618927
curv,0.575,0.25,11,1,36,1,0.5911009576715345,eval,0.45374352,1.0,29,0.32499999999999996,0.20374351739883423
curv,0.625,0.25,12,1,37,9,0.5891039353295531,eval,0.45269173,1.0,29,0.375,0.20269173383712769
curv,0.625,0.25,12,1,37,12,0.8633592229234116,eval,0.5971438,1.0,29,0.375,0.34714382886886597
curv,0.625,0.25,12,1,37,8,0.8129344377381986,eval,0.57058483,1.0,29,0.375,0.32058483362197876
curv,0.625,0.25,12,1,37,1,0.5664471175876663,eval,0.44075817,1.0,29,0.375,0.19075816869735718
curv,0.675,0.25,13,1,38,9,0.682757241935024,eval,0.5020196,1.0,29,0.42500000000000004,0.25201958417892456
curv,0.675,0.25,13,1,38,12,0.6954978597927232,eval,0.5087301,1.0,29,0.42500000000000004,0.25873011350631714
curv,0.675,0.25,13,1,38,8,0.503656056203569,eval,0.4076857,1.0,29,0.42500000000000004,0.15768569707870483
curv,0.675,0.25,13,1,38,1,0.5408780285923331,eval,0.42729074,1.0,29,0.42500000000000004,0.17729073762893677
curv,0.725,0.25,14,1,39,9,0.6560502542647139,eval,0.48795277,1.0,29,0.475,0.23795276880264282
curv,0.725,0.25,14,1,39,12,0.8071478916070218,eval,0.567537,1.0,29,0.475,0.31753700971603394
curv,0.725,0.25,14,1,39,8,0.7108977334886978,eval,0.51684135,1.0,29,0.475,0.2668413519859314
curv,0.725,0.25,14,1,39,1,0.5848479785082572,eval,0.45045,1.0,29,0.475,0.20045000314712524
flat,0.275,0.75,0,0,40,9,0.40819413685305606,eval,0.5639413,0.0,29,-0.475,-0.18605870008468628
flat,0.275,0.75,0,0,40,12,0.20115860187320406,eval,0.44755954,0.0,29,-0.475,-0.30244046449661255
flat,0.275,0.75,0,0,40,8,0.30926915696456797,eval,0.5083322,0.0,29,-0.475,-0.24166780710220337
flat,0.275,0.75,0,0,40,1,0.3252682849874866,eval,0.5173258,0.0,29,-0.475,-0.23267418146133423
flat,0.325,0.75,1,0,41,9,0.20008373483240952,eval,0.44695538,0.0,29,-0.425,-0.3030446171760559
flat,0.325,0.75,1,0,41,12,0.4384357407951828,eval,0.5809411,0.0,29,-0.425,-0.1690589189529419
flat,0.325,0.75,1,0,41,8,0.24891289124935712,eval,0.4744038,0.0,29,-0.425,-0.2755962014198303
flat,0.325,0.75,1,0,41,1,0.4239713033285805,eval,0.5728102,0.0,29,-0.425,-0.17718982696533203
flat,0.375,0.75,2,0,42,9,0.3599402001639595,eval,0.5368162,0.0,29,-0.375,-0.21318382024765015
flat,0.375,0.75,2,0,42,12,0.39178259697224144,eval,0.5547158,0.0,29,-0.375,-0.1952841877937317
flat,0.375,0.75,2,0,42,8,0.3008919496315271,eval,0.50362307,0.0,29,-0.375,-0.24637693166732788
flat,0.375,0.75,2,0,42,1,0.3585705407374709,eval,0.5360462,0.0,29,-0.375,-0.21395379304885864
flat,0.425,0.75,3,0,43,9,0.45969527857023623,eval,0.5928918,0.0,29,-0.325,-0.15710818767547607
flat,0.425,0.75,3,0,43,12,0.37987998551439534,eval,0.54802495,0.0,29,-0.325,-0.2019750475883484
flat,0.425,0.75,3,0,43,8,0.40125843032654535,eval,0.56004244,0.0,29,-0.325,-0.18995755910873413
flat,0.425,0.75,3,0,43,1,0.3175635141771565,eval,0.5129947,0.0,29,-0.325,-0.2370052933692932
flat,0.475,0.75,4,0,44,9,0.46455529309334376,eval,0.5956238,0.0,29,-0.275,-0.15437620878219604
flat,0.475,0.75,4,0,44,12,0.6866939198315876,eval,0.71667355,0.0,29,-0.275,-0.03332644701004028
flat,0.475,0.75,4,0,44,8,0.548917808711155,eval,0.6430469,0.0,29,-0.275,-0.10695308446884155
flat,0.475,0.75,4,0,44,1,0.5623042152621707,eval,0.6505718,0.0,29,-0.275,-0.09942817687988281
flat,0.525,0.75,5,0,45,9,0.4447712454632119,eval,0.5845025,0.0,29,-0.22499999999999998,-0.16549748182296753
flat,0.525,0.75,5,0,45,12,0.49452003354591684,eval,0.612468,0.0,29,-0.22499999999999998,-0.13753199577331543
flat,0.525,0.75,5,0,45,8,0.4738666161052906,eval,0.60085803,0.0,29,-0.22499999999999998,-0.14914196729660034
flat,0.525,0.75,5,0,45,1,0.39696060552854273,eval,0.55762655,0.0,29,-0.22499999999999998,-0.19237345457077026
flat,0.575,0.75,6,0,46,9,0.48816108032474786,eval,0.60889345,0.0,29,-0.17500000000000004,-0.14110654592514038
flat,0.575,0.75,6,0,46,12,0.5758861327608518,eval,0.6582067,0.0,29,-0.17500000000000004,-0.09179329872131348
flat,0.575,0.75,6,0,46,8,0.7576693811620117,eval,0.7540569,1.0,29,-0.17500000000000004,0.004056870937347412
flat,0.575,0.75,6,0,46,1,0.5036931904940727,eval,0.6176246,0.0,29,-0.17500000000000004,-0.13237541913986206
flat,0.625,0.75,7,0,47,9,0.6675394425820824,eval,0.70658475,0.0,29,-0.125,-0.04341524839401245
flat,0.625,0.75,7,0,47,12,0.6052720042673871,eval,0.6737881,0.0,29,-0.125,-0.07621192932128906
flat,0.625,0.75,7,0,47,8,0.6539974002338532,eval,0.6994521,0.0,29,-0.125,-0.050547897815704346
flat,0.625,0.75,7,0,47,1,0.6871017853540099,eval,0.71688837,0.0,29,-0.125,-0.033111631870269775
flat,0.675,0.75,8,0,48,9,0.57195195498333,eval,0.6559952,0.0,29,-0.07499999999999996,-0.0940048098564148
flat,0.675,0.75,8,0,48,12,0.5994329086763519,eval,0.67071253,0.0,29,-0.07499999999999996,-0.07928746938705444
flat,0.675,0.75,8,0,48,8,0.6647424715916677,eval,0.70511156,0.0,29,-0.07499999999999996,-0.044888436794281006
flat,0.675,0.75,8,0,48,1,0.44998588264254086,eval,0.5874339,0.0,29,-0.07499999999999996,-0.16256612539291382
flat,0.725,0.75,9,0,49,9,0.789624270571504,eval,0.7708878,1.0,29,-0.025000000000000022,0.020887792110443115
flat,0.725,0.75,9,0,49,12,0.7781272400530428,eval,0.7648322,1.0,29,-0.025000000000000022,0.01483219861984253
flat,0.725,0.75,9,0,49,8,0.8699259685131457,eval,0.81318325,1.0,29,-0.025000000000000022,0.0631832480430603
flat,0.725,0.75,9,0,49,1,0.7636369597566306,eval,0.75720006,1.0,29,-0.025000000000000022,0.007200062274932861
flat,0.775,0.75,10,1,50,9,0.6225851636354708,eval,0.68290704,0.0,29,0.025000000000000022,-0.06709295511245728
flat,0.775,0.75,10,1,50,12,0.8488409603732732,eval,0.8020776,1.0,29,0.025000000000000022,0.05207759141921997
flat,0.775,0.75,10,1,50,8,0.8376281195060352,eval,0.7961717,1.0,29,0.025000000000000022,0.046171724796295166
flat,0.775,0.75,10,1,50,1,0.7168359163590498,eval,0.7325496,0.0,29,0.025000000000000022,-0.017450392246246338
flat,0.775,0.75,10,1,51,9,0.7195016903283316,eval,0.73395365,0.0,29,0.025000000000000022,-0.016046345233917236
flat,0.775,0.75,10,1,51,12,0.8104372527738726,eval,0.78185004,1.0,29,0.025000000000000022,0.03185003995895386
flat,0.775,0.75,10,1,51,8,0.8119286775687574,eval,0.7826356,1.0,29,0.025000000000000022,0.032635629177093506
flat,0.775,0.75,10,1,51,1,0.7859279697477815,eval,0.76894087,1.0,29,0.025000000000000022,0.018940865993499756
flat,0.825,0.75,11,1,52,9,0.8286306022369746,eval,0.7914327,1.0,29,0.07499999999999996,0.04143267869949341
flat,0.825,0.75,11,1,52,12,0.5889421738555064,eval,0.66518706,0.0,29,0.07499999999999996,-0.0848129391670227
flat,0.825,0.75,11,1,52,8,0.7918859617230475,eval,0.77207893,1.0,29,0.07499999999999996,0.02207893133163452
flat,0.825,0.75,11,1,52,1,0.8174298473779177,eval,0.7855332,1.0,29,0.07499999999999996,0.03553318977355957
flat,0.825,0.75,11,1,53,9,0.6997848056555384,eval,0.7235686,0.0,29,0.07499999999999996,-0.026431381702423096
flat,0.825,0.75,11,1,53,12,0.9257997003423085,eval,0.8426123,1.0,29,0.07499999999999996,0.09261232614517212
flat,0.825,0.75,11,1,53,8,1.006398561389275,eval,0.8850643,1.0,29,0.07499999999999996,0.13506430387496948
flat,0.825,0.75,11,1,53,1,0.8452114395043959,eval,0.8001659,1.0,29,0.07499999999999996,0.05016589164733887
flat,0.875,0.75,12,1,54,9,0.9402010863526592,eval,0.8501976,1.0,29,0.125,0.10019761323928833
flat,0.875,0.75,12,1,54,12,0.8399761650176906,eval,0.79740846,1.0,29,0.125,0.047408461570739746
flat,0.875,0.75,12,1,54,8,0.9561821589739987,eval,0.858615,1.0,29,0.125,0.108614981174469
flat,0.875,0.75,12,1,54,1,0.9444171936707009,eval,0.85241824,1.0,29,0.125,0.10241824388504028
flat,0.875,0.75,12,1,55,9,0.8731461186690498,eval,0.81487924,1.0,29,0.125,0.06487923860549927
flat,0.875,0.75,12,1,55,12,0.7533676588110694,eval,0.7517912,1.0,29,0.125,0.0017911791801452637
flat,0.875,0.75,12,1,55,8,0.8546588664055288,eval,0.80514187,1.0,29,0.125,0.0551418662071228
flat,0.875,0.75,12,1,55,1,0.7991630249101591,eval,0.77591187,1.0,29,0.125,0.02591186761856079
flat,0.925,0.75,13,1,56,9,0.8213926318410458,eval,0.78762037,1.0,29,0.17500000000000004,0.037620365619659424
flat,0.925,0.75,13,1,56,12,0.9853280959050975,eval,0.8739663,1.0,29,0.17500000000000004,0.1239662766456604
flat,0.925,0.75,13,1,56,8,0.7672800849317296,eval,0.75911885,1.0,29,0.17500000000000004,0.009118854999542236
flat,0.925,0.75,13,1,56,1,1.0670982022311917,eval,0.9170353,1.0,29,0.17500000000000004,0.1670352816581726
flat,0.925,0.75,13,1,57,9,0.7731111770249605,eval,0.76219016,1.0,29,0.17500000000000004,0.012190163135528564
flat,0.925,0.75,13,1,57,12,0.9812849420373864,eval,0.8718367,1.0,29,0.17500000000000004,0.12183672189712524
flat,0.925,0.75,13,1,57,8,0.9622951541761923,eval,0.86183476,1.0,29,0.17500000000000004,0.11183476448059082
flat,0.925,0.75,13,1,57,1,0.9976093788947765,eval,0.88043493,1.0,29,0.17500000000000004,0.13043493032455444
flat,0.975,0.75,14,1,58,9,0.8184410628627359,eval,0.78606576,1.0,29,0.22499999999999998,0.036065757274627686
flat,0.975,0.75,14,1,58,12,0.8706926297718663,eval,0.813587,1.0,29,0.22499999999999998,0.0635870099067688
flat,0.975,0.75,14,1,58,8,0.8606259907898409,eval,0.8082849,1.0,29,0.22499999999999998,0.058284878730773926
flat,0.975,0.75,14,1,58,1,1.0593732662303268,eval,0.91296643,1.0,29,0.22499999999999998,0.16296643018722534
flat,0.975,0.75,14,1,59,9,0.9801033945130329,eval,0.87121445,1.0,29,0.22499999999999998,0.12121444940567017
flat,0.975,0.75,14,1,59,12,1.2222435678832566,eval,0.99875134,1.0,29,0.22499999999999998,0.24875134229660034
flat,0.975,0.75,14,1,59,8,0.8034054048241679,eval,0.7781464,1.0,29,0.22499999999999998,0.02814638614654541
flat,0.975,0.75,14,1,59,1,1.0914863981111027,eval,0.9298808,1.0,29,0.22499999999999998,0.1798807978630066
