condition,stim,boundary,cond_unique_stim_idx,class,y_pred,class_pred,net_idx,stim_aligned,resp_aligned
base,0.025000000000000022,0.5,0,0,0.07090801,-1.4078907,0,-0.475,-0.4290919899940491
base,0.075,0.5,1,0,0.11800662,-1.2634939,0,-0.425,-0.3819933831691742
base,0.12500000000000003,0.5,2,0,0.16510531,-1.119097,0,-0.375,-0.33489468693733215
base,0.17500000000000002,0.5,3,0,0.2122039,-0.9747002,0,-0.32499999999999996,-0.28779609501361847
base,0.225,0.5,4,0,0.2593026,-0.8303033,0,-0.275,-0.24069741368293762
base,0.275,0.5,5,0,0.30640122,-0.6859065,0,-0.22499999999999998,-0.19359877705574036
base,0.325,0.5,6,0,0.35349983,-0.5415098,0,-0.175,-0.14650017023086548
base,0.37500000000000006,0.5,7,0,0.40059853,-0.39711297,0,-0.12499999999999994,-0.09940147399902344
base,0.425,0.5,8,0,0.44769716,-0.25271606,0,-0.07500000000000001,-0.05230283737182617
base,0.475,0.5,9,0,0.49479574,-0.10831943,0,-0.025000000000000022,-0.005204260349273682
base,0.525,0.5,10,1,0.54189444,0.03607735,0,0.025000000000000022,0.04189443588256836
base,0.575,0.5,11,1,0.5889931,0.18047415,0,0.07499999999999996,0.08899307250976562
base,0.625,0.5,12,1,0.6360917,0.32487112,0,0.125,0.1360917091369629
base,0.675,0.5,13,1,0.68319035,0.46926796,0,0.17500000000000004,0.18319034576416016
base,0.7250000000000001,0.5,14,1,0.73028904,0.61366487,0,0.2250000000000001,0.2302890419960022
base,0.7749999999999999,0.5,15,1,0.77738774,0.7580615,0,0.2749999999999999,0.27738773822784424
base,0.825,0.5,16,1,0.82448626,0.9024583,0,0.32499999999999996,0.32448625564575195
base,0.8749999999999999,0.5,17,1,0.871585,1.0468551,0,0.3749999999999999,0.37158501148223877
base,0.9249999999999999,0.5,18,1,0.9181961,1.1776513,0,0.42499999999999993,0.41819608211517334
base,0.975,0.5,19,1,0.9388963,1.2530618,0,0.475,0.4388962984085083
curv,0.025000000000000022,0.25,0,0,-0.028441787,-1.36906,0,-0.22499999999999998,-0.27844178676605225
curv,0.025000000000000022,0.25,0,0,-0.028441787,-1.36906,0,-0.22499999999999998,-0.27844178676605225
curv,0.075,0.25,1,0,0.01865688,-1.2246633,0,-0.175,-0.2313431203365326
curv,0.075,0.25,1,0,0.01865688,-1.2246633,0,-0.175,-0.2313431203365326
curv,0.12500000000000003,0.25,2,0,0.06575552,-1.0802665,0,-0.12499999999999997,-0.18424448370933533
curv,0.12500000000000003,0.25,2,0,0.06575552,-1.0802665,0,-0.12499999999999997,-0.18424448370933533
curv,0.17500000000000002,0.25,3,0,0.1128542,-0.9358697,0,-0.07499999999999998,-0.13714580237865448
curv,0.17500000000000002,0.25,3,0,0.1128542,-0.9358697,0,-0.07499999999999998,-0.13714580237865448
curv,0.225,0.25,4,0,0.15995277,-0.791473,0,-0.024999999999999994,-0.09004722535610199
curv,0.225,0.25,4,0,0.15995277,-0.791473,0,-0.024999999999999994,-0.09004722535610199
curv,0.275,0.25,5,1,0.20705149,-0.6470761,0,0.025000000000000022,-0.042948514223098755
curv,0.325,0.25,6,1,0.2541501,-0.5026793,0,0.07500000000000001,0.004150092601776123
curv,0.37500000000000006,0.25,7,1,0.30124873,-0.35828245,0,0.12500000000000006,0.05124872922897339
curv,0.425,0.25,8,1,0.34834743,-0.21388559,0,0.175,0.09834742546081543
curv,0.475,0.25,9,1,0.39544603,-0.06948884,0,0.22499999999999998,0.1454460322856903
curv,0.525,0.25,10,1,0.44254467,0.0749079,0,0.275,0.19254466891288757
curv,0.575,0.25,11,1,0.48964334,0.21930473,0,0.32499999999999996,0.23964333534240723
curv,0.625,0.25,12,1,0.536742,0.36370158,0,0.375,0.2867419719696045
curv,0.675,0.25,13,1,0.5838406,0.5080985,0,0.42500000000000004,0.33384060859680176
curv,0.7250000000000001,0.25,14,1,0.6309393,0.6524953,0,0.4750000000000001,0.3809393048286438
flat,0.275,0.7500000000000001,0,0,0.40575105,-0.72473705,0,-0.4750000000000001,-0.3442489504814149
flat,0.325,0.7500000000000001,1,0,0.4528496,-0.5803403,0,-0.4250000000000001,-0.2971504032611848
flat,0.37500000000000006,0.7500000000000001,2,0,0.49994826,-0.43594348,0,-0.37500000000000006,-0.25005173683166515
flat,0.425,0.7500000000000001,3,0,0.54704696,-0.29154664,0,-0.3250000000000001,-0.2029530405998231
flat,0.475,0.7500000000000001,4,0,0.5941456,-0.14714988,0,-0.27500000000000013,-0.15585440397262584
flat,0.525,0.7500000000000001,5,0,0.6412442,-0.0027531385,0,-0.2250000000000001,-0.10875582695007335
flat,0.575,0.7500000000000001,6,0,0.6883429,0.14164375,0,-0.17500000000000016,-0.06165707111358654
flat,0.625,0.7500000000000001,7,0,0.7354415,0.2860406,0,-0.1250000000000001,-0.014558494091034047
flat,0.675,0.7500000000000001,8,0,0.7825402,0.4304375,0,-0.07500000000000007,0.032540202140807994
flat,0.7250000000000001,0.7500000000000001,9,0,0.82963884,0.57483435,0,-0.025000000000000022,0.07963883876800526
flat,0.7749999999999999,0.7500000000000001,10,1,0.8767375,0.719231,0,0.0249999999999998,0.12673747539520253
flat,0.7749999999999999,0.7500000000000001,10,1,0.8767375,0.719231,0,0.0249999999999998,0.12673747539520253
flat,0.825,0.7500000000000001,11,1,0.9238361,0.8636278,0,0.07499999999999984,0.1738361120223998
flat,0.825,0.7500000000000001,11,1,0.9238361,0.8636278,0,0.07499999999999984,0.1738361120223998
flat,0.8749999999999999,0.7500000000000001,12,1,0.9707099,1.0017537,0,0.12499999999999978,0.22070991992950428
flat,0.8749999999999999,0.7500000000000001,12,1,0.9707099,1.0017537,0,0.12499999999999978,0.22070991992950428
flat,0.9249999999999999,0.7500000000000001,13,1,1.0010977,1.0951399,0,0.17499999999999982,0.2510976791381835
flat,0.9249999999999999,0.7500000000000001,13,1,1.0010977,1.0951399,0,0.17499999999999982,0.2510976791381835
flat,0.975,0.7500000000000001,14,1,1.0110269,1.1542085,0,0.22499999999999987,0.26102685928344715
flat,0.975,0.7500000000000001,14,1,1.0110269,1.1542085,0,0.22499999999999987,0.26102685928344715
base,0.025000000000000022,0.5,0,0,0.07090801,-1.4078907,0,-0.475,-0.4290919899940491
base,0.075,0.5,1,0,0.11800662,-1.2634939,0,-0.425,-0.3819933831691742
base,0.12500000000000003,0.5,2,0,0.16510531,-1.119097,0,-0.375,-0.33489468693733215
base,0.17500000000000002,0.5,3,0,0.2122039,-0.9747002,0,-0.32499999999999996,-0.28779609501361847
base,0.225,0.5,4,0,0.2593026,-0.8303033,0,-0.275,-0.24069741368293762
base,0.275,0.5,5,0,0.30640122,-0.6859065,0,-0.22499999999999998,-0.19359877705574036
base,0.325,0.5,6,0,0.35349983,-0.5415098,0,-0.175,-0.14650017023086548
base,0.37500000000000006,0.5,7,0,0.40059853,-0.39711297,0,-0.12499999999999994,-0.09940147399902344
base,0.425,0.5,8,0,0.44769716,-0.25271606,0,-0.07500000000000001,-0.05230283737182617
base,0.475,0.5,9,0,0.49479574,-0.10831943,0,-0.025000000000000022,-0.005204260349273682
base,0.525,0.5,10,1,0.54189444,0.03607735,0,0.025000000000000022,0.04189443588256836
base,0.575,0.5,11,1,0.5889931,0.18047415,0,0.07499999999999996,0.08899307250976562
base,0.625,0.5,12,1,0.6360917,0.32487112,0,0.125,0.1360917091369629
base,0.675,0.5,13,1,0.68319035,0.46926796,0,0.17500000000000004,0.18319034576416016
base,0.7250000000000001,0.5,14,1,0.73028904,0.61366487,0,0.2250000000000001,0.2302890419960022
base,0.7749999999999999,0.5,15,1,0.77738774,0.7580615,0,0.2749999999999999,0.27738773822784424
base,0.825,0.5,16,1,0.82448626,0.9024583,0,0.32499999999999996,0.32448625564575195
base,0.8749999999999999,0.5,17,1,0.871585,1.0468551,0,0.3749999999999999,0.37158501148223877
base,0.9249999999999999,0.5,18,1,0.9181961,1.1776513,0,0.42499999999999993,0.41819608211517334
base,0.975,0.5,19,1,0.9388963,1.2530618,0,0.475,0.4388962984085083
curv,0.025000000000000022,0.25,0,0,-0.028441787,-1.36906,0,-0.22499999999999998,-0.27844178676605225
curv,0.025000000000000022,0.25,0,0,-0.028441787,-1.36906,0,-0.22499999999999998,-0.27844178676605225
curv,0.075,0.25,1,0,0.01865688,-1.2246633,0,-0.175,-0.2313431203365326
curv,0.075,0.25,1,0,0.01865688,-1.2246633,0,-0.175,-0.2313431203365326
curv,0.12500000000000003,0.25,2,0,0.06575552,-1.0802665,0,-0.12499999999999997,-0.18424448370933533
curv,0.12500000000000003,0.25,2,0,0.06575552,-1.0802665,0,-0.12499999999999997,-0.18424448370933533
curv,0.17500000000000002,0.25,3,0,0.1128542,-0.9358697,0,-0.07499999999999998,-0.13714580237865448
curv,0.17500000000000002,0.25,3,0,0.1128542,-0.9358697,0,-0.07499999999999998,-0.13714580237865448
curv,0.225,0.25,4,0,0.15995277,-0.791473,0,-0.024999999999999994,-0.09004722535610199
curv,0.225,0.25,4,0,0.15995277,-0.791473,0,-0.024999999999999994,-0.09004722535610199
curv,0.275,0.25,5,1,0.20705149,-0.6470761,0,0.025000000000000022,-0.042948514223098755
curv,0.325,0.25,6,1,0.2541501,-0.5026793,0,0.07500000000000001,0.004150092601776123
curv,0.37500000000000006,0.25,7,1,0.30124873,-0.35828245,0,0.12500000000000006,0.05124872922897339
curv,0.425,0.25,8,1,0.34834743,-0.21388559,0,0.175,0.09834742546081543
curv,0.475,0.25,9,1,0.39544603,-0.06948884,0,0.22499999999999998,0.1454460322856903
curv,0.525,0.25,10,1,0.44254467,0.0749079,0,0.275,0.19254466891288757
curv,0.575,0.25,11,1,0.48964334,0.21930473,0,0.32499999999999996,0.23964333534240723
curv,0.625,0.25,12,1,0.536742,0.36370158,0,0.375,0.2867419719696045
curv,0.675,0.25,13,1,0.5838406,0.5080985,0,0.42500000000000004,0.33384060859680176
curv,0.7250000000000001,0.25,14,1,0.6309393,0.6524953,0,0.4750000000000001,0.3809393048286438
flat,0.275,0.7500000000000001,0,0,0.40575105,-0.72473705,0,-0.4750000000000001,-0.3442489504814149
flat,0.325,0.7500000000000001,1,0,0.4528496,-0.5803403,0,-0.4250000000000001,-0.2971504032611848
flat,0.37500000000000006,0.7500000000000001,2,0,0.49994826,-0.43594348,0,-0.37500000000000006,-0.25005173683166515
flat,0.425,0.7500000000000001,3,0,0.54704696,-0.29154664,0,-0.3250000000000001,-0.2029530405998231
flat,0.475,0.7500000000000001,4,0,0.5941456,-0.14714988,0,-0.27500000000000013,-0.15585440397262584
flat,0.525,0.7500000000000001,5,0,0.6412442,-0.0027531385,0,-0.2250000000000001,-0.10875582695007335
flat,0.575,0.7500000000000001,6,0,0.6883429,0.14164375,0,-0.17500000000000016,-0.06165707111358654
flat,0.625,0.7500000000000001,7,0,0.7354415,0.2860406,0,-0.1250000000000001,-0.014558494091034047
flat,0.675,0.7500000000000001,8,0,0.7825402,0.4304375,0,-0.07500000000000007,0.032540202140807994
flat,0.7250000000000001,0.7500000000000001,9,0,0.82963884,0.57483435,0,-0.025000000000000022,0.07963883876800526
flat,0.7749999999999999,0.7500000000000001,10,1,0.8767375,0.719231,0,0.0249999999999998,0.12673747539520253
flat,0.7749999999999999,0.7500000000000001,10,1,0.8767375,0.719231,0,0.0249999999999998,0.12673747539520253
flat,0.825,0.7500000000000001,11,1,0.9238361,0.8636278,0,0.07499999999999984,0.1738361120223998
flat,0.825,0.7500000000000001,11,1,0.9238361,0.8636278,0,0.07499999999999984,0.1738361120223998
flat,0.8749999999999999,0.7500000000000001,12,1,0.9707099,1.0017537,0,0.12499999999999978,0.22070991992950428
flat,0.8749999999999999,0.7500000000000001,12,1,0.9707099,1.0017537,0,0.12499999999999978,0.22070991992950428
flat,0.9249999999999999,0.7500000000000001,13,1,1.0010977,1.0951399,0,0.17499999999999982,0.2510976791381835
flat,0.9249999999999999,0.7500000000000001,13,1,1.0010977,1.0951399,0,0.17499999999999982,0.2510976791381835
flat,0.975,0.7500000000000001,14,1,1.0110269,1.1542085,0,0.22499999999999987,0.26102685928344715
flat,0.975,0.7500000000000001,14,1,1.0110269,1.1542085,0,0.22499999999999987,0.26102685928344715
base,0.025000000000000022,0.5,0,0,0.07090801,-1.4078907,0,-0.475,-0.4290919899940491
base,0.075,0.5,1,0,0.11800662,-1.2634939,0,-0.425,-0.3819933831691742
base,0.12500000000000003,0.5,2,0,0.16510531,-1.119097,0,-0.375,-0.33489468693733215
base,0.17500000000000002,0.5,3,0,0.2122039,-0.9747002,0,-0.32499999999999996,-0.28779609501361847
base,0.225,0.5,4,0,0.2593026,-0.8303033,0,-0.275,-0.24069741368293762
base,0.275,0.5,5,0,0.30640122,-0.6859065,0,-0.22499999999999998,-0.19359877705574036
base,0.325,0.5,6,0,0.35349983,-0.5415098,0,-0.175,-0.14650017023086548
base,0.37500000000000006,0.5,7,0,0.40059853,-0.39711297,0,-0.12499999999999994,-0.09940147399902344
base,0.425,0.5,8,0,0.44769716,-0.25271606,0,-0.07500000000000001,-0.05230283737182617
base,0.475,0.5,9,0,0.49479574,-0.10831943,0,-0.025000000000000022,-0.005204260349273682
base,0.525,0.5,10,1,0.54189444,0.03607735,0,0.025000000000000022,0.04189443588256836
base,0.575,0.5,11,1,0.5889931,0.18047415,0,0.07499999999999996,0.08899307250976562
base,0.625,0.5,12,1,0.6360917,0.32487112,0,0.125,0.1360917091369629
base,0.675,0.5,13,1,0.68319035,0.46926796,0,0.17500000000000004,0.18319034576416016
base,0.7250000000000001,0.5,14,1,0.73028904,0.61366487,0,0.2250000000000001,0.2302890419960022
base,0.7749999999999999,0.5,15,1,0.77738774,0.7580615,0,0.2749999999999999,0.27738773822784424
base,0.825,0.5,16,1,0.82448626,0.9024583,0,0.32499999999999996,0.32448625564575195
base,0.8749999999999999,0.5,17,1,0.871585,1.0468551,0,0.3749999999999999,0.37158501148223877
base,0.9249999999999999,0.5,18,1,0.9181961,1.1776513,0,0.42499999999999993,0.41819608211517334
base,0.975,0.5,19,1,0.9388963,1.2530618,0,0.475,0.4388962984085083
curv,0.025000000000000022,0.25,0,0,-0.028441787,-1.36906,0,-0.22499999999999998,-0.27844178676605225
curv,0.025000000000000022,0.25,0,0,-0.028441787,-1.36906,0,-0.22499999999999998,-0.27844178676605225
curv,0.075,0.25,1,0,0.01865688,-1.2246633,0,-0.175,-0.2313431203365326
curv,0.075,0.25,1,0,0.01865688,-1.2246633,0,-0.175,-0.2313431203365326
curv,0.12500000000000003,0.25,2,0,0.06575552,-1.0802665,0,-0.12499999999999997,-0.18424448370933533
curv,0.12500000000000003,0.25,2,0,0.06575552,-1.0802665,0,-0.12499999999999997,-0.18424448370933533
curv,0.17500000000000002,0.25,3,0,0.1128542,-0.9358697,0,-0.07499999999999998,-0.13714580237865448
curv,0.17500000000000002,0.25,3,0,0.1128542,-0.9358697,0,-0.07499999999999998,-0.13714580237865448
curv,0.225,0.25,4,0,0.15995277,-0.791473,0,-0.024999999999999994,-0.09004722535610199
curv,0.225,0.25,4,0,0.15995277,-0.791473,0,-0.024999999999999994,-0.09004722535610199
curv,0.275,0.25,5,1,0.20705149,-0.6470761,0,0.025000000000000022,-0.042948514223098755
curv,0.325,0.25,6,1,0.2541501,-0.5026793,0,0.07500000000000001,0.004150092601776123
curv,0.37500000000000006,0.25,7,1,0.30124873,-0.35828245,0,0.12500000000000006,0.05124872922897339
curv,0.425,0.25,8,1,0.34834743,-0.21388559,0,0.175,0.09834742546081543
curv,0.475,0.25,9,1,0.39544603,-0.06948884,0,0.22499999999999998,0.1454460322856903
curv,0.525,0.25,10,1,0.44254467,0.0749079,0,0.275,0.19254466891288757
curv,0.575,0.25,11,1,0.48964334,0.21930473,0,0.32499999999999996,0.23964333534240723
curv,0.625,0.25,12,1,0.536742,0.36370158,0,0.375,0.2867419719696045
curv,0.675,0.25,13,1,0.5838406,0.5080985,0,0.42500000000000004,0.33384060859680176
curv,0.7250000000000001,0.25,14,1,0.6309393,0.6524953,0,0.4750000000000001,0.3809393048286438
flat,0.275,0.7500000000000001,0,0,0.40575105,-0.72473705,0,-0.4750000000000001,-0.3442489504814149
flat,0.325,0.7500000000000001,1,0,0.4528496,-0.5803403,0,-0.4250000000000001,-0.2971504032611848
flat,0.37500000000000006,0.7500000000000001,2,0,0.49994826,-0.43594348,0,-0.37500000000000006,-0.25005173683166515
flat,0.425,0.7500000000000001,3,0,0.54704696,-0.29154664,0,-0.3250000000000001,-0.2029530405998231
flat,0.475,0.7500000000000001,4,0,0.5941456,-0.14714988,0,-0.27500000000000013,-0.15585440397262584
flat,0.525,0.7500000000000001,5,0,0.6412442,-0.0027531385,0,-0.2250000000000001,-0.10875582695007335
flat,0.575,0.7500000000000001,6,0,0.6883429,0.14164375,0,-0.17500000000000016,-0.06165707111358654
flat,0.625,0.7500000000000001,7,0,0.7354415,0.2860406,0,-0.1250000000000001,-0.014558494091034047
flat,0.675,0.7500000000000001,8,0,0.7825402,0.4304375,0,-0.07500000000000007,0.032540202140807994
flat,0.7250000000000001,0.7500000000000001,9,0,0.82963884,0.57483435,0,-0.025000000000000022,0.07963883876800526
flat,0.7749999999999999,0.7500000000000001,10,1,0.8767375,0.719231,0,0.0249999999999998,0.12673747539520253
flat,0.7749999999999999,0.7500000000000001,10,1,0.8767375,0.719231,0,0.0249999999999998,0.12673747539520253
flat,0.825,0.7500000000000001,11,1,0.9238361,0.8636278,0,0.07499999999999984,0.1738361120223998
flat,0.825,0.7500000000000001,11,1,0.9238361,0.8636278,0,0.07499999999999984,0.1738361120223998
flat,0.8749999999999999,0.7500000000000001,12,1,0.9707099,1.0017537,0,0.12499999999999978,0.22070991992950428
flat,0.8749999999999999,0.7500000000000001,12,1,0.9707099,1.0017537,0,0.12499999999999978,0.22070991992950428
flat,0.9249999999999999,0.7500000000000001,13,1,1.0010977,1.0951399,0,0.17499999999999982,0.2510976791381835
flat,0.9249999999999999,0.7500000000000001,13,1,1.0010977,1.0951399,0,0.17499999999999982,0.2510976791381835
flat,0.975,0.7500000000000001,14,1,1.0110269,1.1542085,0,0.22499999999999987,0.26102685928344715
flat,0.975,0.7500000000000001,14,1,1.0110269,1.1542085,0,0.22499999999999987,0.26102685928344715
base,0.025000000000000022,0.5,0,0,0.07090801,-1.4078907,0,-0.475,-0.4290919899940491
base,0.075,0.5,1,0,0.11800662,-1.2634939,0,-0.425,-0.3819933831691742
base,0.12500000000000003,0.5,2,0,0.16510531,-1.119097,0,-0.375,-0.33489468693733215
base,0.17500000000000002,0.5,3,0,0.2122039,-0.9747002,0,-0.32499999999999996,-0.28779609501361847
base,0.225,0.5,4,0,0.2593026,-0.8303033,0,-0.275,-0.24069741368293762
base,0.275,0.5,5,0,0.30640122,-0.6859065,0,-0.22499999999999998,-0.19359877705574036
base,0.325,0.5,6,0,0.35349983,-0.5415098,0,-0.175,-0.14650017023086548
base,0.37500000000000006,0.5,7,0,0.40059853,-0.39711297,0,-0.12499999999999994,-0.09940147399902344
base,0.425,0.5,8,0,0.44769716,-0.25271606,0,-0.07500000000000001,-0.05230283737182617
base,0.475,0.5,9,0,0.49479574,-0.10831943,0,-0.025000000000000022,-0.005204260349273682
base,0.525,0.5,10,1,0.54189444,0.03607735,0,0.025000000000000022,0.04189443588256836
base,0.575,0.5,11,1,0.5889931,0.18047415,0,0.07499999999999996,0.08899307250976562
base,0.625,0.5,12,1,0.6360917,0.32487112,0,0.125,0.1360917091369629
base,0.675,0.5,13,1,0.68319035,0.46926796,0,0.17500000000000004,0.18319034576416016
base,0.7250000000000001,0.5,14,1,0.73028904,0.61366487,0,0.2250000000000001,0.2302890419960022
base,0.7749999999999999,0.5,15,1,0.77738774,0.7580615,0,0.2749999999999999,0.27738773822784424
base,0.825,0.5,16,1,0.82448626,0.9024583,0,0.32499999999999996,0.32448625564575195
base,0.8749999999999999,0.5,17,1,0.871585,1.0468551,0,0.3749999999999999,0.37158501148223877
base,0.9249999999999999,0.5,18,1,0.9181961,1.1776513,0,0.42499999999999993,0.41819608211517334
base,0.975,0.5,19,1,0.9388963,1.2530618,0,0.475,0.4388962984085083
curv,0.025000000000000022,0.25,0,0,-0.028441787,-1.36906,0,-0.22499999999999998,-0.27844178676605225
curv,0.025000000000000022,0.25,0,0,-0.028441787,-1.36906,0,-0.22499999999999998,-0.27844178676605225
curv,0.075,0.25,1,0,0.01865688,-1.2246633,0,-0.175,-0.2313431203365326
curv,0.075,0.25,1,0,0.01865688,-1.2246633,0,-0.175,-0.2313431203365326
curv,0.12500000000000003,0.25,2,0,0.06575552,-1.0802665,0,-0.12499999999999997,-0.18424448370933533
curv,0.12500000000000003,0.25,2,0,0.06575552,-1.0802665,0,-0.12499999999999997,-0.18424448370933533
curv,0.17500000000000002,0.25,3,0,0.1128542,-0.9358697,0,-0.07499999999999998,-0.13714580237865448
curv,0.17500000000000002,0.25,3,0,0.1128542,-0.9358697,0,-0.07499999999999998,-0.13714580237865448
curv,0.225,0.25,4,0,0.15995277,-0.791473,0,-0.024999999999999994,-0.09004722535610199
curv,0.225,0.25,4,0,0.15995277,-0.791473,0,-0.024999999999999994,-0.09004722535610199
curv,0.275,0.25,5,1,0.20705149,-0.6470761,0,0.025000000000000022,-0.042948514223098755
curv,0.325,0.25,6,1,0.2541501,-0.5026793,0,0.07500000000000001,0.004150092601776123
curv,0.37500000000000006,0.25,7,1,0.30124873,-0.35828245,0,0.12500000000000006,0.05124872922897339
curv,0.425,0.25,8,1,0.34834743,-0.21388559,0,0.175,0.09834742546081543
curv,0.475,0.25,9,1,0.39544603,-0.06948884,0,0.22499999999999998,0.1454460322856903
curv,0.525,0.25,10,1,0.44254467,0.0749079,0,0.275,0.19254466891288757
curv,0.575,0.25,11,1,0.48964334,0.21930473,0,0.32499999999999996,0.23964333534240723
curv,0.625,0.25,12,1,0.536742,0.36370158,0,0.375,0.2867419719696045
curv,0.675,0.25,13,1,0.5838406,0.5080985,0,0.42500000000000004,0.33384060859680176
curv,0.7250000000000001,0.25,14,1,0.6309393,0.6524953,0,0.4750000000000001,0.3809393048286438
flat,0.275,0.7500000000000001,0,0,0.40575105,-0.72473705,0,-0.4750000000000001,-0.3442489504814149
flat,0.325,0.7500000000000001,1,0,0.4528496,-0.5803403,0,-0.4250000000000001,-0.2971504032611848
flat,0.37500000000000006,0.7500000000000001,2,0,0.49994826,-0.43594348,0,-0.37500000000000006,-0.25005173683166515
flat,0.425,0.7500000000000001,3,0,0.54704696,-0.29154664,0,-0.3250000000000001,-0.2029530405998231
flat,0.475,0.7500000000000001,4,0,0.5941456,-0.14714988,0,-0.27500000000000013,-0.15585440397262584
flat,0.525,0.7500000000000001,5,0,0.6412442,-0.0027531385,0,-0.2250000000000001,-0.10875582695007335
flat,0.575,0.7500000000000001,6,0,0.6883429,0.14164375,0,-0.17500000000000016,-0.06165707111358654
flat,0.625,0.7500000000000001,7,0,0.7354415,0.2860406,0,-0.1250000000000001,-0.014558494091034047
flat,0.675,0.7500000000000001,8,0,0.7825402,0.4304375,0,-0.07500000000000007,0.032540202140807994
flat,0.7250000000000001,0.7500000000000001,9,0,0.82963884,0.57483435,0,-0.025000000000000022,0.07963883876800526
flat,0.7749999999999999,0.7500000000000001,10,1,0.8767375,0.719231,0,0.0249999999999998,0.12673747539520253
flat,0.7749999999999999,0.7500000000000001,10,1,0.8767375,0.719231,0,0.0249999999999998,0.12673747539520253
flat,0.825,0.7500000000000001,11,1,0.9238361,0.8636278,0,0.07499999999999984,0.1738361120223998
flat,0.825,0.7500000000000001,11,1,0.9238361,0.8636278,0,0.07499999999999984,0.1738361120223998
flat,0.8749999999999999,0.7500000000000001,12,1,0.9707099,1.0017537,0,0.12499999999999978,0.22070991992950428
flat,0.8749999999999999,0.7500000000000001,12,1,0.9707099,1.0017537,0,0.12499999999999978,0.22070991992950428
flat,0.9249999999999999,0.7500000000000001,13,1,1.0010977,1.0951399,0,0.17499999999999982,0.2510976791381835
flat,0.9249999999999999,0.7500000000000001,13,1,1.0010977,1.0951399,0,0.17499999999999982,0.2510976791381835
flat,0.975,0.7500000000000001,14,1,1.0110269,1.1542085,0,0.22499999999999987,0.26102685928344715
flat,0.975,0.7500000000000001,14,1,1.0110269,1.1542085,0,0.22499999999999987,0.26102685928344715
base,0.025000000000000022,0.5,0,0,0.22286862,-1.108908,1,-0.475,-0.2771313786506653
base,0.075,0.5,1,0,0.2538305,-1.0471312,1,-0.425,-0.24616950750350952
base,0.12500000000000003,0.5,2,0,0.28942946,-0.93244016,1,-0.375,-0.2105705440044403
base,0.17500000000000002,0.5,3,0,0.3215155,-0.8003376,1,-0.32499999999999996,-0.1784844994544983
base,0.225,0.5,4,0,0.35360155,-0.668235,1,-0.275,-0.14639845490455627
base,0.275,0.5,5,0,0.38568762,-0.5361324,1,-0.22499999999999998,-0.11431238055229187
base,0.325,0.5,6,0,0.41777366,-0.4040299,1,-0.175,-0.08222633600234985
base,0.37500000000000006,0.5,7,0,0.44985974,-0.27192724,1,-0.12499999999999994,-0.05014026165008545
base,0.425,0.5,8,0,0.48194575,-0.13982461,1,-0.07500000000000001,-0.01805424690246582
base,0.475,0.5,9,0,0.5140318,-0.0077221245,1,-0.025000000000000022,0.014031827449798584
base,0.525,0.5,10,1,0.54611784,0.124380425,1,0.025000000000000022,0.04611784219741821
base,0.575,0.5,11,1,0.5782039,0.25648302,1,0.07499999999999996,0.07820391654968262
base,0.625,0.5,12,1,0.61029,0.3885857,1,0.125,0.11028999090194702
base,0.675,0.5,13,1,0.64237607,0.5206883,1,0.17500000000000004,0.14237606525421143
base,0.7250000000000001,0.5,14,1,0.6744621,0.6527907,1,0.2250000000000001,0.17446208000183105
base,0.7749999999999999,0.5,15,1,0.7065482,0.7848934,1,0.2749999999999999,0.20654821395874023
base,0.825,0.5,16,1,0.73863417,0.9169961,1,0.32499999999999996,0.2386341691017151
base,0.8749999999999999,0.5,17,1,0.77072024,1.0490986,1,0.3749999999999999,0.2707202434539795
base,0.9249999999999999,0.5,18,1,0.80280626,1.1812013,1,0.42499999999999993,0.3028062582015991
base,0.975,0.5,19,1,0.8348924,1.3133037,1,0.475,0.3348923921585083
curv,0.025000000000000022,0.25,0,0,0.12541357,-0.8922587,1,-0.22499999999999998,-0.12458643317222595
curv,0.025000000000000022,0.25,0,0,0.12541357,-0.8922587,1,-0.22499999999999998,-0.12458643317222595
curv,0.075,0.25,1,0,0.14440769,-0.7707644,1,-0.175,-0.10559231042861938
curv,0.075,0.25,1,0,0.14440769,-0.7707644,1,-0.175,-0.10559231042861938
curv,0.12500000000000003,0.25,2,0,0.16816327,-0.6444992,1,-0.12499999999999997,-0.08183673024177551
curv,0.12500000000000003,0.25,2,0,0.16816327,-0.6444992,1,-0.12499999999999997,-0.08183673024177551
curv,0.17500000000000002,0.25,3,0,0.20024928,-0.51239663,1,-0.07499999999999998,-0.049750715494155884
curv,0.17500000000000002,0.25,3,0,0.20024928,-0.51239663,1,-0.07499999999999998,-0.049750715494155884
curv,0.225,0.25,4,0,0.23233533,-0.38029405,1,-0.024999999999999994,-0.017664670944213867
curv,0.225,0.25,4,0,0.23233533,-0.38029405,1,-0.024999999999999994,-0.017664670944213867
curv,0.275,0.25,5,1,0.2644214,-0.24819137,1,0.025000000000000022,0.014421403408050537
curv,0.325,0.25,6,1,0.29650748,-0.11608888,1,0.07500000000000001,0.04650747776031494
curv,0.37500000000000006,0.25,7,1,0.3285935,0.016013637,1,0.12500000000000006,0.07859349250793457
curv,0.425,0.25,8,1,0.36067957,0.14811634,1,0.175,0.11067956686019897
curv,0.475,0.25,9,1,0.3927656,0.28021878,1,0.22499999999999998,0.142765611410141
curv,0.525,0.25,10,1,0.42485166,0.41232145,1,0.275,0.174851655960083
curv,0.575,0.25,11,1,0.45693773,0.54442406,1,0.32499999999999996,0.2069377303123474
curv,0.625,0.25,12,1,0.4890238,0.6765267,1,0.375,0.23902380466461182
curv,0.675,0.25,13,1,0.5211098,0.8086292,1,0.42500000000000004,0.27110981941223145
curv,0.7250000000000001,0.25,14,1,0.55319595,0.9407319,1,0.4750000000000001,0.3031959533691406
flat,0.275,0.7500000000000001,0,0,0.5054808,-0.8167723,1,-0.4750000000000001,-0.24451917409896862
flat,0.325,0.7500000000000001,1,0,0.53903997,-0.69197094,1,-0.4250000000000001,-0.2109600305557252
flat,0.37500000000000006,0.7500000000000001,2,0,0.5711259,-0.5598683,1,-0.37500000000000006,-0.17887407541275036
flat,0.425,0.7500000000000001,3,0,0.603212,-0.42776567,1,-0.3250000000000001,-0.14678800106048595
flat,0.475,0.7500000000000001,4,0,0.635298,-0.29566312,1,-0.27500000000000013,-0.11470198631286632
flat,0.525,0.7500000000000001,5,0,0.6673841,-0.16356052,1,-0.2250000000000001,-0.08261591196060192
flat,0.575,0.7500000000000001,6,0,0.69947016,-0.031457976,1,-0.17500000000000016,-0.05052983760833751
flat,0.625,0.7500000000000001,7,0,0.7315562,0.10064466,1,-0.1250000000000001,-0.018443822860717884
flat,0.675,0.7500000000000001,8,0,0.7636422,0.23274724,1,-0.07500000000000007,0.013642191886901744
flat,0.7250000000000001,0.7500000000000001,9,0,0.7957284,0.36484993,1,-0.025000000000000022,0.0457283854484557
flat,0.7749999999999999,0.7500000000000001,10,1,0.82781434,0.4969524,1,0.0249999999999998,0.07781434059143055
flat,0.7749999999999999,0.7500000000000001,10,1,0.82781434,0.4969524,1,0.0249999999999998,0.07781434059143055
flat,0.825,0.7500000000000001,11,1,0.8599005,0.62905496,1,0.07499999999999984,0.10990047454833973
flat,0.825,0.7500000000000001,11,1,0.8599005,0.62905496,1,0.07499999999999984,0.10990047454833973
flat,0.8749999999999999,0.7500000000000001,12,1,0.8919865,0.76115763,1,0.12499999999999978,0.14198648929595936
flat,0.8749999999999999,0.7500000000000001,12,1,0.8919865,0.76115763,1,0.12499999999999978,0.14198648929595936
flat,0.9249999999999999,0.7500000000000001,13,1,0.9240725,0.89326024,1,0.17499999999999982,0.174072504043579
flat,0.9249999999999999,0.7500000000000001,13,1,0.9240725,0.89326024,1,0.17499999999999982,0.174072504043579
flat,0.975,0.7500000000000001,14,1,0.95615864,1.0253628,1,0.22499999999999987,0.20615863800048817
flat,0.975,0.7500000000000001,14,1,0.95615864,1.0253628,1,0.22499999999999987,0.20615863800048817
base,0.025000000000000022,0.5,0,0,0.22286862,-1.108908,1,-0.475,-0.2771313786506653
base,0.075,0.5,1,0,0.2538305,-1.0471312,1,-0.425,-0.24616950750350952
base,0.12500000000000003,0.5,2,0,0.28942946,-0.93244016,1,-0.375,-0.2105705440044403
base,0.17500000000000002,0.5,3,0,0.3215155,-0.8003376,1,-0.32499999999999996,-0.1784844994544983
base,0.225,0.5,4,0,0.35360155,-0.668235,1,-0.275,-0.14639845490455627
base,0.275,0.5,5,0,0.38568762,-0.5361324,1,-0.22499999999999998,-0.11431238055229187
base,0.325,0.5,6,0,0.41777366,-0.4040299,1,-0.175,-0.08222633600234985
base,0.37500000000000006,0.5,7,0,0.44985974,-0.27192724,1,-0.12499999999999994,-0.05014026165008545
base,0.425,0.5,8,0,0.48194575,-0.13982461,1,-0.07500000000000001,-0.01805424690246582
base,0.475,0.5,9,0,0.5140318,-0.0077221245,1,-0.025000000000000022,0.014031827449798584
base,0.525,0.5,10,1,0.54611784,0.124380425,1,0.025000000000000022,0.04611784219741821
base,0.575,0.5,11,1,0.5782039,0.25648302,1,0.07499999999999996,0.07820391654968262
base,0.625,0.5,12,1,0.61029,0.3885857,1,0.125,0.11028999090194702
base,0.675,0.5,13,1,0.64237607,0.5206883,1,0.17500000000000004,0.14237606525421143
base,0.7250000000000001,0.5,14,1,0.6744621,0.6527907,1,0.2250000000000001,0.17446208000183105
base,0.7749999999999999,0.5,15,1,0.7065482,0.7848934,1,0.2749999999999999,0.20654821395874023
base,0.825,0.5,16,1,0.73863417,0.9169961,1,0.32499999999999996,0.2386341691017151
base,0.8749999999999999,0.5,17,1,0.77072024,1.0490986,1,0.3749999999999999,0.2707202434539795
base,0.9249999999999999,0.5,18,1,0.80280626,1.1812013,1,0.42499999999999993,0.3028062582015991
base,0.975,0.5,19,1,0.8348924,1.3133037,1,0.475,0.3348923921585083
curv,0.025000000000000022,0.25,0,0,0.12541357,-0.8922587,1,-0.22499999999999998,-0.12458643317222595
curv,0.025000000000000022,0.25,0,0,0.12541357,-0.8922587,1,-0.22499999999999998,-0.12458643317222595
curv,0.075,0.25,1,0,0.14440769,-0.7707644,1,-0.175,-0.10559231042861938
curv,0.075,0.25,1,0,0.14440769,-0.7707644,1,-0.175,-0.10559231042861938
curv,0.12500000000000003,0.25,2,0,0.16816327,-0.6444992,1,-0.12499999999999997,-0.08183673024177551
curv,0.12500000000000003,0.25,2,0,0.16816327,-0.6444992,1,-0.12499999999999997,-0.08183673024177551
curv,0.17500000000000002,0.25,3,0,0.20024928,-0.51239663,1,-0.07499999999999998,-0.049750715494155884
curv,0.17500000000000002,0.25,3,0,0.20024928,-0.51239663,1,-0.07499999999999998,-0.049750715494155884
curv,0.225,0.25,4,0,0.23233533,-0.38029405,1,-0.024999999999999994,-0.017664670944213867
curv,0.225,0.25,4,0,0.23233533,-0.38029405,1,-0.024999999999999994,-0.017664670944213867
curv,0.275,0.25,5,1,0.2644214,-0.24819137,1,0.025000000000000022,0.014421403408050537
curv,0.325,0.25,6,1,0.29650748,-0.11608888,1,0.07500000000000001,0.04650747776031494
curv,0.37500000000000006,0.25,7,1,0.3285935,0.016013637,1,0.12500000000000006,0.07859349250793457
curv,0.425,0.25,8,1,0.36067957,0.14811634,1,0.175,0.11067956686019897
curv,0.475,0.25,9,1,0.3927656,0.28021878,1,0.22499999999999998,0.142765611410141
curv,0.525,0.25,10,1,0.42485166,0.41232145,1,0.275,0.174851655960083
curv,0.575,0.25,11,1,0.45693773,0.54442406,1,0.32499999999999996,0.2069377303123474
curv,0.625,0.25,12,1,0.4890238,0.6765267,1,0.375,0.23902380466461182
curv,0.675,0.25,13,1,0.5211098,0.8086292,1,0.42500000000000004,0.27110981941223145
curv,0.7250000000000001,0.25,14,1,0.55319595,0.9407319,1,0.4750000000000001,0.3031959533691406
flat,0.275,0.7500000000000001,0,0,0.5054808,-0.8167723,1,-0.4750000000000001,-0.24451917409896862
flat,0.325,0.7500000000000001,1,0,0.53903997,-0.69197094,1,-0.4250000000000001,-0.2109600305557252
flat,0.37500000000000006,0.7500000000000001,2,0,0.5711259,-0.5598683,1,-0.37500000000000006,-0.17887407541275036
flat,0.425,0.7500000000000001,3,0,0.603212,-0.42776567,1,-0.3250000000000001,-0.14678800106048595
flat,0.475,0.7500000000000001,4,0,0.635298,-0.29566312,1,-0.27500000000000013,-0.11470198631286632
flat,0.525,0.7500000000000001,5,0,0.6673841,-0.16356052,1,-0.2250000000000001,-0.08261591196060192
flat,0.575,0.7500000000000001,6,0,0.69947016,-0.031457976,1,-0.17500000000000016,-0.05052983760833751
flat,0.625,0.7500000000000001,7,0,0.7315562,0.10064466,1,-0.1250000000000001,-0.018443822860717884
flat,0.675,0.7500000000000001,8,0,0.7636422,0.23274724,1,-0.07500000000000007,0.013642191886901744
flat,0.7250000000000001,0.7500000000000001,9,0,0.7957284,0.36484993,1,-0.025000000000000022,0.0457283854484557
flat,0.7749999999999999,0.7500000000000001,10,1,0.82781434,0.4969524,1,0.0249999999999998,0.07781434059143055
flat,0.7749999999999999,0.7500000000000001,10,1,0.82781434,0.4969524,1,0.0249999999999998,0.07781434059143055
flat,0.825,0.7500000000000001,11,1,0.8599005,0.62905496,1,0.07499999999999984,0.10990047454833973
flat,0.825,0.7500000000000001,11,1,0.8599005,0.62905496,1,0.07499999999999984,0.10990047454833973
flat,0.8749999999999999,0.7500000000000001,12,1,0.8919865,0.76115763,1,0.12499999999999978,0.14198648929595936
flat,0.8749999999999999,0.7500000000000001,12,1,0.8919865,0.76115763,1,0.12499999999999978,0.14198648929595936
flat,0.9249999999999999,0.7500000000000001,13,1,0.9240725,0.89326024,1,0.17499999999999982,0.174072504043579
flat,0.9249999999999999,0.7500000000000001,13,1,0.9240725,0.89326024,1,0.17499999999999982,0.174072504043579
flat,0.975,0.7500000000000001,14,1,0.95615864,1.0253628,1,0.22499999999999987,0.20615863800048817
flat,0.975,0.7500000000000001,14,1,0.95615864,1.0253628,1,0.22499999999999987,0.20615863800048817
base,0.025000000000000022,0.5,0,0,0.22286862,-1.108908,1,-0.475,-0.2771313786506653
base,0.075,0.5,1,0,0.2538305,-1.0471312,1,-0.425,-0.24616950750350952
base,0.12500000000000003,0.5,2,0,0.28942946,-0.93244016,1,-0.375,-0.2105705440044403
base,0.17500000000000002,0.5,3,0,0.3215155,-0.8003376,1,-0.32499999999999996,-0.1784844994544983
base,0.225,0.5,4,0,0.35360155,-0.668235,1,-0.275,-0.14639845490455627
base,0.275,0.5,5,0,0.38568762,-0.5361324,1,-0.22499999999999998,-0.11431238055229187
base,0.325,0.5,6,0,0.41777366,-0.4040299,1,-0.175,-0.08222633600234985
base,0.37500000000000006,0.5,7,0,0.44985974,-0.27192724,1,-0.12499999999999994,-0.05014026165008545
base,0.425,0.5,8,0,0.48194575,-0.13982461,1,-0.07500000000000001,-0.01805424690246582
base,0.475,0.5,9,0,0.5140318,-0.0077221245,1,-0.025000000000000022,0.014031827449798584
base,0.525,0.5,10,1,0.54611784,0.124380425,1,0.025000000000000022,0.04611784219741821
base,0.575,0.5,11,1,0.5782039,0.25648302,1,0.07499999999999996,0.07820391654968262
base,0.625,0.5,12,1,0.61029,0.3885857,1,0.125,0.11028999090194702
base,0.675,0.5,13,1,0.64237607,0.5206883,1,0.17500000000000004,0.14237606525421143
base,0.7250000000000001,0.5,14,1,0.6744621,0.6527907,1,0.2250000000000001,0.17446208000183105
base,0.7749999999999999,0.5,15,1,0.7065482,0.7848934,1,0.2749999999999999,0.20654821395874023
base,0.825,0.5,16,1,0.73863417,0.9169961,1,0.32499999999999996,0.2386341691017151
base,0.8749999999999999,0.5,17,1,0.77072024,1.0490986,1,0.3749999999999999,0.2707202434539795
base,0.9249999999999999,0.5,18,1,0.80280626,1.1812013,1,0.42499999999999993,0.3028062582015991
base,0.975,0.5,19,1,0.8348924,1.3133037,1,0.475,0.3348923921585083
curv,0.025000000000000022,0.25,0,0,0.12541357,-0.8922587,1,-0.22499999999999998,-0.12458643317222595
curv,0.025000000000000022,0.25,0,0,0.12541357,-0.8922587,1,-0.22499999999999998,-0.12458643317222595
curv,0.075,0.25,1,0,0.14440769,-0.7707644,1,-0.175,-0.10559231042861938
curv,0.075,0.25,1,0,0.14440769,-0.7707644,1,-0.175,-0.10559231042861938
curv,0.12500000000000003,0.25,2,0,0.16816327,-0.6444992,1,-0.12499999999999997,-0.08183673024177551
curv,0.12500000000000003,0.25,2,0,0.16816327,-0.6444992,1,-0.12499999999999997,-0.08183673024177551
curv,0.17500000000000002,0.25,3,0,0.20024928,-0.51239663,1,-0.07499999999999998,-0.049750715494155884
curv,0.17500000000000002,0.25,3,0,0.20024928,-0.51239663,1,-0.07499999999999998,-0.049750715494155884
curv,0.225,0.25,4,0,0.23233533,-0.38029405,1,-0.024999999999999994,-0.017664670944213867
curv,0.225,0.25,4,0,0.23233533,-0.38029405,1,-0.024999999999999994,-0.017664670944213867
curv,0.275,0.25,5,1,0.2644214,-0.24819137,1,0.025000000000000022,0.014421403408050537
curv,0.325,0.25,6,1,0.29650748,-0.11608888,1,0.07500000000000001,0.04650747776031494
curv,0.37500000000000006,0.25,7,1,0.3285935,0.016013637,1,0.12500000000000006,0.07859349250793457
curv,0.425,0.25,8,1,0.36067957,0.14811634,1,0.175,0.11067956686019897
curv,0.475,0.25,9,1,0.3927656,0.28021878,1,0.22499999999999998,0.142765611410141
curv,0.525,0.25,10,1,0.42485166,0.41232145,1,0.275,0.174851655960083
curv,0.575,0.25,11,1,0.45693773,0.54442406,1,0.32499999999999996,0.2069377303123474
curv,0.625,0.25,12,1,0.4890238,0.6765267,1,0.375,0.23902380466461182
curv,0.675,0.25,13,1,0.5211098,0.8086292,1,0.42500000000000004,0.27110981941223145
curv,0.7250000000000001,0.25,14,1,0.55319595,0.9407319,1,0.4750000000000001,0.3031959533691406
flat,0.275,0.7500000000000001,0,0,0.5054808,-0.8167723,1,-0.4750000000000001,-0.24451917409896862
flat,0.325,0.7500000000000001,1,0,0.53903997,-0.69197094,1,-0.4250000000000001,-0.2109600305557252
flat,0.37500000000000006,0.7500000000000001,2,0,0.5711259,-0.5598683,1,-0.37500000000000006,-0.17887407541275036
flat,0.425,0.7500000000000001,3,0,0.603212,-0.42776567,1,-0.3250000000000001,-0.14678800106048595
flat,0.475,0.7500000000000001,4,0,0.635298,-0.29566312,1,-0.27500000000000013,-0.11470198631286632
flat,0.525,0.7500000000000001,5,0,0.6673841,-0.16356052,1,-0.2250000000000001,-0.08261591196060192
flat,0.575,0.7500000000000001,6,0,0.69947016,-0.031457976,1,-0.17500000000000016,-0.05052983760833751
flat,0.625,0.7500000000000001,7,0,0.7315562,0.10064466,1,-0.1250000000000001,-0.018443822860717884
flat,0.675,0.7500000000000001,8,0,0.7636422,0.23274724,1,-0.07500000000000007,0.013642191886901744
flat,0.7250000000000001,0.7500000000000001,9,0,0.7957284,0.36484993,1,-0.025000000000000022,0.0457283854484557
flat,0.7749999999999999,0.7500000000000001,10,1,0.82781434,0.4969524,1,0.0249999999999998,0.07781434059143055
flat,0.7749999999999999,0.7500000000000001,10,1,0.82781434,0.4969524,1,0.0249999999999998,0.07781434059143055
flat,0.825,0.7500000000000001,11,1,0.8599005,0.62905496,1,0.07499999999999984,0.10990047454833973
flat,0.825,0.7500000000000001,11,1,0.8599005,0.62905496,1,0.07499999999999984,0.10990047454833973
flat,0.8749999999999999,0.7500000000000001,12,1,0.8919865,0.76115763,1,0.12499999999999978,0.14198648929595936
flat,0.8749999999999999,0.7500000000000001,12,1,0.8919865,0.76115763,1,0.12499999999999978,0.14198648929595936
flat,0.9249999999999999,0.7500000000000001,13,1,0.9240725,0.89326024,1,0.17499999999999982,0.174072504043579
flat,0.9249999999999999,0.7500000000000001,13,1,0.9240725,0.89326024,1,0.17499999999999982,0.174072504043579
flat,0.975,0.7500000000000001,14,1,0.95615864,1.0253628,1,0.22499999999999987,0.20615863800048817
flat,0.975,0.7500000000000001,14,1,0.95615864,1.0253628,1,0.22499999999999987,0.20615863800048817
base,0.025000000000000022,0.5,0,0,0.22286862,-1.108908,1,-0.475,-0.2771313786506653
base,0.075,0.5,1,0,0.2538305,-1.0471312,1,-0.425,-0.24616950750350952
base,0.12500000000000003,0.5,2,0,0.28942946,-0.93244016,1,-0.375,-0.2105705440044403
base,0.17500000000000002,0.5,3,0,0.3215155,-0.8003376,1,-0.32499999999999996,-0.1784844994544983
base,0.225,0.5,4,0,0.35360155,-0.668235,1,-0.275,-0.14639845490455627
base,0.275,0.5,5,0,0.38568762,-0.5361324,1,-0.22499999999999998,-0.11431238055229187
base,0.325,0.5,6,0,0.41777366,-0.4040299,1,-0.175,-0.08222633600234985
base,0.37500000000000006,0.5,7,0,0.44985974,-0.27192724,1,-0.12499999999999994,-0.05014026165008545
base,0.425,0.5,8,0,0.48194575,-0.13982461,1,-0.07500000000000001,-0.01805424690246582
base,0.475,0.5,9,0,0.5140318,-0.0077221245,1,-0.025000000000000022,0.014031827449798584
base,0.525,0.5,10,1,0.54611784,0.124380425,1,0.025000000000000022,0.04611784219741821
base,0.575,0.5,11,1,0.5782039,0.25648302,1,0.07499999999999996,0.07820391654968262
base,0.625,0.5,12,1,0.61029,0.3885857,1,0.125,0.11028999090194702
base,0.675,0.5,13,1,0.64237607,0.5206883,1,0.17500000000000004,0.14237606525421143
base,0.7250000000000001,0.5,14,1,0.6744621,0.6527907,1,0.2250000000000001,0.17446208000183105
base,0.7749999999999999,0.5,15,1,0.7065482,0.7848934,1,0.2749999999999999,0.20654821395874023
base,0.825,0.5,16,1,0.73863417,0.9169961,1,0.32499999999999996,0.2386341691017151
base,0.8749999999999999,0.5,17,1,0.77072024,1.0490986,1,0.3749999999999999,0.2707202434539795
base,0.9249999999999999,0.5,18,1,0.80280626,1.1812013,1,0.42499999999999993,0.3028062582015991
base,0.975,0.5,19,1,0.8348924,1.3133037,1,0.475,0.3348923921585083
curv,0.025000000000000022,0.25,0,0,0.12541357,-0.8922587,1,-0.22499999999999998,-0.12458643317222595
curv,0.025000000000000022,0.25,0,0,0.12541357,-0.8922587,1,-0.22499999999999998,-0.12458643317222595
curv,0.075,0.25,1,0,0.14440769,-0.7707644,1,-0.175,-0.10559231042861938
curv,0.075,0.25,1,0,0.14440769,-0.7707644,1,-0.175,-0.10559231042861938
curv,0.12500000000000003,0.25,2,0,0.16816327,-0.6444992,1,-0.12499999999999997,-0.08183673024177551
curv,0.12500000000000003,0.25,2,0,0.16816327,-0.6444992,1,-0.12499999999999997,-0.08183673024177551
curv,0.17500000000000002,0.25,3,0,0.20024928,-0.51239663,1,-0.07499999999999998,-0.049750715494155884
curv,0.17500000000000002,0.25,3,0,0.20024928,-0.51239663,1,-0.07499999999999998,-0.049750715494155884
curv,0.225,0.25,4,0,0.23233533,-0.38029405,1,-0.024999999999999994,-0.017664670944213867
curv,0.225,0.25,4,0,0.23233533,-0.38029405,1,-0.024999999999999994,-0.017664670944213867
curv,0.275,0.25,5,1,0.2644214,-0.24819137,1,0.025000000000000022,0.014421403408050537
curv,0.325,0.25,6,1,0.29650748,-0.11608888,1,0.07500000000000001,0.04650747776031494
curv,0.37500000000000006,0.25,7,1,0.3285935,0.016013637,1,0.12500000000000006,0.07859349250793457
curv,0.425,0.25,8,1,0.36067957,0.14811634,1,0.175,0.11067956686019897
curv,0.475,0.25,9,1,0.3927656,0.28021878,1,0.22499999999999998,0.142765611410141
curv,0.525,0.25,10,1,0.42485166,0.41232145,1,0.275,0.174851655960083
curv,0.575,0.25,11,1,0.45693773,0.54442406,1,0.32499999999999996,0.2069377303123474
curv,0.625,0.25,12,1,0.4890238,0.6765267,1,0.375,0.23902380466461182
curv,0.675,0.25,13,1,0.5211098,0.8086292,1,0.42500000000000004,0.27110981941223145
curv,0.7250000000000001,0.25,14,1,0.55319595,0.9407319,1,0.4750000000000001,0.3031959533691406
flat,0.275,0.7500000000000001,0,0,0.5054808,-0.8167723,1,-0.4750000000000001,-0.24451917409896862
flat,0.325,0.7500000000000001,1,0,0.53903997,-0.69197094,1,-0.4250000000000001,-0.2109600305557252
flat,0.37500000000000006,0.7500000000000001,2,0,0.5711259,-0.5598683,1,-0.37500000000000006,-0.17887407541275036
flat,0.425,0.7500000000000001,3,0,0.603212,-0.42776567,1,-0.3250000000000001,-0.14678800106048595
flat,0.475,0.7500000000000001,4,0,0.635298,-0.29566312,1,-0.27500000000000013,-0.11470198631286632
flat,0.525,0.7500000000000001,5,0,0.6673841,-0.16356052,1,-0.2250000000000001,-0.08261591196060192
flat,0.575,0.7500000000000001,6,0,0.69947016,-0.031457976,1,-0.17500000000000016,-0.05052983760833751
flat,0.625,0.7500000000000001,7,0,0.7315562,0.10064466,1,-0.1250000000000001,-0.018443822860717884
flat,0.675,0.7500000000000001,8,0,0.7636422,0.23274724,1,-0.07500000000000007,0.013642191886901744
flat,0.7250000000000001,0.7500000000000001,9,0,0.7957284,0.36484993,1,-0.025000000000000022,0.0457283854484557
flat,0.7749999999999999,0.7500000000000001,10,1,0.82781434,0.4969524,1,0.0249999999999998,0.07781434059143055
flat,0.7749999999999999,0.7500000000000001,10,1,0.82781434,0.4969524,1,0.0249999999999998,0.07781434059143055
flat,0.825,0.7500000000000001,11,1,0.8599005,0.62905496,1,0.07499999999999984,0.10990047454833973
flat,0.825,0.7500000000000001,11,1,0.8599005,0.62905496,1,0.07499999999999984,0.10990047454833973
flat,0.8749999999999999,0.7500000000000001,12,1,0.8919865,0.76115763,1,0.12499999999999978,0.14198648929595936
flat,0.8749999999999999,0.7500000000000001,12,1,0.8919865,0.76115763,1,0.12499999999999978,0.14198648929595936
flat,0.9249999999999999,0.7500000000000001,13,1,0.9240725,0.89326024,1,0.17499999999999982,0.174072504043579
flat,0.9249999999999999,0.7500000000000001,13,1,0.9240725,0.89326024,1,0.17499999999999982,0.174072504043579
flat,0.975,0.7500000000000001,14,1,0.95615864,1.0253628,1,0.22499999999999987,0.20615863800048817
flat,0.975,0.7500000000000001,14,1,0.95615864,1.0253628,1,0.22499999999999987,0.20615863800048817
base,0.025000000000000022,0.5,0,0,0.12992968,-1.552753,2,-0.475,-0.37007032334804535
base,0.075,0.5,1,0,0.16941848,-1.3925569,2,-0.425,-0.33058151602745056
base,0.12500000000000003,0.5,2,0,0.20890728,-1.2323611,2,-0.375,-0.29109272360801697
base,0.17500000000000002,0.5,3,0,0.24839608,-1.0721648,2,-0.32499999999999996,-0.2516039162874222
base,0.225,0.5,4,0,0.28788486,-0.9119688,2,-0.275,-0.21211513876914978
base,0.275,0.5,5,0,0.32737368,-0.7517727,2,-0.22499999999999998,-0.1726263165473938
base,0.325,0.5,6,0,0.36686242,-0.59157676,2,-0.175,-0.13313758373260498
base,0.37500000000000006,0.5,7,0,0.40635127,-0.43138063,2,-0.12499999999999994,-0.09364873170852661
base,0.425,0.5,8,0,0.44584012,-0.27118456,2,-0.07500000000000001,-0.05415987968444824
base,0.475,0.5,9,0,0.48532885,-0.110988505,2,-0.025000000000000022,-0.014671146869659424
base,0.525,0.5,10,1,0.52481765,0.04920744,2,0.025000000000000022,0.02481764554977417
base,0.575,0.5,11,1,0.5643065,0.20940357,2,0.07499999999999996,0.06430649757385254
base,0.625,0.5,12,1,0.6037953,0.36959964,2,0.125,0.10379528999328613
base,0.675,0.5,13,1,0.6432841,0.5297958,2,0.17500000000000004,0.14328408241271973
base,0.7250000000000001,0.5,14,1,0.6827729,0.6899919,2,0.2250000000000001,0.18277287483215332
base,0.7749999999999999,0.5,15,1,0.7222617,0.8501877,2,0.2749999999999999,0.2222617268562317
base,0.825,0.5,16,1,0.76109105,1.0125653,2,0.32499999999999996,0.26109105348587036
base,0.8749999999999999,0.5,17,1,0.79976934,1.1754425,2,0.3749999999999999,0.2997693419456482
base,0.9249999999999999,0.5,18,1,0.8379864,1.3377092,2,0.42499999999999993,0.33798640966415405
base,0.975,0.5,19,1,0.86196464,1.4531791,2,0.475,0.3619646430015564
curv,0.025000000000000022,0.25,0,0,0.035489455,-1.4466403,2,-0.22499999999999998,-0.21451054513454437
curv,0.025000000000000022,0.25,0,0,0.035489455,-1.4466403,2,-0.22499999999999998,-0.21451054513454437
curv,0.075,0.25,1,0,0.07497828,-1.2864443,2,-0.175,-0.1750217229127884
curv,0.075,0.25,1,0,0.07497828,-1.2864443,2,-0.175,-0.1750217229127884
curv,0.12500000000000003,0.25,2,0,0.11446707,-1.1262482,2,-0.12499999999999997,-0.1355329304933548
curv,0.12500000000000003,0.25,2,0,0.11446707,-1.1262482,2,-0.12499999999999997,-0.1355329304933548
curv,0.17500000000000002,0.25,3,0,0.15395585,-0.9660522,2,-0.07499999999999998,-0.0960441529750824
curv,0.17500000000000002,0.25,3,0,0.15395585,-0.9660522,2,-0.07499999999999998,-0.0960441529750824
curv,0.225,0.25,4,0,0.19344464,-0.80585605,2,-0.024999999999999994,-0.056555360555648804
curv,0.225,0.25,4,0,0.19344464,-0.80585605,2,-0.024999999999999994,-0.056555360555648804
curv,0.275,0.25,5,1,0.23293346,-0.64566,2,0.025000000000000022,-0.017066538333892822
curv,0.325,0.25,6,1,0.27242228,-0.48546404,2,0.07500000000000001,0.02242228388786316
curv,0.37500000000000006,0.25,7,1,0.3119111,-0.3252679,2,0.12500000000000006,0.06191110610961914
curv,0.425,0.25,8,1,0.3513999,-0.16507185,2,0.175,0.10139989852905273
curv,0.475,0.25,9,1,0.3908887,-0.004875906,2,0.22499999999999998,0.14088869094848633
curv,0.525,0.25,10,1,0.43037745,0.15532017,2,0.275,0.18037745356559753
curv,0.575,0.25,11,1,0.46986628,0.31551623,2,0.32499999999999996,0.21986627578735352
curv,0.625,0.25,12,1,0.50935507,0.4757123,2,0.375,0.2593550682067871
curv,0.675,0.25,13,1,0.5488439,0.63590837,2,0.42500000000000004,0.2988439202308655
curv,0.7250000000000001,0.25,14,1,0.5883327,0.7961045,2,0.4750000000000001,0.3383327126502991
flat,0.275,0.7500000000000001,0,0,0.42181385,-0.85788536,2,-0.4750000000000001,-0.32818615436553966
flat,0.325,0.7500000000000001,1,0,0.46130264,-0.6976893,2,-0.4250000000000001,-0.28869736194610607
flat,0.37500000000000006,0.7500000000000001,2,0,0.50063455,-0.5369743,2,-0.37500000000000006,-0.2493654489517213
flat,0.425,0.7500000000000001,3,0,0.5393128,-0.3740968,2,-0.3250000000000001,-0.21068722009658825
flat,0.475,0.7500000000000001,4,0,0.57799107,-0.21121967,2,-0.27500000000000013,-0.1720089316368104
flat,0.525,0.7500000000000001,5,0,0.61666936,-0.048342414,2,-0.2250000000000001,-0.13333064317703258
flat,0.575,0.7500000000000001,6,0,0.6553477,0.114535026,2,-0.17500000000000016,-0.09465229511260997
flat,0.625,0.7500000000000001,7,0,0.69402593,0.27741224,2,-0.1250000000000001,-0.05597406625747692
flat,0.675,0.7500000000000001,8,0,0.7327042,0.44028956,2,-0.07500000000000007,-0.017295777797699086
flat,0.7250000000000001,0.7500000000000001,9,0,0.7713825,0.6031669,2,-0.025000000000000022,0.021382510662078746
flat,0.7749999999999999,0.7500000000000001,10,1,0.81006074,0.766044,2,0.0249999999999998,0.0600607395172118
flat,0.7749999999999999,0.7500000000000001,10,1,0.81006074,0.766044,2,0.0249999999999998,0.0600607395172118
flat,0.825,0.7500000000000001,11,1,0.848739,0.9289215,2,0.07499999999999984,0.09873902797698964
flat,0.825,0.7500000000000001,11,1,0.848739,0.9289215,2,0.07499999999999984,0.09873902797698964
flat,0.8749999999999999,0.7500000000000001,12,1,0.8874174,1.0917987,2,0.12499999999999978,0.13741737604141224
flat,0.8749999999999999,0.7500000000000001,12,1,0.8874174,1.0917987,2,0.12499999999999978,0.13741737604141224
flat,0.9249999999999999,0.7500000000000001,13,1,0.92609566,1.2546761,2,0.17499999999999982,0.17609566450119007
flat,0.9249999999999999,0.7500000000000001,13,1,0.92609566,1.2546761,2,0.17499999999999982,0.17609566450119007
flat,0.975,0.7500000000000001,14,1,0.9559615,1.4058845,2,0.22499999999999987,0.20596152544021595
flat,0.975,0.7500000000000001,14,1,0.9559615,1.4058845,2,0.22499999999999987,0.20596152544021595
base,0.025000000000000022,0.5,0,0,0.12992968,-1.552753,2,-0.475,-0.37007032334804535
base,0.075,0.5,1,0,0.16941848,-1.3925569,2,-0.425,-0.33058151602745056
base,0.12500000000000003,0.5,2,0,0.20890728,-1.2323611,2,-0.375,-0.29109272360801697
base,0.17500000000000002,0.5,3,0,0.24839608,-1.0721648,2,-0.32499999999999996,-0.2516039162874222
base,0.225,0.5,4,0,0.28788486,-0.9119688,2,-0.275,-0.21211513876914978
base,0.275,0.5,5,0,0.32737368,-0.7517727,2,-0.22499999999999998,-0.1726263165473938
base,0.325,0.5,6,0,0.36686242,-0.59157676,2,-0.175,-0.13313758373260498
base,0.37500000000000006,0.5,7,0,0.40635127,-0.43138063,2,-0.12499999999999994,-0.09364873170852661
base,0.425,0.5,8,0,0.44584012,-0.27118456,2,-0.07500000000000001,-0.05415987968444824
base,0.475,0.5,9,0,0.48532885,-0.110988505,2,-0.025000000000000022,-0.014671146869659424
base,0.525,0.5,10,1,0.52481765,0.04920744,2,0.025000000000000022,0.02481764554977417
base,0.575,0.5,11,1,0.5643065,0.20940357,2,0.07499999999999996,0.06430649757385254
base,0.625,0.5,12,1,0.6037953,0.36959964,2,0.125,0.10379528999328613
base,0.675,0.5,13,1,0.6432841,0.5297958,2,0.17500000000000004,0.14328408241271973
base,0.7250000000000001,0.5,14,1,0.6827729,0.6899919,2,0.2250000000000001,0.18277287483215332
base,0.7749999999999999,0.5,15,1,0.7222617,0.8501877,2,0.2749999999999999,0.2222617268562317
base,0.825,0.5,16,1,0.76109105,1.0125653,2,0.32499999999999996,0.26109105348587036
base,0.8749999999999999,0.5,17,1,0.79976934,1.1754425,2,0.3749999999999999,0.2997693419456482
base,0.9249999999999999,0.5,18,1,0.8379864,1.3377092,2,0.42499999999999993,0.33798640966415405
base,0.975,0.5,19,1,0.86196464,1.4531791,2,0.475,0.3619646430015564
curv,0.025000000000000022,0.25,0,0,0.035489455,-1.4466403,2,-0.22499999999999998,-0.21451054513454437
curv,0.025000000000000022,0.25,0,0,0.035489455,-1.4466403,2,-0.22499999999999998,-0.21451054513454437
curv,0.075,0.25,1,0,0.07497828,-1.2864443,2,-0.175,-0.1750217229127884
curv,0.075,0.25,1,0,0.07497828,-1.2864443,2,-0.175,-0.1750217229127884
curv,0.12500000000000003,0.25,2,0,0.11446707,-1.1262482,2,-0.12499999999999997,-0.1355329304933548
curv,0.12500000000000003,0.25,2,0,0.11446707,-1.1262482,2,-0.12499999999999997,-0.1355329304933548
curv,0.17500000000000002,0.25,3,0,0.15395585,-0.9660522,2,-0.07499999999999998,-0.0960441529750824
curv,0.17500000000000002,0.25,3,0,0.15395585,-0.9660522,2,-0.07499999999999998,-0.0960441529750824
curv,0.225,0.25,4,0,0.19344464,-0.80585605,2,-0.024999999999999994,-0.056555360555648804
curv,0.225,0.25,4,0,0.19344464,-0.80585605,2,-0.024999999999999994,-0.056555360555648804
curv,0.275,0.25,5,1,0.23293346,-0.64566,2,0.025000000000000022,-0.017066538333892822
curv,0.325,0.25,6,1,0.27242228,-0.48546404,2,0.07500000000000001,0.02242228388786316
curv,0.37500000000000006,0.25,7,1,0.3119111,-0.3252679,2,0.12500000000000006,0.06191110610961914
curv,0.425,0.25,8,1,0.3513999,-0.16507185,2,0.175,0.10139989852905273
curv,0.475,0.25,9,1,0.3908887,-0.004875906,2,0.22499999999999998,0.14088869094848633
curv,0.525,0.25,10,1,0.43037745,0.15532017,2,0.275,0.18037745356559753
curv,0.575,0.25,11,1,0.46986628,0.31551623,2,0.32499999999999996,0.21986627578735352
curv,0.625,0.25,12,1,0.50935507,0.4757123,2,0.375,0.2593550682067871
curv,0.675,0.25,13,1,0.5488439,0.63590837,2,0.42500000000000004,0.2988439202308655
curv,0.7250000000000001,0.25,14,1,0.5883327,0.7961045,2,0.4750000000000001,0.3383327126502991
flat,0.275,0.7500000000000001,0,0,0.42181385,-0.85788536,2,-0.4750000000000001,-0.32818615436553966
flat,0.325,0.7500000000000001,1,0,0.46130264,-0.6976893,2,-0.4250000000000001,-0.28869736194610607
flat,0.37500000000000006,0.7500000000000001,2,0,0.50063455,-0.5369743,2,-0.37500000000000006,-0.2493654489517213
flat,0.425,0.7500000000000001,3,0,0.5393128,-0.3740968,2,-0.3250000000000001,-0.21068722009658825
flat,0.475,0.7500000000000001,4,0,0.57799107,-0.21121967,2,-0.27500000000000013,-0.1720089316368104
flat,0.525,0.7500000000000001,5,0,0.61666936,-0.048342414,2,-0.2250000000000001,-0.13333064317703258
flat,0.575,0.7500000000000001,6,0,0.6553477,0.114535026,2,-0.17500000000000016,-0.09465229511260997
flat,0.625,0.7500000000000001,7,0,0.69402593,0.27741224,2,-0.1250000000000001,-0.05597406625747692
flat,0.675,0.7500000000000001,8,0,0.7327042,0.44028956,2,-0.07500000000000007,-0.017295777797699086
flat,0.7250000000000001,0.7500000000000001,9,0,0.7713825,0.6031669,2,-0.025000000000000022,0.021382510662078746
flat,0.7749999999999999,0.7500000000000001,10,1,0.81006074,0.766044,2,0.0249999999999998,0.0600607395172118
flat,0.7749999999999999,0.7500000000000001,10,1,0.81006074,0.766044,2,0.0249999999999998,0.0600607395172118
flat,0.825,0.7500000000000001,11,1,0.848739,0.9289215,2,0.07499999999999984,0.09873902797698964
flat,0.825,0.7500000000000001,11,1,0.848739,0.9289215,2,0.07499999999999984,0.09873902797698964
flat,0.8749999999999999,0.7500000000000001,12,1,0.8874174,1.0917987,2,0.12499999999999978,0.13741737604141224
flat,0.8749999999999999,0.7500000000000001,12,1,0.8874174,1.0917987,2,0.12499999999999978,0.13741737604141224
flat,0.9249999999999999,0.7500000000000001,13,1,0.92609566,1.2546761,2,0.17499999999999982,0.17609566450119007
flat,0.9249999999999999,0.7500000000000001,13,1,0.92609566,1.2546761,2,0.17499999999999982,0.17609566450119007
flat,0.975,0.7500000000000001,14,1,0.9559615,1.4058845,2,0.22499999999999987,0.20596152544021595
flat,0.975,0.7500000000000001,14,1,0.9559615,1.4058845,2,0.22499999999999987,0.20596152544021595
base,0.025000000000000022,0.5,0,0,0.12992968,-1.552753,2,-0.475,-0.37007032334804535
base,0.075,0.5,1,0,0.16941848,-1.3925569,2,-0.425,-0.33058151602745056
base,0.12500000000000003,0.5,2,0,0.20890728,-1.2323611,2,-0.375,-0.29109272360801697
base,0.17500000000000002,0.5,3,0,0.24839608,-1.0721648,2,-0.32499999999999996,-0.2516039162874222
base,0.225,0.5,4,0,0.28788486,-0.9119688,2,-0.275,-0.21211513876914978
base,0.275,0.5,5,0,0.32737368,-0.7517727,2,-0.22499999999999998,-0.1726263165473938
base,0.325,0.5,6,0,0.36686242,-0.59157676,2,-0.175,-0.13313758373260498
base,0.37500000000000006,0.5,7,0,0.40635127,-0.43138063,2,-0.12499999999999994,-0.09364873170852661
base,0.425,0.5,8,0,0.44584012,-0.27118456,2,-0.07500000000000001,-0.05415987968444824
base,0.475,0.5,9,0,0.48532885,-0.110988505,2,-0.025000000000000022,-0.014671146869659424
base,0.525,0.5,10,1,0.52481765,0.04920744,2,0.025000000000000022,0.02481764554977417
base,0.575,0.5,11,1,0.5643065,0.20940357,2,0.07499999999999996,0.06430649757385254
base,0.625,0.5,12,1,0.6037953,0.36959964,2,0.125,0.10379528999328613
base,0.675,0.5,13,1,0.6432841,0.5297958,2,0.17500000000000004,0.14328408241271973
base,0.7250000000000001,0.5,14,1,0.6827729,0.6899919,2,0.2250000000000001,0.18277287483215332
base,0.7749999999999999,0.5,15,1,0.7222617,0.8501877,2,0.2749999999999999,0.2222617268562317
base,0.825,0.5,16,1,0.76109105,1.0125653,2,0.32499999999999996,0.26109105348587036
base,0.8749999999999999,0.5,17,1,0.79976934,1.1754425,2,0.3749999999999999,0.2997693419456482
base,0.9249999999999999,0.5,18,1,0.8379864,1.3377092,2,0.42499999999999993,0.33798640966415405
base,0.975,0.5,19,1,0.86196464,1.4531791,2,0.475,0.3619646430015564
curv,0.025000000000000022,0.25,0,0,0.035489455,-1.4466403,2,-0.22499999999999998,-0.21451054513454437
curv,0.025000000000000022,0.25,0,0,0.035489455,-1.4466403,2,-0.22499999999999998,-0.21451054513454437
curv,0.075,0.25,1,0,0.07497828,-1.2864443,2,-0.175,-0.1750217229127884
curv,0.075,0.25,1,0,0.07497828,-1.2864443,2,-0.175,-0.1750217229127884
curv,0.12500000000000003,0.25,2,0,0.11446707,-1.1262482,2,-0.12499999999999997,-0.1355329304933548
curv,0.12500000000000003,0.25,2,0,0.11446707,-1.1262482,2,-0.12499999999999997,-0.1355329304933548
curv,0.17500000000000002,0.25,3,0,0.15395585,-0.9660522,2,-0.07499999999999998,-0.0960441529750824
curv,0.17500000000000002,0.25,3,0,0.15395585,-0.9660522,2,-0.07499999999999998,-0.0960441529750824
curv,0.225,0.25,4,0,0.19344464,-0.80585605,2,-0.024999999999999994,-0.056555360555648804
curv,0.225,0.25,4,0,0.19344464,-0.80585605,2,-0.024999999999999994,-0.056555360555648804
curv,0.275,0.25,5,1,0.23293346,-0.64566,2,0.025000000000000022,-0.017066538333892822
curv,0.325,0.25,6,1,0.27242228,-0.48546404,2,0.07500000000000001,0.02242228388786316
curv,0.37500000000000006,0.25,7,1,0.3119111,-0.3252679,2,0.12500000000000006,0.06191110610961914
curv,0.425,0.25,8,1,0.3513999,-0.16507185,2,0.175,0.10139989852905273
curv,0.475,0.25,9,1,0.3908887,-0.004875906,2,0.22499999999999998,0.14088869094848633
curv,0.525,0.25,10,1,0.43037745,0.15532017,2,0.275,0.18037745356559753
curv,0.575,0.25,11,1,0.46986628,0.31551623,2,0.32499999999999996,0.21986627578735352
curv,0.625,0.25,12,1,0.50935507,0.4757123,2,0.375,0.2593550682067871
curv,0.675,0.25,13,1,0.5488439,0.63590837,2,0.42500000000000004,0.2988439202308655
curv,0.7250000000000001,0.25,14,1,0.5883327,0.7961045,2,0.4750000000000001,0.3383327126502991
flat,0.275,0.7500000000000001,0,0,0.42181385,-0.85788536,2,-0.4750000000000001,-0.32818615436553966
flat,0.325,0.7500000000000001,1,0,0.46130264,-0.6976893,2,-0.4250000000000001,-0.28869736194610607
flat,0.37500000000000006,0.7500000000000001,2,0,0.50063455,-0.5369743,2,-0.37500000000000006,-0.2493654489517213
flat,0.425,0.7500000000000001,3,0,0.5393128,-0.3740968,2,-0.3250000000000001,-0.21068722009658825
flat,0.475,0.7500000000000001,4,0,0.57799107,-0.21121967,2,-0.27500000000000013,-0.1720089316368104
flat,0.525,0.7500000000000001,5,0,0.61666936,-0.048342414,2,-0.2250000000000001,-0.13333064317703258
flat,0.575,0.7500000000000001,6,0,0.6553477,0.114535026,2,-0.17500000000000016,-0.09465229511260997
flat,0.625,0.7500000000000001,7,0,0.69402593,0.27741224,2,-0.1250000000000001,-0.05597406625747692
flat,0.675,0.7500000000000001,8,0,0.7327042,0.44028956,2,-0.07500000000000007,-0.017295777797699086
flat,0.7250000000000001,0.7500000000000001,9,0,0.7713825,0.6031669,2,-0.025000000000000022,0.021382510662078746
flat,0.7749999999999999,0.7500000000000001,10,1,0.81006074,0.766044,2,0.0249999999999998,0.0600607395172118
flat,0.7749999999999999,0.7500000000000001,10,1,0.81006074,0.766044,2,0.0249999999999998,0.0600607395172118
flat,0.825,0.7500000000000001,11,1,0.848739,0.9289215,2,0.07499999999999984,0.09873902797698964
flat,0.825,0.7500000000000001,11,1,0.848739,0.9289215,2,0.07499999999999984,0.09873902797698964
flat,0.8749999999999999,0.7500000000000001,12,1,0.8874174,1.0917987,2,0.12499999999999978,0.13741737604141224
flat,0.8749999999999999,0.7500000000000001,12,1,0.8874174,1.0917987,2,0.12499999999999978,0.13741737604141224
flat,0.9249999999999999,0.7500000000000001,13,1,0.92609566,1.2546761,2,0.17499999999999982,0.17609566450119007
flat,0.9249999999999999,0.7500000000000001,13,1,0.92609566,1.2546761,2,0.17499999999999982,0.17609566450119007
flat,0.975,0.7500000000000001,14,1,0.9559615,1.4058845,2,0.22499999999999987,0.20596152544021595
flat,0.975,0.7500000000000001,14,1,0.9559615,1.4058845,2,0.22499999999999987,0.20596152544021595
base,0.025000000000000022,0.5,0,0,0.12992968,-1.552753,2,-0.475,-0.37007032334804535
base,0.075,0.5,1,0,0.16941848,-1.3925569,2,-0.425,-0.33058151602745056
base,0.12500000000000003,0.5,2,0,0.20890728,-1.2323611,2,-0.375,-0.29109272360801697
base,0.17500000000000002,0.5,3,0,0.24839608,-1.0721648,2,-0.32499999999999996,-0.2516039162874222
base,0.225,0.5,4,0,0.28788486,-0.9119688,2,-0.275,-0.21211513876914978
base,0.275,0.5,5,0,0.32737368,-0.7517727,2,-0.22499999999999998,-0.1726263165473938
base,0.325,0.5,6,0,0.36686242,-0.59157676,2,-0.175,-0.13313758373260498
base,0.37500000000000006,0.5,7,0,0.40635127,-0.43138063,2,-0.12499999999999994,-0.09364873170852661
base,0.425,0.5,8,0,0.44584012,-0.27118456,2,-0.07500000000000001,-0.05415987968444824
base,0.475,0.5,9,0,0.48532885,-0.110988505,2,-0.025000000000000022,-0.014671146869659424
base,0.525,0.5,10,1,0.52481765,0.04920744,2,0.025000000000000022,0.02481764554977417
base,0.575,0.5,11,1,0.5643065,0.20940357,2,0.07499999999999996,0.06430649757385254
base,0.625,0.5,12,1,0.6037953,0.36959964,2,0.125,0.10379528999328613
base,0.675,0.5,13,1,0.6432841,0.5297958,2,0.17500000000000004,0.14328408241271973
base,0.7250000000000001,0.5,14,1,0.6827729,0.6899919,2,0.2250000000000001,0.18277287483215332
base,0.7749999999999999,0.5,15,1,0.7222617,0.8501877,2,0.2749999999999999,0.2222617268562317
base,0.825,0.5,16,1,0.76109105,1.0125653,2,0.32499999999999996,0.26109105348587036
base,0.8749999999999999,0.5,17,1,0.79976934,1.1754425,2,0.3749999999999999,0.2997693419456482
base,0.9249999999999999,0.5,18,1,0.8379864,1.3377092,2,0.42499999999999993,0.33798640966415405
base,0.975,0.5,19,1,0.86196464,1.4531791,2,0.475,0.3619646430015564
curv,0.025000000000000022,0.25,0,0,0.035489455,-1.4466403,2,-0.22499999999999998,-0.21451054513454437
curv,0.025000000000000022,0.25,0,0,0.035489455,-1.4466403,2,-0.22499999999999998,-0.21451054513454437
curv,0.075,0.25,1,0,0.07497828,-1.2864443,2,-0.175,-0.1750217229127884
curv,0.075,0.25,1,0,0.07497828,-1.2864443,2,-0.175,-0.1750217229127884
curv,0.12500000000000003,0.25,2,0,0.11446707,-1.1262482,2,-0.12499999999999997,-0.1355329304933548
curv,0.12500000000000003,0.25,2,0,0.11446707,-1.1262482,2,-0.12499999999999997,-0.1355329304933548
curv,0.17500000000000002,0.25,3,0,0.15395585,-0.9660522,2,-0.07499999999999998,-0.0960441529750824
curv,0.17500000000000002,0.25,3,0,0.15395585,-0.9660522,2,-0.07499999999999998,-0.0960441529750824
curv,0.225,0.25,4,0,0.19344464,-0.80585605,2,-0.024999999999999994,-0.056555360555648804
curv,0.225,0.25,4,0,0.19344464,-0.80585605,2,-0.024999999999999994,-0.056555360555648804
curv,0.275,0.25,5,1,0.23293346,-0.64566,2,0.025000000000000022,-0.017066538333892822
curv,0.325,0.25,6,1,0.27242228,-0.48546404,2,0.07500000000000001,0.02242228388786316
curv,0.37500000000000006,0.25,7,1,0.3119111,-0.3252679,2,0.12500000000000006,0.06191110610961914
curv,0.425,0.25,8,1,0.3513999,-0.16507185,2,0.175,0.10139989852905273
curv,0.475,0.25,9,1,0.3908887,-0.004875906,2,0.22499999999999998,0.14088869094848633
curv,0.525,0.25,10,1,0.43037745,0.15532017,2,0.275,0.18037745356559753
curv,0.575,0.25,11,1,0.46986628,0.31551623,2,0.32499999999999996,0.21986627578735352
curv,0.625,0.25,12,1,0.50935507,0.4757123,2,0.375,0.2593550682067871
curv,0.675,0.25,13,1,0.5488439,0.63590837,2,0.42500000000000004,0.2988439202308655
curv,0.7250000000000001,0.25,14,1,0.5883327,0.7961045,2,0.4750000000000001,0.3383327126502991
flat,0.275,0.7500000000000001,0,0,0.42181385,-0.85788536,2,-0.4750000000000001,-0.32818615436553966
flat,0.325,0.7500000000000001,1,0,0.46130264,-0.6976893,2,-0.4250000000000001,-0.28869736194610607
flat,0.37500000000000006,0.7500000000000001,2,0,0.50063455,-0.5369743,2,-0.37500000000000006,-0.2493654489517213
flat,0.425,0.7500000000000001,3,0,0.5393128,-0.3740968,2,-0.3250000000000001,-0.21068722009658825
flat,0.475,0.7500000000000001,4,0,0.57799107,-0.21121967,2,-0.27500000000000013,-0.1720089316368104
flat,0.525,0.7500000000000001,5,0,0.61666936,-0.048342414,2,-0.2250000000000001,-0.13333064317703258
flat,0.575,0.7500000000000001,6,0,0.6553477,0.114535026,2,-0.17500000000000016,-0.09465229511260997
flat,0.625,0.7500000000000001,7,0,0.69402593,0.27741224,2,-0.1250000000000001,-0.05597406625747692
flat,0.675,0.7500000000000001,8,0,0.7327042,0.44028956,2,-0.07500000000000007,-0.017295777797699086
flat,0.7250000000000001,0.7500000000000001,9,0,0.7713825,0.6031669,2,-0.025000000000000022,0.021382510662078746
flat,0.7749999999999999,0.7500000000000001,10,1,0.81006074,0.766044,2,0.0249999999999998,0.0600607395172118
flat,0.7749999999999999,0.7500000000000001,10,1,0.81006074,0.766044,2,0.0249999999999998,0.0600607395172118
flat,0.825,0.7500000000000001,11,1,0.848739,0.9289215,2,0.07499999999999984,0.09873902797698964
flat,0.825,0.7500000000000001,11,1,0.848739,0.9289215,2,0.07499999999999984,0.09873902797698964
flat,0.8749999999999999,0.7500000000000001,12,1,0.8874174,1.0917987,2,0.12499999999999978,0.13741737604141224
flat,0.8749999999999999,0.7500000000000001,12,1,0.8874174,1.0917987,2,0.12499999999999978,0.13741737604141224
flat,0.9249999999999999,0.7500000000000001,13,1,0.92609566,1.2546761,2,0.17499999999999982,0.17609566450119007
flat,0.9249999999999999,0.7500000000000001,13,1,0.92609566,1.2546761,2,0.17499999999999982,0.17609566450119007
flat,0.975,0.7500000000000001,14,1,0.9559615,1.4058845,2,0.22499999999999987,0.20596152544021595
flat,0.975,0.7500000000000001,14,1,0.9559615,1.4058845,2,0.22499999999999987,0.20596152544021595
base,0.025000000000000022,0.5,0,0,0.14616719,-2.050601,3,-0.475,-0.35383281111717224
base,0.075,0.5,1,0,0.18832146,-1.8547161,3,-0.425,-0.31167854368686676
base,0.12500000000000003,0.5,2,0,0.22834525,-1.6410502,3,-0.375,-0.27165475487709045
base,0.17500000000000002,0.5,3,0,0.26796126,-1.4253199,3,-0.32499999999999996,-0.2320387363433838
base,0.225,0.5,4,0,0.3075773,-1.2095896,3,-0.275,-0.19242268800735474
base,0.275,0.5,5,0,0.34719336,-0.9938593,3,-0.22499999999999998,-0.15280663967132568
base,0.325,0.5,6,0,0.3868094,-0.778129,3,-0.175,-0.11319059133529663
base,0.37500000000000006,0.5,7,0,0.4264254,-0.56239855,3,-0.12499999999999994,-0.07357460260391235
base,0.425,0.5,8,0,0.4660415,-0.34666824,3,-0.07500000000000001,-0.033958494663238525
base,0.475,0.5,9,0,0.50565755,-0.13093813,3,-0.025000000000000022,0.005657553672790527
base,0.525,0.5,10,1,0.54527354,0.08479211,3,0.025000000000000022,0.045273542404174805
base,0.575,0.5,11,1,0.58488953,0.30052254,3,0.07499999999999996,0.08488953113555908
base,0.625,0.5,12,1,0.6245057,0.5162529,3,0.125,0.12450569868087769
base,0.675,0.5,13,1,0.66412175,0.7319832,3,0.17500000000000004,0.16412174701690674
base,0.7250000000000001,0.5,14,1,0.70373774,0.9477136,3,0.2250000000000001,0.20373773574829102
base,0.7749999999999999,0.5,15,1,0.7433538,1.1634436,3,0.2749999999999999,0.24335378408432007
base,0.825,0.5,16,1,0.7829698,1.379174,3,0.32499999999999996,0.28296977281570435
base,0.8749999999999999,0.5,17,1,0.8225859,1.5949044,3,0.3749999999999999,0.3225858807563782
base,0.9249999999999999,0.5,18,1,0.85712475,1.7875688,3,0.42499999999999993,0.3571247458457947
base,0.975,0.5,19,1,0.87498045,1.9164577,3,0.475,0.37498044967651367
curv,0.025000000000000022,0.25,0,0,0.0725398,-1.9214221,3,-0.22499999999999998,-0.1774602010846138
curv,0.025000000000000022,0.25,0,0,0.0725398,-1.9214221,3,-0.22499999999999998,-0.1774602010846138
curv,0.075,0.25,1,0,0.11215585,-1.7056917,3,-0.175,-0.13784415274858475
curv,0.075,0.25,1,0,0.11215585,-1.7056917,3,-0.175,-0.13784415274858475
curv,0.12500000000000003,0.25,2,0,0.15177186,-1.4899614,3,-0.12499999999999997,-0.09822814166545868
curv,0.12500000000000003,0.25,2,0,0.15177186,-1.4899614,3,-0.12499999999999997,-0.09822814166545868
curv,0.17500000000000002,0.25,3,0,0.19138789,-1.2742312,3,-0.07499999999999998,-0.05861210823059082
curv,0.17500000000000002,0.25,3,0,0.19138789,-1.2742312,3,-0.07499999999999998,-0.05861210823059082
curv,0.225,0.25,4,0,0.23100394,-1.0585008,3,-0.024999999999999994,-0.018996059894561768
curv,0.225,0.25,4,0,0.23100394,-1.0585008,3,-0.024999999999999994,-0.018996059894561768
curv,0.275,0.25,5,1,0.27062,-0.84277046,3,0.025000000000000022,0.020619988441467285
curv,0.325,0.25,6,1,0.31023604,-0.62704015,3,0.07500000000000001,0.06023603677749634
curv,0.37500000000000006,0.25,7,1,0.3498521,-0.41130984,3,0.12500000000000006,0.09985208511352539
curv,0.425,0.25,8,1,0.38946813,-0.1955795,3,0.175,0.13946813344955444
curv,0.475,0.25,9,1,0.42908418,0.020150632,3,0.22499999999999998,0.1790841817855835
curv,0.525,0.25,10,1,0.46870023,0.23588094,3,0.275,0.21870023012161255
curv,0.575,0.25,11,1,0.5083162,0.4516113,3,0.32499999999999996,0.2583162188529968
curv,0.625,0.25,12,1,0.5479324,0.6673417,3,0.375,0.29793238639831543
curv,0.675,0.25,13,1,0.5875483,0.8830719,3,0.42500000000000004,0.33754831552505493
curv,0.7250000000000001,0.25,14,1,0.62716436,1.0988023,3,0.4750000000000001,0.377164363861084
flat,0.275,0.7500000000000001,0,0,0.4232794,-1.131797,3,-0.4750000000000001,-0.32672059535980236
flat,0.325,0.7500000000000001,1,0,0.46338272,-0.9292178,3,-0.4250000000000001,-0.2866172790527345
flat,0.37500000000000006,0.7500000000000001,2,0,0.5029988,-0.7134873,3,-0.37500000000000006,-0.24700117111206066
flat,0.425,0.7500000000000001,3,0,0.5426149,-0.49775708,3,-0.3250000000000001,-0.2073851227760316
flat,0.475,0.7500000000000001,4,0,0.5822309,-0.2820269,3,-0.27500000000000013,-0.16776907444000255
flat,0.525,0.7500000000000001,5,0,0.62184685,-0.06629673,3,-0.2250000000000001,-0.12815314531326305
flat,0.575,0.7500000000000001,6,0,0.6614629,0.1494337,3,-0.17500000000000016,-0.088537096977234
flat,0.625,0.7500000000000001,7,0,0.701079,0.3651642,3,-0.1250000000000001,-0.04892098903656017
flat,0.675,0.7500000000000001,8,0,0.74069506,0.5808946,3,-0.07500000000000007,-0.009304940700531117
flat,0.7250000000000001,0.7500000000000001,9,0,0.7803111,0.7966249,3,-0.025000000000000022,0.030311107635497936
flat,0.7749999999999999,0.7500000000000001,10,1,0.8199271,1.0123547,3,0.0249999999999998,0.06992709636688221
flat,0.7749999999999999,0.7500000000000001,10,1,0.8199271,1.0123547,3,0.0249999999999998,0.06992709636688221
flat,0.825,0.7500000000000001,11,1,0.85954314,1.2280852,3,0.07499999999999984,0.10954314470291127
flat,0.825,0.7500000000000001,11,1,0.85954314,1.2280852,3,0.07499999999999984,0.10954314470291127
flat,0.8749999999999999,0.7500000000000001,12,1,0.89915925,1.4438156,3,0.12499999999999978,0.1491592526435851
flat,0.8749999999999999,0.7500000000000001,12,1,0.89915925,1.4438156,3,0.12499999999999978,0.1491592526435851
flat,0.9249999999999999,0.7500000000000001,13,1,0.93643796,1.6489275,3,0.17499999999999982,0.18643796443939198
flat,0.9249999999999999,0.7500000000000001,13,1,0.93643796,1.6489275,3,0.17499999999999982,0.18643796443939198
flat,0.975,0.7500000000000001,14,1,0.9567187,1.785713,3,0.22499999999999987,0.20671868324279774
flat,0.975,0.7500000000000001,14,1,0.9567187,1.785713,3,0.22499999999999987,0.20671868324279774
base,0.025000000000000022,0.5,0,0,0.14616719,-2.050601,3,-0.475,-0.35383281111717224
base,0.075,0.5,1,0,0.18832146,-1.8547161,3,-0.425,-0.31167854368686676
base,0.12500000000000003,0.5,2,0,0.22834525,-1.6410502,3,-0.375,-0.27165475487709045
base,0.17500000000000002,0.5,3,0,0.26796126,-1.4253199,3,-0.32499999999999996,-0.2320387363433838
base,0.225,0.5,4,0,0.3075773,-1.2095896,3,-0.275,-0.19242268800735474
base,0.275,0.5,5,0,0.34719336,-0.9938593,3,-0.22499999999999998,-0.15280663967132568
base,0.325,0.5,6,0,0.3868094,-0.778129,3,-0.175,-0.11319059133529663
base,0.37500000000000006,0.5,7,0,0.4264254,-0.56239855,3,-0.12499999999999994,-0.07357460260391235
base,0.425,0.5,8,0,0.4660415,-0.34666824,3,-0.07500000000000001,-0.033958494663238525
base,0.475,0.5,9,0,0.50565755,-0.13093813,3,-0.025000000000000022,0.005657553672790527
base,0.525,0.5,10,1,0.54527354,0.08479211,3,0.025000000000000022,0.045273542404174805
base,0.575,0.5,11,1,0.58488953,0.30052254,3,0.07499999999999996,0.08488953113555908
base,0.625,0.5,12,1,0.6245057,0.5162529,3,0.125,0.12450569868087769
base,0.675,0.5,13,1,0.66412175,0.7319832,3,0.17500000000000004,0.16412174701690674
base,0.7250000000000001,0.5,14,1,0.70373774,0.9477136,3,0.2250000000000001,0.20373773574829102
base,0.7749999999999999,0.5,15,1,0.7433538,1.1634436,3,0.2749999999999999,0.24335378408432007
base,0.825,0.5,16,1,0.7829698,1.379174,3,0.32499999999999996,0.28296977281570435
base,0.8749999999999999,0.5,17,1,0.8225859,1.5949044,3,0.3749999999999999,0.3225858807563782
base,0.9249999999999999,0.5,18,1,0.85712475,1.7875688,3,0.42499999999999993,0.3571247458457947
base,0.975,0.5,19,1,0.87498045,1.9164577,3,0.475,0.37498044967651367
curv,0.025000000000000022,0.25,0,0,0.0725398,-1.9214221,3,-0.22499999999999998,-0.1774602010846138
curv,0.025000000000000022,0.25,0,0,0.0725398,-1.9214221,3,-0.22499999999999998,-0.1774602010846138
curv,0.075,0.25,1,0,0.11215585,-1.7056917,3,-0.175,-0.13784415274858475
curv,0.075,0.25,1,0,0.11215585,-1.7056917,3,-0.175,-0.13784415274858475
curv,0.12500000000000003,0.25,2,0,0.15177186,-1.4899614,3,-0.12499999999999997,-0.09822814166545868
curv,0.12500000000000003,0.25,2,0,0.15177186,-1.4899614,3,-0.12499999999999997,-0.09822814166545868
curv,0.17500000000000002,0.25,3,0,0.19138789,-1.2742312,3,-0.07499999999999998,-0.05861210823059082
curv,0.17500000000000002,0.25,3,0,0.19138789,-1.2742312,3,-0.07499999999999998,-0.05861210823059082
curv,0.225,0.25,4,0,0.23100394,-1.0585008,3,-0.024999999999999994,-0.018996059894561768
curv,0.225,0.25,4,0,0.23100394,-1.0585008,3,-0.024999999999999994,-0.018996059894561768
curv,0.275,0.25,5,1,0.27062,-0.84277046,3,0.025000000000000022,0.020619988441467285
curv,0.325,0.25,6,1,0.31023604,-0.62704015,3,0.07500000000000001,0.06023603677749634
curv,0.37500000000000006,0.25,7,1,0.3498521,-0.41130984,3,0.12500000000000006,0.09985208511352539
curv,0.425,0.25,8,1,0.38946813,-0.1955795,3,0.175,0.13946813344955444
curv,0.475,0.25,9,1,0.42908418,0.020150632,3,0.22499999999999998,0.1790841817855835
curv,0.525,0.25,10,1,0.46870023,0.23588094,3,0.275,0.21870023012161255
curv,0.575,0.25,11,1,0.5083162,0.4516113,3,0.32499999999999996,0.2583162188529968
curv,0.625,0.25,12,1,0.5479324,0.6673417,3,0.375,0.29793238639831543
curv,0.675,0.25,13,1,0.5875483,0.8830719,3,0.42500000000000004,0.33754831552505493
curv,0.7250000000000001,0.25,14,1,0.62716436,1.0988023,3,0.4750000000000001,0.377164363861084
flat,0.275,0.7500000000000001,0,0,0.4232794,-1.131797,3,-0.4750000000000001,-0.32672059535980236
flat,0.325,0.7500000000000001,1,0,0.46338272,-0.9292178,3,-0.4250000000000001,-0.2866172790527345
flat,0.37500000000000006,0.7500000000000001,2,0,0.5029988,-0.7134873,3,-0.37500000000000006,-0.24700117111206066
flat,0.425,0.7500000000000001,3,0,0.5426149,-0.49775708,3,-0.3250000000000001,-0.2073851227760316
flat,0.475,0.7500000000000001,4,0,0.5822309,-0.2820269,3,-0.27500000000000013,-0.16776907444000255
flat,0.525,0.7500000000000001,5,0,0.62184685,-0.06629673,3,-0.2250000000000001,-0.12815314531326305
flat,0.575,0.7500000000000001,6,0,0.6614629,0.1494337,3,-0.17500000000000016,-0.088537096977234
flat,0.625,0.7500000000000001,7,0,0.701079,0.3651642,3,-0.1250000000000001,-0.04892098903656017
flat,0.675,0.7500000000000001,8,0,0.74069506,0.5808946,3,-0.07500000000000007,-0.009304940700531117
flat,0.7250000000000001,0.7500000000000001,9,0,0.7803111,0.7966249,3,-0.025000000000000022,0.030311107635497936
flat,0.7749999999999999,0.7500000000000001,10,1,0.8199271,1.0123547,3,0.0249999999999998,0.06992709636688221
flat,0.7749999999999999,0.7500000000000001,10,1,0.8199271,1.0123547,3,0.0249999999999998,0.06992709636688221
flat,0.825,0.7500000000000001,11,1,0.85954314,1.2280852,3,0.07499999999999984,0.10954314470291127
flat,0.825,0.7500000000000001,11,1,0.85954314,1.2280852,3,0.07499999999999984,0.10954314470291127
flat,0.8749999999999999,0.7500000000000001,12,1,0.89915925,1.4438156,3,0.12499999999999978,0.1491592526435851
flat,0.8749999999999999,0.7500000000000001,12,1,0.89915925,1.4438156,3,0.12499999999999978,0.1491592526435851
flat,0.9249999999999999,0.7500000000000001,13,1,0.93643796,1.6489275,3,0.17499999999999982,0.18643796443939198
flat,0.9249999999999999,0.7500000000000001,13,1,0.93643796,1.6489275,3,0.17499999999999982,0.18643796443939198
flat,0.975,0.7500000000000001,14,1,0.9567187,1.785713,3,0.22499999999999987,0.20671868324279774
flat,0.975,0.7500000000000001,14,1,0.9567187,1.785713,3,0.22499999999999987,0.20671868324279774
base,0.025000000000000022,0.5,0,0,0.14616719,-2.050601,3,-0.475,-0.35383281111717224
base,0.075,0.5,1,0,0.18832146,-1.8547161,3,-0.425,-0.31167854368686676
base,0.12500000000000003,0.5,2,0,0.22834525,-1.6410502,3,-0.375,-0.27165475487709045
base,0.17500000000000002,0.5,3,0,0.26796126,-1.4253199,3,-0.32499999999999996,-0.2320387363433838
base,0.225,0.5,4,0,0.3075773,-1.2095896,3,-0.275,-0.19242268800735474
base,0.275,0.5,5,0,0.34719336,-0.9938593,3,-0.22499999999999998,-0.15280663967132568
base,0.325,0.5,6,0,0.3868094,-0.778129,3,-0.175,-0.11319059133529663
base,0.37500000000000006,0.5,7,0,0.4264254,-0.56239855,3,-0.12499999999999994,-0.07357460260391235
base,0.425,0.5,8,0,0.4660415,-0.34666824,3,-0.07500000000000001,-0.033958494663238525
base,0.475,0.5,9,0,0.50565755,-0.13093813,3,-0.025000000000000022,0.005657553672790527
base,0.525,0.5,10,1,0.54527354,0.08479211,3,0.025000000000000022,0.045273542404174805
base,0.575,0.5,11,1,0.58488953,0.30052254,3,0.07499999999999996,0.08488953113555908
base,0.625,0.5,12,1,0.6245057,0.5162529,3,0.125,0.12450569868087769
base,0.675,0.5,13,1,0.66412175,0.7319832,3,0.17500000000000004,0.16412174701690674
base,0.7250000000000001,0.5,14,1,0.70373774,0.9477136,3,0.2250000000000001,0.20373773574829102
base,0.7749999999999999,0.5,15,1,0.7433538,1.1634436,3,0.2749999999999999,0.24335378408432007
base,0.825,0.5,16,1,0.7829698,1.379174,3,0.32499999999999996,0.28296977281570435
base,0.8749999999999999,0.5,17,1,0.8225859,1.5949044,3,0.3749999999999999,0.3225858807563782
base,0.9249999999999999,0.5,18,1,0.85712475,1.7875688,3,0.42499999999999993,0.3571247458457947
base,0.975,0.5,19,1,0.87498045,1.9164577,3,0.475,0.37498044967651367
curv,0.025000000000000022,0.25,0,0,0.0725398,-1.9214221,3,-0.22499999999999998,-0.1774602010846138
curv,0.025000000000000022,0.25,0,0,0.0725398,-1.9214221,3,-0.22499999999999998,-0.1774602010846138
curv,0.075,0.25,1,0,0.11215585,-1.7056917,3,-0.175,-0.13784415274858475
curv,0.075,0.25,1,0,0.11215585,-1.7056917,3,-0.175,-0.13784415274858475
curv,0.12500000000000003,0.25,2,0,0.15177186,-1.4899614,3,-0.12499999999999997,-0.09822814166545868
curv,0.12500000000000003,0.25,2,0,0.15177186,-1.4899614,3,-0.12499999999999997,-0.09822814166545868
curv,0.17500000000000002,0.25,3,0,0.19138789,-1.2742312,3,-0.07499999999999998,-0.05861210823059082
curv,0.17500000000000002,0.25,3,0,0.19138789,-1.2742312,3,-0.07499999999999998,-0.05861210823059082
curv,0.225,0.25,4,0,0.23100394,-1.0585008,3,-0.024999999999999994,-0.018996059894561768
curv,0.225,0.25,4,0,0.23100394,-1.0585008,3,-0.024999999999999994,-0.018996059894561768
curv,0.275,0.25,5,1,0.27062,-0.84277046,3,0.025000000000000022,0.020619988441467285
curv,0.325,0.25,6,1,0.31023604,-0.62704015,3,0.07500000000000001,0.06023603677749634
curv,0.37500000000000006,0.25,7,1,0.3498521,-0.41130984,3,0.12500000000000006,0.09985208511352539
curv,0.425,0.25,8,1,0.38946813,-0.1955795,3,0.175,0.13946813344955444
curv,0.475,0.25,9,1,0.42908418,0.020150632,3,0.22499999999999998,0.1790841817855835
curv,0.525,0.25,10,1,0.46870023,0.23588094,3,0.275,0.21870023012161255
curv,0.575,0.25,11,1,0.5083162,0.4516113,3,0.32499999999999996,0.2583162188529968
curv,0.625,0.25,12,1,0.5479324,0.6673417,3,0.375,0.29793238639831543
curv,0.675,0.25,13,1,0.5875483,0.8830719,3,0.42500000000000004,0.33754831552505493
curv,0.7250000000000001,0.25,14,1,0.62716436,1.0988023,3,0.4750000000000001,0.377164363861084
flat,0.275,0.7500000000000001,0,0,0.4232794,-1.131797,3,-0.4750000000000001,-0.32672059535980236
flat,0.325,0.7500000000000001,1,0,0.46338272,-0.9292178,3,-0.4250000000000001,-0.2866172790527345
flat,0.37500000000000006,0.7500000000000001,2,0,0.5029988,-0.7134873,3,-0.37500000000000006,-0.24700117111206066
flat,0.425,0.7500000000000001,3,0,0.5426149,-0.49775708,3,-0.3250000000000001,-0.2073851227760316
flat,0.475,0.7500000000000001,4,0,0.5822309,-0.2820269,3,-0.27500000000000013,-0.16776907444000255
flat,0.525,0.7500000000000001,5,0,0.62184685,-0.06629673,3,-0.2250000000000001,-0.12815314531326305
flat,0.575,0.7500000000000001,6,0,0.6614629,0.1494337,3,-0.17500000000000016,-0.088537096977234
flat,0.625,0.7500000000000001,7,0,0.701079,0.3651642,3,-0.1250000000000001,-0.04892098903656017
flat,0.675,0.7500000000000001,8,0,0.74069506,0.5808946,3,-0.07500000000000007,-0.009304940700531117
flat,0.7250000000000001,0.7500000000000001,9,0,0.7803111,0.7966249,3,-0.025000000000000022,0.030311107635497936
flat,0.7749999999999999,0.7500000000000001,10,1,0.8199271,1.0123547,3,0.0249999999999998,0.06992709636688221
flat,0.7749999999999999,0.7500000000000001,10,1,0.8199271,1.0123547,3,0.0249999999999998,0.06992709636688221
flat,0.825,0.7500000000000001,11,1,0.85954314,1.2280852,3,0.07499999999999984,0.10954314470291127
flat,0.825,0.7500000000000001,11,1,0.85954314,1.2280852,3,0.07499999999999984,0.10954314470291127
flat,0.8749999999999999,0.7500000000000001,12,1,0.89915925,1.4438156,3,0.12499999999999978,0.1491592526435851
flat,0.8749999999999999,0.7500000000000001,12,1,0.89915925,1.4438156,3,0.12499999999999978,0.1491592526435851
flat,0.9249999999999999,0.7500000000000001,13,1,0.93643796,1.6489275,3,0.17499999999999982,0.18643796443939198
flat,0.9249999999999999,0.7500000000000001,13,1,0.93643796,1.6489275,3,0.17499999999999982,0.18643796443939198
flat,0.975,0.7500000000000001,14,1,0.9567187,1.785713,3,0.22499999999999987,0.20671868324279774
flat,0.975,0.7500000000000001,14,1,0.9567187,1.785713,3,0.22499999999999987,0.20671868324279774
base,0.025000000000000022,0.5,0,0,0.14616719,-2.050601,3,-0.475,-0.35383281111717224
base,0.075,0.5,1,0,0.18832146,-1.8547161,3,-0.425,-0.31167854368686676
base,0.12500000000000003,0.5,2,0,0.22834525,-1.6410502,3,-0.375,-0.27165475487709045
base,0.17500000000000002,0.5,3,0,0.26796126,-1.4253199,3,-0.32499999999999996,-0.2320387363433838
base,0.225,0.5,4,0,0.3075773,-1.2095896,3,-0.275,-0.19242268800735474
base,0.275,0.5,5,0,0.34719336,-0.9938593,3,-0.22499999999999998,-0.15280663967132568
base,0.325,0.5,6,0,0.3868094,-0.778129,3,-0.175,-0.11319059133529663
base,0.37500000000000006,0.5,7,0,0.4264254,-0.56239855,3,-0.12499999999999994,-0.07357460260391235
base,0.425,0.5,8,0,0.4660415,-0.34666824,3,-0.07500000000000001,-0.033958494663238525
base,0.475,0.5,9,0,0.50565755,-0.13093813,3,-0.025000000000000022,0.005657553672790527
base,0.525,0.5,10,1,0.54527354,0.08479211,3,0.025000000000000022,0.045273542404174805
base,0.575,0.5,11,1,0.58488953,0.30052254,3,0.07499999999999996,0.08488953113555908
base,0.625,0.5,12,1,0.6245057,0.5162529,3,0.125,0.12450569868087769
base,0.675,0.5,13,1,0.66412175,0.7319832,3,0.17500000000000004,0.16412174701690674
base,0.7250000000000001,0.5,14,1,0.70373774,0.9477136,3,0.2250000000000001,0.20373773574829102
base,0.7749999999999999,0.5,15,1,0.7433538,1.1634436,3,0.2749999999999999,0.24335378408432007
base,0.825,0.5,16,1,0.7829698,1.379174,3,0.32499999999999996,0.28296977281570435
base,0.8749999999999999,0.5,17,1,0.8225859,1.5949044,3,0.3749999999999999,0.3225858807563782
base,0.9249999999999999,0.5,18,1,0.85712475,1.7875688,3,0.42499999999999993,0.3571247458457947
base,0.975,0.5,19,1,0.87498045,1.9164577,3,0.475,0.37498044967651367
curv,0.025000000000000022,0.25,0,0,0.0725398,-1.9214221,3,-0.22499999999999998,-0.1774602010846138
curv,0.025000000000000022,0.25,0,0,0.0725398,-1.9214221,3,-0.22499999999999998,-0.1774602010846138
curv,0.075,0.25,1,0,0.11215585,-1.7056917,3,-0.175,-0.13784415274858475
curv,0.075,0.25,1,0,0.11215585,-1.7056917,3,-0.175,-0.13784415274858475
curv,0.12500000000000003,0.25,2,0,0.15177186,-1.4899614,3,-0.12499999999999997,-0.09822814166545868
curv,0.12500000000000003,0.25,2,0,0.15177186,-1.4899614,3,-0.12499999999999997,-0.09822814166545868
curv,0.17500000000000002,0.25,3,0,0.19138789,-1.2742312,3,-0.07499999999999998,-0.05861210823059082
curv,0.17500000000000002,0.25,3,0,0.19138789,-1.2742312,3,-0.07499999999999998,-0.05861210823059082
curv,0.225,0.25,4,0,0.23100394,-1.0585008,3,-0.024999999999999994,-0.018996059894561768
curv,0.225,0.25,4,0,0.23100394,-1.0585008,3,-0.024999999999999994,-0.018996059894561768
curv,0.275,0.25,5,1,0.27062,-0.84277046,3,0.025000000000000022,0.020619988441467285
curv,0.325,0.25,6,1,0.31023604,-0.62704015,3,0.07500000000000001,0.06023603677749634
curv,0.37500000000000006,0.25,7,1,0.3498521,-0.41130984,3,0.12500000000000006,0.09985208511352539
curv,0.425,0.25,8,1,0.38946813,-0.1955795,3,0.175,0.13946813344955444
curv,0.475,0.25,9,1,0.42908418,0.020150632,3,0.22499999999999998,0.1790841817855835
curv,0.525,0.25,10,1,0.46870023,0.23588094,3,0.275,0.21870023012161255
curv,0.575,0.25,11,1,0.5083162,0.4516113,3,0.32499999999999996,0.2583162188529968
curv,0.625,0.25,12,1,0.5479324,0.6673417,3,0.375,0.29793238639831543
curv,0.675,0.25,13,1,0.5875483,0.8830719,3,0.42500000000000004,0.33754831552505493
curv,0.7250000000000001,0.25,14,1,0.62716436,1.0988023,3,0.4750000000000001,0.377164363861084
flat,0.275,0.7500000000000001,0,0,0.4232794,-1.131797,3,-0.4750000000000001,-0.32672059535980236
flat,0.325,0.7500000000000001,1,0,0.46338272,-0.9292178,3,-0.4250000000000001,-0.2866172790527345
flat,0.37500000000000006,0.7500000000000001,2,0,0.5029988,-0.7134873,3,-0.37500000000000006,-0.24700117111206066
flat,0.425,0.7500000000000001,3,0,0.5426149,-0.49775708,3,-0.3250000000000001,-0.2073851227760316
flat,0.475,0.7500000000000001,4,0,0.5822309,-0.2820269,3,-0.27500000000000013,-0.16776907444000255
flat,0.525,0.7500000000000001,5,0,0.62184685,-0.06629673,3,-0.2250000000000001,-0.12815314531326305
flat,0.575,0.7500000000000001,6,0,0.6614629,0.1494337,3,-0.17500000000000016,-0.088537096977234
flat,0.625,0.7500000000000001,7,0,0.701079,0.3651642,3,-0.1250000000000001,-0.04892098903656017
flat,0.675,0.7500000000000001,8,0,0.74069506,0.5808946,3,-0.07500000000000007,-0.009304940700531117
flat,0.7250000000000001,0.7500000000000001,9,0,0.7803111,0.7966249,3,-0.025000000000000022,0.030311107635497936
flat,0.7749999999999999,0.7500000000000001,10,1,0.8199271,1.0123547,3,0.0249999999999998,0.06992709636688221
flat,0.7749999999999999,0.7500000000000001,10,1,0.8199271,1.0123547,3,0.0249999999999998,0.06992709636688221
flat,0.825,0.7500000000000001,11,1,0.85954314,1.2280852,3,0.07499999999999984,0.10954314470291127
flat,0.825,0.7500000000000001,11,1,0.85954314,1.2280852,3,0.07499999999999984,0.10954314470291127
flat,0.8749999999999999,0.7500000000000001,12,1,0.89915925,1.4438156,3,0.12499999999999978,0.1491592526435851
flat,0.8749999999999999,0.7500000000000001,12,1,0.89915925,1.4438156,3,0.12499999999999978,0.1491592526435851
flat,0.9249999999999999,0.7500000000000001,13,1,0.93643796,1.6489275,3,0.17499999999999982,0.18643796443939198
flat,0.9249999999999999,0.7500000000000001,13,1,0.93643796,1.6489275,3,0.17499999999999982,0.18643796443939198
flat,0.975,0.7500000000000001,14,1,0.9567187,1.785713,3,0.22499999999999987,0.20671868324279774
flat,0.975,0.7500000000000001,14,1,0.9567187,1.785713,3,0.22499999999999987,0.20671868324279774
base,0.025000000000000022,0.5,0,0,0.0862049,-0.64653987,4,-0.475,-0.4137950986623764
base,0.075,0.5,1,0,0.12403868,-0.5865914,4,-0.425,-0.3759613186120987
base,0.12500000000000003,0.5,2,0,0.16187249,-0.5266429,4,-0.375,-0.3381275087594986
base,0.17500000000000002,0.5,3,0,0.1997063,-0.46669444,4,-0.32499999999999996,-0.3002936989068985
base,0.225,0.5,4,0,0.23867746,-0.39009807,4,-0.275,-0.2613225430250168
base,0.275,0.5,5,0,0.27964914,-0.28421977,4,-0.22499999999999998,-0.22035086154937744
base,0.325,0.5,6,0,0.32062083,-0.1783416,4,-0.175,-0.1793791651725769
base,0.37500000000000006,0.5,7,0,0.36159247,-0.07246333,4,-0.12499999999999994,-0.13840752840042114
base,0.425,0.5,8,0,0.40256417,0.0334149,4,-0.07500000000000001,-0.0974358320236206
base,0.475,0.5,9,0,0.4435358,0.13929313,4,-0.025000000000000022,-0.056464195251464844
base,0.525,0.5,10,1,0.4845075,0.24517137,4,0.025000000000000022,-0.015492498874664307
base,0.575,0.5,11,1,0.5254792,0.35104972,4,0.07499999999999996,0.02547919750213623
base,0.625,0.5,12,1,0.56645083,0.45692796,4,0.125,0.06645083427429199
base,0.675,0.5,13,1,0.60742253,0.5628062,4,0.17500000000000004,0.10742253065109253
base,0.7250000000000001,0.5,14,1,0.6483942,0.6686844,4,0.2250000000000001,0.14839422702789307
base,0.7749999999999999,0.5,15,1,0.68936586,0.77456254,4,0.2749999999999999,0.18936586380004883
base,0.825,0.5,16,1,0.72919613,0.87392896,4,0.32499999999999996,0.22919613122940063
base,0.8749999999999999,0.5,17,1,0.7711095,0.9672263,4,0.3749999999999999,0.27110952138900757
base,0.9249999999999999,0.5,18,1,0.81302303,1.060524,4,0.42499999999999993,0.31302303075790405
base,0.975,0.5,19,1,0.85493654,1.1538215,4,0.475,0.35493654012680054
curv,0.025000000000000022,0.25,0,0,0.058640406,-0.6772069,4,-0.22499999999999998,-0.19135959446430206
curv,0.025000000000000022,0.25,0,0,0.058640406,-0.6772069,4,-0.22499999999999998,-0.19135959446430206
curv,0.075,0.25,1,0,0.096474215,-0.61725837,4,-0.175,-0.15352578461170197
curv,0.075,0.25,1,0,0.096474215,-0.61725837,4,-0.175,-0.15352578461170197
curv,0.12500000000000003,0.25,2,0,0.13732663,-0.5131258,4,-0.12499999999999997,-0.11267337203025818
curv,0.12500000000000003,0.25,2,0,0.13732663,-0.5131258,4,-0.12499999999999997,-0.11267337203025818
curv,0.17500000000000002,0.25,3,0,0.1782983,-0.40724754,4,-0.07499999999999998,-0.07170170545578003
curv,0.17500000000000002,0.25,3,0,0.1782983,-0.40724754,4,-0.07499999999999998,-0.07170170545578003
curv,0.225,0.25,4,0,0.21927,-0.30136925,4,-0.024999999999999994,-0.0307299941778183
curv,0.225,0.25,4,0,0.21927,-0.30136925,4,-0.024999999999999994,-0.0307299941778183
curv,0.275,0.25,5,1,0.26024163,-0.19549102,4,0.025000000000000022,0.01024162769317627
curv,0.325,0.25,6,1,0.30121332,-0.08961281,4,0.07500000000000001,0.05121332406997681
curv,0.37500000000000006,0.25,7,1,0.34218502,0.016265452,4,0.12500000000000006,0.09218502044677734
curv,0.425,0.25,8,1,0.38315666,0.122143626,4,0.175,0.1331566572189331
curv,0.475,0.25,9,1,0.42412835,0.22802186,4,0.22499999999999998,0.17412835359573364
curv,0.525,0.25,10,1,0.4651,0.33390003,4,0.275,0.2150999903678894
curv,0.575,0.25,11,1,0.5060717,0.4397784,4,0.32499999999999996,0.25607168674468994
curv,0.625,0.25,12,1,0.5470434,0.5456566,4,0.375,0.2970433831214905
curv,0.675,0.25,13,1,0.588015,0.65153486,4,0.42500000000000004,0.33801501989364624
curv,0.7250000000000001,0.25,14,1,0.6289868,0.7574131,4,0.4750000000000001,0.37898677587509155
flat,0.275,0.7500000000000001,0,0,0.3029384,-0.31613052,4,-0.4750000000000001,-0.44706159830093395
flat,0.325,0.7500000000000001,1,0,0.34077215,-0.2561821,4,-0.4250000000000001,-0.4092278480529786
flat,0.37500000000000006,0.7500000000000001,2,0,0.38099992,-0.16119209,4,-0.37500000000000006,-0.36900007724761974
flat,0.425,0.7500000000000001,3,0,0.42197162,-0.055313885,4,-0.3250000000000001,-0.3280283808708192
flat,0.475,0.7500000000000001,4,0,0.46294326,0.05056441,4,-0.27500000000000013,-0.28705674409866344
flat,0.525,0.7500000000000001,5,0,0.5039149,0.15644258,4,-0.2250000000000001,-0.24608510732650768
flat,0.575,0.7500000000000001,6,0,0.54488665,0.26232094,4,-0.17500000000000016,-0.20511335134506237
flat,0.625,0.7500000000000001,7,0,0.5858584,0.36819917,4,-0.1250000000000001,-0.16414159536361705
flat,0.675,0.7500000000000001,8,0,0.6256331,0.47066396,4,-0.07500000000000007,-0.12436687946319591
flat,0.7250000000000001,0.7500000000000001,9,0,0.6645352,0.57063955,4,-0.025000000000000022,-0.08546477556228649
flat,0.7749999999999999,0.7500000000000001,10,1,0.70343715,0.67061514,4,0.0249999999999998,-0.04656285047531139
flat,0.7749999999999999,0.7500000000000001,10,1,0.70343715,0.67061514,4,0.0249999999999998,-0.04656285047531139
flat,0.825,0.7500000000000001,11,1,0.7423392,0.7705907,4,0.07499999999999984,-0.007660806179046742
flat,0.825,0.7500000000000001,11,1,0.7423392,0.7705907,4,0.07499999999999984,-0.007660806179046742
flat,0.8749999999999999,0.7500000000000001,12,1,0.78227836,0.8682665,4,0.12499999999999978,0.0322783589363097
flat,0.8749999999999999,0.7500000000000001,12,1,0.78227836,0.8682665,4,0.12499999999999978,0.0322783589363097
flat,0.9249999999999999,0.7500000000000001,13,1,0.82419187,0.961564,4,0.17499999999999982,0.07419186830520619
flat,0.9249999999999999,0.7500000000000001,13,1,0.82419187,0.961564,4,0.17499999999999982,0.07419186830520619
flat,0.975,0.7500000000000001,14,1,0.86610526,1.0548615,4,0.22499999999999987,0.11610525846481312
flat,0.975,0.7500000000000001,14,1,0.86610526,1.0548615,4,0.22499999999999987,0.11610525846481312
base,0.025000000000000022,0.5,0,0,0.0862049,-0.64653987,4,-0.475,-0.4137950986623764
base,0.075,0.5,1,0,0.12403868,-0.5865914,4,-0.425,-0.3759613186120987
base,0.12500000000000003,0.5,2,0,0.16187249,-0.5266429,4,-0.375,-0.3381275087594986
base,0.17500000000000002,0.5,3,0,0.1997063,-0.46669444,4,-0.32499999999999996,-0.3002936989068985
base,0.225,0.5,4,0,0.23867746,-0.39009807,4,-0.275,-0.2613225430250168
base,0.275,0.5,5,0,0.27964914,-0.28421977,4,-0.22499999999999998,-0.22035086154937744
base,0.325,0.5,6,0,0.32062083,-0.1783416,4,-0.175,-0.1793791651725769
base,0.37500000000000006,0.5,7,0,0.36159247,-0.07246333,4,-0.12499999999999994,-0.13840752840042114
base,0.425,0.5,8,0,0.40256417,0.0334149,4,-0.07500000000000001,-0.0974358320236206
base,0.475,0.5,9,0,0.4435358,0.13929313,4,-0.025000000000000022,-0.056464195251464844
base,0.525,0.5,10,1,0.4845075,0.24517137,4,0.025000000000000022,-0.015492498874664307
base,0.575,0.5,11,1,0.5254792,0.35104972,4,0.07499999999999996,0.02547919750213623
base,0.625,0.5,12,1,0.56645083,0.45692796,4,0.125,0.06645083427429199
base,0.675,0.5,13,1,0.60742253,0.5628062,4,0.17500000000000004,0.10742253065109253
base,0.7250000000000001,0.5,14,1,0.6483942,0.6686844,4,0.2250000000000001,0.14839422702789307
base,0.7749999999999999,0.5,15,1,0.68936586,0.77456254,4,0.2749999999999999,0.18936586380004883
base,0.825,0.5,16,1,0.72919613,0.87392896,4,0.32499999999999996,0.22919613122940063
base,0.8749999999999999,0.5,17,1,0.7711095,0.9672263,4,0.3749999999999999,0.27110952138900757
base,0.9249999999999999,0.5,18,1,0.81302303,1.060524,4,0.42499999999999993,0.31302303075790405
base,0.975,0.5,19,1,0.85493654,1.1538215,4,0.475,0.35493654012680054
curv,0.025000000000000022,0.25,0,0,0.058640406,-0.6772069,4,-0.22499999999999998,-0.19135959446430206
curv,0.025000000000000022,0.25,0,0,0.058640406,-0.6772069,4,-0.22499999999999998,-0.19135959446430206
curv,0.075,0.25,1,0,0.096474215,-0.61725837,4,-0.175,-0.15352578461170197
curv,0.075,0.25,1,0,0.096474215,-0.61725837,4,-0.175,-0.15352578461170197
curv,0.12500000000000003,0.25,2,0,0.13732663,-0.5131258,4,-0.12499999999999997,-0.11267337203025818
curv,0.12500000000000003,0.25,2,0,0.13732663,-0.5131258,4,-0.12499999999999997,-0.11267337203025818
curv,0.17500000000000002,0.25,3,0,0.1782983,-0.40724754,4,-0.07499999999999998,-0.07170170545578003
curv,0.17500000000000002,0.25,3,0,0.1782983,-0.40724754,4,-0.07499999999999998,-0.07170170545578003
curv,0.225,0.25,4,0,0.21927,-0.30136925,4,-0.024999999999999994,-0.0307299941778183
curv,0.225,0.25,4,0,0.21927,-0.30136925,4,-0.024999999999999994,-0.0307299941778183
curv,0.275,0.25,5,1,0.26024163,-0.19549102,4,0.025000000000000022,0.01024162769317627
curv,0.325,0.25,6,1,0.30121332,-0.08961281,4,0.07500000000000001,0.05121332406997681
curv,0.37500000000000006,0.25,7,1,0.34218502,0.016265452,4,0.12500000000000006,0.09218502044677734
curv,0.425,0.25,8,1,0.38315666,0.122143626,4,0.175,0.1331566572189331
curv,0.475,0.25,9,1,0.42412835,0.22802186,4,0.22499999999999998,0.17412835359573364
curv,0.525,0.25,10,1,0.4651,0.33390003,4,0.275,0.2150999903678894
curv,0.575,0.25,11,1,0.5060717,0.4397784,4,0.32499999999999996,0.25607168674468994
curv,0.625,0.25,12,1,0.5470434,0.5456566,4,0.375,0.2970433831214905
curv,0.675,0.25,13,1,0.588015,0.65153486,4,0.42500000000000004,0.33801501989364624
curv,0.7250000000000001,0.25,14,1,0.6289868,0.7574131,4,0.4750000000000001,0.37898677587509155
flat,0.275,0.7500000000000001,0,0,0.3029384,-0.31613052,4,-0.4750000000000001,-0.44706159830093395
flat,0.325,0.7500000000000001,1,0,0.34077215,-0.2561821,4,-0.4250000000000001,-0.4092278480529786
flat,0.37500000000000006,0.7500000000000001,2,0,0.38099992,-0.16119209,4,-0.37500000000000006,-0.36900007724761974
flat,0.425,0.7500000000000001,3,0,0.42197162,-0.055313885,4,-0.3250000000000001,-0.3280283808708192
flat,0.475,0.7500000000000001,4,0,0.46294326,0.05056441,4,-0.27500000000000013,-0.28705674409866344
flat,0.525,0.7500000000000001,5,0,0.5039149,0.15644258,4,-0.2250000000000001,-0.24608510732650768
flat,0.575,0.7500000000000001,6,0,0.54488665,0.26232094,4,-0.17500000000000016,-0.20511335134506237
flat,0.625,0.7500000000000001,7,0,0.5858584,0.36819917,4,-0.1250000000000001,-0.16414159536361705
flat,0.675,0.7500000000000001,8,0,0.6256331,0.47066396,4,-0.07500000000000007,-0.12436687946319591
flat,0.7250000000000001,0.7500000000000001,9,0,0.6645352,0.57063955,4,-0.025000000000000022,-0.08546477556228649
flat,0.7749999999999999,0.7500000000000001,10,1,0.70343715,0.67061514,4,0.0249999999999998,-0.04656285047531139
flat,0.7749999999999999,0.7500000000000001,10,1,0.70343715,0.67061514,4,0.0249999999999998,-0.04656285047531139
flat,0.825,0.7500000000000001,11,1,0.7423392,0.7705907,4,0.07499999999999984,-0.007660806179046742
flat,0.825,0.7500000000000001,11,1,0.7423392,0.7705907,4,0.07499999999999984,-0.007660806179046742
flat,0.8749999999999999,0.7500000000000001,12,1,0.78227836,0.8682665,4,0.12499999999999978,0.0322783589363097
flat,0.8749999999999999,0.7500000000000001,12,1,0.78227836,0.8682665,4,0.12499999999999978,0.0322783589363097
flat,0.9249999999999999,0.7500000000000001,13,1,0.82419187,0.961564,4,0.17499999999999982,0.07419186830520619
flat,0.9249999999999999,0.7500000000000001,13,1,0.82419187,0.961564,4,0.17499999999999982,0.07419186830520619
flat,0.975,0.7500000000000001,14,1,0.86610526,1.0548615,4,0.22499999999999987,0.11610525846481312
flat,0.975,0.7500000000000001,14,1,0.86610526,1.0548615,4,0.22499999999999987,0.11610525846481312
base,0.025000000000000022,0.5,0,0,0.0862049,-0.64653987,4,-0.475,-0.4137950986623764
base,0.075,0.5,1,0,0.12403868,-0.5865914,4,-0.425,-0.3759613186120987
base,0.12500000000000003,0.5,2,0,0.16187249,-0.5266429,4,-0.375,-0.3381275087594986
base,0.17500000000000002,0.5,3,0,0.1997063,-0.46669444,4,-0.32499999999999996,-0.3002936989068985
base,0.225,0.5,4,0,0.23867746,-0.39009807,4,-0.275,-0.2613225430250168
base,0.275,0.5,5,0,0.27964914,-0.28421977,4,-0.22499999999999998,-0.22035086154937744
base,0.325,0.5,6,0,0.32062083,-0.1783416,4,-0.175,-0.1793791651725769
base,0.37500000000000006,0.5,7,0,0.36159247,-0.07246333,4,-0.12499999999999994,-0.13840752840042114
base,0.425,0.5,8,0,0.40256417,0.0334149,4,-0.07500000000000001,-0.0974358320236206
base,0.475,0.5,9,0,0.4435358,0.13929313,4,-0.025000000000000022,-0.056464195251464844
base,0.525,0.5,10,1,0.4845075,0.24517137,4,0.025000000000000022,-0.015492498874664307
base,0.575,0.5,11,1,0.5254792,0.35104972,4,0.07499999999999996,0.02547919750213623
base,0.625,0.5,12,1,0.56645083,0.45692796,4,0.125,0.06645083427429199
base,0.675,0.5,13,1,0.60742253,0.5628062,4,0.17500000000000004,0.10742253065109253
base,0.7250000000000001,0.5,14,1,0.6483942,0.6686844,4,0.2250000000000001,0.14839422702789307
base,0.7749999999999999,0.5,15,1,0.68936586,0.77456254,4,0.2749999999999999,0.18936586380004883
base,0.825,0.5,16,1,0.72919613,0.87392896,4,0.32499999999999996,0.22919613122940063
base,0.8749999999999999,0.5,17,1,0.7711095,0.9672263,4,0.3749999999999999,0.27110952138900757
base,0.9249999999999999,0.5,18,1,0.81302303,1.060524,4,0.42499999999999993,0.31302303075790405
base,0.975,0.5,19,1,0.85493654,1.1538215,4,0.475,0.35493654012680054
curv,0.025000000000000022,0.25,0,0,0.058640406,-0.6772069,4,-0.22499999999999998,-0.19135959446430206
curv,0.025000000000000022,0.25,0,0,0.058640406,-0.6772069,4,-0.22499999999999998,-0.19135959446430206
curv,0.075,0.25,1,0,0.096474215,-0.61725837,4,-0.175,-0.15352578461170197
curv,0.075,0.25,1,0,0.096474215,-0.61725837,4,-0.175,-0.15352578461170197
curv,0.12500000000000003,0.25,2,0,0.13732663,-0.5131258,4,-0.12499999999999997,-0.11267337203025818
curv,0.12500000000000003,0.25,2,0,0.13732663,-0.5131258,4,-0.12499999999999997,-0.11267337203025818
curv,0.17500000000000002,0.25,3,0,0.1782983,-0.40724754,4,-0.07499999999999998,-0.07170170545578003
curv,0.17500000000000002,0.25,3,0,0.1782983,-0.40724754,4,-0.07499999999999998,-0.07170170545578003
curv,0.225,0.25,4,0,0.21927,-0.30136925,4,-0.024999999999999994,-0.0307299941778183
curv,0.225,0.25,4,0,0.21927,-0.30136925,4,-0.024999999999999994,-0.0307299941778183
curv,0.275,0.25,5,1,0.26024163,-0.19549102,4,0.025000000000000022,0.01024162769317627
curv,0.325,0.25,6,1,0.30121332,-0.08961281,4,0.07500000000000001,0.05121332406997681
curv,0.37500000000000006,0.25,7,1,0.34218502,0.016265452,4,0.12500000000000006,0.09218502044677734
curv,0.425,0.25,8,1,0.38315666,0.122143626,4,0.175,0.1331566572189331
curv,0.475,0.25,9,1,0.42412835,0.22802186,4,0.22499999999999998,0.17412835359573364
curv,0.525,0.25,10,1,0.4651,0.33390003,4,0.275,0.2150999903678894
curv,0.575,0.25,11,1,0.5060717,0.4397784,4,0.32499999999999996,0.25607168674468994
curv,0.625,0.25,12,1,0.5470434,0.5456566,4,0.375,0.2970433831214905
curv,0.675,0.25,13,1,0.588015,0.65153486,4,0.42500000000000004,0.33801501989364624
curv,0.7250000000000001,0.25,14,1,0.6289868,0.7574131,4,0.4750000000000001,0.37898677587509155
flat,0.275,0.7500000000000001,0,0,0.3029384,-0.31613052,4,-0.4750000000000001,-0.44706159830093395
flat,0.325,0.7500000000000001,1,0,0.34077215,-0.2561821,4,-0.4250000000000001,-0.4092278480529786
flat,0.37500000000000006,0.7500000000000001,2,0,0.38099992,-0.16119209,4,-0.37500000000000006,-0.36900007724761974
flat,0.425,0.7500000000000001,3,0,0.42197162,-0.055313885,4,-0.3250000000000001,-0.3280283808708192
flat,0.475,0.7500000000000001,4,0,0.46294326,0.05056441,4,-0.27500000000000013,-0.28705674409866344
flat,0.525,0.7500000000000001,5,0,0.5039149,0.15644258,4,-0.2250000000000001,-0.24608510732650768
flat,0.575,0.7500000000000001,6,0,0.54488665,0.26232094,4,-0.17500000000000016,-0.20511335134506237
flat,0.625,0.7500000000000001,7,0,0.5858584,0.36819917,4,-0.1250000000000001,-0.16414159536361705
flat,0.675,0.7500000000000001,8,0,0.6256331,0.47066396,4,-0.07500000000000007,-0.12436687946319591
flat,0.7250000000000001,0.7500000000000001,9,0,0.6645352,0.57063955,4,-0.025000000000000022,-0.08546477556228649
flat,0.7749999999999999,0.7500000000000001,10,1,0.70343715,0.67061514,4,0.0249999999999998,-0.04656285047531139
flat,0.7749999999999999,0.7500000000000001,10,1,0.70343715,0.67061514,4,0.0249999999999998,-0.04656285047531139
flat,0.825,0.7500000000000001,11,1,0.7423392,0.7705907,4,0.07499999999999984,-0.007660806179046742
flat,0.825,0.7500000000000001,11,1,0.7423392,0.7705907,4,0.07499999999999984,-0.007660806179046742
flat,0.8749999999999999,0.7500000000000001,12,1,0.78227836,0.8682665,4,0.12499999999999978,0.0322783589363097
flat,0.8749999999999999,0.7500000000000001,12,1,0.78227836,0.8682665,4,0.12499999999999978,0.0322783589363097
flat,0.9249999999999999,0.7500000000000001,13,1,0.82419187,0.961564,4,0.17499999999999982,0.07419186830520619
flat,0.9249999999999999,0.7500000000000001,13,1,0.82419187,0.961564,4,0.17499999999999982,0.07419186830520619
flat,0.975,0.7500000000000001,14,1,0.86610526,1.0548615,4,0.22499999999999987,0.11610525846481312
flat,0.975,0.7500000000000001,14,1,0.86610526,1.0548615,4,0.22499999999999987,0.11610525846481312
base,0.025000000000000022,0.5,0,0,0.0862049,-0.64653987,4,-0.475,-0.4137950986623764
base,0.075,0.5,1,0,0.12403868,-0.5865914,4,-0.425,-0.3759613186120987
base,0.12500000000000003,0.5,2,0,0.16187249,-0.5266429,4,-0.375,-0.3381275087594986
base,0.17500000000000002,0.5,3,0,0.1997063,-0.46669444,4,-0.32499999999999996,-0.3002936989068985
base,0.225,0.5,4,0,0.23867746,-0.39009807,4,-0.275,-0.2613225430250168
base,0.275,0.5,5,0,0.27964914,-0.28421977,4,-0.22499999999999998,-0.22035086154937744
base,0.325,0.5,6,0,0.32062083,-0.1783416,4,-0.175,-0.1793791651725769
base,0.37500000000000006,0.5,7,0,0.36159247,-0.07246333,4,-0.12499999999999994,-0.13840752840042114
base,0.425,0.5,8,0,0.40256417,0.0334149,4,-0.07500000000000001,-0.0974358320236206
base,0.475,0.5,9,0,0.4435358,0.13929313,4,-0.025000000000000022,-0.056464195251464844
base,0.525,0.5,10,1,0.4845075,0.24517137,4,0.025000000000000022,-0.015492498874664307
base,0.575,0.5,11,1,0.5254792,0.35104972,4,0.07499999999999996,0.02547919750213623
base,0.625,0.5,12,1,0.56645083,0.45692796,4,0.125,0.06645083427429199
base,0.675,0.5,13,1,0.60742253,0.5628062,4,0.17500000000000004,0.10742253065109253
base,0.7250000000000001,0.5,14,1,0.6483942,0.6686844,4,0.2250000000000001,0.14839422702789307
base,0.7749999999999999,0.5,15,1,0.68936586,0.77456254,4,0.2749999999999999,0.18936586380004883
base,0.825,0.5,16,1,0.72919613,0.87392896,4,0.32499999999999996,0.22919613122940063
base,0.8749999999999999,0.5,17,1,0.7711095,0.9672263,4,0.3749999999999999,0.27110952138900757
base,0.9249999999999999,0.5,18,1,0.81302303,1.060524,4,0.42499999999999993,0.31302303075790405
base,0.975,0.5,19,1,0.85493654,1.1538215,4,0.475,0.35493654012680054
curv,0.025000000000000022,0.25,0,0,0.058640406,-0.6772069,4,-0.22499999999999998,-0.19135959446430206
curv,0.025000000000000022,0.25,0,0,0.058640406,-0.6772069,4,-0.22499999999999998,-0.19135959446430206
curv,0.075,0.25,1,0,0.096474215,-0.61725837,4,-0.175,-0.15352578461170197
curv,0.075,0.25,1,0,0.096474215,-0.61725837,4,-0.175,-0.15352578461170197
curv,0.12500000000000003,0.25,2,0,0.13732663,-0.5131258,4,-0.12499999999999997,-0.11267337203025818
curv,0.12500000000000003,0.25,2,0,0.13732663,-0.5131258,4,-0.12499999999999997,-0.11267337203025818
curv,0.17500000000000002,0.25,3,0,0.1782983,-0.40724754,4,-0.07499999999999998,-0.07170170545578003
curv,0.17500000000000002,0.25,3,0,0.1782983,-0.40724754,4,-0.07499999999999998,-0.07170170545578003
curv,0.225,0.25,4,0,0.21927,-0.30136925,4,-0.024999999999999994,-0.0307299941778183
curv,0.225,0.25,4,0,0.21927,-0.30136925,4,-0.024999999999999994,-0.0307299941778183
curv,0.275,0.25,5,1,0.26024163,-0.19549102,4,0.025000000000000022,0.01024162769317627
curv,0.325,0.25,6,1,0.30121332,-0.08961281,4,0.07500000000000001,0.05121332406997681
curv,0.37500000000000006,0.25,7,1,0.34218502,0.016265452,4,0.12500000000000006,0.09218502044677734
curv,0.425,0.25,8,1,0.38315666,0.122143626,4,0.175,0.1331566572189331
curv,0.475,0.25,9,1,0.42412835,0.22802186,4,0.22499999999999998,0.17412835359573364
curv,0.525,0.25,10,1,0.4651,0.33390003,4,0.275,0.2150999903678894
curv,0.575,0.25,11,1,0.5060717,0.4397784,4,0.32499999999999996,0.25607168674468994
curv,0.625,0.25,12,1,0.5470434,0.5456566,4,0.375,0.2970433831214905
curv,0.675,0.25,13,1,0.588015,0.65153486,4,0.42500000000000004,0.33801501989364624
curv,0.7250000000000001,0.25,14,1,0.6289868,0.7574131,4,0.4750000000000001,0.37898677587509155
flat,0.275,0.7500000000000001,0,0,0.3029384,-0.31613052,4,-0.4750000000000001,-0.44706159830093395
flat,0.325,0.7500000000000001,1,0,0.34077215,-0.2561821,4,-0.4250000000000001,-0.4092278480529786
flat,0.37500000000000006,0.7500000000000001,2,0,0.38099992,-0.16119209,4,-0.37500000000000006,-0.36900007724761974
flat,0.425,0.7500000000000001,3,0,0.42197162,-0.055313885,4,-0.3250000000000001,-0.3280283808708192
flat,0.475,0.7500000000000001,4,0,0.46294326,0.05056441,4,-0.27500000000000013,-0.28705674409866344
flat,0.525,0.7500000000000001,5,0,0.5039149,0.15644258,4,-0.2250000000000001,-0.24608510732650768
flat,0.575,0.7500000000000001,6,0,0.54488665,0.26232094,4,-0.17500000000000016,-0.20511335134506237
flat,0.625,0.7500000000000001,7,0,0.5858584,0.36819917,4,-0.1250000000000001,-0.16414159536361705
flat,0.675,0.7500000000000001,8,0,0.6256331,0.47066396,4,-0.07500000000000007,-0.12436687946319591
flat,0.7250000000000001,0.7500000000000001,9,0,0.6645352,0.57063955,4,-0.025000000000000022,-0.08546477556228649
flat,0.7749999999999999,0.7500000000000001,10,1,0.70343715,0.67061514,4,0.0249999999999998,-0.04656285047531139
flat,0.7749999999999999,0.7500000000000001,10,1,0.70343715,0.67061514,4,0.0249999999999998,-0.04656285047531139
flat,0.825,0.7500000000000001,11,1,0.7423392,0.7705907,4,0.07499999999999984,-0.007660806179046742
flat,0.825,0.7500000000000001,11,1,0.7423392,0.7705907,4,0.07499999999999984,-0.007660806179046742
flat,0.8749999999999999,0.7500000000000001,12,1,0.78227836,0.8682665,4,0.12499999999999978,0.0322783589363097
flat,0.8749999999999999,0.7500000000000001,12,1,0.78227836,0.8682665,4,0.12499999999999978,0.0322783589363097
flat,0.9249999999999999,0.7500000000000001,13,1,0.82419187,0.961564,4,0.17499999999999982,0.07419186830520619
flat,0.9249999999999999,0.7500000000000001,13,1,0.82419187,0.961564,4,0.17499999999999982,0.07419186830520619
flat,0.975,0.7500000000000001,14,1,0.86610526,1.0548615,4,0.22499999999999987,0.11610525846481312
flat,0.975,0.7500000000000001,14,1,0.86610526,1.0548615,4,0.22499999999999987,0.11610525846481312
base,0.025000000000000022,0.5,0,0,0.1371948,-1.7818326,5,-0.475,-0.36280520260334015
base,0.075,0.5,1,0,0.16578557,-1.6190063,5,-0.425,-0.3342144340276718
base,0.12500000000000003,0.5,2,0,0.20538507,-1.4272512,5,-0.375,-0.29461492598056793
base,0.17500000000000002,0.5,3,0,0.24498457,-1.2354963,5,-0.32499999999999996,-0.25501543283462524
base,0.225,0.5,4,0,0.28458405,-1.0437415,5,-0.275,-0.21541595458984375
base,0.275,0.5,5,0,0.32418358,-0.8519864,5,-0.22499999999999998,-0.17581641674041748
base,0.325,0.5,6,0,0.36378306,-0.6602315,5,-0.175,-0.136216938495636
base,0.37500000000000006,0.5,7,0,0.40338254,-0.4684765,5,-0.12499999999999994,-0.09661746025085449
base,0.425,0.5,8,0,0.44298208,-0.2767215,5,-0.07500000000000001,-0.05701792240142822
base,0.475,0.5,9,0,0.48258156,-0.0849666,5,-0.025000000000000022,-0.01741844415664673
base,0.525,0.5,10,1,0.522181,0.10678828,5,0.025000000000000022,0.02218097448348999
base,0.575,0.5,11,1,0.5617805,0.2985432,5,0.07499999999999996,0.06178051233291626
base,0.625,0.5,12,1,0.60138,0.49029827,5,0.125,0.10137999057769775
base,0.675,0.5,13,1,0.6409795,0.6820532,5,0.17500000000000004,0.14097952842712402
base,0.7250000000000001,0.5,14,1,0.68057907,0.87380826,5,0.2250000000000001,0.1805790662765503
base,0.7749999999999999,0.5,15,1,0.7201785,1.0655631,5,0.2749999999999999,0.220178484916687
base,0.825,0.5,16,1,0.7597779,1.257318,5,0.32499999999999996,0.25977790355682373
base,0.8749999999999999,0.5,17,1,0.79937744,1.4490728,5,0.3749999999999999,0.29937744140625
base,0.9249999999999999,0.5,18,1,0.83897704,1.640828,5,0.42499999999999993,0.33897703886032104
base,0.975,0.5,19,1,0.8785765,1.8325831,5,0.475,0.37857651710510254
curv,0.025000000000000022,0.25,0,0,0.12423813,-1.3423914,5,-0.22499999999999998,-0.12576186656951904
curv,0.025000000000000022,0.25,0,0,0.12423813,-1.3423914,5,-0.22499999999999998,-0.12576186656951904
curv,0.075,0.25,1,0,0.15703118,-1.1668909,5,-0.175,-0.09296882152557373
curv,0.075,0.25,1,0,0.15703118,-1.1668909,5,-0.175,-0.09296882152557373
curv,0.12500000000000003,0.25,2,0,0.19663067,-0.97513586,5,-0.12499999999999997,-0.05336932837963104
curv,0.12500000000000003,0.25,2,0,0.19663067,-0.97513586,5,-0.12499999999999997,-0.05336932837963104
curv,0.17500000000000002,0.25,3,0,0.23623016,-0.7833809,5,-0.07499999999999998,-0.013769835233688354
curv,0.17500000000000002,0.25,3,0,0.23623016,-0.7833809,5,-0.07499999999999998,-0.013769835233688354
curv,0.225,0.25,4,0,0.27582967,-0.59162605,5,-0.024999999999999994,0.025829672813415527
curv,0.225,0.25,4,0,0.27582967,-0.59162605,5,-0.024999999999999994,0.025829672813415527
curv,0.275,0.25,5,1,0.31542915,-0.39987108,5,0.025000000000000022,0.06542915105819702
curv,0.325,0.25,6,1,0.35502863,-0.20811611,5,0.07500000000000001,0.10502862930297852
curv,0.37500000000000006,0.25,7,1,0.39462817,-0.016361117,5,0.12500000000000006,0.14462816715240479
curv,0.425,0.25,8,1,0.43422765,0.17539382,5,0.175,0.18422764539718628
curv,0.475,0.25,9,1,0.47382712,0.36714864,5,0.22499999999999998,0.22382712364196777
curv,0.525,0.25,10,1,0.5134266,0.5589037,5,0.275,0.26342660188674927
curv,0.575,0.25,11,1,0.5530261,0.7506585,5,0.32499999999999996,0.30302608013153076
curv,0.625,0.25,12,1,0.5926256,0.9424137,5,0.375,0.34262561798095703
curv,0.675,0.25,13,1,0.63222516,1.1341686,5,0.42500000000000004,0.3822251558303833
curv,0.7250000000000001,0.25,14,1,0.67182463,1.3259237,5,0.4750000000000001,0.4218246340751648
flat,0.275,0.7500000000000001,0,0,0.33293796,-1.3041017,5,-0.4750000000000001,-0.41706204414367687
flat,0.325,0.7500000000000001,1,0,0.37253743,-1.1123468,5,-0.4250000000000001,-0.3774625658988954
flat,0.37500000000000006,0.7500000000000001,2,0,0.4121369,-0.92059183,5,-0.37500000000000006,-0.3378630876541139
flat,0.425,0.7500000000000001,3,0,0.45173645,-0.7288368,5,-0.3250000000000001,-0.2982635498046876
flat,0.475,0.7500000000000001,4,0,0.49133587,-0.5370821,5,-0.27500000000000013,-0.2586641311645509
flat,0.525,0.7500000000000001,5,0,0.5309354,-0.34532708,5,-0.2250000000000001,-0.21906459331512462
flat,0.575,0.7500000000000001,6,0,0.5705349,-0.15357202,5,-0.17500000000000016,-0.17946511507034313
flat,0.625,0.7500000000000001,7,0,0.61013436,0.038182914,5,-0.1250000000000001,-0.13986563682556163
flat,0.675,0.7500000000000001,8,0,0.6497339,0.22993803,5,-0.07500000000000007,-0.10026609897613536
flat,0.7250000000000001,0.7500000000000001,9,0,0.68933344,0.42169303,5,-0.025000000000000022,-0.060666561126709095
flat,0.7749999999999999,0.7500000000000001,10,1,0.7289329,0.6134478,5,0.0249999999999998,-0.0210670828819276
flat,0.7749999999999999,0.7500000000000001,10,1,0.7289329,0.6134478,5,0.0249999999999998,-0.0210670828819276
flat,0.825,0.7500000000000001,11,1,0.7685324,0.8052027,5,0.07499999999999984,0.018532395362853893
flat,0.825,0.7500000000000001,11,1,0.7685324,0.8052027,5,0.07499999999999984,0.018532395362853893
flat,0.8749999999999999,0.7500000000000001,12,1,0.8081319,0.9969578,5,0.12499999999999978,0.05813187360763539
flat,0.8749999999999999,0.7500000000000001,12,1,0.8081319,0.9969578,5,0.12499999999999978,0.05813187360763539
flat,0.9249999999999999,0.7500000000000001,13,1,0.8477314,1.1887128,5,0.17499999999999982,0.09773141145706166
flat,0.9249999999999999,0.7500000000000001,13,1,0.8477314,1.1887128,5,0.17499999999999982,0.09773141145706166
flat,0.975,0.7500000000000001,14,1,0.887331,1.380468,5,0.22499999999999987,0.1373310089111327
flat,0.975,0.7500000000000001,14,1,0.887331,1.380468,5,0.22499999999999987,0.1373310089111327
base,0.025000000000000022,0.5,0,0,0.1371948,-1.7818326,5,-0.475,-0.36280520260334015
base,0.075,0.5,1,0,0.16578557,-1.6190063,5,-0.425,-0.3342144340276718
base,0.12500000000000003,0.5,2,0,0.20538507,-1.4272512,5,-0.375,-0.29461492598056793
base,0.17500000000000002,0.5,3,0,0.24498457,-1.2354963,5,-0.32499999999999996,-0.25501543283462524
base,0.225,0.5,4,0,0.28458405,-1.0437415,5,-0.275,-0.21541595458984375
base,0.275,0.5,5,0,0.32418358,-0.8519864,5,-0.22499999999999998,-0.17581641674041748
base,0.325,0.5,6,0,0.36378306,-0.6602315,5,-0.175,-0.136216938495636
base,0.37500000000000006,0.5,7,0,0.40338254,-0.4684765,5,-0.12499999999999994,-0.09661746025085449
base,0.425,0.5,8,0,0.44298208,-0.2767215,5,-0.07500000000000001,-0.05701792240142822
base,0.475,0.5,9,0,0.48258156,-0.0849666,5,-0.025000000000000022,-0.01741844415664673
base,0.525,0.5,10,1,0.522181,0.10678828,5,0.025000000000000022,0.02218097448348999
base,0.575,0.5,11,1,0.5617805,0.2985432,5,0.07499999999999996,0.06178051233291626
base,0.625,0.5,12,1,0.60138,0.49029827,5,0.125,0.10137999057769775
base,0.675,0.5,13,1,0.6409795,0.6820532,5,0.17500000000000004,0.14097952842712402
base,0.7250000000000001,0.5,14,1,0.68057907,0.87380826,5,0.2250000000000001,0.1805790662765503
base,0.7749999999999999,0.5,15,1,0.7201785,1.0655631,5,0.2749999999999999,0.220178484916687
base,0.825,0.5,16,1,0.7597779,1.257318,5,0.32499999999999996,0.25977790355682373
base,0.8749999999999999,0.5,17,1,0.79937744,1.4490728,5,0.3749999999999999,0.29937744140625
base,0.9249999999999999,0.5,18,1,0.83897704,1.640828,5,0.42499999999999993,0.33897703886032104
base,0.975,0.5,19,1,0.8785765,1.8325831,5,0.475,0.37857651710510254
curv,0.025000000000000022,0.25,0,0,0.12423813,-1.3423914,5,-0.22499999999999998,-0.12576186656951904
curv,0.025000000000000022,0.25,0,0,0.12423813,-1.3423914,5,-0.22499999999999998,-0.12576186656951904
curv,0.075,0.25,1,0,0.15703118,-1.1668909,5,-0.175,-0.09296882152557373
curv,0.075,0.25,1,0,0.15703118,-1.1668909,5,-0.175,-0.09296882152557373
curv,0.12500000000000003,0.25,2,0,0.19663067,-0.97513586,5,-0.12499999999999997,-0.05336932837963104
curv,0.12500000000000003,0.25,2,0,0.19663067,-0.97513586,5,-0.12499999999999997,-0.05336932837963104
curv,0.17500000000000002,0.25,3,0,0.23623016,-0.7833809,5,-0.07499999999999998,-0.013769835233688354
curv,0.17500000000000002,0.25,3,0,0.23623016,-0.7833809,5,-0.07499999999999998,-0.013769835233688354
curv,0.225,0.25,4,0,0.27582967,-0.59162605,5,-0.024999999999999994,0.025829672813415527
curv,0.225,0.25,4,0,0.27582967,-0.59162605,5,-0.024999999999999994,0.025829672813415527
curv,0.275,0.25,5,1,0.31542915,-0.39987108,5,0.025000000000000022,0.06542915105819702
curv,0.325,0.25,6,1,0.35502863,-0.20811611,5,0.07500000000000001,0.10502862930297852
curv,0.37500000000000006,0.25,7,1,0.39462817,-0.016361117,5,0.12500000000000006,0.14462816715240479
curv,0.425,0.25,8,1,0.43422765,0.17539382,5,0.175,0.18422764539718628
curv,0.475,0.25,9,1,0.47382712,0.36714864,5,0.22499999999999998,0.22382712364196777
curv,0.525,0.25,10,1,0.5134266,0.5589037,5,0.275,0.26342660188674927
curv,0.575,0.25,11,1,0.5530261,0.7506585,5,0.32499999999999996,0.30302608013153076
curv,0.625,0.25,12,1,0.5926256,0.9424137,5,0.375,0.34262561798095703
curv,0.675,0.25,13,1,0.63222516,1.1341686,5,0.42500000000000004,0.3822251558303833
curv,0.7250000000000001,0.25,14,1,0.67182463,1.3259237,5,0.4750000000000001,0.4218246340751648
flat,0.275,0.7500000000000001,0,0,0.33293796,-1.3041017,5,-0.4750000000000001,-0.41706204414367687
flat,0.325,0.7500000000000001,1,0,0.37253743,-1.1123468,5,-0.4250000000000001,-0.3774625658988954
flat,0.37500000000000006,0.7500000000000001,2,0,0.4121369,-0.92059183,5,-0.37500000000000006,-0.3378630876541139
flat,0.425,0.7500000000000001,3,0,0.45173645,-0.7288368,5,-0.3250000000000001,-0.2982635498046876
flat,0.475,0.7500000000000001,4,0,0.49133587,-0.5370821,5,-0.27500000000000013,-0.2586641311645509
flat,0.525,0.7500000000000001,5,0,0.5309354,-0.34532708,5,-0.2250000000000001,-0.21906459331512462
flat,0.575,0.7500000000000001,6,0,0.5705349,-0.15357202,5,-0.17500000000000016,-0.17946511507034313
flat,0.625,0.7500000000000001,7,0,0.61013436,0.038182914,5,-0.1250000000000001,-0.13986563682556163
flat,0.675,0.7500000000000001,8,0,0.6497339,0.22993803,5,-0.07500000000000007,-0.10026609897613536
flat,0.7250000000000001,0.7500000000000001,9,0,0.68933344,0.42169303,5,-0.025000000000000022,-0.060666561126709095
flat,0.7749999999999999,0.7500000000000001,10,1,0.7289329,0.6134478,5,0.0249999999999998,-0.0210670828819276
flat,0.7749999999999999,0.7500000000000001,10,1,0.7289329,0.6134478,5,0.0249999999999998,-0.0210670828819276
flat,0.825,0.7500000000000001,11,1,0.7685324,0.8052027,5,0.07499999999999984,0.018532395362853893
flat,0.825,0.7500000000000001,11,1,0.7685324,0.8052027,5,0.07499999999999984,0.018532395362853893
flat,0.8749999999999999,0.7500000000000001,12,1,0.8081319,0.9969578,5,0.12499999999999978,0.05813187360763539
flat,0.8749999999999999,0.7500000000000001,12,1,0.8081319,0.9969578,5,0.12499999999999978,0.05813187360763539
flat,0.9249999999999999,0.7500000000000001,13,1,0.8477314,1.1887128,5,0.17499999999999982,0.09773141145706166
flat,0.9249999999999999,0.7500000000000001,13,1,0.8477314,1.1887128,5,0.17499999999999982,0.09773141145706166
flat,0.975,0.7500000000000001,14,1,0.887331,1.380468,5,0.22499999999999987,0.1373310089111327
flat,0.975,0.7500000000000001,14,1,0.887331,1.380468,5,0.22499999999999987,0.1373310089111327
base,0.025000000000000022,0.5,0,0,0.1371948,-1.7818326,5,-0.475,-0.36280520260334015
base,0.075,0.5,1,0,0.16578557,-1.6190063,5,-0.425,-0.3342144340276718
base,0.12500000000000003,0.5,2,0,0.20538507,-1.4272512,5,-0.375,-0.29461492598056793
base,0.17500000000000002,0.5,3,0,0.24498457,-1.2354963,5,-0.32499999999999996,-0.25501543283462524
base,0.225,0.5,4,0,0.28458405,-1.0437415,5,-0.275,-0.21541595458984375
base,0.275,0.5,5,0,0.32418358,-0.8519864,5,-0.22499999999999998,-0.17581641674041748
base,0.325,0.5,6,0,0.36378306,-0.6602315,5,-0.175,-0.136216938495636
base,0.37500000000000006,0.5,7,0,0.40338254,-0.4684765,5,-0.12499999999999994,-0.09661746025085449
base,0.425,0.5,8,0,0.44298208,-0.2767215,5,-0.07500000000000001,-0.05701792240142822
base,0.475,0.5,9,0,0.48258156,-0.0849666,5,-0.025000000000000022,-0.01741844415664673
base,0.525,0.5,10,1,0.522181,0.10678828,5,0.025000000000000022,0.02218097448348999
base,0.575,0.5,11,1,0.5617805,0.2985432,5,0.07499999999999996,0.06178051233291626
base,0.625,0.5,12,1,0.60138,0.49029827,5,0.125,0.10137999057769775
base,0.675,0.5,13,1,0.6409795,0.6820532,5,0.17500000000000004,0.14097952842712402
base,0.7250000000000001,0.5,14,1,0.68057907,0.87380826,5,0.2250000000000001,0.1805790662765503
base,0.7749999999999999,0.5,15,1,0.7201785,1.0655631,5,0.2749999999999999,0.220178484916687
base,0.825,0.5,16,1,0.7597779,1.257318,5,0.32499999999999996,0.25977790355682373
base,0.8749999999999999,0.5,17,1,0.79937744,1.4490728,5,0.3749999999999999,0.29937744140625
base,0.9249999999999999,0.5,18,1,0.83897704,1.640828,5,0.42499999999999993,0.33897703886032104
base,0.975,0.5,19,1,0.8785765,1.8325831,5,0.475,0.37857651710510254
curv,0.025000000000000022,0.25,0,0,0.12423813,-1.3423914,5,-0.22499999999999998,-0.12576186656951904
curv,0.025000000000000022,0.25,0,0,0.12423813,-1.3423914,5,-0.22499999999999998,-0.12576186656951904
curv,0.075,0.25,1,0,0.15703118,-1.1668909,5,-0.175,-0.09296882152557373
curv,0.075,0.25,1,0,0.15703118,-1.1668909,5,-0.175,-0.09296882152557373
curv,0.12500000000000003,0.25,2,0,0.19663067,-0.97513586,5,-0.12499999999999997,-0.05336932837963104
curv,0.12500000000000003,0.25,2,0,0.19663067,-0.97513586,5,-0.12499999999999997,-0.05336932837963104
curv,0.17500000000000002,0.25,3,0,0.23623016,-0.7833809,5,-0.07499999999999998,-0.013769835233688354
curv,0.17500000000000002,0.25,3,0,0.23623016,-0.7833809,5,-0.07499999999999998,-0.013769835233688354
curv,0.225,0.25,4,0,0.27582967,-0.59162605,5,-0.024999999999999994,0.025829672813415527
curv,0.225,0.25,4,0,0.27582967,-0.59162605,5,-0.024999999999999994,0.025829672813415527
curv,0.275,0.25,5,1,0.31542915,-0.39987108,5,0.025000000000000022,0.06542915105819702
curv,0.325,0.25,6,1,0.35502863,-0.20811611,5,0.07500000000000001,0.10502862930297852
curv,0.37500000000000006,0.25,7,1,0.39462817,-0.016361117,5,0.12500000000000006,0.14462816715240479
curv,0.425,0.25,8,1,0.43422765,0.17539382,5,0.175,0.18422764539718628
curv,0.475,0.25,9,1,0.47382712,0.36714864,5,0.22499999999999998,0.22382712364196777
curv,0.525,0.25,10,1,0.5134266,0.5589037,5,0.275,0.26342660188674927
curv,0.575,0.25,11,1,0.5530261,0.7506585,5,0.32499999999999996,0.30302608013153076
curv,0.625,0.25,12,1,0.5926256,0.9424137,5,0.375,0.34262561798095703
curv,0.675,0.25,13,1,0.63222516,1.1341686,5,0.42500000000000004,0.3822251558303833
curv,0.7250000000000001,0.25,14,1,0.67182463,1.3259237,5,0.4750000000000001,0.4218246340751648
flat,0.275,0.7500000000000001,0,0,0.33293796,-1.3041017,5,-0.4750000000000001,-0.41706204414367687
flat,0.325,0.7500000000000001,1,0,0.37253743,-1.1123468,5,-0.4250000000000001,-0.3774625658988954
flat,0.37500000000000006,0.7500000000000001,2,0,0.4121369,-0.92059183,5,-0.37500000000000006,-0.3378630876541139
flat,0.425,0.7500000000000001,3,0,0.45173645,-0.7288368,5,-0.3250000000000001,-0.2982635498046876
flat,0.475,0.7500000000000001,4,0,0.49133587,-0.5370821,5,-0.27500000000000013,-0.2586641311645509
flat,0.525,0.7500000000000001,5,0,0.5309354,-0.34532708,5,-0.2250000000000001,-0.21906459331512462
flat,0.575,0.7500000000000001,6,0,0.5705349,-0.15357202,5,-0.17500000000000016,-0.17946511507034313
flat,0.625,0.7500000000000001,7,0,0.61013436,0.038182914,5,-0.1250000000000001,-0.13986563682556163
flat,0.675,0.7500000000000001,8,0,0.6497339,0.22993803,5,-0.07500000000000007,-0.10026609897613536
flat,0.7250000000000001,0.7500000000000001,9,0,0.68933344,0.42169303,5,-0.025000000000000022,-0.060666561126709095
flat,0.7749999999999999,0.7500000000000001,10,1,0.7289329,0.6134478,5,0.0249999999999998,-0.0210670828819276
flat,0.7749999999999999,0.7500000000000001,10,1,0.7289329,0.6134478,5,0.0249999999999998,-0.0210670828819276
flat,0.825,0.7500000000000001,11,1,0.7685324,0.8052027,5,0.07499999999999984,0.018532395362853893
flat,0.825,0.7500000000000001,11,1,0.7685324,0.8052027,5,0.07499999999999984,0.018532395362853893
flat,0.8749999999999999,0.7500000000000001,12,1,0.8081319,0.9969578,5,0.12499999999999978,0.05813187360763539
flat,0.8749999999999999,0.7500000000000001,12,1,0.8081319,0.9969578,5,0.12499999999999978,0.05813187360763539
flat,0.9249999999999999,0.7500000000000001,13,1,0.8477314,1.1887128,5,0.17499999999999982,0.09773141145706166
flat,0.9249999999999999,0.7500000000000001,13,1,0.8477314,1.1887128,5,0.17499999999999982,0.09773141145706166
flat,0.975,0.7500000000000001,14,1,0.887331,1.380468,5,0.22499999999999987,0.1373310089111327
flat,0.975,0.7500000000000001,14,1,0.887331,1.380468,5,0.22499999999999987,0.1373310089111327
base,0.025000000000000022,0.5,0,0,0.1371948,-1.7818326,5,-0.475,-0.36280520260334015
base,0.075,0.5,1,0,0.16578557,-1.6190063,5,-0.425,-0.3342144340276718
base,0.12500000000000003,0.5,2,0,0.20538507,-1.4272512,5,-0.375,-0.29461492598056793
base,0.17500000000000002,0.5,3,0,0.24498457,-1.2354963,5,-0.32499999999999996,-0.25501543283462524
base,0.225,0.5,4,0,0.28458405,-1.0437415,5,-0.275,-0.21541595458984375
base,0.275,0.5,5,0,0.32418358,-0.8519864,5,-0.22499999999999998,-0.17581641674041748
base,0.325,0.5,6,0,0.36378306,-0.6602315,5,-0.175,-0.136216938495636
base,0.37500000000000006,0.5,7,0,0.40338254,-0.4684765,5,-0.12499999999999994,-0.09661746025085449
base,0.425,0.5,8,0,0.44298208,-0.2767215,5,-0.07500000000000001,-0.05701792240142822
base,0.475,0.5,9,0,0.48258156,-0.0849666,5,-0.025000000000000022,-0.01741844415664673
base,0.525,0.5,10,1,0.522181,0.10678828,5,0.025000000000000022,0.02218097448348999
base,0.575,0.5,11,1,0.5617805,0.2985432,5,0.07499999999999996,0.06178051233291626
base,0.625,0.5,12,1,0.60138,0.49029827,5,0.125,0.10137999057769775
base,0.675,0.5,13,1,0.6409795,0.6820532,5,0.17500000000000004,0.14097952842712402
base,0.7250000000000001,0.5,14,1,0.68057907,0.87380826,5,0.2250000000000001,0.1805790662765503
base,0.7749999999999999,0.5,15,1,0.7201785,1.0655631,5,0.2749999999999999,0.220178484916687
base,0.825,0.5,16,1,0.7597779,1.257318,5,0.32499999999999996,0.25977790355682373
base,0.8749999999999999,0.5,17,1,0.79937744,1.4490728,5,0.3749999999999999,0.29937744140625
base,0.9249999999999999,0.5,18,1,0.83897704,1.640828,5,0.42499999999999993,0.33897703886032104
base,0.975,0.5,19,1,0.8785765,1.8325831,5,0.475,0.37857651710510254
curv,0.025000000000000022,0.25,0,0,0.12423813,-1.3423914,5,-0.22499999999999998,-0.12576186656951904
curv,0.025000000000000022,0.25,0,0,0.12423813,-1.3423914,5,-0.22499999999999998,-0.12576186656951904
curv,0.075,0.25,1,0,0.15703118,-1.1668909,5,-0.175,-0.09296882152557373
curv,0.075,0.25,1,0,0.15703118,-1.1668909,5,-0.175,-0.09296882152557373
curv,0.12500000000000003,0.25,2,0,0.19663067,-0.97513586,5,-0.12499999999999997,-0.05336932837963104
curv,0.12500000000000003,0.25,2,0,0.19663067,-0.97513586,5,-0.12499999999999997,-0.05336932837963104
curv,0.17500000000000002,0.25,3,0,0.23623016,-0.7833809,5,-0.07499999999999998,-0.013769835233688354
curv,0.17500000000000002,0.25,3,0,0.23623016,-0.7833809,5,-0.07499999999999998,-0.013769835233688354
curv,0.225,0.25,4,0,0.27582967,-0.59162605,5,-0.024999999999999994,0.025829672813415527
curv,0.225,0.25,4,0,0.27582967,-0.59162605,5,-0.024999999999999994,0.025829672813415527
curv,0.275,0.25,5,1,0.31542915,-0.39987108,5,0.025000000000000022,0.06542915105819702
curv,0.325,0.25,6,1,0.35502863,-0.20811611,5,0.07500000000000001,0.10502862930297852
curv,0.37500000000000006,0.25,7,1,0.39462817,-0.016361117,5,0.12500000000000006,0.14462816715240479
curv,0.425,0.25,8,1,0.43422765,0.17539382,5,0.175,0.18422764539718628
curv,0.475,0.25,9,1,0.47382712,0.36714864,5,0.22499999999999998,0.22382712364196777
curv,0.525,0.25,10,1,0.5134266,0.5589037,5,0.275,0.26342660188674927
curv,0.575,0.25,11,1,0.5530261,0.7506585,5,0.32499999999999996,0.30302608013153076
curv,0.625,0.25,12,1,0.5926256,0.9424137,5,0.375,0.34262561798095703
curv,0.675,0.25,13,1,0.63222516,1.1341686,5,0.42500000000000004,0.3822251558303833
curv,0.7250000000000001,0.25,14,1,0.67182463,1.3259237,5,0.4750000000000001,0.4218246340751648
flat,0.275,0.7500000000000001,0,0,0.33293796,-1.3041017,5,-0.4750000000000001,-0.41706204414367687
flat,0.325,0.7500000000000001,1,0,0.37253743,-1.1123468,5,-0.4250000000000001,-0.3774625658988954
flat,0.37500000000000006,0.7500000000000001,2,0,0.4121369,-0.92059183,5,-0.37500000000000006,-0.3378630876541139
flat,0.425,0.7500000000000001,3,0,0.45173645,-0.7288368,5,-0.3250000000000001,-0.2982635498046876
flat,0.475,0.7500000000000001,4,0,0.49133587,-0.5370821,5,-0.27500000000000013,-0.2586641311645509
flat,0.525,0.7500000000000001,5,0,0.5309354,-0.34532708,5,-0.2250000000000001,-0.21906459331512462
flat,0.575,0.7500000000000001,6,0,0.5705349,-0.15357202,5,-0.17500000000000016,-0.17946511507034313
flat,0.625,0.7500000000000001,7,0,0.61013436,0.038182914,5,-0.1250000000000001,-0.13986563682556163
flat,0.675,0.7500000000000001,8,0,0.6497339,0.22993803,5,-0.07500000000000007,-0.10026609897613536
flat,0.7250000000000001,0.7500000000000001,9,0,0.68933344,0.42169303,5,-0.025000000000000022,-0.060666561126709095
flat,0.7749999999999999,0.7500000000000001,10,1,0.7289329,0.6134478,5,0.0249999999999998,-0.0210670828819276
flat,0.7749999999999999,0.7500000000000001,10,1,0.7289329,0.6134478,5,0.0249999999999998,-0.0210670828819276
flat,0.825,0.7500000000000001,11,1,0.7685324,0.8052027,5,0.07499999999999984,0.018532395362853893
flat,0.825,0.7500000000000001,11,1,0.7685324,0.8052027,5,0.07499999999999984,0.018532395362853893
flat,0.8749999999999999,0.7500000000000001,12,1,0.8081319,0.9969578,5,0.12499999999999978,0.05813187360763539
flat,0.8749999999999999,0.7500000000000001,12,1,0.8081319,0.9969578,5,0.12499999999999978,0.05813187360763539
flat,0.9249999999999999,0.7500000000000001,13,1,0.8477314,1.1887128,5,0.17499999999999982,0.09773141145706166
flat,0.9249999999999999,0.7500000000000001,13,1,0.8477314,1.1887128,5,0.17499999999999982,0.09773141145706166
flat,0.975,0.7500000000000001,14,1,0.887331,1.380468,5,0.22499999999999987,0.1373310089111327
flat,0.975,0.7500000000000001,14,1,0.887331,1.380468,5,0.22499999999999987,0.1373310089111327
base,0.025000000000000022,0.5,0,0,0.054829497,-0.5711398,6,-0.475,-0.4451705031096935
base,0.075,0.5,1,0,0.10141645,-0.51162004,6,-0.425,-0.3985835462808609
base,0.12500000000000003,0.5,2,0,0.14800337,-0.45210034,6,-0.375,-0.35199663043022156
base,0.17500000000000002,0.5,3,0,0.19459033,-0.39258057,6,-0.32499999999999996,-0.30540966987609863
base,0.225,0.5,4,0,0.24117729,-0.3330608,6,-0.275,-0.2588227093219757
base,0.275,0.5,5,0,0.28776422,-0.27354097,6,-0.22499999999999998,-0.21223577857017517
base,0.325,0.5,6,0,0.33435115,-0.21402127,6,-0.175,-0.16564884781837463
base,0.37500000000000006,0.5,7,0,0.38093814,-0.15450144,6,-0.12499999999999994,-0.11906185746192932
base,0.425,0.5,8,0,0.4275251,-0.09498167,6,-0.07500000000000001,-0.0724748969078064
base,0.475,0.5,9,0,0.474112,-0.035461932,6,-0.025000000000000022,-0.025887995958328247
base,0.525,0.5,10,1,0.5206989,0.02405785,6,0.025000000000000022,0.020698904991149902
base,0.575,0.5,11,1,0.56728595,0.08357763,6,0.07499999999999996,0.06728595495223999
base,0.625,0.5,12,1,0.6138729,0.14309737,6,0.125,0.11387288570404053
base,0.675,0.5,13,1,0.6604599,0.2026172,6,0.17500000000000004,0.16045987606048584
base,0.7250000000000001,0.5,14,1,0.70704675,0.262137,6,0.2250000000000001,0.2070467472076416
base,0.7749999999999999,0.5,15,1,0.75363374,0.32165664,6,0.2749999999999999,0.2536337375640869
base,0.825,0.5,16,1,0.8002206,0.38117653,6,0.32499999999999996,0.3002206087112427
base,0.8749999999999999,0.5,17,1,0.8468076,0.4406963,6,0.3749999999999999,0.346807599067688
base,0.9249999999999999,0.5,18,1,0.8933946,0.50021607,6,0.42499999999999993,0.3933945894241333
base,0.975,0.5,19,1,0.9399816,0.5597359,6,0.475,0.4399815797805786
curv,0.025000000000000022,0.25,0,0,0.018367495,-0.5165957,6,-0.22499999999999998,-0.2316325046122074
curv,0.025000000000000022,0.25,0,0,0.018367495,-0.5165957,6,-0.22499999999999998,-0.2316325046122074
curv,0.075,0.25,1,0,0.064954445,-0.457076,6,-0.175,-0.18504555523395538
curv,0.075,0.25,1,0,0.064954445,-0.457076,6,-0.175,-0.18504555523395538
curv,0.12500000000000003,0.25,2,0,0.11154136,-0.39755622,6,-0.12499999999999997,-0.13845863938331604
curv,0.12500000000000003,0.25,2,0,0.11154136,-0.39755622,6,-0.12499999999999997,-0.13845863938331604
curv,0.17500000000000002,0.25,3,0,0.15812832,-0.33803648,6,-0.07499999999999998,-0.09187167882919312
curv,0.17500000000000002,0.25,3,0,0.15812832,-0.33803648,6,-0.07499999999999998,-0.09187167882919312
curv,0.225,0.25,4,0,0.2047153,-0.2785167,6,-0.024999999999999994,-0.045284703373909
curv,0.225,0.25,4,0,0.2047153,-0.2785167,6,-0.024999999999999994,-0.045284703373909
curv,0.275,0.25,5,1,0.2513022,-0.21899694,6,0.025000000000000022,0.0013022124767303467
curv,0.325,0.25,6,1,0.29788914,-0.15947711,6,0.07500000000000001,0.047889143228530884
curv,0.37500000000000006,0.25,7,1,0.34447613,-0.09995741,6,0.12500000000000006,0.0944761335849762
curv,0.425,0.25,8,1,0.3910631,-0.04043764,6,0.175,0.14106309413909912
curv,0.475,0.25,9,1,0.43765005,0.019082174,6,0.22499999999999998,0.18765005469322205
curv,0.525,0.25,10,1,0.484237,0.0786019,6,0.275,0.23423698544502258
curv,0.575,0.25,11,1,0.53082395,0.13812166,6,0.32499999999999996,0.2808239459991455
curv,0.625,0.25,12,1,0.5774109,0.19764146,6,0.375,0.32741087675094604
curv,0.675,0.25,13,1,0.62399787,0.25716126,6,0.42500000000000004,0.37399786710739136
curv,0.7250000000000001,0.25,14,1,0.6705848,0.316681,6,0.4750000000000001,0.4205847978591919
flat,0.275,0.7500000000000001,0,0,0.32422623,-0.32808506,6,-0.4750000000000001,-0.4257737696170808
flat,0.325,0.7500000000000001,1,0,0.3708132,-0.26856527,6,-0.4250000000000001,-0.3791868090629579
flat,0.37500000000000006,0.7500000000000001,2,0,0.41740018,-0.2090455,6,-0.37500000000000006,-0.33259981870651256
flat,0.425,0.7500000000000001,3,0,0.46398714,-0.14952573,6,-0.3250000000000001,-0.28601285815238964
flat,0.475,0.7500000000000001,4,0,0.51057404,-0.090005994,6,-0.27500000000000013,-0.2394259572029115
flat,0.525,0.7500000000000001,5,0,0.557161,-0.030486196,6,-0.2250000000000001,-0.19283902645111095
flat,0.575,0.7500000000000001,6,0,0.60374796,0.029033601,6,-0.17500000000000016,-0.14625203609466564
flat,0.625,0.7500000000000001,7,0,0.65033495,0.08855337,6,-0.1250000000000001,-0.09966504573822033
flat,0.675,0.7500000000000001,8,0,0.6969219,0.14807314,6,-0.07500000000000007,-0.05307811498641979
flat,0.7250000000000001,0.7500000000000001,9,0,0.7435088,0.20759287,6,-0.025000000000000022,-0.006491184234619252
flat,0.7749999999999999,0.7500000000000001,10,1,0.7900957,0.26711255,6,0.0249999999999998,0.04009568691253651
flat,0.7749999999999999,0.7500000000000001,10,1,0.7900957,0.26711255,6,0.0249999999999998,0.04009568691253651
flat,0.825,0.7500000000000001,11,1,0.8366827,0.32663238,6,0.07499999999999984,0.08668267726898182
flat,0.825,0.7500000000000001,11,1,0.8366827,0.32663238,6,0.07499999999999984,0.08668267726898182
flat,0.8749999999999999,0.7500000000000001,12,1,0.88326967,0.38615215,6,0.12499999999999978,0.13326966762542714
flat,0.8749999999999999,0.7500000000000001,12,1,0.88326967,0.38615215,6,0.12499999999999978,0.13326966762542714
flat,0.9249999999999999,0.7500000000000001,13,1,0.92985666,0.44567198,6,0.17499999999999982,0.17985665798187245
flat,0.9249999999999999,0.7500000000000001,13,1,0.92985666,0.44567198,6,0.17499999999999982,0.17985665798187245
flat,0.975,0.7500000000000001,14,1,0.9764435,0.5051917,6,0.22499999999999987,0.2264435291290282
flat,0.975,0.7500000000000001,14,1,0.9764435,0.5051917,6,0.22499999999999987,0.2264435291290282
base,0.025000000000000022,0.5,0,0,0.054829497,-0.5711398,6,-0.475,-0.4451705031096935
base,0.075,0.5,1,0,0.10141645,-0.51162004,6,-0.425,-0.3985835462808609
base,0.12500000000000003,0.5,2,0,0.14800337,-0.45210034,6,-0.375,-0.35199663043022156
base,0.17500000000000002,0.5,3,0,0.19459033,-0.39258057,6,-0.32499999999999996,-0.30540966987609863
base,0.225,0.5,4,0,0.24117729,-0.3330608,6,-0.275,-0.2588227093219757
base,0.275,0.5,5,0,0.28776422,-0.27354097,6,-0.22499999999999998,-0.21223577857017517
base,0.325,0.5,6,0,0.33435115,-0.21402127,6,-0.175,-0.16564884781837463
base,0.37500000000000006,0.5,7,0,0.38093814,-0.15450144,6,-0.12499999999999994,-0.11906185746192932
base,0.425,0.5,8,0,0.4275251,-0.09498167,6,-0.07500000000000001,-0.0724748969078064
base,0.475,0.5,9,0,0.474112,-0.035461932,6,-0.025000000000000022,-0.025887995958328247
base,0.525,0.5,10,1,0.5206989,0.02405785,6,0.025000000000000022,0.020698904991149902
base,0.575,0.5,11,1,0.56728595,0.08357763,6,0.07499999999999996,0.06728595495223999
base,0.625,0.5,12,1,0.6138729,0.14309737,6,0.125,0.11387288570404053
base,0.675,0.5,13,1,0.6604599,0.2026172,6,0.17500000000000004,0.16045987606048584
base,0.7250000000000001,0.5,14,1,0.70704675,0.262137,6,0.2250000000000001,0.2070467472076416
base,0.7749999999999999,0.5,15,1,0.75363374,0.32165664,6,0.2749999999999999,0.2536337375640869
base,0.825,0.5,16,1,0.8002206,0.38117653,6,0.32499999999999996,0.3002206087112427
base,0.8749999999999999,0.5,17,1,0.8468076,0.4406963,6,0.3749999999999999,0.346807599067688
base,0.9249999999999999,0.5,18,1,0.8933946,0.50021607,6,0.42499999999999993,0.3933945894241333
base,0.975,0.5,19,1,0.9399816,0.5597359,6,0.475,0.4399815797805786
curv,0.025000000000000022,0.25,0,0,0.018367495,-0.5165957,6,-0.22499999999999998,-0.2316325046122074
curv,0.025000000000000022,0.25,0,0,0.018367495,-0.5165957,6,-0.22499999999999998,-0.2316325046122074
curv,0.075,0.25,1,0,0.064954445,-0.457076,6,-0.175,-0.18504555523395538
curv,0.075,0.25,1,0,0.064954445,-0.457076,6,-0.175,-0.18504555523395538
curv,0.12500000000000003,0.25,2,0,0.11154136,-0.39755622,6,-0.12499999999999997,-0.13845863938331604
curv,0.12500000000000003,0.25,2,0,0.11154136,-0.39755622,6,-0.12499999999999997,-0.13845863938331604
curv,0.17500000000000002,0.25,3,0,0.15812832,-0.33803648,6,-0.07499999999999998,-0.09187167882919312
curv,0.17500000000000002,0.25,3,0,0.15812832,-0.33803648,6,-0.07499999999999998,-0.09187167882919312
curv,0.225,0.25,4,0,0.2047153,-0.2785167,6,-0.024999999999999994,-0.045284703373909
curv,0.225,0.25,4,0,0.2047153,-0.2785167,6,-0.024999999999999994,-0.045284703373909
curv,0.275,0.25,5,1,0.2513022,-0.21899694,6,0.025000000000000022,0.0013022124767303467
curv,0.325,0.25,6,1,0.29788914,-0.15947711,6,0.07500000000000001,0.047889143228530884
curv,0.37500000000000006,0.25,7,1,0.34447613,-0.09995741,6,0.12500000000000006,0.0944761335849762
curv,0.425,0.25,8,1,0.3910631,-0.04043764,6,0.175,0.14106309413909912
curv,0.475,0.25,9,1,0.43765005,0.019082174,6,0.22499999999999998,0.18765005469322205
curv,0.525,0.25,10,1,0.484237,0.0786019,6,0.275,0.23423698544502258
curv,0.575,0.25,11,1,0.53082395,0.13812166,6,0.32499999999999996,0.2808239459991455
curv,0.625,0.25,12,1,0.5774109,0.19764146,6,0.375,0.32741087675094604
curv,0.675,0.25,13,1,0.62399787,0.25716126,6,0.42500000000000004,0.37399786710739136
curv,0.7250000000000001,0.25,14,1,0.6705848,0.316681,6,0.4750000000000001,0.4205847978591919
flat,0.275,0.7500000000000001,0,0,0.32422623,-0.32808506,6,-0.4750000000000001,-0.4257737696170808
flat,0.325,0.7500000000000001,1,0,0.3708132,-0.26856527,6,-0.4250000000000001,-0.3791868090629579
flat,0.37500000000000006,0.7500000000000001,2,0,0.41740018,-0.2090455,6,-0.37500000000000006,-0.33259981870651256
flat,0.425,0.7500000000000001,3,0,0.46398714,-0.14952573,6,-0.3250000000000001,-0.28601285815238964
flat,0.475,0.7500000000000001,4,0,0.51057404,-0.090005994,6,-0.27500000000000013,-0.2394259572029115
flat,0.525,0.7500000000000001,5,0,0.557161,-0.030486196,6,-0.2250000000000001,-0.19283902645111095
flat,0.575,0.7500000000000001,6,0,0.60374796,0.029033601,6,-0.17500000000000016,-0.14625203609466564
flat,0.625,0.7500000000000001,7,0,0.65033495,0.08855337,6,-0.1250000000000001,-0.09966504573822033
flat,0.675,0.7500000000000001,8,0,0.6969219,0.14807314,6,-0.07500000000000007,-0.05307811498641979
flat,0.7250000000000001,0.7500000000000001,9,0,0.7435088,0.20759287,6,-0.025000000000000022,-0.006491184234619252
flat,0.7749999999999999,0.7500000000000001,10,1,0.7900957,0.26711255,6,0.0249999999999998,0.04009568691253651
flat,0.7749999999999999,0.7500000000000001,10,1,0.7900957,0.26711255,6,0.0249999999999998,0.04009568691253651
flat,0.825,0.7500000000000001,11,1,0.8366827,0.32663238,6,0.07499999999999984,0.08668267726898182
flat,0.825,0.7500000000000001,11,1,0.8366827,0.32663238,6,0.07499999999999984,0.08668267726898182
flat,0.8749999999999999,0.7500000000000001,12,1,0.88326967,0.38615215,6,0.12499999999999978,0.13326966762542714
flat,0.8749999999999999,0.7500000000000001,12,1,0.88326967,0.38615215,6,0.12499999999999978,0.13326966762542714
flat,0.9249999999999999,0.7500000000000001,13,1,0.92985666,0.44567198,6,0.17499999999999982,0.17985665798187245
flat,0.9249999999999999,0.7500000000000001,13,1,0.92985666,0.44567198,6,0.17499999999999982,0.17985665798187245
flat,0.975,0.7500000000000001,14,1,0.9764435,0.5051917,6,0.22499999999999987,0.2264435291290282
flat,0.975,0.7500000000000001,14,1,0.9764435,0.5051917,6,0.22499999999999987,0.2264435291290282
base,0.025000000000000022,0.5,0,0,0.054829497,-0.5711398,6,-0.475,-0.4451705031096935
base,0.075,0.5,1,0,0.10141645,-0.51162004,6,-0.425,-0.3985835462808609
base,0.12500000000000003,0.5,2,0,0.14800337,-0.45210034,6,-0.375,-0.35199663043022156
base,0.17500000000000002,0.5,3,0,0.19459033,-0.39258057,6,-0.32499999999999996,-0.30540966987609863
base,0.225,0.5,4,0,0.24117729,-0.3330608,6,-0.275,-0.2588227093219757
base,0.275,0.5,5,0,0.28776422,-0.27354097,6,-0.22499999999999998,-0.21223577857017517
base,0.325,0.5,6,0,0.33435115,-0.21402127,6,-0.175,-0.16564884781837463
base,0.37500000000000006,0.5,7,0,0.38093814,-0.15450144,6,-0.12499999999999994,-0.11906185746192932
base,0.425,0.5,8,0,0.4275251,-0.09498167,6,-0.07500000000000001,-0.0724748969078064
base,0.475,0.5,9,0,0.474112,-0.035461932,6,-0.025000000000000022,-0.025887995958328247
base,0.525,0.5,10,1,0.5206989,0.02405785,6,0.025000000000000022,0.020698904991149902
base,0.575,0.5,11,1,0.56728595,0.08357763,6,0.07499999999999996,0.06728595495223999
base,0.625,0.5,12,1,0.6138729,0.14309737,6,0.125,0.11387288570404053
base,0.675,0.5,13,1,0.6604599,0.2026172,6,0.17500000000000004,0.16045987606048584
base,0.7250000000000001,0.5,14,1,0.70704675,0.262137,6,0.2250000000000001,0.2070467472076416
base,0.7749999999999999,0.5,15,1,0.75363374,0.32165664,6,0.2749999999999999,0.2536337375640869
base,0.825,0.5,16,1,0.8002206,0.38117653,6,0.32499999999999996,0.3002206087112427
base,0.8749999999999999,0.5,17,1,0.8468076,0.4406963,6,0.3749999999999999,0.346807599067688
base,0.9249999999999999,0.5,18,1,0.8933946,0.50021607,6,0.42499999999999993,0.3933945894241333
base,0.975,0.5,19,1,0.9399816,0.5597359,6,0.475,0.4399815797805786
curv,0.025000000000000022,0.25,0,0,0.018367495,-0.5165957,6,-0.22499999999999998,-0.2316325046122074
curv,0.025000000000000022,0.25,0,0,0.018367495,-0.5165957,6,-0.22499999999999998,-0.2316325046122074
curv,0.075,0.25,1,0,0.064954445,-0.457076,6,-0.175,-0.18504555523395538
curv,0.075,0.25,1,0,0.064954445,-0.457076,6,-0.175,-0.18504555523395538
curv,0.12500000000000003,0.25,2,0,0.11154136,-0.39755622,6,-0.12499999999999997,-0.13845863938331604
curv,0.12500000000000003,0.25,2,0,0.11154136,-0.39755622,6,-0.12499999999999997,-0.13845863938331604
curv,0.17500000000000002,0.25,3,0,0.15812832,-0.33803648,6,-0.07499999999999998,-0.09187167882919312
curv,0.17500000000000002,0.25,3,0,0.15812832,-0.33803648,6,-0.07499999999999998,-0.09187167882919312
curv,0.225,0.25,4,0,0.2047153,-0.2785167,6,-0.024999999999999994,-0.045284703373909
curv,0.225,0.25,4,0,0.2047153,-0.2785167,6,-0.024999999999999994,-0.045284703373909
curv,0.275,0.25,5,1,0.2513022,-0.21899694,6,0.025000000000000022,0.0013022124767303467
curv,0.325,0.25,6,1,0.29788914,-0.15947711,6,0.07500000000000001,0.047889143228530884
curv,0.37500000000000006,0.25,7,1,0.34447613,-0.09995741,6,0.12500000000000006,0.0944761335849762
curv,0.425,0.25,8,1,0.3910631,-0.04043764,6,0.175,0.14106309413909912
curv,0.475,0.25,9,1,0.43765005,0.019082174,6,0.22499999999999998,0.18765005469322205
curv,0.525,0.25,10,1,0.484237,0.0786019,6,0.275,0.23423698544502258
curv,0.575,0.25,11,1,0.53082395,0.13812166,6,0.32499999999999996,0.2808239459991455
curv,0.625,0.25,12,1,0.5774109,0.19764146,6,0.375,0.32741087675094604
curv,0.675,0.25,13,1,0.62399787,0.25716126,6,0.42500000000000004,0.37399786710739136
curv,0.7250000000000001,0.25,14,1,0.6705848,0.316681,6,0.4750000000000001,0.4205847978591919
flat,0.275,0.7500000000000001,0,0,0.32422623,-0.32808506,6,-0.4750000000000001,-0.4257737696170808
flat,0.325,0.7500000000000001,1,0,0.3708132,-0.26856527,6,-0.4250000000000001,-0.3791868090629579
flat,0.37500000000000006,0.7500000000000001,2,0,0.41740018,-0.2090455,6,-0.37500000000000006,-0.33259981870651256
flat,0.425,0.7500000000000001,3,0,0.46398714,-0.14952573,6,-0.3250000000000001,-0.28601285815238964
flat,0.475,0.7500000000000001,4,0,0.51057404,-0.090005994,6,-0.27500000000000013,-0.2394259572029115
flat,0.525,0.7500000000000001,5,0,0.557161,-0.030486196,6,-0.2250000000000001,-0.19283902645111095
flat,0.575,0.7500000000000001,6,0,0.60374796,0.029033601,6,-0.17500000000000016,-0.14625203609466564
flat,0.625,0.7500000000000001,7,0,0.65033495,0.08855337,6,-0.1250000000000001,-0.09966504573822033
flat,0.675,0.7500000000000001,8,0,0.6969219,0.14807314,6,-0.07500000000000007,-0.05307811498641979
flat,0.7250000000000001,0.7500000000000001,9,0,0.7435088,0.20759287,6,-0.025000000000000022,-0.006491184234619252
flat,0.7749999999999999,0.7500000000000001,10,1,0.7900957,0.26711255,6,0.0249999999999998,0.04009568691253651
flat,0.7749999999999999,0.7500000000000001,10,1,0.7900957,0.26711255,6,0.0249999999999998,0.04009568691253651
flat,0.825,0.7500000000000001,11,1,0.8366827,0.32663238,6,0.07499999999999984,0.08668267726898182
flat,0.825,0.7500000000000001,11,1,0.8366827,0.32663238,6,0.07499999999999984,0.08668267726898182
flat,0.8749999999999999,0.7500000000000001,12,1,0.88326967,0.38615215,6,0.12499999999999978,0.13326966762542714
flat,0.8749999999999999,0.7500000000000001,12,1,0.88326967,0.38615215,6,0.12499999999999978,0.13326966762542714
flat,0.9249999999999999,0.7500000000000001,13,1,0.92985666,0.44567198,6,0.17499999999999982,0.17985665798187245
flat,0.9249999999999999,0.7500000000000001,13,1,0.92985666,0.44567198,6,0.17499999999999982,0.17985665798187245
flat,0.975,0.7500000000000001,14,1,0.9764435,0.5051917,6,0.22499999999999987,0.2264435291290282
flat,0.975,0.7500000000000001,14,1,0.9764435,0.5051917,6,0.22499999999999987,0.2264435291290282
base,0.025000000000000022,0.5,0,0,0.054829497,-0.5711398,6,-0.475,-0.4451705031096935
base,0.075,0.5,1,0,0.10141645,-0.51162004,6,-0.425,-0.3985835462808609
base,0.12500000000000003,0.5,2,0,0.14800337,-0.45210034,6,-0.375,-0.35199663043022156
base,0.17500000000000002,0.5,3,0,0.19459033,-0.39258057,6,-0.32499999999999996,-0.30540966987609863
base,0.225,0.5,4,0,0.24117729,-0.3330608,6,-0.275,-0.2588227093219757
base,0.275,0.5,5,0,0.28776422,-0.27354097,6,-0.22499999999999998,-0.21223577857017517
base,0.325,0.5,6,0,0.33435115,-0.21402127,6,-0.175,-0.16564884781837463
base,0.37500000000000006,0.5,7,0,0.38093814,-0.15450144,6,-0.12499999999999994,-0.11906185746192932
base,0.425,0.5,8,0,0.4275251,-0.09498167,6,-0.07500000000000001,-0.0724748969078064
base,0.475,0.5,9,0,0.474112,-0.035461932,6,-0.025000000000000022,-0.025887995958328247
base,0.525,0.5,10,1,0.5206989,0.02405785,6,0.025000000000000022,0.020698904991149902
base,0.575,0.5,11,1,0.56728595,0.08357763,6,0.07499999999999996,0.06728595495223999
base,0.625,0.5,12,1,0.6138729,0.14309737,6,0.125,0.11387288570404053
base,0.675,0.5,13,1,0.6604599,0.2026172,6,0.17500000000000004,0.16045987606048584
base,0.7250000000000001,0.5,14,1,0.70704675,0.262137,6,0.2250000000000001,0.2070467472076416
base,0.7749999999999999,0.5,15,1,0.75363374,0.32165664,6,0.2749999999999999,0.2536337375640869
base,0.825,0.5,16,1,0.8002206,0.38117653,6,0.32499999999999996,0.3002206087112427
base,0.8749999999999999,0.5,17,1,0.8468076,0.4406963,6,0.3749999999999999,0.346807599067688
base,0.9249999999999999,0.5,18,1,0.8933946,0.50021607,6,0.42499999999999993,0.3933945894241333
base,0.975,0.5,19,1,0.9399816,0.5597359,6,0.475,0.4399815797805786
curv,0.025000000000000022,0.25,0,0,0.018367495,-0.5165957,6,-0.22499999999999998,-0.2316325046122074
curv,0.025000000000000022,0.25,0,0,0.018367495,-0.5165957,6,-0.22499999999999998,-0.2316325046122074
curv,0.075,0.25,1,0,0.064954445,-0.457076,6,-0.175,-0.18504555523395538
curv,0.075,0.25,1,0,0.064954445,-0.457076,6,-0.175,-0.18504555523395538
curv,0.12500000000000003,0.25,2,0,0.11154136,-0.39755622,6,-0.12499999999999997,-0.13845863938331604
curv,0.12500000000000003,0.25,2,0,0.11154136,-0.39755622,6,-0.12499999999999997,-0.13845863938331604
curv,0.17500000000000002,0.25,3,0,0.15812832,-0.33803648,6,-0.07499999999999998,-0.09187167882919312
curv,0.17500000000000002,0.25,3,0,0.15812832,-0.33803648,6,-0.07499999999999998,-0.09187167882919312
curv,0.225,0.25,4,0,0.2047153,-0.2785167,6,-0.024999999999999994,-0.045284703373909
curv,0.225,0.25,4,0,0.2047153,-0.2785167,6,-0.024999999999999994,-0.045284703373909
curv,0.275,0.25,5,1,0.2513022,-0.21899694,6,0.025000000000000022,0.0013022124767303467
curv,0.325,0.25,6,1,0.29788914,-0.15947711,6,0.07500000000000001,0.047889143228530884
curv,0.37500000000000006,0.25,7,1,0.34447613,-0.09995741,6,0.12500000000000006,0.0944761335849762
curv,0.425,0.25,8,1,0.3910631,-0.04043764,6,0.175,0.14106309413909912
curv,0.475,0.25,9,1,0.43765005,0.019082174,6,0.22499999999999998,0.18765005469322205
curv,0.525,0.25,10,1,0.484237,0.0786019,6,0.275,0.23423698544502258
curv,0.575,0.25,11,1,0.53082395,0.13812166,6,0.32499999999999996,0.2808239459991455
curv,0.625,0.25,12,1,0.5774109,0.19764146,6,0.375,0.32741087675094604
curv,0.675,0.25,13,1,0.62399787,0.25716126,6,0.42500000000000004,0.37399786710739136
curv,0.7250000000000001,0.25,14,1,0.6705848,0.316681,6,0.4750000000000001,0.4205847978591919
flat,0.275,0.7500000000000001,0,0,0.32422623,-0.32808506,6,-0.4750000000000001,-0.4257737696170808
flat,0.325,0.7500000000000001,1,0,0.3708132,-0.26856527,6,-0.4250000000000001,-0.3791868090629579
flat,0.37500000000000006,0.7500000000000001,2,0,0.41740018,-0.2090455,6,-0.37500000000000006,-0.33259981870651256
flat,0.425,0.7500000000000001,3,0,0.46398714,-0.14952573,6,-0.3250000000000001,-0.28601285815238964
flat,0.475,0.7500000000000001,4,0,0.51057404,-0.090005994,6,-0.27500000000000013,-0.2394259572029115
flat,0.525,0.7500000000000001,5,0,0.557161,-0.030486196,6,-0.2250000000000001,-0.19283902645111095
flat,0.575,0.7500000000000001,6,0,0.60374796,0.029033601,6,-0.17500000000000016,-0.14625203609466564
flat,0.625,0.7500000000000001,7,0,0.65033495,0.08855337,6,-0.1250000000000001,-0.09966504573822033
flat,0.675,0.7500000000000001,8,0,0.6969219,0.14807314,6,-0.07500000000000007,-0.05307811498641979
flat,0.7250000000000001,0.7500000000000001,9,0,0.7435088,0.20759287,6,-0.025000000000000022,-0.006491184234619252
flat,0.7749999999999999,0.7500000000000001,10,1,0.7900957,0.26711255,6,0.0249999999999998,0.04009568691253651
flat,0.7749999999999999,0.7500000000000001,10,1,0.7900957,0.26711255,6,0.0249999999999998,0.04009568691253651
flat,0.825,0.7500000000000001,11,1,0.8366827,0.32663238,6,0.07499999999999984,0.08668267726898182
flat,0.825,0.7500000000000001,11,1,0.8366827,0.32663238,6,0.07499999999999984,0.08668267726898182
flat,0.8749999999999999,0.7500000000000001,12,1,0.88326967,0.38615215,6,0.12499999999999978,0.13326966762542714
flat,0.8749999999999999,0.7500000000000001,12,1,0.88326967,0.38615215,6,0.12499999999999978,0.13326966762542714
flat,0.9249999999999999,0.7500000000000001,13,1,0.92985666,0.44567198,6,0.17499999999999982,0.17985665798187245
flat,0.9249999999999999,0.7500000000000001,13,1,0.92985666,0.44567198,6,0.17499999999999982,0.17985665798187245
flat,0.975,0.7500000000000001,14,1,0.9764435,0.5051917,6,0.22499999999999987,0.2264435291290282
flat,0.975,0.7500000000000001,14,1,0.9764435,0.5051917,6,0.22499999999999987,0.2264435291290282
base,0.025000000000000022,0.5,0,0,0.09206939,-2.1705778,7,-0.475,-0.4079306125640869
base,0.075,0.5,1,0,0.12173639,-2.0090814,7,-0.425,-0.37826360762119293
base,0.12500000000000003,0.5,2,0,0.16378844,-1.7877614,7,-0.375,-0.33621156215667725
base,0.17500000000000002,0.5,3,0,0.20844348,-1.5528255,7,-0.32499999999999996,-0.2915565222501755
base,0.225,0.5,4,0,0.25309852,-1.3178895,7,-0.275,-0.2469014823436737
base,0.275,0.5,5,0,0.2977536,-1.0829533,7,-0.22499999999999998,-0.20224639773368835
base,0.325,0.5,6,0,0.3424086,-0.8480175,7,-0.175,-0.15759140253067017
base,0.37500000000000006,0.5,7,0,0.38706362,-0.6130816,7,-0.12499999999999994,-0.11293637752532959
base,0.425,0.5,8,0,0.43171868,-0.3781456,7,-0.07500000000000001,-0.06828132271766663
base,0.475,0.5,9,0,0.4763737,-0.14320959,7,-0.025000000000000022,-0.02362629771232605
base,0.525,0.5,10,1,0.52102876,0.091726154,7,0.025000000000000022,0.021028757095336914
base,0.575,0.5,11,1,0.5656837,0.32666212,7,0.07499999999999996,0.06568372249603271
base,0.625,0.5,12,1,0.6103388,0.5615981,7,0.125,0.11033880710601807
base,0.675,0.5,13,1,0.6549939,0.7965341,7,0.17500000000000004,0.15499389171600342
base,0.7250000000000001,0.5,14,1,0.69964886,1.0314701,7,0.2250000000000001,0.19964885711669922
base,0.7749999999999999,0.5,15,1,0.7443038,1.2664058,7,0.2749999999999999,0.24430382251739502
base,0.825,0.5,16,1,0.7889589,1.501342,7,0.32499999999999996,0.28895890712738037
base,0.8749999999999999,0.5,17,1,0.833614,1.7362778,7,0.3749999999999999,0.3336139917373657
base,0.9249999999999999,0.5,18,1,0.8732166,1.9609718,7,0.42499999999999993,0.3732166290283203
base,0.975,0.5,19,1,0.91177213,2.1313128,7,0.475,0.41177213191986084
curv,0.025000000000000022,0.25,0,0,0.055662706,-1.7846,7,-0.22499999999999998,-0.19433729350566864
curv,0.025000000000000022,0.25,0,0,0.055662706,-1.7846,7,-0.22499999999999998,-0.19433729350566864
curv,0.075,0.25,1,0,0.100317776,-1.5496643,7,-0.175,-0.14968222379684448
curv,0.075,0.25,1,0,0.100317776,-1.5496643,7,-0.175,-0.14968222379684448
curv,0.12500000000000003,0.25,2,0,0.14497279,-1.3147283,7,-0.12499999999999997,-0.1050272136926651
curv,0.12500000000000003,0.25,2,0,0.14497279,-1.3147283,7,-0.12499999999999997,-0.1050272136926651
curv,0.17500000000000002,0.25,3,0,0.18962781,-1.0797923,7,-0.07499999999999998,-0.060372188687324524
curv,0.17500000000000002,0.25,3,0,0.18962781,-1.0797923,7,-0.07499999999999998,-0.060372188687324524
curv,0.225,0.25,4,0,0.23428285,-0.8448563,7,-0.024999999999999994,-0.015717148780822754
curv,0.225,0.25,4,0,0.23428285,-0.8448563,7,-0.024999999999999994,-0.015717148780822754
curv,0.275,0.25,5,1,0.27893788,-0.6099203,7,0.025000000000000022,0.028937876224517822
curv,0.325,0.25,6,1,0.3235929,-0.37498438,7,0.07500000000000001,0.0735929012298584
curv,0.37500000000000006,0.25,7,1,0.36824796,-0.14004843,7,0.12500000000000006,0.11824795603752136
curv,0.425,0.25,8,1,0.412903,0.094887555,7,0.175,0.16290301084518433
curv,0.475,0.25,9,1,0.45755807,0.3298235,7,0.22499999999999998,0.2075580656528473
curv,0.525,0.25,10,1,0.5022131,0.5647594,7,0.275,0.25221312046051025
curv,0.575,0.25,11,1,0.5468681,0.7996953,7,0.32499999999999996,0.29686808586120605
curv,0.625,0.25,12,1,0.5915232,1.0346313,7,0.375,0.3415231704711914
curv,0.675,0.25,13,1,0.6361782,1.2695673,7,0.42500000000000004,0.386178195476532
curv,0.7250000000000001,0.25,14,1,0.68713737,1.4803758,7,0.4750000000000001,0.4371373653411865
flat,0.275,0.7500000000000001,0,0,0.31656927,-1.5559864,7,-0.4750000000000001,-0.4334307312965394
flat,0.325,0.7500000000000001,1,0,0.36122426,-1.3210506,7,-0.4250000000000001,-0.38877573609352123
flat,0.37500000000000006,0.7500000000000001,2,0,0.40587935,-1.0861146,7,-0.37500000000000006,-0.3441206514835359
flat,0.425,0.7500000000000001,3,0,0.45053437,-0.85117865,7,-0.3250000000000001,-0.2994656264781953
flat,0.475,0.7500000000000001,4,0,0.49518943,-0.61624277,7,-0.27500000000000013,-0.25481057167053234
flat,0.525,0.7500000000000001,5,0,0.53984445,-0.38130686,7,-0.2250000000000001,-0.21015554666519176
flat,0.575,0.7500000000000001,6,0,0.5844995,-0.14637092,7,-0.17500000000000016,-0.16550052165985119
flat,0.625,0.7500000000000001,7,0,0.62915444,0.08856505,7,-0.1250000000000001,-0.12084555625915538
flat,0.675,0.7500000000000001,8,0,0.6738095,0.3235011,7,-0.07500000000000007,-0.07619047164917003
flat,0.7250000000000001,0.7500000000000001,9,0,0.7184646,0.5584371,7,-0.025000000000000022,-0.03153538703918468
flat,0.7749999999999999,0.7500000000000001,10,1,0.7631196,0.7933729,7,0.0249999999999998,0.01311957836151112
flat,0.7749999999999999,0.7500000000000001,10,1,0.7631196,0.7933729,7,0.0249999999999998,0.01311957836151112
flat,0.825,0.7500000000000001,11,1,0.80777454,1.0283089,7,0.07499999999999984,0.05777454376220692
flat,0.825,0.7500000000000001,11,1,0.80777454,1.0283089,7,0.07499999999999984,0.05777454376220692
flat,0.8749999999999999,0.7500000000000001,12,1,0.8524296,1.2632446,7,0.12499999999999978,0.10242962837219227
flat,0.8749999999999999,0.7500000000000001,12,1,0.8524296,1.2632446,7,0.12499999999999978,0.10242962837219227
flat,0.9249999999999999,0.7500000000000001,13,1,0.8947973,1.4935439,7,0.17499999999999982,0.14479732513427723
flat,0.9249999999999999,0.7500000000000001,13,1,0.8947973,1.4935439,7,0.17499999999999982,0.14479732513427723
flat,0.975,0.7500000000000001,14,1,0.93424785,1.7179289,7,0.22499999999999987,0.18424785137176503
flat,0.975,0.7500000000000001,14,1,0.93424785,1.7179289,7,0.22499999999999987,0.18424785137176503
base,0.025000000000000022,0.5,0,0,0.09206939,-2.1705778,7,-0.475,-0.4079306125640869
base,0.075,0.5,1,0,0.12173639,-2.0090814,7,-0.425,-0.37826360762119293
base,0.12500000000000003,0.5,2,0,0.16378844,-1.7877614,7,-0.375,-0.33621156215667725
base,0.17500000000000002,0.5,3,0,0.20844348,-1.5528255,7,-0.32499999999999996,-0.2915565222501755
base,0.225,0.5,4,0,0.25309852,-1.3178895,7,-0.275,-0.2469014823436737
base,0.275,0.5,5,0,0.2977536,-1.0829533,7,-0.22499999999999998,-0.20224639773368835
base,0.325,0.5,6,0,0.3424086,-0.8480175,7,-0.175,-0.15759140253067017
base,0.37500000000000006,0.5,7,0,0.38706362,-0.6130816,7,-0.12499999999999994,-0.11293637752532959
base,0.425,0.5,8,0,0.43171868,-0.3781456,7,-0.07500000000000001,-0.06828132271766663
base,0.475,0.5,9,0,0.4763737,-0.14320959,7,-0.025000000000000022,-0.02362629771232605
base,0.525,0.5,10,1,0.52102876,0.091726154,7,0.025000000000000022,0.021028757095336914
base,0.575,0.5,11,1,0.5656837,0.32666212,7,0.07499999999999996,0.06568372249603271
base,0.625,0.5,12,1,0.6103388,0.5615981,7,0.125,0.11033880710601807
base,0.675,0.5,13,1,0.6549939,0.7965341,7,0.17500000000000004,0.15499389171600342
base,0.7250000000000001,0.5,14,1,0.69964886,1.0314701,7,0.2250000000000001,0.19964885711669922
base,0.7749999999999999,0.5,15,1,0.7443038,1.2664058,7,0.2749999999999999,0.24430382251739502
base,0.825,0.5,16,1,0.7889589,1.501342,7,0.32499999999999996,0.28895890712738037
base,0.8749999999999999,0.5,17,1,0.833614,1.7362778,7,0.3749999999999999,0.3336139917373657
base,0.9249999999999999,0.5,18,1,0.8732166,1.9609718,7,0.42499999999999993,0.3732166290283203
base,0.975,0.5,19,1,0.91177213,2.1313128,7,0.475,0.41177213191986084
curv,0.025000000000000022,0.25,0,0,0.055662706,-1.7846,7,-0.22499999999999998,-0.19433729350566864
curv,0.025000000000000022,0.25,0,0,0.055662706,-1.7846,7,-0.22499999999999998,-0.19433729350566864
curv,0.075,0.25,1,0,0.100317776,-1.5496643,7,-0.175,-0.14968222379684448
curv,0.075,0.25,1,0,0.100317776,-1.5496643,7,-0.175,-0.14968222379684448
curv,0.12500000000000003,0.25,2,0,0.14497279,-1.3147283,7,-0.12499999999999997,-0.1050272136926651
curv,0.12500000000000003,0.25,2,0,0.14497279,-1.3147283,7,-0.12499999999999997,-0.1050272136926651
curv,0.17500000000000002,0.25,3,0,0.18962781,-1.0797923,7,-0.07499999999999998,-0.060372188687324524
curv,0.17500000000000002,0.25,3,0,0.18962781,-1.0797923,7,-0.07499999999999998,-0.060372188687324524
curv,0.225,0.25,4,0,0.23428285,-0.8448563,7,-0.024999999999999994,-0.015717148780822754
curv,0.225,0.25,4,0,0.23428285,-0.8448563,7,-0.024999999999999994,-0.015717148780822754
curv,0.275,0.25,5,1,0.27893788,-0.6099203,7,0.025000000000000022,0.028937876224517822
curv,0.325,0.25,6,1,0.3235929,-0.37498438,7,0.07500000000000001,0.0735929012298584
curv,0.37500000000000006,0.25,7,1,0.36824796,-0.14004843,7,0.12500000000000006,0.11824795603752136
curv,0.425,0.25,8,1,0.412903,0.094887555,7,0.175,0.16290301084518433
curv,0.475,0.25,9,1,0.45755807,0.3298235,7,0.22499999999999998,0.2075580656528473
curv,0.525,0.25,10,1,0.5022131,0.5647594,7,0.275,0.25221312046051025
curv,0.575,0.25,11,1,0.5468681,0.7996953,7,0.32499999999999996,0.29686808586120605
curv,0.625,0.25,12,1,0.5915232,1.0346313,7,0.375,0.3415231704711914
curv,0.675,0.25,13,1,0.6361782,1.2695673,7,0.42500000000000004,0.386178195476532
curv,0.7250000000000001,0.25,14,1,0.68713737,1.4803758,7,0.4750000000000001,0.4371373653411865
flat,0.275,0.7500000000000001,0,0,0.31656927,-1.5559864,7,-0.4750000000000001,-0.4334307312965394
flat,0.325,0.7500000000000001,1,0,0.36122426,-1.3210506,7,-0.4250000000000001,-0.38877573609352123
flat,0.37500000000000006,0.7500000000000001,2,0,0.40587935,-1.0861146,7,-0.37500000000000006,-0.3441206514835359
flat,0.425,0.7500000000000001,3,0,0.45053437,-0.85117865,7,-0.3250000000000001,-0.2994656264781953
flat,0.475,0.7500000000000001,4,0,0.49518943,-0.61624277,7,-0.27500000000000013,-0.25481057167053234
flat,0.525,0.7500000000000001,5,0,0.53984445,-0.38130686,7,-0.2250000000000001,-0.21015554666519176
flat,0.575,0.7500000000000001,6,0,0.5844995,-0.14637092,7,-0.17500000000000016,-0.16550052165985119
flat,0.625,0.7500000000000001,7,0,0.62915444,0.08856505,7,-0.1250000000000001,-0.12084555625915538
flat,0.675,0.7500000000000001,8,0,0.6738095,0.3235011,7,-0.07500000000000007,-0.07619047164917003
flat,0.7250000000000001,0.7500000000000001,9,0,0.7184646,0.5584371,7,-0.025000000000000022,-0.03153538703918468
flat,0.7749999999999999,0.7500000000000001,10,1,0.7631196,0.7933729,7,0.0249999999999998,0.01311957836151112
flat,0.7749999999999999,0.7500000000000001,10,1,0.7631196,0.7933729,7,0.0249999999999998,0.01311957836151112
flat,0.825,0.7500000000000001,11,1,0.80777454,1.0283089,7,0.07499999999999984,0.05777454376220692
flat,0.825,0.7500000000000001,11,1,0.80777454,1.0283089,7,0.07499999999999984,0.05777454376220692
flat,0.8749999999999999,0.7500000000000001,12,1,0.8524296,1.2632446,7,0.12499999999999978,0.10242962837219227
flat,0.8749999999999999,0.7500000000000001,12,1,0.8524296,1.2632446,7,0.12499999999999978,0.10242962837219227
flat,0.9249999999999999,0.7500000000000001,13,1,0.8947973,1.4935439,7,0.17499999999999982,0.14479732513427723
flat,0.9249999999999999,0.7500000000000001,13,1,0.8947973,1.4935439,7,0.17499999999999982,0.14479732513427723
flat,0.975,0.7500000000000001,14,1,0.93424785,1.7179289,7,0.22499999999999987,0.18424785137176503
flat,0.975,0.7500000000000001,14,1,0.93424785,1.7179289,7,0.22499999999999987,0.18424785137176503
base,0.025000000000000022,0.5,0,0,0.09206939,-2.1705778,7,-0.475,-0.4079306125640869
base,0.075,0.5,1,0,0.12173639,-2.0090814,7,-0.425,-0.37826360762119293
base,0.12500000000000003,0.5,2,0,0.16378844,-1.7877614,7,-0.375,-0.33621156215667725
base,0.17500000000000002,0.5,3,0,0.20844348,-1.5528255,7,-0.32499999999999996,-0.2915565222501755
base,0.225,0.5,4,0,0.25309852,-1.3178895,7,-0.275,-0.2469014823436737
base,0.275,0.5,5,0,0.2977536,-1.0829533,7,-0.22499999999999998,-0.20224639773368835
base,0.325,0.5,6,0,0.3424086,-0.8480175,7,-0.175,-0.15759140253067017
base,0.37500000000000006,0.5,7,0,0.38706362,-0.6130816,7,-0.12499999999999994,-0.11293637752532959
base,0.425,0.5,8,0,0.43171868,-0.3781456,7,-0.07500000000000001,-0.06828132271766663
base,0.475,0.5,9,0,0.4763737,-0.14320959,7,-0.025000000000000022,-0.02362629771232605
base,0.525,0.5,10,1,0.52102876,0.091726154,7,0.025000000000000022,0.021028757095336914
base,0.575,0.5,11,1,0.5656837,0.32666212,7,0.07499999999999996,0.06568372249603271
base,0.625,0.5,12,1,0.6103388,0.5615981,7,0.125,0.11033880710601807
base,0.675,0.5,13,1,0.6549939,0.7965341,7,0.17500000000000004,0.15499389171600342
base,0.7250000000000001,0.5,14,1,0.69964886,1.0314701,7,0.2250000000000001,0.19964885711669922
base,0.7749999999999999,0.5,15,1,0.7443038,1.2664058,7,0.2749999999999999,0.24430382251739502
base,0.825,0.5,16,1,0.7889589,1.501342,7,0.32499999999999996,0.28895890712738037
base,0.8749999999999999,0.5,17,1,0.833614,1.7362778,7,0.3749999999999999,0.3336139917373657
base,0.9249999999999999,0.5,18,1,0.8732166,1.9609718,7,0.42499999999999993,0.3732166290283203
base,0.975,0.5,19,1,0.91177213,2.1313128,7,0.475,0.41177213191986084
curv,0.025000000000000022,0.25,0,0,0.055662706,-1.7846,7,-0.22499999999999998,-0.19433729350566864
curv,0.025000000000000022,0.25,0,0,0.055662706,-1.7846,7,-0.22499999999999998,-0.19433729350566864
curv,0.075,0.25,1,0,0.100317776,-1.5496643,7,-0.175,-0.14968222379684448
curv,0.075,0.25,1,0,0.100317776,-1.5496643,7,-0.175,-0.14968222379684448
curv,0.12500000000000003,0.25,2,0,0.14497279,-1.3147283,7,-0.12499999999999997,-0.1050272136926651
curv,0.12500000000000003,0.25,2,0,0.14497279,-1.3147283,7,-0.12499999999999997,-0.1050272136926651
curv,0.17500000000000002,0.25,3,0,0.18962781,-1.0797923,7,-0.07499999999999998,-0.060372188687324524
curv,0.17500000000000002,0.25,3,0,0.18962781,-1.0797923,7,-0.07499999999999998,-0.060372188687324524
curv,0.225,0.25,4,0,0.23428285,-0.8448563,7,-0.024999999999999994,-0.015717148780822754
curv,0.225,0.25,4,0,0.23428285,-0.8448563,7,-0.024999999999999994,-0.015717148780822754
curv,0.275,0.25,5,1,0.27893788,-0.6099203,7,0.025000000000000022,0.028937876224517822
curv,0.325,0.25,6,1,0.3235929,-0.37498438,7,0.07500000000000001,0.0735929012298584
curv,0.37500000000000006,0.25,7,1,0.36824796,-0.14004843,7,0.12500000000000006,0.11824795603752136
curv,0.425,0.25,8,1,0.412903,0.094887555,7,0.175,0.16290301084518433
curv,0.475,0.25,9,1,0.45755807,0.3298235,7,0.22499999999999998,0.2075580656528473
curv,0.525,0.25,10,1,0.5022131,0.5647594,7,0.275,0.25221312046051025
curv,0.575,0.25,11,1,0.5468681,0.7996953,7,0.32499999999999996,0.29686808586120605
curv,0.625,0.25,12,1,0.5915232,1.0346313,7,0.375,0.3415231704711914
curv,0.675,0.25,13,1,0.6361782,1.2695673,7,0.42500000000000004,0.386178195476532
curv,0.7250000000000001,0.25,14,1,0.68713737,1.4803758,7,0.4750000000000001,0.4371373653411865
flat,0.275,0.7500000000000001,0,0,0.31656927,-1.5559864,7,-0.4750000000000001,-0.4334307312965394
flat,0.325,0.7500000000000001,1,0,0.36122426,-1.3210506,7,-0.4250000000000001,-0.38877573609352123
flat,0.37500000000000006,0.7500000000000001,2,0,0.40587935,-1.0861146,7,-0.37500000000000006,-0.3441206514835359
flat,0.425,0.7500000000000001,3,0,0.45053437,-0.85117865,7,-0.3250000000000001,-0.2994656264781953
flat,0.475,0.7500000000000001,4,0,0.49518943,-0.61624277,7,-0.27500000000000013,-0.25481057167053234
flat,0.525,0.7500000000000001,5,0,0.53984445,-0.38130686,7,-0.2250000000000001,-0.21015554666519176
flat,0.575,0.7500000000000001,6,0,0.5844995,-0.14637092,7,-0.17500000000000016,-0.16550052165985119
flat,0.625,0.7500000000000001,7,0,0.62915444,0.08856505,7,-0.1250000000000001,-0.12084555625915538
flat,0.675,0.7500000000000001,8,0,0.6738095,0.3235011,7,-0.07500000000000007,-0.07619047164917003
flat,0.7250000000000001,0.7500000000000001,9,0,0.7184646,0.5584371,7,-0.025000000000000022,-0.03153538703918468
flat,0.7749999999999999,0.7500000000000001,10,1,0.7631196,0.7933729,7,0.0249999999999998,0.01311957836151112
flat,0.7749999999999999,0.7500000000000001,10,1,0.7631196,0.7933729,7,0.0249999999999998,0.01311957836151112
flat,0.825,0.7500000000000001,11,1,0.80777454,1.0283089,7,0.07499999999999984,0.05777454376220692
flat,0.825,0.7500000000000001,11,1,0.80777454,1.0283089,7,0.07499999999999984,0.05777454376220692
flat,0.8749999999999999,0.7500000000000001,12,1,0.8524296,1.2632446,7,0.12499999999999978,0.10242962837219227
flat,0.8749999999999999,0.7500000000000001,12,1,0.8524296,1.2632446,7,0.12499999999999978,0.10242962837219227
flat,0.9249999999999999,0.7500000000000001,13,1,0.8947973,1.4935439,7,0.17499999999999982,0.14479732513427723
flat,0.9249999999999999,0.7500000000000001,13,1,0.8947973,1.4935439,7,0.17499999999999982,0.14479732513427723
flat,0.975,0.7500000000000001,14,1,0.93424785,1.7179289,7,0.22499999999999987,0.18424785137176503
flat,0.975,0.7500000000000001,14,1,0.93424785,1.7179289,7,0.22499999999999987,0.18424785137176503
base,0.025000000000000022,0.5,0,0,0.09206939,-2.1705778,7,-0.475,-0.4079306125640869
base,0.075,0.5,1,0,0.12173639,-2.0090814,7,-0.425,-0.37826360762119293
base,0.12500000000000003,0.5,2,0,0.16378844,-1.7877614,7,-0.375,-0.33621156215667725
base,0.17500000000000002,0.5,3,0,0.20844348,-1.5528255,7,-0.32499999999999996,-0.2915565222501755
base,0.225,0.5,4,0,0.25309852,-1.3178895,7,-0.275,-0.2469014823436737
base,0.275,0.5,5,0,0.2977536,-1.0829533,7,-0.22499999999999998,-0.20224639773368835
base,0.325,0.5,6,0,0.3424086,-0.8480175,7,-0.175,-0.15759140253067017
base,0.37500000000000006,0.5,7,0,0.38706362,-0.6130816,7,-0.12499999999999994,-0.11293637752532959
base,0.425,0.5,8,0,0.43171868,-0.3781456,7,-0.07500000000000001,-0.06828132271766663
base,0.475,0.5,9,0,0.4763737,-0.14320959,7,-0.025000000000000022,-0.02362629771232605
base,0.525,0.5,10,1,0.52102876,0.091726154,7,0.025000000000000022,0.021028757095336914
base,0.575,0.5,11,1,0.5656837,0.32666212,7,0.07499999999999996,0.06568372249603271
base,0.625,0.5,12,1,0.6103388,0.5615981,7,0.125,0.11033880710601807
base,0.675,0.5,13,1,0.6549939,0.7965341,7,0.17500000000000004,0.15499389171600342
base,0.7250000000000001,0.5,14,1,0.69964886,1.0314701,7,0.2250000000000001,0.19964885711669922
base,0.7749999999999999,0.5,15,1,0.7443038,1.2664058,7,0.2749999999999999,0.24430382251739502
base,0.825,0.5,16,1,0.7889589,1.501342,7,0.32499999999999996,0.28895890712738037
base,0.8749999999999999,0.5,17,1,0.833614,1.7362778,7,0.3749999999999999,0.3336139917373657
base,0.9249999999999999,0.5,18,1,0.8732166,1.9609718,7,0.42499999999999993,0.3732166290283203
base,0.975,0.5,19,1,0.91177213,2.1313128,7,0.475,0.41177213191986084
curv,0.025000000000000022,0.25,0,0,0.055662706,-1.7846,7,-0.22499999999999998,-0.19433729350566864
curv,0.025000000000000022,0.25,0,0,0.055662706,-1.7846,7,-0.22499999999999998,-0.19433729350566864
curv,0.075,0.25,1,0,0.100317776,-1.5496643,7,-0.175,-0.14968222379684448
curv,0.075,0.25,1,0,0.100317776,-1.5496643,7,-0.175,-0.14968222379684448
curv,0.12500000000000003,0.25,2,0,0.14497279,-1.3147283,7,-0.12499999999999997,-0.1050272136926651
curv,0.12500000000000003,0.25,2,0,0.14497279,-1.3147283,7,-0.12499999999999997,-0.1050272136926651
curv,0.17500000000000002,0.25,3,0,0.18962781,-1.0797923,7,-0.07499999999999998,-0.060372188687324524
curv,0.17500000000000002,0.25,3,0,0.18962781,-1.0797923,7,-0.07499999999999998,-0.060372188687324524
curv,0.225,0.25,4,0,0.23428285,-0.8448563,7,-0.024999999999999994,-0.015717148780822754
curv,0.225,0.25,4,0,0.23428285,-0.8448563,7,-0.024999999999999994,-0.015717148780822754
curv,0.275,0.25,5,1,0.27893788,-0.6099203,7,0.025000000000000022,0.028937876224517822
curv,0.325,0.25,6,1,0.3235929,-0.37498438,7,0.07500000000000001,0.0735929012298584
curv,0.37500000000000006,0.25,7,1,0.36824796,-0.14004843,7,0.12500000000000006,0.11824795603752136
curv,0.425,0.25,8,1,0.412903,0.094887555,7,0.175,0.16290301084518433
curv,0.475,0.25,9,1,0.45755807,0.3298235,7,0.22499999999999998,0.2075580656528473
curv,0.525,0.25,10,1,0.5022131,0.5647594,7,0.275,0.25221312046051025
curv,0.575,0.25,11,1,0.5468681,0.7996953,7,0.32499999999999996,0.29686808586120605
curv,0.625,0.25,12,1,0.5915232,1.0346313,7,0.375,0.3415231704711914
curv,0.675,0.25,13,1,0.6361782,1.2695673,7,0.42500000000000004,0.386178195476532
curv,0.7250000000000001,0.25,14,1,0.68713737,1.4803758,7,0.4750000000000001,0.4371373653411865
flat,0.275,0.7500000000000001,0,0,0.31656927,-1.5559864,7,-0.4750000000000001,-0.4334307312965394
flat,0.325,0.7500000000000001,1,0,0.36122426,-1.3210506,7,-0.4250000000000001,-0.38877573609352123
flat,0.37500000000000006,0.7500000000000001,2,0,0.40587935,-1.0861146,7,-0.37500000000000006,-0.3441206514835359
flat,0.425,0.7500000000000001,3,0,0.45053437,-0.85117865,7,-0.3250000000000001,-0.2994656264781953
flat,0.475,0.7500000000000001,4,0,0.49518943,-0.61624277,7,-0.27500000000000013,-0.25481057167053234
flat,0.525,0.7500000000000001,5,0,0.53984445,-0.38130686,7,-0.2250000000000001,-0.21015554666519176
flat,0.575,0.7500000000000001,6,0,0.5844995,-0.14637092,7,-0.17500000000000016,-0.16550052165985119
flat,0.625,0.7500000000000001,7,0,0.62915444,0.08856505,7,-0.1250000000000001,-0.12084555625915538
flat,0.675,0.7500000000000001,8,0,0.6738095,0.3235011,7,-0.07500000000000007,-0.07619047164917003
flat,0.7250000000000001,0.7500000000000001,9,0,0.7184646,0.5584371,7,-0.025000000000000022,-0.03153538703918468
flat,0.7749999999999999,0.7500000000000001,10,1,0.7631196,0.7933729,7,0.0249999999999998,0.01311957836151112
flat,0.7749999999999999,0.7500000000000001,10,1,0.7631196,0.7933729,7,0.0249999999999998,0.01311957836151112
flat,0.825,0.7500000000000001,11,1,0.80777454,1.0283089,7,0.07499999999999984,0.05777454376220692
flat,0.825,0.7500000000000001,11,1,0.80777454,1.0283089,7,0.07499999999999984,0.05777454376220692
flat,0.8749999999999999,0.7500000000000001,12,1,0.8524296,1.2632446,7,0.12499999999999978,0.10242962837219227
flat,0.8749999999999999,0.7500000000000001,12,1,0.8524296,1.2632446,7,0.12499999999999978,0.10242962837219227
flat,0.9249999999999999,0.7500000000000001,13,1,0.8947973,1.4935439,7,0.17499999999999982,0.14479732513427723
flat,0.9249999999999999,0.7500000000000001,13,1,0.8947973,1.4935439,7,0.17499999999999982,0.14479732513427723
flat,0.975,0.7500000000000001,14,1,0.93424785,1.7179289,7,0.22499999999999987,0.18424785137176503
flat,0.975,0.7500000000000001,14,1,0.93424785,1.7179289,7,0.22499999999999987,0.18424785137176503
base,0.025000000000000022,0.5,0,0,0.14114903,-1.9381058,8,-0.475,-0.35885097086429596
base,0.075,0.5,1,0,0.17945492,-1.7369456,8,-0.425,-0.3205450773239136
base,0.12500000000000003,0.5,2,0,0.21776083,-1.5357859,8,-0.375,-0.28223916888237
base,0.17500000000000002,0.5,3,0,0.2560667,-1.334626,8,-0.32499999999999996,-0.2439332902431488
base,0.225,0.5,4,0,0.29437256,-1.1334662,8,-0.275,-0.20562744140625
base,0.275,0.5,5,0,0.3326785,-0.93230635,8,-0.22499999999999998,-0.16732150316238403
base,0.325,0.5,6,0,0.37098432,-0.7311464,8,-0.175,-0.12901568412780762
base,0.37500000000000006,0.5,7,0,0.40929028,-0.52998644,8,-0.12499999999999994,-0.09070971608161926
base,0.425,0.5,8,0,0.4475962,-0.3288266,8,-0.07500000000000001,-0.052403807640075684
base,0.475,0.5,9,0,0.485902,-0.12766677,8,-0.025000000000000022,-0.014097988605499268
base,0.525,0.5,10,1,0.52420783,0.073492825,8,0.025000000000000022,0.02420783042907715
base,0.575,0.5,11,1,0.5625138,0.2746529,8,0.07499999999999996,0.06251382827758789
base,0.625,0.5,12,1,0.60081965,0.47581273,8,0.125,0.1008196473121643
base,0.675,0.5,13,1,0.63912565,0.6769727,8,0.17500000000000004,0.13912564516067505
base,0.7250000000000001,0.5,14,1,0.67743146,0.8781325,8,0.2250000000000001,0.17743146419525146
base,0.7749999999999999,0.5,15,1,0.71573734,1.0792923,8,0.2749999999999999,0.21573734283447266
base,0.825,0.5,16,1,0.7540433,1.2804523,8,0.32499999999999996,0.2540432810783386
base,0.8749999999999999,0.5,17,1,0.79234916,1.4816122,8,0.3749999999999999,0.2923491597175598
base,0.9249999999999999,0.5,18,1,0.830655,1.6827719,8,0.42499999999999993,0.33065497875213623
base,0.975,0.5,19,1,0.86856896,1.8772454,8,0.475,0.36856895685195923
curv,0.025000000000000022,0.25,0,0,0.09993866,-1.4257839,8,-0.22499999999999998,-0.15006133913993835
curv,0.025000000000000022,0.25,0,0,0.09993866,-1.4257839,8,-0.22499999999999998,-0.15006133913993835
curv,0.075,0.25,1,0,0.13824457,-1.2246239,8,-0.175,-0.11175543069839478
curv,0.075,0.25,1,0,0.13824457,-1.2246239,8,-0.175,-0.11175543069839478
curv,0.12500000000000003,0.25,2,0,0.17655048,-1.0234642,8,-0.12499999999999997,-0.0734495222568512
curv,0.12500000000000003,0.25,2,0,0.17655048,-1.0234642,8,-0.12499999999999997,-0.0734495222568512
curv,0.17500000000000002,0.25,3,0,0.21485636,-0.82230425,8,-0.07499999999999998,-0.035143643617630005
curv,0.17500000000000002,0.25,3,0,0.21485636,-0.82230425,8,-0.07499999999999998,-0.035143643617630005
curv,0.225,0.25,4,0,0.2531622,-0.62114435,8,-0.024999999999999994,0.003162205219268799
curv,0.225,0.25,4,0,0.2531622,-0.62114435,8,-0.024999999999999994,0.003162205219268799
curv,0.275,0.25,5,1,0.29146808,-0.4199844,8,0.025000000000000022,0.04146808385848999
curv,0.325,0.25,6,1,0.32977402,-0.21882468,8,0.07500000000000001,0.07977402210235596
curv,0.37500000000000006,0.25,7,1,0.3680799,-0.01766473,8,0.12500000000000006,0.11807990074157715
curv,0.425,0.25,8,1,0.40638578,0.1834951,8,0.175,0.15638577938079834
curv,0.475,0.25,9,1,0.44469166,0.384655,8,0.22499999999999998,0.19469165802001953
curv,0.525,0.25,10,1,0.48299748,0.5858148,8,0.275,0.23299747705459595
curv,0.575,0.25,11,1,0.5213035,0.7869747,8,0.32499999999999996,0.2713034749031067
curv,0.625,0.25,12,1,0.5596093,0.98813456,8,0.375,0.3096092939376831
curv,0.675,0.25,13,1,0.59791523,1.1892943,8,0.42500000000000004,0.3479152321815491
curv,0.7250000000000001,0.25,14,1,0.6316,1.3176429,8,0.4750000000000001,0.381600022315979
flat,0.275,0.7500000000000001,0,0,0.37388885,-1.444628,8,-0.4750000000000001,-0.37611114978790294
flat,0.325,0.7500000000000001,1,0,0.41219467,-1.2434683,8,-0.4250000000000001,-0.3378053307533265
flat,0.37500000000000006,0.7500000000000001,2,0,0.45050067,-1.0423086,8,-0.37500000000000006,-0.2994993329048158
flat,0.425,0.7500000000000001,3,0,0.4888065,-0.84114844,8,-0.3250000000000001,-0.26119351387023937
flat,0.475,0.7500000000000001,4,0,0.5271123,-0.6399887,8,-0.27500000000000013,-0.22288769483566295
flat,0.525,0.7500000000000001,5,0,0.56541824,-0.43882877,8,-0.2250000000000001,-0.18458175659179699
flat,0.575,0.7500000000000001,6,0,0.6037241,-0.23766905,8,-0.17500000000000016,-0.1462758779525758
flat,0.625,0.7500000000000001,7,0,0.64203006,-0.036509097,8,-0.1250000000000001,-0.10796993970870983
flat,0.675,0.7500000000000001,8,0,0.680336,0.16465086,8,-0.07500000000000007,-0.06966400146484386
flat,0.7250000000000001,0.7500000000000001,9,0,0.7186418,0.3658108,8,-0.025000000000000022,-0.031358182430267445
flat,0.7749999999999999,0.7500000000000001,10,1,0.7569477,0.5669704,8,0.0249999999999998,0.006947696208953746
flat,0.7749999999999999,0.7500000000000001,10,1,0.7569477,0.5669704,8,0.0249999999999998,0.006947696208953746
flat,0.825,0.7500000000000001,11,1,0.79525363,0.7681305,8,0.07499999999999984,0.04525363445281971
flat,0.825,0.7500000000000001,11,1,0.79525363,0.7681305,8,0.07499999999999984,0.04525363445281971
flat,0.8749999999999999,0.7500000000000001,12,1,0.83355945,0.9692903,8,0.12499999999999978,0.08355945348739613
flat,0.8749999999999999,0.7500000000000001,12,1,0.83355945,0.9692903,8,0.12499999999999978,0.08355945348739613
flat,0.9249999999999999,0.7500000000000001,13,1,0.87159115,1.1700368,8,0.17499999999999982,0.12159115076065052
flat,0.9249999999999999,0.7500000000000001,13,1,0.87159115,1.1700368,8,0.17499999999999982,0.12159115076065052
flat,0.975,0.7500000000000001,14,1,0.9038657,1.3620999,8,0.22499999999999987,0.1538656949996947
flat,0.975,0.7500000000000001,14,1,0.9038657,1.3620999,8,0.22499999999999987,0.1538656949996947
base,0.025000000000000022,0.5,0,0,0.14114903,-1.9381058,8,-0.475,-0.35885097086429596
base,0.075,0.5,1,0,0.17945492,-1.7369456,8,-0.425,-0.3205450773239136
base,0.12500000000000003,0.5,2,0,0.21776083,-1.5357859,8,-0.375,-0.28223916888237
base,0.17500000000000002,0.5,3,0,0.2560667,-1.334626,8,-0.32499999999999996,-0.2439332902431488
base,0.225,0.5,4,0,0.29437256,-1.1334662,8,-0.275,-0.20562744140625
base,0.275,0.5,5,0,0.3326785,-0.93230635,8,-0.22499999999999998,-0.16732150316238403
base,0.325,0.5,6,0,0.37098432,-0.7311464,8,-0.175,-0.12901568412780762
base,0.37500000000000006,0.5,7,0,0.40929028,-0.52998644,8,-0.12499999999999994,-0.09070971608161926
base,0.425,0.5,8,0,0.4475962,-0.3288266,8,-0.07500000000000001,-0.052403807640075684
base,0.475,0.5,9,0,0.485902,-0.12766677,8,-0.025000000000000022,-0.014097988605499268
base,0.525,0.5,10,1,0.52420783,0.073492825,8,0.025000000000000022,0.02420783042907715
base,0.575,0.5,11,1,0.5625138,0.2746529,8,0.07499999999999996,0.06251382827758789
base,0.625,0.5,12,1,0.60081965,0.47581273,8,0.125,0.1008196473121643
base,0.675,0.5,13,1,0.63912565,0.6769727,8,0.17500000000000004,0.13912564516067505
base,0.7250000000000001,0.5,14,1,0.67743146,0.8781325,8,0.2250000000000001,0.17743146419525146
base,0.7749999999999999,0.5,15,1,0.71573734,1.0792923,8,0.2749999999999999,0.21573734283447266
base,0.825,0.5,16,1,0.7540433,1.2804523,8,0.32499999999999996,0.2540432810783386
base,0.8749999999999999,0.5,17,1,0.79234916,1.4816122,8,0.3749999999999999,0.2923491597175598
base,0.9249999999999999,0.5,18,1,0.830655,1.6827719,8,0.42499999999999993,0.33065497875213623
base,0.975,0.5,19,1,0.86856896,1.8772454,8,0.475,0.36856895685195923
curv,0.025000000000000022,0.25,0,0,0.09993866,-1.4257839,8,-0.22499999999999998,-0.15006133913993835
curv,0.025000000000000022,0.25,0,0,0.09993866,-1.4257839,8,-0.22499999999999998,-0.15006133913993835
curv,0.075,0.25,1,0,0.13824457,-1.2246239,8,-0.175,-0.11175543069839478
curv,0.075,0.25,1,0,0.13824457,-1.2246239,8,-0.175,-0.11175543069839478
curv,0.12500000000000003,0.25,2,0,0.17655048,-1.0234642,8,-0.12499999999999997,-0.0734495222568512
curv,0.12500000000000003,0.25,2,0,0.17655048,-1.0234642,8,-0.12499999999999997,-0.0734495222568512
curv,0.17500000000000002,0.25,3,0,0.21485636,-0.82230425,8,-0.07499999999999998,-0.035143643617630005
curv,0.17500000000000002,0.25,3,0,0.21485636,-0.82230425,8,-0.07499999999999998,-0.035143643617630005
curv,0.225,0.25,4,0,0.2531622,-0.62114435,8,-0.024999999999999994,0.003162205219268799
curv,0.225,0.25,4,0,0.2531622,-0.62114435,8,-0.024999999999999994,0.003162205219268799
curv,0.275,0.25,5,1,0.29146808,-0.4199844,8,0.025000000000000022,0.04146808385848999
curv,0.325,0.25,6,1,0.32977402,-0.21882468,8,0.07500000000000001,0.07977402210235596
curv,0.37500000000000006,0.25,7,1,0.3680799,-0.01766473,8,0.12500000000000006,0.11807990074157715
curv,0.425,0.25,8,1,0.40638578,0.1834951,8,0.175,0.15638577938079834
curv,0.475,0.25,9,1,0.44469166,0.384655,8,0.22499999999999998,0.19469165802001953
curv,0.525,0.25,10,1,0.48299748,0.5858148,8,0.275,0.23299747705459595
curv,0.575,0.25,11,1,0.5213035,0.7869747,8,0.32499999999999996,0.2713034749031067
curv,0.625,0.25,12,1,0.5596093,0.98813456,8,0.375,0.3096092939376831
curv,0.675,0.25,13,1,0.59791523,1.1892943,8,0.42500000000000004,0.3479152321815491
curv,0.7250000000000001,0.25,14,1,0.6316,1.3176429,8,0.4750000000000001,0.381600022315979
flat,0.275,0.7500000000000001,0,0,0.37388885,-1.444628,8,-0.4750000000000001,-0.37611114978790294
flat,0.325,0.7500000000000001,1,0,0.41219467,-1.2434683,8,-0.4250000000000001,-0.3378053307533265
flat,0.37500000000000006,0.7500000000000001,2,0,0.45050067,-1.0423086,8,-0.37500000000000006,-0.2994993329048158
flat,0.425,0.7500000000000001,3,0,0.4888065,-0.84114844,8,-0.3250000000000001,-0.26119351387023937
flat,0.475,0.7500000000000001,4,0,0.5271123,-0.6399887,8,-0.27500000000000013,-0.22288769483566295
flat,0.525,0.7500000000000001,5,0,0.56541824,-0.43882877,8,-0.2250000000000001,-0.18458175659179699
flat,0.575,0.7500000000000001,6,0,0.6037241,-0.23766905,8,-0.17500000000000016,-0.1462758779525758
flat,0.625,0.7500000000000001,7,0,0.64203006,-0.036509097,8,-0.1250000000000001,-0.10796993970870983
flat,0.675,0.7500000000000001,8,0,0.680336,0.16465086,8,-0.07500000000000007,-0.06966400146484386
flat,0.7250000000000001,0.7500000000000001,9,0,0.7186418,0.3658108,8,-0.025000000000000022,-0.031358182430267445
flat,0.7749999999999999,0.7500000000000001,10,1,0.7569477,0.5669704,8,0.0249999999999998,0.006947696208953746
flat,0.7749999999999999,0.7500000000000001,10,1,0.7569477,0.5669704,8,0.0249999999999998,0.006947696208953746
flat,0.825,0.7500000000000001,11,1,0.79525363,0.7681305,8,0.07499999999999984,0.04525363445281971
flat,0.825,0.7500000000000001,11,1,0.79525363,0.7681305,8,0.07499999999999984,0.04525363445281971
flat,0.8749999999999999,0.7500000000000001,12,1,0.83355945,0.9692903,8,0.12499999999999978,0.08355945348739613
flat,0.8749999999999999,0.7500000000000001,12,1,0.83355945,0.9692903,8,0.12499999999999978,0.08355945348739613
flat,0.9249999999999999,0.7500000000000001,13,1,0.87159115,1.1700368,8,0.17499999999999982,0.12159115076065052
flat,0.9249999999999999,0.7500000000000001,13,1,0.87159115,1.1700368,8,0.17499999999999982,0.12159115076065052
flat,0.975,0.7500000000000001,14,1,0.9038657,1.3620999,8,0.22499999999999987,0.1538656949996947
flat,0.975,0.7500000000000001,14,1,0.9038657,1.3620999,8,0.22499999999999987,0.1538656949996947
base,0.025000000000000022,0.5,0,0,0.14114903,-1.9381058,8,-0.475,-0.35885097086429596
base,0.075,0.5,1,0,0.17945492,-1.7369456,8,-0.425,-0.3205450773239136
base,0.12500000000000003,0.5,2,0,0.21776083,-1.5357859,8,-0.375,-0.28223916888237
base,0.17500000000000002,0.5,3,0,0.2560667,-1.334626,8,-0.32499999999999996,-0.2439332902431488
base,0.225,0.5,4,0,0.29437256,-1.1334662,8,-0.275,-0.20562744140625
base,0.275,0.5,5,0,0.3326785,-0.93230635,8,-0.22499999999999998,-0.16732150316238403
base,0.325,0.5,6,0,0.37098432,-0.7311464,8,-0.175,-0.12901568412780762
base,0.37500000000000006,0.5,7,0,0.40929028,-0.52998644,8,-0.12499999999999994,-0.09070971608161926
base,0.425,0.5,8,0,0.4475962,-0.3288266,8,-0.07500000000000001,-0.052403807640075684
base,0.475,0.5,9,0,0.485902,-0.12766677,8,-0.025000000000000022,-0.014097988605499268
base,0.525,0.5,10,1,0.52420783,0.073492825,8,0.025000000000000022,0.02420783042907715
base,0.575,0.5,11,1,0.5625138,0.2746529,8,0.07499999999999996,0.06251382827758789
base,0.625,0.5,12,1,0.60081965,0.47581273,8,0.125,0.1008196473121643
base,0.675,0.5,13,1,0.63912565,0.6769727,8,0.17500000000000004,0.13912564516067505
base,0.7250000000000001,0.5,14,1,0.67743146,0.8781325,8,0.2250000000000001,0.17743146419525146
base,0.7749999999999999,0.5,15,1,0.71573734,1.0792923,8,0.2749999999999999,0.21573734283447266
base,0.825,0.5,16,1,0.7540433,1.2804523,8,0.32499999999999996,0.2540432810783386
base,0.8749999999999999,0.5,17,1,0.79234916,1.4816122,8,0.3749999999999999,0.2923491597175598
base,0.9249999999999999,0.5,18,1,0.830655,1.6827719,8,0.42499999999999993,0.33065497875213623
base,0.975,0.5,19,1,0.86856896,1.8772454,8,0.475,0.36856895685195923
curv,0.025000000000000022,0.25,0,0,0.09993866,-1.4257839,8,-0.22499999999999998,-0.15006133913993835
curv,0.025000000000000022,0.25,0,0,0.09993866,-1.4257839,8,-0.22499999999999998,-0.15006133913993835
curv,0.075,0.25,1,0,0.13824457,-1.2246239,8,-0.175,-0.11175543069839478
curv,0.075,0.25,1,0,0.13824457,-1.2246239,8,-0.175,-0.11175543069839478
curv,0.12500000000000003,0.25,2,0,0.17655048,-1.0234642,8,-0.12499999999999997,-0.0734495222568512
curv,0.12500000000000003,0.25,2,0,0.17655048,-1.0234642,8,-0.12499999999999997,-0.0734495222568512
curv,0.17500000000000002,0.25,3,0,0.21485636,-0.82230425,8,-0.07499999999999998,-0.035143643617630005
curv,0.17500000000000002,0.25,3,0,0.21485636,-0.82230425,8,-0.07499999999999998,-0.035143643617630005
curv,0.225,0.25,4,0,0.2531622,-0.62114435,8,-0.024999999999999994,0.003162205219268799
curv,0.225,0.25,4,0,0.2531622,-0.62114435,8,-0.024999999999999994,0.003162205219268799
curv,0.275,0.25,5,1,0.29146808,-0.4199844,8,0.025000000000000022,0.04146808385848999
curv,0.325,0.25,6,1,0.32977402,-0.21882468,8,0.07500000000000001,0.07977402210235596
curv,0.37500000000000006,0.25,7,1,0.3680799,-0.01766473,8,0.12500000000000006,0.11807990074157715
curv,0.425,0.25,8,1,0.40638578,0.1834951,8,0.175,0.15638577938079834
curv,0.475,0.25,9,1,0.44469166,0.384655,8,0.22499999999999998,0.19469165802001953
curv,0.525,0.25,10,1,0.48299748,0.5858148,8,0.275,0.23299747705459595
curv,0.575,0.25,11,1,0.5213035,0.7869747,8,0.32499999999999996,0.2713034749031067
curv,0.625,0.25,12,1,0.5596093,0.98813456,8,0.375,0.3096092939376831
curv,0.675,0.25,13,1,0.59791523,1.1892943,8,0.42500000000000004,0.3479152321815491
curv,0.7250000000000001,0.25,14,1,0.6316,1.3176429,8,0.4750000000000001,0.381600022315979
flat,0.275,0.7500000000000001,0,0,0.37388885,-1.444628,8,-0.4750000000000001,-0.37611114978790294
flat,0.325,0.7500000000000001,1,0,0.41219467,-1.2434683,8,-0.4250000000000001,-0.3378053307533265
flat,0.37500000000000006,0.7500000000000001,2,0,0.45050067,-1.0423086,8,-0.37500000000000006,-0.2994993329048158
flat,0.425,0.7500000000000001,3,0,0.4888065,-0.84114844,8,-0.3250000000000001,-0.26119351387023937
flat,0.475,0.7500000000000001,4,0,0.5271123,-0.6399887,8,-0.27500000000000013,-0.22288769483566295
flat,0.525,0.7500000000000001,5,0,0.56541824,-0.43882877,8,-0.2250000000000001,-0.18458175659179699
flat,0.575,0.7500000000000001,6,0,0.6037241,-0.23766905,8,-0.17500000000000016,-0.1462758779525758
flat,0.625,0.7500000000000001,7,0,0.64203006,-0.036509097,8,-0.1250000000000001,-0.10796993970870983
flat,0.675,0.7500000000000001,8,0,0.680336,0.16465086,8,-0.07500000000000007,-0.06966400146484386
flat,0.7250000000000001,0.7500000000000001,9,0,0.7186418,0.3658108,8,-0.025000000000000022,-0.031358182430267445
flat,0.7749999999999999,0.7500000000000001,10,1,0.7569477,0.5669704,8,0.0249999999999998,0.006947696208953746
flat,0.7749999999999999,0.7500000000000001,10,1,0.7569477,0.5669704,8,0.0249999999999998,0.006947696208953746
flat,0.825,0.7500000000000001,11,1,0.79525363,0.7681305,8,0.07499999999999984,0.04525363445281971
flat,0.825,0.7500000000000001,11,1,0.79525363,0.7681305,8,0.07499999999999984,0.04525363445281971
flat,0.8749999999999999,0.7500000000000001,12,1,0.83355945,0.9692903,8,0.12499999999999978,0.08355945348739613
flat,0.8749999999999999,0.7500000000000001,12,1,0.83355945,0.9692903,8,0.12499999999999978,0.08355945348739613
flat,0.9249999999999999,0.7500000000000001,13,1,0.87159115,1.1700368,8,0.17499999999999982,0.12159115076065052
flat,0.9249999999999999,0.7500000000000001,13,1,0.87159115,1.1700368,8,0.17499999999999982,0.12159115076065052
flat,0.975,0.7500000000000001,14,1,0.9038657,1.3620999,8,0.22499999999999987,0.1538656949996947
flat,0.975,0.7500000000000001,14,1,0.9038657,1.3620999,8,0.22499999999999987,0.1538656949996947
base,0.025000000000000022,0.5,0,0,0.14114903,-1.9381058,8,-0.475,-0.35885097086429596
base,0.075,0.5,1,0,0.17945492,-1.7369456,8,-0.425,-0.3205450773239136
base,0.12500000000000003,0.5,2,0,0.21776083,-1.5357859,8,-0.375,-0.28223916888237
base,0.17500000000000002,0.5,3,0,0.2560667,-1.334626,8,-0.32499999999999996,-0.2439332902431488
base,0.225,0.5,4,0,0.29437256,-1.1334662,8,-0.275,-0.20562744140625
base,0.275,0.5,5,0,0.3326785,-0.93230635,8,-0.22499999999999998,-0.16732150316238403
base,0.325,0.5,6,0,0.37098432,-0.7311464,8,-0.175,-0.12901568412780762
base,0.37500000000000006,0.5,7,0,0.40929028,-0.52998644,8,-0.12499999999999994,-0.09070971608161926
base,0.425,0.5,8,0,0.4475962,-0.3288266,8,-0.07500000000000001,-0.052403807640075684
base,0.475,0.5,9,0,0.485902,-0.12766677,8,-0.025000000000000022,-0.014097988605499268
base,0.525,0.5,10,1,0.52420783,0.073492825,8,0.025000000000000022,0.02420783042907715
base,0.575,0.5,11,1,0.5625138,0.2746529,8,0.07499999999999996,0.06251382827758789
base,0.625,0.5,12,1,0.60081965,0.47581273,8,0.125,0.1008196473121643
base,0.675,0.5,13,1,0.63912565,0.6769727,8,0.17500000000000004,0.13912564516067505
base,0.7250000000000001,0.5,14,1,0.67743146,0.8781325,8,0.2250000000000001,0.17743146419525146
base,0.7749999999999999,0.5,15,1,0.71573734,1.0792923,8,0.2749999999999999,0.21573734283447266
base,0.825,0.5,16,1,0.7540433,1.2804523,8,0.32499999999999996,0.2540432810783386
base,0.8749999999999999,0.5,17,1,0.79234916,1.4816122,8,0.3749999999999999,0.2923491597175598
base,0.9249999999999999,0.5,18,1,0.830655,1.6827719,8,0.42499999999999993,0.33065497875213623
base,0.975,0.5,19,1,0.86856896,1.8772454,8,0.475,0.36856895685195923
curv,0.025000000000000022,0.25,0,0,0.09993866,-1.4257839,8,-0.22499999999999998,-0.15006133913993835
curv,0.025000000000000022,0.25,0,0,0.09993866,-1.4257839,8,-0.22499999999999998,-0.15006133913993835
curv,0.075,0.25,1,0,0.13824457,-1.2246239,8,-0.175,-0.11175543069839478
curv,0.075,0.25,1,0,0.13824457,-1.2246239,8,-0.175,-0.11175543069839478
curv,0.12500000000000003,0.25,2,0,0.17655048,-1.0234642,8,-0.12499999999999997,-0.0734495222568512
curv,0.12500000000000003,0.25,2,0,0.17655048,-1.0234642,8,-0.12499999999999997,-0.0734495222568512
curv,0.17500000000000002,0.25,3,0,0.21485636,-0.82230425,8,-0.07499999999999998,-0.035143643617630005
curv,0.17500000000000002,0.25,3,0,0.21485636,-0.82230425,8,-0.07499999999999998,-0.035143643617630005
curv,0.225,0.25,4,0,0.2531622,-0.62114435,8,-0.024999999999999994,0.003162205219268799
curv,0.225,0.25,4,0,0.2531622,-0.62114435,8,-0.024999999999999994,0.003162205219268799
curv,0.275,0.25,5,1,0.29146808,-0.4199844,8,0.025000000000000022,0.04146808385848999
curv,0.325,0.25,6,1,0.32977402,-0.21882468,8,0.07500000000000001,0.07977402210235596
curv,0.37500000000000006,0.25,7,1,0.3680799,-0.01766473,8,0.12500000000000006,0.11807990074157715
curv,0.425,0.25,8,1,0.40638578,0.1834951,8,0.175,0.15638577938079834
curv,0.475,0.25,9,1,0.44469166,0.384655,8,0.22499999999999998,0.19469165802001953
curv,0.525,0.25,10,1,0.48299748,0.5858148,8,0.275,0.23299747705459595
curv,0.575,0.25,11,1,0.5213035,0.7869747,8,0.32499999999999996,0.2713034749031067
curv,0.625,0.25,12,1,0.5596093,0.98813456,8,0.375,0.3096092939376831
curv,0.675,0.25,13,1,0.59791523,1.1892943,8,0.42500000000000004,0.3479152321815491
curv,0.7250000000000001,0.25,14,1,0.6316,1.3176429,8,0.4750000000000001,0.381600022315979
flat,0.275,0.7500000000000001,0,0,0.37388885,-1.444628,8,-0.4750000000000001,-0.37611114978790294
flat,0.325,0.7500000000000001,1,0,0.41219467,-1.2434683,8,-0.4250000000000001,-0.3378053307533265
flat,0.37500000000000006,0.7500000000000001,2,0,0.45050067,-1.0423086,8,-0.37500000000000006,-0.2994993329048158
flat,0.425,0.7500000000000001,3,0,0.4888065,-0.84114844,8,-0.3250000000000001,-0.26119351387023937
flat,0.475,0.7500000000000001,4,0,0.5271123,-0.6399887,8,-0.27500000000000013,-0.22288769483566295
flat,0.525,0.7500000000000001,5,0,0.56541824,-0.43882877,8,-0.2250000000000001,-0.18458175659179699
flat,0.575,0.7500000000000001,6,0,0.6037241,-0.23766905,8,-0.17500000000000016,-0.1462758779525758
flat,0.625,0.7500000000000001,7,0,0.64203006,-0.036509097,8,-0.1250000000000001,-0.10796993970870983
flat,0.675,0.7500000000000001,8,0,0.680336,0.16465086,8,-0.07500000000000007,-0.06966400146484386
flat,0.7250000000000001,0.7500000000000001,9,0,0.7186418,0.3658108,8,-0.025000000000000022,-0.031358182430267445
flat,0.7749999999999999,0.7500000000000001,10,1,0.7569477,0.5669704,8,0.0249999999999998,0.006947696208953746
flat,0.7749999999999999,0.7500000000000001,10,1,0.7569477,0.5669704,8,0.0249999999999998,0.006947696208953746
flat,0.825,0.7500000000000001,11,1,0.79525363,0.7681305,8,0.07499999999999984,0.04525363445281971
flat,0.825,0.7500000000000001,11,1,0.79525363,0.7681305,8,0.07499999999999984,0.04525363445281971
flat,0.8749999999999999,0.7500000000000001,12,1,0.83355945,0.9692903,8,0.12499999999999978,0.08355945348739613
flat,0.8749999999999999,0.7500000000000001,12,1,0.83355945,0.9692903,8,0.12499999999999978,0.08355945348739613
flat,0.9249999999999999,0.7500000000000001,13,1,0.87159115,1.1700368,8,0.17499999999999982,0.12159115076065052
flat,0.9249999999999999,0.7500000000000001,13,1,0.87159115,1.1700368,8,0.17499999999999982,0.12159115076065052
flat,0.975,0.7500000000000001,14,1,0.9038657,1.3620999,8,0.22499999999999987,0.1538656949996947
flat,0.975,0.7500000000000001,14,1,0.9038657,1.3620999,8,0.22499999999999987,0.1538656949996947
base,0.025000000000000022,0.5,0,0,0.09522951,-2.646302,9,-0.475,-0.40477049350738525
base,0.075,0.5,1,0,0.13843173,-2.376231,9,-0.425,-0.36156827211380005
base,0.12500000000000003,0.5,2,0,0.18163389,-2.1061594,9,-0.375,-0.3183661103248596
base,0.17500000000000002,0.5,3,0,0.22483608,-1.8360882,9,-0.32499999999999996,-0.2751639187335968
base,0.225,0.5,4,0,0.26803824,-1.5660169,9,-0.275,-0.23196175694465637
base,0.275,0.5,5,0,0.31124043,-1.2959459,9,-0.22499999999999998,-0.18875956535339355
base,0.325,0.5,6,0,0.3544426,-1.0258749,9,-0.175,-0.14555740356445312
base,0.37500000000000006,0.5,7,0,0.39764476,-0.7558034,9,-0.12499999999999994,-0.1023552417755127
base,0.425,0.5,8,0,0.44084698,-0.48573196,9,-0.07500000000000001,-0.05915302038192749
base,0.475,0.5,9,0,0.4840492,-0.21566093,9,-0.025000000000000022,-0.015950798988342285
base,0.525,0.5,10,1,0.5272513,0.05441004,9,0.025000000000000022,0.02725130319595337
base,0.575,0.5,11,1,0.5704535,0.32448143,9,0.07499999999999996,0.07045352458953857
base,0.625,0.5,12,1,0.61365575,0.5945526,9,0.125,0.11365574598312378
base,0.675,0.5,13,1,0.65685797,0.8646239,9,0.17500000000000004,0.15685796737670898
base,0.7250000000000001,0.5,14,1,0.7000601,1.1346952,9,0.2250000000000001,0.20006012916564941
base,0.7749999999999999,0.5,15,1,0.74326223,1.4047661,9,0.2749999999999999,0.24326223134994507
base,0.825,0.5,16,1,0.78758824,1.6719213,9,0.32499999999999996,0.2875882387161255
base,0.8749999999999999,0.5,17,1,0.84131205,1.8091516,9,0.3749999999999999,0.341312050819397
base,0.9249999999999999,0.5,18,1,0.8882516,1.8804328,9,0.42499999999999993,0.3882516026496887
base,0.975,0.5,19,1,0.9351912,1.951714,9,0.475,0.43519121408462524
curv,0.025000000000000022,0.25,0,0,0.091084346,-1.859381,9,-0.22499999999999998,-0.1589156538248062
curv,0.025000000000000022,0.25,0,0,0.091084346,-1.859381,9,-0.22499999999999998,-0.1589156538248062
curv,0.075,0.25,1,0,0.13428652,-1.5893097,9,-0.175,-0.11571347713470459
curv,0.075,0.25,1,0,0.13428652,-1.5893097,9,-0.175,-0.11571347713470459
curv,0.12500000000000003,0.25,2,0,0.17748868,-1.3192384,9,-0.12499999999999997,-0.07251131534576416
curv,0.12500000000000003,0.25,2,0,0.17748868,-1.3192384,9,-0.12499999999999997,-0.07251131534576416
curv,0.17500000000000002,0.25,3,0,0.22069085,-1.0491674,9,-0.07499999999999998,-0.02930915355682373
curv,0.17500000000000002,0.25,3,0,0.22069085,-1.0491674,9,-0.07499999999999998,-0.02930915355682373
curv,0.225,0.25,4,0,0.26389307,-0.7790962,9,-0.024999999999999994,0.013893067836761475
curv,0.225,0.25,4,0,0.26389307,-0.7790962,9,-0.024999999999999994,0.013893067836761475
curv,0.275,0.25,5,1,0.30709526,-0.5090248,9,0.025000000000000022,0.05709525942802429
curv,0.325,0.25,6,1,0.3502974,-0.23895377,9,0.07500000000000001,0.10029739141464233
curv,0.37500000000000006,0.25,7,1,0.3934996,0.031117499,9,0.12500000000000006,0.14349961280822754
curv,0.425,0.25,8,1,0.43670177,0.30118883,9,0.175,0.18670177459716797
curv,0.475,0.25,9,1,0.479904,0.57126,9,0.22499999999999998,0.22990399599075317
curv,0.525,0.25,10,1,0.52310616,0.84133106,9,0.275,0.2731061577796936
curv,0.575,0.25,11,1,0.56630826,1.1114023,9,0.32499999999999996,0.31630825996398926
curv,0.625,0.25,12,1,0.60153323,1.3125417,9,0.375,0.3515332341194153
curv,0.675,0.25,13,1,0.6318371,1.4514453,9,0.42500000000000004,0.3818371295928955
curv,0.7250000000000001,0.25,14,1,0.6691491,1.5477097,9,0.4750000000000001,0.41914910078048706
flat,0.275,0.7500000000000001,0,0,0.31538558,-2.0828671,9,-0.4750000000000001,-0.4346144199371339
flat,0.325,0.7500000000000001,1,0,0.3585878,-1.8127956,9,-0.4250000000000001,-0.3914121985435487
flat,0.37500000000000006,0.7500000000000001,2,0,0.40179002,-1.5427246,9,-0.37500000000000006,-0.3482099771499635
flat,0.425,0.7500000000000001,3,0,0.44499218,-1.2726531,9,-0.3250000000000001,-0.30500781536102306
flat,0.475,0.7500000000000001,4,0,0.4881943,-1.0025823,9,-0.27500000000000013,-0.2618057131767274
flat,0.525,0.7500000000000001,5,0,0.53139657,-0.732511,9,-0.2250000000000001,-0.21860343217849743
flat,0.575,0.7500000000000001,6,0,0.57459867,-0.46243972,9,-0.17500000000000016,-0.17540132999420177
flat,0.625,0.7500000000000001,7,0,0.6178009,-0.19236845,9,-0.1250000000000001,-0.13219910860061657
flat,0.675,0.7500000000000001,8,0,0.6610032,0.07770294,9,-0.07500000000000007,-0.08899682760238659
flat,0.7250000000000001,0.7500000000000001,9,0,0.70420533,0.3477741,9,-0.025000000000000022,-0.045794665813446156
flat,0.7749999999999999,0.7500000000000001,10,1,0.7474074,0.617845,9,0.0249999999999998,-0.002592623233795277
flat,0.7749999999999999,0.7500000000000001,10,1,0.7474074,0.617845,9,0.0249999999999998,-0.002592623233795277
flat,0.825,0.7500000000000001,11,1,0.79060954,0.88791627,9,0.07499999999999984,0.04060953855514515
flat,0.825,0.7500000000000001,11,1,0.79060954,0.88791627,9,0.07499999999999984,0.04060953855514515
flat,0.8749999999999999,0.7500000000000001,12,1,0.8338119,1.1579878,9,0.12499999999999978,0.08381187915801991
flat,0.8749999999999999,0.7500000000000001,12,1,0.8338119,1.1579878,9,0.12499999999999978,0.08381187915801991
flat,0.9249999999999999,0.7500000000000001,13,1,0.8770141,1.4280591,9,0.17499999999999982,0.1270141005516051
flat,0.9249999999999999,0.7500000000000001,13,1,0.8770141,1.4280591,9,0.17499999999999982,0.1270141005516051
flat,0.975,0.7500000000000001,14,1,0.9320914,1.6673143,9,0.22499999999999987,0.18209141492843617
flat,0.975,0.7500000000000001,14,1,0.9320914,1.6673143,9,0.22499999999999987,0.18209141492843617
base,0.025000000000000022,0.5,0,0,0.09522951,-2.646302,9,-0.475,-0.40477049350738525
base,0.075,0.5,1,0,0.13843173,-2.376231,9,-0.425,-0.36156827211380005
base,0.12500000000000003,0.5,2,0,0.18163389,-2.1061594,9,-0.375,-0.3183661103248596
base,0.17500000000000002,0.5,3,0,0.22483608,-1.8360882,9,-0.32499999999999996,-0.2751639187335968
base,0.225,0.5,4,0,0.26803824,-1.5660169,9,-0.275,-0.23196175694465637
base,0.275,0.5,5,0,0.31124043,-1.2959459,9,-0.22499999999999998,-0.18875956535339355
base,0.325,0.5,6,0,0.3544426,-1.0258749,9,-0.175,-0.14555740356445312
base,0.37500000000000006,0.5,7,0,0.39764476,-0.7558034,9,-0.12499999999999994,-0.1023552417755127
base,0.425,0.5,8,0,0.44084698,-0.48573196,9,-0.07500000000000001,-0.05915302038192749
base,0.475,0.5,9,0,0.4840492,-0.21566093,9,-0.025000000000000022,-0.015950798988342285
base,0.525,0.5,10,1,0.5272513,0.05441004,9,0.025000000000000022,0.02725130319595337
base,0.575,0.5,11,1,0.5704535,0.32448143,9,0.07499999999999996,0.07045352458953857
base,0.625,0.5,12,1,0.61365575,0.5945526,9,0.125,0.11365574598312378
base,0.675,0.5,13,1,0.65685797,0.8646239,9,0.17500000000000004,0.15685796737670898
base,0.7250000000000001,0.5,14,1,0.7000601,1.1346952,9,0.2250000000000001,0.20006012916564941
base,0.7749999999999999,0.5,15,1,0.74326223,1.4047661,9,0.2749999999999999,0.24326223134994507
base,0.825,0.5,16,1,0.78758824,1.6719213,9,0.32499999999999996,0.2875882387161255
base,0.8749999999999999,0.5,17,1,0.84131205,1.8091516,9,0.3749999999999999,0.341312050819397
base,0.9249999999999999,0.5,18,1,0.8882516,1.8804328,9,0.42499999999999993,0.3882516026496887
base,0.975,0.5,19,1,0.9351912,1.951714,9,0.475,0.43519121408462524
curv,0.025000000000000022,0.25,0,0,0.091084346,-1.859381,9,-0.22499999999999998,-0.1589156538248062
curv,0.025000000000000022,0.25,0,0,0.091084346,-1.859381,9,-0.22499999999999998,-0.1589156538248062
curv,0.075,0.25,1,0,0.13428652,-1.5893097,9,-0.175,-0.11571347713470459
curv,0.075,0.25,1,0,0.13428652,-1.5893097,9,-0.175,-0.11571347713470459
curv,0.12500000000000003,0.25,2,0,0.17748868,-1.3192384,9,-0.12499999999999997,-0.07251131534576416
curv,0.12500000000000003,0.25,2,0,0.17748868,-1.3192384,9,-0.12499999999999997,-0.07251131534576416
curv,0.17500000000000002,0.25,3,0,0.22069085,-1.0491674,9,-0.07499999999999998,-0.02930915355682373
curv,0.17500000000000002,0.25,3,0,0.22069085,-1.0491674,9,-0.07499999999999998,-0.02930915355682373
curv,0.225,0.25,4,0,0.26389307,-0.7790962,9,-0.024999999999999994,0.013893067836761475
curv,0.225,0.25,4,0,0.26389307,-0.7790962,9,-0.024999999999999994,0.013893067836761475
curv,0.275,0.25,5,1,0.30709526,-0.5090248,9,0.025000000000000022,0.05709525942802429
curv,0.325,0.25,6,1,0.3502974,-0.23895377,9,0.07500000000000001,0.10029739141464233
curv,0.37500000000000006,0.25,7,1,0.3934996,0.031117499,9,0.12500000000000006,0.14349961280822754
curv,0.425,0.25,8,1,0.43670177,0.30118883,9,0.175,0.18670177459716797
curv,0.475,0.25,9,1,0.479904,0.57126,9,0.22499999999999998,0.22990399599075317
curv,0.525,0.25,10,1,0.52310616,0.84133106,9,0.275,0.2731061577796936
curv,0.575,0.25,11,1,0.56630826,1.1114023,9,0.32499999999999996,0.31630825996398926
curv,0.625,0.25,12,1,0.60153323,1.3125417,9,0.375,0.3515332341194153
curv,0.675,0.25,13,1,0.6318371,1.4514453,9,0.42500000000000004,0.3818371295928955
curv,0.7250000000000001,0.25,14,1,0.6691491,1.5477097,9,0.4750000000000001,0.41914910078048706
flat,0.275,0.7500000000000001,0,0,0.31538558,-2.0828671,9,-0.4750000000000001,-0.4346144199371339
flat,0.325,0.7500000000000001,1,0,0.3585878,-1.8127956,9,-0.4250000000000001,-0.3914121985435487
flat,0.37500000000000006,0.7500000000000001,2,0,0.40179002,-1.5427246,9,-0.37500000000000006,-0.3482099771499635
flat,0.425,0.7500000000000001,3,0,0.44499218,-1.2726531,9,-0.3250000000000001,-0.30500781536102306
flat,0.475,0.7500000000000001,4,0,0.4881943,-1.0025823,9,-0.27500000000000013,-0.2618057131767274
flat,0.525,0.7500000000000001,5,0,0.53139657,-0.732511,9,-0.2250000000000001,-0.21860343217849743
flat,0.575,0.7500000000000001,6,0,0.57459867,-0.46243972,9,-0.17500000000000016,-0.17540132999420177
flat,0.625,0.7500000000000001,7,0,0.6178009,-0.19236845,9,-0.1250000000000001,-0.13219910860061657
flat,0.675,0.7500000000000001,8,0,0.6610032,0.07770294,9,-0.07500000000000007,-0.08899682760238659
flat,0.7250000000000001,0.7500000000000001,9,0,0.70420533,0.3477741,9,-0.025000000000000022,-0.045794665813446156
flat,0.7749999999999999,0.7500000000000001,10,1,0.7474074,0.617845,9,0.0249999999999998,-0.002592623233795277
flat,0.7749999999999999,0.7500000000000001,10,1,0.7474074,0.617845,9,0.0249999999999998,-0.002592623233795277
flat,0.825,0.7500000000000001,11,1,0.79060954,0.88791627,9,0.07499999999999984,0.04060953855514515
flat,0.825,0.7500000000000001,11,1,0.79060954,0.88791627,9,0.07499999999999984,0.04060953855514515
flat,0.8749999999999999,0.7500000000000001,12,1,0.8338119,1.1579878,9,0.12499999999999978,0.08381187915801991
flat,0.8749999999999999,0.7500000000000001,12,1,0.8338119,1.1579878,9,0.12499999999999978,0.08381187915801991
flat,0.9249999999999999,0.7500000000000001,13,1,0.8770141,1.4280591,9,0.17499999999999982,0.1270141005516051
flat,0.9249999999999999,0.7500000000000001,13,1,0.8770141,1.4280591,9,0.17499999999999982,0.1270141005516051
flat,0.975,0.7500000000000001,14,1,0.9320914,1.6673143,9,0.22499999999999987,0.18209141492843617
flat,0.975,0.7500000000000001,14,1,0.9320914,1.6673143,9,0.22499999999999987,0.18209141492843617
base,0.025000000000000022,0.5,0,0,0.09522951,-2.646302,9,-0.475,-0.40477049350738525
base,0.075,0.5,1,0,0.13843173,-2.376231,9,-0.425,-0.36156827211380005
base,0.12500000000000003,0.5,2,0,0.18163389,-2.1061594,9,-0.375,-0.3183661103248596
base,0.17500000000000002,0.5,3,0,0.22483608,-1.8360882,9,-0.32499999999999996,-0.2751639187335968
base,0.225,0.5,4,0,0.26803824,-1.5660169,9,-0.275,-0.23196175694465637
base,0.275,0.5,5,0,0.31124043,-1.2959459,9,-0.22499999999999998,-0.18875956535339355
base,0.325,0.5,6,0,0.3544426,-1.0258749,9,-0.175,-0.14555740356445312
base,0.37500000000000006,0.5,7,0,0.39764476,-0.7558034,9,-0.12499999999999994,-0.1023552417755127
base,0.425,0.5,8,0,0.44084698,-0.48573196,9,-0.07500000000000001,-0.05915302038192749
base,0.475,0.5,9,0,0.4840492,-0.21566093,9,-0.025000000000000022,-0.015950798988342285
base,0.525,0.5,10,1,0.5272513,0.05441004,9,0.025000000000000022,0.02725130319595337
base,0.575,0.5,11,1,0.5704535,0.32448143,9,0.07499999999999996,0.07045352458953857
base,0.625,0.5,12,1,0.61365575,0.5945526,9,0.125,0.11365574598312378
base,0.675,0.5,13,1,0.65685797,0.8646239,9,0.17500000000000004,0.15685796737670898
base,0.7250000000000001,0.5,14,1,0.7000601,1.1346952,9,0.2250000000000001,0.20006012916564941
base,0.7749999999999999,0.5,15,1,0.74326223,1.4047661,9,0.2749999999999999,0.24326223134994507
base,0.825,0.5,16,1,0.78758824,1.6719213,9,0.32499999999999996,0.2875882387161255
base,0.8749999999999999,0.5,17,1,0.84131205,1.8091516,9,0.3749999999999999,0.341312050819397
base,0.9249999999999999,0.5,18,1,0.8882516,1.8804328,9,0.42499999999999993,0.3882516026496887
base,0.975,0.5,19,1,0.9351912,1.951714,9,0.475,0.43519121408462524
curv,0.025000000000000022,0.25,0,0,0.091084346,-1.859381,9,-0.22499999999999998,-0.1589156538248062
curv,0.025000000000000022,0.25,0,0,0.091084346,-1.859381,9,-0.22499999999999998,-0.1589156538248062
curv,0.075,0.25,1,0,0.13428652,-1.5893097,9,-0.175,-0.11571347713470459
curv,0.075,0.25,1,0,0.13428652,-1.5893097,9,-0.175,-0.11571347713470459
curv,0.12500000000000003,0.25,2,0,0.17748868,-1.3192384,9,-0.12499999999999997,-0.07251131534576416
curv,0.12500000000000003,0.25,2,0,0.17748868,-1.3192384,9,-0.12499999999999997,-0.07251131534576416
curv,0.17500000000000002,0.25,3,0,0.22069085,-1.0491674,9,-0.07499999999999998,-0.02930915355682373
curv,0.17500000000000002,0.25,3,0,0.22069085,-1.0491674,9,-0.07499999999999998,-0.02930915355682373
curv,0.225,0.25,4,0,0.26389307,-0.7790962,9,-0.024999999999999994,0.013893067836761475
curv,0.225,0.25,4,0,0.26389307,-0.7790962,9,-0.024999999999999994,0.013893067836761475
curv,0.275,0.25,5,1,0.30709526,-0.5090248,9,0.025000000000000022,0.05709525942802429
curv,0.325,0.25,6,1,0.3502974,-0.23895377,9,0.07500000000000001,0.10029739141464233
curv,0.37500000000000006,0.25,7,1,0.3934996,0.031117499,9,0.12500000000000006,0.14349961280822754
curv,0.425,0.25,8,1,0.43670177,0.30118883,9,0.175,0.18670177459716797
curv,0.475,0.25,9,1,0.479904,0.57126,9,0.22499999999999998,0.22990399599075317
curv,0.525,0.25,10,1,0.52310616,0.84133106,9,0.275,0.2731061577796936
curv,0.575,0.25,11,1,0.56630826,1.1114023,9,0.32499999999999996,0.31630825996398926
curv,0.625,0.25,12,1,0.60153323,1.3125417,9,0.375,0.3515332341194153
curv,0.675,0.25,13,1,0.6318371,1.4514453,9,0.42500000000000004,0.3818371295928955
curv,0.7250000000000001,0.25,14,1,0.6691491,1.5477097,9,0.4750000000000001,0.41914910078048706
flat,0.275,0.7500000000000001,0,0,0.31538558,-2.0828671,9,-0.4750000000000001,-0.4346144199371339
flat,0.325,0.7500000000000001,1,0,0.3585878,-1.8127956,9,-0.4250000000000001,-0.3914121985435487
flat,0.37500000000000006,0.7500000000000001,2,0,0.40179002,-1.5427246,9,-0.37500000000000006,-0.3482099771499635
flat,0.425,0.7500000000000001,3,0,0.44499218,-1.2726531,9,-0.3250000000000001,-0.30500781536102306
flat,0.475,0.7500000000000001,4,0,0.4881943,-1.0025823,9,-0.27500000000000013,-0.2618057131767274
flat,0.525,0.7500000000000001,5,0,0.53139657,-0.732511,9,-0.2250000000000001,-0.21860343217849743
flat,0.575,0.7500000000000001,6,0,0.57459867,-0.46243972,9,-0.17500000000000016,-0.17540132999420177
flat,0.625,0.7500000000000001,7,0,0.6178009,-0.19236845,9,-0.1250000000000001,-0.13219910860061657
flat,0.675,0.7500000000000001,8,0,0.6610032,0.07770294,9,-0.07500000000000007,-0.08899682760238659
flat,0.7250000000000001,0.7500000000000001,9,0,0.70420533,0.3477741,9,-0.025000000000000022,-0.045794665813446156
flat,0.7749999999999999,0.7500000000000001,10,1,0.7474074,0.617845,9,0.0249999999999998,-0.002592623233795277
flat,0.7749999999999999,0.7500000000000001,10,1,0.7474074,0.617845,9,0.0249999999999998,-0.002592623233795277
flat,0.825,0.7500000000000001,11,1,0.79060954,0.88791627,9,0.07499999999999984,0.04060953855514515
flat,0.825,0.7500000000000001,11,1,0.79060954,0.88791627,9,0.07499999999999984,0.04060953855514515
flat,0.8749999999999999,0.7500000000000001,12,1,0.8338119,1.1579878,9,0.12499999999999978,0.08381187915801991
flat,0.8749999999999999,0.7500000000000001,12,1,0.8338119,1.1579878,9,0.12499999999999978,0.08381187915801991
flat,0.9249999999999999,0.7500000000000001,13,1,0.8770141,1.4280591,9,0.17499999999999982,0.1270141005516051
flat,0.9249999999999999,0.7500000000000001,13,1,0.8770141,1.4280591,9,0.17499999999999982,0.1270141005516051
flat,0.975,0.7500000000000001,14,1,0.9320914,1.6673143,9,0.22499999999999987,0.18209141492843617
flat,0.975,0.7500000000000001,14,1,0.9320914,1.6673143,9,0.22499999999999987,0.18209141492843617
base,0.025000000000000022,0.5,0,0,0.09522951,-2.646302,9,-0.475,-0.40477049350738525
base,0.075,0.5,1,0,0.13843173,-2.376231,9,-0.425,-0.36156827211380005
base,0.12500000000000003,0.5,2,0,0.18163389,-2.1061594,9,-0.375,-0.3183661103248596
base,0.17500000000000002,0.5,3,0,0.22483608,-1.8360882,9,-0.32499999999999996,-0.2751639187335968
base,0.225,0.5,4,0,0.26803824,-1.5660169,9,-0.275,-0.23196175694465637
base,0.275,0.5,5,0,0.31124043,-1.2959459,9,-0.22499999999999998,-0.18875956535339355
base,0.325,0.5,6,0,0.3544426,-1.0258749,9,-0.175,-0.14555740356445312
base,0.37500000000000006,0.5,7,0,0.39764476,-0.7558034,9,-0.12499999999999994,-0.1023552417755127
base,0.425,0.5,8,0,0.44084698,-0.48573196,9,-0.07500000000000001,-0.05915302038192749
base,0.475,0.5,9,0,0.4840492,-0.21566093,9,-0.025000000000000022,-0.015950798988342285
base,0.525,0.5,10,1,0.5272513,0.05441004,9,0.025000000000000022,0.02725130319595337
base,0.575,0.5,11,1,0.5704535,0.32448143,9,0.07499999999999996,0.07045352458953857
base,0.625,0.5,12,1,0.61365575,0.5945526,9,0.125,0.11365574598312378
base,0.675,0.5,13,1,0.65685797,0.8646239,9,0.17500000000000004,0.15685796737670898
base,0.7250000000000001,0.5,14,1,0.7000601,1.1346952,9,0.2250000000000001,0.20006012916564941
base,0.7749999999999999,0.5,15,1,0.74326223,1.4047661,9,0.2749999999999999,0.24326223134994507
base,0.825,0.5,16,1,0.78758824,1.6719213,9,0.32499999999999996,0.2875882387161255
base,0.8749999999999999,0.5,17,1,0.84131205,1.8091516,9,0.3749999999999999,0.341312050819397
base,0.9249999999999999,0.5,18,1,0.8882516,1.8804328,9,0.42499999999999993,0.3882516026496887
base,0.975,0.5,19,1,0.9351912,1.951714,9,0.475,0.43519121408462524
curv,0.025000000000000022,0.25,0,0,0.091084346,-1.859381,9,-0.22499999999999998,-0.1589156538248062
curv,0.025000000000000022,0.25,0,0,0.091084346,-1.859381,9,-0.22499999999999998,-0.1589156538248062
curv,0.075,0.25,1,0,0.13428652,-1.5893097,9,-0.175,-0.11571347713470459
curv,0.075,0.25,1,0,0.13428652,-1.5893097,9,-0.175,-0.11571347713470459
curv,0.12500000000000003,0.25,2,0,0.17748868,-1.3192384,9,-0.12499999999999997,-0.07251131534576416
curv,0.12500000000000003,0.25,2,0,0.17748868,-1.3192384,9,-0.12499999999999997,-0.07251131534576416
curv,0.17500000000000002,0.25,3,0,0.22069085,-1.0491674,9,-0.07499999999999998,-0.02930915355682373
curv,0.17500000000000002,0.25,3,0,0.22069085,-1.0491674,9,-0.07499999999999998,-0.02930915355682373
curv,0.225,0.25,4,0,0.26389307,-0.7790962,9,-0.024999999999999994,0.013893067836761475
curv,0.225,0.25,4,0,0.26389307,-0.7790962,9,-0.024999999999999994,0.013893067836761475
curv,0.275,0.25,5,1,0.30709526,-0.5090248,9,0.025000000000000022,0.05709525942802429
curv,0.325,0.25,6,1,0.3502974,-0.23895377,9,0.07500000000000001,0.10029739141464233
curv,0.37500000000000006,0.25,7,1,0.3934996,0.031117499,9,0.12500000000000006,0.14349961280822754
curv,0.425,0.25,8,1,0.43670177,0.30118883,9,0.175,0.18670177459716797
curv,0.475,0.25,9,1,0.479904,0.57126,9,0.22499999999999998,0.22990399599075317
curv,0.525,0.25,10,1,0.52310616,0.84133106,9,0.275,0.2731061577796936
curv,0.575,0.25,11,1,0.56630826,1.1114023,9,0.32499999999999996,0.31630825996398926
curv,0.625,0.25,12,1,0.60153323,1.3125417,9,0.375,0.3515332341194153
curv,0.675,0.25,13,1,0.6318371,1.4514453,9,0.42500000000000004,0.3818371295928955
curv,0.7250000000000001,0.25,14,1,0.6691491,1.5477097,9,0.4750000000000001,0.41914910078048706
flat,0.275,0.7500000000000001,0,0,0.31538558,-2.0828671,9,-0.4750000000000001,-0.4346144199371339
flat,0.325,0.7500000000000001,1,0,0.3585878,-1.8127956,9,-0.4250000000000001,-0.3914121985435487
flat,0.37500000000000006,0.7500000000000001,2,0,0.40179002,-1.5427246,9,-0.37500000000000006,-0.3482099771499635
flat,0.425,0.7500000000000001,3,0,0.44499218,-1.2726531,9,-0.3250000000000001,-0.30500781536102306
flat,0.475,0.7500000000000001,4,0,0.4881943,-1.0025823,9,-0.27500000000000013,-0.2618057131767274
flat,0.525,0.7500000000000001,5,0,0.53139657,-0.732511,9,-0.2250000000000001,-0.21860343217849743
flat,0.575,0.7500000000000001,6,0,0.57459867,-0.46243972,9,-0.17500000000000016,-0.17540132999420177
flat,0.625,0.7500000000000001,7,0,0.6178009,-0.19236845,9,-0.1250000000000001,-0.13219910860061657
flat,0.675,0.7500000000000001,8,0,0.6610032,0.07770294,9,-0.07500000000000007,-0.08899682760238659
flat,0.7250000000000001,0.7500000000000001,9,0,0.70420533,0.3477741,9,-0.025000000000000022,-0.045794665813446156
flat,0.7749999999999999,0.7500000000000001,10,1,0.7474074,0.617845,9,0.0249999999999998,-0.002592623233795277
flat,0.7749999999999999,0.7500000000000001,10,1,0.7474074,0.617845,9,0.0249999999999998,-0.002592623233795277
flat,0.825,0.7500000000000001,11,1,0.79060954,0.88791627,9,0.07499999999999984,0.04060953855514515
flat,0.825,0.7500000000000001,11,1,0.79060954,0.88791627,9,0.07499999999999984,0.04060953855514515
flat,0.8749999999999999,0.7500000000000001,12,1,0.8338119,1.1579878,9,0.12499999999999978,0.08381187915801991
flat,0.8749999999999999,0.7500000000000001,12,1,0.8338119,1.1579878,9,0.12499999999999978,0.08381187915801991
flat,0.9249999999999999,0.7500000000000001,13,1,0.8770141,1.4280591,9,0.17499999999999982,0.1270141005516051
flat,0.9249999999999999,0.7500000000000001,13,1,0.8770141,1.4280591,9,0.17499999999999982,0.1270141005516051
flat,0.975,0.7500000000000001,14,1,0.9320914,1.6673143,9,0.22499999999999987,0.18209141492843617
flat,0.975,0.7500000000000001,14,1,0.9320914,1.6673143,9,0.22499999999999987,0.18209141492843617
base,0.025000000000000022,0.5,0,0,0.18066917,-0.9705405,10,-0.475,-0.3193308264017105
base,0.075,0.5,1,0,0.20264143,-0.88242763,10,-0.425,-0.29735857248306274
base,0.12500000000000003,0.5,2,0,0.2353842,-0.7772442,10,-0.375,-0.2646158039569855
base,0.17500000000000002,0.5,3,0,0.2720986,-0.6675299,10,-0.32499999999999996,-0.2279013991355896
base,0.225,0.5,4,0,0.30881292,-0.55781573,10,-0.275,-0.1911870837211609
base,0.275,0.5,5,0,0.34552726,-0.44810146,10,-0.22499999999999998,-0.1544727385044098
base,0.325,0.5,6,0,0.3822416,-0.33838737,10,-0.175,-0.11775839328765869
base,0.37500000000000006,0.5,7,0,0.41895595,-0.22867312,10,-0.12499999999999994,-0.08104404807090759
base,0.425,0.5,8,0,0.4556703,-0.11895883,10,-0.07500000000000001,-0.044329702854156494
base,0.475,0.5,9,0,0.4923846,-0.0092446655,10,-0.025000000000000022,-0.007615387439727783
base,0.525,0.5,10,1,0.5290989,0.1004695,10,0.025000000000000022,0.029098927974700928
base,0.575,0.5,11,1,0.5658133,0.21018378,10,0.07499999999999996,0.06581330299377441
base,0.625,0.5,12,1,0.6025276,0.31989795,10,0.125,0.10252761840820312
base,0.675,0.5,13,1,0.63924205,0.42961222,10,0.17500000000000004,0.1392420530319214
base,0.7250000000000001,0.5,14,1,0.67595637,0.5393265,10,0.2250000000000001,0.1759563684463501
base,0.7749999999999999,0.5,15,1,0.7126707,0.6490405,10,0.2749999999999999,0.2126706838607788
base,0.825,0.5,16,1,0.749385,0.7587548,10,0.32499999999999996,0.24938499927520752
base,0.8749999999999999,0.5,17,1,0.7860993,0.868469,10,0.3749999999999999,0.28609931468963623
base,0.9249999999999999,0.5,18,1,0.82281363,0.97818327,10,0.42499999999999993,0.32281363010406494
base,0.975,0.5,19,1,0.8595281,1.0878977,10,0.475,0.359528124332428
curv,0.025000000000000022,0.25,0,0,0.094951905,-0.8056937,10,-0.22499999999999998,-0.15504809468984604
curv,0.025000000000000022,0.25,0,0,0.094951905,-0.8056937,10,-0.22499999999999998,-0.15504809468984604
curv,0.075,0.25,1,0,0.10424598,-0.755213,10,-0.175,-0.14575401693582535
curv,0.075,0.25,1,0,0.10424598,-0.755213,10,-0.175,-0.14575401693582535
curv,0.12500000000000003,0.25,2,0,0.13883173,-0.64994884,10,-0.12499999999999997,-0.1111682653427124
curv,0.12500000000000003,0.25,2,0,0.13883173,-0.64994884,10,-0.12499999999999997,-0.1111682653427124
curv,0.17500000000000002,0.25,3,0,0.17554606,-0.54023457,10,-0.07499999999999998,-0.0744539350271225
curv,0.17500000000000002,0.25,3,0,0.17554606,-0.54023457,10,-0.07499999999999998,-0.0744539350271225
curv,0.225,0.25,4,0,0.21226043,-0.43052042,10,-0.024999999999999994,-0.037739574909210205
curv,0.225,0.25,4,0,0.21226043,-0.43052042,10,-0.024999999999999994,-0.037739574909210205
curv,0.275,0.25,5,1,0.24897476,-0.3208062,10,0.025000000000000022,-0.0010252445936203003
curv,0.325,0.25,6,1,0.28568915,-0.211092,10,0.07500000000000001,0.03568914532661438
curv,0.37500000000000006,0.25,7,1,0.32240343,-0.10137776,10,0.12500000000000006,0.0724034309387207
curv,0.425,0.25,8,1,0.35911784,0.0083364695,10,0.175,0.10911783576011658
curv,0.475,0.25,9,1,0.39583215,0.11805062,10,0.22499999999999998,0.1458321511745453
curv,0.525,0.25,10,1,0.43254647,0.22776483,10,0.275,0.182546466588974
curv,0.575,0.25,11,1,0.4692608,0.33747905,10,0.32499999999999996,0.2192608118057251
curv,0.625,0.25,12,1,0.5059751,0.44719326,10,0.375,0.2559751272201538
curv,0.675,0.25,13,1,0.5426895,0.5569075,10,0.42500000000000004,0.2926895022392273
curv,0.7250000000000001,0.25,14,1,0.5794039,0.6666218,10,0.4750000000000001,0.3294038772583008
flat,0.275,0.7500000000000001,0,0,0.43186167,-0.55163616,10,-0.4750000000000001,-0.3181383311748506
flat,0.325,0.7500000000000001,1,0,0.47425178,-0.45511997,10,-0.4250000000000001,-0.27574822306633007
flat,0.37500000000000006,0.7500000000000001,2,0,0.5155084,-0.35596836,10,-0.37500000000000006,-0.23449158668518078
flat,0.425,0.7500000000000001,3,0,0.5522228,-0.24625419,10,-0.3250000000000001,-0.1977772116661073
flat,0.475,0.7500000000000001,4,0,0.5889371,-0.13654001,10,-0.27500000000000013,-0.16106289625167858
flat,0.525,0.7500000000000001,5,0,0.6256515,-0.026825845,10,-0.2250000000000001,-0.12434852123260509
flat,0.575,0.7500000000000001,6,0,0.66236585,0.082888395,10,-0.17500000000000016,-0.0876341462135316
flat,0.625,0.7500000000000001,7,0,0.6990801,0.19260265,10,-0.1250000000000001,-0.05091989040374767
flat,0.675,0.7500000000000001,8,0,0.7357945,0.30231684,10,-0.07500000000000007,-0.014205515384674183
flat,0.7250000000000001,0.7500000000000001,9,0,0.77250886,0.41203117,10,-0.025000000000000022,0.022508859634399303
flat,0.7749999999999999,0.7500000000000001,10,1,0.8092231,0.5217452,10,0.0249999999999998,0.05922311544418324
flat,0.7749999999999999,0.7500000000000001,10,1,0.8092231,0.5217452,10,0.0249999999999998,0.05922311544418324
flat,0.825,0.7500000000000001,11,1,0.8459375,0.6314595,10,0.07499999999999984,0.09593749046325672
flat,0.825,0.7500000000000001,11,1,0.8459375,0.6314595,10,0.07499999999999984,0.09593749046325672
flat,0.8749999999999999,0.7500000000000001,12,1,0.8826518,0.74117374,10,0.12499999999999978,0.13265180587768544
flat,0.8749999999999999,0.7500000000000001,12,1,0.8826518,0.74117374,10,0.12499999999999978,0.13265180587768544
flat,0.9249999999999999,0.7500000000000001,13,1,0.91936624,0.850888,10,0.17499999999999982,0.1693662405014037
flat,0.9249999999999999,0.7500000000000001,13,1,0.91936624,0.850888,10,0.17499999999999982,0.1693662405014037
flat,0.975,0.7500000000000001,14,1,0.95608056,0.9606024,10,0.22499999999999987,0.2060805559158324
flat,0.975,0.7500000000000001,14,1,0.95608056,0.9606024,10,0.22499999999999987,0.2060805559158324
base,0.025000000000000022,0.5,0,0,0.18066917,-0.9705405,10,-0.475,-0.3193308264017105
base,0.075,0.5,1,0,0.20264143,-0.88242763,10,-0.425,-0.29735857248306274
base,0.12500000000000003,0.5,2,0,0.2353842,-0.7772442,10,-0.375,-0.2646158039569855
base,0.17500000000000002,0.5,3,0,0.2720986,-0.6675299,10,-0.32499999999999996,-0.2279013991355896
base,0.225,0.5,4,0,0.30881292,-0.55781573,10,-0.275,-0.1911870837211609
base,0.275,0.5,5,0,0.34552726,-0.44810146,10,-0.22499999999999998,-0.1544727385044098
base,0.325,0.5,6,0,0.3822416,-0.33838737,10,-0.175,-0.11775839328765869
base,0.37500000000000006,0.5,7,0,0.41895595,-0.22867312,10,-0.12499999999999994,-0.08104404807090759
base,0.425,0.5,8,0,0.4556703,-0.11895883,10,-0.07500000000000001,-0.044329702854156494
base,0.475,0.5,9,0,0.4923846,-0.0092446655,10,-0.025000000000000022,-0.007615387439727783
base,0.525,0.5,10,1,0.5290989,0.1004695,10,0.025000000000000022,0.029098927974700928
base,0.575,0.5,11,1,0.5658133,0.21018378,10,0.07499999999999996,0.06581330299377441
base,0.625,0.5,12,1,0.6025276,0.31989795,10,0.125,0.10252761840820312
base,0.675,0.5,13,1,0.63924205,0.42961222,10,0.17500000000000004,0.1392420530319214
base,0.7250000000000001,0.5,14,1,0.67595637,0.5393265,10,0.2250000000000001,0.1759563684463501
base,0.7749999999999999,0.5,15,1,0.7126707,0.6490405,10,0.2749999999999999,0.2126706838607788
base,0.825,0.5,16,1,0.749385,0.7587548,10,0.32499999999999996,0.24938499927520752
base,0.8749999999999999,0.5,17,1,0.7860993,0.868469,10,0.3749999999999999,0.28609931468963623
base,0.9249999999999999,0.5,18,1,0.82281363,0.97818327,10,0.42499999999999993,0.32281363010406494
base,0.975,0.5,19,1,0.8595281,1.0878977,10,0.475,0.359528124332428
curv,0.025000000000000022,0.25,0,0,0.094951905,-0.8056937,10,-0.22499999999999998,-0.15504809468984604
curv,0.025000000000000022,0.25,0,0,0.094951905,-0.8056937,10,-0.22499999999999998,-0.15504809468984604
curv,0.075,0.25,1,0,0.10424598,-0.755213,10,-0.175,-0.14575401693582535
curv,0.075,0.25,1,0,0.10424598,-0.755213,10,-0.175,-0.14575401693582535
curv,0.12500000000000003,0.25,2,0,0.13883173,-0.64994884,10,-0.12499999999999997,-0.1111682653427124
curv,0.12500000000000003,0.25,2,0,0.13883173,-0.64994884,10,-0.12499999999999997,-0.1111682653427124
curv,0.17500000000000002,0.25,3,0,0.17554606,-0.54023457,10,-0.07499999999999998,-0.0744539350271225
curv,0.17500000000000002,0.25,3,0,0.17554606,-0.54023457,10,-0.07499999999999998,-0.0744539350271225
curv,0.225,0.25,4,0,0.21226043,-0.43052042,10,-0.024999999999999994,-0.037739574909210205
curv,0.225,0.25,4,0,0.21226043,-0.43052042,10,-0.024999999999999994,-0.037739574909210205
curv,0.275,0.25,5,1,0.24897476,-0.3208062,10,0.025000000000000022,-0.0010252445936203003
curv,0.325,0.25,6,1,0.28568915,-0.211092,10,0.07500000000000001,0.03568914532661438
curv,0.37500000000000006,0.25,7,1,0.32240343,-0.10137776,10,0.12500000000000006,0.0724034309387207
curv,0.425,0.25,8,1,0.35911784,0.0083364695,10,0.175,0.10911783576011658
curv,0.475,0.25,9,1,0.39583215,0.11805062,10,0.22499999999999998,0.1458321511745453
curv,0.525,0.25,10,1,0.43254647,0.22776483,10,0.275,0.182546466588974
curv,0.575,0.25,11,1,0.4692608,0.33747905,10,0.32499999999999996,0.2192608118057251
curv,0.625,0.25,12,1,0.5059751,0.44719326,10,0.375,0.2559751272201538
curv,0.675,0.25,13,1,0.5426895,0.5569075,10,0.42500000000000004,0.2926895022392273
curv,0.7250000000000001,0.25,14,1,0.5794039,0.6666218,10,0.4750000000000001,0.3294038772583008
flat,0.275,0.7500000000000001,0,0,0.43186167,-0.55163616,10,-0.4750000000000001,-0.3181383311748506
flat,0.325,0.7500000000000001,1,0,0.47425178,-0.45511997,10,-0.4250000000000001,-0.27574822306633007
flat,0.37500000000000006,0.7500000000000001,2,0,0.5155084,-0.35596836,10,-0.37500000000000006,-0.23449158668518078
flat,0.425,0.7500000000000001,3,0,0.5522228,-0.24625419,10,-0.3250000000000001,-0.1977772116661073
flat,0.475,0.7500000000000001,4,0,0.5889371,-0.13654001,10,-0.27500000000000013,-0.16106289625167858
flat,0.525,0.7500000000000001,5,0,0.6256515,-0.026825845,10,-0.2250000000000001,-0.12434852123260509
flat,0.575,0.7500000000000001,6,0,0.66236585,0.082888395,10,-0.17500000000000016,-0.0876341462135316
flat,0.625,0.7500000000000001,7,0,0.6990801,0.19260265,10,-0.1250000000000001,-0.05091989040374767
flat,0.675,0.7500000000000001,8,0,0.7357945,0.30231684,10,-0.07500000000000007,-0.014205515384674183
flat,0.7250000000000001,0.7500000000000001,9,0,0.77250886,0.41203117,10,-0.025000000000000022,0.022508859634399303
flat,0.7749999999999999,0.7500000000000001,10,1,0.8092231,0.5217452,10,0.0249999999999998,0.05922311544418324
flat,0.7749999999999999,0.7500000000000001,10,1,0.8092231,0.5217452,10,0.0249999999999998,0.05922311544418324
flat,0.825,0.7500000000000001,11,1,0.8459375,0.6314595,10,0.07499999999999984,0.09593749046325672
flat,0.825,0.7500000000000001,11,1,0.8459375,0.6314595,10,0.07499999999999984,0.09593749046325672
flat,0.8749999999999999,0.7500000000000001,12,1,0.8826518,0.74117374,10,0.12499999999999978,0.13265180587768544
flat,0.8749999999999999,0.7500000000000001,12,1,0.8826518,0.74117374,10,0.12499999999999978,0.13265180587768544
flat,0.9249999999999999,0.7500000000000001,13,1,0.91936624,0.850888,10,0.17499999999999982,0.1693662405014037
flat,0.9249999999999999,0.7500000000000001,13,1,0.91936624,0.850888,10,0.17499999999999982,0.1693662405014037
flat,0.975,0.7500000000000001,14,1,0.95608056,0.9606024,10,0.22499999999999987,0.2060805559158324
flat,0.975,0.7500000000000001,14,1,0.95608056,0.9606024,10,0.22499999999999987,0.2060805559158324
base,0.025000000000000022,0.5,0,0,0.18066917,-0.9705405,10,-0.475,-0.3193308264017105
base,0.075,0.5,1,0,0.20264143,-0.88242763,10,-0.425,-0.29735857248306274
base,0.12500000000000003,0.5,2,0,0.2353842,-0.7772442,10,-0.375,-0.2646158039569855
base,0.17500000000000002,0.5,3,0,0.2720986,-0.6675299,10,-0.32499999999999996,-0.2279013991355896
base,0.225,0.5,4,0,0.30881292,-0.55781573,10,-0.275,-0.1911870837211609
base,0.275,0.5,5,0,0.34552726,-0.44810146,10,-0.22499999999999998,-0.1544727385044098
base,0.325,0.5,6,0,0.3822416,-0.33838737,10,-0.175,-0.11775839328765869
base,0.37500000000000006,0.5,7,0,0.41895595,-0.22867312,10,-0.12499999999999994,-0.08104404807090759
base,0.425,0.5,8,0,0.4556703,-0.11895883,10,-0.07500000000000001,-0.044329702854156494
base,0.475,0.5,9,0,0.4923846,-0.0092446655,10,-0.025000000000000022,-0.007615387439727783
base,0.525,0.5,10,1,0.5290989,0.1004695,10,0.025000000000000022,0.029098927974700928
base,0.575,0.5,11,1,0.5658133,0.21018378,10,0.07499999999999996,0.06581330299377441
base,0.625,0.5,12,1,0.6025276,0.31989795,10,0.125,0.10252761840820312
base,0.675,0.5,13,1,0.63924205,0.42961222,10,0.17500000000000004,0.1392420530319214
base,0.7250000000000001,0.5,14,1,0.67595637,0.5393265,10,0.2250000000000001,0.1759563684463501
base,0.7749999999999999,0.5,15,1,0.7126707,0.6490405,10,0.2749999999999999,0.2126706838607788
base,0.825,0.5,16,1,0.749385,0.7587548,10,0.32499999999999996,0.24938499927520752
base,0.8749999999999999,0.5,17,1,0.7860993,0.868469,10,0.3749999999999999,0.28609931468963623
base,0.9249999999999999,0.5,18,1,0.82281363,0.97818327,10,0.42499999999999993,0.32281363010406494
base,0.975,0.5,19,1,0.8595281,1.0878977,10,0.475,0.359528124332428
curv,0.025000000000000022,0.25,0,0,0.094951905,-0.8056937,10,-0.22499999999999998,-0.15504809468984604
curv,0.025000000000000022,0.25,0,0,0.094951905,-0.8056937,10,-0.22499999999999998,-0.15504809468984604
curv,0.075,0.25,1,0,0.10424598,-0.755213,10,-0.175,-0.14575401693582535
curv,0.075,0.25,1,0,0.10424598,-0.755213,10,-0.175,-0.14575401693582535
curv,0.12500000000000003,0.25,2,0,0.13883173,-0.64994884,10,-0.12499999999999997,-0.1111682653427124
curv,0.12500000000000003,0.25,2,0,0.13883173,-0.64994884,10,-0.12499999999999997,-0.1111682653427124
curv,0.17500000000000002,0.25,3,0,0.17554606,-0.54023457,10,-0.07499999999999998,-0.0744539350271225
curv,0.17500000000000002,0.25,3,0,0.17554606,-0.54023457,10,-0.07499999999999998,-0.0744539350271225
curv,0.225,0.25,4,0,0.21226043,-0.43052042,10,-0.024999999999999994,-0.037739574909210205
curv,0.225,0.25,4,0,0.21226043,-0.43052042,10,-0.024999999999999994,-0.037739574909210205
curv,0.275,0.25,5,1,0.24897476,-0.3208062,10,0.025000000000000022,-0.0010252445936203003
curv,0.325,0.25,6,1,0.28568915,-0.211092,10,0.07500000000000001,0.03568914532661438
curv,0.37500000000000006,0.25,7,1,0.32240343,-0.10137776,10,0.12500000000000006,0.0724034309387207
curv,0.425,0.25,8,1,0.35911784,0.0083364695,10,0.175,0.10911783576011658
curv,0.475,0.25,9,1,0.39583215,0.11805062,10,0.22499999999999998,0.1458321511745453
curv,0.525,0.25,10,1,0.43254647,0.22776483,10,0.275,0.182546466588974
curv,0.575,0.25,11,1,0.4692608,0.33747905,10,0.32499999999999996,0.2192608118057251
curv,0.625,0.25,12,1,0.5059751,0.44719326,10,0.375,0.2559751272201538
curv,0.675,0.25,13,1,0.5426895,0.5569075,10,0.42500000000000004,0.2926895022392273
curv,0.7250000000000001,0.25,14,1,0.5794039,0.6666218,10,0.4750000000000001,0.3294038772583008
flat,0.275,0.7500000000000001,0,0,0.43186167,-0.55163616,10,-0.4750000000000001,-0.3181383311748506
flat,0.325,0.7500000000000001,1,0,0.47425178,-0.45511997,10,-0.4250000000000001,-0.27574822306633007
flat,0.37500000000000006,0.7500000000000001,2,0,0.5155084,-0.35596836,10,-0.37500000000000006,-0.23449158668518078
flat,0.425,0.7500000000000001,3,0,0.5522228,-0.24625419,10,-0.3250000000000001,-0.1977772116661073
flat,0.475,0.7500000000000001,4,0,0.5889371,-0.13654001,10,-0.27500000000000013,-0.16106289625167858
flat,0.525,0.7500000000000001,5,0,0.6256515,-0.026825845,10,-0.2250000000000001,-0.12434852123260509
flat,0.575,0.7500000000000001,6,0,0.66236585,0.082888395,10,-0.17500000000000016,-0.0876341462135316
flat,0.625,0.7500000000000001,7,0,0.6990801,0.19260265,10,-0.1250000000000001,-0.05091989040374767
flat,0.675,0.7500000000000001,8,0,0.7357945,0.30231684,10,-0.07500000000000007,-0.014205515384674183
flat,0.7250000000000001,0.7500000000000001,9,0,0.77250886,0.41203117,10,-0.025000000000000022,0.022508859634399303
flat,0.7749999999999999,0.7500000000000001,10,1,0.8092231,0.5217452,10,0.0249999999999998,0.05922311544418324
flat,0.7749999999999999,0.7500000000000001,10,1,0.8092231,0.5217452,10,0.0249999999999998,0.05922311544418324
flat,0.825,0.7500000000000001,11,1,0.8459375,0.6314595,10,0.07499999999999984,0.09593749046325672
flat,0.825,0.7500000000000001,11,1,0.8459375,0.6314595,10,0.07499999999999984,0.09593749046325672
flat,0.8749999999999999,0.7500000000000001,12,1,0.8826518,0.74117374,10,0.12499999999999978,0.13265180587768544
flat,0.8749999999999999,0.7500000000000001,12,1,0.8826518,0.74117374,10,0.12499999999999978,0.13265180587768544
flat,0.9249999999999999,0.7500000000000001,13,1,0.91936624,0.850888,10,0.17499999999999982,0.1693662405014037
flat,0.9249999999999999,0.7500000000000001,13,1,0.91936624,0.850888,10,0.17499999999999982,0.1693662405014037
flat,0.975,0.7500000000000001,14,1,0.95608056,0.9606024,10,0.22499999999999987,0.2060805559158324
flat,0.975,0.7500000000000001,14,1,0.95608056,0.9606024,10,0.22499999999999987,0.2060805559158324
base,0.025000000000000022,0.5,0,0,0.18066917,-0.9705405,10,-0.475,-0.3193308264017105
base,0.075,0.5,1,0,0.20264143,-0.88242763,10,-0.425,-0.29735857248306274
base,0.12500000000000003,0.5,2,0,0.2353842,-0.7772442,10,-0.375,-0.2646158039569855
base,0.17500000000000002,0.5,3,0,0.2720986,-0.6675299,10,-0.32499999999999996,-0.2279013991355896
base,0.225,0.5,4,0,0.30881292,-0.55781573,10,-0.275,-0.1911870837211609
base,0.275,0.5,5,0,0.34552726,-0.44810146,10,-0.22499999999999998,-0.1544727385044098
base,0.325,0.5,6,0,0.3822416,-0.33838737,10,-0.175,-0.11775839328765869
base,0.37500000000000006,0.5,7,0,0.41895595,-0.22867312,10,-0.12499999999999994,-0.08104404807090759
base,0.425,0.5,8,0,0.4556703,-0.11895883,10,-0.07500000000000001,-0.044329702854156494
base,0.475,0.5,9,0,0.4923846,-0.0092446655,10,-0.025000000000000022,-0.007615387439727783
base,0.525,0.5,10,1,0.5290989,0.1004695,10,0.025000000000000022,0.029098927974700928
base,0.575,0.5,11,1,0.5658133,0.21018378,10,0.07499999999999996,0.06581330299377441
base,0.625,0.5,12,1,0.6025276,0.31989795,10,0.125,0.10252761840820312
base,0.675,0.5,13,1,0.63924205,0.42961222,10,0.17500000000000004,0.1392420530319214
base,0.7250000000000001,0.5,14,1,0.67595637,0.5393265,10,0.2250000000000001,0.1759563684463501
base,0.7749999999999999,0.5,15,1,0.7126707,0.6490405,10,0.2749999999999999,0.2126706838607788
base,0.825,0.5,16,1,0.749385,0.7587548,10,0.32499999999999996,0.24938499927520752
base,0.8749999999999999,0.5,17,1,0.7860993,0.868469,10,0.3749999999999999,0.28609931468963623
base,0.9249999999999999,0.5,18,1,0.82281363,0.97818327,10,0.42499999999999993,0.32281363010406494
base,0.975,0.5,19,1,0.8595281,1.0878977,10,0.475,0.359528124332428
curv,0.025000000000000022,0.25,0,0,0.094951905,-0.8056937,10,-0.22499999999999998,-0.15504809468984604
curv,0.025000000000000022,0.25,0,0,0.094951905,-0.8056937,10,-0.22499999999999998,-0.15504809468984604
curv,0.075,0.25,1,0,0.10424598,-0.755213,10,-0.175,-0.14575401693582535
curv,0.075,0.25,1,0,0.10424598,-0.755213,10,-0.175,-0.14575401693582535
curv,0.12500000000000003,0.25,2,0,0.13883173,-0.64994884,10,-0.12499999999999997,-0.1111682653427124
curv,0.12500000000000003,0.25,2,0,0.13883173,-0.64994884,10,-0.12499999999999997,-0.1111682653427124
curv,0.17500000000000002,0.25,3,0,0.17554606,-0.54023457,10,-0.07499999999999998,-0.0744539350271225
curv,0.17500000000000002,0.25,3,0,0.17554606,-0.54023457,10,-0.07499999999999998,-0.0744539350271225
curv,0.225,0.25,4,0,0.21226043,-0.43052042,10,-0.024999999999999994,-0.037739574909210205
curv,0.225,0.25,4,0,0.21226043,-0.43052042,10,-0.024999999999999994,-0.037739574909210205
curv,0.275,0.25,5,1,0.24897476,-0.3208062,10,0.025000000000000022,-0.0010252445936203003
curv,0.325,0.25,6,1,0.28568915,-0.211092,10,0.07500000000000001,0.03568914532661438
curv,0.37500000000000006,0.25,7,1,0.32240343,-0.10137776,10,0.12500000000000006,0.0724034309387207
curv,0.425,0.25,8,1,0.35911784,0.0083364695,10,0.175,0.10911783576011658
curv,0.475,0.25,9,1,0.39583215,0.11805062,10,0.22499999999999998,0.1458321511745453
curv,0.525,0.25,10,1,0.43254647,0.22776483,10,0.275,0.182546466588974
curv,0.575,0.25,11,1,0.4692608,0.33747905,10,0.32499999999999996,0.2192608118057251
curv,0.625,0.25,12,1,0.5059751,0.44719326,10,0.375,0.2559751272201538
curv,0.675,0.25,13,1,0.5426895,0.5569075,10,0.42500000000000004,0.2926895022392273
curv,0.7250000000000001,0.25,14,1,0.5794039,0.6666218,10,0.4750000000000001,0.3294038772583008
flat,0.275,0.7500000000000001,0,0,0.43186167,-0.55163616,10,-0.4750000000000001,-0.3181383311748506
flat,0.325,0.7500000000000001,1,0,0.47425178,-0.45511997,10,-0.4250000000000001,-0.27574822306633007
flat,0.37500000000000006,0.7500000000000001,2,0,0.5155084,-0.35596836,10,-0.37500000000000006,-0.23449158668518078
flat,0.425,0.7500000000000001,3,0,0.5522228,-0.24625419,10,-0.3250000000000001,-0.1977772116661073
flat,0.475,0.7500000000000001,4,0,0.5889371,-0.13654001,10,-0.27500000000000013,-0.16106289625167858
flat,0.525,0.7500000000000001,5,0,0.6256515,-0.026825845,10,-0.2250000000000001,-0.12434852123260509
flat,0.575,0.7500000000000001,6,0,0.66236585,0.082888395,10,-0.17500000000000016,-0.0876341462135316
flat,0.625,0.7500000000000001,7,0,0.6990801,0.19260265,10,-0.1250000000000001,-0.05091989040374767
flat,0.675,0.7500000000000001,8,0,0.7357945,0.30231684,10,-0.07500000000000007,-0.014205515384674183
flat,0.7250000000000001,0.7500000000000001,9,0,0.77250886,0.41203117,10,-0.025000000000000022,0.022508859634399303
flat,0.7749999999999999,0.7500000000000001,10,1,0.8092231,0.5217452,10,0.0249999999999998,0.05922311544418324
flat,0.7749999999999999,0.7500000000000001,10,1,0.8092231,0.5217452,10,0.0249999999999998,0.05922311544418324
flat,0.825,0.7500000000000001,11,1,0.8459375,0.6314595,10,0.07499999999999984,0.09593749046325672
flat,0.825,0.7500000000000001,11,1,0.8459375,0.6314595,10,0.07499999999999984,0.09593749046325672
flat,0.8749999999999999,0.7500000000000001,12,1,0.8826518,0.74117374,10,0.12499999999999978,0.13265180587768544
flat,0.8749999999999999,0.7500000000000001,12,1,0.8826518,0.74117374,10,0.12499999999999978,0.13265180587768544
flat,0.9249999999999999,0.7500000000000001,13,1,0.91936624,0.850888,10,0.17499999999999982,0.1693662405014037
flat,0.9249999999999999,0.7500000000000001,13,1,0.91936624,0.850888,10,0.17499999999999982,0.1693662405014037
flat,0.975,0.7500000000000001,14,1,0.95608056,0.9606024,10,0.22499999999999987,0.2060805559158324
flat,0.975,0.7500000000000001,14,1,0.95608056,0.9606024,10,0.22499999999999987,0.2060805559158324
base,0.025000000000000022,0.5,0,0,0.10028128,-2.405166,11,-0.475,-0.3997187167406082
base,0.075,0.5,1,0,0.14521158,-2.15598,11,-0.425,-0.3547884225845337
base,0.12500000000000003,0.5,2,0,0.19014189,-1.906794,11,-0.375,-0.309858113527298
base,0.17500000000000002,0.5,3,0,0.23507214,-1.6576082,11,-0.32499999999999996,-0.26492786407470703
base,0.225,0.5,4,0,0.28000242,-1.4084224,11,-0.275,-0.2199975848197937
base,0.275,0.5,5,0,0.32493266,-1.1592363,11,-0.22499999999999998,-0.17506733536720276
base,0.325,0.5,6,0,0.36986294,-0.9100506,11,-0.175,-0.13013705611228943
base,0.37500000000000006,0.5,7,0,0.4147932,-0.6608645,11,-0.12499999999999994,-0.08520680665969849
base,0.425,0.5,8,0,0.45972353,-0.4116784,11,-0.07500000000000001,-0.04027646780014038
base,0.475,0.5,9,0,0.50465375,-0.1624928,11,-0.025000000000000022,0.004653751850128174
base,0.525,0.5,10,1,0.54958403,0.08669318,11,0.025000000000000022,0.049584031105041504
base,0.575,0.5,11,1,0.59451425,0.335879,11,0.07499999999999996,0.09451425075531006
base,0.625,0.5,12,1,0.6394446,0.5850649,11,0.125,0.13944458961486816
base,0.675,0.5,13,1,0.68437487,0.8342511,11,0.17500000000000004,0.1843748688697815
base,0.7250000000000001,0.5,14,1,0.7293052,1.0834368,11,0.2250000000000001,0.2293052077293396
base,0.7749999999999999,0.5,15,1,0.77423537,1.3326226,11,0.2749999999999999,0.2742353677749634
base,0.825,0.5,16,1,0.81916565,1.5818088,11,0.32499999999999996,0.3191656470298767
base,0.8749999999999999,0.5,17,1,0.8628652,1.8268183,11,0.3749999999999999,0.3628652095794678
base,0.9249999999999999,0.5,18,1,0.8909363,2.037634,11,0.42499999999999993,0.39093631505966187
base,0.975,0.5,19,1,0.91309494,2.24346,11,0.475,0.4130949378013611
curv,0.025000000000000022,0.25,0,0,0.10314079,-1.7200559,11,-0.22499999999999998,-0.14685921370983124
curv,0.025000000000000022,0.25,0,0,0.10314079,-1.7200559,11,-0.22499999999999998,-0.14685921370983124
curv,0.075,0.25,1,0,0.14807107,-1.4708703,11,-0.175,-0.10192893445491791
curv,0.075,0.25,1,0,0.14807107,-1.4708703,11,-0.175,-0.10192893445491791
curv,0.12500000000000003,0.25,2,0,0.19300133,-1.2216842,11,-0.12499999999999997,-0.05699867010116577
curv,0.12500000000000003,0.25,2,0,0.19300133,-1.2216842,11,-0.12499999999999997,-0.05699867010116577
curv,0.17500000000000002,0.25,3,0,0.23793158,-0.9724984,11,-0.07499999999999998,-0.012068420648574829
curv,0.17500000000000002,0.25,3,0,0.23793158,-0.9724984,11,-0.07499999999999998,-0.012068420648574829
curv,0.225,0.25,4,0,0.28286186,-0.7233126,11,-0.024999999999999994,0.0328618586063385
curv,0.225,0.25,4,0,0.28286186,-0.7233126,11,-0.024999999999999994,0.0328618586063385
curv,0.275,0.25,5,1,0.3277921,-0.47412643,11,0.025000000000000022,0.07779210805892944
curv,0.325,0.25,6,1,0.3727224,-0.2249407,11,0.07500000000000001,0.12272238731384277
curv,0.37500000000000006,0.25,7,1,0.41765267,0.02424534,11,0.12500000000000006,0.1676526665687561
curv,0.425,0.25,8,1,0.46258295,0.2734312,11,0.175,0.21258294582366943
curv,0.475,0.25,9,1,0.5075132,0.5226171,11,0.22499999999999998,0.25751322507858276
curv,0.525,0.25,10,1,0.55244344,0.77180296,11,0.275,0.3024434447288513
curv,0.575,0.25,11,1,0.5973737,1.020989,11,0.32499999999999996,0.34737372398376465
curv,0.625,0.25,12,1,0.642304,1.2701747,11,0.375,0.392304003238678
curv,0.675,0.25,13,1,0.6795222,1.4931908,11,0.42500000000000004,0.42952221632003784
curv,0.7250000000000001,0.25,14,1,0.7149827,1.7102419,11,0.4750000000000001,0.46498268842697144
flat,0.275,0.7500000000000001,0,0,0.3220732,-1.844346,11,-0.4750000000000001,-0.42792680859565746
flat,0.325,0.7500000000000001,1,0,0.36700344,-1.5951604,11,-0.4250000000000001,-0.3829965591430665
flat,0.37500000000000006,0.7500000000000001,2,0,0.41193372,-1.3459743,11,-0.37500000000000006,-0.3380662798881532
flat,0.425,0.7500000000000001,3,0,0.45686406,-1.0967884,11,-0.3250000000000001,-0.2931359410285951
flat,0.475,0.7500000000000001,4,0,0.5017943,-0.8476026,11,-0.27500000000000013,-0.24820572137832653
flat,0.525,0.7500000000000001,5,0,0.5467245,-0.5984168,11,-0.2250000000000001,-0.20327550172805797
flat,0.575,0.7500000000000001,6,0,0.5916548,-0.34923074,11,-0.17500000000000016,-0.15834522247314464
flat,0.625,0.7500000000000001,7,0,0.6365851,-0.10004495,11,-0.1250000000000001,-0.11341488361358654
flat,0.675,0.7500000000000001,8,0,0.6815154,0.14914109,11,-0.07500000000000007,-0.0684846043586732
flat,0.7250000000000001,0.7500000000000001,9,0,0.7264457,0.39832714,11,-0.025000000000000022,-0.023554325103759877
flat,0.7749999999999999,0.7500000000000001,10,1,0.7713759,0.6475127,11,0.0249999999999998,0.021375894546508678
flat,0.7749999999999999,0.7500000000000001,10,1,0.7713759,0.6475127,11,0.0249999999999998,0.021375894546508678
flat,0.825,0.7500000000000001,11,1,0.81630623,0.89669913,11,0.07499999999999984,0.06630623340606678
flat,0.825,0.7500000000000001,11,1,0.81630623,0.89669913,11,0.07499999999999984,0.06630623340606678
flat,0.8749999999999999,0.7500000000000001,12,1,0.8612364,1.1458849,11,0.12499999999999978,0.11123639345169056
flat,0.8749999999999999,0.7500000000000001,12,1,0.8612364,1.1458849,11,0.12499999999999978,0.11123639345169056
flat,0.9249999999999999,0.7500000000000001,13,1,0.9061667,1.3950709,11,0.17499999999999982,0.1561666727066039
flat,0.9249999999999999,0.7500000000000001,13,1,0.9061667,1.3950709,11,0.17499999999999982,0.1561666727066039
flat,0.975,0.7500000000000001,14,1,0.95109695,1.6442567,11,0.22499999999999987,0.20109695196151722
flat,0.975,0.7500000000000001,14,1,0.95109695,1.6442567,11,0.22499999999999987,0.20109695196151722
base,0.025000000000000022,0.5,0,0,0.10028128,-2.405166,11,-0.475,-0.3997187167406082
base,0.075,0.5,1,0,0.14521158,-2.15598,11,-0.425,-0.3547884225845337
base,0.12500000000000003,0.5,2,0,0.19014189,-1.906794,11,-0.375,-0.309858113527298
base,0.17500000000000002,0.5,3,0,0.23507214,-1.6576082,11,-0.32499999999999996,-0.26492786407470703
base,0.225,0.5,4,0,0.28000242,-1.4084224,11,-0.275,-0.2199975848197937
base,0.275,0.5,5,0,0.32493266,-1.1592363,11,-0.22499999999999998,-0.17506733536720276
base,0.325,0.5,6,0,0.36986294,-0.9100506,11,-0.175,-0.13013705611228943
base,0.37500000000000006,0.5,7,0,0.4147932,-0.6608645,11,-0.12499999999999994,-0.08520680665969849
base,0.425,0.5,8,0,0.45972353,-0.4116784,11,-0.07500000000000001,-0.04027646780014038
base,0.475,0.5,9,0,0.50465375,-0.1624928,11,-0.025000000000000022,0.004653751850128174
base,0.525,0.5,10,1,0.54958403,0.08669318,11,0.025000000000000022,0.049584031105041504
base,0.575,0.5,11,1,0.59451425,0.335879,11,0.07499999999999996,0.09451425075531006
base,0.625,0.5,12,1,0.6394446,0.5850649,11,0.125,0.13944458961486816
base,0.675,0.5,13,1,0.68437487,0.8342511,11,0.17500000000000004,0.1843748688697815
base,0.7250000000000001,0.5,14,1,0.7293052,1.0834368,11,0.2250000000000001,0.2293052077293396
base,0.7749999999999999,0.5,15,1,0.77423537,1.3326226,11,0.2749999999999999,0.2742353677749634
base,0.825,0.5,16,1,0.81916565,1.5818088,11,0.32499999999999996,0.3191656470298767
base,0.8749999999999999,0.5,17,1,0.8628652,1.8268183,11,0.3749999999999999,0.3628652095794678
base,0.9249999999999999,0.5,18,1,0.8909363,2.037634,11,0.42499999999999993,0.39093631505966187
base,0.975,0.5,19,1,0.91309494,2.24346,11,0.475,0.4130949378013611
curv,0.025000000000000022,0.25,0,0,0.10314079,-1.7200559,11,-0.22499999999999998,-0.14685921370983124
curv,0.025000000000000022,0.25,0,0,0.10314079,-1.7200559,11,-0.22499999999999998,-0.14685921370983124
curv,0.075,0.25,1,0,0.14807107,-1.4708703,11,-0.175,-0.10192893445491791
curv,0.075,0.25,1,0,0.14807107,-1.4708703,11,-0.175,-0.10192893445491791
curv,0.12500000000000003,0.25,2,0,0.19300133,-1.2216842,11,-0.12499999999999997,-0.05699867010116577
curv,0.12500000000000003,0.25,2,0,0.19300133,-1.2216842,11,-0.12499999999999997,-0.05699867010116577
curv,0.17500000000000002,0.25,3,0,0.23793158,-0.9724984,11,-0.07499999999999998,-0.012068420648574829
curv,0.17500000000000002,0.25,3,0,0.23793158,-0.9724984,11,-0.07499999999999998,-0.012068420648574829
curv,0.225,0.25,4,0,0.28286186,-0.7233126,11,-0.024999999999999994,0.0328618586063385
curv,0.225,0.25,4,0,0.28286186,-0.7233126,11,-0.024999999999999994,0.0328618586063385
curv,0.275,0.25,5,1,0.3277921,-0.47412643,11,0.025000000000000022,0.07779210805892944
curv,0.325,0.25,6,1,0.3727224,-0.2249407,11,0.07500000000000001,0.12272238731384277
curv,0.37500000000000006,0.25,7,1,0.41765267,0.02424534,11,0.12500000000000006,0.1676526665687561
curv,0.425,0.25,8,1,0.46258295,0.2734312,11,0.175,0.21258294582366943
curv,0.475,0.25,9,1,0.5075132,0.5226171,11,0.22499999999999998,0.25751322507858276
curv,0.525,0.25,10,1,0.55244344,0.77180296,11,0.275,0.3024434447288513
curv,0.575,0.25,11,1,0.5973737,1.020989,11,0.32499999999999996,0.34737372398376465
curv,0.625,0.25,12,1,0.642304,1.2701747,11,0.375,0.392304003238678
curv,0.675,0.25,13,1,0.6795222,1.4931908,11,0.42500000000000004,0.42952221632003784
curv,0.7250000000000001,0.25,14,1,0.7149827,1.7102419,11,0.4750000000000001,0.46498268842697144
flat,0.275,0.7500000000000001,0,0,0.3220732,-1.844346,11,-0.4750000000000001,-0.42792680859565746
flat,0.325,0.7500000000000001,1,0,0.36700344,-1.5951604,11,-0.4250000000000001,-0.3829965591430665
flat,0.37500000000000006,0.7500000000000001,2,0,0.41193372,-1.3459743,11,-0.37500000000000006,-0.3380662798881532
flat,0.425,0.7500000000000001,3,0,0.45686406,-1.0967884,11,-0.3250000000000001,-0.2931359410285951
flat,0.475,0.7500000000000001,4,0,0.5017943,-0.8476026,11,-0.27500000000000013,-0.24820572137832653
flat,0.525,0.7500000000000001,5,0,0.5467245,-0.5984168,11,-0.2250000000000001,-0.20327550172805797
flat,0.575,0.7500000000000001,6,0,0.5916548,-0.34923074,11,-0.17500000000000016,-0.15834522247314464
flat,0.625,0.7500000000000001,7,0,0.6365851,-0.10004495,11,-0.1250000000000001,-0.11341488361358654
flat,0.675,0.7500000000000001,8,0,0.6815154,0.14914109,11,-0.07500000000000007,-0.0684846043586732
flat,0.7250000000000001,0.7500000000000001,9,0,0.7264457,0.39832714,11,-0.025000000000000022,-0.023554325103759877
flat,0.7749999999999999,0.7500000000000001,10,1,0.7713759,0.6475127,11,0.0249999999999998,0.021375894546508678
flat,0.7749999999999999,0.7500000000000001,10,1,0.7713759,0.6475127,11,0.0249999999999998,0.021375894546508678
flat,0.825,0.7500000000000001,11,1,0.81630623,0.89669913,11,0.07499999999999984,0.06630623340606678
flat,0.825,0.7500000000000001,11,1,0.81630623,0.89669913,11,0.07499999999999984,0.06630623340606678
flat,0.8749999999999999,0.7500000000000001,12,1,0.8612364,1.1458849,11,0.12499999999999978,0.11123639345169056
flat,0.8749999999999999,0.7500000000000001,12,1,0.8612364,1.1458849,11,0.12499999999999978,0.11123639345169056
flat,0.9249999999999999,0.7500000000000001,13,1,0.9061667,1.3950709,11,0.17499999999999982,0.1561666727066039
flat,0.9249999999999999,0.7500000000000001,13,1,0.9061667,1.3950709,11,0.17499999999999982,0.1561666727066039
flat,0.975,0.7500000000000001,14,1,0.95109695,1.6442567,11,0.22499999999999987,0.20109695196151722
flat,0.975,0.7500000000000001,14,1,0.95109695,1.6442567,11,0.22499999999999987,0.20109695196151722
base,0.025000000000000022,0.5,0,0,0.10028128,-2.405166,11,-0.475,-0.3997187167406082
base,0.075,0.5,1,0,0.14521158,-2.15598,11,-0.425,-0.3547884225845337
base,0.12500000000000003,0.5,2,0,0.19014189,-1.906794,11,-0.375,-0.309858113527298
base,0.17500000000000002,0.5,3,0,0.23507214,-1.6576082,11,-0.32499999999999996,-0.26492786407470703
base,0.225,0.5,4,0,0.28000242,-1.4084224,11,-0.275,-0.2199975848197937
base,0.275,0.5,5,0,0.32493266,-1.1592363,11,-0.22499999999999998,-0.17506733536720276
base,0.325,0.5,6,0,0.36986294,-0.9100506,11,-0.175,-0.13013705611228943
base,0.37500000000000006,0.5,7,0,0.4147932,-0.6608645,11,-0.12499999999999994,-0.08520680665969849
base,0.425,0.5,8,0,0.45972353,-0.4116784,11,-0.07500000000000001,-0.04027646780014038
base,0.475,0.5,9,0,0.50465375,-0.1624928,11,-0.025000000000000022,0.004653751850128174
base,0.525,0.5,10,1,0.54958403,0.08669318,11,0.025000000000000022,0.049584031105041504
base,0.575,0.5,11,1,0.59451425,0.335879,11,0.07499999999999996,0.09451425075531006
base,0.625,0.5,12,1,0.6394446,0.5850649,11,0.125,0.13944458961486816
base,0.675,0.5,13,1,0.68437487,0.8342511,11,0.17500000000000004,0.1843748688697815
base,0.7250000000000001,0.5,14,1,0.7293052,1.0834368,11,0.2250000000000001,0.2293052077293396
base,0.7749999999999999,0.5,15,1,0.77423537,1.3326226,11,0.2749999999999999,0.2742353677749634
base,0.825,0.5,16,1,0.81916565,1.5818088,11,0.32499999999999996,0.3191656470298767
base,0.8749999999999999,0.5,17,1,0.8628652,1.8268183,11,0.3749999999999999,0.3628652095794678
base,0.9249999999999999,0.5,18,1,0.8909363,2.037634,11,0.42499999999999993,0.39093631505966187
base,0.975,0.5,19,1,0.91309494,2.24346,11,0.475,0.4130949378013611
curv,0.025000000000000022,0.25,0,0,0.10314079,-1.7200559,11,-0.22499999999999998,-0.14685921370983124
curv,0.025000000000000022,0.25,0,0,0.10314079,-1.7200559,11,-0.22499999999999998,-0.14685921370983124
curv,0.075,0.25,1,0,0.14807107,-1.4708703,11,-0.175,-0.10192893445491791
curv,0.075,0.25,1,0,0.14807107,-1.4708703,11,-0.175,-0.10192893445491791
curv,0.12500000000000003,0.25,2,0,0.19300133,-1.2216842,11,-0.12499999999999997,-0.05699867010116577
curv,0.12500000000000003,0.25,2,0,0.19300133,-1.2216842,11,-0.12499999999999997,-0.05699867010116577
curv,0.17500000000000002,0.25,3,0,0.23793158,-0.9724984,11,-0.07499999999999998,-0.012068420648574829
curv,0.17500000000000002,0.25,3,0,0.23793158,-0.9724984,11,-0.07499999999999998,-0.012068420648574829
curv,0.225,0.25,4,0,0.28286186,-0.7233126,11,-0.024999999999999994,0.0328618586063385
curv,0.225,0.25,4,0,0.28286186,-0.7233126,11,-0.024999999999999994,0.0328618586063385
curv,0.275,0.25,5,1,0.3277921,-0.47412643,11,0.025000000000000022,0.07779210805892944
curv,0.325,0.25,6,1,0.3727224,-0.2249407,11,0.07500000000000001,0.12272238731384277
curv,0.37500000000000006,0.25,7,1,0.41765267,0.02424534,11,0.12500000000000006,0.1676526665687561
curv,0.425,0.25,8,1,0.46258295,0.2734312,11,0.175,0.21258294582366943
curv,0.475,0.25,9,1,0.5075132,0.5226171,11,0.22499999999999998,0.25751322507858276
curv,0.525,0.25,10,1,0.55244344,0.77180296,11,0.275,0.3024434447288513
curv,0.575,0.25,11,1,0.5973737,1.020989,11,0.32499999999999996,0.34737372398376465
curv,0.625,0.25,12,1,0.642304,1.2701747,11,0.375,0.392304003238678
curv,0.675,0.25,13,1,0.6795222,1.4931908,11,0.42500000000000004,0.42952221632003784
curv,0.7250000000000001,0.25,14,1,0.7149827,1.7102419,11,0.4750000000000001,0.46498268842697144
flat,0.275,0.7500000000000001,0,0,0.3220732,-1.844346,11,-0.4750000000000001,-0.42792680859565746
flat,0.325,0.7500000000000001,1,0,0.36700344,-1.5951604,11,-0.4250000000000001,-0.3829965591430665
flat,0.37500000000000006,0.7500000000000001,2,0,0.41193372,-1.3459743,11,-0.37500000000000006,-0.3380662798881532
flat,0.425,0.7500000000000001,3,0,0.45686406,-1.0967884,11,-0.3250000000000001,-0.2931359410285951
flat,0.475,0.7500000000000001,4,0,0.5017943,-0.8476026,11,-0.27500000000000013,-0.24820572137832653
flat,0.525,0.7500000000000001,5,0,0.5467245,-0.5984168,11,-0.2250000000000001,-0.20327550172805797
flat,0.575,0.7500000000000001,6,0,0.5916548,-0.34923074,11,-0.17500000000000016,-0.15834522247314464
flat,0.625,0.7500000000000001,7,0,0.6365851,-0.10004495,11,-0.1250000000000001,-0.11341488361358654
flat,0.675,0.7500000000000001,8,0,0.6815154,0.14914109,11,-0.07500000000000007,-0.0684846043586732
flat,0.7250000000000001,0.7500000000000001,9,0,0.7264457,0.39832714,11,-0.025000000000000022,-0.023554325103759877
flat,0.7749999999999999,0.7500000000000001,10,1,0.7713759,0.6475127,11,0.0249999999999998,0.021375894546508678
flat,0.7749999999999999,0.7500000000000001,10,1,0.7713759,0.6475127,11,0.0249999999999998,0.021375894546508678
flat,0.825,0.7500000000000001,11,1,0.81630623,0.89669913,11,0.07499999999999984,0.06630623340606678
flat,0.825,0.7500000000000001,11,1,0.81630623,0.89669913,11,0.07499999999999984,0.06630623340606678
flat,0.8749999999999999,0.7500000000000001,12,1,0.8612364,1.1458849,11,0.12499999999999978,0.11123639345169056
flat,0.8749999999999999,0.7500000000000001,12,1,0.8612364,1.1458849,11,0.12499999999999978,0.11123639345169056
flat,0.9249999999999999,0.7500000000000001,13,1,0.9061667,1.3950709,11,0.17499999999999982,0.1561666727066039
flat,0.9249999999999999,0.7500000000000001,13,1,0.9061667,1.3950709,11,0.17499999999999982,0.1561666727066039
flat,0.975,0.7500000000000001,14,1,0.95109695,1.6442567,11,0.22499999999999987,0.20109695196151722
flat,0.975,0.7500000000000001,14,1,0.95109695,1.6442567,11,0.22499999999999987,0.20109695196151722
base,0.025000000000000022,0.5,0,0,0.10028128,-2.405166,11,-0.475,-0.3997187167406082
base,0.075,0.5,1,0,0.14521158,-2.15598,11,-0.425,-0.3547884225845337
base,0.12500000000000003,0.5,2,0,0.19014189,-1.906794,11,-0.375,-0.309858113527298
base,0.17500000000000002,0.5,3,0,0.23507214,-1.6576082,11,-0.32499999999999996,-0.26492786407470703
base,0.225,0.5,4,0,0.28000242,-1.4084224,11,-0.275,-0.2199975848197937
base,0.275,0.5,5,0,0.32493266,-1.1592363,11,-0.22499999999999998,-0.17506733536720276
base,0.325,0.5,6,0,0.36986294,-0.9100506,11,-0.175,-0.13013705611228943
base,0.37500000000000006,0.5,7,0,0.4147932,-0.6608645,11,-0.12499999999999994,-0.08520680665969849
base,0.425,0.5,8,0,0.45972353,-0.4116784,11,-0.07500000000000001,-0.04027646780014038
base,0.475,0.5,9,0,0.50465375,-0.1624928,11,-0.025000000000000022,0.004653751850128174
base,0.525,0.5,10,1,0.54958403,0.08669318,11,0.025000000000000022,0.049584031105041504
base,0.575,0.5,11,1,0.59451425,0.335879,11,0.07499999999999996,0.09451425075531006
base,0.625,0.5,12,1,0.6394446,0.5850649,11,0.125,0.13944458961486816
base,0.675,0.5,13,1,0.68437487,0.8342511,11,0.17500000000000004,0.1843748688697815
base,0.7250000000000001,0.5,14,1,0.7293052,1.0834368,11,0.2250000000000001,0.2293052077293396
base,0.7749999999999999,0.5,15,1,0.77423537,1.3326226,11,0.2749999999999999,0.2742353677749634
base,0.825,0.5,16,1,0.81916565,1.5818088,11,0.32499999999999996,0.3191656470298767
base,0.8749999999999999,0.5,17,1,0.8628652,1.8268183,11,0.3749999999999999,0.3628652095794678
base,0.9249999999999999,0.5,18,1,0.8909363,2.037634,11,0.42499999999999993,0.39093631505966187
base,0.975,0.5,19,1,0.91309494,2.24346,11,0.475,0.4130949378013611
curv,0.025000000000000022,0.25,0,0,0.10314079,-1.7200559,11,-0.22499999999999998,-0.14685921370983124
curv,0.025000000000000022,0.25,0,0,0.10314079,-1.7200559,11,-0.22499999999999998,-0.14685921370983124
curv,0.075,0.25,1,0,0.14807107,-1.4708703,11,-0.175,-0.10192893445491791
curv,0.075,0.25,1,0,0.14807107,-1.4708703,11,-0.175,-0.10192893445491791
curv,0.12500000000000003,0.25,2,0,0.19300133,-1.2216842,11,-0.12499999999999997,-0.05699867010116577
curv,0.12500000000000003,0.25,2,0,0.19300133,-1.2216842,11,-0.12499999999999997,-0.05699867010116577
curv,0.17500000000000002,0.25,3,0,0.23793158,-0.9724984,11,-0.07499999999999998,-0.012068420648574829
curv,0.17500000000000002,0.25,3,0,0.23793158,-0.9724984,11,-0.07499999999999998,-0.012068420648574829
curv,0.225,0.25,4,0,0.28286186,-0.7233126,11,-0.024999999999999994,0.0328618586063385
curv,0.225,0.25,4,0,0.28286186,-0.7233126,11,-0.024999999999999994,0.0328618586063385
curv,0.275,0.25,5,1,0.3277921,-0.47412643,11,0.025000000000000022,0.07779210805892944
curv,0.325,0.25,6,1,0.3727224,-0.2249407,11,0.07500000000000001,0.12272238731384277
curv,0.37500000000000006,0.25,7,1,0.41765267,0.02424534,11,0.12500000000000006,0.1676526665687561
curv,0.425,0.25,8,1,0.46258295,0.2734312,11,0.175,0.21258294582366943
curv,0.475,0.25,9,1,0.5075132,0.5226171,11,0.22499999999999998,0.25751322507858276
curv,0.525,0.25,10,1,0.55244344,0.77180296,11,0.275,0.3024434447288513
curv,0.575,0.25,11,1,0.5973737,1.020989,11,0.32499999999999996,0.34737372398376465
curv,0.625,0.25,12,1,0.642304,1.2701747,11,0.375,0.392304003238678
curv,0.675,0.25,13,1,0.6795222,1.4931908,11,0.42500000000000004,0.42952221632003784
curv,0.7250000000000001,0.25,14,1,0.7149827,1.7102419,11,0.4750000000000001,0.46498268842697144
flat,0.275,0.7500000000000001,0,0,0.3220732,-1.844346,11,-0.4750000000000001,-0.42792680859565746
flat,0.325,0.7500000000000001,1,0,0.36700344,-1.5951604,11,-0.4250000000000001,-0.3829965591430665
flat,0.37500000000000006,0.7500000000000001,2,0,0.41193372,-1.3459743,11,-0.37500000000000006,-0.3380662798881532
flat,0.425,0.7500000000000001,3,0,0.45686406,-1.0967884,11,-0.3250000000000001,-0.2931359410285951
flat,0.475,0.7500000000000001,4,0,0.5017943,-0.8476026,11,-0.27500000000000013,-0.24820572137832653
flat,0.525,0.7500000000000001,5,0,0.5467245,-0.5984168,11,-0.2250000000000001,-0.20327550172805797
flat,0.575,0.7500000000000001,6,0,0.5916548,-0.34923074,11,-0.17500000000000016,-0.15834522247314464
flat,0.625,0.7500000000000001,7,0,0.6365851,-0.10004495,11,-0.1250000000000001,-0.11341488361358654
flat,0.675,0.7500000000000001,8,0,0.6815154,0.14914109,11,-0.07500000000000007,-0.0684846043586732
flat,0.7250000000000001,0.7500000000000001,9,0,0.7264457,0.39832714,11,-0.025000000000000022,-0.023554325103759877
flat,0.7749999999999999,0.7500000000000001,10,1,0.7713759,0.6475127,11,0.0249999999999998,0.021375894546508678
flat,0.7749999999999999,0.7500000000000001,10,1,0.7713759,0.6475127,11,0.0249999999999998,0.021375894546508678
flat,0.825,0.7500000000000001,11,1,0.81630623,0.89669913,11,0.07499999999999984,0.06630623340606678
flat,0.825,0.7500000000000001,11,1,0.81630623,0.89669913,11,0.07499999999999984,0.06630623340606678
flat,0.8749999999999999,0.7500000000000001,12,1,0.8612364,1.1458849,11,0.12499999999999978,0.11123639345169056
flat,0.8749999999999999,0.7500000000000001,12,1,0.8612364,1.1458849,11,0.12499999999999978,0.11123639345169056
flat,0.9249999999999999,0.7500000000000001,13,1,0.9061667,1.3950709,11,0.17499999999999982,0.1561666727066039
flat,0.9249999999999999,0.7500000000000001,13,1,0.9061667,1.3950709,11,0.17499999999999982,0.1561666727066039
flat,0.975,0.7500000000000001,14,1,0.95109695,1.6442567,11,0.22499999999999987,0.20109695196151722
flat,0.975,0.7500000000000001,14,1,0.95109695,1.6442567,11,0.22499999999999987,0.20109695196151722
base,0.025000000000000022,0.5,0,0,0.046424434,-2.6000545,12,-0.475,-0.45357556641101837
base,0.075,0.5,1,0,0.09467566,-2.3287306,12,-0.425,-0.4053243398666382
base,0.12500000000000003,0.5,2,0,0.14292695,-2.0574064,12,-0.375,-0.3570730537176132
base,0.17500000000000002,0.5,3,0,0.1911782,-1.786082,12,-0.32499999999999996,-0.30882179737091064
base,0.225,0.5,4,0,0.23942947,-1.514758,12,-0.275,-0.2605705261230469
base,0.275,0.5,5,0,0.28768075,-1.2434338,12,-0.22499999999999998,-0.2123192548751831
base,0.325,0.5,6,0,0.33593196,-0.9721096,12,-0.175,-0.1640680432319641
base,0.37500000000000006,0.5,7,0,0.38418323,-0.7007852,12,-0.12499999999999994,-0.11581677198410034
base,0.425,0.5,8,0,0.43243453,-0.42946118,12,-0.07500000000000001,-0.06756547093391418
base,0.475,0.5,9,0,0.48068577,-0.15813692,12,-0.025000000000000022,-0.019314229488372803
base,0.525,0.5,10,1,0.528937,0.11318721,12,0.025000000000000022,0.02893698215484619
base,0.575,0.5,11,1,0.57718825,0.3845113,12,0.07499999999999996,0.07718825340270996
base,0.625,0.5,12,1,0.6254395,0.65583557,12,0.125,0.12543952465057373
base,0.675,0.5,13,1,0.6736908,0.92715997,12,0.17500000000000004,0.1736907958984375
base,0.7250000000000001,0.5,14,1,0.72194207,1.1984843,12,0.2250000000000001,0.22194206714630127
base,0.7749999999999999,0.5,15,1,0.7701932,1.4698081,12,0.2749999999999999,0.2701932191848755
base,0.825,0.5,16,1,0.8184445,1.7411323,12,0.32499999999999996,0.31844449043273926
base,0.8749999999999999,0.5,17,1,0.8666959,2.0124567,12,0.3749999999999999,0.3666958808898926
base,0.9249999999999999,0.5,18,1,0.91494703,2.283781,12,0.42499999999999993,0.4149470329284668
base,0.975,0.5,19,1,0.96234643,2.540735,12,0.475,0.4623464345932007
curv,0.025000000000000022,0.25,0,0,0.06535506,-1.8969252,12,-0.22499999999999998,-0.1846449375152588
curv,0.025000000000000022,0.25,0,0,0.06535506,-1.8969252,12,-0.22499999999999998,-0.1846449375152588
curv,0.075,0.25,1,0,0.113606304,-1.6256009,12,-0.175,-0.1363936960697174
curv,0.075,0.25,1,0,0.113606304,-1.6256009,12,-0.175,-0.1363936960697174
curv,0.12500000000000003,0.25,2,0,0.16185758,-1.3542769,12,-0.12499999999999997,-0.08814242482185364
curv,0.12500000000000003,0.25,2,0,0.16185758,-1.3542769,12,-0.12499999999999997,-0.08814242482185364
curv,0.17500000000000002,0.25,3,0,0.21010883,-1.0829527,12,-0.07499999999999998,-0.03989116847515106
curv,0.17500000000000002,0.25,3,0,0.21010883,-1.0829527,12,-0.07499999999999998,-0.03989116847515106
curv,0.225,0.25,4,0,0.2583601,-0.8116283,12,-0.024999999999999994,0.008360087871551514
curv,0.225,0.25,4,0,0.2583601,-0.8116283,12,-0.024999999999999994,0.008360087871551514
curv,0.275,0.25,5,1,0.30661136,-0.54030406,12,0.025000000000000022,0.05661135911941528
curv,0.325,0.25,6,1,0.35486263,-0.26897997,12,0.07500000000000001,0.10486263036727905
curv,0.37500000000000006,0.25,7,1,0.4031139,0.0023442358,12,0.12500000000000006,0.15311390161514282
curv,0.425,0.25,8,1,0.45136514,0.27366847,12,0.175,0.2013651430606842
curv,0.475,0.25,9,1,0.49961638,0.54499257,12,0.22499999999999998,0.24961638450622559
curv,0.525,0.25,10,1,0.54786766,0.8163167,12,0.275,0.29786765575408936
curv,0.575,0.25,11,1,0.5961189,1.087641,12,0.32499999999999996,0.3461189270019531
curv,0.625,0.25,12,1,0.6443702,1.3589653,12,0.375,0.3943701982498169
curv,0.675,0.25,13,1,0.69262147,1.6302896,12,0.42500000000000004,0.44262146949768066
curv,0.7250000000000001,0.25,14,1,0.74172115,1.894179,12,0.4750000000000001,0.49172115325927734
flat,0.275,0.7500000000000001,0,0,0.26875007,-1.9465632,12,-0.4750000000000001,-0.4812499284744264
flat,0.325,0.7500000000000001,1,0,0.31700134,-1.6752392,12,-0.4250000000000001,-0.4329986572265626
flat,0.37500000000000006,0.7500000000000001,2,0,0.3652526,-1.4039149,12,-0.37500000000000006,-0.38474738597869884
flat,0.425,0.7500000000000001,3,0,0.4135039,-1.1325908,12,-0.3250000000000001,-0.33649611473083507
flat,0.475,0.7500000000000001,4,0,0.4617551,-0.8612667,12,-0.27500000000000013,-0.2882449030876161
flat,0.525,0.7500000000000001,5,0,0.51000637,-0.58994263,12,-0.2250000000000001,-0.2399936318397523
flat,0.575,0.7500000000000001,6,0,0.5582576,-0.3186183,12,-0.17500000000000016,-0.19174242019653331
flat,0.625,0.7500000000000001,7,0,0.60650885,-0.047294006,12,-0.1250000000000001,-0.14349114894866954
flat,0.675,0.7500000000000001,8,0,0.65476024,0.22403027,12,-0.07500000000000007,-0.09523975849151622
flat,0.7250000000000001,0.7500000000000001,9,0,0.7030114,0.49535447,12,-0.025000000000000022,-0.046988606452942006
flat,0.7749999999999999,0.7500000000000001,10,1,0.75126266,0.7666785,12,0.0249999999999998,0.001262664794921764
flat,0.7749999999999999,0.7500000000000001,10,1,0.75126266,0.7666785,12,0.0249999999999998,0.001262664794921764
flat,0.825,0.7500000000000001,11,1,0.79951394,1.0380026,12,0.07499999999999984,0.049513936042785534
flat,0.825,0.7500000000000001,11,1,0.79951394,1.0380026,12,0.07499999999999984,0.049513936042785534
flat,0.8749999999999999,0.7500000000000001,12,1,0.8477652,1.3093271,12,0.12499999999999978,0.0977652072906493
flat,0.8749999999999999,0.7500000000000001,12,1,0.8477652,1.3093271,12,0.12499999999999978,0.0977652072906493
flat,0.9249999999999999,0.7500000000000001,13,1,0.89601636,1.5806512,12,0.17499999999999982,0.14601635932922352
flat,0.9249999999999999,0.7500000000000001,13,1,0.89601636,1.5806512,12,0.17499999999999982,0.14601635932922352
flat,0.975,0.7500000000000001,14,1,0.94426775,1.8519756,12,0.22499999999999987,0.19426774978637684
flat,0.975,0.7500000000000001,14,1,0.94426775,1.8519756,12,0.22499999999999987,0.19426774978637684
base,0.025000000000000022,0.5,0,0,0.046424434,-2.6000545,12,-0.475,-0.45357556641101837
base,0.075,0.5,1,0,0.09467566,-2.3287306,12,-0.425,-0.4053243398666382
base,0.12500000000000003,0.5,2,0,0.14292695,-2.0574064,12,-0.375,-0.3570730537176132
base,0.17500000000000002,0.5,3,0,0.1911782,-1.786082,12,-0.32499999999999996,-0.30882179737091064
base,0.225,0.5,4,0,0.23942947,-1.514758,12,-0.275,-0.2605705261230469
base,0.275,0.5,5,0,0.28768075,-1.2434338,12,-0.22499999999999998,-0.2123192548751831
base,0.325,0.5,6,0,0.33593196,-0.9721096,12,-0.175,-0.1640680432319641
base,0.37500000000000006,0.5,7,0,0.38418323,-0.7007852,12,-0.12499999999999994,-0.11581677198410034
base,0.425,0.5,8,0,0.43243453,-0.42946118,12,-0.07500000000000001,-0.06756547093391418
base,0.475,0.5,9,0,0.48068577,-0.15813692,12,-0.025000000000000022,-0.019314229488372803
base,0.525,0.5,10,1,0.528937,0.11318721,12,0.025000000000000022,0.02893698215484619
base,0.575,0.5,11,1,0.57718825,0.3845113,12,0.07499999999999996,0.07718825340270996
base,0.625,0.5,12,1,0.6254395,0.65583557,12,0.125,0.12543952465057373
base,0.675,0.5,13,1,0.6736908,0.92715997,12,0.17500000000000004,0.1736907958984375
base,0.7250000000000001,0.5,14,1,0.72194207,1.1984843,12,0.2250000000000001,0.22194206714630127
base,0.7749999999999999,0.5,15,1,0.7701932,1.4698081,12,0.2749999999999999,0.2701932191848755
base,0.825,0.5,16,1,0.8184445,1.7411323,12,0.32499999999999996,0.31844449043273926
base,0.8749999999999999,0.5,17,1,0.8666959,2.0124567,12,0.3749999999999999,0.3666958808898926
base,0.9249999999999999,0.5,18,1,0.91494703,2.283781,12,0.42499999999999993,0.4149470329284668
base,0.975,0.5,19,1,0.96234643,2.540735,12,0.475,0.4623464345932007
curv,0.025000000000000022,0.25,0,0,0.06535506,-1.8969252,12,-0.22499999999999998,-0.1846449375152588
curv,0.025000000000000022,0.25,0,0,0.06535506,-1.8969252,12,-0.22499999999999998,-0.1846449375152588
curv,0.075,0.25,1,0,0.113606304,-1.6256009,12,-0.175,-0.1363936960697174
curv,0.075,0.25,1,0,0.113606304,-1.6256009,12,-0.175,-0.1363936960697174
curv,0.12500000000000003,0.25,2,0,0.16185758,-1.3542769,12,-0.12499999999999997,-0.08814242482185364
curv,0.12500000000000003,0.25,2,0,0.16185758,-1.3542769,12,-0.12499999999999997,-0.08814242482185364
curv,0.17500000000000002,0.25,3,0,0.21010883,-1.0829527,12,-0.07499999999999998,-0.03989116847515106
curv,0.17500000000000002,0.25,3,0,0.21010883,-1.0829527,12,-0.07499999999999998,-0.03989116847515106
curv,0.225,0.25,4,0,0.2583601,-0.8116283,12,-0.024999999999999994,0.008360087871551514
curv,0.225,0.25,4,0,0.2583601,-0.8116283,12,-0.024999999999999994,0.008360087871551514
curv,0.275,0.25,5,1,0.30661136,-0.54030406,12,0.025000000000000022,0.05661135911941528
curv,0.325,0.25,6,1,0.35486263,-0.26897997,12,0.07500000000000001,0.10486263036727905
curv,0.37500000000000006,0.25,7,1,0.4031139,0.0023442358,12,0.12500000000000006,0.15311390161514282
curv,0.425,0.25,8,1,0.45136514,0.27366847,12,0.175,0.2013651430606842
curv,0.475,0.25,9,1,0.49961638,0.54499257,12,0.22499999999999998,0.24961638450622559
curv,0.525,0.25,10,1,0.54786766,0.8163167,12,0.275,0.29786765575408936
curv,0.575,0.25,11,1,0.5961189,1.087641,12,0.32499999999999996,0.3461189270019531
curv,0.625,0.25,12,1,0.6443702,1.3589653,12,0.375,0.3943701982498169
curv,0.675,0.25,13,1,0.69262147,1.6302896,12,0.42500000000000004,0.44262146949768066
curv,0.7250000000000001,0.25,14,1,0.74172115,1.894179,12,0.4750000000000001,0.49172115325927734
flat,0.275,0.7500000000000001,0,0,0.26875007,-1.9465632,12,-0.4750000000000001,-0.4812499284744264
flat,0.325,0.7500000000000001,1,0,0.31700134,-1.6752392,12,-0.4250000000000001,-0.4329986572265626
flat,0.37500000000000006,0.7500000000000001,2,0,0.3652526,-1.4039149,12,-0.37500000000000006,-0.38474738597869884
flat,0.425,0.7500000000000001,3,0,0.4135039,-1.1325908,12,-0.3250000000000001,-0.33649611473083507
flat,0.475,0.7500000000000001,4,0,0.4617551,-0.8612667,12,-0.27500000000000013,-0.2882449030876161
flat,0.525,0.7500000000000001,5,0,0.51000637,-0.58994263,12,-0.2250000000000001,-0.2399936318397523
flat,0.575,0.7500000000000001,6,0,0.5582576,-0.3186183,12,-0.17500000000000016,-0.19174242019653331
flat,0.625,0.7500000000000001,7,0,0.60650885,-0.047294006,12,-0.1250000000000001,-0.14349114894866954
flat,0.675,0.7500000000000001,8,0,0.65476024,0.22403027,12,-0.07500000000000007,-0.09523975849151622
flat,0.7250000000000001,0.7500000000000001,9,0,0.7030114,0.49535447,12,-0.025000000000000022,-0.046988606452942006
flat,0.7749999999999999,0.7500000000000001,10,1,0.75126266,0.7666785,12,0.0249999999999998,0.001262664794921764
flat,0.7749999999999999,0.7500000000000001,10,1,0.75126266,0.7666785,12,0.0249999999999998,0.001262664794921764
flat,0.825,0.7500000000000001,11,1,0.79951394,1.0380026,12,0.07499999999999984,0.049513936042785534
flat,0.825,0.7500000000000001,11,1,0.79951394,1.0380026,12,0.07499999999999984,0.049513936042785534
flat,0.8749999999999999,0.7500000000000001,12,1,0.8477652,1.3093271,12,0.12499999999999978,0.0977652072906493
flat,0.8749999999999999,0.7500000000000001,12,1,0.8477652,1.3093271,12,0.12499999999999978,0.0977652072906493
flat,0.9249999999999999,0.7500000000000001,13,1,0.89601636,1.5806512,12,0.17499999999999982,0.14601635932922352
flat,0.9249999999999999,0.7500000000000001,13,1,0.89601636,1.5806512,12,0.17499999999999982,0.14601635932922352
flat,0.975,0.7500000000000001,14,1,0.94426775,1.8519756,12,0.22499999999999987,0.19426774978637684
flat,0.975,0.7500000000000001,14,1,0.94426775,1.8519756,12,0.22499999999999987,0.19426774978637684
base,0.025000000000000022,0.5,0,0,0.046424434,-2.6000545,12,-0.475,-0.45357556641101837
base,0.075,0.5,1,0,0.09467566,-2.3287306,12,-0.425,-0.4053243398666382
base,0.12500000000000003,0.5,2,0,0.14292695,-2.0574064,12,-0.375,-0.3570730537176132
base,0.17500000000000002,0.5,3,0,0.1911782,-1.786082,12,-0.32499999999999996,-0.30882179737091064
base,0.225,0.5,4,0,0.23942947,-1.514758,12,-0.275,-0.2605705261230469
base,0.275,0.5,5,0,0.28768075,-1.2434338,12,-0.22499999999999998,-0.2123192548751831
base,0.325,0.5,6,0,0.33593196,-0.9721096,12,-0.175,-0.1640680432319641
base,0.37500000000000006,0.5,7,0,0.38418323,-0.7007852,12,-0.12499999999999994,-0.11581677198410034
base,0.425,0.5,8,0,0.43243453,-0.42946118,12,-0.07500000000000001,-0.06756547093391418
base,0.475,0.5,9,0,0.48068577,-0.15813692,12,-0.025000000000000022,-0.019314229488372803
base,0.525,0.5,10,1,0.528937,0.11318721,12,0.025000000000000022,0.02893698215484619
base,0.575,0.5,11,1,0.57718825,0.3845113,12,0.07499999999999996,0.07718825340270996
base,0.625,0.5,12,1,0.6254395,0.65583557,12,0.125,0.12543952465057373
base,0.675,0.5,13,1,0.6736908,0.92715997,12,0.17500000000000004,0.1736907958984375
base,0.7250000000000001,0.5,14,1,0.72194207,1.1984843,12,0.2250000000000001,0.22194206714630127
base,0.7749999999999999,0.5,15,1,0.7701932,1.4698081,12,0.2749999999999999,0.2701932191848755
base,0.825,0.5,16,1,0.8184445,1.7411323,12,0.32499999999999996,0.31844449043273926
base,0.8749999999999999,0.5,17,1,0.8666959,2.0124567,12,0.3749999999999999,0.3666958808898926
base,0.9249999999999999,0.5,18,1,0.91494703,2.283781,12,0.42499999999999993,0.4149470329284668
base,0.975,0.5,19,1,0.96234643,2.540735,12,0.475,0.4623464345932007
curv,0.025000000000000022,0.25,0,0,0.06535506,-1.8969252,12,-0.22499999999999998,-0.1846449375152588
curv,0.025000000000000022,0.25,0,0,0.06535506,-1.8969252,12,-0.22499999999999998,-0.1846449375152588
curv,0.075,0.25,1,0,0.113606304,-1.6256009,12,-0.175,-0.1363936960697174
curv,0.075,0.25,1,0,0.113606304,-1.6256009,12,-0.175,-0.1363936960697174
curv,0.12500000000000003,0.25,2,0,0.16185758,-1.3542769,12,-0.12499999999999997,-0.08814242482185364
curv,0.12500000000000003,0.25,2,0,0.16185758,-1.3542769,12,-0.12499999999999997,-0.08814242482185364
curv,0.17500000000000002,0.25,3,0,0.21010883,-1.0829527,12,-0.07499999999999998,-0.03989116847515106
curv,0.17500000000000002,0.25,3,0,0.21010883,-1.0829527,12,-0.07499999999999998,-0.03989116847515106
curv,0.225,0.25,4,0,0.2583601,-0.8116283,12,-0.024999999999999994,0.008360087871551514
curv,0.225,0.25,4,0,0.2583601,-0.8116283,12,-0.024999999999999994,0.008360087871551514
curv,0.275,0.25,5,1,0.30661136,-0.54030406,12,0.025000000000000022,0.05661135911941528
curv,0.325,0.25,6,1,0.35486263,-0.26897997,12,0.07500000000000001,0.10486263036727905
curv,0.37500000000000006,0.25,7,1,0.4031139,0.0023442358,12,0.12500000000000006,0.15311390161514282
curv,0.425,0.25,8,1,0.45136514,0.27366847,12,0.175,0.2013651430606842
curv,0.475,0.25,9,1,0.49961638,0.54499257,12,0.22499999999999998,0.24961638450622559
curv,0.525,0.25,10,1,0.54786766,0.8163167,12,0.275,0.29786765575408936
curv,0.575,0.25,11,1,0.5961189,1.087641,12,0.32499999999999996,0.3461189270019531
curv,0.625,0.25,12,1,0.6443702,1.3589653,12,0.375,0.3943701982498169
curv,0.675,0.25,13,1,0.69262147,1.6302896,12,0.42500000000000004,0.44262146949768066
curv,0.7250000000000001,0.25,14,1,0.74172115,1.894179,12,0.4750000000000001,0.49172115325927734
flat,0.275,0.7500000000000001,0,0,0.26875007,-1.9465632,12,-0.4750000000000001,-0.4812499284744264
flat,0.325,0.7500000000000001,1,0,0.31700134,-1.6752392,12,-0.4250000000000001,-0.4329986572265626
flat,0.37500000000000006,0.7500000000000001,2,0,0.3652526,-1.4039149,12,-0.37500000000000006,-0.38474738597869884
flat,0.425,0.7500000000000001,3,0,0.4135039,-1.1325908,12,-0.3250000000000001,-0.33649611473083507
flat,0.475,0.7500000000000001,4,0,0.4617551,-0.8612667,12,-0.27500000000000013,-0.2882449030876161
flat,0.525,0.7500000000000001,5,0,0.51000637,-0.58994263,12,-0.2250000000000001,-0.2399936318397523
flat,0.575,0.7500000000000001,6,0,0.5582576,-0.3186183,12,-0.17500000000000016,-0.19174242019653331
flat,0.625,0.7500000000000001,7,0,0.60650885,-0.047294006,12,-0.1250000000000001,-0.14349114894866954
flat,0.675,0.7500000000000001,8,0,0.65476024,0.22403027,12,-0.07500000000000007,-0.09523975849151622
flat,0.7250000000000001,0.7500000000000001,9,0,0.7030114,0.49535447,12,-0.025000000000000022,-0.046988606452942006
flat,0.7749999999999999,0.7500000000000001,10,1,0.75126266,0.7666785,12,0.0249999999999998,0.001262664794921764
flat,0.7749999999999999,0.7500000000000001,10,1,0.75126266,0.7666785,12,0.0249999999999998,0.001262664794921764
flat,0.825,0.7500000000000001,11,1,0.79951394,1.0380026,12,0.07499999999999984,0.049513936042785534
flat,0.825,0.7500000000000001,11,1,0.79951394,1.0380026,12,0.07499999999999984,0.049513936042785534
flat,0.8749999999999999,0.7500000000000001,12,1,0.8477652,1.3093271,12,0.12499999999999978,0.0977652072906493
flat,0.8749999999999999,0.7500000000000001,12,1,0.8477652,1.3093271,12,0.12499999999999978,0.0977652072906493
flat,0.9249999999999999,0.7500000000000001,13,1,0.89601636,1.5806512,12,0.17499999999999982,0.14601635932922352
flat,0.9249999999999999,0.7500000000000001,13,1,0.89601636,1.5806512,12,0.17499999999999982,0.14601635932922352
flat,0.975,0.7500000000000001,14,1,0.94426775,1.8519756,12,0.22499999999999987,0.19426774978637684
flat,0.975,0.7500000000000001,14,1,0.94426775,1.8519756,12,0.22499999999999987,0.19426774978637684
base,0.025000000000000022,0.5,0,0,0.046424434,-2.6000545,12,-0.475,-0.45357556641101837
base,0.075,0.5,1,0,0.09467566,-2.3287306,12,-0.425,-0.4053243398666382
base,0.12500000000000003,0.5,2,0,0.14292695,-2.0574064,12,-0.375,-0.3570730537176132
base,0.17500000000000002,0.5,3,0,0.1911782,-1.786082,12,-0.32499999999999996,-0.30882179737091064
base,0.225,0.5,4,0,0.23942947,-1.514758,12,-0.275,-0.2605705261230469
base,0.275,0.5,5,0,0.28768075,-1.2434338,12,-0.22499999999999998,-0.2123192548751831
base,0.325,0.5,6,0,0.33593196,-0.9721096,12,-0.175,-0.1640680432319641
base,0.37500000000000006,0.5,7,0,0.38418323,-0.7007852,12,-0.12499999999999994,-0.11581677198410034
base,0.425,0.5,8,0,0.43243453,-0.42946118,12,-0.07500000000000001,-0.06756547093391418
base,0.475,0.5,9,0,0.48068577,-0.15813692,12,-0.025000000000000022,-0.019314229488372803
base,0.525,0.5,10,1,0.528937,0.11318721,12,0.025000000000000022,0.02893698215484619
base,0.575,0.5,11,1,0.57718825,0.3845113,12,0.07499999999999996,0.07718825340270996
base,0.625,0.5,12,1,0.6254395,0.65583557,12,0.125,0.12543952465057373
base,0.675,0.5,13,1,0.6736908,0.92715997,12,0.17500000000000004,0.1736907958984375
base,0.7250000000000001,0.5,14,1,0.72194207,1.1984843,12,0.2250000000000001,0.22194206714630127
base,0.7749999999999999,0.5,15,1,0.7701932,1.4698081,12,0.2749999999999999,0.2701932191848755
base,0.825,0.5,16,1,0.8184445,1.7411323,12,0.32499999999999996,0.31844449043273926
base,0.8749999999999999,0.5,17,1,0.8666959,2.0124567,12,0.3749999999999999,0.3666958808898926
base,0.9249999999999999,0.5,18,1,0.91494703,2.283781,12,0.42499999999999993,0.4149470329284668
base,0.975,0.5,19,1,0.96234643,2.540735,12,0.475,0.4623464345932007
curv,0.025000000000000022,0.25,0,0,0.06535506,-1.8969252,12,-0.22499999999999998,-0.1846449375152588
curv,0.025000000000000022,0.25,0,0,0.06535506,-1.8969252,12,-0.22499999999999998,-0.1846449375152588
curv,0.075,0.25,1,0,0.113606304,-1.6256009,12,-0.175,-0.1363936960697174
curv,0.075,0.25,1,0,0.113606304,-1.6256009,12,-0.175,-0.1363936960697174
curv,0.12500000000000003,0.25,2,0,0.16185758,-1.3542769,12,-0.12499999999999997,-0.08814242482185364
curv,0.12500000000000003,0.25,2,0,0.16185758,-1.3542769,12,-0.12499999999999997,-0.08814242482185364
curv,0.17500000000000002,0.25,3,0,0.21010883,-1.0829527,12,-0.07499999999999998,-0.03989116847515106
curv,0.17500000000000002,0.25,3,0,0.21010883,-1.0829527,12,-0.07499999999999998,-0.03989116847515106
curv,0.225,0.25,4,0,0.2583601,-0.8116283,12,-0.024999999999999994,0.008360087871551514
curv,0.225,0.25,4,0,0.2583601,-0.8116283,12,-0.024999999999999994,0.008360087871551514
curv,0.275,0.25,5,1,0.30661136,-0.54030406,12,0.025000000000000022,0.05661135911941528
curv,0.325,0.25,6,1,0.35486263,-0.26897997,12,0.07500000000000001,0.10486263036727905
curv,0.37500000000000006,0.25,7,1,0.4031139,0.0023442358,12,0.12500000000000006,0.15311390161514282
curv,0.425,0.25,8,1,0.45136514,0.27366847,12,0.175,0.2013651430606842
curv,0.475,0.25,9,1,0.49961638,0.54499257,12,0.22499999999999998,0.24961638450622559
curv,0.525,0.25,10,1,0.54786766,0.8163167,12,0.275,0.29786765575408936
curv,0.575,0.25,11,1,0.5961189,1.087641,12,0.32499999999999996,0.3461189270019531
curv,0.625,0.25,12,1,0.6443702,1.3589653,12,0.375,0.3943701982498169
curv,0.675,0.25,13,1,0.69262147,1.6302896,12,0.42500000000000004,0.44262146949768066
curv,0.7250000000000001,0.25,14,1,0.74172115,1.894179,12,0.4750000000000001,0.49172115325927734
flat,0.275,0.7500000000000001,0,0,0.26875007,-1.9465632,12,-0.4750000000000001,-0.4812499284744264
flat,0.325,0.7500000000000001,1,0,0.31700134,-1.6752392,12,-0.4250000000000001,-0.4329986572265626
flat,0.37500000000000006,0.7500000000000001,2,0,0.3652526,-1.4039149,12,-0.37500000000000006,-0.38474738597869884
flat,0.425,0.7500000000000001,3,0,0.4135039,-1.1325908,12,-0.3250000000000001,-0.33649611473083507
flat,0.475,0.7500000000000001,4,0,0.4617551,-0.8612667,12,-0.27500000000000013,-0.2882449030876161
flat,0.525,0.7500000000000001,5,0,0.51000637,-0.58994263,12,-0.2250000000000001,-0.2399936318397523
flat,0.575,0.7500000000000001,6,0,0.5582576,-0.3186183,12,-0.17500000000000016,-0.19174242019653331
flat,0.625,0.7500000000000001,7,0,0.60650885,-0.047294006,12,-0.1250000000000001,-0.14349114894866954
flat,0.675,0.7500000000000001,8,0,0.65476024,0.22403027,12,-0.07500000000000007,-0.09523975849151622
flat,0.7250000000000001,0.7500000000000001,9,0,0.7030114,0.49535447,12,-0.025000000000000022,-0.046988606452942006
flat,0.7749999999999999,0.7500000000000001,10,1,0.75126266,0.7666785,12,0.0249999999999998,0.001262664794921764
flat,0.7749999999999999,0.7500000000000001,10,1,0.75126266,0.7666785,12,0.0249999999999998,0.001262664794921764
flat,0.825,0.7500000000000001,11,1,0.79951394,1.0380026,12,0.07499999999999984,0.049513936042785534
flat,0.825,0.7500000000000001,11,1,0.79951394,1.0380026,12,0.07499999999999984,0.049513936042785534
flat,0.8749999999999999,0.7500000000000001,12,1,0.8477652,1.3093271,12,0.12499999999999978,0.0977652072906493
flat,0.8749999999999999,0.7500000000000001,12,1,0.8477652,1.3093271,12,0.12499999999999978,0.0977652072906493
flat,0.9249999999999999,0.7500000000000001,13,1,0.89601636,1.5806512,12,0.17499999999999982,0.14601635932922352
flat,0.9249999999999999,0.7500000000000001,13,1,0.89601636,1.5806512,12,0.17499999999999982,0.14601635932922352
flat,0.975,0.7500000000000001,14,1,0.94426775,1.8519756,12,0.22499999999999987,0.19426774978637684
flat,0.975,0.7500000000000001,14,1,0.94426775,1.8519756,12,0.22499999999999987,0.19426774978637684
base,0.025000000000000022,0.5,0,0,0.08199909,-1.7940607,13,-0.475,-0.4180009067058563
base,0.075,0.5,1,0,0.103241995,-1.6466801,13,-0.425,-0.3967580050230026
base,0.12500000000000003,0.5,2,0,0.13361216,-1.4834311,13,-0.375,-0.36638784408569336
base,0.17500000000000002,0.5,3,0,0.18483692,-1.2828523,13,-0.32499999999999996,-0.3151630759239197
base,0.225,0.5,4,0,0.23606169,-1.0822735,13,-0.275,-0.263938307762146
base,0.275,0.5,5,0,0.28728646,-0.8816945,13,-0.22499999999999998,-0.21271353960037231
base,0.325,0.5,6,0,0.3385113,-0.6811156,13,-0.175,-0.16148871183395386
base,0.37500000000000006,0.5,7,0,0.389736,-0.48053673,13,-0.12499999999999994,-0.11026400327682495
base,0.425,0.5,8,0,0.4409608,-0.2799578,13,-0.07500000000000001,-0.05903920531272888
base,0.475,0.5,9,0,0.49218556,-0.07937899,13,-0.025000000000000022,-0.0078144371509552
base,0.525,0.5,10,1,0.5434103,0.12119979,13,0.025000000000000022,0.043410301208496094
base,0.575,0.5,11,1,0.5946351,0.32177877,13,0.07499999999999996,0.09463512897491455
base,0.625,0.5,12,1,0.64585996,0.5223577,13,0.125,0.145859956741333
base,0.675,0.5,13,1,0.6970847,0.7229367,13,0.17500000000000004,0.1970847249031067
base,0.7250000000000001,0.5,14,1,0.7483095,0.9235156,13,0.2250000000000001,0.24830949306488037
base,0.7749999999999999,0.5,15,1,0.79953414,1.1240942,13,0.2749999999999999,0.2995341420173645
base,0.825,0.5,16,1,0.85075897,1.3246732,13,0.32499999999999996,0.35075896978378296
base,0.8749999999999999,0.5,17,1,0.9019838,1.5252521,13,0.3749999999999999,0.4019837975502014
base,0.9249999999999999,0.5,18,1,0.9532086,1.725831,13,0.42499999999999993,0.4532086253166199
base,0.975,0.5,19,1,1.0044334,1.9264097,13,0.475,0.5044333934783936
curv,0.025000000000000022,0.25,0,0,0.04766038,-1.6520576,13,-0.22499999999999998,-0.20233961939811707
curv,0.025000000000000022,0.25,0,0,0.04766038,-1.6520576,13,-0.22499999999999998,-0.20233961939811707
curv,0.075,0.25,1,0,0.06880385,-1.5420642,13,-0.175,-0.1811961531639099
curv,0.075,0.25,1,0,0.06880385,-1.5420642,13,-0.175,-0.1811961531639099
curv,0.12500000000000003,0.25,2,0,0.120028645,-1.3414853,13,-0.12499999999999997,-0.12997135519981384
curv,0.12500000000000003,0.25,2,0,0.120028645,-1.3414853,13,-0.12499999999999997,-0.12997135519981384
curv,0.17500000000000002,0.25,3,0,0.17125343,-1.1409065,13,-0.07499999999999998,-0.07874657213687897
curv,0.17500000000000002,0.25,3,0,0.17125343,-1.1409065,13,-0.07499999999999998,-0.07874657213687897
curv,0.225,0.25,4,0,0.22247815,-0.9403276,13,-0.024999999999999994,-0.027521848678588867
curv,0.225,0.25,4,0,0.22247815,-0.9403276,13,-0.024999999999999994,-0.027521848678588867
curv,0.275,0.25,5,1,0.273703,-0.7397486,13,0.025000000000000022,0.023703008890151978
curv,0.325,0.25,6,1,0.32492775,-0.5391698,13,0.07500000000000001,0.07492774724960327
curv,0.37500000000000006,0.25,7,1,0.37615252,-0.3385909,13,0.12500000000000006,0.12615251541137695
curv,0.425,0.25,8,1,0.4273773,-0.13801193,13,0.175,0.17737731337547302
curv,0.475,0.25,9,1,0.47860208,0.062566936,13,0.22499999999999998,0.2286020815372467
curv,0.525,0.25,10,1,0.5298268,0.26314574,13,0.275,0.279826819896698
curv,0.575,0.25,11,1,0.58105165,0.46372467,13,0.32499999999999996,0.33105164766311646
curv,0.625,0.25,12,1,0.6322764,0.6643036,13,0.375,0.38227641582489014
curv,0.675,0.25,13,1,0.68350124,0.8648825,13,0.42500000000000004,0.4335012435913086
curv,0.7250000000000001,0.25,14,1,0.7347261,1.0654616,13,0.4750000000000001,0.48472607135772705
flat,0.275,0.7500000000000001,0,0,0.30086994,-1.0236404,13,-0.4750000000000001,-0.44913005828857433
flat,0.325,0.7500000000000001,1,0,0.3520947,-0.8230616,13,-0.4250000000000001,-0.39790529012680065
flat,0.37500000000000006,0.7500000000000001,2,0,0.40331954,-0.6224827,13,-0.37500000000000006,-0.3466804623603822
flat,0.425,0.7500000000000001,3,0,0.4545443,-0.42190373,13,-0.3250000000000001,-0.2954556941986085
flat,0.475,0.7500000000000001,4,0,0.5057691,-0.22132498,13,-0.27500000000000013,-0.24423092603683483
flat,0.525,0.7500000000000001,5,0,0.55699384,-0.020746171,13,-0.2250000000000001,-0.19300615787506115
flat,0.575,0.7500000000000001,6,0,0.6082186,0.17983288,13,-0.17500000000000016,-0.14178138971328746
flat,0.625,0.7500000000000001,7,0,0.65944344,0.3804118,13,-0.1250000000000001,-0.09055656194686901
flat,0.675,0.7500000000000001,8,0,0.7106682,0.58099073,13,-0.07500000000000007,-0.039331793785095326
flat,0.7250000000000001,0.7500000000000001,9,0,0.761893,0.78156954,13,-0.025000000000000022,0.011892974376678356
flat,0.7749999999999999,0.7500000000000001,10,1,0.8131177,0.98214823,13,0.0249999999999998,0.06311768293380726
flat,0.7749999999999999,0.7500000000000001,10,1,0.8131177,0.98214823,13,0.0249999999999998,0.06311768293380726
flat,0.825,0.7500000000000001,11,1,0.8643425,1.1827273,13,0.07499999999999984,0.11434251070022572
flat,0.825,0.7500000000000001,11,1,0.8643425,1.1827273,13,0.07499999999999984,0.11434251070022572
flat,0.8749999999999999,0.7500000000000001,12,1,0.9155673,1.383306,13,0.12499999999999978,0.1655672788619994
flat,0.8749999999999999,0.7500000000000001,12,1,0.9155673,1.383306,13,0.12499999999999978,0.1655672788619994
flat,0.9249999999999999,0.7500000000000001,13,1,0.9667921,1.5838852,13,0.17499999999999982,0.21679210662841786
flat,0.9249999999999999,0.7500000000000001,13,1,0.9667921,1.5838852,13,0.17499999999999982,0.21679210662841786
flat,0.975,0.7500000000000001,14,1,1.0180168,1.7844639,13,0.22499999999999987,0.26801681518554676
flat,0.975,0.7500000000000001,14,1,1.0180168,1.7844639,13,0.22499999999999987,0.26801681518554676
base,0.025000000000000022,0.5,0,0,0.08199909,-1.7940607,13,-0.475,-0.4180009067058563
base,0.075,0.5,1,0,0.103241995,-1.6466801,13,-0.425,-0.3967580050230026
base,0.12500000000000003,0.5,2,0,0.13361216,-1.4834311,13,-0.375,-0.36638784408569336
base,0.17500000000000002,0.5,3,0,0.18483692,-1.2828523,13,-0.32499999999999996,-0.3151630759239197
base,0.225,0.5,4,0,0.23606169,-1.0822735,13,-0.275,-0.263938307762146
base,0.275,0.5,5,0,0.28728646,-0.8816945,13,-0.22499999999999998,-0.21271353960037231
base,0.325,0.5,6,0,0.3385113,-0.6811156,13,-0.175,-0.16148871183395386
base,0.37500000000000006,0.5,7,0,0.389736,-0.48053673,13,-0.12499999999999994,-0.11026400327682495
base,0.425,0.5,8,0,0.4409608,-0.2799578,13,-0.07500000000000001,-0.05903920531272888
base,0.475,0.5,9,0,0.49218556,-0.07937899,13,-0.025000000000000022,-0.0078144371509552
base,0.525,0.5,10,1,0.5434103,0.12119979,13,0.025000000000000022,0.043410301208496094
base,0.575,0.5,11,1,0.5946351,0.32177877,13,0.07499999999999996,0.09463512897491455
base,0.625,0.5,12,1,0.64585996,0.5223577,13,0.125,0.145859956741333
base,0.675,0.5,13,1,0.6970847,0.7229367,13,0.17500000000000004,0.1970847249031067
base,0.7250000000000001,0.5,14,1,0.7483095,0.9235156,13,0.2250000000000001,0.24830949306488037
base,0.7749999999999999,0.5,15,1,0.79953414,1.1240942,13,0.2749999999999999,0.2995341420173645
base,0.825,0.5,16,1,0.85075897,1.3246732,13,0.32499999999999996,0.35075896978378296
base,0.8749999999999999,0.5,17,1,0.9019838,1.5252521,13,0.3749999999999999,0.4019837975502014
base,0.9249999999999999,0.5,18,1,0.9532086,1.725831,13,0.42499999999999993,0.4532086253166199
base,0.975,0.5,19,1,1.0044334,1.9264097,13,0.475,0.5044333934783936
curv,0.025000000000000022,0.25,0,0,0.04766038,-1.6520576,13,-0.22499999999999998,-0.20233961939811707
curv,0.025000000000000022,0.25,0,0,0.04766038,-1.6520576,13,-0.22499999999999998,-0.20233961939811707
curv,0.075,0.25,1,0,0.06880385,-1.5420642,13,-0.175,-0.1811961531639099
curv,0.075,0.25,1,0,0.06880385,-1.5420642,13,-0.175,-0.1811961531639099
curv,0.12500000000000003,0.25,2,0,0.120028645,-1.3414853,13,-0.12499999999999997,-0.12997135519981384
curv,0.12500000000000003,0.25,2,0,0.120028645,-1.3414853,13,-0.12499999999999997,-0.12997135519981384
curv,0.17500000000000002,0.25,3,0,0.17125343,-1.1409065,13,-0.07499999999999998,-0.07874657213687897
curv,0.17500000000000002,0.25,3,0,0.17125343,-1.1409065,13,-0.07499999999999998,-0.07874657213687897
curv,0.225,0.25,4,0,0.22247815,-0.9403276,13,-0.024999999999999994,-0.027521848678588867
curv,0.225,0.25,4,0,0.22247815,-0.9403276,13,-0.024999999999999994,-0.027521848678588867
curv,0.275,0.25,5,1,0.273703,-0.7397486,13,0.025000000000000022,0.023703008890151978
curv,0.325,0.25,6,1,0.32492775,-0.5391698,13,0.07500000000000001,0.07492774724960327
curv,0.37500000000000006,0.25,7,1,0.37615252,-0.3385909,13,0.12500000000000006,0.12615251541137695
curv,0.425,0.25,8,1,0.4273773,-0.13801193,13,0.175,0.17737731337547302
curv,0.475,0.25,9,1,0.47860208,0.062566936,13,0.22499999999999998,0.2286020815372467
curv,0.525,0.25,10,1,0.5298268,0.26314574,13,0.275,0.279826819896698
curv,0.575,0.25,11,1,0.58105165,0.46372467,13,0.32499999999999996,0.33105164766311646
curv,0.625,0.25,12,1,0.6322764,0.6643036,13,0.375,0.38227641582489014
curv,0.675,0.25,13,1,0.68350124,0.8648825,13,0.42500000000000004,0.4335012435913086
curv,0.7250000000000001,0.25,14,1,0.7347261,1.0654616,13,0.4750000000000001,0.48472607135772705
flat,0.275,0.7500000000000001,0,0,0.30086994,-1.0236404,13,-0.4750000000000001,-0.44913005828857433
flat,0.325,0.7500000000000001,1,0,0.3520947,-0.8230616,13,-0.4250000000000001,-0.39790529012680065
flat,0.37500000000000006,0.7500000000000001,2,0,0.40331954,-0.6224827,13,-0.37500000000000006,-0.3466804623603822
flat,0.425,0.7500000000000001,3,0,0.4545443,-0.42190373,13,-0.3250000000000001,-0.2954556941986085
flat,0.475,0.7500000000000001,4,0,0.5057691,-0.22132498,13,-0.27500000000000013,-0.24423092603683483
flat,0.525,0.7500000000000001,5,0,0.55699384,-0.020746171,13,-0.2250000000000001,-0.19300615787506115
flat,0.575,0.7500000000000001,6,0,0.6082186,0.17983288,13,-0.17500000000000016,-0.14178138971328746
flat,0.625,0.7500000000000001,7,0,0.65944344,0.3804118,13,-0.1250000000000001,-0.09055656194686901
flat,0.675,0.7500000000000001,8,0,0.7106682,0.58099073,13,-0.07500000000000007,-0.039331793785095326
flat,0.7250000000000001,0.7500000000000001,9,0,0.761893,0.78156954,13,-0.025000000000000022,0.011892974376678356
flat,0.7749999999999999,0.7500000000000001,10,1,0.8131177,0.98214823,13,0.0249999999999998,0.06311768293380726
flat,0.7749999999999999,0.7500000000000001,10,1,0.8131177,0.98214823,13,0.0249999999999998,0.06311768293380726
flat,0.825,0.7500000000000001,11,1,0.8643425,1.1827273,13,0.07499999999999984,0.11434251070022572
flat,0.825,0.7500000000000001,11,1,0.8643425,1.1827273,13,0.07499999999999984,0.11434251070022572
flat,0.8749999999999999,0.7500000000000001,12,1,0.9155673,1.383306,13,0.12499999999999978,0.1655672788619994
flat,0.8749999999999999,0.7500000000000001,12,1,0.9155673,1.383306,13,0.12499999999999978,0.1655672788619994
flat,0.9249999999999999,0.7500000000000001,13,1,0.9667921,1.5838852,13,0.17499999999999982,0.21679210662841786
flat,0.9249999999999999,0.7500000000000001,13,1,0.9667921,1.5838852,13,0.17499999999999982,0.21679210662841786
flat,0.975,0.7500000000000001,14,1,1.0180168,1.7844639,13,0.22499999999999987,0.26801681518554676
flat,0.975,0.7500000000000001,14,1,1.0180168,1.7844639,13,0.22499999999999987,0.26801681518554676
base,0.025000000000000022,0.5,0,0,0.08199909,-1.7940607,13,-0.475,-0.4180009067058563
base,0.075,0.5,1,0,0.103241995,-1.6466801,13,-0.425,-0.3967580050230026
base,0.12500000000000003,0.5,2,0,0.13361216,-1.4834311,13,-0.375,-0.36638784408569336
base,0.17500000000000002,0.5,3,0,0.18483692,-1.2828523,13,-0.32499999999999996,-0.3151630759239197
base,0.225,0.5,4,0,0.23606169,-1.0822735,13,-0.275,-0.263938307762146
base,0.275,0.5,5,0,0.28728646,-0.8816945,13,-0.22499999999999998,-0.21271353960037231
base,0.325,0.5,6,0,0.3385113,-0.6811156,13,-0.175,-0.16148871183395386
base,0.37500000000000006,0.5,7,0,0.389736,-0.48053673,13,-0.12499999999999994,-0.11026400327682495
base,0.425,0.5,8,0,0.4409608,-0.2799578,13,-0.07500000000000001,-0.05903920531272888
base,0.475,0.5,9,0,0.49218556,-0.07937899,13,-0.025000000000000022,-0.0078144371509552
base,0.525,0.5,10,1,0.5434103,0.12119979,13,0.025000000000000022,0.043410301208496094
base,0.575,0.5,11,1,0.5946351,0.32177877,13,0.07499999999999996,0.09463512897491455
base,0.625,0.5,12,1,0.64585996,0.5223577,13,0.125,0.145859956741333
base,0.675,0.5,13,1,0.6970847,0.7229367,13,0.17500000000000004,0.1970847249031067
base,0.7250000000000001,0.5,14,1,0.7483095,0.9235156,13,0.2250000000000001,0.24830949306488037
base,0.7749999999999999,0.5,15,1,0.79953414,1.1240942,13,0.2749999999999999,0.2995341420173645
base,0.825,0.5,16,1,0.85075897,1.3246732,13,0.32499999999999996,0.35075896978378296
base,0.8749999999999999,0.5,17,1,0.9019838,1.5252521,13,0.3749999999999999,0.4019837975502014
base,0.9249999999999999,0.5,18,1,0.9532086,1.725831,13,0.42499999999999993,0.4532086253166199
base,0.975,0.5,19,1,1.0044334,1.9264097,13,0.475,0.5044333934783936
curv,0.025000000000000022,0.25,0,0,0.04766038,-1.6520576,13,-0.22499999999999998,-0.20233961939811707
curv,0.025000000000000022,0.25,0,0,0.04766038,-1.6520576,13,-0.22499999999999998,-0.20233961939811707
curv,0.075,0.25,1,0,0.06880385,-1.5420642,13,-0.175,-0.1811961531639099
curv,0.075,0.25,1,0,0.06880385,-1.5420642,13,-0.175,-0.1811961531639099
curv,0.12500000000000003,0.25,2,0,0.120028645,-1.3414853,13,-0.12499999999999997,-0.12997135519981384
curv,0.12500000000000003,0.25,2,0,0.120028645,-1.3414853,13,-0.12499999999999997,-0.12997135519981384
curv,0.17500000000000002,0.25,3,0,0.17125343,-1.1409065,13,-0.07499999999999998,-0.07874657213687897
curv,0.17500000000000002,0.25,3,0,0.17125343,-1.1409065,13,-0.07499999999999998,-0.07874657213687897
curv,0.225,0.25,4,0,0.22247815,-0.9403276,13,-0.024999999999999994,-0.027521848678588867
curv,0.225,0.25,4,0,0.22247815,-0.9403276,13,-0.024999999999999994,-0.027521848678588867
curv,0.275,0.25,5,1,0.273703,-0.7397486,13,0.025000000000000022,0.023703008890151978
curv,0.325,0.25,6,1,0.32492775,-0.5391698,13,0.07500000000000001,0.07492774724960327
curv,0.37500000000000006,0.25,7,1,0.37615252,-0.3385909,13,0.12500000000000006,0.12615251541137695
curv,0.425,0.25,8,1,0.4273773,-0.13801193,13,0.175,0.17737731337547302
curv,0.475,0.25,9,1,0.47860208,0.062566936,13,0.22499999999999998,0.2286020815372467
curv,0.525,0.25,10,1,0.5298268,0.26314574,13,0.275,0.279826819896698
curv,0.575,0.25,11,1,0.58105165,0.46372467,13,0.32499999999999996,0.33105164766311646
curv,0.625,0.25,12,1,0.6322764,0.6643036,13,0.375,0.38227641582489014
curv,0.675,0.25,13,1,0.68350124,0.8648825,13,0.42500000000000004,0.4335012435913086
curv,0.7250000000000001,0.25,14,1,0.7347261,1.0654616,13,0.4750000000000001,0.48472607135772705
flat,0.275,0.7500000000000001,0,0,0.30086994,-1.0236404,13,-0.4750000000000001,-0.44913005828857433
flat,0.325,0.7500000000000001,1,0,0.3520947,-0.8230616,13,-0.4250000000000001,-0.39790529012680065
flat,0.37500000000000006,0.7500000000000001,2,0,0.40331954,-0.6224827,13,-0.37500000000000006,-0.3466804623603822
flat,0.425,0.7500000000000001,3,0,0.4545443,-0.42190373,13,-0.3250000000000001,-0.2954556941986085
flat,0.475,0.7500000000000001,4,0,0.5057691,-0.22132498,13,-0.27500000000000013,-0.24423092603683483
flat,0.525,0.7500000000000001,5,0,0.55699384,-0.020746171,13,-0.2250000000000001,-0.19300615787506115
flat,0.575,0.7500000000000001,6,0,0.6082186,0.17983288,13,-0.17500000000000016,-0.14178138971328746
flat,0.625,0.7500000000000001,7,0,0.65944344,0.3804118,13,-0.1250000000000001,-0.09055656194686901
flat,0.675,0.7500000000000001,8,0,0.7106682,0.58099073,13,-0.07500000000000007,-0.039331793785095326
flat,0.7250000000000001,0.7500000000000001,9,0,0.761893,0.78156954,13,-0.025000000000000022,0.011892974376678356
flat,0.7749999999999999,0.7500000000000001,10,1,0.8131177,0.98214823,13,0.0249999999999998,0.06311768293380726
flat,0.7749999999999999,0.7500000000000001,10,1,0.8131177,0.98214823,13,0.0249999999999998,0.06311768293380726
flat,0.825,0.7500000000000001,11,1,0.8643425,1.1827273,13,0.07499999999999984,0.11434251070022572
flat,0.825,0.7500000000000001,11,1,0.8643425,1.1827273,13,0.07499999999999984,0.11434251070022572
flat,0.8749999999999999,0.7500000000000001,12,1,0.9155673,1.383306,13,0.12499999999999978,0.1655672788619994
flat,0.8749999999999999,0.7500000000000001,12,1,0.9155673,1.383306,13,0.12499999999999978,0.1655672788619994
flat,0.9249999999999999,0.7500000000000001,13,1,0.9667921,1.5838852,13,0.17499999999999982,0.21679210662841786
flat,0.9249999999999999,0.7500000000000001,13,1,0.9667921,1.5838852,13,0.17499999999999982,0.21679210662841786
flat,0.975,0.7500000000000001,14,1,1.0180168,1.7844639,13,0.22499999999999987,0.26801681518554676
flat,0.975,0.7500000000000001,14,1,1.0180168,1.7844639,13,0.22499999999999987,0.26801681518554676
base,0.025000000000000022,0.5,0,0,0.08199909,-1.7940607,13,-0.475,-0.4180009067058563
base,0.075,0.5,1,0,0.103241995,-1.6466801,13,-0.425,-0.3967580050230026
base,0.12500000000000003,0.5,2,0,0.13361216,-1.4834311,13,-0.375,-0.36638784408569336
base,0.17500000000000002,0.5,3,0,0.18483692,-1.2828523,13,-0.32499999999999996,-0.3151630759239197
base,0.225,0.5,4,0,0.23606169,-1.0822735,13,-0.275,-0.263938307762146
base,0.275,0.5,5,0,0.28728646,-0.8816945,13,-0.22499999999999998,-0.21271353960037231
base,0.325,0.5,6,0,0.3385113,-0.6811156,13,-0.175,-0.16148871183395386
base,0.37500000000000006,0.5,7,0,0.389736,-0.48053673,13,-0.12499999999999994,-0.11026400327682495
base,0.425,0.5,8,0,0.4409608,-0.2799578,13,-0.07500000000000001,-0.05903920531272888
base,0.475,0.5,9,0,0.49218556,-0.07937899,13,-0.025000000000000022,-0.0078144371509552
base,0.525,0.5,10,1,0.5434103,0.12119979,13,0.025000000000000022,0.043410301208496094
base,0.575,0.5,11,1,0.5946351,0.32177877,13,0.07499999999999996,0.09463512897491455
base,0.625,0.5,12,1,0.64585996,0.5223577,13,0.125,0.145859956741333
base,0.675,0.5,13,1,0.6970847,0.7229367,13,0.17500000000000004,0.1970847249031067
base,0.7250000000000001,0.5,14,1,0.7483095,0.9235156,13,0.2250000000000001,0.24830949306488037
base,0.7749999999999999,0.5,15,1,0.79953414,1.1240942,13,0.2749999999999999,0.2995341420173645
base,0.825,0.5,16,1,0.85075897,1.3246732,13,0.32499999999999996,0.35075896978378296
base,0.8749999999999999,0.5,17,1,0.9019838,1.5252521,13,0.3749999999999999,0.4019837975502014
base,0.9249999999999999,0.5,18,1,0.9532086,1.725831,13,0.42499999999999993,0.4532086253166199
base,0.975,0.5,19,1,1.0044334,1.9264097,13,0.475,0.5044333934783936
curv,0.025000000000000022,0.25,0,0,0.04766038,-1.6520576,13,-0.22499999999999998,-0.20233961939811707
curv,0.025000000000000022,0.25,0,0,0.04766038,-1.6520576,13,-0.22499999999999998,-0.20233961939811707
curv,0.075,0.25,1,0,0.06880385,-1.5420642,13,-0.175,-0.1811961531639099
curv,0.075,0.25,1,0,0.06880385,-1.5420642,13,-0.175,-0.1811961531639099
curv,0.12500000000000003,0.25,2,0,0.120028645,-1.3414853,13,-0.12499999999999997,-0.12997135519981384
curv,0.12500000000000003,0.25,2,0,0.120028645,-1.3414853,13,-0.12499999999999997,-0.12997135519981384
curv,0.17500000000000002,0.25,3,0,0.17125343,-1.1409065,13,-0.07499999999999998,-0.07874657213687897
curv,0.17500000000000002,0.25,3,0,0.17125343,-1.1409065,13,-0.07499999999999998,-0.07874657213687897
curv,0.225,0.25,4,0,0.22247815,-0.9403276,13,-0.024999999999999994,-0.027521848678588867
curv,0.225,0.25,4,0,0.22247815,-0.9403276,13,-0.024999999999999994,-0.027521848678588867
curv,0.275,0.25,5,1,0.273703,-0.7397486,13,0.025000000000000022,0.023703008890151978
curv,0.325,0.25,6,1,0.32492775,-0.5391698,13,0.07500000000000001,0.07492774724960327
curv,0.37500000000000006,0.25,7,1,0.37615252,-0.3385909,13,0.12500000000000006,0.12615251541137695
curv,0.425,0.25,8,1,0.4273773,-0.13801193,13,0.175,0.17737731337547302
curv,0.475,0.25,9,1,0.47860208,0.062566936,13,0.22499999999999998,0.2286020815372467
curv,0.525,0.25,10,1,0.5298268,0.26314574,13,0.275,0.279826819896698
curv,0.575,0.25,11,1,0.58105165,0.46372467,13,0.32499999999999996,0.33105164766311646
curv,0.625,0.25,12,1,0.6322764,0.6643036,13,0.375,0.38227641582489014
curv,0.675,0.25,13,1,0.68350124,0.8648825,13,0.42500000000000004,0.4335012435913086
curv,0.7250000000000001,0.25,14,1,0.7347261,1.0654616,13,0.4750000000000001,0.48472607135772705
flat,0.275,0.7500000000000001,0,0,0.30086994,-1.0236404,13,-0.4750000000000001,-0.44913005828857433
flat,0.325,0.7500000000000001,1,0,0.3520947,-0.8230616,13,-0.4250000000000001,-0.39790529012680065
flat,0.37500000000000006,0.7500000000000001,2,0,0.40331954,-0.6224827,13,-0.37500000000000006,-0.3466804623603822
flat,0.425,0.7500000000000001,3,0,0.4545443,-0.42190373,13,-0.3250000000000001,-0.2954556941986085
flat,0.475,0.7500000000000001,4,0,0.5057691,-0.22132498,13,-0.27500000000000013,-0.24423092603683483
flat,0.525,0.7500000000000001,5,0,0.55699384,-0.020746171,13,-0.2250000000000001,-0.19300615787506115
flat,0.575,0.7500000000000001,6,0,0.6082186,0.17983288,13,-0.17500000000000016,-0.14178138971328746
flat,0.625,0.7500000000000001,7,0,0.65944344,0.3804118,13,-0.1250000000000001,-0.09055656194686901
flat,0.675,0.7500000000000001,8,0,0.7106682,0.58099073,13,-0.07500000000000007,-0.039331793785095326
flat,0.7250000000000001,0.7500000000000001,9,0,0.761893,0.78156954,13,-0.025000000000000022,0.011892974376678356
flat,0.7749999999999999,0.7500000000000001,10,1,0.8131177,0.98214823,13,0.0249999999999998,0.06311768293380726
flat,0.7749999999999999,0.7500000000000001,10,1,0.8131177,0.98214823,13,0.0249999999999998,0.06311768293380726
flat,0.825,0.7500000000000001,11,1,0.8643425,1.1827273,13,0.07499999999999984,0.11434251070022572
flat,0.825,0.7500000000000001,11,1,0.8643425,1.1827273,13,0.07499999999999984,0.11434251070022572
flat,0.8749999999999999,0.7500000000000001,12,1,0.9155673,1.383306,13,0.12499999999999978,0.1655672788619994
flat,0.8749999999999999,0.7500000000000001,12,1,0.9155673,1.383306,13,0.12499999999999978,0.1655672788619994
flat,0.9249999999999999,0.7500000000000001,13,1,0.9667921,1.5838852,13,0.17499999999999982,0.21679210662841786
flat,0.9249999999999999,0.7500000000000001,13,1,0.9667921,1.5838852,13,0.17499999999999982,0.21679210662841786
flat,0.975,0.7500000000000001,14,1,1.0180168,1.7844639,13,0.22499999999999987,0.26801681518554676
flat,0.975,0.7500000000000001,14,1,1.0180168,1.7844639,13,0.22499999999999987,0.26801681518554676
base,0.025000000000000022,0.5,0,0,0.027772501,-2.0912309,14,-0.475,-0.4722274988889694
base,0.075,0.5,1,0,0.07609512,-1.8732861,14,-0.425,-0.4239048808813095
base,0.12500000000000003,0.5,2,0,0.12441777,-1.6553411,14,-0.375,-0.3755822330713272
base,0.17500000000000002,0.5,3,0,0.17274036,-1.4373963,14,-0.32499999999999996,-0.3272596448659897
base,0.225,0.5,4,0,0.22106297,-1.2194514,14,-0.275,-0.2789370268583298
base,0.275,0.5,5,0,0.26938564,-1.0015064,14,-0.22499999999999998,-0.23061436414718628
base,0.325,0.5,6,0,0.3177082,-0.78356147,14,-0.175,-0.18229180574417114
base,0.37500000000000006,0.5,7,0,0.36603087,-0.5656166,14,-0.12499999999999994,-0.13396912813186646
base,0.425,0.5,8,0,0.4143535,-0.34767166,14,-0.07500000000000001,-0.08564651012420654
base,0.475,0.5,9,0,0.4626761,-0.12972675,14,-0.025000000000000022,-0.03732389211654663
base,0.525,0.5,10,1,0.5109987,0.08821808,14,0.025000000000000022,0.010998725891113281
base,0.575,0.5,11,1,0.55932134,0.30616307,14,0.07499999999999996,0.05932134389877319
base,0.625,0.5,12,1,0.60764396,0.52410805,14,0.125,0.1076439619064331
base,0.675,0.5,13,1,0.6559666,0.74205303,14,0.17500000000000004,0.15596657991409302
base,0.7250000000000001,0.5,14,1,0.70428926,0.959998,14,0.2250000000000001,0.2042892575263977
base,0.7749999999999999,0.5,15,1,0.7526118,1.1779426,14,0.2749999999999999,0.25261181592941284
base,0.825,0.5,16,1,0.80093443,1.3958877,14,0.32499999999999996,0.30093443393707275
base,0.8749999999999999,0.5,17,1,0.8492571,1.6138328,14,0.3749999999999999,0.34925711154937744
base,0.9249999999999999,0.5,18,1,0.88700616,1.805915,14,0.42499999999999993,0.38700616359710693
base,0.975,0.5,19,1,0.91641724,1.9776033,14,0.475,0.4164172410964966
curv,0.025000000000000022,0.25,0,0,0.022080079,-1.5043565,14,-0.22499999999999998,-0.22791992127895355
curv,0.025000000000000022,0.25,0,0,0.022080079,-1.5043565,14,-0.22499999999999998,-0.22791992127895355
curv,0.075,0.25,1,0,0.07040267,-1.2864116,14,-0.175,-0.17959733307361603
curv,0.075,0.25,1,0,0.07040267,-1.2864116,14,-0.175,-0.17959733307361603
curv,0.12500000000000003,0.25,2,0,0.118725345,-1.0684667,14,-0.12499999999999997,-0.13127465546131134
curv,0.12500000000000003,0.25,2,0,0.118725345,-1.0684667,14,-0.12499999999999997,-0.13127465546131134
curv,0.17500000000000002,0.25,3,0,0.16704796,-0.8505218,14,-0.07499999999999998,-0.08295203745365143
curv,0.17500000000000002,0.25,3,0,0.16704796,-0.8505218,14,-0.07499999999999998,-0.08295203745365143
curv,0.225,0.25,4,0,0.21537058,-0.6325768,14,-0.024999999999999994,-0.034629419445991516
curv,0.225,0.25,4,0,0.21537058,-0.6325768,14,-0.024999999999999994,-0.034629419445991516
curv,0.275,0.25,5,1,0.2636932,-0.4146319,14,0.025000000000000022,0.01369321346282959
curv,0.325,0.25,6,1,0.31201583,-0.19668703,14,0.07500000000000001,0.0620158314704895
curv,0.37500000000000006,0.25,7,1,0.36033845,0.021257948,14,0.12500000000000006,0.11033844947814941
curv,0.425,0.25,8,1,0.40866107,0.23920293,14,0.175,0.15866106748580933
curv,0.475,0.25,9,1,0.4569837,0.45714772,14,0.22499999999999998,0.20698368549346924
curv,0.525,0.25,10,1,0.5053063,0.6750927,14,0.275,0.25530630350112915
curv,0.575,0.25,11,1,0.5536289,0.89303756,14,0.32499999999999996,0.30362892150878906
curv,0.625,0.25,12,1,0.60195154,1.1109825,14,0.375,0.351951539516449
curv,0.675,0.25,13,1,0.65027416,1.3289274,14,0.42500000000000004,0.4002741575241089
curv,0.7250000000000001,0.25,14,1,0.70029956,1.5412025,14,0.4750000000000001,0.45029956102371216
flat,0.275,0.7500000000000001,0,0,0.27507812,-1.5883809,14,-0.4750000000000001,-0.4749218821525575
flat,0.325,0.7500000000000001,1,0,0.32340068,-1.3704361,14,-0.4250000000000001,-0.42659932374954235
flat,0.37500000000000006,0.7500000000000001,2,0,0.37172335,-1.1524912,14,-0.37500000000000006,-0.37827664613723766
flat,0.425,0.7500000000000001,3,0,0.4200459,-0.9345461,14,-0.3250000000000001,-0.3299540877342225
flat,0.475,0.7500000000000001,4,0,0.4683686,-0.7166014,14,-0.27500000000000013,-0.28163141012191784
flat,0.525,0.7500000000000001,5,0,0.51669115,-0.49865645,14,-0.2250000000000001,-0.2333088517189027
flat,0.575,0.7500000000000001,6,0,0.5650138,-0.2807114,14,-0.17500000000000016,-0.184986174106598
flat,0.625,0.7500000000000001,7,0,0.6133364,-0.06276652,14,-0.1250000000000001,-0.13666361570358287
flat,0.675,0.7500000000000001,8,0,0.66165906,0.15517835,14,-0.07500000000000007,-0.08834093809127819
flat,0.7250000000000001,0.7500000000000001,9,0,0.7099817,0.3731234,14,-0.025000000000000022,-0.040018320083618275
flat,0.7749999999999999,0.7500000000000001,10,1,0.7583043,0.59106815,14,0.0249999999999998,0.008304297924041637
flat,0.7749999999999999,0.7500000000000001,10,1,0.7583043,0.59106815,14,0.0249999999999998,0.008304297924041637
flat,0.825,0.7500000000000001,11,1,0.8066269,0.8090131,14,0.07499999999999984,0.05662691593170155
flat,0.825,0.7500000000000001,11,1,0.8066269,0.8090131,14,0.07499999999999984,0.05662691593170155
flat,0.8749999999999999,0.7500000000000001,12,1,0.8549496,1.0269581,14,0.12499999999999978,0.10494959354400624
flat,0.8749999999999999,0.7500000000000001,12,1,0.8549496,1.0269581,14,0.12499999999999978,0.10494959354400624
flat,0.9249999999999999,0.7500000000000001,13,1,0.8889132,1.2097816,14,0.17499999999999982,0.13891321420669545
flat,0.9249999999999999,0.7500000000000001,13,1,0.8889132,1.2097816,14,0.17499999999999982,0.13891321420669545
flat,0.975,0.7500000000000001,14,1,0.9183243,1.3814698,14,0.22499999999999987,0.1683242917060851
flat,0.975,0.7500000000000001,14,1,0.9183243,1.3814698,14,0.22499999999999987,0.1683242917060851
base,0.025000000000000022,0.5,0,0,0.027772501,-2.0912309,14,-0.475,-0.4722274988889694
base,0.075,0.5,1,0,0.07609512,-1.8732861,14,-0.425,-0.4239048808813095
base,0.12500000000000003,0.5,2,0,0.12441777,-1.6553411,14,-0.375,-0.3755822330713272
base,0.17500000000000002,0.5,3,0,0.17274036,-1.4373963,14,-0.32499999999999996,-0.3272596448659897
base,0.225,0.5,4,0,0.22106297,-1.2194514,14,-0.275,-0.2789370268583298
base,0.275,0.5,5,0,0.26938564,-1.0015064,14,-0.22499999999999998,-0.23061436414718628
base,0.325,0.5,6,0,0.3177082,-0.78356147,14,-0.175,-0.18229180574417114
base,0.37500000000000006,0.5,7,0,0.36603087,-0.5656166,14,-0.12499999999999994,-0.13396912813186646
base,0.425,0.5,8,0,0.4143535,-0.34767166,14,-0.07500000000000001,-0.08564651012420654
base,0.475,0.5,9,0,0.4626761,-0.12972675,14,-0.025000000000000022,-0.03732389211654663
base,0.525,0.5,10,1,0.5109987,0.08821808,14,0.025000000000000022,0.010998725891113281
base,0.575,0.5,11,1,0.55932134,0.30616307,14,0.07499999999999996,0.05932134389877319
base,0.625,0.5,12,1,0.60764396,0.52410805,14,0.125,0.1076439619064331
base,0.675,0.5,13,1,0.6559666,0.74205303,14,0.17500000000000004,0.15596657991409302
base,0.7250000000000001,0.5,14,1,0.70428926,0.959998,14,0.2250000000000001,0.2042892575263977
base,0.7749999999999999,0.5,15,1,0.7526118,1.1779426,14,0.2749999999999999,0.25261181592941284
base,0.825,0.5,16,1,0.80093443,1.3958877,14,0.32499999999999996,0.30093443393707275
base,0.8749999999999999,0.5,17,1,0.8492571,1.6138328,14,0.3749999999999999,0.34925711154937744
base,0.9249999999999999,0.5,18,1,0.88700616,1.805915,14,0.42499999999999993,0.38700616359710693
base,0.975,0.5,19,1,0.91641724,1.9776033,14,0.475,0.4164172410964966
curv,0.025000000000000022,0.25,0,0,0.022080079,-1.5043565,14,-0.22499999999999998,-0.22791992127895355
curv,0.025000000000000022,0.25,0,0,0.022080079,-1.5043565,14,-0.22499999999999998,-0.22791992127895355
curv,0.075,0.25,1,0,0.07040267,-1.2864116,14,-0.175,-0.17959733307361603
curv,0.075,0.25,1,0,0.07040267,-1.2864116,14,-0.175,-0.17959733307361603
curv,0.12500000000000003,0.25,2,0,0.118725345,-1.0684667,14,-0.12499999999999997,-0.13127465546131134
curv,0.12500000000000003,0.25,2,0,0.118725345,-1.0684667,14,-0.12499999999999997,-0.13127465546131134
curv,0.17500000000000002,0.25,3,0,0.16704796,-0.8505218,14,-0.07499999999999998,-0.08295203745365143
curv,0.17500000000000002,0.25,3,0,0.16704796,-0.8505218,14,-0.07499999999999998,-0.08295203745365143
curv,0.225,0.25,4,0,0.21537058,-0.6325768,14,-0.024999999999999994,-0.034629419445991516
curv,0.225,0.25,4,0,0.21537058,-0.6325768,14,-0.024999999999999994,-0.034629419445991516
curv,0.275,0.25,5,1,0.2636932,-0.4146319,14,0.025000000000000022,0.01369321346282959
curv,0.325,0.25,6,1,0.31201583,-0.19668703,14,0.07500000000000001,0.0620158314704895
curv,0.37500000000000006,0.25,7,1,0.36033845,0.021257948,14,0.12500000000000006,0.11033844947814941
curv,0.425,0.25,8,1,0.40866107,0.23920293,14,0.175,0.15866106748580933
curv,0.475,0.25,9,1,0.4569837,0.45714772,14,0.22499999999999998,0.20698368549346924
curv,0.525,0.25,10,1,0.5053063,0.6750927,14,0.275,0.25530630350112915
curv,0.575,0.25,11,1,0.5536289,0.89303756,14,0.32499999999999996,0.30362892150878906
curv,0.625,0.25,12,1,0.60195154,1.1109825,14,0.375,0.351951539516449
curv,0.675,0.25,13,1,0.65027416,1.3289274,14,0.42500000000000004,0.4002741575241089
curv,0.7250000000000001,0.25,14,1,0.70029956,1.5412025,14,0.4750000000000001,0.45029956102371216
flat,0.275,0.7500000000000001,0,0,0.27507812,-1.5883809,14,-0.4750000000000001,-0.4749218821525575
flat,0.325,0.7500000000000001,1,0,0.32340068,-1.3704361,14,-0.4250000000000001,-0.42659932374954235
flat,0.37500000000000006,0.7500000000000001,2,0,0.37172335,-1.1524912,14,-0.37500000000000006,-0.37827664613723766
flat,0.425,0.7500000000000001,3,0,0.4200459,-0.9345461,14,-0.3250000000000001,-0.3299540877342225
flat,0.475,0.7500000000000001,4,0,0.4683686,-0.7166014,14,-0.27500000000000013,-0.28163141012191784
flat,0.525,0.7500000000000001,5,0,0.51669115,-0.49865645,14,-0.2250000000000001,-0.2333088517189027
flat,0.575,0.7500000000000001,6,0,0.5650138,-0.2807114,14,-0.17500000000000016,-0.184986174106598
flat,0.625,0.7500000000000001,7,0,0.6133364,-0.06276652,14,-0.1250000000000001,-0.13666361570358287
flat,0.675,0.7500000000000001,8,0,0.66165906,0.15517835,14,-0.07500000000000007,-0.08834093809127819
flat,0.7250000000000001,0.7500000000000001,9,0,0.7099817,0.3731234,14,-0.025000000000000022,-0.040018320083618275
flat,0.7749999999999999,0.7500000000000001,10,1,0.7583043,0.59106815,14,0.0249999999999998,0.008304297924041637
flat,0.7749999999999999,0.7500000000000001,10,1,0.7583043,0.59106815,14,0.0249999999999998,0.008304297924041637
flat,0.825,0.7500000000000001,11,1,0.8066269,0.8090131,14,0.07499999999999984,0.05662691593170155
flat,0.825,0.7500000000000001,11,1,0.8066269,0.8090131,14,0.07499999999999984,0.05662691593170155
flat,0.8749999999999999,0.7500000000000001,12,1,0.8549496,1.0269581,14,0.12499999999999978,0.10494959354400624
flat,0.8749999999999999,0.7500000000000001,12,1,0.8549496,1.0269581,14,0.12499999999999978,0.10494959354400624
flat,0.9249999999999999,0.7500000000000001,13,1,0.8889132,1.2097816,14,0.17499999999999982,0.13891321420669545
flat,0.9249999999999999,0.7500000000000001,13,1,0.8889132,1.2097816,14,0.17499999999999982,0.13891321420669545
flat,0.975,0.7500000000000001,14,1,0.9183243,1.3814698,14,0.22499999999999987,0.1683242917060851
flat,0.975,0.7500000000000001,14,1,0.9183243,1.3814698,14,0.22499999999999987,0.1683242917060851
base,0.025000000000000022,0.5,0,0,0.027772501,-2.0912309,14,-0.475,-0.4722274988889694
base,0.075,0.5,1,0,0.07609512,-1.8732861,14,-0.425,-0.4239048808813095
base,0.12500000000000003,0.5,2,0,0.12441777,-1.6553411,14,-0.375,-0.3755822330713272
base,0.17500000000000002,0.5,3,0,0.17274036,-1.4373963,14,-0.32499999999999996,-0.3272596448659897
base,0.225,0.5,4,0,0.22106297,-1.2194514,14,-0.275,-0.2789370268583298
base,0.275,0.5,5,0,0.26938564,-1.0015064,14,-0.22499999999999998,-0.23061436414718628
base,0.325,0.5,6,0,0.3177082,-0.78356147,14,-0.175,-0.18229180574417114
base,0.37500000000000006,0.5,7,0,0.36603087,-0.5656166,14,-0.12499999999999994,-0.13396912813186646
base,0.425,0.5,8,0,0.4143535,-0.34767166,14,-0.07500000000000001,-0.08564651012420654
base,0.475,0.5,9,0,0.4626761,-0.12972675,14,-0.025000000000000022,-0.03732389211654663
base,0.525,0.5,10,1,0.5109987,0.08821808,14,0.025000000000000022,0.010998725891113281
base,0.575,0.5,11,1,0.55932134,0.30616307,14,0.07499999999999996,0.05932134389877319
base,0.625,0.5,12,1,0.60764396,0.52410805,14,0.125,0.1076439619064331
base,0.675,0.5,13,1,0.6559666,0.74205303,14,0.17500000000000004,0.15596657991409302
base,0.7250000000000001,0.5,14,1,0.70428926,0.959998,14,0.2250000000000001,0.2042892575263977
base,0.7749999999999999,0.5,15,1,0.7526118,1.1779426,14,0.2749999999999999,0.25261181592941284
base,0.825,0.5,16,1,0.80093443,1.3958877,14,0.32499999999999996,0.30093443393707275
base,0.8749999999999999,0.5,17,1,0.8492571,1.6138328,14,0.3749999999999999,0.34925711154937744
base,0.9249999999999999,0.5,18,1,0.88700616,1.805915,14,0.42499999999999993,0.38700616359710693
base,0.975,0.5,19,1,0.91641724,1.9776033,14,0.475,0.4164172410964966
curv,0.025000000000000022,0.25,0,0,0.022080079,-1.5043565,14,-0.22499999999999998,-0.22791992127895355
curv,0.025000000000000022,0.25,0,0,0.022080079,-1.5043565,14,-0.22499999999999998,-0.22791992127895355
curv,0.075,0.25,1,0,0.07040267,-1.2864116,14,-0.175,-0.17959733307361603
curv,0.075,0.25,1,0,0.07040267,-1.2864116,14,-0.175,-0.17959733307361603
curv,0.12500000000000003,0.25,2,0,0.118725345,-1.0684667,14,-0.12499999999999997,-0.13127465546131134
curv,0.12500000000000003,0.25,2,0,0.118725345,-1.0684667,14,-0.12499999999999997,-0.13127465546131134
curv,0.17500000000000002,0.25,3,0,0.16704796,-0.8505218,14,-0.07499999999999998,-0.08295203745365143
curv,0.17500000000000002,0.25,3,0,0.16704796,-0.8505218,14,-0.07499999999999998,-0.08295203745365143
curv,0.225,0.25,4,0,0.21537058,-0.6325768,14,-0.024999999999999994,-0.034629419445991516
curv,0.225,0.25,4,0,0.21537058,-0.6325768,14,-0.024999999999999994,-0.034629419445991516
curv,0.275,0.25,5,1,0.2636932,-0.4146319,14,0.025000000000000022,0.01369321346282959
curv,0.325,0.25,6,1,0.31201583,-0.19668703,14,0.07500000000000001,0.0620158314704895
curv,0.37500000000000006,0.25,7,1,0.36033845,0.021257948,14,0.12500000000000006,0.11033844947814941
curv,0.425,0.25,8,1,0.40866107,0.23920293,14,0.175,0.15866106748580933
curv,0.475,0.25,9,1,0.4569837,0.45714772,14,0.22499999999999998,0.20698368549346924
curv,0.525,0.25,10,1,0.5053063,0.6750927,14,0.275,0.25530630350112915
curv,0.575,0.25,11,1,0.5536289,0.89303756,14,0.32499999999999996,0.30362892150878906
curv,0.625,0.25,12,1,0.60195154,1.1109825,14,0.375,0.351951539516449
curv,0.675,0.25,13,1,0.65027416,1.3289274,14,0.42500000000000004,0.4002741575241089
curv,0.7250000000000001,0.25,14,1,0.70029956,1.5412025,14,0.4750000000000001,0.45029956102371216
flat,0.275,0.7500000000000001,0,0,0.27507812,-1.5883809,14,-0.4750000000000001,-0.4749218821525575
flat,0.325,0.7500000000000001,1,0,0.32340068,-1.3704361,14,-0.4250000000000001,-0.42659932374954235
flat,0.37500000000000006,0.7500000000000001,2,0,0.37172335,-1.1524912,14,-0.37500000000000006,-0.37827664613723766
flat,0.425,0.7500000000000001,3,0,0.4200459,-0.9345461,14,-0.3250000000000001,-0.3299540877342225
flat,0.475,0.7500000000000001,4,0,0.4683686,-0.7166014,14,-0.27500000000000013,-0.28163141012191784
flat,0.525,0.7500000000000001,5,0,0.51669115,-0.49865645,14,-0.2250000000000001,-0.2333088517189027
flat,0.575,0.7500000000000001,6,0,0.5650138,-0.2807114,14,-0.17500000000000016,-0.184986174106598
flat,0.625,0.7500000000000001,7,0,0.6133364,-0.06276652,14,-0.1250000000000001,-0.13666361570358287
flat,0.675,0.7500000000000001,8,0,0.66165906,0.15517835,14,-0.07500000000000007,-0.08834093809127819
flat,0.7250000000000001,0.7500000000000001,9,0,0.7099817,0.3731234,14,-0.025000000000000022,-0.040018320083618275
flat,0.7749999999999999,0.7500000000000001,10,1,0.7583043,0.59106815,14,0.0249999999999998,0.008304297924041637
flat,0.7749999999999999,0.7500000000000001,10,1,0.7583043,0.59106815,14,0.0249999999999998,0.008304297924041637
flat,0.825,0.7500000000000001,11,1,0.8066269,0.8090131,14,0.07499999999999984,0.05662691593170155
flat,0.825,0.7500000000000001,11,1,0.8066269,0.8090131,14,0.07499999999999984,0.05662691593170155
flat,0.8749999999999999,0.7500000000000001,12,1,0.8549496,1.0269581,14,0.12499999999999978,0.10494959354400624
flat,0.8749999999999999,0.7500000000000001,12,1,0.8549496,1.0269581,14,0.12499999999999978,0.10494959354400624
flat,0.9249999999999999,0.7500000000000001,13,1,0.8889132,1.2097816,14,0.17499999999999982,0.13891321420669545
flat,0.9249999999999999,0.7500000000000001,13,1,0.8889132,1.2097816,14,0.17499999999999982,0.13891321420669545
flat,0.975,0.7500000000000001,14,1,0.9183243,1.3814698,14,0.22499999999999987,0.1683242917060851
flat,0.975,0.7500000000000001,14,1,0.9183243,1.3814698,14,0.22499999999999987,0.1683242917060851
base,0.025000000000000022,0.5,0,0,0.027772501,-2.0912309,14,-0.475,-0.4722274988889694
base,0.075,0.5,1,0,0.07609512,-1.8732861,14,-0.425,-0.4239048808813095
base,0.12500000000000003,0.5,2,0,0.12441777,-1.6553411,14,-0.375,-0.3755822330713272
base,0.17500000000000002,0.5,3,0,0.17274036,-1.4373963,14,-0.32499999999999996,-0.3272596448659897
base,0.225,0.5,4,0,0.22106297,-1.2194514,14,-0.275,-0.2789370268583298
base,0.275,0.5,5,0,0.26938564,-1.0015064,14,-0.22499999999999998,-0.23061436414718628
base,0.325,0.5,6,0,0.3177082,-0.78356147,14,-0.175,-0.18229180574417114
base,0.37500000000000006,0.5,7,0,0.36603087,-0.5656166,14,-0.12499999999999994,-0.13396912813186646
base,0.425,0.5,8,0,0.4143535,-0.34767166,14,-0.07500000000000001,-0.08564651012420654
base,0.475,0.5,9,0,0.4626761,-0.12972675,14,-0.025000000000000022,-0.03732389211654663
base,0.525,0.5,10,1,0.5109987,0.08821808,14,0.025000000000000022,0.010998725891113281
base,0.575,0.5,11,1,0.55932134,0.30616307,14,0.07499999999999996,0.05932134389877319
base,0.625,0.5,12,1,0.60764396,0.52410805,14,0.125,0.1076439619064331
base,0.675,0.5,13,1,0.6559666,0.74205303,14,0.17500000000000004,0.15596657991409302
base,0.7250000000000001,0.5,14,1,0.70428926,0.959998,14,0.2250000000000001,0.2042892575263977
base,0.7749999999999999,0.5,15,1,0.7526118,1.1779426,14,0.2749999999999999,0.25261181592941284
base,0.825,0.5,16,1,0.80093443,1.3958877,14,0.32499999999999996,0.30093443393707275
base,0.8749999999999999,0.5,17,1,0.8492571,1.6138328,14,0.3749999999999999,0.34925711154937744
base,0.9249999999999999,0.5,18,1,0.88700616,1.805915,14,0.42499999999999993,0.38700616359710693
base,0.975,0.5,19,1,0.91641724,1.9776033,14,0.475,0.4164172410964966
curv,0.025000000000000022,0.25,0,0,0.022080079,-1.5043565,14,-0.22499999999999998,-0.22791992127895355
curv,0.025000000000000022,0.25,0,0,0.022080079,-1.5043565,14,-0.22499999999999998,-0.22791992127895355
curv,0.075,0.25,1,0,0.07040267,-1.2864116,14,-0.175,-0.17959733307361603
curv,0.075,0.25,1,0,0.07040267,-1.2864116,14,-0.175,-0.17959733307361603
curv,0.12500000000000003,0.25,2,0,0.118725345,-1.0684667,14,-0.12499999999999997,-0.13127465546131134
curv,0.12500000000000003,0.25,2,0,0.118725345,-1.0684667,14,-0.12499999999999997,-0.13127465546131134
curv,0.17500000000000002,0.25,3,0,0.16704796,-0.8505218,14,-0.07499999999999998,-0.08295203745365143
curv,0.17500000000000002,0.25,3,0,0.16704796,-0.8505218,14,-0.07499999999999998,-0.08295203745365143
curv,0.225,0.25,4,0,0.21537058,-0.6325768,14,-0.024999999999999994,-0.034629419445991516
curv,0.225,0.25,4,0,0.21537058,-0.6325768,14,-0.024999999999999994,-0.034629419445991516
curv,0.275,0.25,5,1,0.2636932,-0.4146319,14,0.025000000000000022,0.01369321346282959
curv,0.325,0.25,6,1,0.31201583,-0.19668703,14,0.07500000000000001,0.0620158314704895
curv,0.37500000000000006,0.25,7,1,0.36033845,0.021257948,14,0.12500000000000006,0.11033844947814941
curv,0.425,0.25,8,1,0.40866107,0.23920293,14,0.175,0.15866106748580933
curv,0.475,0.25,9,1,0.4569837,0.45714772,14,0.22499999999999998,0.20698368549346924
curv,0.525,0.25,10,1,0.5053063,0.6750927,14,0.275,0.25530630350112915
curv,0.575,0.25,11,1,0.5536289,0.89303756,14,0.32499999999999996,0.30362892150878906
curv,0.625,0.25,12,1,0.60195154,1.1109825,14,0.375,0.351951539516449
curv,0.675,0.25,13,1,0.65027416,1.3289274,14,0.42500000000000004,0.4002741575241089
curv,0.7250000000000001,0.25,14,1,0.70029956,1.5412025,14,0.4750000000000001,0.45029956102371216
flat,0.275,0.7500000000000001,0,0,0.27507812,-1.5883809,14,-0.4750000000000001,-0.4749218821525575
flat,0.325,0.7500000000000001,1,0,0.32340068,-1.3704361,14,-0.4250000000000001,-0.42659932374954235
flat,0.37500000000000006,0.7500000000000001,2,0,0.37172335,-1.1524912,14,-0.37500000000000006,-0.37827664613723766
flat,0.425,0.7500000000000001,3,0,0.4200459,-0.9345461,14,-0.3250000000000001,-0.3299540877342225
flat,0.475,0.7500000000000001,4,0,0.4683686,-0.7166014,14,-0.27500000000000013,-0.28163141012191784
flat,0.525,0.7500000000000001,5,0,0.51669115,-0.49865645,14,-0.2250000000000001,-0.2333088517189027
flat,0.575,0.7500000000000001,6,0,0.5650138,-0.2807114,14,-0.17500000000000016,-0.184986174106598
flat,0.625,0.7500000000000001,7,0,0.6133364,-0.06276652,14,-0.1250000000000001,-0.13666361570358287
flat,0.675,0.7500000000000001,8,0,0.66165906,0.15517835,14,-0.07500000000000007,-0.08834093809127819
flat,0.7250000000000001,0.7500000000000001,9,0,0.7099817,0.3731234,14,-0.025000000000000022,-0.040018320083618275
flat,0.7749999999999999,0.7500000000000001,10,1,0.7583043,0.59106815,14,0.0249999999999998,0.008304297924041637
flat,0.7749999999999999,0.7500000000000001,10,1,0.7583043,0.59106815,14,0.0249999999999998,0.008304297924041637
flat,0.825,0.7500000000000001,11,1,0.8066269,0.8090131,14,0.07499999999999984,0.05662691593170155
flat,0.825,0.7500000000000001,11,1,0.8066269,0.8090131,14,0.07499999999999984,0.05662691593170155
flat,0.8749999999999999,0.7500000000000001,12,1,0.8549496,1.0269581,14,0.12499999999999978,0.10494959354400624
flat,0.8749999999999999,0.7500000000000001,12,1,0.8549496,1.0269581,14,0.12499999999999978,0.10494959354400624
flat,0.9249999999999999,0.7500000000000001,13,1,0.8889132,1.2097816,14,0.17499999999999982,0.13891321420669545
flat,0.9249999999999999,0.7500000000000001,13,1,0.8889132,1.2097816,14,0.17499999999999982,0.13891321420669545
flat,0.975,0.7500000000000001,14,1,0.9183243,1.3814698,14,0.22499999999999987,0.1683242917060851
flat,0.975,0.7500000000000001,14,1,0.9183243,1.3814698,14,0.22499999999999987,0.1683242917060851
base,0.025000000000000022,0.5,0,0,0.16290747,-6.347323,15,-0.475,-0.3370925337076187
base,0.075,0.5,1,0,0.19886826,-5.6813126,15,-0.425,-0.3011317402124405
base,0.12500000000000003,0.5,2,0,0.23482941,-5.015302,15,-0.375,-0.2651705890893936
base,0.17500000000000002,0.5,3,0,0.27079034,-4.3492913,15,-0.32499999999999996,-0.22920966148376465
base,0.225,0.5,4,0,0.3067513,-3.6832802,15,-0.275,-0.1932486891746521
base,0.275,0.5,5,0,0.34271234,-3.0172698,15,-0.22499999999999998,-0.15728765726089478
base,0.325,0.5,6,0,0.37867326,-2.3512595,15,-0.175,-0.121326744556427
base,0.37500000000000006,0.5,7,0,0.41463417,-1.6852486,15,-0.12499999999999994,-0.08536583185195923
base,0.425,0.5,8,0,0.45059514,-1.0192376,15,-0.07500000000000001,-0.04940485954284668
base,0.475,0.5,9,0,0.4865561,-0.35322756,15,-0.025000000000000022,-0.01344388723373413
base,0.525,0.5,10,1,0.5225171,0.31278294,15,0.025000000000000022,0.022517085075378418
base,0.575,0.5,11,1,0.55847806,0.97879356,15,0.07499999999999996,0.05847805738449097
base,0.625,0.5,12,1,0.59443897,1.6448046,15,0.125,0.09443897008895874
base,0.675,0.5,13,1,0.63040006,2.310815,15,0.17500000000000004,0.13040006160736084
base,0.7250000000000001,0.5,14,1,0.666361,2.976826,15,0.2250000000000001,0.1663609743118286
base,0.7749999999999999,0.5,15,1,0.7023219,3.6428356,15,0.2749999999999999,0.2023218870162964
base,0.825,0.5,16,1,0.73828286,4.308847,15,0.32499999999999996,0.23828285932540894
base,0.8749999999999999,0.5,17,1,0.7722719,4.957237,15,0.3749999999999999,0.27227187156677246
base,0.9249999999999999,0.5,18,1,0.7369483,5.371717,15,0.42499999999999993,0.23694831132888794
base,0.975,0.5,19,1,0.7001677,5.7826147,15,0.475,0.200167715549469
curv,0.025000000000000022,0.25,0,0,0.1144449,-3.7022712,15,-0.22499999999999998,-0.13555510342121124
curv,0.025000000000000022,0.25,0,0,0.1144449,-3.7022712,15,-0.22499999999999998,-0.13555510342121124
curv,0.075,0.25,1,0,0.15040587,-3.0362606,15,-0.175,-0.0995941311120987
curv,0.075,0.25,1,0,0.15040587,-3.0362606,15,-0.175,-0.0995941311120987
curv,0.12500000000000003,0.25,2,0,0.18636678,-2.3702502,15,-0.12499999999999997,-0.06363321840763092
curv,0.12500000000000003,0.25,2,0,0.18636678,-2.3702502,15,-0.12499999999999997,-0.06363321840763092
curv,0.17500000000000002,0.25,3,0,0.2223277,-1.7042397,15,-0.07499999999999998,-0.027672305703163147
curv,0.17500000000000002,0.25,3,0,0.2223277,-1.7042397,15,-0.07499999999999998,-0.027672305703163147
curv,0.225,0.25,4,0,0.25828868,-1.038229,15,-0.024999999999999994,0.008288681507110596
curv,0.225,0.25,4,0,0.25828868,-1.038229,15,-0.024999999999999994,0.008288681507110596
curv,0.275,0.25,5,1,0.29424965,-0.3722183,15,0.025000000000000022,0.044249653816223145
curv,0.325,0.25,6,1,0.3302107,0.29379183,15,0.07500000000000001,0.08021068572998047
curv,0.37500000000000006,0.25,7,1,0.36617166,0.9598027,15,0.12500000000000006,0.11617165803909302
curv,0.425,0.25,8,1,0.40213257,1.6258137,15,0.175,0.1521325707435608
curv,0.475,0.25,9,1,0.43809354,2.291824,15,0.22499999999999998,0.18809354305267334
curv,0.525,0.25,10,1,0.47405446,2.9578342,15,0.275,0.2240544557571411
curv,0.575,0.25,11,1,0.5100154,3.6238449,15,0.32499999999999996,0.26001542806625366
curv,0.625,0.25,12,1,0.54597646,4.289856,15,0.375,0.295976459980011
curv,0.675,0.25,13,1,0.58894587,4.9394493,15,0.42500000000000004,0.3389458656311035
curv,0.7250000000000001,0.25,14,1,0.6451593,5.3038416,15,0.4750000000000001,0.3951593041419983
flat,0.275,0.7500000000000001,0,0,0.39117467,-5.662321,15,-0.4750000000000001,-0.35882532596588146
flat,0.325,0.7500000000000001,1,0,0.4271357,-4.996311,15,-0.4250000000000001,-0.32286429405212413
flat,0.37500000000000006,0.7500000000000001,2,0,0.4630968,-4.3303003,15,-0.37500000000000006,-0.28690320253372203
flat,0.425,0.7500000000000001,3,0,0.49905753,-3.664289,15,-0.3250000000000001,-0.2509424686431886
flat,0.475,0.7500000000000001,4,0,0.5350186,-2.9982789,15,-0.27500000000000013,-0.2149813771247865
flat,0.525,0.7500000000000001,5,0,0.5709796,-2.3322685,15,-0.2250000000000001,-0.17902040481567394
flat,0.575,0.7500000000000001,6,0,0.6069406,-1.6662577,15,-0.17500000000000016,-0.14305937290191661
flat,0.625,0.7500000000000001,7,0,0.64290154,-1.0002466,15,-0.1250000000000001,-0.10709846019744884
flat,0.675,0.7500000000000001,8,0,0.6788626,-0.3342362,15,-0.07500000000000007,-0.07113742828369152
flat,0.7250000000000001,0.7500000000000001,9,0,0.7148235,0.33177453,15,-0.025000000000000022,-0.035176515579223744
flat,0.7749999999999999,0.7500000000000001,10,1,0.7507844,0.99778444,15,0.0249999999999998,0.0007843971252440296
flat,0.7749999999999999,0.7500000000000001,10,1,0.7507844,0.99778444,15,0.0249999999999998,0.0007843971252440296
flat,0.825,0.7500000000000001,11,1,0.7867453,1.6637954,15,0.07499999999999984,0.0367453098297118
flat,0.825,0.7500000000000001,11,1,0.7867453,1.6637954,15,0.07499999999999984,0.0367453098297118
flat,0.8749999999999999,0.7500000000000001,12,1,0.8227064,2.329806,15,0.12499999999999978,0.0727064013481139
flat,0.8749999999999999,0.7500000000000001,12,1,0.8227064,2.329806,15,0.12499999999999978,0.0727064013481139
flat,0.9249999999999999,0.7500000000000001,13,1,0.8586674,2.9958172,15,0.17499999999999982,0.10866737365722645
flat,0.9249999999999999,0.7500000000000001,13,1,0.8586674,2.9958172,15,0.17499999999999982,0.10866737365722645
flat,0.975,0.7500000000000001,14,1,0.89462835,3.6618278,15,0.22499999999999987,0.144628345966339
flat,0.975,0.7500000000000001,14,1,0.89462835,3.6618278,15,0.22499999999999987,0.144628345966339
base,0.025000000000000022,0.5,0,0,0.16290747,-6.347323,15,-0.475,-0.3370925337076187
base,0.075,0.5,1,0,0.19886826,-5.6813126,15,-0.425,-0.3011317402124405
base,0.12500000000000003,0.5,2,0,0.23482941,-5.015302,15,-0.375,-0.2651705890893936
base,0.17500000000000002,0.5,3,0,0.27079034,-4.3492913,15,-0.32499999999999996,-0.22920966148376465
base,0.225,0.5,4,0,0.3067513,-3.6832802,15,-0.275,-0.1932486891746521
base,0.275,0.5,5,0,0.34271234,-3.0172698,15,-0.22499999999999998,-0.15728765726089478
base,0.325,0.5,6,0,0.37867326,-2.3512595,15,-0.175,-0.121326744556427
base,0.37500000000000006,0.5,7,0,0.41463417,-1.6852486,15,-0.12499999999999994,-0.08536583185195923
base,0.425,0.5,8,0,0.45059514,-1.0192376,15,-0.07500000000000001,-0.04940485954284668
base,0.475,0.5,9,0,0.4865561,-0.35322756,15,-0.025000000000000022,-0.01344388723373413
base,0.525,0.5,10,1,0.5225171,0.31278294,15,0.025000000000000022,0.022517085075378418
base,0.575,0.5,11,1,0.55847806,0.97879356,15,0.07499999999999996,0.05847805738449097
base,0.625,0.5,12,1,0.59443897,1.6448046,15,0.125,0.09443897008895874
base,0.675,0.5,13,1,0.63040006,2.310815,15,0.17500000000000004,0.13040006160736084
base,0.7250000000000001,0.5,14,1,0.666361,2.976826,15,0.2250000000000001,0.1663609743118286
base,0.7749999999999999,0.5,15,1,0.7023219,3.6428356,15,0.2749999999999999,0.2023218870162964
base,0.825,0.5,16,1,0.73828286,4.308847,15,0.32499999999999996,0.23828285932540894
base,0.8749999999999999,0.5,17,1,0.7722719,4.957237,15,0.3749999999999999,0.27227187156677246
base,0.9249999999999999,0.5,18,1,0.7369483,5.371717,15,0.42499999999999993,0.23694831132888794
base,0.975,0.5,19,1,0.7001677,5.7826147,15,0.475,0.200167715549469
curv,0.025000000000000022,0.25,0,0,0.1144449,-3.7022712,15,-0.22499999999999998,-0.13555510342121124
curv,0.025000000000000022,0.25,0,0,0.1144449,-3.7022712,15,-0.22499999999999998,-0.13555510342121124
curv,0.075,0.25,1,0,0.15040587,-3.0362606,15,-0.175,-0.0995941311120987
curv,0.075,0.25,1,0,0.15040587,-3.0362606,15,-0.175,-0.0995941311120987
curv,0.12500000000000003,0.25,2,0,0.18636678,-2.3702502,15,-0.12499999999999997,-0.06363321840763092
curv,0.12500000000000003,0.25,2,0,0.18636678,-2.3702502,15,-0.12499999999999997,-0.06363321840763092
curv,0.17500000000000002,0.25,3,0,0.2223277,-1.7042397,15,-0.07499999999999998,-0.027672305703163147
curv,0.17500000000000002,0.25,3,0,0.2223277,-1.7042397,15,-0.07499999999999998,-0.027672305703163147
curv,0.225,0.25,4,0,0.25828868,-1.038229,15,-0.024999999999999994,0.008288681507110596
curv,0.225,0.25,4,0,0.25828868,-1.038229,15,-0.024999999999999994,0.008288681507110596
curv,0.275,0.25,5,1,0.29424965,-0.3722183,15,0.025000000000000022,0.044249653816223145
curv,0.325,0.25,6,1,0.3302107,0.29379183,15,0.07500000000000001,0.08021068572998047
curv,0.37500000000000006,0.25,7,1,0.36617166,0.9598027,15,0.12500000000000006,0.11617165803909302
curv,0.425,0.25,8,1,0.40213257,1.6258137,15,0.175,0.1521325707435608
curv,0.475,0.25,9,1,0.43809354,2.291824,15,0.22499999999999998,0.18809354305267334
curv,0.525,0.25,10,1,0.47405446,2.9578342,15,0.275,0.2240544557571411
curv,0.575,0.25,11,1,0.5100154,3.6238449,15,0.32499999999999996,0.26001542806625366
curv,0.625,0.25,12,1,0.54597646,4.289856,15,0.375,0.295976459980011
curv,0.675,0.25,13,1,0.58894587,4.9394493,15,0.42500000000000004,0.3389458656311035
curv,0.7250000000000001,0.25,14,1,0.6451593,5.3038416,15,0.4750000000000001,0.3951593041419983
flat,0.275,0.7500000000000001,0,0,0.39117467,-5.662321,15,-0.4750000000000001,-0.35882532596588146
flat,0.325,0.7500000000000001,1,0,0.4271357,-4.996311,15,-0.4250000000000001,-0.32286429405212413
flat,0.37500000000000006,0.7500000000000001,2,0,0.4630968,-4.3303003,15,-0.37500000000000006,-0.28690320253372203
flat,0.425,0.7500000000000001,3,0,0.49905753,-3.664289,15,-0.3250000000000001,-0.2509424686431886
flat,0.475,0.7500000000000001,4,0,0.5350186,-2.9982789,15,-0.27500000000000013,-0.2149813771247865
flat,0.525,0.7500000000000001,5,0,0.5709796,-2.3322685,15,-0.2250000000000001,-0.17902040481567394
flat,0.575,0.7500000000000001,6,0,0.6069406,-1.6662577,15,-0.17500000000000016,-0.14305937290191661
flat,0.625,0.7500000000000001,7,0,0.64290154,-1.0002466,15,-0.1250000000000001,-0.10709846019744884
flat,0.675,0.7500000000000001,8,0,0.6788626,-0.3342362,15,-0.07500000000000007,-0.07113742828369152
flat,0.7250000000000001,0.7500000000000001,9,0,0.7148235,0.33177453,15,-0.025000000000000022,-0.035176515579223744
flat,0.7749999999999999,0.7500000000000001,10,1,0.7507844,0.99778444,15,0.0249999999999998,0.0007843971252440296
flat,0.7749999999999999,0.7500000000000001,10,1,0.7507844,0.99778444,15,0.0249999999999998,0.0007843971252440296
flat,0.825,0.7500000000000001,11,1,0.7867453,1.6637954,15,0.07499999999999984,0.0367453098297118
flat,0.825,0.7500000000000001,11,1,0.7867453,1.6637954,15,0.07499999999999984,0.0367453098297118
flat,0.8749999999999999,0.7500000000000001,12,1,0.8227064,2.329806,15,0.12499999999999978,0.0727064013481139
flat,0.8749999999999999,0.7500000000000001,12,1,0.8227064,2.329806,15,0.12499999999999978,0.0727064013481139
flat,0.9249999999999999,0.7500000000000001,13,1,0.8586674,2.9958172,15,0.17499999999999982,0.10866737365722645
flat,0.9249999999999999,0.7500000000000001,13,1,0.8586674,2.9958172,15,0.17499999999999982,0.10866737365722645
flat,0.975,0.7500000000000001,14,1,0.89462835,3.6618278,15,0.22499999999999987,0.144628345966339
flat,0.975,0.7500000000000001,14,1,0.89462835,3.6618278,15,0.22499999999999987,0.144628345966339
base,0.025000000000000022,0.5,0,0,0.16290747,-6.347323,15,-0.475,-0.3370925337076187
base,0.075,0.5,1,0,0.19886826,-5.6813126,15,-0.425,-0.3011317402124405
base,0.12500000000000003,0.5,2,0,0.23482941,-5.015302,15,-0.375,-0.2651705890893936
base,0.17500000000000002,0.5,3,0,0.27079034,-4.3492913,15,-0.32499999999999996,-0.22920966148376465
base,0.225,0.5,4,0,0.3067513,-3.6832802,15,-0.275,-0.1932486891746521
base,0.275,0.5,5,0,0.34271234,-3.0172698,15,-0.22499999999999998,-0.15728765726089478
base,0.325,0.5,6,0,0.37867326,-2.3512595,15,-0.175,-0.121326744556427
base,0.37500000000000006,0.5,7,0,0.41463417,-1.6852486,15,-0.12499999999999994,-0.08536583185195923
base,0.425,0.5,8,0,0.45059514,-1.0192376,15,-0.07500000000000001,-0.04940485954284668
base,0.475,0.5,9,0,0.4865561,-0.35322756,15,-0.025000000000000022,-0.01344388723373413
base,0.525,0.5,10,1,0.5225171,0.31278294,15,0.025000000000000022,0.022517085075378418
base,0.575,0.5,11,1,0.55847806,0.97879356,15,0.07499999999999996,0.05847805738449097
base,0.625,0.5,12,1,0.59443897,1.6448046,15,0.125,0.09443897008895874
base,0.675,0.5,13,1,0.63040006,2.310815,15,0.17500000000000004,0.13040006160736084
base,0.7250000000000001,0.5,14,1,0.666361,2.976826,15,0.2250000000000001,0.1663609743118286
base,0.7749999999999999,0.5,15,1,0.7023219,3.6428356,15,0.2749999999999999,0.2023218870162964
base,0.825,0.5,16,1,0.73828286,4.308847,15,0.32499999999999996,0.23828285932540894
base,0.8749999999999999,0.5,17,1,0.7722719,4.957237,15,0.3749999999999999,0.27227187156677246
base,0.9249999999999999,0.5,18,1,0.7369483,5.371717,15,0.42499999999999993,0.23694831132888794
base,0.975,0.5,19,1,0.7001677,5.7826147,15,0.475,0.200167715549469
curv,0.025000000000000022,0.25,0,0,0.1144449,-3.7022712,15,-0.22499999999999998,-0.13555510342121124
curv,0.025000000000000022,0.25,0,0,0.1144449,-3.7022712,15,-0.22499999999999998,-0.13555510342121124
curv,0.075,0.25,1,0,0.15040587,-3.0362606,15,-0.175,-0.0995941311120987
curv,0.075,0.25,1,0,0.15040587,-3.0362606,15,-0.175,-0.0995941311120987
curv,0.12500000000000003,0.25,2,0,0.18636678,-2.3702502,15,-0.12499999999999997,-0.06363321840763092
curv,0.12500000000000003,0.25,2,0,0.18636678,-2.3702502,15,-0.12499999999999997,-0.06363321840763092
curv,0.17500000000000002,0.25,3,0,0.2223277,-1.7042397,15,-0.07499999999999998,-0.027672305703163147
curv,0.17500000000000002,0.25,3,0,0.2223277,-1.7042397,15,-0.07499999999999998,-0.027672305703163147
curv,0.225,0.25,4,0,0.25828868,-1.038229,15,-0.024999999999999994,0.008288681507110596
curv,0.225,0.25,4,0,0.25828868,-1.038229,15,-0.024999999999999994,0.008288681507110596
curv,0.275,0.25,5,1,0.29424965,-0.3722183,15,0.025000000000000022,0.044249653816223145
curv,0.325,0.25,6,1,0.3302107,0.29379183,15,0.07500000000000001,0.08021068572998047
curv,0.37500000000000006,0.25,7,1,0.36617166,0.9598027,15,0.12500000000000006,0.11617165803909302
curv,0.425,0.25,8,1,0.40213257,1.6258137,15,0.175,0.1521325707435608
curv,0.475,0.25,9,1,0.43809354,2.291824,15,0.22499999999999998,0.18809354305267334
curv,0.525,0.25,10,1,0.47405446,2.9578342,15,0.275,0.2240544557571411
curv,0.575,0.25,11,1,0.5100154,3.6238449,15,0.32499999999999996,0.26001542806625366
curv,0.625,0.25,12,1,0.54597646,4.289856,15,0.375,0.295976459980011
curv,0.675,0.25,13,1,0.58894587,4.9394493,15,0.42500000000000004,0.3389458656311035
curv,0.7250000000000001,0.25,14,1,0.6451593,5.3038416,15,0.4750000000000001,0.3951593041419983
flat,0.275,0.7500000000000001,0,0,0.39117467,-5.662321,15,-0.4750000000000001,-0.35882532596588146
flat,0.325,0.7500000000000001,1,0,0.4271357,-4.996311,15,-0.4250000000000001,-0.32286429405212413
flat,0.37500000000000006,0.7500000000000001,2,0,0.4630968,-4.3303003,15,-0.37500000000000006,-0.28690320253372203
flat,0.425,0.7500000000000001,3,0,0.49905753,-3.664289,15,-0.3250000000000001,-0.2509424686431886
flat,0.475,0.7500000000000001,4,0,0.5350186,-2.9982789,15,-0.27500000000000013,-0.2149813771247865
flat,0.525,0.7500000000000001,5,0,0.5709796,-2.3322685,15,-0.2250000000000001,-0.17902040481567394
flat,0.575,0.7500000000000001,6,0,0.6069406,-1.6662577,15,-0.17500000000000016,-0.14305937290191661
flat,0.625,0.7500000000000001,7,0,0.64290154,-1.0002466,15,-0.1250000000000001,-0.10709846019744884
flat,0.675,0.7500000000000001,8,0,0.6788626,-0.3342362,15,-0.07500000000000007,-0.07113742828369152
flat,0.7250000000000001,0.7500000000000001,9,0,0.7148235,0.33177453,15,-0.025000000000000022,-0.035176515579223744
flat,0.7749999999999999,0.7500000000000001,10,1,0.7507844,0.99778444,15,0.0249999999999998,0.0007843971252440296
flat,0.7749999999999999,0.7500000000000001,10,1,0.7507844,0.99778444,15,0.0249999999999998,0.0007843971252440296
flat,0.825,0.7500000000000001,11,1,0.7867453,1.6637954,15,0.07499999999999984,0.0367453098297118
flat,0.825,0.7500000000000001,11,1,0.7867453,1.6637954,15,0.07499999999999984,0.0367453098297118
flat,0.8749999999999999,0.7500000000000001,12,1,0.8227064,2.329806,15,0.12499999999999978,0.0727064013481139
flat,0.8749999999999999,0.7500000000000001,12,1,0.8227064,2.329806,15,0.12499999999999978,0.0727064013481139
flat,0.9249999999999999,0.7500000000000001,13,1,0.8586674,2.9958172,15,0.17499999999999982,0.10866737365722645
flat,0.9249999999999999,0.7500000000000001,13,1,0.8586674,2.9958172,15,0.17499999999999982,0.10866737365722645
flat,0.975,0.7500000000000001,14,1,0.89462835,3.6618278,15,0.22499999999999987,0.144628345966339
flat,0.975,0.7500000000000001,14,1,0.89462835,3.6618278,15,0.22499999999999987,0.144628345966339
base,0.025000000000000022,0.5,0,0,0.16290747,-6.347323,15,-0.475,-0.3370925337076187
base,0.075,0.5,1,0,0.19886826,-5.6813126,15,-0.425,-0.3011317402124405
base,0.12500000000000003,0.5,2,0,0.23482941,-5.015302,15,-0.375,-0.2651705890893936
base,0.17500000000000002,0.5,3,0,0.27079034,-4.3492913,15,-0.32499999999999996,-0.22920966148376465
base,0.225,0.5,4,0,0.3067513,-3.6832802,15,-0.275,-0.1932486891746521
base,0.275,0.5,5,0,0.34271234,-3.0172698,15,-0.22499999999999998,-0.15728765726089478
base,0.325,0.5,6,0,0.37867326,-2.3512595,15,-0.175,-0.121326744556427
base,0.37500000000000006,0.5,7,0,0.41463417,-1.6852486,15,-0.12499999999999994,-0.08536583185195923
base,0.425,0.5,8,0,0.45059514,-1.0192376,15,-0.07500000000000001,-0.04940485954284668
base,0.475,0.5,9,0,0.4865561,-0.35322756,15,-0.025000000000000022,-0.01344388723373413
base,0.525,0.5,10,1,0.5225171,0.31278294,15,0.025000000000000022,0.022517085075378418
base,0.575,0.5,11,1,0.55847806,0.97879356,15,0.07499999999999996,0.05847805738449097
base,0.625,0.5,12,1,0.59443897,1.6448046,15,0.125,0.09443897008895874
base,0.675,0.5,13,1,0.63040006,2.310815,15,0.17500000000000004,0.13040006160736084
base,0.7250000000000001,0.5,14,1,0.666361,2.976826,15,0.2250000000000001,0.1663609743118286
base,0.7749999999999999,0.5,15,1,0.7023219,3.6428356,15,0.2749999999999999,0.2023218870162964
base,0.825,0.5,16,1,0.73828286,4.308847,15,0.32499999999999996,0.23828285932540894
base,0.8749999999999999,0.5,17,1,0.7722719,4.957237,15,0.3749999999999999,0.27227187156677246
base,0.9249999999999999,0.5,18,1,0.7369483,5.371717,15,0.42499999999999993,0.23694831132888794
base,0.975,0.5,19,1,0.7001677,5.7826147,15,0.475,0.200167715549469
curv,0.025000000000000022,0.25,0,0,0.1144449,-3.7022712,15,-0.22499999999999998,-0.13555510342121124
curv,0.025000000000000022,0.25,0,0,0.1144449,-3.7022712,15,-0.22499999999999998,-0.13555510342121124
curv,0.075,0.25,1,0,0.15040587,-3.0362606,15,-0.175,-0.0995941311120987
curv,0.075,0.25,1,0,0.15040587,-3.0362606,15,-0.175,-0.0995941311120987
curv,0.12500000000000003,0.25,2,0,0.18636678,-2.3702502,15,-0.12499999999999997,-0.06363321840763092
curv,0.12500000000000003,0.25,2,0,0.18636678,-2.3702502,15,-0.12499999999999997,-0.06363321840763092
curv,0.17500000000000002,0.25,3,0,0.2223277,-1.7042397,15,-0.07499999999999998,-0.027672305703163147
curv,0.17500000000000002,0.25,3,0,0.2223277,-1.7042397,15,-0.07499999999999998,-0.027672305703163147
curv,0.225,0.25,4,0,0.25828868,-1.038229,15,-0.024999999999999994,0.008288681507110596
curv,0.225,0.25,4,0,0.25828868,-1.038229,15,-0.024999999999999994,0.008288681507110596
curv,0.275,0.25,5,1,0.29424965,-0.3722183,15,0.025000000000000022,0.044249653816223145
curv,0.325,0.25,6,1,0.3302107,0.29379183,15,0.07500000000000001,0.08021068572998047
curv,0.37500000000000006,0.25,7,1,0.36617166,0.9598027,15,0.12500000000000006,0.11617165803909302
curv,0.425,0.25,8,1,0.40213257,1.6258137,15,0.175,0.1521325707435608
curv,0.475,0.25,9,1,0.43809354,2.291824,15,0.22499999999999998,0.18809354305267334
curv,0.525,0.25,10,1,0.47405446,2.9578342,15,0.275,0.2240544557571411
curv,0.575,0.25,11,1,0.5100154,3.6238449,15,0.32499999999999996,0.26001542806625366
curv,0.625,0.25,12,1,0.54597646,4.289856,15,0.375,0.295976459980011
curv,0.675,0.25,13,1,0.58894587,4.9394493,15,0.42500000000000004,0.3389458656311035
curv,0.7250000000000001,0.25,14,1,0.6451593,5.3038416,15,0.4750000000000001,0.3951593041419983
flat,0.275,0.7500000000000001,0,0,0.39117467,-5.662321,15,-0.4750000000000001,-0.35882532596588146
flat,0.325,0.7500000000000001,1,0,0.4271357,-4.996311,15,-0.4250000000000001,-0.32286429405212413
flat,0.37500000000000006,0.7500000000000001,2,0,0.4630968,-4.3303003,15,-0.37500000000000006,-0.28690320253372203
flat,0.425,0.7500000000000001,3,0,0.49905753,-3.664289,15,-0.3250000000000001,-0.2509424686431886
flat,0.475,0.7500000000000001,4,0,0.5350186,-2.9982789,15,-0.27500000000000013,-0.2149813771247865
flat,0.525,0.7500000000000001,5,0,0.5709796,-2.3322685,15,-0.2250000000000001,-0.17902040481567394
flat,0.575,0.7500000000000001,6,0,0.6069406,-1.6662577,15,-0.17500000000000016,-0.14305937290191661
flat,0.625,0.7500000000000001,7,0,0.64290154,-1.0002466,15,-0.1250000000000001,-0.10709846019744884
flat,0.675,0.7500000000000001,8,0,0.6788626,-0.3342362,15,-0.07500000000000007,-0.07113742828369152
flat,0.7250000000000001,0.7500000000000001,9,0,0.7148235,0.33177453,15,-0.025000000000000022,-0.035176515579223744
flat,0.7749999999999999,0.7500000000000001,10,1,0.7507844,0.99778444,15,0.0249999999999998,0.0007843971252440296
flat,0.7749999999999999,0.7500000000000001,10,1,0.7507844,0.99778444,15,0.0249999999999998,0.0007843971252440296
flat,0.825,0.7500000000000001,11,1,0.7867453,1.6637954,15,0.07499999999999984,0.0367453098297118
flat,0.825,0.7500000000000001,11,1,0.7867453,1.6637954,15,0.07499999999999984,0.0367453098297118
flat,0.8749999999999999,0.7500000000000001,12,1,0.8227064,2.329806,15,0.12499999999999978,0.0727064013481139
flat,0.8749999999999999,0.7500000000000001,12,1,0.8227064,2.329806,15,0.12499999999999978,0.0727064013481139
flat,0.9249999999999999,0.7500000000000001,13,1,0.8586674,2.9958172,15,0.17499999999999982,0.10866737365722645
flat,0.9249999999999999,0.7500000000000001,13,1,0.8586674,2.9958172,15,0.17499999999999982,0.10866737365722645
flat,0.975,0.7500000000000001,14,1,0.89462835,3.6618278,15,0.22499999999999987,0.144628345966339
flat,0.975,0.7500000000000001,14,1,0.89462835,3.6618278,15,0.22499999999999987,0.144628345966339
base,0.025000000000000022,0.5,0,0,0.121777624,-1.0856379,16,-0.475,-0.37822237610816956
base,0.075,0.5,1,0,0.16188133,-0.9683616,16,-0.425,-0.33811867237091064
base,0.12500000000000003,0.5,2,0,0.201985,-0.85108525,16,-0.375,-0.2980149984359741
base,0.17500000000000002,0.5,3,0,0.24208874,-0.73380893,16,-0.32499999999999996,-0.2579112648963928
base,0.225,0.5,4,0,0.28219244,-0.61653256,16,-0.275,-0.2178075611591339
base,0.275,0.5,5,0,0.32229614,-0.4992562,16,-0.22499999999999998,-0.177703857421875
base,0.325,0.5,6,0,0.36239982,-0.38197994,16,-0.175,-0.13760018348693848
base,0.37500000000000006,0.5,7,0,0.40250355,-0.26470354,16,-0.12499999999999994,-0.09749644994735718
base,0.425,0.5,8,0,0.44260725,-0.14742723,16,-0.07500000000000001,-0.05739274621009827
base,0.475,0.5,9,0,0.482711,-0.03015089,16,-0.025000000000000022,-0.017289012670516968
base,0.525,0.5,10,1,0.52281463,0.08712539,16,0.025000000000000022,0.022814631462097168
base,0.575,0.5,11,1,0.5629183,0.2044017,16,0.07499999999999996,0.06291830539703369
base,0.625,0.5,12,1,0.6030221,0.32167807,16,0.125,0.10302209854125977
base,0.675,0.5,13,1,0.64312583,0.4389545,16,0.17500000000000004,0.14312583208084106
base,0.7250000000000001,0.5,14,1,0.68322957,0.5562308,16,0.2250000000000001,0.18322956562042236
base,0.7749999999999999,0.5,15,1,0.72333324,0.6735071,16,0.2749999999999999,0.2233332395553589
base,0.825,0.5,16,1,0.7634369,0.7907833,16,0.32499999999999996,0.2634369134902954
base,0.8749999999999999,0.5,17,1,0.8035406,0.9080597,16,0.3749999999999999,0.30354058742523193
base,0.9249999999999999,0.5,18,1,0.8436444,1.0253361,16,0.42499999999999993,0.343644380569458
base,0.975,0.5,19,1,0.87826455,1.1261374,16,0.475,0.37826454639434814
curv,0.025000000000000022,0.25,0,0,0.075912386,-0.9114919,16,-0.22499999999999998,-0.17408761382102966
curv,0.025000000000000022,0.25,0,0,0.075912386,-0.9114919,16,-0.22499999999999998,-0.17408761382102966
curv,0.075,0.25,1,0,0.11601609,-0.79421556,16,-0.175,-0.13398391008377075
curv,0.075,0.25,1,0,0.11601609,-0.79421556,16,-0.175,-0.13398391008377075
curv,0.12500000000000003,0.25,2,0,0.1561198,-0.67693925,16,-0.12499999999999997,-0.09388020634651184
curv,0.12500000000000003,0.25,2,0,0.1561198,-0.67693925,16,-0.12499999999999997,-0.09388020634651184
curv,0.17500000000000002,0.25,3,0,0.1962235,-0.5596629,16,-0.07499999999999998,-0.05377650260925293
curv,0.17500000000000002,0.25,3,0,0.1962235,-0.5596629,16,-0.07499999999999998,-0.05377650260925293
curv,0.225,0.25,4,0,0.2363272,-0.44238657,16,-0.024999999999999994,-0.013672798871994019
curv,0.225,0.25,4,0,0.2363272,-0.44238657,16,-0.024999999999999994,-0.013672798871994019
curv,0.275,0.25,5,1,0.2764309,-0.32511017,16,0.025000000000000022,0.026430904865264893
curv,0.325,0.25,6,1,0.31653464,-0.20783389,16,0.07500000000000001,0.06653463840484619
curv,0.37500000000000006,0.25,7,1,0.35663834,-0.090557545,16,0.12500000000000006,0.1066383421421051
curv,0.425,0.25,8,1,0.39674205,0.026718825,16,0.175,0.146742045879364
curv,0.475,0.25,9,1,0.43684575,0.1439951,16,0.22499999999999998,0.18684574961662292
curv,0.525,0.25,10,1,0.47694942,0.2612714,16,0.275,0.22694942355155945
curv,0.575,0.25,11,1,0.51705307,0.3785477,16,0.32499999999999996,0.2670530676841736
curv,0.625,0.25,12,1,0.55705756,0.4958786,16,0.375,0.30705755949020386
curv,0.675,0.25,13,1,0.59597945,0.61380386,16,0.42500000000000004,0.3459794521331787
curv,0.7250000000000001,0.25,14,1,0.63490134,0.73172927,16,0.4750000000000001,0.38490134477615356
flat,0.275,0.7500000000000001,0,0,0.36668548,-0.6674541,16,-0.4750000000000001,-0.38331452012062084
flat,0.325,0.7500000000000001,1,0,0.4082651,-0.5561259,16,-0.4250000000000001,-0.3417348861694337
flat,0.37500000000000006,0.7500000000000001,2,0,0.4483688,-0.43884957,16,-0.37500000000000006,-0.3016312122344972
flat,0.425,0.7500000000000001,3,0,0.48847252,-0.3215732,16,-0.3250000000000001,-0.2615274786949159
flat,0.475,0.7500000000000001,4,0,0.5285762,-0.20429692,16,-0.27500000000000013,-0.22142380475997936
flat,0.525,0.7500000000000001,5,0,0.5686799,-0.087020546,16,-0.2250000000000001,-0.18132007122039806
flat,0.575,0.7500000000000001,6,0,0.6087836,0.030255705,16,-0.17500000000000016,-0.14121639728546154
flat,0.625,0.7500000000000001,7,0,0.6488873,0.14753214,16,-0.1250000000000001,-0.10111272335052501
flat,0.675,0.7500000000000001,8,0,0.68899107,0.26480845,16,-0.07500000000000007,-0.06100893020629894
flat,0.7250000000000001,0.7500000000000001,9,0,0.72909474,0.38208482,16,-0.025000000000000022,-0.020905256271362416
flat,0.7749999999999999,0.7500000000000001,10,1,0.7691984,0.49936107,16,0.0249999999999998,0.019198417663574108
flat,0.7749999999999999,0.7500000000000001,10,1,0.7691984,0.49936107,16,0.0249999999999998,0.019198417663574108
flat,0.825,0.7500000000000001,11,1,0.8093021,0.61663735,16,0.07499999999999984,0.05930209159851063
flat,0.825,0.7500000000000001,11,1,0.8093021,0.61663735,16,0.07499999999999984,0.05930209159851063
flat,0.8749999999999999,0.7500000000000001,12,1,0.8494059,0.7339138,16,0.12499999999999978,0.0994058847427367
flat,0.8749999999999999,0.7500000000000001,12,1,0.8494059,0.7339138,16,0.12499999999999978,0.0994058847427367
flat,0.9249999999999999,0.7500000000000001,13,1,0.88950956,0.8511901,16,0.17499999999999982,0.13950955867767323
flat,0.9249999999999999,0.7500000000000001,13,1,0.88950956,0.8511901,16,0.17499999999999982,0.13950955867767323
flat,0.975,0.7500000000000001,14,1,0.92961323,0.9684664,16,0.22499999999999987,0.17961323261260975
flat,0.975,0.7500000000000001,14,1,0.92961323,0.9684664,16,0.22499999999999987,0.17961323261260975
base,0.025000000000000022,0.5,0,0,0.121777624,-1.0856379,16,-0.475,-0.37822237610816956
base,0.075,0.5,1,0,0.16188133,-0.9683616,16,-0.425,-0.33811867237091064
base,0.12500000000000003,0.5,2,0,0.201985,-0.85108525,16,-0.375,-0.2980149984359741
base,0.17500000000000002,0.5,3,0,0.24208874,-0.73380893,16,-0.32499999999999996,-0.2579112648963928
base,0.225,0.5,4,0,0.28219244,-0.61653256,16,-0.275,-0.2178075611591339
base,0.275,0.5,5,0,0.32229614,-0.4992562,16,-0.22499999999999998,-0.177703857421875
base,0.325,0.5,6,0,0.36239982,-0.38197994,16,-0.175,-0.13760018348693848
base,0.37500000000000006,0.5,7,0,0.40250355,-0.26470354,16,-0.12499999999999994,-0.09749644994735718
base,0.425,0.5,8,0,0.44260725,-0.14742723,16,-0.07500000000000001,-0.05739274621009827
base,0.475,0.5,9,0,0.482711,-0.03015089,16,-0.025000000000000022,-0.017289012670516968
base,0.525,0.5,10,1,0.52281463,0.08712539,16,0.025000000000000022,0.022814631462097168
base,0.575,0.5,11,1,0.5629183,0.2044017,16,0.07499999999999996,0.06291830539703369
base,0.625,0.5,12,1,0.6030221,0.32167807,16,0.125,0.10302209854125977
base,0.675,0.5,13,1,0.64312583,0.4389545,16,0.17500000000000004,0.14312583208084106
base,0.7250000000000001,0.5,14,1,0.68322957,0.5562308,16,0.2250000000000001,0.18322956562042236
base,0.7749999999999999,0.5,15,1,0.72333324,0.6735071,16,0.2749999999999999,0.2233332395553589
base,0.825,0.5,16,1,0.7634369,0.7907833,16,0.32499999999999996,0.2634369134902954
base,0.8749999999999999,0.5,17,1,0.8035406,0.9080597,16,0.3749999999999999,0.30354058742523193
base,0.9249999999999999,0.5,18,1,0.8436444,1.0253361,16,0.42499999999999993,0.343644380569458
base,0.975,0.5,19,1,0.87826455,1.1261374,16,0.475,0.37826454639434814
curv,0.025000000000000022,0.25,0,0,0.075912386,-0.9114919,16,-0.22499999999999998,-0.17408761382102966
curv,0.025000000000000022,0.25,0,0,0.075912386,-0.9114919,16,-0.22499999999999998,-0.17408761382102966
curv,0.075,0.25,1,0,0.11601609,-0.79421556,16,-0.175,-0.13398391008377075
curv,0.075,0.25,1,0,0.11601609,-0.79421556,16,-0.175,-0.13398391008377075
curv,0.12500000000000003,0.25,2,0,0.1561198,-0.67693925,16,-0.12499999999999997,-0.09388020634651184
curv,0.12500000000000003,0.25,2,0,0.1561198,-0.67693925,16,-0.12499999999999997,-0.09388020634651184
curv,0.17500000000000002,0.25,3,0,0.1962235,-0.5596629,16,-0.07499999999999998,-0.05377650260925293
curv,0.17500000000000002,0.25,3,0,0.1962235,-0.5596629,16,-0.07499999999999998,-0.05377650260925293
curv,0.225,0.25,4,0,0.2363272,-0.44238657,16,-0.024999999999999994,-0.013672798871994019
curv,0.225,0.25,4,0,0.2363272,-0.44238657,16,-0.024999999999999994,-0.013672798871994019
curv,0.275,0.25,5,1,0.2764309,-0.32511017,16,0.025000000000000022,0.026430904865264893
curv,0.325,0.25,6,1,0.31653464,-0.20783389,16,0.07500000000000001,0.06653463840484619
curv,0.37500000000000006,0.25,7,1,0.35663834,-0.090557545,16,0.12500000000000006,0.1066383421421051
curv,0.425,0.25,8,1,0.39674205,0.026718825,16,0.175,0.146742045879364
curv,0.475,0.25,9,1,0.43684575,0.1439951,16,0.22499999999999998,0.18684574961662292
curv,0.525,0.25,10,1,0.47694942,0.2612714,16,0.275,0.22694942355155945
curv,0.575,0.25,11,1,0.51705307,0.3785477,16,0.32499999999999996,0.2670530676841736
curv,0.625,0.25,12,1,0.55705756,0.4958786,16,0.375,0.30705755949020386
curv,0.675,0.25,13,1,0.59597945,0.61380386,16,0.42500000000000004,0.3459794521331787
curv,0.7250000000000001,0.25,14,1,0.63490134,0.73172927,16,0.4750000000000001,0.38490134477615356
flat,0.275,0.7500000000000001,0,0,0.36668548,-0.6674541,16,-0.4750000000000001,-0.38331452012062084
flat,0.325,0.7500000000000001,1,0,0.4082651,-0.5561259,16,-0.4250000000000001,-0.3417348861694337
flat,0.37500000000000006,0.7500000000000001,2,0,0.4483688,-0.43884957,16,-0.37500000000000006,-0.3016312122344972
flat,0.425,0.7500000000000001,3,0,0.48847252,-0.3215732,16,-0.3250000000000001,-0.2615274786949159
flat,0.475,0.7500000000000001,4,0,0.5285762,-0.20429692,16,-0.27500000000000013,-0.22142380475997936
flat,0.525,0.7500000000000001,5,0,0.5686799,-0.087020546,16,-0.2250000000000001,-0.18132007122039806
flat,0.575,0.7500000000000001,6,0,0.6087836,0.030255705,16,-0.17500000000000016,-0.14121639728546154
flat,0.625,0.7500000000000001,7,0,0.6488873,0.14753214,16,-0.1250000000000001,-0.10111272335052501
flat,0.675,0.7500000000000001,8,0,0.68899107,0.26480845,16,-0.07500000000000007,-0.06100893020629894
flat,0.7250000000000001,0.7500000000000001,9,0,0.72909474,0.38208482,16,-0.025000000000000022,-0.020905256271362416
flat,0.7749999999999999,0.7500000000000001,10,1,0.7691984,0.49936107,16,0.0249999999999998,0.019198417663574108
flat,0.7749999999999999,0.7500000000000001,10,1,0.7691984,0.49936107,16,0.0249999999999998,0.019198417663574108
flat,0.825,0.7500000000000001,11,1,0.8093021,0.61663735,16,0.07499999999999984,0.05930209159851063
flat,0.825,0.7500000000000001,11,1,0.8093021,0.61663735,16,0.07499999999999984,0.05930209159851063
flat,0.8749999999999999,0.7500000000000001,12,1,0.8494059,0.7339138,16,0.12499999999999978,0.0994058847427367
flat,0.8749999999999999,0.7500000000000001,12,1,0.8494059,0.7339138,16,0.12499999999999978,0.0994058847427367
flat,0.9249999999999999,0.7500000000000001,13,1,0.88950956,0.8511901,16,0.17499999999999982,0.13950955867767323
flat,0.9249999999999999,0.7500000000000001,13,1,0.88950956,0.8511901,16,0.17499999999999982,0.13950955867767323
flat,0.975,0.7500000000000001,14,1,0.92961323,0.9684664,16,0.22499999999999987,0.17961323261260975
flat,0.975,0.7500000000000001,14,1,0.92961323,0.9684664,16,0.22499999999999987,0.17961323261260975
base,0.025000000000000022,0.5,0,0,0.121777624,-1.0856379,16,-0.475,-0.37822237610816956
base,0.075,0.5,1,0,0.16188133,-0.9683616,16,-0.425,-0.33811867237091064
base,0.12500000000000003,0.5,2,0,0.201985,-0.85108525,16,-0.375,-0.2980149984359741
base,0.17500000000000002,0.5,3,0,0.24208874,-0.73380893,16,-0.32499999999999996,-0.2579112648963928
base,0.225,0.5,4,0,0.28219244,-0.61653256,16,-0.275,-0.2178075611591339
base,0.275,0.5,5,0,0.32229614,-0.4992562,16,-0.22499999999999998,-0.177703857421875
base,0.325,0.5,6,0,0.36239982,-0.38197994,16,-0.175,-0.13760018348693848
base,0.37500000000000006,0.5,7,0,0.40250355,-0.26470354,16,-0.12499999999999994,-0.09749644994735718
base,0.425,0.5,8,0,0.44260725,-0.14742723,16,-0.07500000000000001,-0.05739274621009827
base,0.475,0.5,9,0,0.482711,-0.03015089,16,-0.025000000000000022,-0.017289012670516968
base,0.525,0.5,10,1,0.52281463,0.08712539,16,0.025000000000000022,0.022814631462097168
base,0.575,0.5,11,1,0.5629183,0.2044017,16,0.07499999999999996,0.06291830539703369
base,0.625,0.5,12,1,0.6030221,0.32167807,16,0.125,0.10302209854125977
base,0.675,0.5,13,1,0.64312583,0.4389545,16,0.17500000000000004,0.14312583208084106
base,0.7250000000000001,0.5,14,1,0.68322957,0.5562308,16,0.2250000000000001,0.18322956562042236
base,0.7749999999999999,0.5,15,1,0.72333324,0.6735071,16,0.2749999999999999,0.2233332395553589
base,0.825,0.5,16,1,0.7634369,0.7907833,16,0.32499999999999996,0.2634369134902954
base,0.8749999999999999,0.5,17,1,0.8035406,0.9080597,16,0.3749999999999999,0.30354058742523193
base,0.9249999999999999,0.5,18,1,0.8436444,1.0253361,16,0.42499999999999993,0.343644380569458
base,0.975,0.5,19,1,0.87826455,1.1261374,16,0.475,0.37826454639434814
curv,0.025000000000000022,0.25,0,0,0.075912386,-0.9114919,16,-0.22499999999999998,-0.17408761382102966
curv,0.025000000000000022,0.25,0,0,0.075912386,-0.9114919,16,-0.22499999999999998,-0.17408761382102966
curv,0.075,0.25,1,0,0.11601609,-0.79421556,16,-0.175,-0.13398391008377075
curv,0.075,0.25,1,0,0.11601609,-0.79421556,16,-0.175,-0.13398391008377075
curv,0.12500000000000003,0.25,2,0,0.1561198,-0.67693925,16,-0.12499999999999997,-0.09388020634651184
curv,0.12500000000000003,0.25,2,0,0.1561198,-0.67693925,16,-0.12499999999999997,-0.09388020634651184
curv,0.17500000000000002,0.25,3,0,0.1962235,-0.5596629,16,-0.07499999999999998,-0.05377650260925293
curv,0.17500000000000002,0.25,3,0,0.1962235,-0.5596629,16,-0.07499999999999998,-0.05377650260925293
curv,0.225,0.25,4,0,0.2363272,-0.44238657,16,-0.024999999999999994,-0.013672798871994019
curv,0.225,0.25,4,0,0.2363272,-0.44238657,16,-0.024999999999999994,-0.013672798871994019
curv,0.275,0.25,5,1,0.2764309,-0.32511017,16,0.025000000000000022,0.026430904865264893
curv,0.325,0.25,6,1,0.31653464,-0.20783389,16,0.07500000000000001,0.06653463840484619
curv,0.37500000000000006,0.25,7,1,0.35663834,-0.090557545,16,0.12500000000000006,0.1066383421421051
curv,0.425,0.25,8,1,0.39674205,0.026718825,16,0.175,0.146742045879364
curv,0.475,0.25,9,1,0.43684575,0.1439951,16,0.22499999999999998,0.18684574961662292
curv,0.525,0.25,10,1,0.47694942,0.2612714,16,0.275,0.22694942355155945
curv,0.575,0.25,11,1,0.51705307,0.3785477,16,0.32499999999999996,0.2670530676841736
curv,0.625,0.25,12,1,0.55705756,0.4958786,16,0.375,0.30705755949020386
curv,0.675,0.25,13,1,0.59597945,0.61380386,16,0.42500000000000004,0.3459794521331787
curv,0.7250000000000001,0.25,14,1,0.63490134,0.73172927,16,0.4750000000000001,0.38490134477615356
flat,0.275,0.7500000000000001,0,0,0.36668548,-0.6674541,16,-0.4750000000000001,-0.38331452012062084
flat,0.325,0.7500000000000001,1,0,0.4082651,-0.5561259,16,-0.4250000000000001,-0.3417348861694337
flat,0.37500000000000006,0.7500000000000001,2,0,0.4483688,-0.43884957,16,-0.37500000000000006,-0.3016312122344972
flat,0.425,0.7500000000000001,3,0,0.48847252,-0.3215732,16,-0.3250000000000001,-0.2615274786949159
flat,0.475,0.7500000000000001,4,0,0.5285762,-0.20429692,16,-0.27500000000000013,-0.22142380475997936
flat,0.525,0.7500000000000001,5,0,0.5686799,-0.087020546,16,-0.2250000000000001,-0.18132007122039806
flat,0.575,0.7500000000000001,6,0,0.6087836,0.030255705,16,-0.17500000000000016,-0.14121639728546154
flat,0.625,0.7500000000000001,7,0,0.6488873,0.14753214,16,-0.1250000000000001,-0.10111272335052501
flat,0.675,0.7500000000000001,8,0,0.68899107,0.26480845,16,-0.07500000000000007,-0.06100893020629894
flat,0.7250000000000001,0.7500000000000001,9,0,0.72909474,0.38208482,16,-0.025000000000000022,-0.020905256271362416
flat,0.7749999999999999,0.7500000000000001,10,1,0.7691984,0.49936107,16,0.0249999999999998,0.019198417663574108
flat,0.7749999999999999,0.7500000000000001,10,1,0.7691984,0.49936107,16,0.0249999999999998,0.019198417663574108
flat,0.825,0.7500000000000001,11,1,0.8093021,0.61663735,16,0.07499999999999984,0.05930209159851063
flat,0.825,0.7500000000000001,11,1,0.8093021,0.61663735,16,0.07499999999999984,0.05930209159851063
flat,0.8749999999999999,0.7500000000000001,12,1,0.8494059,0.7339138,16,0.12499999999999978,0.0994058847427367
flat,0.8749999999999999,0.7500000000000001,12,1,0.8494059,0.7339138,16,0.12499999999999978,0.0994058847427367
flat,0.9249999999999999,0.7500000000000001,13,1,0.88950956,0.8511901,16,0.17499999999999982,0.13950955867767323
flat,0.9249999999999999,0.7500000000000001,13,1,0.88950956,0.8511901,16,0.17499999999999982,0.13950955867767323
flat,0.975,0.7500000000000001,14,1,0.92961323,0.9684664,16,0.22499999999999987,0.17961323261260975
flat,0.975,0.7500000000000001,14,1,0.92961323,0.9684664,16,0.22499999999999987,0.17961323261260975
base,0.025000000000000022,0.5,0,0,0.121777624,-1.0856379,16,-0.475,-0.37822237610816956
base,0.075,0.5,1,0,0.16188133,-0.9683616,16,-0.425,-0.33811867237091064
base,0.12500000000000003,0.5,2,0,0.201985,-0.85108525,16,-0.375,-0.2980149984359741
base,0.17500000000000002,0.5,3,0,0.24208874,-0.73380893,16,-0.32499999999999996,-0.2579112648963928
base,0.225,0.5,4,0,0.28219244,-0.61653256,16,-0.275,-0.2178075611591339
base,0.275,0.5,5,0,0.32229614,-0.4992562,16,-0.22499999999999998,-0.177703857421875
base,0.325,0.5,6,0,0.36239982,-0.38197994,16,-0.175,-0.13760018348693848
base,0.37500000000000006,0.5,7,0,0.40250355,-0.26470354,16,-0.12499999999999994,-0.09749644994735718
base,0.425,0.5,8,0,0.44260725,-0.14742723,16,-0.07500000000000001,-0.05739274621009827
base,0.475,0.5,9,0,0.482711,-0.03015089,16,-0.025000000000000022,-0.017289012670516968
base,0.525,0.5,10,1,0.52281463,0.08712539,16,0.025000000000000022,0.022814631462097168
base,0.575,0.5,11,1,0.5629183,0.2044017,16,0.07499999999999996,0.06291830539703369
base,0.625,0.5,12,1,0.6030221,0.32167807,16,0.125,0.10302209854125977
base,0.675,0.5,13,1,0.64312583,0.4389545,16,0.17500000000000004,0.14312583208084106
base,0.7250000000000001,0.5,14,1,0.68322957,0.5562308,16,0.2250000000000001,0.18322956562042236
base,0.7749999999999999,0.5,15,1,0.72333324,0.6735071,16,0.2749999999999999,0.2233332395553589
base,0.825,0.5,16,1,0.7634369,0.7907833,16,0.32499999999999996,0.2634369134902954
base,0.8749999999999999,0.5,17,1,0.8035406,0.9080597,16,0.3749999999999999,0.30354058742523193
base,0.9249999999999999,0.5,18,1,0.8436444,1.0253361,16,0.42499999999999993,0.343644380569458
base,0.975,0.5,19,1,0.87826455,1.1261374,16,0.475,0.37826454639434814
curv,0.025000000000000022,0.25,0,0,0.075912386,-0.9114919,16,-0.22499999999999998,-0.17408761382102966
curv,0.025000000000000022,0.25,0,0,0.075912386,-0.9114919,16,-0.22499999999999998,-0.17408761382102966
curv,0.075,0.25,1,0,0.11601609,-0.79421556,16,-0.175,-0.13398391008377075
curv,0.075,0.25,1,0,0.11601609,-0.79421556,16,-0.175,-0.13398391008377075
curv,0.12500000000000003,0.25,2,0,0.1561198,-0.67693925,16,-0.12499999999999997,-0.09388020634651184
curv,0.12500000000000003,0.25,2,0,0.1561198,-0.67693925,16,-0.12499999999999997,-0.09388020634651184
curv,0.17500000000000002,0.25,3,0,0.1962235,-0.5596629,16,-0.07499999999999998,-0.05377650260925293
curv,0.17500000000000002,0.25,3,0,0.1962235,-0.5596629,16,-0.07499999999999998,-0.05377650260925293
curv,0.225,0.25,4,0,0.2363272,-0.44238657,16,-0.024999999999999994,-0.013672798871994019
curv,0.225,0.25,4,0,0.2363272,-0.44238657,16,-0.024999999999999994,-0.013672798871994019
curv,0.275,0.25,5,1,0.2764309,-0.32511017,16,0.025000000000000022,0.026430904865264893
curv,0.325,0.25,6,1,0.31653464,-0.20783389,16,0.07500000000000001,0.06653463840484619
curv,0.37500000000000006,0.25,7,1,0.35663834,-0.090557545,16,0.12500000000000006,0.1066383421421051
curv,0.425,0.25,8,1,0.39674205,0.026718825,16,0.175,0.146742045879364
curv,0.475,0.25,9,1,0.43684575,0.1439951,16,0.22499999999999998,0.18684574961662292
curv,0.525,0.25,10,1,0.47694942,0.2612714,16,0.275,0.22694942355155945
curv,0.575,0.25,11,1,0.51705307,0.3785477,16,0.32499999999999996,0.2670530676841736
curv,0.625,0.25,12,1,0.55705756,0.4958786,16,0.375,0.30705755949020386
curv,0.675,0.25,13,1,0.59597945,0.61380386,16,0.42500000000000004,0.3459794521331787
curv,0.7250000000000001,0.25,14,1,0.63490134,0.73172927,16,0.4750000000000001,0.38490134477615356
flat,0.275,0.7500000000000001,0,0,0.36668548,-0.6674541,16,-0.4750000000000001,-0.38331452012062084
flat,0.325,0.7500000000000001,1,0,0.4082651,-0.5561259,16,-0.4250000000000001,-0.3417348861694337
flat,0.37500000000000006,0.7500000000000001,2,0,0.4483688,-0.43884957,16,-0.37500000000000006,-0.3016312122344972
flat,0.425,0.7500000000000001,3,0,0.48847252,-0.3215732,16,-0.3250000000000001,-0.2615274786949159
flat,0.475,0.7500000000000001,4,0,0.5285762,-0.20429692,16,-0.27500000000000013,-0.22142380475997936
flat,0.525,0.7500000000000001,5,0,0.5686799,-0.087020546,16,-0.2250000000000001,-0.18132007122039806
flat,0.575,0.7500000000000001,6,0,0.6087836,0.030255705,16,-0.17500000000000016,-0.14121639728546154
flat,0.625,0.7500000000000001,7,0,0.6488873,0.14753214,16,-0.1250000000000001,-0.10111272335052501
flat,0.675,0.7500000000000001,8,0,0.68899107,0.26480845,16,-0.07500000000000007,-0.06100893020629894
flat,0.7250000000000001,0.7500000000000001,9,0,0.72909474,0.38208482,16,-0.025000000000000022,-0.020905256271362416
flat,0.7749999999999999,0.7500000000000001,10,1,0.7691984,0.49936107,16,0.0249999999999998,0.019198417663574108
flat,0.7749999999999999,0.7500000000000001,10,1,0.7691984,0.49936107,16,0.0249999999999998,0.019198417663574108
flat,0.825,0.7500000000000001,11,1,0.8093021,0.61663735,16,0.07499999999999984,0.05930209159851063
flat,0.825,0.7500000000000001,11,1,0.8093021,0.61663735,16,0.07499999999999984,0.05930209159851063
flat,0.8749999999999999,0.7500000000000001,12,1,0.8494059,0.7339138,16,0.12499999999999978,0.0994058847427367
flat,0.8749999999999999,0.7500000000000001,12,1,0.8494059,0.7339138,16,0.12499999999999978,0.0994058847427367
flat,0.9249999999999999,0.7500000000000001,13,1,0.88950956,0.8511901,16,0.17499999999999982,0.13950955867767323
flat,0.9249999999999999,0.7500000000000001,13,1,0.88950956,0.8511901,16,0.17499999999999982,0.13950955867767323
flat,0.975,0.7500000000000001,14,1,0.92961323,0.9684664,16,0.22499999999999987,0.17961323261260975
flat,0.975,0.7500000000000001,14,1,0.92961323,0.9684664,16,0.22499999999999987,0.17961323261260975
base,0.025000000000000022,0.5,0,0,0.064412735,-1.8110961,17,-0.475,-0.4355872645974159
base,0.075,0.5,1,0,0.110151075,-1.6225864,17,-0.425,-0.3898489251732826
base,0.12500000000000003,0.5,2,0,0.1558894,-1.4340765,17,-0.375,-0.3441105931997299
base,0.17500000000000002,0.5,3,0,0.20162775,-1.2455668,17,-0.32499999999999996,-0.2983722537755966
base,0.225,0.5,4,0,0.24736607,-1.0570571,17,-0.275,-0.2526339292526245
base,0.275,0.5,5,0,0.2931044,-0.8685473,17,-0.22499999999999998,-0.2068955898284912
base,0.325,0.5,6,0,0.33884275,-0.68003774,17,-0.175,-0.1611572504043579
base,0.37500000000000006,0.5,7,0,0.3845811,-0.49152774,17,-0.12499999999999994,-0.11541891098022461
base,0.425,0.5,8,0,0.43031946,-0.30301815,17,-0.07500000000000001,-0.06968054175376892
base,0.475,0.5,9,0,0.47605777,-0.11450845,17,-0.025000000000000022,-0.023942232131958008
base,0.525,0.5,10,1,0.5217961,0.07400119,17,0.025000000000000022,0.021796107292175293
base,0.575,0.5,11,1,0.56753445,0.2625112,17,0.07499999999999996,0.0675344467163086
base,0.625,0.5,12,1,0.6132728,0.45102084,17,0.125,0.1132727861404419
base,0.675,0.5,13,1,0.6590111,0.63953066,17,0.17500000000000004,0.1590111255645752
base,0.7250000000000001,0.5,14,1,0.70474946,0.8280405,17,0.2250000000000001,0.2047494649887085
base,0.7749999999999999,0.5,15,1,0.75048774,1.0165501,17,0.2749999999999999,0.250487744808197
base,0.825,0.5,16,1,0.79622614,1.20506,17,0.32499999999999996,0.2962261438369751
base,0.8749999999999999,0.5,17,1,0.84196454,1.39357,17,0.3749999999999999,0.3419645428657532
base,0.9249999999999999,0.5,18,1,0.8858837,1.5728414,17,0.42499999999999993,0.3858836889266968
base,0.975,0.5,19,1,0.924824,1.737088,17,0.475,0.4248239994049072
curv,0.025000000000000022,0.25,0,0,0.07776798,-1.4016489,17,-0.22499999999999998,-0.1722320169210434
curv,0.025000000000000022,0.25,0,0,0.07776798,-1.4016489,17,-0.22499999999999998,-0.1722320169210434
curv,0.075,0.25,1,0,0.12350632,-1.2131392,17,-0.175,-0.1264936774969101
curv,0.075,0.25,1,0,0.12350632,-1.2131392,17,-0.175,-0.1264936774969101
curv,0.12500000000000003,0.25,2,0,0.16924465,-1.0246294,17,-0.12499999999999997,-0.08075535297393799
curv,0.12500000000000003,0.25,2,0,0.16924465,-1.0246294,17,-0.12499999999999997,-0.08075535297393799
curv,0.17500000000000002,0.25,3,0,0.21498299,-0.83611965,17,-0.07499999999999998,-0.03501701354980469
curv,0.17500000000000002,0.25,3,0,0.21498299,-0.83611965,17,-0.07499999999999998,-0.03501701354980469
curv,0.225,0.25,4,0,0.26072133,-0.64760995,17,-0.024999999999999994,0.010721325874328613
curv,0.225,0.25,4,0,0.26072133,-0.64760995,17,-0.024999999999999994,0.010721325874328613
curv,0.275,0.25,5,1,0.30645967,-0.4591001,17,0.025000000000000022,0.056459665298461914
curv,0.325,0.25,6,1,0.352198,-0.27059042,17,0.07500000000000001,0.10219800472259521
curv,0.37500000000000006,0.25,7,1,0.39793634,-0.08208066,17,0.12500000000000006,0.14793634414672852
curv,0.425,0.25,8,1,0.44367468,0.10642913,17,0.175,0.19367468357086182
curv,0.475,0.25,9,1,0.48941302,0.29493883,17,0.22499999999999998,0.23941302299499512
curv,0.525,0.25,10,1,0.53515136,0.4834485,17,0.275,0.2851513624191284
curv,0.575,0.25,11,1,0.5808897,0.6719583,17,0.32499999999999996,0.3308897018432617
curv,0.625,0.25,12,1,0.62662804,0.8604681,17,0.375,0.376628041267395
curv,0.675,0.25,13,1,0.6723664,1.0489779,17,0.42500000000000004,0.4223663806915283
curv,0.7250000000000001,0.25,14,1,0.7224047,1.2244828,17,0.4750000000000001,0.47240471839904785
flat,0.275,0.7500000000000001,0,0,0.27974918,-1.2779945,17,-0.4750000000000001,-0.47025081515312206
flat,0.325,0.7500000000000001,1,0,0.32548752,-1.0894849,17,-0.4250000000000001,-0.42451247572898876
flat,0.37500000000000006,0.7500000000000001,2,0,0.37122586,-0.900975,17,-0.37500000000000006,-0.37877413630485546
flat,0.425,0.7500000000000001,3,0,0.41696423,-0.71246517,17,-0.3250000000000001,-0.33303576707839977
flat,0.475,0.7500000000000001,4,0,0.4627025,-0.5239556,17,-0.27500000000000013,-0.28729748725891124
flat,0.525,0.7500000000000001,5,0,0.5084409,-0.33544588,17,-0.2250000000000001,-0.24155908823013317
flat,0.575,0.7500000000000001,6,0,0.5541792,-0.14693597,17,-0.17500000000000016,-0.19582080841064464
flat,0.625,0.7500000000000001,7,0,0.5999176,0.041573733,17,-0.1250000000000001,-0.15008240938186657
flat,0.675,0.7500000000000001,8,0,0.6456559,0.23008344,17,-0.07500000000000007,-0.10434412956237804
flat,0.7250000000000001,0.7500000000000001,9,0,0.69139427,0.41859335,17,-0.025000000000000022,-0.058605730533599965
flat,0.7749999999999999,0.7500000000000001,10,1,0.73713255,0.6071029,17,0.0249999999999998,-0.01286745071411144
flat,0.7749999999999999,0.7500000000000001,10,1,0.73713255,0.6071029,17,0.0249999999999998,-0.01286745071411144
flat,0.825,0.7500000000000001,11,1,0.7828709,0.7956126,17,0.07499999999999984,0.03287088871002186
flat,0.825,0.7500000000000001,11,1,0.7828709,0.7956126,17,0.07499999999999984,0.03287088871002186
flat,0.8749999999999999,0.7500000000000001,12,1,0.8286092,0.9841225,17,0.12499999999999978,0.07860922813415516
flat,0.8749999999999999,0.7500000000000001,12,1,0.8286092,0.9841225,17,0.12499999999999978,0.07860922813415516
flat,0.9249999999999999,0.7500000000000001,13,1,0.87434757,1.1726323,17,0.17499999999999982,0.12434756755828846
flat,0.9249999999999999,0.7500000000000001,13,1,0.87434757,1.1726323,17,0.17499999999999982,0.12434756755828846
flat,0.975,0.7500000000000001,14,1,0.92008597,1.361142,17,0.22499999999999987,0.17008596658706654
flat,0.975,0.7500000000000001,14,1,0.92008597,1.361142,17,0.22499999999999987,0.17008596658706654
base,0.025000000000000022,0.5,0,0,0.064412735,-1.8110961,17,-0.475,-0.4355872645974159
base,0.075,0.5,1,0,0.110151075,-1.6225864,17,-0.425,-0.3898489251732826
base,0.12500000000000003,0.5,2,0,0.1558894,-1.4340765,17,-0.375,-0.3441105931997299
base,0.17500000000000002,0.5,3,0,0.20162775,-1.2455668,17,-0.32499999999999996,-0.2983722537755966
base,0.225,0.5,4,0,0.24736607,-1.0570571,17,-0.275,-0.2526339292526245
base,0.275,0.5,5,0,0.2931044,-0.8685473,17,-0.22499999999999998,-0.2068955898284912
base,0.325,0.5,6,0,0.33884275,-0.68003774,17,-0.175,-0.1611572504043579
base,0.37500000000000006,0.5,7,0,0.3845811,-0.49152774,17,-0.12499999999999994,-0.11541891098022461
base,0.425,0.5,8,0,0.43031946,-0.30301815,17,-0.07500000000000001,-0.06968054175376892
base,0.475,0.5,9,0,0.47605777,-0.11450845,17,-0.025000000000000022,-0.023942232131958008
base,0.525,0.5,10,1,0.5217961,0.07400119,17,0.025000000000000022,0.021796107292175293
base,0.575,0.5,11,1,0.56753445,0.2625112,17,0.07499999999999996,0.0675344467163086
base,0.625,0.5,12,1,0.6132728,0.45102084,17,0.125,0.1132727861404419
base,0.675,0.5,13,1,0.6590111,0.63953066,17,0.17500000000000004,0.1590111255645752
base,0.7250000000000001,0.5,14,1,0.70474946,0.8280405,17,0.2250000000000001,0.2047494649887085
base,0.7749999999999999,0.5,15,1,0.75048774,1.0165501,17,0.2749999999999999,0.250487744808197
base,0.825,0.5,16,1,0.79622614,1.20506,17,0.32499999999999996,0.2962261438369751
base,0.8749999999999999,0.5,17,1,0.84196454,1.39357,17,0.3749999999999999,0.3419645428657532
base,0.9249999999999999,0.5,18,1,0.8858837,1.5728414,17,0.42499999999999993,0.3858836889266968
base,0.975,0.5,19,1,0.924824,1.737088,17,0.475,0.4248239994049072
curv,0.025000000000000022,0.25,0,0,0.07776798,-1.4016489,17,-0.22499999999999998,-0.1722320169210434
curv,0.025000000000000022,0.25,0,0,0.07776798,-1.4016489,17,-0.22499999999999998,-0.1722320169210434
curv,0.075,0.25,1,0,0.12350632,-1.2131392,17,-0.175,-0.1264936774969101
curv,0.075,0.25,1,0,0.12350632,-1.2131392,17,-0.175,-0.1264936774969101
curv,0.12500000000000003,0.25,2,0,0.16924465,-1.0246294,17,-0.12499999999999997,-0.08075535297393799
curv,0.12500000000000003,0.25,2,0,0.16924465,-1.0246294,17,-0.12499999999999997,-0.08075535297393799
curv,0.17500000000000002,0.25,3,0,0.21498299,-0.83611965,17,-0.07499999999999998,-0.03501701354980469
curv,0.17500000000000002,0.25,3,0,0.21498299,-0.83611965,17,-0.07499999999999998,-0.03501701354980469
curv,0.225,0.25,4,0,0.26072133,-0.64760995,17,-0.024999999999999994,0.010721325874328613
curv,0.225,0.25,4,0,0.26072133,-0.64760995,17,-0.024999999999999994,0.010721325874328613
curv,0.275,0.25,5,1,0.30645967,-0.4591001,17,0.025000000000000022,0.056459665298461914
curv,0.325,0.25,6,1,0.352198,-0.27059042,17,0.07500000000000001,0.10219800472259521
curv,0.37500000000000006,0.25,7,1,0.39793634,-0.08208066,17,0.12500000000000006,0.14793634414672852
curv,0.425,0.25,8,1,0.44367468,0.10642913,17,0.175,0.19367468357086182
curv,0.475,0.25,9,1,0.48941302,0.29493883,17,0.22499999999999998,0.23941302299499512
curv,0.525,0.25,10,1,0.53515136,0.4834485,17,0.275,0.2851513624191284
curv,0.575,0.25,11,1,0.5808897,0.6719583,17,0.32499999999999996,0.3308897018432617
curv,0.625,0.25,12,1,0.62662804,0.8604681,17,0.375,0.376628041267395
curv,0.675,0.25,13,1,0.6723664,1.0489779,17,0.42500000000000004,0.4223663806915283
curv,0.7250000000000001,0.25,14,1,0.7224047,1.2244828,17,0.4750000000000001,0.47240471839904785
flat,0.275,0.7500000000000001,0,0,0.27974918,-1.2779945,17,-0.4750000000000001,-0.47025081515312206
flat,0.325,0.7500000000000001,1,0,0.32548752,-1.0894849,17,-0.4250000000000001,-0.42451247572898876
flat,0.37500000000000006,0.7500000000000001,2,0,0.37122586,-0.900975,17,-0.37500000000000006,-0.37877413630485546
flat,0.425,0.7500000000000001,3,0,0.41696423,-0.71246517,17,-0.3250000000000001,-0.33303576707839977
flat,0.475,0.7500000000000001,4,0,0.4627025,-0.5239556,17,-0.27500000000000013,-0.28729748725891124
flat,0.525,0.7500000000000001,5,0,0.5084409,-0.33544588,17,-0.2250000000000001,-0.24155908823013317
flat,0.575,0.7500000000000001,6,0,0.5541792,-0.14693597,17,-0.17500000000000016,-0.19582080841064464
flat,0.625,0.7500000000000001,7,0,0.5999176,0.041573733,17,-0.1250000000000001,-0.15008240938186657
flat,0.675,0.7500000000000001,8,0,0.6456559,0.23008344,17,-0.07500000000000007,-0.10434412956237804
flat,0.7250000000000001,0.7500000000000001,9,0,0.69139427,0.41859335,17,-0.025000000000000022,-0.058605730533599965
flat,0.7749999999999999,0.7500000000000001,10,1,0.73713255,0.6071029,17,0.0249999999999998,-0.01286745071411144
flat,0.7749999999999999,0.7500000000000001,10,1,0.73713255,0.6071029,17,0.0249999999999998,-0.01286745071411144
flat,0.825,0.7500000000000001,11,1,0.7828709,0.7956126,17,0.07499999999999984,0.03287088871002186
flat,0.825,0.7500000000000001,11,1,0.7828709,0.7956126,17,0.07499999999999984,0.03287088871002186
flat,0.8749999999999999,0.7500000000000001,12,1,0.8286092,0.9841225,17,0.12499999999999978,0.07860922813415516
flat,0.8749999999999999,0.7500000000000001,12,1,0.8286092,0.9841225,17,0.12499999999999978,0.07860922813415516
flat,0.9249999999999999,0.7500000000000001,13,1,0.87434757,1.1726323,17,0.17499999999999982,0.12434756755828846
flat,0.9249999999999999,0.7500000000000001,13,1,0.87434757,1.1726323,17,0.17499999999999982,0.12434756755828846
flat,0.975,0.7500000000000001,14,1,0.92008597,1.361142,17,0.22499999999999987,0.17008596658706654
flat,0.975,0.7500000000000001,14,1,0.92008597,1.361142,17,0.22499999999999987,0.17008596658706654
base,0.025000000000000022,0.5,0,0,0.064412735,-1.8110961,17,-0.475,-0.4355872645974159
base,0.075,0.5,1,0,0.110151075,-1.6225864,17,-0.425,-0.3898489251732826
base,0.12500000000000003,0.5,2,0,0.1558894,-1.4340765,17,-0.375,-0.3441105931997299
base,0.17500000000000002,0.5,3,0,0.20162775,-1.2455668,17,-0.32499999999999996,-0.2983722537755966
base,0.225,0.5,4,0,0.24736607,-1.0570571,17,-0.275,-0.2526339292526245
base,0.275,0.5,5,0,0.2931044,-0.8685473,17,-0.22499999999999998,-0.2068955898284912
base,0.325,0.5,6,0,0.33884275,-0.68003774,17,-0.175,-0.1611572504043579
base,0.37500000000000006,0.5,7,0,0.3845811,-0.49152774,17,-0.12499999999999994,-0.11541891098022461
base,0.425,0.5,8,0,0.43031946,-0.30301815,17,-0.07500000000000001,-0.06968054175376892
base,0.475,0.5,9,0,0.47605777,-0.11450845,17,-0.025000000000000022,-0.023942232131958008
base,0.525,0.5,10,1,0.5217961,0.07400119,17,0.025000000000000022,0.021796107292175293
base,0.575,0.5,11,1,0.56753445,0.2625112,17,0.07499999999999996,0.0675344467163086
base,0.625,0.5,12,1,0.6132728,0.45102084,17,0.125,0.1132727861404419
base,0.675,0.5,13,1,0.6590111,0.63953066,17,0.17500000000000004,0.1590111255645752
base,0.7250000000000001,0.5,14,1,0.70474946,0.8280405,17,0.2250000000000001,0.2047494649887085
base,0.7749999999999999,0.5,15,1,0.75048774,1.0165501,17,0.2749999999999999,0.250487744808197
base,0.825,0.5,16,1,0.79622614,1.20506,17,0.32499999999999996,0.2962261438369751
base,0.8749999999999999,0.5,17,1,0.84196454,1.39357,17,0.3749999999999999,0.3419645428657532
base,0.9249999999999999,0.5,18,1,0.8858837,1.5728414,17,0.42499999999999993,0.3858836889266968
base,0.975,0.5,19,1,0.924824,1.737088,17,0.475,0.4248239994049072
curv,0.025000000000000022,0.25,0,0,0.07776798,-1.4016489,17,-0.22499999999999998,-0.1722320169210434
curv,0.025000000000000022,0.25,0,0,0.07776798,-1.4016489,17,-0.22499999999999998,-0.1722320169210434
curv,0.075,0.25,1,0,0.12350632,-1.2131392,17,-0.175,-0.1264936774969101
curv,0.075,0.25,1,0,0.12350632,-1.2131392,17,-0.175,-0.1264936774969101
curv,0.12500000000000003,0.25,2,0,0.16924465,-1.0246294,17,-0.12499999999999997,-0.08075535297393799
curv,0.12500000000000003,0.25,2,0,0.16924465,-1.0246294,17,-0.12499999999999997,-0.08075535297393799
curv,0.17500000000000002,0.25,3,0,0.21498299,-0.83611965,17,-0.07499999999999998,-0.03501701354980469
curv,0.17500000000000002,0.25,3,0,0.21498299,-0.83611965,17,-0.07499999999999998,-0.03501701354980469
curv,0.225,0.25,4,0,0.26072133,-0.64760995,17,-0.024999999999999994,0.010721325874328613
curv,0.225,0.25,4,0,0.26072133,-0.64760995,17,-0.024999999999999994,0.010721325874328613
curv,0.275,0.25,5,1,0.30645967,-0.4591001,17,0.025000000000000022,0.056459665298461914
curv,0.325,0.25,6,1,0.352198,-0.27059042,17,0.07500000000000001,0.10219800472259521
curv,0.37500000000000006,0.25,7,1,0.39793634,-0.08208066,17,0.12500000000000006,0.14793634414672852
curv,0.425,0.25,8,1,0.44367468,0.10642913,17,0.175,0.19367468357086182
curv,0.475,0.25,9,1,0.48941302,0.29493883,17,0.22499999999999998,0.23941302299499512
curv,0.525,0.25,10,1,0.53515136,0.4834485,17,0.275,0.2851513624191284
curv,0.575,0.25,11,1,0.5808897,0.6719583,17,0.32499999999999996,0.3308897018432617
curv,0.625,0.25,12,1,0.62662804,0.8604681,17,0.375,0.376628041267395
curv,0.675,0.25,13,1,0.6723664,1.0489779,17,0.42500000000000004,0.4223663806915283
curv,0.7250000000000001,0.25,14,1,0.7224047,1.2244828,17,0.4750000000000001,0.47240471839904785
flat,0.275,0.7500000000000001,0,0,0.27974918,-1.2779945,17,-0.4750000000000001,-0.47025081515312206
flat,0.325,0.7500000000000001,1,0,0.32548752,-1.0894849,17,-0.4250000000000001,-0.42451247572898876
flat,0.37500000000000006,0.7500000000000001,2,0,0.37122586,-0.900975,17,-0.37500000000000006,-0.37877413630485546
flat,0.425,0.7500000000000001,3,0,0.41696423,-0.71246517,17,-0.3250000000000001,-0.33303576707839977
flat,0.475,0.7500000000000001,4,0,0.4627025,-0.5239556,17,-0.27500000000000013,-0.28729748725891124
flat,0.525,0.7500000000000001,5,0,0.5084409,-0.33544588,17,-0.2250000000000001,-0.24155908823013317
flat,0.575,0.7500000000000001,6,0,0.5541792,-0.14693597,17,-0.17500000000000016,-0.19582080841064464
flat,0.625,0.7500000000000001,7,0,0.5999176,0.041573733,17,-0.1250000000000001,-0.15008240938186657
flat,0.675,0.7500000000000001,8,0,0.6456559,0.23008344,17,-0.07500000000000007,-0.10434412956237804
flat,0.7250000000000001,0.7500000000000001,9,0,0.69139427,0.41859335,17,-0.025000000000000022,-0.058605730533599965
flat,0.7749999999999999,0.7500000000000001,10,1,0.73713255,0.6071029,17,0.0249999999999998,-0.01286745071411144
flat,0.7749999999999999,0.7500000000000001,10,1,0.73713255,0.6071029,17,0.0249999999999998,-0.01286745071411144
flat,0.825,0.7500000000000001,11,1,0.7828709,0.7956126,17,0.07499999999999984,0.03287088871002186
flat,0.825,0.7500000000000001,11,1,0.7828709,0.7956126,17,0.07499999999999984,0.03287088871002186
flat,0.8749999999999999,0.7500000000000001,12,1,0.8286092,0.9841225,17,0.12499999999999978,0.07860922813415516
flat,0.8749999999999999,0.7500000000000001,12,1,0.8286092,0.9841225,17,0.12499999999999978,0.07860922813415516
flat,0.9249999999999999,0.7500000000000001,13,1,0.87434757,1.1726323,17,0.17499999999999982,0.12434756755828846
flat,0.9249999999999999,0.7500000000000001,13,1,0.87434757,1.1726323,17,0.17499999999999982,0.12434756755828846
flat,0.975,0.7500000000000001,14,1,0.92008597,1.361142,17,0.22499999999999987,0.17008596658706654
flat,0.975,0.7500000000000001,14,1,0.92008597,1.361142,17,0.22499999999999987,0.17008596658706654
base,0.025000000000000022,0.5,0,0,0.064412735,-1.8110961,17,-0.475,-0.4355872645974159
base,0.075,0.5,1,0,0.110151075,-1.6225864,17,-0.425,-0.3898489251732826
base,0.12500000000000003,0.5,2,0,0.1558894,-1.4340765,17,-0.375,-0.3441105931997299
base,0.17500000000000002,0.5,3,0,0.20162775,-1.2455668,17,-0.32499999999999996,-0.2983722537755966
base,0.225,0.5,4,0,0.24736607,-1.0570571,17,-0.275,-0.2526339292526245
base,0.275,0.5,5,0,0.2931044,-0.8685473,17,-0.22499999999999998,-0.2068955898284912
base,0.325,0.5,6,0,0.33884275,-0.68003774,17,-0.175,-0.1611572504043579
base,0.37500000000000006,0.5,7,0,0.3845811,-0.49152774,17,-0.12499999999999994,-0.11541891098022461
base,0.425,0.5,8,0,0.43031946,-0.30301815,17,-0.07500000000000001,-0.06968054175376892
base,0.475,0.5,9,0,0.47605777,-0.11450845,17,-0.025000000000000022,-0.023942232131958008
base,0.525,0.5,10,1,0.5217961,0.07400119,17,0.025000000000000022,0.021796107292175293
base,0.575,0.5,11,1,0.56753445,0.2625112,17,0.07499999999999996,0.0675344467163086
base,0.625,0.5,12,1,0.6132728,0.45102084,17,0.125,0.1132727861404419
base,0.675,0.5,13,1,0.6590111,0.63953066,17,0.17500000000000004,0.1590111255645752
base,0.7250000000000001,0.5,14,1,0.70474946,0.8280405,17,0.2250000000000001,0.2047494649887085
base,0.7749999999999999,0.5,15,1,0.75048774,1.0165501,17,0.2749999999999999,0.250487744808197
base,0.825,0.5,16,1,0.79622614,1.20506,17,0.32499999999999996,0.2962261438369751
base,0.8749999999999999,0.5,17,1,0.84196454,1.39357,17,0.3749999999999999,0.3419645428657532
base,0.9249999999999999,0.5,18,1,0.8858837,1.5728414,17,0.42499999999999993,0.3858836889266968
base,0.975,0.5,19,1,0.924824,1.737088,17,0.475,0.4248239994049072
curv,0.025000000000000022,0.25,0,0,0.07776798,-1.4016489,17,-0.22499999999999998,-0.1722320169210434
curv,0.025000000000000022,0.25,0,0,0.07776798,-1.4016489,17,-0.22499999999999998,-0.1722320169210434
curv,0.075,0.25,1,0,0.12350632,-1.2131392,17,-0.175,-0.1264936774969101
curv,0.075,0.25,1,0,0.12350632,-1.2131392,17,-0.175,-0.1264936774969101
curv,0.12500000000000003,0.25,2,0,0.16924465,-1.0246294,17,-0.12499999999999997,-0.08075535297393799
curv,0.12500000000000003,0.25,2,0,0.16924465,-1.0246294,17,-0.12499999999999997,-0.08075535297393799
curv,0.17500000000000002,0.25,3,0,0.21498299,-0.83611965,17,-0.07499999999999998,-0.03501701354980469
curv,0.17500000000000002,0.25,3,0,0.21498299,-0.83611965,17,-0.07499999999999998,-0.03501701354980469
curv,0.225,0.25,4,0,0.26072133,-0.64760995,17,-0.024999999999999994,0.010721325874328613
curv,0.225,0.25,4,0,0.26072133,-0.64760995,17,-0.024999999999999994,0.010721325874328613
curv,0.275,0.25,5,1,0.30645967,-0.4591001,17,0.025000000000000022,0.056459665298461914
curv,0.325,0.25,6,1,0.352198,-0.27059042,17,0.07500000000000001,0.10219800472259521
curv,0.37500000000000006,0.25,7,1,0.39793634,-0.08208066,17,0.12500000000000006,0.14793634414672852
curv,0.425,0.25,8,1,0.44367468,0.10642913,17,0.175,0.19367468357086182
curv,0.475,0.25,9,1,0.48941302,0.29493883,17,0.22499999999999998,0.23941302299499512
curv,0.525,0.25,10,1,0.53515136,0.4834485,17,0.275,0.2851513624191284
curv,0.575,0.25,11,1,0.5808897,0.6719583,17,0.32499999999999996,0.3308897018432617
curv,0.625,0.25,12,1,0.62662804,0.8604681,17,0.375,0.376628041267395
curv,0.675,0.25,13,1,0.6723664,1.0489779,17,0.42500000000000004,0.4223663806915283
curv,0.7250000000000001,0.25,14,1,0.7224047,1.2244828,17,0.4750000000000001,0.47240471839904785
flat,0.275,0.7500000000000001,0,0,0.27974918,-1.2779945,17,-0.4750000000000001,-0.47025081515312206
flat,0.325,0.7500000000000001,1,0,0.32548752,-1.0894849,17,-0.4250000000000001,-0.42451247572898876
flat,0.37500000000000006,0.7500000000000001,2,0,0.37122586,-0.900975,17,-0.37500000000000006,-0.37877413630485546
flat,0.425,0.7500000000000001,3,0,0.41696423,-0.71246517,17,-0.3250000000000001,-0.33303576707839977
flat,0.475,0.7500000000000001,4,0,0.4627025,-0.5239556,17,-0.27500000000000013,-0.28729748725891124
flat,0.525,0.7500000000000001,5,0,0.5084409,-0.33544588,17,-0.2250000000000001,-0.24155908823013317
flat,0.575,0.7500000000000001,6,0,0.5541792,-0.14693597,17,-0.17500000000000016,-0.19582080841064464
flat,0.625,0.7500000000000001,7,0,0.5999176,0.041573733,17,-0.1250000000000001,-0.15008240938186657
flat,0.675,0.7500000000000001,8,0,0.6456559,0.23008344,17,-0.07500000000000007,-0.10434412956237804
flat,0.7250000000000001,0.7500000000000001,9,0,0.69139427,0.41859335,17,-0.025000000000000022,-0.058605730533599965
flat,0.7749999999999999,0.7500000000000001,10,1,0.73713255,0.6071029,17,0.0249999999999998,-0.01286745071411144
flat,0.7749999999999999,0.7500000000000001,10,1,0.73713255,0.6071029,17,0.0249999999999998,-0.01286745071411144
flat,0.825,0.7500000000000001,11,1,0.7828709,0.7956126,17,0.07499999999999984,0.03287088871002186
flat,0.825,0.7500000000000001,11,1,0.7828709,0.7956126,17,0.07499999999999984,0.03287088871002186
flat,0.8749999999999999,0.7500000000000001,12,1,0.8286092,0.9841225,17,0.12499999999999978,0.07860922813415516
flat,0.8749999999999999,0.7500000000000001,12,1,0.8286092,0.9841225,17,0.12499999999999978,0.07860922813415516
flat,0.9249999999999999,0.7500000000000001,13,1,0.87434757,1.1726323,17,0.17499999999999982,0.12434756755828846
flat,0.9249999999999999,0.7500000000000001,13,1,0.87434757,1.1726323,17,0.17499999999999982,0.12434756755828846
flat,0.975,0.7500000000000001,14,1,0.92008597,1.361142,17,0.22499999999999987,0.17008596658706654
flat,0.975,0.7500000000000001,14,1,0.92008597,1.361142,17,0.22499999999999987,0.17008596658706654
base,0.025000000000000022,0.5,0,0,0.0003516674,-1.3514892,18,-0.475,-0.4996483325958252
base,0.075,0.5,1,0,0.04765562,-1.2150035,18,-0.425,-0.4523443803191185
base,0.12500000000000003,0.5,2,0,0.097344436,-1.0716268,18,-0.375,-0.40265556424856186
base,0.17500000000000002,0.5,3,0,0.1470333,-0.92825013,18,-0.32499999999999996,-0.35296669602394104
base,0.225,0.5,4,0,0.19672212,-0.78487355,18,-0.275,-0.3032778799533844
base,0.275,0.5,5,0,0.24641092,-0.6414968,18,-0.22499999999999998,-0.25358907878398895
base,0.325,0.5,6,0,0.29609978,-0.49812037,18,-0.175,-0.20390021800994873
base,0.37500000000000006,0.5,7,0,0.3457886,-0.3547436,18,-0.12499999999999994,-0.1542114019393921
base,0.425,0.5,8,0,0.39547747,-0.2113669,18,-0.07500000000000001,-0.10452252626419067
base,0.475,0.5,9,0,0.4451663,-0.06799032,18,-0.025000000000000022,-0.05483371019363403
base,0.525,0.5,10,1,0.4948551,0.07538624,18,0.025000000000000022,-0.005144894123077393
base,0.575,0.5,11,1,0.544544,0.21876289,18,0.07499999999999996,0.04454398155212402
base,0.625,0.5,12,1,0.5942328,0.36213958,18,0.125,0.09423279762268066
base,0.675,0.5,13,1,0.6439216,0.50551623,18,0.17500000000000004,0.1439216136932373
base,0.7250000000000001,0.5,14,1,0.6936104,0.64889294,18,0.2250000000000001,0.19361042976379395
base,0.7749999999999999,0.5,15,1,0.7432993,0.7922695,18,0.2749999999999999,0.24329930543899536
base,0.825,0.5,16,1,0.7929881,0.93564624,18,0.32499999999999996,0.292988121509552
base,0.8749999999999999,0.5,17,1,0.842677,1.0790229,18,0.3749999999999999,0.3426769971847534
base,0.9249999999999999,0.5,18,1,0.8923658,1.2223995,18,0.42499999999999993,0.39236581325531006
base,0.975,0.5,19,1,0.9278749,1.3168583,18,0.475,0.42787492275238037
curv,0.025000000000000022,0.25,0,0,0.002955258,-1.2465761,18,-0.22499999999999998,-0.24704474210739136
curv,0.025000000000000022,0.25,0,0,0.002955258,-1.2465761,18,-0.22499999999999998,-0.24704474210739136
curv,0.075,0.25,1,0,0.052644078,-1.1031997,18,-0.175,-0.19735592231154442
curv,0.075,0.25,1,0,0.052644078,-1.1031997,18,-0.175,-0.19735592231154442
curv,0.12500000000000003,0.25,2,0,0.10233289,-0.959823,18,-0.12499999999999997,-0.14766710996627808
curv,0.12500000000000003,0.25,2,0,0.10233289,-0.959823,18,-0.12499999999999997,-0.14766710996627808
curv,0.17500000000000002,0.25,3,0,0.15202175,-0.81644636,18,-0.07499999999999998,-0.09797824919223785
curv,0.17500000000000002,0.25,3,0,0.15202175,-0.81644636,18,-0.07499999999999998,-0.09797824919223785
curv,0.225,0.25,4,0,0.20171057,-0.6730698,18,-0.024999999999999994,-0.04828943312168121
curv,0.225,0.25,4,0,0.20171057,-0.6730698,18,-0.024999999999999994,-0.04828943312168121
curv,0.275,0.25,5,1,0.2513994,-0.5296931,18,0.025000000000000022,0.001399397850036621
curv,0.325,0.25,6,1,0.3010882,-0.38631648,18,0.07500000000000001,0.05108821392059326
curv,0.37500000000000006,0.25,7,1,0.35077703,-0.24293984,18,0.12500000000000006,0.1007770299911499
curv,0.425,0.25,8,1,0.4004659,-0.099563226,18,0.175,0.15046590566635132
curv,0.475,0.25,9,1,0.45015472,0.043813422,18,0.22499999999999998,0.20015472173690796
curv,0.525,0.25,10,1,0.49984354,0.18719004,18,0.275,0.2498435378074646
curv,0.575,0.25,11,1,0.5495324,0.3305667,18,0.32499999999999996,0.299532413482666
curv,0.625,0.25,12,1,0.5992212,0.4739433,18,0.375,0.34922122955322266
curv,0.675,0.25,13,1,0.64891005,0.61732006,18,0.42500000000000004,0.3989100456237793
curv,0.7250000000000001,0.25,14,1,0.6985989,0.76069665,18,0.4750000000000001,0.4485989212989807
flat,0.275,0.7500000000000001,0,0,0.2414225,-0.7533006,18,-0.4750000000000001,-0.5085774958133699
flat,0.325,0.7500000000000001,1,0,0.29111135,-0.6099241,18,-0.4250000000000001,-0.45888864994049083
flat,0.37500000000000006,0.7500000000000001,2,0,0.34080017,-0.46654737,18,-0.37500000000000006,-0.4091998338699342
flat,0.425,0.7500000000000001,3,0,0.39048904,-0.32317066,18,-0.3250000000000001,-0.3595109581947328
flat,0.475,0.7500000000000001,4,0,0.44017783,-0.17979415,18,-0.27500000000000013,-0.3098221719264985
flat,0.525,0.7500000000000001,5,0,0.48986667,-0.0364175,18,-0.2250000000000001,-0.2601333260536195
flat,0.575,0.7500000000000001,6,0,0.53955555,0.10695924,18,-0.17500000000000016,-0.21044445037841808
flat,0.625,0.7500000000000001,7,0,0.5892443,0.2503358,18,-0.1250000000000001,-0.16075569391250621
flat,0.675,0.7500000000000001,8,0,0.6389332,0.39371246,18,-0.07500000000000007,-0.1110668182373048
flat,0.7250000000000001,0.7500000000000001,9,0,0.68862206,0.53708917,18,-0.025000000000000022,-0.06137794256210338
flat,0.7749999999999999,0.7500000000000001,10,1,0.7383109,0.68046576,18,0.0249999999999998,-0.011689126491546742
flat,0.7749999999999999,0.7500000000000001,10,1,0.7383109,0.68046576,18,0.0249999999999998,-0.011689126491546742
flat,0.825,0.7500000000000001,11,1,0.78799975,0.82384235,18,0.07499999999999984,0.037999749183654674
flat,0.825,0.7500000000000001,11,1,0.78799975,0.82384235,18,0.07499999999999984,0.037999749183654674
flat,0.8749999999999999,0.7500000000000001,12,1,0.8376885,0.96721905,18,0.12499999999999978,0.08768850564956654
flat,0.8749999999999999,0.7500000000000001,12,1,0.8376885,0.96721905,18,0.12499999999999978,0.08768850564956654
flat,0.9249999999999999,0.7500000000000001,13,1,0.88723254,1.0991898,18,0.17499999999999982,0.13723254203796376
flat,0.9249999999999999,0.7500000000000001,13,1,0.88723254,1.0991898,18,0.17499999999999982,0.13723254203796376
flat,0.975,0.7500000000000001,14,1,0.9301672,1.1954696,18,0.22499999999999987,0.18016719818115223
flat,0.975,0.7500000000000001,14,1,0.9301672,1.1954696,18,0.22499999999999987,0.18016719818115223
base,0.025000000000000022,0.5,0,0,0.0003516674,-1.3514892,18,-0.475,-0.4996483325958252
base,0.075,0.5,1,0,0.04765562,-1.2150035,18,-0.425,-0.4523443803191185
base,0.12500000000000003,0.5,2,0,0.097344436,-1.0716268,18,-0.375,-0.40265556424856186
base,0.17500000000000002,0.5,3,0,0.1470333,-0.92825013,18,-0.32499999999999996,-0.35296669602394104
base,0.225,0.5,4,0,0.19672212,-0.78487355,18,-0.275,-0.3032778799533844
base,0.275,0.5,5,0,0.24641092,-0.6414968,18,-0.22499999999999998,-0.25358907878398895
base,0.325,0.5,6,0,0.29609978,-0.49812037,18,-0.175,-0.20390021800994873
base,0.37500000000000006,0.5,7,0,0.3457886,-0.3547436,18,-0.12499999999999994,-0.1542114019393921
base,0.425,0.5,8,0,0.39547747,-0.2113669,18,-0.07500000000000001,-0.10452252626419067
base,0.475,0.5,9,0,0.4451663,-0.06799032,18,-0.025000000000000022,-0.05483371019363403
base,0.525,0.5,10,1,0.4948551,0.07538624,18,0.025000000000000022,-0.005144894123077393
base,0.575,0.5,11,1,0.544544,0.21876289,18,0.07499999999999996,0.04454398155212402
base,0.625,0.5,12,1,0.5942328,0.36213958,18,0.125,0.09423279762268066
base,0.675,0.5,13,1,0.6439216,0.50551623,18,0.17500000000000004,0.1439216136932373
base,0.7250000000000001,0.5,14,1,0.6936104,0.64889294,18,0.2250000000000001,0.19361042976379395
base,0.7749999999999999,0.5,15,1,0.7432993,0.7922695,18,0.2749999999999999,0.24329930543899536
base,0.825,0.5,16,1,0.7929881,0.93564624,18,0.32499999999999996,0.292988121509552
base,0.8749999999999999,0.5,17,1,0.842677,1.0790229,18,0.3749999999999999,0.3426769971847534
base,0.9249999999999999,0.5,18,1,0.8923658,1.2223995,18,0.42499999999999993,0.39236581325531006
base,0.975,0.5,19,1,0.9278749,1.3168583,18,0.475,0.42787492275238037
curv,0.025000000000000022,0.25,0,0,0.002955258,-1.2465761,18,-0.22499999999999998,-0.24704474210739136
curv,0.025000000000000022,0.25,0,0,0.002955258,-1.2465761,18,-0.22499999999999998,-0.24704474210739136
curv,0.075,0.25,1,0,0.052644078,-1.1031997,18,-0.175,-0.19735592231154442
curv,0.075,0.25,1,0,0.052644078,-1.1031997,18,-0.175,-0.19735592231154442
curv,0.12500000000000003,0.25,2,0,0.10233289,-0.959823,18,-0.12499999999999997,-0.14766710996627808
curv,0.12500000000000003,0.25,2,0,0.10233289,-0.959823,18,-0.12499999999999997,-0.14766710996627808
curv,0.17500000000000002,0.25,3,0,0.15202175,-0.81644636,18,-0.07499999999999998,-0.09797824919223785
curv,0.17500000000000002,0.25,3,0,0.15202175,-0.81644636,18,-0.07499999999999998,-0.09797824919223785
curv,0.225,0.25,4,0,0.20171057,-0.6730698,18,-0.024999999999999994,-0.04828943312168121
curv,0.225,0.25,4,0,0.20171057,-0.6730698,18,-0.024999999999999994,-0.04828943312168121
curv,0.275,0.25,5,1,0.2513994,-0.5296931,18,0.025000000000000022,0.001399397850036621
curv,0.325,0.25,6,1,0.3010882,-0.38631648,18,0.07500000000000001,0.05108821392059326
curv,0.37500000000000006,0.25,7,1,0.35077703,-0.24293984,18,0.12500000000000006,0.1007770299911499
curv,0.425,0.25,8,1,0.4004659,-0.099563226,18,0.175,0.15046590566635132
curv,0.475,0.25,9,1,0.45015472,0.043813422,18,0.22499999999999998,0.20015472173690796
curv,0.525,0.25,10,1,0.49984354,0.18719004,18,0.275,0.2498435378074646
curv,0.575,0.25,11,1,0.5495324,0.3305667,18,0.32499999999999996,0.299532413482666
curv,0.625,0.25,12,1,0.5992212,0.4739433,18,0.375,0.34922122955322266
curv,0.675,0.25,13,1,0.64891005,0.61732006,18,0.42500000000000004,0.3989100456237793
curv,0.7250000000000001,0.25,14,1,0.6985989,0.76069665,18,0.4750000000000001,0.4485989212989807
flat,0.275,0.7500000000000001,0,0,0.2414225,-0.7533006,18,-0.4750000000000001,-0.5085774958133699
flat,0.325,0.7500000000000001,1,0,0.29111135,-0.6099241,18,-0.4250000000000001,-0.45888864994049083
flat,0.37500000000000006,0.7500000000000001,2,0,0.34080017,-0.46654737,18,-0.37500000000000006,-0.4091998338699342
flat,0.425,0.7500000000000001,3,0,0.39048904,-0.32317066,18,-0.3250000000000001,-0.3595109581947328
flat,0.475,0.7500000000000001,4,0,0.44017783,-0.17979415,18,-0.27500000000000013,-0.3098221719264985
flat,0.525,0.7500000000000001,5,0,0.48986667,-0.0364175,18,-0.2250000000000001,-0.2601333260536195
flat,0.575,0.7500000000000001,6,0,0.53955555,0.10695924,18,-0.17500000000000016,-0.21044445037841808
flat,0.625,0.7500000000000001,7,0,0.5892443,0.2503358,18,-0.1250000000000001,-0.16075569391250621
flat,0.675,0.7500000000000001,8,0,0.6389332,0.39371246,18,-0.07500000000000007,-0.1110668182373048
flat,0.7250000000000001,0.7500000000000001,9,0,0.68862206,0.53708917,18,-0.025000000000000022,-0.06137794256210338
flat,0.7749999999999999,0.7500000000000001,10,1,0.7383109,0.68046576,18,0.0249999999999998,-0.011689126491546742
flat,0.7749999999999999,0.7500000000000001,10,1,0.7383109,0.68046576,18,0.0249999999999998,-0.011689126491546742
flat,0.825,0.7500000000000001,11,1,0.78799975,0.82384235,18,0.07499999999999984,0.037999749183654674
flat,0.825,0.7500000000000001,11,1,0.78799975,0.82384235,18,0.07499999999999984,0.037999749183654674
flat,0.8749999999999999,0.7500000000000001,12,1,0.8376885,0.96721905,18,0.12499999999999978,0.08768850564956654
flat,0.8749999999999999,0.7500000000000001,12,1,0.8376885,0.96721905,18,0.12499999999999978,0.08768850564956654
flat,0.9249999999999999,0.7500000000000001,13,1,0.88723254,1.0991898,18,0.17499999999999982,0.13723254203796376
flat,0.9249999999999999,0.7500000000000001,13,1,0.88723254,1.0991898,18,0.17499999999999982,0.13723254203796376
flat,0.975,0.7500000000000001,14,1,0.9301672,1.1954696,18,0.22499999999999987,0.18016719818115223
flat,0.975,0.7500000000000001,14,1,0.9301672,1.1954696,18,0.22499999999999987,0.18016719818115223
base,0.025000000000000022,0.5,0,0,0.0003516674,-1.3514892,18,-0.475,-0.4996483325958252
base,0.075,0.5,1,0,0.04765562,-1.2150035,18,-0.425,-0.4523443803191185
base,0.12500000000000003,0.5,2,0,0.097344436,-1.0716268,18,-0.375,-0.40265556424856186
base,0.17500000000000002,0.5,3,0,0.1470333,-0.92825013,18,-0.32499999999999996,-0.35296669602394104
base,0.225,0.5,4,0,0.19672212,-0.78487355,18,-0.275,-0.3032778799533844
base,0.275,0.5,5,0,0.24641092,-0.6414968,18,-0.22499999999999998,-0.25358907878398895
base,0.325,0.5,6,0,0.29609978,-0.49812037,18,-0.175,-0.20390021800994873
base,0.37500000000000006,0.5,7,0,0.3457886,-0.3547436,18,-0.12499999999999994,-0.1542114019393921
base,0.425,0.5,8,0,0.39547747,-0.2113669,18,-0.07500000000000001,-0.10452252626419067
base,0.475,0.5,9,0,0.4451663,-0.06799032,18,-0.025000000000000022,-0.05483371019363403
base,0.525,0.5,10,1,0.4948551,0.07538624,18,0.025000000000000022,-0.005144894123077393
base,0.575,0.5,11,1,0.544544,0.21876289,18,0.07499999999999996,0.04454398155212402
base,0.625,0.5,12,1,0.5942328,0.36213958,18,0.125,0.09423279762268066
base,0.675,0.5,13,1,0.6439216,0.50551623,18,0.17500000000000004,0.1439216136932373
base,0.7250000000000001,0.5,14,1,0.6936104,0.64889294,18,0.2250000000000001,0.19361042976379395
base,0.7749999999999999,0.5,15,1,0.7432993,0.7922695,18,0.2749999999999999,0.24329930543899536
base,0.825,0.5,16,1,0.7929881,0.93564624,18,0.32499999999999996,0.292988121509552
base,0.8749999999999999,0.5,17,1,0.842677,1.0790229,18,0.3749999999999999,0.3426769971847534
base,0.9249999999999999,0.5,18,1,0.8923658,1.2223995,18,0.42499999999999993,0.39236581325531006
base,0.975,0.5,19,1,0.9278749,1.3168583,18,0.475,0.42787492275238037
curv,0.025000000000000022,0.25,0,0,0.002955258,-1.2465761,18,-0.22499999999999998,-0.24704474210739136
curv,0.025000000000000022,0.25,0,0,0.002955258,-1.2465761,18,-0.22499999999999998,-0.24704474210739136
curv,0.075,0.25,1,0,0.052644078,-1.1031997,18,-0.175,-0.19735592231154442
curv,0.075,0.25,1,0,0.052644078,-1.1031997,18,-0.175,-0.19735592231154442
curv,0.12500000000000003,0.25,2,0,0.10233289,-0.959823,18,-0.12499999999999997,-0.14766710996627808
curv,0.12500000000000003,0.25,2,0,0.10233289,-0.959823,18,-0.12499999999999997,-0.14766710996627808
curv,0.17500000000000002,0.25,3,0,0.15202175,-0.81644636,18,-0.07499999999999998,-0.09797824919223785
curv,0.17500000000000002,0.25,3,0,0.15202175,-0.81644636,18,-0.07499999999999998,-0.09797824919223785
curv,0.225,0.25,4,0,0.20171057,-0.6730698,18,-0.024999999999999994,-0.04828943312168121
curv,0.225,0.25,4,0,0.20171057,-0.6730698,18,-0.024999999999999994,-0.04828943312168121
curv,0.275,0.25,5,1,0.2513994,-0.5296931,18,0.025000000000000022,0.001399397850036621
curv,0.325,0.25,6,1,0.3010882,-0.38631648,18,0.07500000000000001,0.05108821392059326
curv,0.37500000000000006,0.25,7,1,0.35077703,-0.24293984,18,0.12500000000000006,0.1007770299911499
curv,0.425,0.25,8,1,0.4004659,-0.099563226,18,0.175,0.15046590566635132
curv,0.475,0.25,9,1,0.45015472,0.043813422,18,0.22499999999999998,0.20015472173690796
curv,0.525,0.25,10,1,0.49984354,0.18719004,18,0.275,0.2498435378074646
curv,0.575,0.25,11,1,0.5495324,0.3305667,18,0.32499999999999996,0.299532413482666
curv,0.625,0.25,12,1,0.5992212,0.4739433,18,0.375,0.34922122955322266
curv,0.675,0.25,13,1,0.64891005,0.61732006,18,0.42500000000000004,0.3989100456237793
curv,0.7250000000000001,0.25,14,1,0.6985989,0.76069665,18,0.4750000000000001,0.4485989212989807
flat,0.275,0.7500000000000001,0,0,0.2414225,-0.7533006,18,-0.4750000000000001,-0.5085774958133699
flat,0.325,0.7500000000000001,1,0,0.29111135,-0.6099241,18,-0.4250000000000001,-0.45888864994049083
flat,0.37500000000000006,0.7500000000000001,2,0,0.34080017,-0.46654737,18,-0.37500000000000006,-0.4091998338699342
flat,0.425,0.7500000000000001,3,0,0.39048904,-0.32317066,18,-0.3250000000000001,-0.3595109581947328
flat,0.475,0.7500000000000001,4,0,0.44017783,-0.17979415,18,-0.27500000000000013,-0.3098221719264985
flat,0.525,0.7500000000000001,5,0,0.48986667,-0.0364175,18,-0.2250000000000001,-0.2601333260536195
flat,0.575,0.7500000000000001,6,0,0.53955555,0.10695924,18,-0.17500000000000016,-0.21044445037841808
flat,0.625,0.7500000000000001,7,0,0.5892443,0.2503358,18,-0.1250000000000001,-0.16075569391250621
flat,0.675,0.7500000000000001,8,0,0.6389332,0.39371246,18,-0.07500000000000007,-0.1110668182373048
flat,0.7250000000000001,0.7500000000000001,9,0,0.68862206,0.53708917,18,-0.025000000000000022,-0.06137794256210338
flat,0.7749999999999999,0.7500000000000001,10,1,0.7383109,0.68046576,18,0.0249999999999998,-0.011689126491546742
flat,0.7749999999999999,0.7500000000000001,10,1,0.7383109,0.68046576,18,0.0249999999999998,-0.011689126491546742
flat,0.825,0.7500000000000001,11,1,0.78799975,0.82384235,18,0.07499999999999984,0.037999749183654674
flat,0.825,0.7500000000000001,11,1,0.78799975,0.82384235,18,0.07499999999999984,0.037999749183654674
flat,0.8749999999999999,0.7500000000000001,12,1,0.8376885,0.96721905,18,0.12499999999999978,0.08768850564956654
flat,0.8749999999999999,0.7500000000000001,12,1,0.8376885,0.96721905,18,0.12499999999999978,0.08768850564956654
flat,0.9249999999999999,0.7500000000000001,13,1,0.88723254,1.0991898,18,0.17499999999999982,0.13723254203796376
flat,0.9249999999999999,0.7500000000000001,13,1,0.88723254,1.0991898,18,0.17499999999999982,0.13723254203796376
flat,0.975,0.7500000000000001,14,1,0.9301672,1.1954696,18,0.22499999999999987,0.18016719818115223
flat,0.975,0.7500000000000001,14,1,0.9301672,1.1954696,18,0.22499999999999987,0.18016719818115223
base,0.025000000000000022,0.5,0,0,0.0003516674,-1.3514892,18,-0.475,-0.4996483325958252
base,0.075,0.5,1,0,0.04765562,-1.2150035,18,-0.425,-0.4523443803191185
base,0.12500000000000003,0.5,2,0,0.097344436,-1.0716268,18,-0.375,-0.40265556424856186
base,0.17500000000000002,0.5,3,0,0.1470333,-0.92825013,18,-0.32499999999999996,-0.35296669602394104
base,0.225,0.5,4,0,0.19672212,-0.78487355,18,-0.275,-0.3032778799533844
base,0.275,0.5,5,0,0.24641092,-0.6414968,18,-0.22499999999999998,-0.25358907878398895
base,0.325,0.5,6,0,0.29609978,-0.49812037,18,-0.175,-0.20390021800994873
base,0.37500000000000006,0.5,7,0,0.3457886,-0.3547436,18,-0.12499999999999994,-0.1542114019393921
base,0.425,0.5,8,0,0.39547747,-0.2113669,18,-0.07500000000000001,-0.10452252626419067
base,0.475,0.5,9,0,0.4451663,-0.06799032,18,-0.025000000000000022,-0.05483371019363403
base,0.525,0.5,10,1,0.4948551,0.07538624,18,0.025000000000000022,-0.005144894123077393
base,0.575,0.5,11,1,0.544544,0.21876289,18,0.07499999999999996,0.04454398155212402
base,0.625,0.5,12,1,0.5942328,0.36213958,18,0.125,0.09423279762268066
base,0.675,0.5,13,1,0.6439216,0.50551623,18,0.17500000000000004,0.1439216136932373
base,0.7250000000000001,0.5,14,1,0.6936104,0.64889294,18,0.2250000000000001,0.19361042976379395
base,0.7749999999999999,0.5,15,1,0.7432993,0.7922695,18,0.2749999999999999,0.24329930543899536
base,0.825,0.5,16,1,0.7929881,0.93564624,18,0.32499999999999996,0.292988121509552
base,0.8749999999999999,0.5,17,1,0.842677,1.0790229,18,0.3749999999999999,0.3426769971847534
base,0.9249999999999999,0.5,18,1,0.8923658,1.2223995,18,0.42499999999999993,0.39236581325531006
base,0.975,0.5,19,1,0.9278749,1.3168583,18,0.475,0.42787492275238037
curv,0.025000000000000022,0.25,0,0,0.002955258,-1.2465761,18,-0.22499999999999998,-0.24704474210739136
curv,0.025000000000000022,0.25,0,0,0.002955258,-1.2465761,18,-0.22499999999999998,-0.24704474210739136
curv,0.075,0.25,1,0,0.052644078,-1.1031997,18,-0.175,-0.19735592231154442
curv,0.075,0.25,1,0,0.052644078,-1.1031997,18,-0.175,-0.19735592231154442
curv,0.12500000000000003,0.25,2,0,0.10233289,-0.959823,18,-0.12499999999999997,-0.14766710996627808
curv,0.12500000000000003,0.25,2,0,0.10233289,-0.959823,18,-0.12499999999999997,-0.14766710996627808
curv,0.17500000000000002,0.25,3,0,0.15202175,-0.81644636,18,-0.07499999999999998,-0.09797824919223785
curv,0.17500000000000002,0.25,3,0,0.15202175,-0.81644636,18,-0.07499999999999998,-0.09797824919223785
curv,0.225,0.25,4,0,0.20171057,-0.6730698,18,-0.024999999999999994,-0.04828943312168121
curv,0.225,0.25,4,0,0.20171057,-0.6730698,18,-0.024999999999999994,-0.04828943312168121
curv,0.275,0.25,5,1,0.2513994,-0.5296931,18,0.025000000000000022,0.001399397850036621
curv,0.325,0.25,6,1,0.3010882,-0.38631648,18,0.07500000000000001,0.05108821392059326
curv,0.37500000000000006,0.25,7,1,0.35077703,-0.24293984,18,0.12500000000000006,0.1007770299911499
curv,0.425,0.25,8,1,0.4004659,-0.099563226,18,0.175,0.15046590566635132
curv,0.475,0.25,9,1,0.45015472,0.043813422,18,0.22499999999999998,0.20015472173690796
curv,0.525,0.25,10,1,0.49984354,0.18719004,18,0.275,0.2498435378074646
curv,0.575,0.25,11,1,0.5495324,0.3305667,18,0.32499999999999996,0.299532413482666
curv,0.625,0.25,12,1,0.5992212,0.4739433,18,0.375,0.34922122955322266
curv,0.675,0.25,13,1,0.64891005,0.61732006,18,0.42500000000000004,0.3989100456237793
curv,0.7250000000000001,0.25,14,1,0.6985989,0.76069665,18,0.4750000000000001,0.4485989212989807
flat,0.275,0.7500000000000001,0,0,0.2414225,-0.7533006,18,-0.4750000000000001,-0.5085774958133699
flat,0.325,0.7500000000000001,1,0,0.29111135,-0.6099241,18,-0.4250000000000001,-0.45888864994049083
flat,0.37500000000000006,0.7500000000000001,2,0,0.34080017,-0.46654737,18,-0.37500000000000006,-0.4091998338699342
flat,0.425,0.7500000000000001,3,0,0.39048904,-0.32317066,18,-0.3250000000000001,-0.3595109581947328
flat,0.475,0.7500000000000001,4,0,0.44017783,-0.17979415,18,-0.27500000000000013,-0.3098221719264985
flat,0.525,0.7500000000000001,5,0,0.48986667,-0.0364175,18,-0.2250000000000001,-0.2601333260536195
flat,0.575,0.7500000000000001,6,0,0.53955555,0.10695924,18,-0.17500000000000016,-0.21044445037841808
flat,0.625,0.7500000000000001,7,0,0.5892443,0.2503358,18,-0.1250000000000001,-0.16075569391250621
flat,0.675,0.7500000000000001,8,0,0.6389332,0.39371246,18,-0.07500000000000007,-0.1110668182373048
flat,0.7250000000000001,0.7500000000000001,9,0,0.68862206,0.53708917,18,-0.025000000000000022,-0.06137794256210338
flat,0.7749999999999999,0.7500000000000001,10,1,0.7383109,0.68046576,18,0.0249999999999998,-0.011689126491546742
flat,0.7749999999999999,0.7500000000000001,10,1,0.7383109,0.68046576,18,0.0249999999999998,-0.011689126491546742
flat,0.825,0.7500000000000001,11,1,0.78799975,0.82384235,18,0.07499999999999984,0.037999749183654674
flat,0.825,0.7500000000000001,11,1,0.78799975,0.82384235,18,0.07499999999999984,0.037999749183654674
flat,0.8749999999999999,0.7500000000000001,12,1,0.8376885,0.96721905,18,0.12499999999999978,0.08768850564956654
flat,0.8749999999999999,0.7500000000000001,12,1,0.8376885,0.96721905,18,0.12499999999999978,0.08768850564956654
flat,0.9249999999999999,0.7500000000000001,13,1,0.88723254,1.0991898,18,0.17499999999999982,0.13723254203796376
flat,0.9249999999999999,0.7500000000000001,13,1,0.88723254,1.0991898,18,0.17499999999999982,0.13723254203796376
flat,0.975,0.7500000000000001,14,1,0.9301672,1.1954696,18,0.22499999999999987,0.18016719818115223
flat,0.975,0.7500000000000001,14,1,0.9301672,1.1954696,18,0.22499999999999987,0.18016719818115223
base,0.025000000000000022,0.5,0,0,0.12923113,-1.7772427,19,-0.475,-0.37076887488365173
base,0.075,0.5,1,0,0.17189714,-1.6218204,19,-0.425,-0.32810285687446594
base,0.12500000000000003,0.5,2,0,0.21165055,-1.4315515,19,-0.375,-0.288349449634552
base,0.17500000000000002,0.5,3,0,0.25121963,-1.2390776,19,-0.32499999999999996,-0.24878036975860596
base,0.225,0.5,4,0,0.29078874,-1.0466037,19,-0.275,-0.20921126008033752
base,0.275,0.5,5,0,0.3303578,-0.85412973,19,-0.22499999999999998,-0.16964221000671387
base,0.325,0.5,6,0,0.3699269,-0.66165584,19,-0.175,-0.13007310032844543
base,0.37500000000000006,0.5,7,0,0.40949598,-0.46918195,19,-0.12499999999999994,-0.09050402045249939
base,0.425,0.5,8,0,0.44906506,-0.276708,19,-0.07500000000000001,-0.050934940576553345
base,0.475,0.5,9,0,0.48863417,-0.08423409,19,-0.025000000000000022,-0.011365830898284912
base,0.525,0.5,10,1,0.5282032,0.10823977,19,0.025000000000000022,0.028203189373016357
base,0.575,0.5,11,1,0.5677723,0.30071366,19,0.07499999999999996,0.06777232885360718
base,0.625,0.5,12,1,0.6073414,0.4931876,19,0.125,0.10734140872955322
base,0.675,0.5,13,1,0.6469105,0.6856616,19,0.17500000000000004,0.14691048860549927
base,0.7250000000000001,0.5,14,1,0.68647957,0.8781355,19,0.2250000000000001,0.1864795684814453
base,0.7749999999999999,0.5,15,1,0.7260487,1.0706093,19,0.2749999999999999,0.22604870796203613
base,0.825,0.5,16,1,0.7656177,1.2630832,19,0.32499999999999996,0.2656177282333374
base,0.8749999999999999,0.5,17,1,0.80518687,1.4555571,19,0.3749999999999999,0.3051868677139282
base,0.9249999999999999,0.5,18,1,0.8447559,1.648031,19,0.42499999999999993,0.3447558879852295
base,0.975,0.5,19,1,0.8824607,1.8026106,19,0.475,0.38246071338653564
curv,0.025000000000000022,0.25,0,0,0.10869996,-1.4073758,19,-0.22499999999999998,-0.1413000375032425
curv,0.025000000000000022,0.25,0,0,0.10869996,-1.4073758,19,-0.22499999999999998,-0.1413000375032425
curv,0.075,0.25,1,0,0.11246483,-1.2778254,19,-0.175,-0.13753516972064972
curv,0.075,0.25,1,0,0.11246483,-1.2778254,19,-0.175,-0.13753516972064972
curv,0.12500000000000003,0.25,2,0,0.14788485,-1.091723,19,-0.12499999999999997,-0.10211515426635742
curv,0.12500000000000003,0.25,2,0,0.14788485,-1.091723,19,-0.12499999999999997,-0.10211515426635742
curv,0.17500000000000002,0.25,3,0,0.18745391,-0.899249,19,-0.07499999999999998,-0.06254608929157257
curv,0.17500000000000002,0.25,3,0,0.18745391,-0.899249,19,-0.07499999999999998,-0.06254608929157257
curv,0.225,0.25,4,0,0.227023,-0.70677507,19,-0.024999999999999994,-0.022976994514465332
curv,0.225,0.25,4,0,0.227023,-0.70677507,19,-0.024999999999999994,-0.022976994514465332
curv,0.275,0.25,5,1,0.26659212,-0.5143011,19,0.025000000000000022,0.0165921151638031
curv,0.325,0.25,6,1,0.30616117,-0.32182735,19,0.07500000000000001,0.05616116523742676
curv,0.37500000000000006,0.25,7,1,0.34573027,-0.12935334,19,0.12500000000000006,0.09573027491569519
curv,0.425,0.25,8,1,0.38529938,0.06312072,19,0.175,0.13529938459396362
curv,0.475,0.25,9,1,0.42486846,0.2555945,19,0.22499999999999998,0.17486846446990967
curv,0.525,0.25,10,1,0.4644375,0.44806826,19,0.275,0.21443751454353333
curv,0.575,0.25,11,1,0.5040066,0.6405423,19,0.32499999999999996,0.25400662422180176
curv,0.625,0.25,12,1,0.5435757,0.8330162,19,0.375,0.2935757040977478
curv,0.675,0.25,13,1,0.5838771,1.0208173,19,0.42500000000000004,0.3338770866394043
curv,0.7250000000000001,0.25,14,1,0.6211884,1.1508052,19,0.4750000000000001,0.3711884021759033
flat,0.275,0.7500000000000001,0,0,0.3941235,-1.1939583,19,-0.4750000000000001,-0.35587650537490856
flat,0.325,0.7500000000000001,1,0,0.4336926,-1.0014845,19,-0.4250000000000001,-0.3163073956966401
flat,0.37500000000000006,0.7500000000000001,2,0,0.4732617,-0.8090105,19,-0.37500000000000006,-0.2767382860183717
flat,0.425,0.7500000000000001,3,0,0.51283073,-0.6165366,19,-0.3250000000000001,-0.23716926574707042
flat,0.475,0.7500000000000001,4,0,0.5523998,-0.42406273,19,-0.27500000000000013,-0.19760018587112438
flat,0.525,0.7500000000000001,5,0,0.59196895,-0.23158884,19,-0.2250000000000001,-0.15803104639053356
flat,0.575,0.7500000000000001,6,0,0.63153803,-0.039114952,19,-0.17500000000000016,-0.11846196651458751
flat,0.625,0.7500000000000001,7,0,0.6711071,0.15335906,19,-0.1250000000000001,-0.07889288663864147
flat,0.675,0.7500000000000001,8,0,0.7106762,0.345833,19,-0.07500000000000007,-0.039323806762695424
flat,0.7250000000000001,0.7500000000000001,9,0,0.75024533,0.538307,19,-0.025000000000000022,0.0002453327178953968
flat,0.7749999999999999,0.7500000000000001,10,1,0.78981435,0.73078066,19,0.0249999999999998,0.039814352989196666
flat,0.7749999999999999,0.7500000000000001,10,1,0.78981435,0.73078066,19,0.0249999999999998,0.039814352989196666
flat,0.825,0.7500000000000001,11,1,0.82938343,0.92325455,19,0.07499999999999984,0.07938343286514271
flat,0.825,0.7500000000000001,11,1,0.82938343,0.92325455,19,0.07499999999999984,0.07938343286514271
flat,0.8749999999999999,0.7500000000000001,12,1,0.8689525,1.1157286,19,0.12499999999999978,0.11895251274108876
flat,0.8749999999999999,0.7500000000000001,12,1,0.8689525,1.1157286,19,0.12499999999999978,0.11895251274108876
flat,0.9249999999999999,0.7500000000000001,13,1,0.90881574,1.3058128,19,0.17499999999999982,0.15881574153900135
flat,0.9249999999999999,0.7500000000000001,13,1,0.90881574,1.3058128,19,0.17499999999999982,0.15881574153900135
flat,0.975,0.7500000000000001,14,1,0.9487657,1.49476,19,0.22499999999999987,0.19876569509506214
flat,0.975,0.7500000000000001,14,1,0.9487657,1.49476,19,0.22499999999999987,0.19876569509506214
base,0.025000000000000022,0.5,0,0,0.12923113,-1.7772427,19,-0.475,-0.37076887488365173
base,0.075,0.5,1,0,0.17189714,-1.6218204,19,-0.425,-0.32810285687446594
base,0.12500000000000003,0.5,2,0,0.21165055,-1.4315515,19,-0.375,-0.288349449634552
base,0.17500000000000002,0.5,3,0,0.25121963,-1.2390776,19,-0.32499999999999996,-0.24878036975860596
base,0.225,0.5,4,0,0.29078874,-1.0466037,19,-0.275,-0.20921126008033752
base,0.275,0.5,5,0,0.3303578,-0.85412973,19,-0.22499999999999998,-0.16964221000671387
base,0.325,0.5,6,0,0.3699269,-0.66165584,19,-0.175,-0.13007310032844543
base,0.37500000000000006,0.5,7,0,0.40949598,-0.46918195,19,-0.12499999999999994,-0.09050402045249939
base,0.425,0.5,8,0,0.44906506,-0.276708,19,-0.07500000000000001,-0.050934940576553345
base,0.475,0.5,9,0,0.48863417,-0.08423409,19,-0.025000000000000022,-0.011365830898284912
base,0.525,0.5,10,1,0.5282032,0.10823977,19,0.025000000000000022,0.028203189373016357
base,0.575,0.5,11,1,0.5677723,0.30071366,19,0.07499999999999996,0.06777232885360718
base,0.625,0.5,12,1,0.6073414,0.4931876,19,0.125,0.10734140872955322
base,0.675,0.5,13,1,0.6469105,0.6856616,19,0.17500000000000004,0.14691048860549927
base,0.7250000000000001,0.5,14,1,0.68647957,0.8781355,19,0.2250000000000001,0.1864795684814453
base,0.7749999999999999,0.5,15,1,0.7260487,1.0706093,19,0.2749999999999999,0.22604870796203613
base,0.825,0.5,16,1,0.7656177,1.2630832,19,0.32499999999999996,0.2656177282333374
base,0.8749999999999999,0.5,17,1,0.80518687,1.4555571,19,0.3749999999999999,0.3051868677139282
base,0.9249999999999999,0.5,18,1,0.8447559,1.648031,19,0.42499999999999993,0.3447558879852295
base,0.975,0.5,19,1,0.8824607,1.8026106,19,0.475,0.38246071338653564
curv,0.025000000000000022,0.25,0,0,0.10869996,-1.4073758,19,-0.22499999999999998,-0.1413000375032425
curv,0.025000000000000022,0.25,0,0,0.10869996,-1.4073758,19,-0.22499999999999998,-0.1413000375032425
curv,0.075,0.25,1,0,0.11246483,-1.2778254,19,-0.175,-0.13753516972064972
curv,0.075,0.25,1,0,0.11246483,-1.2778254,19,-0.175,-0.13753516972064972
curv,0.12500000000000003,0.25,2,0,0.14788485,-1.091723,19,-0.12499999999999997,-0.10211515426635742
curv,0.12500000000000003,0.25,2,0,0.14788485,-1.091723,19,-0.12499999999999997,-0.10211515426635742
curv,0.17500000000000002,0.25,3,0,0.18745391,-0.899249,19,-0.07499999999999998,-0.06254608929157257
curv,0.17500000000000002,0.25,3,0,0.18745391,-0.899249,19,-0.07499999999999998,-0.06254608929157257
curv,0.225,0.25,4,0,0.227023,-0.70677507,19,-0.024999999999999994,-0.022976994514465332
curv,0.225,0.25,4,0,0.227023,-0.70677507,19,-0.024999999999999994,-0.022976994514465332
curv,0.275,0.25,5,1,0.26659212,-0.5143011,19,0.025000000000000022,0.0165921151638031
curv,0.325,0.25,6,1,0.30616117,-0.32182735,19,0.07500000000000001,0.05616116523742676
curv,0.37500000000000006,0.25,7,1,0.34573027,-0.12935334,19,0.12500000000000006,0.09573027491569519
curv,0.425,0.25,8,1,0.38529938,0.06312072,19,0.175,0.13529938459396362
curv,0.475,0.25,9,1,0.42486846,0.2555945,19,0.22499999999999998,0.17486846446990967
curv,0.525,0.25,10,1,0.4644375,0.44806826,19,0.275,0.21443751454353333
curv,0.575,0.25,11,1,0.5040066,0.6405423,19,0.32499999999999996,0.25400662422180176
curv,0.625,0.25,12,1,0.5435757,0.8330162,19,0.375,0.2935757040977478
curv,0.675,0.25,13,1,0.5838771,1.0208173,19,0.42500000000000004,0.3338770866394043
curv,0.7250000000000001,0.25,14,1,0.6211884,1.1508052,19,0.4750000000000001,0.3711884021759033
flat,0.275,0.7500000000000001,0,0,0.3941235,-1.1939583,19,-0.4750000000000001,-0.35587650537490856
flat,0.325,0.7500000000000001,1,0,0.4336926,-1.0014845,19,-0.4250000000000001,-0.3163073956966401
flat,0.37500000000000006,0.7500000000000001,2,0,0.4732617,-0.8090105,19,-0.37500000000000006,-0.2767382860183717
flat,0.425,0.7500000000000001,3,0,0.51283073,-0.6165366,19,-0.3250000000000001,-0.23716926574707042
flat,0.475,0.7500000000000001,4,0,0.5523998,-0.42406273,19,-0.27500000000000013,-0.19760018587112438
flat,0.525,0.7500000000000001,5,0,0.59196895,-0.23158884,19,-0.2250000000000001,-0.15803104639053356
flat,0.575,0.7500000000000001,6,0,0.63153803,-0.039114952,19,-0.17500000000000016,-0.11846196651458751
flat,0.625,0.7500000000000001,7,0,0.6711071,0.15335906,19,-0.1250000000000001,-0.07889288663864147
flat,0.675,0.7500000000000001,8,0,0.7106762,0.345833,19,-0.07500000000000007,-0.039323806762695424
flat,0.7250000000000001,0.7500000000000001,9,0,0.75024533,0.538307,19,-0.025000000000000022,0.0002453327178953968
flat,0.7749999999999999,0.7500000000000001,10,1,0.78981435,0.73078066,19,0.0249999999999998,0.039814352989196666
flat,0.7749999999999999,0.7500000000000001,10,1,0.78981435,0.73078066,19,0.0249999999999998,0.039814352989196666
flat,0.825,0.7500000000000001,11,1,0.82938343,0.92325455,19,0.07499999999999984,0.07938343286514271
flat,0.825,0.7500000000000001,11,1,0.82938343,0.92325455,19,0.07499999999999984,0.07938343286514271
flat,0.8749999999999999,0.7500000000000001,12,1,0.8689525,1.1157286,19,0.12499999999999978,0.11895251274108876
flat,0.8749999999999999,0.7500000000000001,12,1,0.8689525,1.1157286,19,0.12499999999999978,0.11895251274108876
flat,0.9249999999999999,0.7500000000000001,13,1,0.90881574,1.3058128,19,0.17499999999999982,0.15881574153900135
flat,0.9249999999999999,0.7500000000000001,13,1,0.90881574,1.3058128,19,0.17499999999999982,0.15881574153900135
flat,0.975,0.7500000000000001,14,1,0.9487657,1.49476,19,0.22499999999999987,0.19876569509506214
flat,0.975,0.7500000000000001,14,1,0.9487657,1.49476,19,0.22499999999999987,0.19876569509506214
base,0.025000000000000022,0.5,0,0,0.12923113,-1.7772427,19,-0.475,-0.37076887488365173
base,0.075,0.5,1,0,0.17189714,-1.6218204,19,-0.425,-0.32810285687446594
base,0.12500000000000003,0.5,2,0,0.21165055,-1.4315515,19,-0.375,-0.288349449634552
base,0.17500000000000002,0.5,3,0,0.25121963,-1.2390776,19,-0.32499999999999996,-0.24878036975860596
base,0.225,0.5,4,0,0.29078874,-1.0466037,19,-0.275,-0.20921126008033752
base,0.275,0.5,5,0,0.3303578,-0.85412973,19,-0.22499999999999998,-0.16964221000671387
base,0.325,0.5,6,0,0.3699269,-0.66165584,19,-0.175,-0.13007310032844543
base,0.37500000000000006,0.5,7,0,0.40949598,-0.46918195,19,-0.12499999999999994,-0.09050402045249939
base,0.425,0.5,8,0,0.44906506,-0.276708,19,-0.07500000000000001,-0.050934940576553345
base,0.475,0.5,9,0,0.48863417,-0.08423409,19,-0.025000000000000022,-0.011365830898284912
base,0.525,0.5,10,1,0.5282032,0.10823977,19,0.025000000000000022,0.028203189373016357
base,0.575,0.5,11,1,0.5677723,0.30071366,19,0.07499999999999996,0.06777232885360718
base,0.625,0.5,12,1,0.6073414,0.4931876,19,0.125,0.10734140872955322
base,0.675,0.5,13,1,0.6469105,0.6856616,19,0.17500000000000004,0.14691048860549927
base,0.7250000000000001,0.5,14,1,0.68647957,0.8781355,19,0.2250000000000001,0.1864795684814453
base,0.7749999999999999,0.5,15,1,0.7260487,1.0706093,19,0.2749999999999999,0.22604870796203613
base,0.825,0.5,16,1,0.7656177,1.2630832,19,0.32499999999999996,0.2656177282333374
base,0.8749999999999999,0.5,17,1,0.80518687,1.4555571,19,0.3749999999999999,0.3051868677139282
base,0.9249999999999999,0.5,18,1,0.8447559,1.648031,19,0.42499999999999993,0.3447558879852295
base,0.975,0.5,19,1,0.8824607,1.8026106,19,0.475,0.38246071338653564
curv,0.025000000000000022,0.25,0,0,0.10869996,-1.4073758,19,-0.22499999999999998,-0.1413000375032425
curv,0.025000000000000022,0.25,0,0,0.10869996,-1.4073758,19,-0.22499999999999998,-0.1413000375032425
curv,0.075,0.25,1,0,0.11246483,-1.2778254,19,-0.175,-0.13753516972064972
curv,0.075,0.25,1,0,0.11246483,-1.2778254,19,-0.175,-0.13753516972064972
curv,0.12500000000000003,0.25,2,0,0.14788485,-1.091723,19,-0.12499999999999997,-0.10211515426635742
curv,0.12500000000000003,0.25,2,0,0.14788485,-1.091723,19,-0.12499999999999997,-0.10211515426635742
curv,0.17500000000000002,0.25,3,0,0.18745391,-0.899249,19,-0.07499999999999998,-0.06254608929157257
curv,0.17500000000000002,0.25,3,0,0.18745391,-0.899249,19,-0.07499999999999998,-0.06254608929157257
curv,0.225,0.25,4,0,0.227023,-0.70677507,19,-0.024999999999999994,-0.022976994514465332
curv,0.225,0.25,4,0,0.227023,-0.70677507,19,-0.024999999999999994,-0.022976994514465332
curv,0.275,0.25,5,1,0.26659212,-0.5143011,19,0.025000000000000022,0.0165921151638031
curv,0.325,0.25,6,1,0.30616117,-0.32182735,19,0.07500000000000001,0.05616116523742676
curv,0.37500000000000006,0.25,7,1,0.34573027,-0.12935334,19,0.12500000000000006,0.09573027491569519
curv,0.425,0.25,8,1,0.38529938,0.06312072,19,0.175,0.13529938459396362
curv,0.475,0.25,9,1,0.42486846,0.2555945,19,0.22499999999999998,0.17486846446990967
curv,0.525,0.25,10,1,0.4644375,0.44806826,19,0.275,0.21443751454353333
curv,0.575,0.25,11,1,0.5040066,0.6405423,19,0.32499999999999996,0.25400662422180176
curv,0.625,0.25,12,1,0.5435757,0.8330162,19,0.375,0.2935757040977478
curv,0.675,0.25,13,1,0.5838771,1.0208173,19,0.42500000000000004,0.3338770866394043
curv,0.7250000000000001,0.25,14,1,0.6211884,1.1508052,19,0.4750000000000001,0.3711884021759033
flat,0.275,0.7500000000000001,0,0,0.3941235,-1.1939583,19,-0.4750000000000001,-0.35587650537490856
flat,0.325,0.7500000000000001,1,0,0.4336926,-1.0014845,19,-0.4250000000000001,-0.3163073956966401
flat,0.37500000000000006,0.7500000000000001,2,0,0.4732617,-0.8090105,19,-0.37500000000000006,-0.2767382860183717
flat,0.425,0.7500000000000001,3,0,0.51283073,-0.6165366,19,-0.3250000000000001,-0.23716926574707042
flat,0.475,0.7500000000000001,4,0,0.5523998,-0.42406273,19,-0.27500000000000013,-0.19760018587112438
flat,0.525,0.7500000000000001,5,0,0.59196895,-0.23158884,19,-0.2250000000000001,-0.15803104639053356
flat,0.575,0.7500000000000001,6,0,0.63153803,-0.039114952,19,-0.17500000000000016,-0.11846196651458751
flat,0.625,0.7500000000000001,7,0,0.6711071,0.15335906,19,-0.1250000000000001,-0.07889288663864147
flat,0.675,0.7500000000000001,8,0,0.7106762,0.345833,19,-0.07500000000000007,-0.039323806762695424
flat,0.7250000000000001,0.7500000000000001,9,0,0.75024533,0.538307,19,-0.025000000000000022,0.0002453327178953968
flat,0.7749999999999999,0.7500000000000001,10,1,0.78981435,0.73078066,19,0.0249999999999998,0.039814352989196666
flat,0.7749999999999999,0.7500000000000001,10,1,0.78981435,0.73078066,19,0.0249999999999998,0.039814352989196666
flat,0.825,0.7500000000000001,11,1,0.82938343,0.92325455,19,0.07499999999999984,0.07938343286514271
flat,0.825,0.7500000000000001,11,1,0.82938343,0.92325455,19,0.07499999999999984,0.07938343286514271
flat,0.8749999999999999,0.7500000000000001,12,1,0.8689525,1.1157286,19,0.12499999999999978,0.11895251274108876
flat,0.8749999999999999,0.7500000000000001,12,1,0.8689525,1.1157286,19,0.12499999999999978,0.11895251274108876
flat,0.9249999999999999,0.7500000000000001,13,1,0.90881574,1.3058128,19,0.17499999999999982,0.15881574153900135
flat,0.9249999999999999,0.7500000000000001,13,1,0.90881574,1.3058128,19,0.17499999999999982,0.15881574153900135
flat,0.975,0.7500000000000001,14,1,0.9487657,1.49476,19,0.22499999999999987,0.19876569509506214
flat,0.975,0.7500000000000001,14,1,0.9487657,1.49476,19,0.22499999999999987,0.19876569509506214
base,0.025000000000000022,0.5,0,0,0.12923113,-1.7772427,19,-0.475,-0.37076887488365173
base,0.075,0.5,1,0,0.17189714,-1.6218204,19,-0.425,-0.32810285687446594
base,0.12500000000000003,0.5,2,0,0.21165055,-1.4315515,19,-0.375,-0.288349449634552
base,0.17500000000000002,0.5,3,0,0.25121963,-1.2390776,19,-0.32499999999999996,-0.24878036975860596
base,0.225,0.5,4,0,0.29078874,-1.0466037,19,-0.275,-0.20921126008033752
base,0.275,0.5,5,0,0.3303578,-0.85412973,19,-0.22499999999999998,-0.16964221000671387
base,0.325,0.5,6,0,0.3699269,-0.66165584,19,-0.175,-0.13007310032844543
base,0.37500000000000006,0.5,7,0,0.40949598,-0.46918195,19,-0.12499999999999994,-0.09050402045249939
base,0.425,0.5,8,0,0.44906506,-0.276708,19,-0.07500000000000001,-0.050934940576553345
base,0.475,0.5,9,0,0.48863417,-0.08423409,19,-0.025000000000000022,-0.011365830898284912
base,0.525,0.5,10,1,0.5282032,0.10823977,19,0.025000000000000022,0.028203189373016357
base,0.575,0.5,11,1,0.5677723,0.30071366,19,0.07499999999999996,0.06777232885360718
base,0.625,0.5,12,1,0.6073414,0.4931876,19,0.125,0.10734140872955322
base,0.675,0.5,13,1,0.6469105,0.6856616,19,0.17500000000000004,0.14691048860549927
base,0.7250000000000001,0.5,14,1,0.68647957,0.8781355,19,0.2250000000000001,0.1864795684814453
base,0.7749999999999999,0.5,15,1,0.7260487,1.0706093,19,0.2749999999999999,0.22604870796203613
base,0.825,0.5,16,1,0.7656177,1.2630832,19,0.32499999999999996,0.2656177282333374
base,0.8749999999999999,0.5,17,1,0.80518687,1.4555571,19,0.3749999999999999,0.3051868677139282
base,0.9249999999999999,0.5,18,1,0.8447559,1.648031,19,0.42499999999999993,0.3447558879852295
base,0.975,0.5,19,1,0.8824607,1.8026106,19,0.475,0.38246071338653564
curv,0.025000000000000022,0.25,0,0,0.10869996,-1.4073758,19,-0.22499999999999998,-0.1413000375032425
curv,0.025000000000000022,0.25,0,0,0.10869996,-1.4073758,19,-0.22499999999999998,-0.1413000375032425
curv,0.075,0.25,1,0,0.11246483,-1.2778254,19,-0.175,-0.13753516972064972
curv,0.075,0.25,1,0,0.11246483,-1.2778254,19,-0.175,-0.13753516972064972
curv,0.12500000000000003,0.25,2,0,0.14788485,-1.091723,19,-0.12499999999999997,-0.10211515426635742
curv,0.12500000000000003,0.25,2,0,0.14788485,-1.091723,19,-0.12499999999999997,-0.10211515426635742
curv,0.17500000000000002,0.25,3,0,0.18745391,-0.899249,19,-0.07499999999999998,-0.06254608929157257
curv,0.17500000000000002,0.25,3,0,0.18745391,-0.899249,19,-0.07499999999999998,-0.06254608929157257
curv,0.225,0.25,4,0,0.227023,-0.70677507,19,-0.024999999999999994,-0.022976994514465332
curv,0.225,0.25,4,0,0.227023,-0.70677507,19,-0.024999999999999994,-0.022976994514465332
curv,0.275,0.25,5,1,0.26659212,-0.5143011,19,0.025000000000000022,0.0165921151638031
curv,0.325,0.25,6,1,0.30616117,-0.32182735,19,0.07500000000000001,0.05616116523742676
curv,0.37500000000000006,0.25,7,1,0.34573027,-0.12935334,19,0.12500000000000006,0.09573027491569519
curv,0.425,0.25,8,1,0.38529938,0.06312072,19,0.175,0.13529938459396362
curv,0.475,0.25,9,1,0.42486846,0.2555945,19,0.22499999999999998,0.17486846446990967
curv,0.525,0.25,10,1,0.4644375,0.44806826,19,0.275,0.21443751454353333
curv,0.575,0.25,11,1,0.5040066,0.6405423,19,0.32499999999999996,0.25400662422180176
curv,0.625,0.25,12,1,0.5435757,0.8330162,19,0.375,0.2935757040977478
curv,0.675,0.25,13,1,0.5838771,1.0208173,19,0.42500000000000004,0.3338770866394043
curv,0.7250000000000001,0.25,14,1,0.6211884,1.1508052,19,0.4750000000000001,0.3711884021759033
flat,0.275,0.7500000000000001,0,0,0.3941235,-1.1939583,19,-0.4750000000000001,-0.35587650537490856
flat,0.325,0.7500000000000001,1,0,0.4336926,-1.0014845,19,-0.4250000000000001,-0.3163073956966401
flat,0.37500000000000006,0.7500000000000001,2,0,0.4732617,-0.8090105,19,-0.37500000000000006,-0.2767382860183717
flat,0.425,0.7500000000000001,3,0,0.51283073,-0.6165366,19,-0.3250000000000001,-0.23716926574707042
flat,0.475,0.7500000000000001,4,0,0.5523998,-0.42406273,19,-0.27500000000000013,-0.19760018587112438
flat,0.525,0.7500000000000001,5,0,0.59196895,-0.23158884,19,-0.2250000000000001,-0.15803104639053356
flat,0.575,0.7500000000000001,6,0,0.63153803,-0.039114952,19,-0.17500000000000016,-0.11846196651458751
flat,0.625,0.7500000000000001,7,0,0.6711071,0.15335906,19,-0.1250000000000001,-0.07889288663864147
flat,0.675,0.7500000000000001,8,0,0.7106762,0.345833,19,-0.07500000000000007,-0.039323806762695424
flat,0.7250000000000001,0.7500000000000001,9,0,0.75024533,0.538307,19,-0.025000000000000022,0.0002453327178953968
flat,0.7749999999999999,0.7500000000000001,10,1,0.78981435,0.73078066,19,0.0249999999999998,0.039814352989196666
flat,0.7749999999999999,0.7500000000000001,10,1,0.78981435,0.73078066,19,0.0249999999999998,0.039814352989196666
flat,0.825,0.7500000000000001,11,1,0.82938343,0.92325455,19,0.07499999999999984,0.07938343286514271
flat,0.825,0.7500000000000001,11,1,0.82938343,0.92325455,19,0.07499999999999984,0.07938343286514271
flat,0.8749999999999999,0.7500000000000001,12,1,0.8689525,1.1157286,19,0.12499999999999978,0.11895251274108876
flat,0.8749999999999999,0.7500000000000001,12,1,0.8689525,1.1157286,19,0.12499999999999978,0.11895251274108876
flat,0.9249999999999999,0.7500000000000001,13,1,0.90881574,1.3058128,19,0.17499999999999982,0.15881574153900135
flat,0.9249999999999999,0.7500000000000001,13,1,0.90881574,1.3058128,19,0.17499999999999982,0.15881574153900135
flat,0.975,0.7500000000000001,14,1,0.9487657,1.49476,19,0.22499999999999987,0.19876569509506214
flat,0.975,0.7500000000000001,14,1,0.9487657,1.49476,19,0.22499999999999987,0.19876569509506214
base,0.025000000000000022,0.5,0,0,0.045737483,-1.1684213,20,-0.475,-0.45426251739263535
base,0.075,0.5,1,0,0.09217987,-1.0493588,20,-0.425,-0.40782012790441513
base,0.12500000000000003,0.5,2,0,0.13949186,-0.9262138,20,-0.375,-0.36050814390182495
base,0.17500000000000002,0.5,3,0,0.18680382,-0.8030688,20,-0.32499999999999996,-0.31319618225097656
base,0.225,0.5,4,0,0.23411581,-0.6799239,20,-0.275,-0.2658841907978058
base,0.275,0.5,5,0,0.2814278,-0.5567789,20,-0.22499999999999998,-0.218572199344635
base,0.325,0.5,6,0,0.32873976,-0.43363392,20,-0.175,-0.17126023769378662
base,0.37500000000000006,0.5,7,0,0.37605172,-0.310489,20,-0.12499999999999994,-0.12394827604293823
base,0.425,0.5,8,0,0.42336375,-0.1873439,20,-0.07500000000000001,-0.07663625478744507
base,0.475,0.5,9,0,0.47067565,-0.06419907,20,-0.025000000000000022,-0.029324352741241455
base,0.525,0.5,10,1,0.51798755,0.058945917,20,0.025000000000000022,0.017987549304962158
base,0.575,0.5,11,1,0.5652995,0.18209094,20,0.07499999999999996,0.06529951095581055
base,0.625,0.5,12,1,0.6126116,0.30523586,20,0.125,0.11261159181594849
base,0.675,0.5,13,1,0.65992355,0.4283809,20,0.17500000000000004,0.15992355346679688
base,0.7250000000000001,0.5,14,1,0.70723546,0.55152595,20,0.2250000000000001,0.2072354555130005
base,0.7749999999999999,0.5,15,1,0.7545475,0.6746708,20,0.2749999999999999,0.25454747676849365
base,0.825,0.5,16,1,0.80185944,0.7978157,20,0.32499999999999996,0.30185943841934204
base,0.8749999999999999,0.5,17,1,0.84917134,0.9209607,20,0.3749999999999999,0.34917134046554565
base,0.9249999999999999,0.5,18,1,0.8964833,1.0441058,20,0.42499999999999993,0.39648330211639404
base,0.975,0.5,19,1,0.94355917,1.1667156,20,0.475,0.4435591697692871
curv,0.025000000000000022,0.25,0,0,0.008244358,-0.8921613,20,-0.22499999999999998,-0.2417556419968605
curv,0.025000000000000022,0.25,0,0,0.008244358,-0.8921613,20,-0.22499999999999998,-0.2417556419968605
curv,0.075,0.25,1,0,0.05555632,-0.7690163,20,-0.175,-0.19444368034601212
curv,0.075,0.25,1,0,0.05555632,-0.7690163,20,-0.175,-0.19444368034601212
curv,0.12500000000000003,0.25,2,0,0.102868296,-0.6458714,20,-0.12499999999999997,-0.14713170379400253
curv,0.12500000000000003,0.25,2,0,0.102868296,-0.6458714,20,-0.12499999999999997,-0.14713170379400253
curv,0.17500000000000002,0.25,3,0,0.15018028,-0.5227264,20,-0.07499999999999998,-0.09981971979141235
curv,0.17500000000000002,0.25,3,0,0.15018028,-0.5227264,20,-0.07499999999999998,-0.09981971979141235
curv,0.225,0.25,4,0,0.19749221,-0.3995814,20,-0.024999999999999994,-0.05250778794288635
curv,0.225,0.25,4,0,0.19749221,-0.3995814,20,-0.024999999999999994,-0.05250778794288635
curv,0.275,0.25,5,1,0.24480423,-0.27643642,20,0.025000000000000022,-0.0051957666873931885
curv,0.325,0.25,6,1,0.29211617,-0.1532915,20,0.07500000000000001,0.04211616516113281
curv,0.37500000000000006,0.25,7,1,0.33942813,-0.030146517,20,0.12500000000000006,0.0894281268119812
curv,0.425,0.25,8,1,0.38674015,0.09299853,20,0.175,0.13674014806747437
curv,0.475,0.25,9,1,0.4340521,0.21614349,20,0.22499999999999998,0.18405210971832275
curv,0.525,0.25,10,1,0.481364,0.33928838,20,0.275,0.23136401176452637
curv,0.575,0.25,11,1,0.52867603,0.4624334,20,0.32499999999999996,0.27867603302001953
curv,0.625,0.25,12,1,0.57598805,0.5855784,20,0.375,0.3259880542755127
curv,0.675,0.25,13,1,0.62329996,0.7087234,20,0.42500000000000004,0.3732999563217163
curv,0.7250000000000001,0.25,14,1,0.6706119,0.83186835,20,0.4750000000000001,0.4206119179725647
flat,0.275,0.7500000000000001,0,0,0.31805134,-0.8371213,20,-0.4750000000000001,-0.43194866180419933
flat,0.325,0.7500000000000001,1,0,0.3653633,-0.71397644,20,-0.4250000000000001,-0.38463670015335094
flat,0.37500000000000006,0.7500000000000001,2,0,0.41267526,-0.5908315,20,-0.37500000000000006,-0.33732473850250255
flat,0.425,0.7500000000000001,3,0,0.45998722,-0.46768647,20,-0.3250000000000001,-0.29001277685165416
flat,0.475,0.7500000000000001,4,0,0.50729924,-0.34454143,20,-0.27500000000000013,-0.242700755596161
flat,0.525,0.7500000000000001,5,0,0.55461115,-0.22139657,20,-0.2250000000000001,-0.1953888535499574
flat,0.575,0.7500000000000001,6,0,0.60192305,-0.09825165,20,-0.17500000000000016,-0.14807695150375377
flat,0.625,0.7500000000000001,7,0,0.6492351,0.024893455,20,-0.1250000000000001,-0.10076487064361583
flat,0.675,0.7500000000000001,8,0,0.6965471,0.1480385,20,-0.07500000000000007,-0.053452908992767445
flat,0.7250000000000001,0.7500000000000001,9,0,0.74385905,0.27118343,20,-0.025000000000000022,-0.006140947341919056
flat,0.7749999999999999,0.7500000000000001,10,1,0.79117095,0.3943283,20,0.0249999999999998,0.04117095470428456
flat,0.7749999999999999,0.7500000000000001,10,1,0.79117095,0.3943283,20,0.0249999999999998,0.04117095470428456
flat,0.825,0.7500000000000001,11,1,0.838483,0.51747334,20,0.07499999999999984,0.08848297595977772
flat,0.825,0.7500000000000001,11,1,0.838483,0.51747334,20,0.07499999999999984,0.08848297595977772
flat,0.8749999999999999,0.7500000000000001,12,1,0.885795,0.6406182,20,0.12499999999999978,0.13579499721527089
flat,0.8749999999999999,0.7500000000000001,12,1,0.885795,0.6406182,20,0.12499999999999978,0.13579499721527089
flat,0.9249999999999999,0.7500000000000001,13,1,0.9331069,0.76376337,20,0.17499999999999982,0.1831068992614745
flat,0.9249999999999999,0.7500000000000001,13,1,0.9331069,0.76376337,20,0.17499999999999982,0.1831068992614745
flat,0.975,0.7500000000000001,14,1,0.97463095,0.87378997,20,0.22499999999999987,0.22463095188140858
flat,0.975,0.7500000000000001,14,1,0.97463095,0.87378997,20,0.22499999999999987,0.22463095188140858
base,0.025000000000000022,0.5,0,0,0.045737483,-1.1684213,20,-0.475,-0.45426251739263535
base,0.075,0.5,1,0,0.09217987,-1.0493588,20,-0.425,-0.40782012790441513
base,0.12500000000000003,0.5,2,0,0.13949186,-0.9262138,20,-0.375,-0.36050814390182495
base,0.17500000000000002,0.5,3,0,0.18680382,-0.8030688,20,-0.32499999999999996,-0.31319618225097656
base,0.225,0.5,4,0,0.23411581,-0.6799239,20,-0.275,-0.2658841907978058
base,0.275,0.5,5,0,0.2814278,-0.5567789,20,-0.22499999999999998,-0.218572199344635
base,0.325,0.5,6,0,0.32873976,-0.43363392,20,-0.175,-0.17126023769378662
base,0.37500000000000006,0.5,7,0,0.37605172,-0.310489,20,-0.12499999999999994,-0.12394827604293823
base,0.425,0.5,8,0,0.42336375,-0.1873439,20,-0.07500000000000001,-0.07663625478744507
base,0.475,0.5,9,0,0.47067565,-0.06419907,20,-0.025000000000000022,-0.029324352741241455
base,0.525,0.5,10,1,0.51798755,0.058945917,20,0.025000000000000022,0.017987549304962158
base,0.575,0.5,11,1,0.5652995,0.18209094,20,0.07499999999999996,0.06529951095581055
base,0.625,0.5,12,1,0.6126116,0.30523586,20,0.125,0.11261159181594849
base,0.675,0.5,13,1,0.65992355,0.4283809,20,0.17500000000000004,0.15992355346679688
base,0.7250000000000001,0.5,14,1,0.70723546,0.55152595,20,0.2250000000000001,0.2072354555130005
base,0.7749999999999999,0.5,15,1,0.7545475,0.6746708,20,0.2749999999999999,0.25454747676849365
base,0.825,0.5,16,1,0.80185944,0.7978157,20,0.32499999999999996,0.30185943841934204
base,0.8749999999999999,0.5,17,1,0.84917134,0.9209607,20,0.3749999999999999,0.34917134046554565
base,0.9249999999999999,0.5,18,1,0.8964833,1.0441058,20,0.42499999999999993,0.39648330211639404
base,0.975,0.5,19,1,0.94355917,1.1667156,20,0.475,0.4435591697692871
curv,0.025000000000000022,0.25,0,0,0.008244358,-0.8921613,20,-0.22499999999999998,-0.2417556419968605
curv,0.025000000000000022,0.25,0,0,0.008244358,-0.8921613,20,-0.22499999999999998,-0.2417556419968605
curv,0.075,0.25,1,0,0.05555632,-0.7690163,20,-0.175,-0.19444368034601212
curv,0.075,0.25,1,0,0.05555632,-0.7690163,20,-0.175,-0.19444368034601212
curv,0.12500000000000003,0.25,2,0,0.102868296,-0.6458714,20,-0.12499999999999997,-0.14713170379400253
curv,0.12500000000000003,0.25,2,0,0.102868296,-0.6458714,20,-0.12499999999999997,-0.14713170379400253
curv,0.17500000000000002,0.25,3,0,0.15018028,-0.5227264,20,-0.07499999999999998,-0.09981971979141235
curv,0.17500000000000002,0.25,3,0,0.15018028,-0.5227264,20,-0.07499999999999998,-0.09981971979141235
curv,0.225,0.25,4,0,0.19749221,-0.3995814,20,-0.024999999999999994,-0.05250778794288635
curv,0.225,0.25,4,0,0.19749221,-0.3995814,20,-0.024999999999999994,-0.05250778794288635
curv,0.275,0.25,5,1,0.24480423,-0.27643642,20,0.025000000000000022,-0.0051957666873931885
curv,0.325,0.25,6,1,0.29211617,-0.1532915,20,0.07500000000000001,0.04211616516113281
curv,0.37500000000000006,0.25,7,1,0.33942813,-0.030146517,20,0.12500000000000006,0.0894281268119812
curv,0.425,0.25,8,1,0.38674015,0.09299853,20,0.175,0.13674014806747437
curv,0.475,0.25,9,1,0.4340521,0.21614349,20,0.22499999999999998,0.18405210971832275
curv,0.525,0.25,10,1,0.481364,0.33928838,20,0.275,0.23136401176452637
curv,0.575,0.25,11,1,0.52867603,0.4624334,20,0.32499999999999996,0.27867603302001953
curv,0.625,0.25,12,1,0.57598805,0.5855784,20,0.375,0.3259880542755127
curv,0.675,0.25,13,1,0.62329996,0.7087234,20,0.42500000000000004,0.3732999563217163
curv,0.7250000000000001,0.25,14,1,0.6706119,0.83186835,20,0.4750000000000001,0.4206119179725647
flat,0.275,0.7500000000000001,0,0,0.31805134,-0.8371213,20,-0.4750000000000001,-0.43194866180419933
flat,0.325,0.7500000000000001,1,0,0.3653633,-0.71397644,20,-0.4250000000000001,-0.38463670015335094
flat,0.37500000000000006,0.7500000000000001,2,0,0.41267526,-0.5908315,20,-0.37500000000000006,-0.33732473850250255
flat,0.425,0.7500000000000001,3,0,0.45998722,-0.46768647,20,-0.3250000000000001,-0.29001277685165416
flat,0.475,0.7500000000000001,4,0,0.50729924,-0.34454143,20,-0.27500000000000013,-0.242700755596161
flat,0.525,0.7500000000000001,5,0,0.55461115,-0.22139657,20,-0.2250000000000001,-0.1953888535499574
flat,0.575,0.7500000000000001,6,0,0.60192305,-0.09825165,20,-0.17500000000000016,-0.14807695150375377
flat,0.625,0.7500000000000001,7,0,0.6492351,0.024893455,20,-0.1250000000000001,-0.10076487064361583
flat,0.675,0.7500000000000001,8,0,0.6965471,0.1480385,20,-0.07500000000000007,-0.053452908992767445
flat,0.7250000000000001,0.7500000000000001,9,0,0.74385905,0.27118343,20,-0.025000000000000022,-0.006140947341919056
flat,0.7749999999999999,0.7500000000000001,10,1,0.79117095,0.3943283,20,0.0249999999999998,0.04117095470428456
flat,0.7749999999999999,0.7500000000000001,10,1,0.79117095,0.3943283,20,0.0249999999999998,0.04117095470428456
flat,0.825,0.7500000000000001,11,1,0.838483,0.51747334,20,0.07499999999999984,0.08848297595977772
flat,0.825,0.7500000000000001,11,1,0.838483,0.51747334,20,0.07499999999999984,0.08848297595977772
flat,0.8749999999999999,0.7500000000000001,12,1,0.885795,0.6406182,20,0.12499999999999978,0.13579499721527089
flat,0.8749999999999999,0.7500000000000001,12,1,0.885795,0.6406182,20,0.12499999999999978,0.13579499721527089
flat,0.9249999999999999,0.7500000000000001,13,1,0.9331069,0.76376337,20,0.17499999999999982,0.1831068992614745
flat,0.9249999999999999,0.7500000000000001,13,1,0.9331069,0.76376337,20,0.17499999999999982,0.1831068992614745
flat,0.975,0.7500000000000001,14,1,0.97463095,0.87378997,20,0.22499999999999987,0.22463095188140858
flat,0.975,0.7500000000000001,14,1,0.97463095,0.87378997,20,0.22499999999999987,0.22463095188140858
base,0.025000000000000022,0.5,0,0,0.045737483,-1.1684213,20,-0.475,-0.45426251739263535
base,0.075,0.5,1,0,0.09217987,-1.0493588,20,-0.425,-0.40782012790441513
base,0.12500000000000003,0.5,2,0,0.13949186,-0.9262138,20,-0.375,-0.36050814390182495
base,0.17500000000000002,0.5,3,0,0.18680382,-0.8030688,20,-0.32499999999999996,-0.31319618225097656
base,0.225,0.5,4,0,0.23411581,-0.6799239,20,-0.275,-0.2658841907978058
base,0.275,0.5,5,0,0.2814278,-0.5567789,20,-0.22499999999999998,-0.218572199344635
base,0.325,0.5,6,0,0.32873976,-0.43363392,20,-0.175,-0.17126023769378662
base,0.37500000000000006,0.5,7,0,0.37605172,-0.310489,20,-0.12499999999999994,-0.12394827604293823
base,0.425,0.5,8,0,0.42336375,-0.1873439,20,-0.07500000000000001,-0.07663625478744507
base,0.475,0.5,9,0,0.47067565,-0.06419907,20,-0.025000000000000022,-0.029324352741241455
base,0.525,0.5,10,1,0.51798755,0.058945917,20,0.025000000000000022,0.017987549304962158
base,0.575,0.5,11,1,0.5652995,0.18209094,20,0.07499999999999996,0.06529951095581055
base,0.625,0.5,12,1,0.6126116,0.30523586,20,0.125,0.11261159181594849
base,0.675,0.5,13,1,0.65992355,0.4283809,20,0.17500000000000004,0.15992355346679688
base,0.7250000000000001,0.5,14,1,0.70723546,0.55152595,20,0.2250000000000001,0.2072354555130005
base,0.7749999999999999,0.5,15,1,0.7545475,0.6746708,20,0.2749999999999999,0.25454747676849365
base,0.825,0.5,16,1,0.80185944,0.7978157,20,0.32499999999999996,0.30185943841934204
base,0.8749999999999999,0.5,17,1,0.84917134,0.9209607,20,0.3749999999999999,0.34917134046554565
base,0.9249999999999999,0.5,18,1,0.8964833,1.0441058,20,0.42499999999999993,0.39648330211639404
base,0.975,0.5,19,1,0.94355917,1.1667156,20,0.475,0.4435591697692871
curv,0.025000000000000022,0.25,0,0,0.008244358,-0.8921613,20,-0.22499999999999998,-0.2417556419968605
curv,0.025000000000000022,0.25,0,0,0.008244358,-0.8921613,20,-0.22499999999999998,-0.2417556419968605
curv,0.075,0.25,1,0,0.05555632,-0.7690163,20,-0.175,-0.19444368034601212
curv,0.075,0.25,1,0,0.05555632,-0.7690163,20,-0.175,-0.19444368034601212
curv,0.12500000000000003,0.25,2,0,0.102868296,-0.6458714,20,-0.12499999999999997,-0.14713170379400253
curv,0.12500000000000003,0.25,2,0,0.102868296,-0.6458714,20,-0.12499999999999997,-0.14713170379400253
curv,0.17500000000000002,0.25,3,0,0.15018028,-0.5227264,20,-0.07499999999999998,-0.09981971979141235
curv,0.17500000000000002,0.25,3,0,0.15018028,-0.5227264,20,-0.07499999999999998,-0.09981971979141235
curv,0.225,0.25,4,0,0.19749221,-0.3995814,20,-0.024999999999999994,-0.05250778794288635
curv,0.225,0.25,4,0,0.19749221,-0.3995814,20,-0.024999999999999994,-0.05250778794288635
curv,0.275,0.25,5,1,0.24480423,-0.27643642,20,0.025000000000000022,-0.0051957666873931885
curv,0.325,0.25,6,1,0.29211617,-0.1532915,20,0.07500000000000001,0.04211616516113281
curv,0.37500000000000006,0.25,7,1,0.33942813,-0.030146517,20,0.12500000000000006,0.0894281268119812
curv,0.425,0.25,8,1,0.38674015,0.09299853,20,0.175,0.13674014806747437
curv,0.475,0.25,9,1,0.4340521,0.21614349,20,0.22499999999999998,0.18405210971832275
curv,0.525,0.25,10,1,0.481364,0.33928838,20,0.275,0.23136401176452637
curv,0.575,0.25,11,1,0.52867603,0.4624334,20,0.32499999999999996,0.27867603302001953
curv,0.625,0.25,12,1,0.57598805,0.5855784,20,0.375,0.3259880542755127
curv,0.675,0.25,13,1,0.62329996,0.7087234,20,0.42500000000000004,0.3732999563217163
curv,0.7250000000000001,0.25,14,1,0.6706119,0.83186835,20,0.4750000000000001,0.4206119179725647
flat,0.275,0.7500000000000001,0,0,0.31805134,-0.8371213,20,-0.4750000000000001,-0.43194866180419933
flat,0.325,0.7500000000000001,1,0,0.3653633,-0.71397644,20,-0.4250000000000001,-0.38463670015335094
flat,0.37500000000000006,0.7500000000000001,2,0,0.41267526,-0.5908315,20,-0.37500000000000006,-0.33732473850250255
flat,0.425,0.7500000000000001,3,0,0.45998722,-0.46768647,20,-0.3250000000000001,-0.29001277685165416
flat,0.475,0.7500000000000001,4,0,0.50729924,-0.34454143,20,-0.27500000000000013,-0.242700755596161
flat,0.525,0.7500000000000001,5,0,0.55461115,-0.22139657,20,-0.2250000000000001,-0.1953888535499574
flat,0.575,0.7500000000000001,6,0,0.60192305,-0.09825165,20,-0.17500000000000016,-0.14807695150375377
flat,0.625,0.7500000000000001,7,0,0.6492351,0.024893455,20,-0.1250000000000001,-0.10076487064361583
flat,0.675,0.7500000000000001,8,0,0.6965471,0.1480385,20,-0.07500000000000007,-0.053452908992767445
flat,0.7250000000000001,0.7500000000000001,9,0,0.74385905,0.27118343,20,-0.025000000000000022,-0.006140947341919056
flat,0.7749999999999999,0.7500000000000001,10,1,0.79117095,0.3943283,20,0.0249999999999998,0.04117095470428456
flat,0.7749999999999999,0.7500000000000001,10,1,0.79117095,0.3943283,20,0.0249999999999998,0.04117095470428456
flat,0.825,0.7500000000000001,11,1,0.838483,0.51747334,20,0.07499999999999984,0.08848297595977772
flat,0.825,0.7500000000000001,11,1,0.838483,0.51747334,20,0.07499999999999984,0.08848297595977772
flat,0.8749999999999999,0.7500000000000001,12,1,0.885795,0.6406182,20,0.12499999999999978,0.13579499721527089
flat,0.8749999999999999,0.7500000000000001,12,1,0.885795,0.6406182,20,0.12499999999999978,0.13579499721527089
flat,0.9249999999999999,0.7500000000000001,13,1,0.9331069,0.76376337,20,0.17499999999999982,0.1831068992614745
flat,0.9249999999999999,0.7500000000000001,13,1,0.9331069,0.76376337,20,0.17499999999999982,0.1831068992614745
flat,0.975,0.7500000000000001,14,1,0.97463095,0.87378997,20,0.22499999999999987,0.22463095188140858
flat,0.975,0.7500000000000001,14,1,0.97463095,0.87378997,20,0.22499999999999987,0.22463095188140858
base,0.025000000000000022,0.5,0,0,0.045737483,-1.1684213,20,-0.475,-0.45426251739263535
base,0.075,0.5,1,0,0.09217987,-1.0493588,20,-0.425,-0.40782012790441513
base,0.12500000000000003,0.5,2,0,0.13949186,-0.9262138,20,-0.375,-0.36050814390182495
base,0.17500000000000002,0.5,3,0,0.18680382,-0.8030688,20,-0.32499999999999996,-0.31319618225097656
base,0.225,0.5,4,0,0.23411581,-0.6799239,20,-0.275,-0.2658841907978058
base,0.275,0.5,5,0,0.2814278,-0.5567789,20,-0.22499999999999998,-0.218572199344635
base,0.325,0.5,6,0,0.32873976,-0.43363392,20,-0.175,-0.17126023769378662
base,0.37500000000000006,0.5,7,0,0.37605172,-0.310489,20,-0.12499999999999994,-0.12394827604293823
base,0.425,0.5,8,0,0.42336375,-0.1873439,20,-0.07500000000000001,-0.07663625478744507
base,0.475,0.5,9,0,0.47067565,-0.06419907,20,-0.025000000000000022,-0.029324352741241455
base,0.525,0.5,10,1,0.51798755,0.058945917,20,0.025000000000000022,0.017987549304962158
base,0.575,0.5,11,1,0.5652995,0.18209094,20,0.07499999999999996,0.06529951095581055
base,0.625,0.5,12,1,0.6126116,0.30523586,20,0.125,0.11261159181594849
base,0.675,0.5,13,1,0.65992355,0.4283809,20,0.17500000000000004,0.15992355346679688
base,0.7250000000000001,0.5,14,1,0.70723546,0.55152595,20,0.2250000000000001,0.2072354555130005
base,0.7749999999999999,0.5,15,1,0.7545475,0.6746708,20,0.2749999999999999,0.25454747676849365
base,0.825,0.5,16,1,0.80185944,0.7978157,20,0.32499999999999996,0.30185943841934204
base,0.8749999999999999,0.5,17,1,0.84917134,0.9209607,20,0.3749999999999999,0.34917134046554565
base,0.9249999999999999,0.5,18,1,0.8964833,1.0441058,20,0.42499999999999993,0.39648330211639404
base,0.975,0.5,19,1,0.94355917,1.1667156,20,0.475,0.4435591697692871
curv,0.025000000000000022,0.25,0,0,0.008244358,-0.8921613,20,-0.22499999999999998,-0.2417556419968605
curv,0.025000000000000022,0.25,0,0,0.008244358,-0.8921613,20,-0.22499999999999998,-0.2417556419968605
curv,0.075,0.25,1,0,0.05555632,-0.7690163,20,-0.175,-0.19444368034601212
curv,0.075,0.25,1,0,0.05555632,-0.7690163,20,-0.175,-0.19444368034601212
curv,0.12500000000000003,0.25,2,0,0.102868296,-0.6458714,20,-0.12499999999999997,-0.14713170379400253
curv,0.12500000000000003,0.25,2,0,0.102868296,-0.6458714,20,-0.12499999999999997,-0.14713170379400253
curv,0.17500000000000002,0.25,3,0,0.15018028,-0.5227264,20,-0.07499999999999998,-0.09981971979141235
curv,0.17500000000000002,0.25,3,0,0.15018028,-0.5227264,20,-0.07499999999999998,-0.09981971979141235
curv,0.225,0.25,4,0,0.19749221,-0.3995814,20,-0.024999999999999994,-0.05250778794288635
curv,0.225,0.25,4,0,0.19749221,-0.3995814,20,-0.024999999999999994,-0.05250778794288635
curv,0.275,0.25,5,1,0.24480423,-0.27643642,20,0.025000000000000022,-0.0051957666873931885
curv,0.325,0.25,6,1,0.29211617,-0.1532915,20,0.07500000000000001,0.04211616516113281
curv,0.37500000000000006,0.25,7,1,0.33942813,-0.030146517,20,0.12500000000000006,0.0894281268119812
curv,0.425,0.25,8,1,0.38674015,0.09299853,20,0.175,0.13674014806747437
curv,0.475,0.25,9,1,0.4340521,0.21614349,20,0.22499999999999998,0.18405210971832275
curv,0.525,0.25,10,1,0.481364,0.33928838,20,0.275,0.23136401176452637
curv,0.575,0.25,11,1,0.52867603,0.4624334,20,0.32499999999999996,0.27867603302001953
curv,0.625,0.25,12,1,0.57598805,0.5855784,20,0.375,0.3259880542755127
curv,0.675,0.25,13,1,0.62329996,0.7087234,20,0.42500000000000004,0.3732999563217163
curv,0.7250000000000001,0.25,14,1,0.6706119,0.83186835,20,0.4750000000000001,0.4206119179725647
flat,0.275,0.7500000000000001,0,0,0.31805134,-0.8371213,20,-0.4750000000000001,-0.43194866180419933
flat,0.325,0.7500000000000001,1,0,0.3653633,-0.71397644,20,-0.4250000000000001,-0.38463670015335094
flat,0.37500000000000006,0.7500000000000001,2,0,0.41267526,-0.5908315,20,-0.37500000000000006,-0.33732473850250255
flat,0.425,0.7500000000000001,3,0,0.45998722,-0.46768647,20,-0.3250000000000001,-0.29001277685165416
flat,0.475,0.7500000000000001,4,0,0.50729924,-0.34454143,20,-0.27500000000000013,-0.242700755596161
flat,0.525,0.7500000000000001,5,0,0.55461115,-0.22139657,20,-0.2250000000000001,-0.1953888535499574
flat,0.575,0.7500000000000001,6,0,0.60192305,-0.09825165,20,-0.17500000000000016,-0.14807695150375377
flat,0.625,0.7500000000000001,7,0,0.6492351,0.024893455,20,-0.1250000000000001,-0.10076487064361583
flat,0.675,0.7500000000000001,8,0,0.6965471,0.1480385,20,-0.07500000000000007,-0.053452908992767445
flat,0.7250000000000001,0.7500000000000001,9,0,0.74385905,0.27118343,20,-0.025000000000000022,-0.006140947341919056
flat,0.7749999999999999,0.7500000000000001,10,1,0.79117095,0.3943283,20,0.0249999999999998,0.04117095470428456
flat,0.7749999999999999,0.7500000000000001,10,1,0.79117095,0.3943283,20,0.0249999999999998,0.04117095470428456
flat,0.825,0.7500000000000001,11,1,0.838483,0.51747334,20,0.07499999999999984,0.08848297595977772
flat,0.825,0.7500000000000001,11,1,0.838483,0.51747334,20,0.07499999999999984,0.08848297595977772
flat,0.8749999999999999,0.7500000000000001,12,1,0.885795,0.6406182,20,0.12499999999999978,0.13579499721527089
flat,0.8749999999999999,0.7500000000000001,12,1,0.885795,0.6406182,20,0.12499999999999978,0.13579499721527089
flat,0.9249999999999999,0.7500000000000001,13,1,0.9331069,0.76376337,20,0.17499999999999982,0.1831068992614745
flat,0.9249999999999999,0.7500000000000001,13,1,0.9331069,0.76376337,20,0.17499999999999982,0.1831068992614745
flat,0.975,0.7500000000000001,14,1,0.97463095,0.87378997,20,0.22499999999999987,0.22463095188140858
flat,0.975,0.7500000000000001,14,1,0.97463095,0.87378997,20,0.22499999999999987,0.22463095188140858
base,0.025000000000000022,0.5,0,0,0.12836146,-4.1877213,21,-0.475,-0.37163853645324707
base,0.075,0.5,1,0,0.16903742,-3.7505524,21,-0.425,-0.3309625834226608
base,0.12500000000000003,0.5,2,0,0.20971344,-3.313384,21,-0.375,-0.2902865558862686
base,0.17500000000000002,0.5,3,0,0.2503894,-2.8762162,21,-0.32499999999999996,-0.24961060285568237
base,0.225,0.5,4,0,0.2910654,-2.439048,21,-0.275,-0.20893460512161255
base,0.275,0.5,5,0,0.33174133,-2.0018797,21,-0.22499999999999998,-0.1682586669921875
base,0.325,0.5,6,0,0.37241733,-1.5647117,21,-0.175,-0.12758266925811768
base,0.37500000000000006,0.5,7,0,0.4130934,-1.1275436,21,-0.12499999999999994,-0.08690661191940308
base,0.425,0.5,8,0,0.45376933,-0.69037515,21,-0.07500000000000001,-0.04623067378997803
base,0.475,0.5,9,0,0.49444526,-0.25320715,21,-0.025000000000000022,-0.0055547356605529785
base,0.525,0.5,10,1,0.5351213,0.1839608,21,0.025000000000000022,0.03512132167816162
base,0.575,0.5,11,1,0.57579726,0.6211291,21,0.07499999999999996,0.07579725980758667
base,0.625,0.5,12,1,0.61647326,1.0582973,21,0.125,0.1164732575416565
base,0.675,0.5,13,1,0.6571492,1.4954655,21,0.17500000000000004,0.15714919567108154
base,0.7250000000000001,0.5,14,1,0.6978252,1.9326338,21,0.2250000000000001,0.19782519340515137
base,0.7749999999999999,0.5,15,1,0.73850113,2.3698015,21,0.2749999999999999,0.23850113153457642
base,0.825,0.5,16,1,0.7791771,2.8069701,21,0.32499999999999996,0.27917712926864624
base,0.8749999999999999,0.5,17,1,0.8142116,3.2031753,21,0.3749999999999999,0.3142116069793701
base,0.9249999999999999,0.5,18,1,0.8504171,3.4821255,21,0.42499999999999993,0.3504170775413513
base,0.975,0.5,19,1,0.88883644,3.6603293,21,0.475,0.38883644342422485
curv,0.025000000000000022,0.25,0,0,0.11531274,-2.8082092,21,-0.22499999999999998,-0.13468725979328156
curv,0.025000000000000022,0.25,0,0,0.11531274,-2.8082092,21,-0.22499999999999998,-0.13468725979328156
curv,0.075,0.25,1,0,0.15598874,-2.371041,21,-0.175,-0.09401126205921173
curv,0.075,0.25,1,0,0.15598874,-2.371041,21,-0.175,-0.09401126205921173
curv,0.12500000000000003,0.25,2,0,0.19666468,-1.9338733,21,-0.12499999999999997,-0.05333532392978668
curv,0.12500000000000003,0.25,2,0,0.19666468,-1.9338733,21,-0.12499999999999997,-0.05333532392978668
curv,0.17500000000000002,0.25,3,0,0.23734067,-1.4967053,21,-0.07499999999999998,-0.012659326195716858
curv,0.17500000000000002,0.25,3,0,0.23734067,-1.4967053,21,-0.07499999999999998,-0.012659326195716858
curv,0.225,0.25,4,0,0.27801663,-1.0595369,21,-0.024999999999999994,0.028016626834869385
curv,0.225,0.25,4,0,0.27801663,-1.0595369,21,-0.024999999999999994,0.028016626834869385
curv,0.275,0.25,5,1,0.31869268,-0.6223685,21,0.025000000000000022,0.06869268417358398
curv,0.325,0.25,6,1,0.35936862,-0.18520069,21,0.07500000000000001,0.10936862230300903
curv,0.37500000000000006,0.25,7,1,0.40004456,0.2519676,21,0.12500000000000006,0.15004456043243408
curv,0.425,0.25,8,1,0.44072062,0.689136,21,0.175,0.19072061777114868
curv,0.475,0.25,9,1,0.48139656,1.1263039,21,0.22499999999999998,0.23139655590057373
curv,0.525,0.25,10,1,0.52207255,1.5634719,21,0.275,0.27207255363464355
curv,0.575,0.25,11,1,0.5627485,2.0006402,21,0.32499999999999996,0.3127484917640686
curv,0.625,0.25,12,1,0.60343575,2.4322078,21,0.375,0.353435754776001
curv,0.675,0.25,13,1,0.6491423,2.751189,21,0.42500000000000004,0.399142324924469
curv,0.7250000000000001,0.25,14,1,0.69323444,3.0483506,21,0.4750000000000001,0.4432344436645508
flat,0.275,0.7500000000000001,0,0,0.34479004,-3.3813908,21,-0.4750000000000001,-0.4052099585533143
flat,0.325,0.7500000000000001,1,0,0.3854661,-2.9442227,21,-0.4250000000000001,-0.3645339012145997
flat,0.37500000000000006,0.7500000000000001,2,0,0.42614204,-2.5070546,21,-0.37500000000000006,-0.32385796308517467
flat,0.425,0.7500000000000001,3,0,0.46681803,-2.069886,21,-0.3250000000000001,-0.28318196535110485
flat,0.475,0.7500000000000001,4,0,0.50749403,-1.6327182,21,-0.27500000000000013,-0.24250596761703502
flat,0.525,0.7500000000000001,5,0,0.54817003,-1.1955502,21,-0.2250000000000001,-0.2018299698829652
flat,0.575,0.7500000000000001,6,0,0.588846,-0.758382,21,-0.17500000000000016,-0.16115397214889537
flat,0.625,0.7500000000000001,7,0,0.62952197,-0.32121375,21,-0.1250000000000001,-0.12047803401947033
flat,0.675,0.7500000000000001,8,0,0.670198,0.115954615,21,-0.07500000000000007,-0.07980197668075573
flat,0.7250000000000001,0.7500000000000001,9,0,0.71087396,0.5531227,21,-0.025000000000000022,-0.03912603855133068
flat,0.7749999999999999,0.7500000000000001,10,1,0.7515499,0.9902906,21,0.0249999999999998,0.0015498995780943714
flat,0.7749999999999999,0.7500000000000001,10,1,0.7515499,0.9902906,21,0.0249999999999998,0.0015498995780943714
flat,0.825,0.7500000000000001,11,1,0.7922259,1.4274589,21,0.07499999999999984,0.042225897312164196
flat,0.825,0.7500000000000001,11,1,0.7922259,1.4274589,21,0.07499999999999984,0.042225897312164196
flat,0.8749999999999999,0.7500000000000001,12,1,0.83290184,1.864627,21,0.12499999999999978,0.08290183544158924
flat,0.8749999999999999,0.7500000000000001,12,1,0.83290184,1.864627,21,0.12499999999999978,0.08290183544158924
flat,0.9249999999999999,0.7500000000000001,13,1,0.87357783,2.3017957,21,0.17499999999999982,0.12357783317565907
flat,0.9249999999999999,0.7500000000000001,13,1,0.87357783,2.3017957,21,0.17499999999999982,0.12357783317565907
flat,0.975,0.7500000000000001,14,1,0.9142538,2.7389638,21,0.22499999999999987,0.16425377130508412
flat,0.975,0.7500000000000001,14,1,0.9142538,2.7389638,21,0.22499999999999987,0.16425377130508412
base,0.025000000000000022,0.5,0,0,0.12836146,-4.1877213,21,-0.475,-0.37163853645324707
base,0.075,0.5,1,0,0.16903742,-3.7505524,21,-0.425,-0.3309625834226608
base,0.12500000000000003,0.5,2,0,0.20971344,-3.313384,21,-0.375,-0.2902865558862686
base,0.17500000000000002,0.5,3,0,0.2503894,-2.8762162,21,-0.32499999999999996,-0.24961060285568237
base,0.225,0.5,4,0,0.2910654,-2.439048,21,-0.275,-0.20893460512161255
base,0.275,0.5,5,0,0.33174133,-2.0018797,21,-0.22499999999999998,-0.1682586669921875
base,0.325,0.5,6,0,0.37241733,-1.5647117,21,-0.175,-0.12758266925811768
base,0.37500000000000006,0.5,7,0,0.4130934,-1.1275436,21,-0.12499999999999994,-0.08690661191940308
base,0.425,0.5,8,0,0.45376933,-0.69037515,21,-0.07500000000000001,-0.04623067378997803
base,0.475,0.5,9,0,0.49444526,-0.25320715,21,-0.025000000000000022,-0.0055547356605529785
base,0.525,0.5,10,1,0.5351213,0.1839608,21,0.025000000000000022,0.03512132167816162
base,0.575,0.5,11,1,0.57579726,0.6211291,21,0.07499999999999996,0.07579725980758667
base,0.625,0.5,12,1,0.61647326,1.0582973,21,0.125,0.1164732575416565
base,0.675,0.5,13,1,0.6571492,1.4954655,21,0.17500000000000004,0.15714919567108154
base,0.7250000000000001,0.5,14,1,0.6978252,1.9326338,21,0.2250000000000001,0.19782519340515137
base,0.7749999999999999,0.5,15,1,0.73850113,2.3698015,21,0.2749999999999999,0.23850113153457642
base,0.825,0.5,16,1,0.7791771,2.8069701,21,0.32499999999999996,0.27917712926864624
base,0.8749999999999999,0.5,17,1,0.8142116,3.2031753,21,0.3749999999999999,0.3142116069793701
base,0.9249999999999999,0.5,18,1,0.8504171,3.4821255,21,0.42499999999999993,0.3504170775413513
base,0.975,0.5,19,1,0.88883644,3.6603293,21,0.475,0.38883644342422485
curv,0.025000000000000022,0.25,0,0,0.11531274,-2.8082092,21,-0.22499999999999998,-0.13468725979328156
curv,0.025000000000000022,0.25,0,0,0.11531274,-2.8082092,21,-0.22499999999999998,-0.13468725979328156
curv,0.075,0.25,1,0,0.15598874,-2.371041,21,-0.175,-0.09401126205921173
curv,0.075,0.25,1,0,0.15598874,-2.371041,21,-0.175,-0.09401126205921173
curv,0.12500000000000003,0.25,2,0,0.19666468,-1.9338733,21,-0.12499999999999997,-0.05333532392978668
curv,0.12500000000000003,0.25,2,0,0.19666468,-1.9338733,21,-0.12499999999999997,-0.05333532392978668
curv,0.17500000000000002,0.25,3,0,0.23734067,-1.4967053,21,-0.07499999999999998,-0.012659326195716858
curv,0.17500000000000002,0.25,3,0,0.23734067,-1.4967053,21,-0.07499999999999998,-0.012659326195716858
curv,0.225,0.25,4,0,0.27801663,-1.0595369,21,-0.024999999999999994,0.028016626834869385
curv,0.225,0.25,4,0,0.27801663,-1.0595369,21,-0.024999999999999994,0.028016626834869385
curv,0.275,0.25,5,1,0.31869268,-0.6223685,21,0.025000000000000022,0.06869268417358398
curv,0.325,0.25,6,1,0.35936862,-0.18520069,21,0.07500000000000001,0.10936862230300903
curv,0.37500000000000006,0.25,7,1,0.40004456,0.2519676,21,0.12500000000000006,0.15004456043243408
curv,0.425,0.25,8,1,0.44072062,0.689136,21,0.175,0.19072061777114868
curv,0.475,0.25,9,1,0.48139656,1.1263039,21,0.22499999999999998,0.23139655590057373
curv,0.525,0.25,10,1,0.52207255,1.5634719,21,0.275,0.27207255363464355
curv,0.575,0.25,11,1,0.5627485,2.0006402,21,0.32499999999999996,0.3127484917640686
curv,0.625,0.25,12,1,0.60343575,2.4322078,21,0.375,0.353435754776001
curv,0.675,0.25,13,1,0.6491423,2.751189,21,0.42500000000000004,0.399142324924469
curv,0.7250000000000001,0.25,14,1,0.69323444,3.0483506,21,0.4750000000000001,0.4432344436645508
flat,0.275,0.7500000000000001,0,0,0.34479004,-3.3813908,21,-0.4750000000000001,-0.4052099585533143
flat,0.325,0.7500000000000001,1,0,0.3854661,-2.9442227,21,-0.4250000000000001,-0.3645339012145997
flat,0.37500000000000006,0.7500000000000001,2,0,0.42614204,-2.5070546,21,-0.37500000000000006,-0.32385796308517467
flat,0.425,0.7500000000000001,3,0,0.46681803,-2.069886,21,-0.3250000000000001,-0.28318196535110485
flat,0.475,0.7500000000000001,4,0,0.50749403,-1.6327182,21,-0.27500000000000013,-0.24250596761703502
flat,0.525,0.7500000000000001,5,0,0.54817003,-1.1955502,21,-0.2250000000000001,-0.2018299698829652
flat,0.575,0.7500000000000001,6,0,0.588846,-0.758382,21,-0.17500000000000016,-0.16115397214889537
flat,0.625,0.7500000000000001,7,0,0.62952197,-0.32121375,21,-0.1250000000000001,-0.12047803401947033
flat,0.675,0.7500000000000001,8,0,0.670198,0.115954615,21,-0.07500000000000007,-0.07980197668075573
flat,0.7250000000000001,0.7500000000000001,9,0,0.71087396,0.5531227,21,-0.025000000000000022,-0.03912603855133068
flat,0.7749999999999999,0.7500000000000001,10,1,0.7515499,0.9902906,21,0.0249999999999998,0.0015498995780943714
flat,0.7749999999999999,0.7500000000000001,10,1,0.7515499,0.9902906,21,0.0249999999999998,0.0015498995780943714
flat,0.825,0.7500000000000001,11,1,0.7922259,1.4274589,21,0.07499999999999984,0.042225897312164196
flat,0.825,0.7500000000000001,11,1,0.7922259,1.4274589,21,0.07499999999999984,0.042225897312164196
flat,0.8749999999999999,0.7500000000000001,12,1,0.83290184,1.864627,21,0.12499999999999978,0.08290183544158924
flat,0.8749999999999999,0.7500000000000001,12,1,0.83290184,1.864627,21,0.12499999999999978,0.08290183544158924
flat,0.9249999999999999,0.7500000000000001,13,1,0.87357783,2.3017957,21,0.17499999999999982,0.12357783317565907
flat,0.9249999999999999,0.7500000000000001,13,1,0.87357783,2.3017957,21,0.17499999999999982,0.12357783317565907
flat,0.975,0.7500000000000001,14,1,0.9142538,2.7389638,21,0.22499999999999987,0.16425377130508412
flat,0.975,0.7500000000000001,14,1,0.9142538,2.7389638,21,0.22499999999999987,0.16425377130508412
base,0.025000000000000022,0.5,0,0,0.12836146,-4.1877213,21,-0.475,-0.37163853645324707
base,0.075,0.5,1,0,0.16903742,-3.7505524,21,-0.425,-0.3309625834226608
base,0.12500000000000003,0.5,2,0,0.20971344,-3.313384,21,-0.375,-0.2902865558862686
base,0.17500000000000002,0.5,3,0,0.2503894,-2.8762162,21,-0.32499999999999996,-0.24961060285568237
base,0.225,0.5,4,0,0.2910654,-2.439048,21,-0.275,-0.20893460512161255
base,0.275,0.5,5,0,0.33174133,-2.0018797,21,-0.22499999999999998,-0.1682586669921875
base,0.325,0.5,6,0,0.37241733,-1.5647117,21,-0.175,-0.12758266925811768
base,0.37500000000000006,0.5,7,0,0.4130934,-1.1275436,21,-0.12499999999999994,-0.08690661191940308
base,0.425,0.5,8,0,0.45376933,-0.69037515,21,-0.07500000000000001,-0.04623067378997803
base,0.475,0.5,9,0,0.49444526,-0.25320715,21,-0.025000000000000022,-0.0055547356605529785
base,0.525,0.5,10,1,0.5351213,0.1839608,21,0.025000000000000022,0.03512132167816162
base,0.575,0.5,11,1,0.57579726,0.6211291,21,0.07499999999999996,0.07579725980758667
base,0.625,0.5,12,1,0.61647326,1.0582973,21,0.125,0.1164732575416565
base,0.675,0.5,13,1,0.6571492,1.4954655,21,0.17500000000000004,0.15714919567108154
base,0.7250000000000001,0.5,14,1,0.6978252,1.9326338,21,0.2250000000000001,0.19782519340515137
base,0.7749999999999999,0.5,15,1,0.73850113,2.3698015,21,0.2749999999999999,0.23850113153457642
base,0.825,0.5,16,1,0.7791771,2.8069701,21,0.32499999999999996,0.27917712926864624
base,0.8749999999999999,0.5,17,1,0.8142116,3.2031753,21,0.3749999999999999,0.3142116069793701
base,0.9249999999999999,0.5,18,1,0.8504171,3.4821255,21,0.42499999999999993,0.3504170775413513
base,0.975,0.5,19,1,0.88883644,3.6603293,21,0.475,0.38883644342422485
curv,0.025000000000000022,0.25,0,0,0.11531274,-2.8082092,21,-0.22499999999999998,-0.13468725979328156
curv,0.025000000000000022,0.25,0,0,0.11531274,-2.8082092,21,-0.22499999999999998,-0.13468725979328156
curv,0.075,0.25,1,0,0.15598874,-2.371041,21,-0.175,-0.09401126205921173
curv,0.075,0.25,1,0,0.15598874,-2.371041,21,-0.175,-0.09401126205921173
curv,0.12500000000000003,0.25,2,0,0.19666468,-1.9338733,21,-0.12499999999999997,-0.05333532392978668
curv,0.12500000000000003,0.25,2,0,0.19666468,-1.9338733,21,-0.12499999999999997,-0.05333532392978668
curv,0.17500000000000002,0.25,3,0,0.23734067,-1.4967053,21,-0.07499999999999998,-0.012659326195716858
curv,0.17500000000000002,0.25,3,0,0.23734067,-1.4967053,21,-0.07499999999999998,-0.012659326195716858
curv,0.225,0.25,4,0,0.27801663,-1.0595369,21,-0.024999999999999994,0.028016626834869385
curv,0.225,0.25,4,0,0.27801663,-1.0595369,21,-0.024999999999999994,0.028016626834869385
curv,0.275,0.25,5,1,0.31869268,-0.6223685,21,0.025000000000000022,0.06869268417358398
curv,0.325,0.25,6,1,0.35936862,-0.18520069,21,0.07500000000000001,0.10936862230300903
curv,0.37500000000000006,0.25,7,1,0.40004456,0.2519676,21,0.12500000000000006,0.15004456043243408
curv,0.425,0.25,8,1,0.44072062,0.689136,21,0.175,0.19072061777114868
curv,0.475,0.25,9,1,0.48139656,1.1263039,21,0.22499999999999998,0.23139655590057373
curv,0.525,0.25,10,1,0.52207255,1.5634719,21,0.275,0.27207255363464355
curv,0.575,0.25,11,1,0.5627485,2.0006402,21,0.32499999999999996,0.3127484917640686
curv,0.625,0.25,12,1,0.60343575,2.4322078,21,0.375,0.353435754776001
curv,0.675,0.25,13,1,0.6491423,2.751189,21,0.42500000000000004,0.399142324924469
curv,0.7250000000000001,0.25,14,1,0.69323444,3.0483506,21,0.4750000000000001,0.4432344436645508
flat,0.275,0.7500000000000001,0,0,0.34479004,-3.3813908,21,-0.4750000000000001,-0.4052099585533143
flat,0.325,0.7500000000000001,1,0,0.3854661,-2.9442227,21,-0.4250000000000001,-0.3645339012145997
flat,0.37500000000000006,0.7500000000000001,2,0,0.42614204,-2.5070546,21,-0.37500000000000006,-0.32385796308517467
flat,0.425,0.7500000000000001,3,0,0.46681803,-2.069886,21,-0.3250000000000001,-0.28318196535110485
flat,0.475,0.7500000000000001,4,0,0.50749403,-1.6327182,21,-0.27500000000000013,-0.24250596761703502
flat,0.525,0.7500000000000001,5,0,0.54817003,-1.1955502,21,-0.2250000000000001,-0.2018299698829652
flat,0.575,0.7500000000000001,6,0,0.588846,-0.758382,21,-0.17500000000000016,-0.16115397214889537
flat,0.625,0.7500000000000001,7,0,0.62952197,-0.32121375,21,-0.1250000000000001,-0.12047803401947033
flat,0.675,0.7500000000000001,8,0,0.670198,0.115954615,21,-0.07500000000000007,-0.07980197668075573
flat,0.7250000000000001,0.7500000000000001,9,0,0.71087396,0.5531227,21,-0.025000000000000022,-0.03912603855133068
flat,0.7749999999999999,0.7500000000000001,10,1,0.7515499,0.9902906,21,0.0249999999999998,0.0015498995780943714
flat,0.7749999999999999,0.7500000000000001,10,1,0.7515499,0.9902906,21,0.0249999999999998,0.0015498995780943714
flat,0.825,0.7500000000000001,11,1,0.7922259,1.4274589,21,0.07499999999999984,0.042225897312164196
flat,0.825,0.7500000000000001,11,1,0.7922259,1.4274589,21,0.07499999999999984,0.042225897312164196
flat,0.8749999999999999,0.7500000000000001,12,1,0.83290184,1.864627,21,0.12499999999999978,0.08290183544158924
flat,0.8749999999999999,0.7500000000000001,12,1,0.83290184,1.864627,21,0.12499999999999978,0.08290183544158924
flat,0.9249999999999999,0.7500000000000001,13,1,0.87357783,2.3017957,21,0.17499999999999982,0.12357783317565907
flat,0.9249999999999999,0.7500000000000001,13,1,0.87357783,2.3017957,21,0.17499999999999982,0.12357783317565907
flat,0.975,0.7500000000000001,14,1,0.9142538,2.7389638,21,0.22499999999999987,0.16425377130508412
flat,0.975,0.7500000000000001,14,1,0.9142538,2.7389638,21,0.22499999999999987,0.16425377130508412
base,0.025000000000000022,0.5,0,0,0.12836146,-4.1877213,21,-0.475,-0.37163853645324707
base,0.075,0.5,1,0,0.16903742,-3.7505524,21,-0.425,-0.3309625834226608
base,0.12500000000000003,0.5,2,0,0.20971344,-3.313384,21,-0.375,-0.2902865558862686
base,0.17500000000000002,0.5,3,0,0.2503894,-2.8762162,21,-0.32499999999999996,-0.24961060285568237
base,0.225,0.5,4,0,0.2910654,-2.439048,21,-0.275,-0.20893460512161255
base,0.275,0.5,5,0,0.33174133,-2.0018797,21,-0.22499999999999998,-0.1682586669921875
base,0.325,0.5,6,0,0.37241733,-1.5647117,21,-0.175,-0.12758266925811768
base,0.37500000000000006,0.5,7,0,0.4130934,-1.1275436,21,-0.12499999999999994,-0.08690661191940308
base,0.425,0.5,8,0,0.45376933,-0.69037515,21,-0.07500000000000001,-0.04623067378997803
base,0.475,0.5,9,0,0.49444526,-0.25320715,21,-0.025000000000000022,-0.0055547356605529785
base,0.525,0.5,10,1,0.5351213,0.1839608,21,0.025000000000000022,0.03512132167816162
base,0.575,0.5,11,1,0.57579726,0.6211291,21,0.07499999999999996,0.07579725980758667
base,0.625,0.5,12,1,0.61647326,1.0582973,21,0.125,0.1164732575416565
base,0.675,0.5,13,1,0.6571492,1.4954655,21,0.17500000000000004,0.15714919567108154
base,0.7250000000000001,0.5,14,1,0.6978252,1.9326338,21,0.2250000000000001,0.19782519340515137
base,0.7749999999999999,0.5,15,1,0.73850113,2.3698015,21,0.2749999999999999,0.23850113153457642
base,0.825,0.5,16,1,0.7791771,2.8069701,21,0.32499999999999996,0.27917712926864624
base,0.8749999999999999,0.5,17,1,0.8142116,3.2031753,21,0.3749999999999999,0.3142116069793701
base,0.9249999999999999,0.5,18,1,0.8504171,3.4821255,21,0.42499999999999993,0.3504170775413513
base,0.975,0.5,19,1,0.88883644,3.6603293,21,0.475,0.38883644342422485
curv,0.025000000000000022,0.25,0,0,0.11531274,-2.8082092,21,-0.22499999999999998,-0.13468725979328156
curv,0.025000000000000022,0.25,0,0,0.11531274,-2.8082092,21,-0.22499999999999998,-0.13468725979328156
curv,0.075,0.25,1,0,0.15598874,-2.371041,21,-0.175,-0.09401126205921173
curv,0.075,0.25,1,0,0.15598874,-2.371041,21,-0.175,-0.09401126205921173
curv,0.12500000000000003,0.25,2,0,0.19666468,-1.9338733,21,-0.12499999999999997,-0.05333532392978668
curv,0.12500000000000003,0.25,2,0,0.19666468,-1.9338733,21,-0.12499999999999997,-0.05333532392978668
curv,0.17500000000000002,0.25,3,0,0.23734067,-1.4967053,21,-0.07499999999999998,-0.012659326195716858
curv,0.17500000000000002,0.25,3,0,0.23734067,-1.4967053,21,-0.07499999999999998,-0.012659326195716858
curv,0.225,0.25,4,0,0.27801663,-1.0595369,21,-0.024999999999999994,0.028016626834869385
curv,0.225,0.25,4,0,0.27801663,-1.0595369,21,-0.024999999999999994,0.028016626834869385
curv,0.275,0.25,5,1,0.31869268,-0.6223685,21,0.025000000000000022,0.06869268417358398
curv,0.325,0.25,6,1,0.35936862,-0.18520069,21,0.07500000000000001,0.10936862230300903
curv,0.37500000000000006,0.25,7,1,0.40004456,0.2519676,21,0.12500000000000006,0.15004456043243408
curv,0.425,0.25,8,1,0.44072062,0.689136,21,0.175,0.19072061777114868
curv,0.475,0.25,9,1,0.48139656,1.1263039,21,0.22499999999999998,0.23139655590057373
curv,0.525,0.25,10,1,0.52207255,1.5634719,21,0.275,0.27207255363464355
curv,0.575,0.25,11,1,0.5627485,2.0006402,21,0.32499999999999996,0.3127484917640686
curv,0.625,0.25,12,1,0.60343575,2.4322078,21,0.375,0.353435754776001
curv,0.675,0.25,13,1,0.6491423,2.751189,21,0.42500000000000004,0.399142324924469
curv,0.7250000000000001,0.25,14,1,0.69323444,3.0483506,21,0.4750000000000001,0.4432344436645508
flat,0.275,0.7500000000000001,0,0,0.34479004,-3.3813908,21,-0.4750000000000001,-0.4052099585533143
flat,0.325,0.7500000000000001,1,0,0.3854661,-2.9442227,21,-0.4250000000000001,-0.3645339012145997
flat,0.37500000000000006,0.7500000000000001,2,0,0.42614204,-2.5070546,21,-0.37500000000000006,-0.32385796308517467
flat,0.425,0.7500000000000001,3,0,0.46681803,-2.069886,21,-0.3250000000000001,-0.28318196535110485
flat,0.475,0.7500000000000001,4,0,0.50749403,-1.6327182,21,-0.27500000000000013,-0.24250596761703502
flat,0.525,0.7500000000000001,5,0,0.54817003,-1.1955502,21,-0.2250000000000001,-0.2018299698829652
flat,0.575,0.7500000000000001,6,0,0.588846,-0.758382,21,-0.17500000000000016,-0.16115397214889537
flat,0.625,0.7500000000000001,7,0,0.62952197,-0.32121375,21,-0.1250000000000001,-0.12047803401947033
flat,0.675,0.7500000000000001,8,0,0.670198,0.115954615,21,-0.07500000000000007,-0.07980197668075573
flat,0.7250000000000001,0.7500000000000001,9,0,0.71087396,0.5531227,21,-0.025000000000000022,-0.03912603855133068
flat,0.7749999999999999,0.7500000000000001,10,1,0.7515499,0.9902906,21,0.0249999999999998,0.0015498995780943714
flat,0.7749999999999999,0.7500000000000001,10,1,0.7515499,0.9902906,21,0.0249999999999998,0.0015498995780943714
flat,0.825,0.7500000000000001,11,1,0.7922259,1.4274589,21,0.07499999999999984,0.042225897312164196
flat,0.825,0.7500000000000001,11,1,0.7922259,1.4274589,21,0.07499999999999984,0.042225897312164196
flat,0.8749999999999999,0.7500000000000001,12,1,0.83290184,1.864627,21,0.12499999999999978,0.08290183544158924
flat,0.8749999999999999,0.7500000000000001,12,1,0.83290184,1.864627,21,0.12499999999999978,0.08290183544158924
flat,0.9249999999999999,0.7500000000000001,13,1,0.87357783,2.3017957,21,0.17499999999999982,0.12357783317565907
flat,0.9249999999999999,0.7500000000000001,13,1,0.87357783,2.3017957,21,0.17499999999999982,0.12357783317565907
flat,0.975,0.7500000000000001,14,1,0.9142538,2.7389638,21,0.22499999999999987,0.16425377130508412
flat,0.975,0.7500000000000001,14,1,0.9142538,2.7389638,21,0.22499999999999987,0.16425377130508412
base,0.025000000000000022,0.5,0,0,0.03673549,-0.95542574,22,-0.475,-0.46326451003551483
base,0.075,0.5,1,0,0.07103549,-0.86895835,22,-0.425,-0.4289645105600357
base,0.12500000000000003,0.5,2,0,0.115254804,-0.7533605,22,-0.375,-0.38474519550800323
base,0.17500000000000002,0.5,3,0,0.15947412,-0.63776267,22,-0.32499999999999996,-0.34052588045597076
base,0.225,0.5,4,0,0.20369343,-0.5221648,22,-0.275,-0.2963065654039383
base,0.275,0.5,5,0,0.24821307,-0.40918103,22,-0.22499999999999998,-0.251786932349205
base,0.325,0.5,6,0,0.29311025,-0.2994832,22,-0.175,-0.20688974857330322
base,0.37500000000000006,0.5,7,0,0.3380074,-0.1897853,22,-0.12499999999999994,-0.161992609500885
base,0.425,0.5,8,0,0.38290465,-0.08008739,22,-0.07500000000000001,-0.11709535121917725
base,0.475,0.5,9,0,0.42780173,0.029610395,22,-0.025000000000000022,-0.07219827175140381
base,0.525,0.5,10,1,0.47269893,0.13930821,22,0.025000000000000022,-0.02730107307434082
base,0.575,0.5,11,1,0.5175961,0.24900609,22,0.07499999999999996,0.017596125602722168
base,0.625,0.5,12,1,0.5624933,0.3587039,22,0.125,0.062493324279785156
base,0.675,0.5,13,1,0.6073905,0.4684018,22,0.17500000000000004,0.10739052295684814
base,0.7250000000000001,0.5,14,1,0.6522877,0.5780997,22,0.2250000000000001,0.15228772163391113
base,0.7749999999999999,0.5,15,1,0.69718486,0.6877974,22,0.2749999999999999,0.19718486070632935
base,0.825,0.5,16,1,0.742082,0.79749525,22,0.32499999999999996,0.24208199977874756
base,0.8749999999999999,0.5,17,1,0.7869743,0.9071115,22,0.3749999999999999,0.28697431087493896
base,0.9249999999999999,0.5,18,1,0.8314479,1.0096693,22,0.42499999999999993,0.33144789934158325
base,0.975,0.5,19,1,0.8759214,1.112227,22,0.475,0.37592142820358276
curv,0.025000000000000022,0.25,0,0,0.05519131,-0.85641396,22,-0.22499999999999998,-0.194808691740036
curv,0.025000000000000022,0.25,0,0,0.05519131,-0.85641396,22,-0.22499999999999998,-0.194808691740036
curv,0.075,0.25,1,0,0.08971065,-0.7822101,22,-0.175,-0.16028934717178345
curv,0.075,0.25,1,0,0.08971065,-0.7822101,22,-0.175,-0.16028934717178345
curv,0.12500000000000003,0.25,2,0,0.13302392,-0.6704787,22,-0.12499999999999997,-0.11697608232498169
curv,0.12500000000000003,0.25,2,0,0.13302392,-0.6704787,22,-0.12499999999999997,-0.11697608232498169
curv,0.17500000000000002,0.25,3,0,0.17724322,-0.55488086,22,-0.07499999999999998,-0.07275678217411041
curv,0.17500000000000002,0.25,3,0,0.17724322,-0.55488086,22,-0.07499999999999998,-0.07275678217411041
curv,0.225,0.25,4,0,0.22146253,-0.439283,22,-0.024999999999999994,-0.028537467122077942
curv,0.225,0.25,4,0,0.22146253,-0.439283,22,-0.024999999999999994,-0.028537467122077942
curv,0.275,0.25,5,1,0.2660299,-0.32671413,22,0.025000000000000022,0.01602989435195923
curv,0.325,0.25,6,1,0.31092703,-0.21701634,22,0.07500000000000001,0.06092703342437744
curv,0.37500000000000006,0.25,7,1,0.35582423,-0.10731846,22,0.12500000000000006,0.10582423210144043
curv,0.425,0.25,8,1,0.40072143,0.0023793578,22,0.175,0.15072143077850342
curv,0.475,0.25,9,1,0.44561857,0.112077236,22,0.22499999999999998,0.19561856985092163
curv,0.525,0.25,10,1,0.4905157,0.22177494,22,0.275,0.24051570892333984
curv,0.575,0.25,11,1,0.5354129,0.33147287,22,0.32499999999999996,0.28541290760040283
curv,0.625,0.25,12,1,0.5803101,0.44117075,22,0.375,0.3303101062774658
curv,0.675,0.25,13,1,0.6252073,0.5508687,22,0.42500000000000004,0.3752073049545288
curv,0.7250000000000001,0.25,14,1,0.67010444,0.66056657,22,0.4750000000000001,0.420104444026947
flat,0.275,0.7500000000000001,0,0,0.23039626,-0.49164778,22,-0.4750000000000001,-0.5196037441492082
flat,0.325,0.7500000000000001,1,0,0.2752934,-0.38194996,22,-0.4250000000000001,-0.4747065901756288
flat,0.37500000000000006,0.7500000000000001,2,0,0.3201906,-0.27225214,22,-0.37500000000000006,-0.4298093914985658
flat,0.425,0.7500000000000001,3,0,0.3650878,-0.16255438,22,-0.3250000000000001,-0.3849121928215028
flat,0.475,0.7500000000000001,4,0,0.40998495,-0.052856386,22,-0.27500000000000013,-0.3400150537490846
flat,0.525,0.7500000000000001,5,0,0.45488214,0.056841254,22,-0.2250000000000001,-0.2951178550720216
flat,0.575,0.7500000000000001,6,0,0.4996103,0.16369015,22,-0.17500000000000016,-0.2503896951675416
flat,0.625,0.7500000000000001,7,0,0.54408383,0.26624775,22,-0.1250000000000001,-0.2059161663055421
flat,0.675,0.7500000000000001,8,0,0.5885574,0.3688056,22,-0.07500000000000007,-0.16144257783889782
flat,0.7250000000000001,0.7500000000000001,9,0,0.6330309,0.47136313,22,-0.025000000000000022,-0.11696910858154308
flat,0.7749999999999999,0.7500000000000001,10,1,0.6775044,0.5739206,22,0.0249999999999998,-0.07249557971954357
flat,0.7749999999999999,0.7500000000000001,10,1,0.6775044,0.5739206,22,0.0249999999999998,-0.07249557971954357
flat,0.825,0.7500000000000001,11,1,0.72197795,0.67647827,22,0.07499999999999984,-0.028022050857544056
flat,0.825,0.7500000000000001,11,1,0.72197795,0.67647827,22,0.07499999999999984,-0.028022050857544056
flat,0.8749999999999999,0.7500000000000001,12,1,0.7664515,0.7790359,22,0.12499999999999978,0.016451478004455455
flat,0.8749999999999999,0.7500000000000001,12,1,0.7664515,0.7790359,22,0.12499999999999978,0.016451478004455455
flat,0.9249999999999999,0.7500000000000001,13,1,0.810925,0.8815936,22,0.17499999999999982,0.06092500686645497
flat,0.9249999999999999,0.7500000000000001,13,1,0.810925,0.8815936,22,0.17499999999999982,0.06092500686645497
flat,0.975,0.7500000000000001,14,1,0.85539854,0.98415124,22,0.22499999999999987,0.10539853572845448
flat,0.975,0.7500000000000001,14,1,0.85539854,0.98415124,22,0.22499999999999987,0.10539853572845448
base,0.025000000000000022,0.5,0,0,0.03673549,-0.95542574,22,-0.475,-0.46326451003551483
base,0.075,0.5,1,0,0.07103549,-0.86895835,22,-0.425,-0.4289645105600357
base,0.12500000000000003,0.5,2,0,0.115254804,-0.7533605,22,-0.375,-0.38474519550800323
base,0.17500000000000002,0.5,3,0,0.15947412,-0.63776267,22,-0.32499999999999996,-0.34052588045597076
base,0.225,0.5,4,0,0.20369343,-0.5221648,22,-0.275,-0.2963065654039383
base,0.275,0.5,5,0,0.24821307,-0.40918103,22,-0.22499999999999998,-0.251786932349205
base,0.325,0.5,6,0,0.29311025,-0.2994832,22,-0.175,-0.20688974857330322
base,0.37500000000000006,0.5,7,0,0.3380074,-0.1897853,22,-0.12499999999999994,-0.161992609500885
base,0.425,0.5,8,0,0.38290465,-0.08008739,22,-0.07500000000000001,-0.11709535121917725
base,0.475,0.5,9,0,0.42780173,0.029610395,22,-0.025000000000000022,-0.07219827175140381
base,0.525,0.5,10,1,0.47269893,0.13930821,22,0.025000000000000022,-0.02730107307434082
base,0.575,0.5,11,1,0.5175961,0.24900609,22,0.07499999999999996,0.017596125602722168
base,0.625,0.5,12,1,0.5624933,0.3587039,22,0.125,0.062493324279785156
base,0.675,0.5,13,1,0.6073905,0.4684018,22,0.17500000000000004,0.10739052295684814
base,0.7250000000000001,0.5,14,1,0.6522877,0.5780997,22,0.2250000000000001,0.15228772163391113
base,0.7749999999999999,0.5,15,1,0.69718486,0.6877974,22,0.2749999999999999,0.19718486070632935
base,0.825,0.5,16,1,0.742082,0.79749525,22,0.32499999999999996,0.24208199977874756
base,0.8749999999999999,0.5,17,1,0.7869743,0.9071115,22,0.3749999999999999,0.28697431087493896
base,0.9249999999999999,0.5,18,1,0.8314479,1.0096693,22,0.42499999999999993,0.33144789934158325
base,0.975,0.5,19,1,0.8759214,1.112227,22,0.475,0.37592142820358276
curv,0.025000000000000022,0.25,0,0,0.05519131,-0.85641396,22,-0.22499999999999998,-0.194808691740036
curv,0.025000000000000022,0.25,0,0,0.05519131,-0.85641396,22,-0.22499999999999998,-0.194808691740036
curv,0.075,0.25,1,0,0.08971065,-0.7822101,22,-0.175,-0.16028934717178345
curv,0.075,0.25,1,0,0.08971065,-0.7822101,22,-0.175,-0.16028934717178345
curv,0.12500000000000003,0.25,2,0,0.13302392,-0.6704787,22,-0.12499999999999997,-0.11697608232498169
curv,0.12500000000000003,0.25,2,0,0.13302392,-0.6704787,22,-0.12499999999999997,-0.11697608232498169
curv,0.17500000000000002,0.25,3,0,0.17724322,-0.55488086,22,-0.07499999999999998,-0.07275678217411041
curv,0.17500000000000002,0.25,3,0,0.17724322,-0.55488086,22,-0.07499999999999998,-0.07275678217411041
curv,0.225,0.25,4,0,0.22146253,-0.439283,22,-0.024999999999999994,-0.028537467122077942
curv,0.225,0.25,4,0,0.22146253,-0.439283,22,-0.024999999999999994,-0.028537467122077942
curv,0.275,0.25,5,1,0.2660299,-0.32671413,22,0.025000000000000022,0.01602989435195923
curv,0.325,0.25,6,1,0.31092703,-0.21701634,22,0.07500000000000001,0.06092703342437744
curv,0.37500000000000006,0.25,7,1,0.35582423,-0.10731846,22,0.12500000000000006,0.10582423210144043
curv,0.425,0.25,8,1,0.40072143,0.0023793578,22,0.175,0.15072143077850342
curv,0.475,0.25,9,1,0.44561857,0.112077236,22,0.22499999999999998,0.19561856985092163
curv,0.525,0.25,10,1,0.4905157,0.22177494,22,0.275,0.24051570892333984
curv,0.575,0.25,11,1,0.5354129,0.33147287,22,0.32499999999999996,0.28541290760040283
curv,0.625,0.25,12,1,0.5803101,0.44117075,22,0.375,0.3303101062774658
curv,0.675,0.25,13,1,0.6252073,0.5508687,22,0.42500000000000004,0.3752073049545288
curv,0.7250000000000001,0.25,14,1,0.67010444,0.66056657,22,0.4750000000000001,0.420104444026947
flat,0.275,0.7500000000000001,0,0,0.23039626,-0.49164778,22,-0.4750000000000001,-0.5196037441492082
flat,0.325,0.7500000000000001,1,0,0.2752934,-0.38194996,22,-0.4250000000000001,-0.4747065901756288
flat,0.37500000000000006,0.7500000000000001,2,0,0.3201906,-0.27225214,22,-0.37500000000000006,-0.4298093914985658
flat,0.425,0.7500000000000001,3,0,0.3650878,-0.16255438,22,-0.3250000000000001,-0.3849121928215028
flat,0.475,0.7500000000000001,4,0,0.40998495,-0.052856386,22,-0.27500000000000013,-0.3400150537490846
flat,0.525,0.7500000000000001,5,0,0.45488214,0.056841254,22,-0.2250000000000001,-0.2951178550720216
flat,0.575,0.7500000000000001,6,0,0.4996103,0.16369015,22,-0.17500000000000016,-0.2503896951675416
flat,0.625,0.7500000000000001,7,0,0.54408383,0.26624775,22,-0.1250000000000001,-0.2059161663055421
flat,0.675,0.7500000000000001,8,0,0.5885574,0.3688056,22,-0.07500000000000007,-0.16144257783889782
flat,0.7250000000000001,0.7500000000000001,9,0,0.6330309,0.47136313,22,-0.025000000000000022,-0.11696910858154308
flat,0.7749999999999999,0.7500000000000001,10,1,0.6775044,0.5739206,22,0.0249999999999998,-0.07249557971954357
flat,0.7749999999999999,0.7500000000000001,10,1,0.6775044,0.5739206,22,0.0249999999999998,-0.07249557971954357
flat,0.825,0.7500000000000001,11,1,0.72197795,0.67647827,22,0.07499999999999984,-0.028022050857544056
flat,0.825,0.7500000000000001,11,1,0.72197795,0.67647827,22,0.07499999999999984,-0.028022050857544056
flat,0.8749999999999999,0.7500000000000001,12,1,0.7664515,0.7790359,22,0.12499999999999978,0.016451478004455455
flat,0.8749999999999999,0.7500000000000001,12,1,0.7664515,0.7790359,22,0.12499999999999978,0.016451478004455455
flat,0.9249999999999999,0.7500000000000001,13,1,0.810925,0.8815936,22,0.17499999999999982,0.06092500686645497
flat,0.9249999999999999,0.7500000000000001,13,1,0.810925,0.8815936,22,0.17499999999999982,0.06092500686645497
flat,0.975,0.7500000000000001,14,1,0.85539854,0.98415124,22,0.22499999999999987,0.10539853572845448
flat,0.975,0.7500000000000001,14,1,0.85539854,0.98415124,22,0.22499999999999987,0.10539853572845448
base,0.025000000000000022,0.5,0,0,0.03673549,-0.95542574,22,-0.475,-0.46326451003551483
base,0.075,0.5,1,0,0.07103549,-0.86895835,22,-0.425,-0.4289645105600357
base,0.12500000000000003,0.5,2,0,0.115254804,-0.7533605,22,-0.375,-0.38474519550800323
base,0.17500000000000002,0.5,3,0,0.15947412,-0.63776267,22,-0.32499999999999996,-0.34052588045597076
base,0.225,0.5,4,0,0.20369343,-0.5221648,22,-0.275,-0.2963065654039383
base,0.275,0.5,5,0,0.24821307,-0.40918103,22,-0.22499999999999998,-0.251786932349205
base,0.325,0.5,6,0,0.29311025,-0.2994832,22,-0.175,-0.20688974857330322
base,0.37500000000000006,0.5,7,0,0.3380074,-0.1897853,22,-0.12499999999999994,-0.161992609500885
base,0.425,0.5,8,0,0.38290465,-0.08008739,22,-0.07500000000000001,-0.11709535121917725
base,0.475,0.5,9,0,0.42780173,0.029610395,22,-0.025000000000000022,-0.07219827175140381
base,0.525,0.5,10,1,0.47269893,0.13930821,22,0.025000000000000022,-0.02730107307434082
base,0.575,0.5,11,1,0.5175961,0.24900609,22,0.07499999999999996,0.017596125602722168
base,0.625,0.5,12,1,0.5624933,0.3587039,22,0.125,0.062493324279785156
base,0.675,0.5,13,1,0.6073905,0.4684018,22,0.17500000000000004,0.10739052295684814
base,0.7250000000000001,0.5,14,1,0.6522877,0.5780997,22,0.2250000000000001,0.15228772163391113
base,0.7749999999999999,0.5,15,1,0.69718486,0.6877974,22,0.2749999999999999,0.19718486070632935
base,0.825,0.5,16,1,0.742082,0.79749525,22,0.32499999999999996,0.24208199977874756
base,0.8749999999999999,0.5,17,1,0.7869743,0.9071115,22,0.3749999999999999,0.28697431087493896
base,0.9249999999999999,0.5,18,1,0.8314479,1.0096693,22,0.42499999999999993,0.33144789934158325
base,0.975,0.5,19,1,0.8759214,1.112227,22,0.475,0.37592142820358276
curv,0.025000000000000022,0.25,0,0,0.05519131,-0.85641396,22,-0.22499999999999998,-0.194808691740036
curv,0.025000000000000022,0.25,0,0,0.05519131,-0.85641396,22,-0.22499999999999998,-0.194808691740036
curv,0.075,0.25,1,0,0.08971065,-0.7822101,22,-0.175,-0.16028934717178345
curv,0.075,0.25,1,0,0.08971065,-0.7822101,22,-0.175,-0.16028934717178345
curv,0.12500000000000003,0.25,2,0,0.13302392,-0.6704787,22,-0.12499999999999997,-0.11697608232498169
curv,0.12500000000000003,0.25,2,0,0.13302392,-0.6704787,22,-0.12499999999999997,-0.11697608232498169
curv,0.17500000000000002,0.25,3,0,0.17724322,-0.55488086,22,-0.07499999999999998,-0.07275678217411041
curv,0.17500000000000002,0.25,3,0,0.17724322,-0.55488086,22,-0.07499999999999998,-0.07275678217411041
curv,0.225,0.25,4,0,0.22146253,-0.439283,22,-0.024999999999999994,-0.028537467122077942
curv,0.225,0.25,4,0,0.22146253,-0.439283,22,-0.024999999999999994,-0.028537467122077942
curv,0.275,0.25,5,1,0.2660299,-0.32671413,22,0.025000000000000022,0.01602989435195923
curv,0.325,0.25,6,1,0.31092703,-0.21701634,22,0.07500000000000001,0.06092703342437744
curv,0.37500000000000006,0.25,7,1,0.35582423,-0.10731846,22,0.12500000000000006,0.10582423210144043
curv,0.425,0.25,8,1,0.40072143,0.0023793578,22,0.175,0.15072143077850342
curv,0.475,0.25,9,1,0.44561857,0.112077236,22,0.22499999999999998,0.19561856985092163
curv,0.525,0.25,10,1,0.4905157,0.22177494,22,0.275,0.24051570892333984
curv,0.575,0.25,11,1,0.5354129,0.33147287,22,0.32499999999999996,0.28541290760040283
curv,0.625,0.25,12,1,0.5803101,0.44117075,22,0.375,0.3303101062774658
curv,0.675,0.25,13,1,0.6252073,0.5508687,22,0.42500000000000004,0.3752073049545288
curv,0.7250000000000001,0.25,14,1,0.67010444,0.66056657,22,0.4750000000000001,0.420104444026947
flat,0.275,0.7500000000000001,0,0,0.23039626,-0.49164778,22,-0.4750000000000001,-0.5196037441492082
flat,0.325,0.7500000000000001,1,0,0.2752934,-0.38194996,22,-0.4250000000000001,-0.4747065901756288
flat,0.37500000000000006,0.7500000000000001,2,0,0.3201906,-0.27225214,22,-0.37500000000000006,-0.4298093914985658
flat,0.425,0.7500000000000001,3,0,0.3650878,-0.16255438,22,-0.3250000000000001,-0.3849121928215028
flat,0.475,0.7500000000000001,4,0,0.40998495,-0.052856386,22,-0.27500000000000013,-0.3400150537490846
flat,0.525,0.7500000000000001,5,0,0.45488214,0.056841254,22,-0.2250000000000001,-0.2951178550720216
flat,0.575,0.7500000000000001,6,0,0.4996103,0.16369015,22,-0.17500000000000016,-0.2503896951675416
flat,0.625,0.7500000000000001,7,0,0.54408383,0.26624775,22,-0.1250000000000001,-0.2059161663055421
flat,0.675,0.7500000000000001,8,0,0.5885574,0.3688056,22,-0.07500000000000007,-0.16144257783889782
flat,0.7250000000000001,0.7500000000000001,9,0,0.6330309,0.47136313,22,-0.025000000000000022,-0.11696910858154308
flat,0.7749999999999999,0.7500000000000001,10,1,0.6775044,0.5739206,22,0.0249999999999998,-0.07249557971954357
flat,0.7749999999999999,0.7500000000000001,10,1,0.6775044,0.5739206,22,0.0249999999999998,-0.07249557971954357
flat,0.825,0.7500000000000001,11,1,0.72197795,0.67647827,22,0.07499999999999984,-0.028022050857544056
flat,0.825,0.7500000000000001,11,1,0.72197795,0.67647827,22,0.07499999999999984,-0.028022050857544056
flat,0.8749999999999999,0.7500000000000001,12,1,0.7664515,0.7790359,22,0.12499999999999978,0.016451478004455455
flat,0.8749999999999999,0.7500000000000001,12,1,0.7664515,0.7790359,22,0.12499999999999978,0.016451478004455455
flat,0.9249999999999999,0.7500000000000001,13,1,0.810925,0.8815936,22,0.17499999999999982,0.06092500686645497
flat,0.9249999999999999,0.7500000000000001,13,1,0.810925,0.8815936,22,0.17499999999999982,0.06092500686645497
flat,0.975,0.7500000000000001,14,1,0.85539854,0.98415124,22,0.22499999999999987,0.10539853572845448
flat,0.975,0.7500000000000001,14,1,0.85539854,0.98415124,22,0.22499999999999987,0.10539853572845448
base,0.025000000000000022,0.5,0,0,0.03673549,-0.95542574,22,-0.475,-0.46326451003551483
base,0.075,0.5,1,0,0.07103549,-0.86895835,22,-0.425,-0.4289645105600357
base,0.12500000000000003,0.5,2,0,0.115254804,-0.7533605,22,-0.375,-0.38474519550800323
base,0.17500000000000002,0.5,3,0,0.15947412,-0.63776267,22,-0.32499999999999996,-0.34052588045597076
base,0.225,0.5,4,0,0.20369343,-0.5221648,22,-0.275,-0.2963065654039383
base,0.275,0.5,5,0,0.24821307,-0.40918103,22,-0.22499999999999998,-0.251786932349205
base,0.325,0.5,6,0,0.29311025,-0.2994832,22,-0.175,-0.20688974857330322
base,0.37500000000000006,0.5,7,0,0.3380074,-0.1897853,22,-0.12499999999999994,-0.161992609500885
base,0.425,0.5,8,0,0.38290465,-0.08008739,22,-0.07500000000000001,-0.11709535121917725
base,0.475,0.5,9,0,0.42780173,0.029610395,22,-0.025000000000000022,-0.07219827175140381
base,0.525,0.5,10,1,0.47269893,0.13930821,22,0.025000000000000022,-0.02730107307434082
base,0.575,0.5,11,1,0.5175961,0.24900609,22,0.07499999999999996,0.017596125602722168
base,0.625,0.5,12,1,0.5624933,0.3587039,22,0.125,0.062493324279785156
base,0.675,0.5,13,1,0.6073905,0.4684018,22,0.17500000000000004,0.10739052295684814
base,0.7250000000000001,0.5,14,1,0.6522877,0.5780997,22,0.2250000000000001,0.15228772163391113
base,0.7749999999999999,0.5,15,1,0.69718486,0.6877974,22,0.2749999999999999,0.19718486070632935
base,0.825,0.5,16,1,0.742082,0.79749525,22,0.32499999999999996,0.24208199977874756
base,0.8749999999999999,0.5,17,1,0.7869743,0.9071115,22,0.3749999999999999,0.28697431087493896
base,0.9249999999999999,0.5,18,1,0.8314479,1.0096693,22,0.42499999999999993,0.33144789934158325
base,0.975,0.5,19,1,0.8759214,1.112227,22,0.475,0.37592142820358276
curv,0.025000000000000022,0.25,0,0,0.05519131,-0.85641396,22,-0.22499999999999998,-0.194808691740036
curv,0.025000000000000022,0.25,0,0,0.05519131,-0.85641396,22,-0.22499999999999998,-0.194808691740036
curv,0.075,0.25,1,0,0.08971065,-0.7822101,22,-0.175,-0.16028934717178345
curv,0.075,0.25,1,0,0.08971065,-0.7822101,22,-0.175,-0.16028934717178345
curv,0.12500000000000003,0.25,2,0,0.13302392,-0.6704787,22,-0.12499999999999997,-0.11697608232498169
curv,0.12500000000000003,0.25,2,0,0.13302392,-0.6704787,22,-0.12499999999999997,-0.11697608232498169
curv,0.17500000000000002,0.25,3,0,0.17724322,-0.55488086,22,-0.07499999999999998,-0.07275678217411041
curv,0.17500000000000002,0.25,3,0,0.17724322,-0.55488086,22,-0.07499999999999998,-0.07275678217411041
curv,0.225,0.25,4,0,0.22146253,-0.439283,22,-0.024999999999999994,-0.028537467122077942
curv,0.225,0.25,4,0,0.22146253,-0.439283,22,-0.024999999999999994,-0.028537467122077942
curv,0.275,0.25,5,1,0.2660299,-0.32671413,22,0.025000000000000022,0.01602989435195923
curv,0.325,0.25,6,1,0.31092703,-0.21701634,22,0.07500000000000001,0.06092703342437744
curv,0.37500000000000006,0.25,7,1,0.35582423,-0.10731846,22,0.12500000000000006,0.10582423210144043
curv,0.425,0.25,8,1,0.40072143,0.0023793578,22,0.175,0.15072143077850342
curv,0.475,0.25,9,1,0.44561857,0.112077236,22,0.22499999999999998,0.19561856985092163
curv,0.525,0.25,10,1,0.4905157,0.22177494,22,0.275,0.24051570892333984
curv,0.575,0.25,11,1,0.5354129,0.33147287,22,0.32499999999999996,0.28541290760040283
curv,0.625,0.25,12,1,0.5803101,0.44117075,22,0.375,0.3303101062774658
curv,0.675,0.25,13,1,0.6252073,0.5508687,22,0.42500000000000004,0.3752073049545288
curv,0.7250000000000001,0.25,14,1,0.67010444,0.66056657,22,0.4750000000000001,0.420104444026947
flat,0.275,0.7500000000000001,0,0,0.23039626,-0.49164778,22,-0.4750000000000001,-0.5196037441492082
flat,0.325,0.7500000000000001,1,0,0.2752934,-0.38194996,22,-0.4250000000000001,-0.4747065901756288
flat,0.37500000000000006,0.7500000000000001,2,0,0.3201906,-0.27225214,22,-0.37500000000000006,-0.4298093914985658
flat,0.425,0.7500000000000001,3,0,0.3650878,-0.16255438,22,-0.3250000000000001,-0.3849121928215028
flat,0.475,0.7500000000000001,4,0,0.40998495,-0.052856386,22,-0.27500000000000013,-0.3400150537490846
flat,0.525,0.7500000000000001,5,0,0.45488214,0.056841254,22,-0.2250000000000001,-0.2951178550720216
flat,0.575,0.7500000000000001,6,0,0.4996103,0.16369015,22,-0.17500000000000016,-0.2503896951675416
flat,0.625,0.7500000000000001,7,0,0.54408383,0.26624775,22,-0.1250000000000001,-0.2059161663055421
flat,0.675,0.7500000000000001,8,0,0.5885574,0.3688056,22,-0.07500000000000007,-0.16144257783889782
flat,0.7250000000000001,0.7500000000000001,9,0,0.6330309,0.47136313,22,-0.025000000000000022,-0.11696910858154308
flat,0.7749999999999999,0.7500000000000001,10,1,0.6775044,0.5739206,22,0.0249999999999998,-0.07249557971954357
flat,0.7749999999999999,0.7500000000000001,10,1,0.6775044,0.5739206,22,0.0249999999999998,-0.07249557971954357
flat,0.825,0.7500000000000001,11,1,0.72197795,0.67647827,22,0.07499999999999984,-0.028022050857544056
flat,0.825,0.7500000000000001,11,1,0.72197795,0.67647827,22,0.07499999999999984,-0.028022050857544056
flat,0.8749999999999999,0.7500000000000001,12,1,0.7664515,0.7790359,22,0.12499999999999978,0.016451478004455455
flat,0.8749999999999999,0.7500000000000001,12,1,0.7664515,0.7790359,22,0.12499999999999978,0.016451478004455455
flat,0.9249999999999999,0.7500000000000001,13,1,0.810925,0.8815936,22,0.17499999999999982,0.06092500686645497
flat,0.9249999999999999,0.7500000000000001,13,1,0.810925,0.8815936,22,0.17499999999999982,0.06092500686645497
flat,0.975,0.7500000000000001,14,1,0.85539854,0.98415124,22,0.22499999999999987,0.10539853572845448
flat,0.975,0.7500000000000001,14,1,0.85539854,0.98415124,22,0.22499999999999987,0.10539853572845448
base,0.025000000000000022,0.5,0,0,0.046423152,-1.2351894,23,-0.475,-0.45357684791088104
base,0.075,0.5,1,0,0.0955316,-1.1068277,23,-0.425,-0.4044684022665024
base,0.12500000000000003,0.5,2,0,0.14464001,-0.978466,23,-0.375,-0.3553599864244461
base,0.17500000000000002,0.5,3,0,0.19374846,-0.8501044,23,-0.32499999999999996,-0.30625154078006744
base,0.225,0.5,4,0,0.24285689,-0.7217426,23,-0.275,-0.25714311003685
base,0.275,0.5,5,0,0.29196534,-0.59338087,23,-0.22499999999999998,-0.2080346643924713
base,0.325,0.5,6,0,0.34107375,-0.4650191,23,-0.175,-0.15892624855041504
base,0.37500000000000006,0.5,7,0,0.39018217,-0.33665743,23,-0.12499999999999994,-0.10981783270835876
base,0.425,0.5,8,0,0.43929064,-0.20829563,23,-0.07500000000000001,-0.060709357261657715
base,0.475,0.5,9,0,0.48839903,-0.079933956,23,-0.025000000000000022,-0.011600971221923828
base,0.525,0.5,10,1,0.5375075,0.048427742,23,0.025000000000000022,0.037507474422454834
base,0.575,0.5,11,1,0.5866159,0.17678949,23,0.07499999999999996,0.0866159200668335
base,0.625,0.5,12,1,0.63572437,0.30515128,23,0.125,0.13572436571121216
base,0.675,0.5,13,1,0.6848328,0.433513,23,0.17500000000000004,0.18483281135559082
base,0.7250000000000001,0.5,14,1,0.7337278,0.5594743,23,0.2250000000000001,0.2337278127670288
base,0.7749999999999999,0.5,15,1,0.7824162,0.6831141,23,0.2749999999999999,0.2824162244796753
base,0.825,0.5,16,1,0.8311048,0.8067541,23,0.32499999999999996,0.3311048150062561
base,0.8749999999999999,0.5,17,1,0.8797934,0.93039405,23,0.3749999999999999,0.3797934055328369
base,0.9249999999999999,0.5,18,1,0.9226121,1.0412354,23,0.42499999999999993,0.4226120710372925
base,0.975,0.5,19,1,0.9572011,1.1297467,23,0.475,0.45720112323760986
curv,0.025000000000000022,0.25,0,0,0.033229955,-0.9883875,23,-0.22499999999999998,-0.21677004545927048
curv,0.025000000000000022,0.25,0,0,0.033229955,-0.9883875,23,-0.22499999999999998,-0.21677004545927048
curv,0.075,0.25,1,0,0.08233838,-0.86002594,23,-0.175,-0.1676616221666336
curv,0.075,0.25,1,0,0.08233838,-0.86002594,23,-0.175,-0.1676616221666336
curv,0.12500000000000003,0.25,2,0,0.13144681,-0.7316641,23,-0.12499999999999997,-0.11855319142341614
curv,0.12500000000000003,0.25,2,0,0.13144681,-0.7316641,23,-0.12499999999999997,-0.11855319142341614
curv,0.17500000000000002,0.25,3,0,0.18055525,-0.60330236,23,-0.07499999999999998,-0.06944474577903748
curv,0.17500000000000002,0.25,3,0,0.18055525,-0.60330236,23,-0.07499999999999998,-0.06944474577903748
curv,0.225,0.25,4,0,0.22966368,-0.47494066,23,-0.024999999999999994,-0.020336315035820007
curv,0.225,0.25,4,0,0.22966368,-0.47494066,23,-0.024999999999999994,-0.020336315035820007
curv,0.275,0.25,5,1,0.27877212,-0.3465789,23,0.025000000000000022,0.02877211570739746
curv,0.325,0.25,6,1,0.32788053,-0.21821725,23,0.07500000000000001,0.07788053154945374
curv,0.37500000000000006,0.25,7,1,0.37698898,-0.08985545,23,0.12500000000000006,0.1269889771938324
curv,0.425,0.25,8,1,0.42609742,0.038506318,23,0.175,0.17609742283821106
curv,0.475,0.25,9,1,0.47520584,0.16686805,23,0.22499999999999998,0.22520583868026733
curv,0.525,0.25,10,1,0.5243142,0.2952297,23,0.275,0.2743142247200012
curv,0.575,0.25,11,1,0.57342273,0.42359146,23,0.32499999999999996,0.32342272996902466
curv,0.625,0.25,12,1,0.6225311,0.5519532,23,0.375,0.37253111600875854
curv,0.675,0.25,13,1,0.67163956,0.68031496,23,0.42500000000000004,0.4216395616531372
curv,0.7250000000000001,0.25,14,1,0.72108155,0.80697745,23,0.4750000000000001,0.47108155488967896
flat,0.275,0.7500000000000001,0,0,0.30515856,-0.84018284,23,-0.4750000000000001,-0.4448414444923402
flat,0.325,0.7500000000000001,1,0,0.35426697,-0.71182114,23,-0.4250000000000001,-0.3957330286502839
flat,0.37500000000000006,0.7500000000000001,2,0,0.4033754,-0.5834594,23,-0.37500000000000006,-0.34662461280822765
flat,0.425,0.7500000000000001,3,0,0.45248386,-0.45509756,23,-0.3250000000000001,-0.2975161373615266
flat,0.475,0.7500000000000001,4,0,0.5015923,-0.32673585,23,-0.27500000000000013,-0.24840772151947033
flat,0.525,0.7500000000000001,5,0,0.55070066,-0.1983742,23,-0.2250000000000001,-0.19929933547973644
flat,0.575,0.7500000000000001,6,0,0.5997367,-0.07082695,23,-0.17500000000000016,-0.15026330947875988
flat,0.625,0.7500000000000001,7,0,0.6484252,0.052812953,23,-0.1250000000000001,-0.10157477855682384
flat,0.675,0.7500000000000001,8,0,0.69711375,0.17645289,23,-0.07500000000000007,-0.052886247634887806
flat,0.7250000000000001,0.7500000000000001,9,0,0.7458024,0.300093,23,-0.025000000000000022,-0.00419759750366222
flat,0.7749999999999999,0.7500000000000001,10,1,0.7944908,0.4237327,23,0.0249999999999998,0.044490814208984264
flat,0.7749999999999999,0.7500000000000001,10,1,0.7944908,0.4237327,23,0.0249999999999998,0.044490814208984264
flat,0.825,0.7500000000000001,11,1,0.8431794,0.54737276,23,0.07499999999999984,0.09317940473556507
flat,0.825,0.7500000000000001,11,1,0.8431794,0.54737276,23,0.07499999999999984,0.09317940473556507
flat,0.8749999999999999,0.7500000000000001,12,1,0.89186794,0.67101276,23,0.12499999999999978,0.1418679356575011
flat,0.8749999999999999,0.7500000000000001,12,1,0.89186794,0.67101276,23,0.12499999999999978,0.1418679356575011
flat,0.9249999999999999,0.7500000000000001,13,1,0.9295526,0.7706596,23,0.17499999999999982,0.17955261468887318
flat,0.9249999999999999,0.7500000000000001,13,1,0.9295526,0.7706596,23,0.17499999999999982,0.17955261468887318
flat,0.975,0.7500000000000001,14,1,0.96467656,0.8647231,23,0.22499999999999987,0.21467655897140492
flat,0.975,0.7500000000000001,14,1,0.96467656,0.8647231,23,0.22499999999999987,0.21467655897140492
base,0.025000000000000022,0.5,0,0,0.046423152,-1.2351894,23,-0.475,-0.45357684791088104
base,0.075,0.5,1,0,0.0955316,-1.1068277,23,-0.425,-0.4044684022665024
base,0.12500000000000003,0.5,2,0,0.14464001,-0.978466,23,-0.375,-0.3553599864244461
base,0.17500000000000002,0.5,3,0,0.19374846,-0.8501044,23,-0.32499999999999996,-0.30625154078006744
base,0.225,0.5,4,0,0.24285689,-0.7217426,23,-0.275,-0.25714311003685
base,0.275,0.5,5,0,0.29196534,-0.59338087,23,-0.22499999999999998,-0.2080346643924713
base,0.325,0.5,6,0,0.34107375,-0.4650191,23,-0.175,-0.15892624855041504
base,0.37500000000000006,0.5,7,0,0.39018217,-0.33665743,23,-0.12499999999999994,-0.10981783270835876
base,0.425,0.5,8,0,0.43929064,-0.20829563,23,-0.07500000000000001,-0.060709357261657715
base,0.475,0.5,9,0,0.48839903,-0.079933956,23,-0.025000000000000022,-0.011600971221923828
base,0.525,0.5,10,1,0.5375075,0.048427742,23,0.025000000000000022,0.037507474422454834
base,0.575,0.5,11,1,0.5866159,0.17678949,23,0.07499999999999996,0.0866159200668335
base,0.625,0.5,12,1,0.63572437,0.30515128,23,0.125,0.13572436571121216
base,0.675,0.5,13,1,0.6848328,0.433513,23,0.17500000000000004,0.18483281135559082
base,0.7250000000000001,0.5,14,1,0.7337278,0.5594743,23,0.2250000000000001,0.2337278127670288
base,0.7749999999999999,0.5,15,1,0.7824162,0.6831141,23,0.2749999999999999,0.2824162244796753
base,0.825,0.5,16,1,0.8311048,0.8067541,23,0.32499999999999996,0.3311048150062561
base,0.8749999999999999,0.5,17,1,0.8797934,0.93039405,23,0.3749999999999999,0.3797934055328369
base,0.9249999999999999,0.5,18,1,0.9226121,1.0412354,23,0.42499999999999993,0.4226120710372925
base,0.975,0.5,19,1,0.9572011,1.1297467,23,0.475,0.45720112323760986
curv,0.025000000000000022,0.25,0,0,0.033229955,-0.9883875,23,-0.22499999999999998,-0.21677004545927048
curv,0.025000000000000022,0.25,0,0,0.033229955,-0.9883875,23,-0.22499999999999998,-0.21677004545927048
curv,0.075,0.25,1,0,0.08233838,-0.86002594,23,-0.175,-0.1676616221666336
curv,0.075,0.25,1,0,0.08233838,-0.86002594,23,-0.175,-0.1676616221666336
curv,0.12500000000000003,0.25,2,0,0.13144681,-0.7316641,23,-0.12499999999999997,-0.11855319142341614
curv,0.12500000000000003,0.25,2,0,0.13144681,-0.7316641,23,-0.12499999999999997,-0.11855319142341614
curv,0.17500000000000002,0.25,3,0,0.18055525,-0.60330236,23,-0.07499999999999998,-0.06944474577903748
curv,0.17500000000000002,0.25,3,0,0.18055525,-0.60330236,23,-0.07499999999999998,-0.06944474577903748
curv,0.225,0.25,4,0,0.22966368,-0.47494066,23,-0.024999999999999994,-0.020336315035820007
curv,0.225,0.25,4,0,0.22966368,-0.47494066,23,-0.024999999999999994,-0.020336315035820007
curv,0.275,0.25,5,1,0.27877212,-0.3465789,23,0.025000000000000022,0.02877211570739746
curv,0.325,0.25,6,1,0.32788053,-0.21821725,23,0.07500000000000001,0.07788053154945374
curv,0.37500000000000006,0.25,7,1,0.37698898,-0.08985545,23,0.12500000000000006,0.1269889771938324
curv,0.425,0.25,8,1,0.42609742,0.038506318,23,0.175,0.17609742283821106
curv,0.475,0.25,9,1,0.47520584,0.16686805,23,0.22499999999999998,0.22520583868026733
curv,0.525,0.25,10,1,0.5243142,0.2952297,23,0.275,0.2743142247200012
curv,0.575,0.25,11,1,0.57342273,0.42359146,23,0.32499999999999996,0.32342272996902466
curv,0.625,0.25,12,1,0.6225311,0.5519532,23,0.375,0.37253111600875854
curv,0.675,0.25,13,1,0.67163956,0.68031496,23,0.42500000000000004,0.4216395616531372
curv,0.7250000000000001,0.25,14,1,0.72108155,0.80697745,23,0.4750000000000001,0.47108155488967896
flat,0.275,0.7500000000000001,0,0,0.30515856,-0.84018284,23,-0.4750000000000001,-0.4448414444923402
flat,0.325,0.7500000000000001,1,0,0.35426697,-0.71182114,23,-0.4250000000000001,-0.3957330286502839
flat,0.37500000000000006,0.7500000000000001,2,0,0.4033754,-0.5834594,23,-0.37500000000000006,-0.34662461280822765
flat,0.425,0.7500000000000001,3,0,0.45248386,-0.45509756,23,-0.3250000000000001,-0.2975161373615266
flat,0.475,0.7500000000000001,4,0,0.5015923,-0.32673585,23,-0.27500000000000013,-0.24840772151947033
flat,0.525,0.7500000000000001,5,0,0.55070066,-0.1983742,23,-0.2250000000000001,-0.19929933547973644
flat,0.575,0.7500000000000001,6,0,0.5997367,-0.07082695,23,-0.17500000000000016,-0.15026330947875988
flat,0.625,0.7500000000000001,7,0,0.6484252,0.052812953,23,-0.1250000000000001,-0.10157477855682384
flat,0.675,0.7500000000000001,8,0,0.69711375,0.17645289,23,-0.07500000000000007,-0.052886247634887806
flat,0.7250000000000001,0.7500000000000001,9,0,0.7458024,0.300093,23,-0.025000000000000022,-0.00419759750366222
flat,0.7749999999999999,0.7500000000000001,10,1,0.7944908,0.4237327,23,0.0249999999999998,0.044490814208984264
flat,0.7749999999999999,0.7500000000000001,10,1,0.7944908,0.4237327,23,0.0249999999999998,0.044490814208984264
flat,0.825,0.7500000000000001,11,1,0.8431794,0.54737276,23,0.07499999999999984,0.09317940473556507
flat,0.825,0.7500000000000001,11,1,0.8431794,0.54737276,23,0.07499999999999984,0.09317940473556507
flat,0.8749999999999999,0.7500000000000001,12,1,0.89186794,0.67101276,23,0.12499999999999978,0.1418679356575011
flat,0.8749999999999999,0.7500000000000001,12,1,0.89186794,0.67101276,23,0.12499999999999978,0.1418679356575011
flat,0.9249999999999999,0.7500000000000001,13,1,0.9295526,0.7706596,23,0.17499999999999982,0.17955261468887318
flat,0.9249999999999999,0.7500000000000001,13,1,0.9295526,0.7706596,23,0.17499999999999982,0.17955261468887318
flat,0.975,0.7500000000000001,14,1,0.96467656,0.8647231,23,0.22499999999999987,0.21467655897140492
flat,0.975,0.7500000000000001,14,1,0.96467656,0.8647231,23,0.22499999999999987,0.21467655897140492
base,0.025000000000000022,0.5,0,0,0.046423152,-1.2351894,23,-0.475,-0.45357684791088104
base,0.075,0.5,1,0,0.0955316,-1.1068277,23,-0.425,-0.4044684022665024
base,0.12500000000000003,0.5,2,0,0.14464001,-0.978466,23,-0.375,-0.3553599864244461
base,0.17500000000000002,0.5,3,0,0.19374846,-0.8501044,23,-0.32499999999999996,-0.30625154078006744
base,0.225,0.5,4,0,0.24285689,-0.7217426,23,-0.275,-0.25714311003685
base,0.275,0.5,5,0,0.29196534,-0.59338087,23,-0.22499999999999998,-0.2080346643924713
base,0.325,0.5,6,0,0.34107375,-0.4650191,23,-0.175,-0.15892624855041504
base,0.37500000000000006,0.5,7,0,0.39018217,-0.33665743,23,-0.12499999999999994,-0.10981783270835876
base,0.425,0.5,8,0,0.43929064,-0.20829563,23,-0.07500000000000001,-0.060709357261657715
base,0.475,0.5,9,0,0.48839903,-0.079933956,23,-0.025000000000000022,-0.011600971221923828
base,0.525,0.5,10,1,0.5375075,0.048427742,23,0.025000000000000022,0.037507474422454834
base,0.575,0.5,11,1,0.5866159,0.17678949,23,0.07499999999999996,0.0866159200668335
base,0.625,0.5,12,1,0.63572437,0.30515128,23,0.125,0.13572436571121216
base,0.675,0.5,13,1,0.6848328,0.433513,23,0.17500000000000004,0.18483281135559082
base,0.7250000000000001,0.5,14,1,0.7337278,0.5594743,23,0.2250000000000001,0.2337278127670288
base,0.7749999999999999,0.5,15,1,0.7824162,0.6831141,23,0.2749999999999999,0.2824162244796753
base,0.825,0.5,16,1,0.8311048,0.8067541,23,0.32499999999999996,0.3311048150062561
base,0.8749999999999999,0.5,17,1,0.8797934,0.93039405,23,0.3749999999999999,0.3797934055328369
base,0.9249999999999999,0.5,18,1,0.9226121,1.0412354,23,0.42499999999999993,0.4226120710372925
base,0.975,0.5,19,1,0.9572011,1.1297467,23,0.475,0.45720112323760986
curv,0.025000000000000022,0.25,0,0,0.033229955,-0.9883875,23,-0.22499999999999998,-0.21677004545927048
curv,0.025000000000000022,0.25,0,0,0.033229955,-0.9883875,23,-0.22499999999999998,-0.21677004545927048
curv,0.075,0.25,1,0,0.08233838,-0.86002594,23,-0.175,-0.1676616221666336
curv,0.075,0.25,1,0,0.08233838,-0.86002594,23,-0.175,-0.1676616221666336
curv,0.12500000000000003,0.25,2,0,0.13144681,-0.7316641,23,-0.12499999999999997,-0.11855319142341614
curv,0.12500000000000003,0.25,2,0,0.13144681,-0.7316641,23,-0.12499999999999997,-0.11855319142341614
curv,0.17500000000000002,0.25,3,0,0.18055525,-0.60330236,23,-0.07499999999999998,-0.06944474577903748
curv,0.17500000000000002,0.25,3,0,0.18055525,-0.60330236,23,-0.07499999999999998,-0.06944474577903748
curv,0.225,0.25,4,0,0.22966368,-0.47494066,23,-0.024999999999999994,-0.020336315035820007
curv,0.225,0.25,4,0,0.22966368,-0.47494066,23,-0.024999999999999994,-0.020336315035820007
curv,0.275,0.25,5,1,0.27877212,-0.3465789,23,0.025000000000000022,0.02877211570739746
curv,0.325,0.25,6,1,0.32788053,-0.21821725,23,0.07500000000000001,0.07788053154945374
curv,0.37500000000000006,0.25,7,1,0.37698898,-0.08985545,23,0.12500000000000006,0.1269889771938324
curv,0.425,0.25,8,1,0.42609742,0.038506318,23,0.175,0.17609742283821106
curv,0.475,0.25,9,1,0.47520584,0.16686805,23,0.22499999999999998,0.22520583868026733
curv,0.525,0.25,10,1,0.5243142,0.2952297,23,0.275,0.2743142247200012
curv,0.575,0.25,11,1,0.57342273,0.42359146,23,0.32499999999999996,0.32342272996902466
curv,0.625,0.25,12,1,0.6225311,0.5519532,23,0.375,0.37253111600875854
curv,0.675,0.25,13,1,0.67163956,0.68031496,23,0.42500000000000004,0.4216395616531372
curv,0.7250000000000001,0.25,14,1,0.72108155,0.80697745,23,0.4750000000000001,0.47108155488967896
flat,0.275,0.7500000000000001,0,0,0.30515856,-0.84018284,23,-0.4750000000000001,-0.4448414444923402
flat,0.325,0.7500000000000001,1,0,0.35426697,-0.71182114,23,-0.4250000000000001,-0.3957330286502839
flat,0.37500000000000006,0.7500000000000001,2,0,0.4033754,-0.5834594,23,-0.37500000000000006,-0.34662461280822765
flat,0.425,0.7500000000000001,3,0,0.45248386,-0.45509756,23,-0.3250000000000001,-0.2975161373615266
flat,0.475,0.7500000000000001,4,0,0.5015923,-0.32673585,23,-0.27500000000000013,-0.24840772151947033
flat,0.525,0.7500000000000001,5,0,0.55070066,-0.1983742,23,-0.2250000000000001,-0.19929933547973644
flat,0.575,0.7500000000000001,6,0,0.5997367,-0.07082695,23,-0.17500000000000016,-0.15026330947875988
flat,0.625,0.7500000000000001,7,0,0.6484252,0.052812953,23,-0.1250000000000001,-0.10157477855682384
flat,0.675,0.7500000000000001,8,0,0.69711375,0.17645289,23,-0.07500000000000007,-0.052886247634887806
flat,0.7250000000000001,0.7500000000000001,9,0,0.7458024,0.300093,23,-0.025000000000000022,-0.00419759750366222
flat,0.7749999999999999,0.7500000000000001,10,1,0.7944908,0.4237327,23,0.0249999999999998,0.044490814208984264
flat,0.7749999999999999,0.7500000000000001,10,1,0.7944908,0.4237327,23,0.0249999999999998,0.044490814208984264
flat,0.825,0.7500000000000001,11,1,0.8431794,0.54737276,23,0.07499999999999984,0.09317940473556507
flat,0.825,0.7500000000000001,11,1,0.8431794,0.54737276,23,0.07499999999999984,0.09317940473556507
flat,0.8749999999999999,0.7500000000000001,12,1,0.89186794,0.67101276,23,0.12499999999999978,0.1418679356575011
flat,0.8749999999999999,0.7500000000000001,12,1,0.89186794,0.67101276,23,0.12499999999999978,0.1418679356575011
flat,0.9249999999999999,0.7500000000000001,13,1,0.9295526,0.7706596,23,0.17499999999999982,0.17955261468887318
flat,0.9249999999999999,0.7500000000000001,13,1,0.9295526,0.7706596,23,0.17499999999999982,0.17955261468887318
flat,0.975,0.7500000000000001,14,1,0.96467656,0.8647231,23,0.22499999999999987,0.21467655897140492
flat,0.975,0.7500000000000001,14,1,0.96467656,0.8647231,23,0.22499999999999987,0.21467655897140492
base,0.025000000000000022,0.5,0,0,0.046423152,-1.2351894,23,-0.475,-0.45357684791088104
base,0.075,0.5,1,0,0.0955316,-1.1068277,23,-0.425,-0.4044684022665024
base,0.12500000000000003,0.5,2,0,0.14464001,-0.978466,23,-0.375,-0.3553599864244461
base,0.17500000000000002,0.5,3,0,0.19374846,-0.8501044,23,-0.32499999999999996,-0.30625154078006744
base,0.225,0.5,4,0,0.24285689,-0.7217426,23,-0.275,-0.25714311003685
base,0.275,0.5,5,0,0.29196534,-0.59338087,23,-0.22499999999999998,-0.2080346643924713
base,0.325,0.5,6,0,0.34107375,-0.4650191,23,-0.175,-0.15892624855041504
base,0.37500000000000006,0.5,7,0,0.39018217,-0.33665743,23,-0.12499999999999994,-0.10981783270835876
base,0.425,0.5,8,0,0.43929064,-0.20829563,23,-0.07500000000000001,-0.060709357261657715
base,0.475,0.5,9,0,0.48839903,-0.079933956,23,-0.025000000000000022,-0.011600971221923828
base,0.525,0.5,10,1,0.5375075,0.048427742,23,0.025000000000000022,0.037507474422454834
base,0.575,0.5,11,1,0.5866159,0.17678949,23,0.07499999999999996,0.0866159200668335
base,0.625,0.5,12,1,0.63572437,0.30515128,23,0.125,0.13572436571121216
base,0.675,0.5,13,1,0.6848328,0.433513,23,0.17500000000000004,0.18483281135559082
base,0.7250000000000001,0.5,14,1,0.7337278,0.5594743,23,0.2250000000000001,0.2337278127670288
base,0.7749999999999999,0.5,15,1,0.7824162,0.6831141,23,0.2749999999999999,0.2824162244796753
base,0.825,0.5,16,1,0.8311048,0.8067541,23,0.32499999999999996,0.3311048150062561
base,0.8749999999999999,0.5,17,1,0.8797934,0.93039405,23,0.3749999999999999,0.3797934055328369
base,0.9249999999999999,0.5,18,1,0.9226121,1.0412354,23,0.42499999999999993,0.4226120710372925
base,0.975,0.5,19,1,0.9572011,1.1297467,23,0.475,0.45720112323760986
curv,0.025000000000000022,0.25,0,0,0.033229955,-0.9883875,23,-0.22499999999999998,-0.21677004545927048
curv,0.025000000000000022,0.25,0,0,0.033229955,-0.9883875,23,-0.22499999999999998,-0.21677004545927048
curv,0.075,0.25,1,0,0.08233838,-0.86002594,23,-0.175,-0.1676616221666336
curv,0.075,0.25,1,0,0.08233838,-0.86002594,23,-0.175,-0.1676616221666336
curv,0.12500000000000003,0.25,2,0,0.13144681,-0.7316641,23,-0.12499999999999997,-0.11855319142341614
curv,0.12500000000000003,0.25,2,0,0.13144681,-0.7316641,23,-0.12499999999999997,-0.11855319142341614
curv,0.17500000000000002,0.25,3,0,0.18055525,-0.60330236,23,-0.07499999999999998,-0.06944474577903748
curv,0.17500000000000002,0.25,3,0,0.18055525,-0.60330236,23,-0.07499999999999998,-0.06944474577903748
curv,0.225,0.25,4,0,0.22966368,-0.47494066,23,-0.024999999999999994,-0.020336315035820007
curv,0.225,0.25,4,0,0.22966368,-0.47494066,23,-0.024999999999999994,-0.020336315035820007
curv,0.275,0.25,5,1,0.27877212,-0.3465789,23,0.025000000000000022,0.02877211570739746
curv,0.325,0.25,6,1,0.32788053,-0.21821725,23,0.07500000000000001,0.07788053154945374
curv,0.37500000000000006,0.25,7,1,0.37698898,-0.08985545,23,0.12500000000000006,0.1269889771938324
curv,0.425,0.25,8,1,0.42609742,0.038506318,23,0.175,0.17609742283821106
curv,0.475,0.25,9,1,0.47520584,0.16686805,23,0.22499999999999998,0.22520583868026733
curv,0.525,0.25,10,1,0.5243142,0.2952297,23,0.275,0.2743142247200012
curv,0.575,0.25,11,1,0.57342273,0.42359146,23,0.32499999999999996,0.32342272996902466
curv,0.625,0.25,12,1,0.6225311,0.5519532,23,0.375,0.37253111600875854
curv,0.675,0.25,13,1,0.67163956,0.68031496,23,0.42500000000000004,0.4216395616531372
curv,0.7250000000000001,0.25,14,1,0.72108155,0.80697745,23,0.4750000000000001,0.47108155488967896
flat,0.275,0.7500000000000001,0,0,0.30515856,-0.84018284,23,-0.4750000000000001,-0.4448414444923402
flat,0.325,0.7500000000000001,1,0,0.35426697,-0.71182114,23,-0.4250000000000001,-0.3957330286502839
flat,0.37500000000000006,0.7500000000000001,2,0,0.4033754,-0.5834594,23,-0.37500000000000006,-0.34662461280822765
flat,0.425,0.7500000000000001,3,0,0.45248386,-0.45509756,23,-0.3250000000000001,-0.2975161373615266
flat,0.475,0.7500000000000001,4,0,0.5015923,-0.32673585,23,-0.27500000000000013,-0.24840772151947033
flat,0.525,0.7500000000000001,5,0,0.55070066,-0.1983742,23,-0.2250000000000001,-0.19929933547973644
flat,0.575,0.7500000000000001,6,0,0.5997367,-0.07082695,23,-0.17500000000000016,-0.15026330947875988
flat,0.625,0.7500000000000001,7,0,0.6484252,0.052812953,23,-0.1250000000000001,-0.10157477855682384
flat,0.675,0.7500000000000001,8,0,0.69711375,0.17645289,23,-0.07500000000000007,-0.052886247634887806
flat,0.7250000000000001,0.7500000000000001,9,0,0.7458024,0.300093,23,-0.025000000000000022,-0.00419759750366222
flat,0.7749999999999999,0.7500000000000001,10,1,0.7944908,0.4237327,23,0.0249999999999998,0.044490814208984264
flat,0.7749999999999999,0.7500000000000001,10,1,0.7944908,0.4237327,23,0.0249999999999998,0.044490814208984264
flat,0.825,0.7500000000000001,11,1,0.8431794,0.54737276,23,0.07499999999999984,0.09317940473556507
flat,0.825,0.7500000000000001,11,1,0.8431794,0.54737276,23,0.07499999999999984,0.09317940473556507
flat,0.8749999999999999,0.7500000000000001,12,1,0.89186794,0.67101276,23,0.12499999999999978,0.1418679356575011
flat,0.8749999999999999,0.7500000000000001,12,1,0.89186794,0.67101276,23,0.12499999999999978,0.1418679356575011
flat,0.9249999999999999,0.7500000000000001,13,1,0.9295526,0.7706596,23,0.17499999999999982,0.17955261468887318
flat,0.9249999999999999,0.7500000000000001,13,1,0.9295526,0.7706596,23,0.17499999999999982,0.17955261468887318
flat,0.975,0.7500000000000001,14,1,0.96467656,0.8647231,23,0.22499999999999987,0.21467655897140492
flat,0.975,0.7500000000000001,14,1,0.96467656,0.8647231,23,0.22499999999999987,0.21467655897140492
base,0.025000000000000022,0.5,0,0,0.11964425,-0.9613832,24,-0.475,-0.38035575300455093
base,0.075,0.5,1,0,0.15297443,-0.8729553,24,-0.425,-0.3470255732536316
base,0.12500000000000003,0.5,2,0,0.19018784,-0.7735661,24,-0.375,-0.30981215834617615
base,0.17500000000000002,0.5,3,0,0.23145467,-0.66273534,24,-0.32499999999999996,-0.26854532957077026
base,0.225,0.5,4,0,0.2727215,-0.55190474,24,-0.275,-0.22727850079536438
base,0.275,0.5,5,0,0.31398833,-0.44107398,24,-0.22499999999999998,-0.1860116720199585
base,0.325,0.5,6,0,0.3552551,-0.3302434,24,-0.175,-0.1447449028491974
base,0.37500000000000006,0.5,7,0,0.3965219,-0.21941261,24,-0.12499999999999994,-0.10347810387611389
base,0.425,0.5,8,0,0.43778872,-0.1085819,24,-0.07500000000000001,-0.06221127510070801
base,0.475,0.5,9,0,0.4790555,0.0022487938,24,-0.025000000000000022,-0.0209445059299469
base,0.525,0.5,10,1,0.5203223,0.11307946,24,0.025000000000000022,0.020322322845458984
base,0.575,0.5,11,1,0.56158906,0.2239101,24,0.07499999999999996,0.061589062213897705
base,0.625,0.5,12,1,0.6028559,0.33474085,24,0.125,0.10285592079162598
base,0.675,0.5,13,1,0.6441227,0.4455715,24,0.17500000000000004,0.14412271976470947
base,0.7250000000000001,0.5,14,1,0.6853895,0.5564023,24,0.2250000000000001,0.18538951873779297
base,0.7749999999999999,0.5,15,1,0.7266563,0.6672329,24,0.2749999999999999,0.22665631771087646
base,0.825,0.5,16,1,0.7679231,0.7780638,24,0.32499999999999996,0.26792311668395996
base,0.8749999999999999,0.5,17,1,0.8091899,0.8888943,24,0.3749999999999999,0.30918991565704346
base,0.9249999999999999,0.5,18,1,0.8504568,0.9997251,24,0.42499999999999993,0.35045677423477173
base,0.975,0.5,19,1,0.89172363,1.1105558,24,0.475,0.3917236328125
curv,0.025000000000000022,0.25,0,0,0.079421446,-0.7630615,24,-0.22499999999999998,-0.17057855427265167
curv,0.025000000000000022,0.25,0,0,0.079421446,-0.7630615,24,-0.22499999999999998,-0.17057855427265167
curv,0.075,0.25,1,0,0.10547065,-0.6792248,24,-0.175,-0.14452935010194778
curv,0.075,0.25,1,0,0.10547065,-0.6792248,24,-0.175,-0.14452935010194778
curv,0.12500000000000003,0.25,2,0,0.13489813,-0.5893954,24,-0.12499999999999997,-0.1151018738746643
curv,0.12500000000000003,0.25,2,0,0.13489813,-0.5893954,24,-0.12499999999999997,-0.1151018738746643
curv,0.17500000000000002,0.25,3,0,0.17616493,-0.4785648,24,-0.07499999999999998,-0.07383507490158081
curv,0.17500000000000002,0.25,3,0,0.17616493,-0.4785648,24,-0.07499999999999998,-0.07383507490158081
curv,0.225,0.25,4,0,0.21743172,-0.36773407,24,-0.024999999999999994,-0.032568275928497314
curv,0.225,0.25,4,0,0.21743172,-0.36773407,24,-0.024999999999999994,-0.032568275928497314
curv,0.275,0.25,5,1,0.25869855,-0.2569034,24,0.025000000000000022,0.00869855284690857
curv,0.325,0.25,6,1,0.29996535,-0.14607276,24,0.07500000000000001,0.049965351819992065
curv,0.37500000000000006,0.25,7,1,0.34123215,-0.03524205,24,0.12500000000000006,0.09123215079307556
curv,0.425,0.25,8,1,0.38249898,0.07558879,24,0.175,0.13249897956848145
curv,0.475,0.25,9,1,0.42376575,0.18641934,24,0.22499999999999998,0.17376574873924255
curv,0.525,0.25,10,1,0.46503252,0.29725,24,0.275,0.21503251791000366
curv,0.575,0.25,11,1,0.5062993,0.4080808,24,0.32499999999999996,0.25629931688308716
curv,0.625,0.25,12,1,0.5475662,0.5189115,24,0.375,0.29756617546081543
curv,0.675,0.25,13,1,0.588833,0.62974226,24,0.42500000000000004,0.3388329744338989
curv,0.7250000000000001,0.25,14,1,0.63250494,0.7259195,24,0.4750000000000001,0.382504940032959
flat,0.275,0.7500000000000001,0,0,0.37059686,-0.62152195,24,-0.4750000000000001,-0.37940314412117015
flat,0.325,0.7500000000000001,1,0,0.41054484,-0.51441395,24,-0.4250000000000001,-0.33945515751838695
flat,0.37500000000000006,0.7500000000000001,2,0,0.45181164,-0.4035832,24,-0.37500000000000006,-0.29818835854530346
flat,0.425,0.7500000000000001,3,0,0.49307844,-0.2927525,24,-0.3250000000000001,-0.25692155957221996
flat,0.475,0.7500000000000001,4,0,0.53434527,-0.18192184,24,-0.27500000000000013,-0.21565473079681408
flat,0.525,0.7500000000000001,5,0,0.575612,-0.071091205,24,-0.2250000000000001,-0.17438799142837536
flat,0.575,0.7500000000000001,6,0,0.6168788,0.03973952,24,-0.17500000000000016,-0.13312119245529186
flat,0.625,0.7500000000000001,7,0,0.65814567,0.15057021,24,-0.1250000000000001,-0.09185433387756359
flat,0.675,0.7500000000000001,8,0,0.69941247,0.26140097,24,-0.07500000000000007,-0.05058753490448009
flat,0.7250000000000001,0.7500000000000001,9,0,0.74067926,0.3722317,24,-0.025000000000000022,-0.009320735931396595
flat,0.7749999999999999,0.7500000000000001,10,1,0.781946,0.48306224,24,0.0249999999999998,0.031946003437042125
flat,0.7749999999999999,0.7500000000000001,10,1,0.781946,0.48306224,24,0.0249999999999998,0.031946003437042125
flat,0.825,0.7500000000000001,11,1,0.82321286,0.59389305,24,0.07499999999999984,0.0732128620147704
flat,0.825,0.7500000000000001,11,1,0.82321286,0.59389305,24,0.07499999999999984,0.0732128620147704
flat,0.8749999999999999,0.7500000000000001,12,1,0.86447966,0.70472383,24,0.12499999999999978,0.11447966098785389
flat,0.8749999999999999,0.7500000000000001,12,1,0.86447966,0.70472383,24,0.12499999999999978,0.11447966098785389
flat,0.9249999999999999,0.7500000000000001,13,1,0.9057465,0.8155546,24,0.17499999999999982,0.15574651956558216
flat,0.9249999999999999,0.7500000000000001,13,1,0.9057465,0.8155546,24,0.17499999999999982,0.15574651956558216
flat,0.975,0.7500000000000001,14,1,0.9470133,0.92638516,24,0.22499999999999987,0.19701331853866566
flat,0.975,0.7500000000000001,14,1,0.9470133,0.92638516,24,0.22499999999999987,0.19701331853866566
base,0.025000000000000022,0.5,0,0,0.11964425,-0.9613832,24,-0.475,-0.38035575300455093
base,0.075,0.5,1,0,0.15297443,-0.8729553,24,-0.425,-0.3470255732536316
base,0.12500000000000003,0.5,2,0,0.19018784,-0.7735661,24,-0.375,-0.30981215834617615
base,0.17500000000000002,0.5,3,0,0.23145467,-0.66273534,24,-0.32499999999999996,-0.26854532957077026
base,0.225,0.5,4,0,0.2727215,-0.55190474,24,-0.275,-0.22727850079536438
base,0.275,0.5,5,0,0.31398833,-0.44107398,24,-0.22499999999999998,-0.1860116720199585
base,0.325,0.5,6,0,0.3552551,-0.3302434,24,-0.175,-0.1447449028491974
base,0.37500000000000006,0.5,7,0,0.3965219,-0.21941261,24,-0.12499999999999994,-0.10347810387611389
base,0.425,0.5,8,0,0.43778872,-0.1085819,24,-0.07500000000000001,-0.06221127510070801
base,0.475,0.5,9,0,0.4790555,0.0022487938,24,-0.025000000000000022,-0.0209445059299469
base,0.525,0.5,10,1,0.5203223,0.11307946,24,0.025000000000000022,0.020322322845458984
base,0.575,0.5,11,1,0.56158906,0.2239101,24,0.07499999999999996,0.061589062213897705
base,0.625,0.5,12,1,0.6028559,0.33474085,24,0.125,0.10285592079162598
base,0.675,0.5,13,1,0.6441227,0.4455715,24,0.17500000000000004,0.14412271976470947
base,0.7250000000000001,0.5,14,1,0.6853895,0.5564023,24,0.2250000000000001,0.18538951873779297
base,0.7749999999999999,0.5,15,1,0.7266563,0.6672329,24,0.2749999999999999,0.22665631771087646
base,0.825,0.5,16,1,0.7679231,0.7780638,24,0.32499999999999996,0.26792311668395996
base,0.8749999999999999,0.5,17,1,0.8091899,0.8888943,24,0.3749999999999999,0.30918991565704346
base,0.9249999999999999,0.5,18,1,0.8504568,0.9997251,24,0.42499999999999993,0.35045677423477173
base,0.975,0.5,19,1,0.89172363,1.1105558,24,0.475,0.3917236328125
curv,0.025000000000000022,0.25,0,0,0.079421446,-0.7630615,24,-0.22499999999999998,-0.17057855427265167
curv,0.025000000000000022,0.25,0,0,0.079421446,-0.7630615,24,-0.22499999999999998,-0.17057855427265167
curv,0.075,0.25,1,0,0.10547065,-0.6792248,24,-0.175,-0.14452935010194778
curv,0.075,0.25,1,0,0.10547065,-0.6792248,24,-0.175,-0.14452935010194778
curv,0.12500000000000003,0.25,2,0,0.13489813,-0.5893954,24,-0.12499999999999997,-0.1151018738746643
curv,0.12500000000000003,0.25,2,0,0.13489813,-0.5893954,24,-0.12499999999999997,-0.1151018738746643
curv,0.17500000000000002,0.25,3,0,0.17616493,-0.4785648,24,-0.07499999999999998,-0.07383507490158081
curv,0.17500000000000002,0.25,3,0,0.17616493,-0.4785648,24,-0.07499999999999998,-0.07383507490158081
curv,0.225,0.25,4,0,0.21743172,-0.36773407,24,-0.024999999999999994,-0.032568275928497314
curv,0.225,0.25,4,0,0.21743172,-0.36773407,24,-0.024999999999999994,-0.032568275928497314
curv,0.275,0.25,5,1,0.25869855,-0.2569034,24,0.025000000000000022,0.00869855284690857
curv,0.325,0.25,6,1,0.29996535,-0.14607276,24,0.07500000000000001,0.049965351819992065
curv,0.37500000000000006,0.25,7,1,0.34123215,-0.03524205,24,0.12500000000000006,0.09123215079307556
curv,0.425,0.25,8,1,0.38249898,0.07558879,24,0.175,0.13249897956848145
curv,0.475,0.25,9,1,0.42376575,0.18641934,24,0.22499999999999998,0.17376574873924255
curv,0.525,0.25,10,1,0.46503252,0.29725,24,0.275,0.21503251791000366
curv,0.575,0.25,11,1,0.5062993,0.4080808,24,0.32499999999999996,0.25629931688308716
curv,0.625,0.25,12,1,0.5475662,0.5189115,24,0.375,0.29756617546081543
curv,0.675,0.25,13,1,0.588833,0.62974226,24,0.42500000000000004,0.3388329744338989
curv,0.7250000000000001,0.25,14,1,0.63250494,0.7259195,24,0.4750000000000001,0.382504940032959
flat,0.275,0.7500000000000001,0,0,0.37059686,-0.62152195,24,-0.4750000000000001,-0.37940314412117015
flat,0.325,0.7500000000000001,1,0,0.41054484,-0.51441395,24,-0.4250000000000001,-0.33945515751838695
flat,0.37500000000000006,0.7500000000000001,2,0,0.45181164,-0.4035832,24,-0.37500000000000006,-0.29818835854530346
flat,0.425,0.7500000000000001,3,0,0.49307844,-0.2927525,24,-0.3250000000000001,-0.25692155957221996
flat,0.475,0.7500000000000001,4,0,0.53434527,-0.18192184,24,-0.27500000000000013,-0.21565473079681408
flat,0.525,0.7500000000000001,5,0,0.575612,-0.071091205,24,-0.2250000000000001,-0.17438799142837536
flat,0.575,0.7500000000000001,6,0,0.6168788,0.03973952,24,-0.17500000000000016,-0.13312119245529186
flat,0.625,0.7500000000000001,7,0,0.65814567,0.15057021,24,-0.1250000000000001,-0.09185433387756359
flat,0.675,0.7500000000000001,8,0,0.69941247,0.26140097,24,-0.07500000000000007,-0.05058753490448009
flat,0.7250000000000001,0.7500000000000001,9,0,0.74067926,0.3722317,24,-0.025000000000000022,-0.009320735931396595
flat,0.7749999999999999,0.7500000000000001,10,1,0.781946,0.48306224,24,0.0249999999999998,0.031946003437042125
flat,0.7749999999999999,0.7500000000000001,10,1,0.781946,0.48306224,24,0.0249999999999998,0.031946003437042125
flat,0.825,0.7500000000000001,11,1,0.82321286,0.59389305,24,0.07499999999999984,0.0732128620147704
flat,0.825,0.7500000000000001,11,1,0.82321286,0.59389305,24,0.07499999999999984,0.0732128620147704
flat,0.8749999999999999,0.7500000000000001,12,1,0.86447966,0.70472383,24,0.12499999999999978,0.11447966098785389
flat,0.8749999999999999,0.7500000000000001,12,1,0.86447966,0.70472383,24,0.12499999999999978,0.11447966098785389
flat,0.9249999999999999,0.7500000000000001,13,1,0.9057465,0.8155546,24,0.17499999999999982,0.15574651956558216
flat,0.9249999999999999,0.7500000000000001,13,1,0.9057465,0.8155546,24,0.17499999999999982,0.15574651956558216
flat,0.975,0.7500000000000001,14,1,0.9470133,0.92638516,24,0.22499999999999987,0.19701331853866566
flat,0.975,0.7500000000000001,14,1,0.9470133,0.92638516,24,0.22499999999999987,0.19701331853866566
base,0.025000000000000022,0.5,0,0,0.11964425,-0.9613832,24,-0.475,-0.38035575300455093
base,0.075,0.5,1,0,0.15297443,-0.8729553,24,-0.425,-0.3470255732536316
base,0.12500000000000003,0.5,2,0,0.19018784,-0.7735661,24,-0.375,-0.30981215834617615
base,0.17500000000000002,0.5,3,0,0.23145467,-0.66273534,24,-0.32499999999999996,-0.26854532957077026
base,0.225,0.5,4,0,0.2727215,-0.55190474,24,-0.275,-0.22727850079536438
base,0.275,0.5,5,0,0.31398833,-0.44107398,24,-0.22499999999999998,-0.1860116720199585
base,0.325,0.5,6,0,0.3552551,-0.3302434,24,-0.175,-0.1447449028491974
base,0.37500000000000006,0.5,7,0,0.3965219,-0.21941261,24,-0.12499999999999994,-0.10347810387611389
base,0.425,0.5,8,0,0.43778872,-0.1085819,24,-0.07500000000000001,-0.06221127510070801
base,0.475,0.5,9,0,0.4790555,0.0022487938,24,-0.025000000000000022,-0.0209445059299469
base,0.525,0.5,10,1,0.5203223,0.11307946,24,0.025000000000000022,0.020322322845458984
base,0.575,0.5,11,1,0.56158906,0.2239101,24,0.07499999999999996,0.061589062213897705
base,0.625,0.5,12,1,0.6028559,0.33474085,24,0.125,0.10285592079162598
base,0.675,0.5,13,1,0.6441227,0.4455715,24,0.17500000000000004,0.14412271976470947
base,0.7250000000000001,0.5,14,1,0.6853895,0.5564023,24,0.2250000000000001,0.18538951873779297
base,0.7749999999999999,0.5,15,1,0.7266563,0.6672329,24,0.2749999999999999,0.22665631771087646
base,0.825,0.5,16,1,0.7679231,0.7780638,24,0.32499999999999996,0.26792311668395996
base,0.8749999999999999,0.5,17,1,0.8091899,0.8888943,24,0.3749999999999999,0.30918991565704346
base,0.9249999999999999,0.5,18,1,0.8504568,0.9997251,24,0.42499999999999993,0.35045677423477173
base,0.975,0.5,19,1,0.89172363,1.1105558,24,0.475,0.3917236328125
curv,0.025000000000000022,0.25,0,0,0.079421446,-0.7630615,24,-0.22499999999999998,-0.17057855427265167
curv,0.025000000000000022,0.25,0,0,0.079421446,-0.7630615,24,-0.22499999999999998,-0.17057855427265167
curv,0.075,0.25,1,0,0.10547065,-0.6792248,24,-0.175,-0.14452935010194778
curv,0.075,0.25,1,0,0.10547065,-0.6792248,24,-0.175,-0.14452935010194778
curv,0.12500000000000003,0.25,2,0,0.13489813,-0.5893954,24,-0.12499999999999997,-0.1151018738746643
curv,0.12500000000000003,0.25,2,0,0.13489813,-0.5893954,24,-0.12499999999999997,-0.1151018738746643
curv,0.17500000000000002,0.25,3,0,0.17616493,-0.4785648,24,-0.07499999999999998,-0.07383507490158081
curv,0.17500000000000002,0.25,3,0,0.17616493,-0.4785648,24,-0.07499999999999998,-0.07383507490158081
curv,0.225,0.25,4,0,0.21743172,-0.36773407,24,-0.024999999999999994,-0.032568275928497314
curv,0.225,0.25,4,0,0.21743172,-0.36773407,24,-0.024999999999999994,-0.032568275928497314
curv,0.275,0.25,5,1,0.25869855,-0.2569034,24,0.025000000000000022,0.00869855284690857
curv,0.325,0.25,6,1,0.29996535,-0.14607276,24,0.07500000000000001,0.049965351819992065
curv,0.37500000000000006,0.25,7,1,0.34123215,-0.03524205,24,0.12500000000000006,0.09123215079307556
curv,0.425,0.25,8,1,0.38249898,0.07558879,24,0.175,0.13249897956848145
curv,0.475,0.25,9,1,0.42376575,0.18641934,24,0.22499999999999998,0.17376574873924255
curv,0.525,0.25,10,1,0.46503252,0.29725,24,0.275,0.21503251791000366
curv,0.575,0.25,11,1,0.5062993,0.4080808,24,0.32499999999999996,0.25629931688308716
curv,0.625,0.25,12,1,0.5475662,0.5189115,24,0.375,0.29756617546081543
curv,0.675,0.25,13,1,0.588833,0.62974226,24,0.42500000000000004,0.3388329744338989
curv,0.7250000000000001,0.25,14,1,0.63250494,0.7259195,24,0.4750000000000001,0.382504940032959
flat,0.275,0.7500000000000001,0,0,0.37059686,-0.62152195,24,-0.4750000000000001,-0.37940314412117015
flat,0.325,0.7500000000000001,1,0,0.41054484,-0.51441395,24,-0.4250000000000001,-0.33945515751838695
flat,0.37500000000000006,0.7500000000000001,2,0,0.45181164,-0.4035832,24,-0.37500000000000006,-0.29818835854530346
flat,0.425,0.7500000000000001,3,0,0.49307844,-0.2927525,24,-0.3250000000000001,-0.25692155957221996
flat,0.475,0.7500000000000001,4,0,0.53434527,-0.18192184,24,-0.27500000000000013,-0.21565473079681408
flat,0.525,0.7500000000000001,5,0,0.575612,-0.071091205,24,-0.2250000000000001,-0.17438799142837536
flat,0.575,0.7500000000000001,6,0,0.6168788,0.03973952,24,-0.17500000000000016,-0.13312119245529186
flat,0.625,0.7500000000000001,7,0,0.65814567,0.15057021,24,-0.1250000000000001,-0.09185433387756359
flat,0.675,0.7500000000000001,8,0,0.69941247,0.26140097,24,-0.07500000000000007,-0.05058753490448009
flat,0.7250000000000001,0.7500000000000001,9,0,0.74067926,0.3722317,24,-0.025000000000000022,-0.009320735931396595
flat,0.7749999999999999,0.7500000000000001,10,1,0.781946,0.48306224,24,0.0249999999999998,0.031946003437042125
flat,0.7749999999999999,0.7500000000000001,10,1,0.781946,0.48306224,24,0.0249999999999998,0.031946003437042125
flat,0.825,0.7500000000000001,11,1,0.82321286,0.59389305,24,0.07499999999999984,0.0732128620147704
flat,0.825,0.7500000000000001,11,1,0.82321286,0.59389305,24,0.07499999999999984,0.0732128620147704
flat,0.8749999999999999,0.7500000000000001,12,1,0.86447966,0.70472383,24,0.12499999999999978,0.11447966098785389
flat,0.8749999999999999,0.7500000000000001,12,1,0.86447966,0.70472383,24,0.12499999999999978,0.11447966098785389
flat,0.9249999999999999,0.7500000000000001,13,1,0.9057465,0.8155546,24,0.17499999999999982,0.15574651956558216
flat,0.9249999999999999,0.7500000000000001,13,1,0.9057465,0.8155546,24,0.17499999999999982,0.15574651956558216
flat,0.975,0.7500000000000001,14,1,0.9470133,0.92638516,24,0.22499999999999987,0.19701331853866566
flat,0.975,0.7500000000000001,14,1,0.9470133,0.92638516,24,0.22499999999999987,0.19701331853866566
base,0.025000000000000022,0.5,0,0,0.11964425,-0.9613832,24,-0.475,-0.38035575300455093
base,0.075,0.5,1,0,0.15297443,-0.8729553,24,-0.425,-0.3470255732536316
base,0.12500000000000003,0.5,2,0,0.19018784,-0.7735661,24,-0.375,-0.30981215834617615
base,0.17500000000000002,0.5,3,0,0.23145467,-0.66273534,24,-0.32499999999999996,-0.26854532957077026
base,0.225,0.5,4,0,0.2727215,-0.55190474,24,-0.275,-0.22727850079536438
base,0.275,0.5,5,0,0.31398833,-0.44107398,24,-0.22499999999999998,-0.1860116720199585
base,0.325,0.5,6,0,0.3552551,-0.3302434,24,-0.175,-0.1447449028491974
base,0.37500000000000006,0.5,7,0,0.3965219,-0.21941261,24,-0.12499999999999994,-0.10347810387611389
base,0.425,0.5,8,0,0.43778872,-0.1085819,24,-0.07500000000000001,-0.06221127510070801
base,0.475,0.5,9,0,0.4790555,0.0022487938,24,-0.025000000000000022,-0.0209445059299469
base,0.525,0.5,10,1,0.5203223,0.11307946,24,0.025000000000000022,0.020322322845458984
base,0.575,0.5,11,1,0.56158906,0.2239101,24,0.07499999999999996,0.061589062213897705
base,0.625,0.5,12,1,0.6028559,0.33474085,24,0.125,0.10285592079162598
base,0.675,0.5,13,1,0.6441227,0.4455715,24,0.17500000000000004,0.14412271976470947
base,0.7250000000000001,0.5,14,1,0.6853895,0.5564023,24,0.2250000000000001,0.18538951873779297
base,0.7749999999999999,0.5,15,1,0.7266563,0.6672329,24,0.2749999999999999,0.22665631771087646
base,0.825,0.5,16,1,0.7679231,0.7780638,24,0.32499999999999996,0.26792311668395996
base,0.8749999999999999,0.5,17,1,0.8091899,0.8888943,24,0.3749999999999999,0.30918991565704346
base,0.9249999999999999,0.5,18,1,0.8504568,0.9997251,24,0.42499999999999993,0.35045677423477173
base,0.975,0.5,19,1,0.89172363,1.1105558,24,0.475,0.3917236328125
curv,0.025000000000000022,0.25,0,0,0.079421446,-0.7630615,24,-0.22499999999999998,-0.17057855427265167
curv,0.025000000000000022,0.25,0,0,0.079421446,-0.7630615,24,-0.22499999999999998,-0.17057855427265167
curv,0.075,0.25,1,0,0.10547065,-0.6792248,24,-0.175,-0.14452935010194778
curv,0.075,0.25,1,0,0.10547065,-0.6792248,24,-0.175,-0.14452935010194778
curv,0.12500000000000003,0.25,2,0,0.13489813,-0.5893954,24,-0.12499999999999997,-0.1151018738746643
curv,0.12500000000000003,0.25,2,0,0.13489813,-0.5893954,24,-0.12499999999999997,-0.1151018738746643
curv,0.17500000000000002,0.25,3,0,0.17616493,-0.4785648,24,-0.07499999999999998,-0.07383507490158081
curv,0.17500000000000002,0.25,3,0,0.17616493,-0.4785648,24,-0.07499999999999998,-0.07383507490158081
curv,0.225,0.25,4,0,0.21743172,-0.36773407,24,-0.024999999999999994,-0.032568275928497314
curv,0.225,0.25,4,0,0.21743172,-0.36773407,24,-0.024999999999999994,-0.032568275928497314
curv,0.275,0.25,5,1,0.25869855,-0.2569034,24,0.025000000000000022,0.00869855284690857
curv,0.325,0.25,6,1,0.29996535,-0.14607276,24,0.07500000000000001,0.049965351819992065
curv,0.37500000000000006,0.25,7,1,0.34123215,-0.03524205,24,0.12500000000000006,0.09123215079307556
curv,0.425,0.25,8,1,0.38249898,0.07558879,24,0.175,0.13249897956848145
curv,0.475,0.25,9,1,0.42376575,0.18641934,24,0.22499999999999998,0.17376574873924255
curv,0.525,0.25,10,1,0.46503252,0.29725,24,0.275,0.21503251791000366
curv,0.575,0.25,11,1,0.5062993,0.4080808,24,0.32499999999999996,0.25629931688308716
curv,0.625,0.25,12,1,0.5475662,0.5189115,24,0.375,0.29756617546081543
curv,0.675,0.25,13,1,0.588833,0.62974226,24,0.42500000000000004,0.3388329744338989
curv,0.7250000000000001,0.25,14,1,0.63250494,0.7259195,24,0.4750000000000001,0.382504940032959
flat,0.275,0.7500000000000001,0,0,0.37059686,-0.62152195,24,-0.4750000000000001,-0.37940314412117015
flat,0.325,0.7500000000000001,1,0,0.41054484,-0.51441395,24,-0.4250000000000001,-0.33945515751838695
flat,0.37500000000000006,0.7500000000000001,2,0,0.45181164,-0.4035832,24,-0.37500000000000006,-0.29818835854530346
flat,0.425,0.7500000000000001,3,0,0.49307844,-0.2927525,24,-0.3250000000000001,-0.25692155957221996
flat,0.475,0.7500000000000001,4,0,0.53434527,-0.18192184,24,-0.27500000000000013,-0.21565473079681408
flat,0.525,0.7500000000000001,5,0,0.575612,-0.071091205,24,-0.2250000000000001,-0.17438799142837536
flat,0.575,0.7500000000000001,6,0,0.6168788,0.03973952,24,-0.17500000000000016,-0.13312119245529186
flat,0.625,0.7500000000000001,7,0,0.65814567,0.15057021,24,-0.1250000000000001,-0.09185433387756359
flat,0.675,0.7500000000000001,8,0,0.69941247,0.26140097,24,-0.07500000000000007,-0.05058753490448009
flat,0.7250000000000001,0.7500000000000001,9,0,0.74067926,0.3722317,24,-0.025000000000000022,-0.009320735931396595
flat,0.7749999999999999,0.7500000000000001,10,1,0.781946,0.48306224,24,0.0249999999999998,0.031946003437042125
flat,0.7749999999999999,0.7500000000000001,10,1,0.781946,0.48306224,24,0.0249999999999998,0.031946003437042125
flat,0.825,0.7500000000000001,11,1,0.82321286,0.59389305,24,0.07499999999999984,0.0732128620147704
flat,0.825,0.7500000000000001,11,1,0.82321286,0.59389305,24,0.07499999999999984,0.0732128620147704
flat,0.8749999999999999,0.7500000000000001,12,1,0.86447966,0.70472383,24,0.12499999999999978,0.11447966098785389
flat,0.8749999999999999,0.7500000000000001,12,1,0.86447966,0.70472383,24,0.12499999999999978,0.11447966098785389
flat,0.9249999999999999,0.7500000000000001,13,1,0.9057465,0.8155546,24,0.17499999999999982,0.15574651956558216
flat,0.9249999999999999,0.7500000000000001,13,1,0.9057465,0.8155546,24,0.17499999999999982,0.15574651956558216
flat,0.975,0.7500000000000001,14,1,0.9470133,0.92638516,24,0.22499999999999987,0.19701331853866566
flat,0.975,0.7500000000000001,14,1,0.9470133,0.92638516,24,0.22499999999999987,0.19701331853866566
base,0.025000000000000022,0.5,0,0,0.14091778,-4.5390215,25,-0.475,-0.3590822219848633
base,0.075,0.5,1,0,0.1815002,-4.066903,25,-0.425,-0.3184998035430908
base,0.12500000000000003,0.5,2,0,0.22208256,-3.594784,25,-0.375,-0.27791744470596313
base,0.17500000000000002,0.5,3,0,0.26266488,-3.122665,25,-0.32499999999999996,-0.23733511567115784
base,0.225,0.5,4,0,0.30324727,-2.6505463,25,-0.275,-0.19675272703170776
base,0.275,0.5,5,0,0.34382963,-2.1784275,25,-0.22499999999999998,-0.15617036819458008
base,0.325,0.5,6,0,0.38441193,-1.7063088,25,-0.175,-0.11558806896209717
base,0.37500000000000006,0.5,7,0,0.4249943,-1.23419,25,-0.12499999999999994,-0.07500571012496948
base,0.425,0.5,8,0,0.46557665,-0.76207095,25,-0.07500000000000001,-0.0344233512878418
base,0.475,0.5,9,0,0.506159,-0.28995222,25,-0.025000000000000022,0.006159007549285889
base,0.525,0.5,10,1,0.54674137,0.18216634,25,0.025000000000000022,0.046741366386413574
base,0.575,0.5,11,1,0.5873237,0.65428525,25,0.07499999999999996,0.08732372522354126
base,0.625,0.5,12,1,0.62790614,1.1264045,25,0.125,0.12790614366531372
base,0.675,0.5,13,1,0.6684885,1.5985236,25,0.17500000000000004,0.1684885025024414
base,0.7250000000000001,0.5,14,1,0.7090708,2.0706422,25,0.2250000000000001,0.20907080173492432
base,0.7749999999999999,0.5,15,1,0.7496532,2.5427608,25,0.2749999999999999,0.24965322017669678
base,0.825,0.5,16,1,0.7885328,2.9960248,25,0.32499999999999996,0.2885327935218811
base,0.8749999999999999,0.5,17,1,0.8248662,3.1936345,25,0.3749999999999999,0.3248661756515503
base,0.9249999999999999,0.5,18,1,0.85353845,3.290418,25,0.42499999999999993,0.353538453578949
base,0.975,0.5,19,1,0.88221073,3.3872015,25,0.475,0.38221073150634766
curv,0.025000000000000022,0.25,0,0,0.13284364,-2.8884718,25,-0.22499999999999998,-0.11715635657310486
curv,0.025000000000000022,0.25,0,0,0.13284364,-2.8884718,25,-0.22499999999999998,-0.11715635657310486
curv,0.075,0.25,1,0,0.17342597,-2.416353,25,-0.175,-0.07657402753829956
curv,0.075,0.25,1,0,0.17342597,-2.416353,25,-0.175,-0.07657402753829956
curv,0.12500000000000003,0.25,2,0,0.21400836,-1.9442339,25,-0.12499999999999997,-0.03599163889884949
curv,0.12500000000000003,0.25,2,0,0.21400836,-1.9442339,25,-0.12499999999999997,-0.03599163889884949
curv,0.17500000000000002,0.25,3,0,0.2545907,-1.4721153,25,-0.07499999999999998,0.0045906901359558105
curv,0.17500000000000002,0.25,3,0,0.2545907,-1.4721153,25,-0.07499999999999998,0.0045906901359558105
curv,0.225,0.25,4,0,0.2951731,-0.9999966,25,-0.024999999999999994,0.04517310857772827
curv,0.225,0.25,4,0,0.2951731,-0.9999966,25,-0.024999999999999994,0.04517310857772827
curv,0.275,0.25,5,1,0.3357554,-0.52787787,25,0.025000000000000022,0.08575540781021118
curv,0.325,0.25,6,1,0.37633774,-0.05575925,25,0.07500000000000001,0.12633773684501648
curv,0.37500000000000006,0.25,7,1,0.41692013,0.41635966,25,0.12500000000000006,0.16692012548446655
curv,0.425,0.25,8,1,0.4575025,0.8884788,25,0.175,0.20750251412391663
curv,0.475,0.25,9,1,0.49808484,1.3605974,25,0.22499999999999998,0.24808484315872192
curv,0.525,0.25,10,1,0.53866726,1.8327162,25,0.275,0.2886672616004944
curv,0.575,0.25,11,1,0.5826504,2.2357843,25,0.32499999999999996,0.33265042304992676
curv,0.625,0.25,12,1,0.6355248,2.5362098,25,0.375,0.38552480936050415
curv,0.675,0.25,13,1,0.6862483,2.7268043,25,0.42500000000000004,0.4362483024597168
curv,0.7250000000000001,0.25,14,1,0.72057337,2.8475602,25,0.4750000000000001,0.470573365688324
flat,0.275,0.7500000000000001,0,0,0.3519038,-3.8289769,25,-0.4750000000000001,-0.3980962038040162
flat,0.325,0.7500000000000001,1,0,0.3924861,-3.3568585,25,-0.4250000000000001,-0.3575139045715333
flat,0.37500000000000006,0.7500000000000001,2,0,0.43306845,-2.8847396,25,-0.37500000000000006,-0.31693154573440563
flat,0.425,0.7500000000000001,3,0,0.4736508,-2.4126203,25,-0.3250000000000001,-0.27634918689727794
flat,0.475,0.7500000000000001,4,0,0.5142332,-1.9405017,25,-0.27500000000000013,-0.23576682806015026
flat,0.525,0.7500000000000001,5,0,0.55481565,-1.4683831,25,-0.2250000000000001,-0.19518435001373302
flat,0.575,0.7500000000000001,6,0,0.5953979,-0.9962644,25,-0.17500000000000016,-0.1546021103858949
flat,0.625,0.7500000000000001,7,0,0.63598037,-0.52414507,25,-0.1250000000000001,-0.11401963233947765
flat,0.675,0.7500000000000001,8,0,0.67656267,-0.052025855,25,-0.07500000000000007,-0.07343733310699474
flat,0.7250000000000001,0.7500000000000001,9,0,0.717145,0.42009276,25,-0.025000000000000022,-0.032854974269867054
flat,0.7749999999999999,0.7500000000000001,10,1,0.7577274,0.8922114,25,0.0249999999999998,0.007727384567260631
flat,0.7749999999999999,0.7500000000000001,10,1,0.7577274,0.8922114,25,0.0249999999999998,0.007727384567260631
flat,0.825,0.7500000000000001,11,1,0.7983097,1.3643303,25,0.07499999999999984,0.04830968379974354
flat,0.825,0.7500000000000001,11,1,0.7983097,1.3643303,25,0.07499999999999984,0.04830968379974354
flat,0.8749999999999999,0.7500000000000001,12,1,0.83889204,1.8364491,25,0.12499999999999978,0.08889204263687123
flat,0.8749999999999999,0.7500000000000001,12,1,0.83889204,1.8364491,25,0.12499999999999978,0.08889204263687123
flat,0.9249999999999999,0.7500000000000001,13,1,0.8794744,2.308568,25,0.17499999999999982,0.1294744014739989
flat,0.9249999999999999,0.7500000000000001,13,1,0.8794744,2.308568,25,0.17499999999999982,0.1294744014739989
flat,0.975,0.7500000000000001,14,1,0.9079551,2.7293656,25,0.22499999999999987,0.1579551100730895
flat,0.975,0.7500000000000001,14,1,0.9079551,2.7293656,25,0.22499999999999987,0.1579551100730895
base,0.025000000000000022,0.5,0,0,0.14091778,-4.5390215,25,-0.475,-0.3590822219848633
base,0.075,0.5,1,0,0.1815002,-4.066903,25,-0.425,-0.3184998035430908
base,0.12500000000000003,0.5,2,0,0.22208256,-3.594784,25,-0.375,-0.27791744470596313
base,0.17500000000000002,0.5,3,0,0.26266488,-3.122665,25,-0.32499999999999996,-0.23733511567115784
base,0.225,0.5,4,0,0.30324727,-2.6505463,25,-0.275,-0.19675272703170776
base,0.275,0.5,5,0,0.34382963,-2.1784275,25,-0.22499999999999998,-0.15617036819458008
base,0.325,0.5,6,0,0.38441193,-1.7063088,25,-0.175,-0.11558806896209717
base,0.37500000000000006,0.5,7,0,0.4249943,-1.23419,25,-0.12499999999999994,-0.07500571012496948
base,0.425,0.5,8,0,0.46557665,-0.76207095,25,-0.07500000000000001,-0.0344233512878418
base,0.475,0.5,9,0,0.506159,-0.28995222,25,-0.025000000000000022,0.006159007549285889
base,0.525,0.5,10,1,0.54674137,0.18216634,25,0.025000000000000022,0.046741366386413574
base,0.575,0.5,11,1,0.5873237,0.65428525,25,0.07499999999999996,0.08732372522354126
base,0.625,0.5,12,1,0.62790614,1.1264045,25,0.125,0.12790614366531372
base,0.675,0.5,13,1,0.6684885,1.5985236,25,0.17500000000000004,0.1684885025024414
base,0.7250000000000001,0.5,14,1,0.7090708,2.0706422,25,0.2250000000000001,0.20907080173492432
base,0.7749999999999999,0.5,15,1,0.7496532,2.5427608,25,0.2749999999999999,0.24965322017669678
base,0.825,0.5,16,1,0.7885328,2.9960248,25,0.32499999999999996,0.2885327935218811
base,0.8749999999999999,0.5,17,1,0.8248662,3.1936345,25,0.3749999999999999,0.3248661756515503
base,0.9249999999999999,0.5,18,1,0.85353845,3.290418,25,0.42499999999999993,0.353538453578949
base,0.975,0.5,19,1,0.88221073,3.3872015,25,0.475,0.38221073150634766
curv,0.025000000000000022,0.25,0,0,0.13284364,-2.8884718,25,-0.22499999999999998,-0.11715635657310486
curv,0.025000000000000022,0.25,0,0,0.13284364,-2.8884718,25,-0.22499999999999998,-0.11715635657310486
curv,0.075,0.25,1,0,0.17342597,-2.416353,25,-0.175,-0.07657402753829956
curv,0.075,0.25,1,0,0.17342597,-2.416353,25,-0.175,-0.07657402753829956
curv,0.12500000000000003,0.25,2,0,0.21400836,-1.9442339,25,-0.12499999999999997,-0.03599163889884949
curv,0.12500000000000003,0.25,2,0,0.21400836,-1.9442339,25,-0.12499999999999997,-0.03599163889884949
curv,0.17500000000000002,0.25,3,0,0.2545907,-1.4721153,25,-0.07499999999999998,0.0045906901359558105
curv,0.17500000000000002,0.25,3,0,0.2545907,-1.4721153,25,-0.07499999999999998,0.0045906901359558105
curv,0.225,0.25,4,0,0.2951731,-0.9999966,25,-0.024999999999999994,0.04517310857772827
curv,0.225,0.25,4,0,0.2951731,-0.9999966,25,-0.024999999999999994,0.04517310857772827
curv,0.275,0.25,5,1,0.3357554,-0.52787787,25,0.025000000000000022,0.08575540781021118
curv,0.325,0.25,6,1,0.37633774,-0.05575925,25,0.07500000000000001,0.12633773684501648
curv,0.37500000000000006,0.25,7,1,0.41692013,0.41635966,25,0.12500000000000006,0.16692012548446655
curv,0.425,0.25,8,1,0.4575025,0.8884788,25,0.175,0.20750251412391663
curv,0.475,0.25,9,1,0.49808484,1.3605974,25,0.22499999999999998,0.24808484315872192
curv,0.525,0.25,10,1,0.53866726,1.8327162,25,0.275,0.2886672616004944
curv,0.575,0.25,11,1,0.5826504,2.2357843,25,0.32499999999999996,0.33265042304992676
curv,0.625,0.25,12,1,0.6355248,2.5362098,25,0.375,0.38552480936050415
curv,0.675,0.25,13,1,0.6862483,2.7268043,25,0.42500000000000004,0.4362483024597168
curv,0.7250000000000001,0.25,14,1,0.72057337,2.8475602,25,0.4750000000000001,0.470573365688324
flat,0.275,0.7500000000000001,0,0,0.3519038,-3.8289769,25,-0.4750000000000001,-0.3980962038040162
flat,0.325,0.7500000000000001,1,0,0.3924861,-3.3568585,25,-0.4250000000000001,-0.3575139045715333
flat,0.37500000000000006,0.7500000000000001,2,0,0.43306845,-2.8847396,25,-0.37500000000000006,-0.31693154573440563
flat,0.425,0.7500000000000001,3,0,0.4736508,-2.4126203,25,-0.3250000000000001,-0.27634918689727794
flat,0.475,0.7500000000000001,4,0,0.5142332,-1.9405017,25,-0.27500000000000013,-0.23576682806015026
flat,0.525,0.7500000000000001,5,0,0.55481565,-1.4683831,25,-0.2250000000000001,-0.19518435001373302
flat,0.575,0.7500000000000001,6,0,0.5953979,-0.9962644,25,-0.17500000000000016,-0.1546021103858949
flat,0.625,0.7500000000000001,7,0,0.63598037,-0.52414507,25,-0.1250000000000001,-0.11401963233947765
flat,0.675,0.7500000000000001,8,0,0.67656267,-0.052025855,25,-0.07500000000000007,-0.07343733310699474
flat,0.7250000000000001,0.7500000000000001,9,0,0.717145,0.42009276,25,-0.025000000000000022,-0.032854974269867054
flat,0.7749999999999999,0.7500000000000001,10,1,0.7577274,0.8922114,25,0.0249999999999998,0.007727384567260631
flat,0.7749999999999999,0.7500000000000001,10,1,0.7577274,0.8922114,25,0.0249999999999998,0.007727384567260631
flat,0.825,0.7500000000000001,11,1,0.7983097,1.3643303,25,0.07499999999999984,0.04830968379974354
flat,0.825,0.7500000000000001,11,1,0.7983097,1.3643303,25,0.07499999999999984,0.04830968379974354
flat,0.8749999999999999,0.7500000000000001,12,1,0.83889204,1.8364491,25,0.12499999999999978,0.08889204263687123
flat,0.8749999999999999,0.7500000000000001,12,1,0.83889204,1.8364491,25,0.12499999999999978,0.08889204263687123
flat,0.9249999999999999,0.7500000000000001,13,1,0.8794744,2.308568,25,0.17499999999999982,0.1294744014739989
flat,0.9249999999999999,0.7500000000000001,13,1,0.8794744,2.308568,25,0.17499999999999982,0.1294744014739989
flat,0.975,0.7500000000000001,14,1,0.9079551,2.7293656,25,0.22499999999999987,0.1579551100730895
flat,0.975,0.7500000000000001,14,1,0.9079551,2.7293656,25,0.22499999999999987,0.1579551100730895
base,0.025000000000000022,0.5,0,0,0.14091778,-4.5390215,25,-0.475,-0.3590822219848633
base,0.075,0.5,1,0,0.1815002,-4.066903,25,-0.425,-0.3184998035430908
base,0.12500000000000003,0.5,2,0,0.22208256,-3.594784,25,-0.375,-0.27791744470596313
base,0.17500000000000002,0.5,3,0,0.26266488,-3.122665,25,-0.32499999999999996,-0.23733511567115784
base,0.225,0.5,4,0,0.30324727,-2.6505463,25,-0.275,-0.19675272703170776
base,0.275,0.5,5,0,0.34382963,-2.1784275,25,-0.22499999999999998,-0.15617036819458008
base,0.325,0.5,6,0,0.38441193,-1.7063088,25,-0.175,-0.11558806896209717
base,0.37500000000000006,0.5,7,0,0.4249943,-1.23419,25,-0.12499999999999994,-0.07500571012496948
base,0.425,0.5,8,0,0.46557665,-0.76207095,25,-0.07500000000000001,-0.0344233512878418
base,0.475,0.5,9,0,0.506159,-0.28995222,25,-0.025000000000000022,0.006159007549285889
base,0.525,0.5,10,1,0.54674137,0.18216634,25,0.025000000000000022,0.046741366386413574
base,0.575,0.5,11,1,0.5873237,0.65428525,25,0.07499999999999996,0.08732372522354126
base,0.625,0.5,12,1,0.62790614,1.1264045,25,0.125,0.12790614366531372
base,0.675,0.5,13,1,0.6684885,1.5985236,25,0.17500000000000004,0.1684885025024414
base,0.7250000000000001,0.5,14,1,0.7090708,2.0706422,25,0.2250000000000001,0.20907080173492432
base,0.7749999999999999,0.5,15,1,0.7496532,2.5427608,25,0.2749999999999999,0.24965322017669678
base,0.825,0.5,16,1,0.7885328,2.9960248,25,0.32499999999999996,0.2885327935218811
base,0.8749999999999999,0.5,17,1,0.8248662,3.1936345,25,0.3749999999999999,0.3248661756515503
base,0.9249999999999999,0.5,18,1,0.85353845,3.290418,25,0.42499999999999993,0.353538453578949
base,0.975,0.5,19,1,0.88221073,3.3872015,25,0.475,0.38221073150634766
curv,0.025000000000000022,0.25,0,0,0.13284364,-2.8884718,25,-0.22499999999999998,-0.11715635657310486
curv,0.025000000000000022,0.25,0,0,0.13284364,-2.8884718,25,-0.22499999999999998,-0.11715635657310486
curv,0.075,0.25,1,0,0.17342597,-2.416353,25,-0.175,-0.07657402753829956
curv,0.075,0.25,1,0,0.17342597,-2.416353,25,-0.175,-0.07657402753829956
curv,0.12500000000000003,0.25,2,0,0.21400836,-1.9442339,25,-0.12499999999999997,-0.03599163889884949
curv,0.12500000000000003,0.25,2,0,0.21400836,-1.9442339,25,-0.12499999999999997,-0.03599163889884949
curv,0.17500000000000002,0.25,3,0,0.2545907,-1.4721153,25,-0.07499999999999998,0.0045906901359558105
curv,0.17500000000000002,0.25,3,0,0.2545907,-1.4721153,25,-0.07499999999999998,0.0045906901359558105
curv,0.225,0.25,4,0,0.2951731,-0.9999966,25,-0.024999999999999994,0.04517310857772827
curv,0.225,0.25,4,0,0.2951731,-0.9999966,25,-0.024999999999999994,0.04517310857772827
curv,0.275,0.25,5,1,0.3357554,-0.52787787,25,0.025000000000000022,0.08575540781021118
curv,0.325,0.25,6,1,0.37633774,-0.05575925,25,0.07500000000000001,0.12633773684501648
curv,0.37500000000000006,0.25,7,1,0.41692013,0.41635966,25,0.12500000000000006,0.16692012548446655
curv,0.425,0.25,8,1,0.4575025,0.8884788,25,0.175,0.20750251412391663
curv,0.475,0.25,9,1,0.49808484,1.3605974,25,0.22499999999999998,0.24808484315872192
curv,0.525,0.25,10,1,0.53866726,1.8327162,25,0.275,0.2886672616004944
curv,0.575,0.25,11,1,0.5826504,2.2357843,25,0.32499999999999996,0.33265042304992676
curv,0.625,0.25,12,1,0.6355248,2.5362098,25,0.375,0.38552480936050415
curv,0.675,0.25,13,1,0.6862483,2.7268043,25,0.42500000000000004,0.4362483024597168
curv,0.7250000000000001,0.25,14,1,0.72057337,2.8475602,25,0.4750000000000001,0.470573365688324
flat,0.275,0.7500000000000001,0,0,0.3519038,-3.8289769,25,-0.4750000000000001,-0.3980962038040162
flat,0.325,0.7500000000000001,1,0,0.3924861,-3.3568585,25,-0.4250000000000001,-0.3575139045715333
flat,0.37500000000000006,0.7500000000000001,2,0,0.43306845,-2.8847396,25,-0.37500000000000006,-0.31693154573440563
flat,0.425,0.7500000000000001,3,0,0.4736508,-2.4126203,25,-0.3250000000000001,-0.27634918689727794
flat,0.475,0.7500000000000001,4,0,0.5142332,-1.9405017,25,-0.27500000000000013,-0.23576682806015026
flat,0.525,0.7500000000000001,5,0,0.55481565,-1.4683831,25,-0.2250000000000001,-0.19518435001373302
flat,0.575,0.7500000000000001,6,0,0.5953979,-0.9962644,25,-0.17500000000000016,-0.1546021103858949
flat,0.625,0.7500000000000001,7,0,0.63598037,-0.52414507,25,-0.1250000000000001,-0.11401963233947765
flat,0.675,0.7500000000000001,8,0,0.67656267,-0.052025855,25,-0.07500000000000007,-0.07343733310699474
flat,0.7250000000000001,0.7500000000000001,9,0,0.717145,0.42009276,25,-0.025000000000000022,-0.032854974269867054
flat,0.7749999999999999,0.7500000000000001,10,1,0.7577274,0.8922114,25,0.0249999999999998,0.007727384567260631
flat,0.7749999999999999,0.7500000000000001,10,1,0.7577274,0.8922114,25,0.0249999999999998,0.007727384567260631
flat,0.825,0.7500000000000001,11,1,0.7983097,1.3643303,25,0.07499999999999984,0.04830968379974354
flat,0.825,0.7500000000000001,11,1,0.7983097,1.3643303,25,0.07499999999999984,0.04830968379974354
flat,0.8749999999999999,0.7500000000000001,12,1,0.83889204,1.8364491,25,0.12499999999999978,0.08889204263687123
flat,0.8749999999999999,0.7500000000000001,12,1,0.83889204,1.8364491,25,0.12499999999999978,0.08889204263687123
flat,0.9249999999999999,0.7500000000000001,13,1,0.8794744,2.308568,25,0.17499999999999982,0.1294744014739989
flat,0.9249999999999999,0.7500000000000001,13,1,0.8794744,2.308568,25,0.17499999999999982,0.1294744014739989
flat,0.975,0.7500000000000001,14,1,0.9079551,2.7293656,25,0.22499999999999987,0.1579551100730895
flat,0.975,0.7500000000000001,14,1,0.9079551,2.7293656,25,0.22499999999999987,0.1579551100730895
base,0.025000000000000022,0.5,0,0,0.14091778,-4.5390215,25,-0.475,-0.3590822219848633
base,0.075,0.5,1,0,0.1815002,-4.066903,25,-0.425,-0.3184998035430908
base,0.12500000000000003,0.5,2,0,0.22208256,-3.594784,25,-0.375,-0.27791744470596313
base,0.17500000000000002,0.5,3,0,0.26266488,-3.122665,25,-0.32499999999999996,-0.23733511567115784
base,0.225,0.5,4,0,0.30324727,-2.6505463,25,-0.275,-0.19675272703170776
base,0.275,0.5,5,0,0.34382963,-2.1784275,25,-0.22499999999999998,-0.15617036819458008
base,0.325,0.5,6,0,0.38441193,-1.7063088,25,-0.175,-0.11558806896209717
base,0.37500000000000006,0.5,7,0,0.4249943,-1.23419,25,-0.12499999999999994,-0.07500571012496948
base,0.425,0.5,8,0,0.46557665,-0.76207095,25,-0.07500000000000001,-0.0344233512878418
base,0.475,0.5,9,0,0.506159,-0.28995222,25,-0.025000000000000022,0.006159007549285889
base,0.525,0.5,10,1,0.54674137,0.18216634,25,0.025000000000000022,0.046741366386413574
base,0.575,0.5,11,1,0.5873237,0.65428525,25,0.07499999999999996,0.08732372522354126
base,0.625,0.5,12,1,0.62790614,1.1264045,25,0.125,0.12790614366531372
base,0.675,0.5,13,1,0.6684885,1.5985236,25,0.17500000000000004,0.1684885025024414
base,0.7250000000000001,0.5,14,1,0.7090708,2.0706422,25,0.2250000000000001,0.20907080173492432
base,0.7749999999999999,0.5,15,1,0.7496532,2.5427608,25,0.2749999999999999,0.24965322017669678
base,0.825,0.5,16,1,0.7885328,2.9960248,25,0.32499999999999996,0.2885327935218811
base,0.8749999999999999,0.5,17,1,0.8248662,3.1936345,25,0.3749999999999999,0.3248661756515503
base,0.9249999999999999,0.5,18,1,0.85353845,3.290418,25,0.42499999999999993,0.353538453578949
base,0.975,0.5,19,1,0.88221073,3.3872015,25,0.475,0.38221073150634766
curv,0.025000000000000022,0.25,0,0,0.13284364,-2.8884718,25,-0.22499999999999998,-0.11715635657310486
curv,0.025000000000000022,0.25,0,0,0.13284364,-2.8884718,25,-0.22499999999999998,-0.11715635657310486
curv,0.075,0.25,1,0,0.17342597,-2.416353,25,-0.175,-0.07657402753829956
curv,0.075,0.25,1,0,0.17342597,-2.416353,25,-0.175,-0.07657402753829956
curv,0.12500000000000003,0.25,2,0,0.21400836,-1.9442339,25,-0.12499999999999997,-0.03599163889884949
curv,0.12500000000000003,0.25,2,0,0.21400836,-1.9442339,25,-0.12499999999999997,-0.03599163889884949
curv,0.17500000000000002,0.25,3,0,0.2545907,-1.4721153,25,-0.07499999999999998,0.0045906901359558105
curv,0.17500000000000002,0.25,3,0,0.2545907,-1.4721153,25,-0.07499999999999998,0.0045906901359558105
curv,0.225,0.25,4,0,0.2951731,-0.9999966,25,-0.024999999999999994,0.04517310857772827
curv,0.225,0.25,4,0,0.2951731,-0.9999966,25,-0.024999999999999994,0.04517310857772827
curv,0.275,0.25,5,1,0.3357554,-0.52787787,25,0.025000000000000022,0.08575540781021118
curv,0.325,0.25,6,1,0.37633774,-0.05575925,25,0.07500000000000001,0.12633773684501648
curv,0.37500000000000006,0.25,7,1,0.41692013,0.41635966,25,0.12500000000000006,0.16692012548446655
curv,0.425,0.25,8,1,0.4575025,0.8884788,25,0.175,0.20750251412391663
curv,0.475,0.25,9,1,0.49808484,1.3605974,25,0.22499999999999998,0.24808484315872192
curv,0.525,0.25,10,1,0.53866726,1.8327162,25,0.275,0.2886672616004944
curv,0.575,0.25,11,1,0.5826504,2.2357843,25,0.32499999999999996,0.33265042304992676
curv,0.625,0.25,12,1,0.6355248,2.5362098,25,0.375,0.38552480936050415
curv,0.675,0.25,13,1,0.6862483,2.7268043,25,0.42500000000000004,0.4362483024597168
curv,0.7250000000000001,0.25,14,1,0.72057337,2.8475602,25,0.4750000000000001,0.470573365688324
flat,0.275,0.7500000000000001,0,0,0.3519038,-3.8289769,25,-0.4750000000000001,-0.3980962038040162
flat,0.325,0.7500000000000001,1,0,0.3924861,-3.3568585,25,-0.4250000000000001,-0.3575139045715333
flat,0.37500000000000006,0.7500000000000001,2,0,0.43306845,-2.8847396,25,-0.37500000000000006,-0.31693154573440563
flat,0.425,0.7500000000000001,3,0,0.4736508,-2.4126203,25,-0.3250000000000001,-0.27634918689727794
flat,0.475,0.7500000000000001,4,0,0.5142332,-1.9405017,25,-0.27500000000000013,-0.23576682806015026
flat,0.525,0.7500000000000001,5,0,0.55481565,-1.4683831,25,-0.2250000000000001,-0.19518435001373302
flat,0.575,0.7500000000000001,6,0,0.5953979,-0.9962644,25,-0.17500000000000016,-0.1546021103858949
flat,0.625,0.7500000000000001,7,0,0.63598037,-0.52414507,25,-0.1250000000000001,-0.11401963233947765
flat,0.675,0.7500000000000001,8,0,0.67656267,-0.052025855,25,-0.07500000000000007,-0.07343733310699474
flat,0.7250000000000001,0.7500000000000001,9,0,0.717145,0.42009276,25,-0.025000000000000022,-0.032854974269867054
flat,0.7749999999999999,0.7500000000000001,10,1,0.7577274,0.8922114,25,0.0249999999999998,0.007727384567260631
flat,0.7749999999999999,0.7500000000000001,10,1,0.7577274,0.8922114,25,0.0249999999999998,0.007727384567260631
flat,0.825,0.7500000000000001,11,1,0.7983097,1.3643303,25,0.07499999999999984,0.04830968379974354
flat,0.825,0.7500000000000001,11,1,0.7983097,1.3643303,25,0.07499999999999984,0.04830968379974354
flat,0.8749999999999999,0.7500000000000001,12,1,0.83889204,1.8364491,25,0.12499999999999978,0.08889204263687123
flat,0.8749999999999999,0.7500000000000001,12,1,0.83889204,1.8364491,25,0.12499999999999978,0.08889204263687123
flat,0.9249999999999999,0.7500000000000001,13,1,0.8794744,2.308568,25,0.17499999999999982,0.1294744014739989
flat,0.9249999999999999,0.7500000000000001,13,1,0.8794744,2.308568,25,0.17499999999999982,0.1294744014739989
flat,0.975,0.7500000000000001,14,1,0.9079551,2.7293656,25,0.22499999999999987,0.1579551100730895
flat,0.975,0.7500000000000001,14,1,0.9079551,2.7293656,25,0.22499999999999987,0.1579551100730895
base,0.025000000000000022,0.5,0,0,0.18953414,-5.020436,26,-0.475,-0.31046585738658905
base,0.075,0.5,1,0,0.18596303,-4.8778553,26,-0.425,-0.3140369653701782
base,0.12500000000000003,0.5,2,0,0.23120748,-4.619476,26,-0.375,-0.268792524933815
base,0.17500000000000002,0.5,3,0,0.2791496,-4.3272567,26,-0.32499999999999996,-0.22085040807724
base,0.225,0.5,4,0,0.31348336,-3.6638544,26,-0.275,-0.1865166425704956
base,0.275,0.5,5,0,0.34777057,-3.0001142,26,-0.22499999999999998,-0.1522294282913208
base,0.325,0.5,6,0,0.3820578,-2.3363743,26,-0.175,-0.117942214012146
base,0.37500000000000006,0.5,7,0,0.41634494,-1.6726346,26,-0.12499999999999994,-0.08365505933761597
base,0.425,0.5,8,0,0.45063218,-1.0088942,26,-0.07500000000000001,-0.049367815256118774
base,0.475,0.5,9,0,0.48491943,-0.3451547,26,-0.025000000000000022,-0.015080571174621582
base,0.525,0.5,10,1,0.5192066,0.31858474,26,0.025000000000000022,0.019206583499908447
base,0.575,0.5,11,1,0.5534938,0.9823254,26,0.07499999999999996,0.05349379777908325
base,0.625,0.5,12,1,0.5877811,1.646065,26,0.125,0.08778107166290283
base,0.675,0.5,13,1,0.6220683,2.3098052,26,0.17500000000000004,0.12206828594207764
base,0.7250000000000001,0.5,14,1,0.65635544,2.9735453,26,0.2250000000000001,0.15635544061660767
base,0.7749999999999999,0.5,15,1,0.6906427,3.6372845,26,0.2749999999999999,0.19064271450042725
base,0.825,0.5,16,1,0.72492987,4.301025,26,0.32499999999999996,0.22492986917495728
base,0.8749999999999999,0.5,17,1,0.7592171,4.964765,26,0.3749999999999999,0.2592170834541321
base,0.9249999999999999,0.5,18,1,0.7935044,5.6285048,26,0.42499999999999993,0.29350441694259644
base,0.975,0.5,19,1,0.8277916,6.292245,26,0.475,0.32779157161712646
curv,0.025000000000000022,0.25,0,0,0.117722146,-3.6699889,26,-0.22499999999999998,-0.13227785378694534
curv,0.025000000000000022,0.25,0,0,0.117722146,-3.6699889,26,-0.22499999999999998,-0.13227785378694534
curv,0.075,0.25,1,0,0.15200935,-3.0062487,26,-0.175,-0.09799064695835114
curv,0.075,0.25,1,0,0.15200935,-3.0062487,26,-0.175,-0.09799064695835114
curv,0.12500000000000003,0.25,2,0,0.18629658,-2.3425086,26,-0.12499999999999997,-0.06370341777801514
curv,0.12500000000000003,0.25,2,0,0.18629658,-2.3425086,26,-0.12499999999999997,-0.06370341777801514
curv,0.17500000000000002,0.25,3,0,0.22058378,-1.6787689,26,-0.07499999999999998,-0.029416218400001526
curv,0.17500000000000002,0.25,3,0,0.22058378,-1.6787689,26,-0.07499999999999998,-0.029416218400001526
curv,0.225,0.25,4,0,0.25487098,-1.0150292,26,-0.024999999999999994,0.004870980978012085
curv,0.225,0.25,4,0,0.25487098,-1.0150292,26,-0.024999999999999994,0.004870980978012085
curv,0.275,0.25,5,1,0.28915823,-0.35128874,26,0.025000000000000022,0.03915822505950928
curv,0.325,0.25,6,1,0.32344544,0.3124507,26,0.07500000000000001,0.07344543933868408
curv,0.37500000000000006,0.25,7,1,0.35773268,0.97619075,26,0.12500000000000006,0.10773268342018127
curv,0.425,0.25,8,1,0.39201984,1.639931,26,0.175,0.1420198380947113
curv,0.475,0.25,9,1,0.42630705,2.3036704,26,0.22499999999999998,0.1763070523738861
curv,0.525,0.25,10,1,0.46059427,2.9674103,26,0.275,0.2105942666530609
curv,0.575,0.25,11,1,0.49488145,3.6311505,26,0.32499999999999996,0.24488145112991333
curv,0.625,0.25,12,1,0.5291688,4.294891,26,0.375,0.2791687846183777
curv,0.675,0.25,13,1,0.5634559,4.958631,26,0.42500000000000004,0.31345587968826294
curv,0.7250000000000001,0.25,14,1,0.59774315,5.6223707,26,0.4750000000000001,0.3477431535720825
flat,0.275,0.7500000000000001,0,0,0.33913666,-4.832975,26,-0.4750000000000001,-0.41086333990097057
flat,0.325,0.7500000000000001,1,0,0.3864724,-4.561127,26,-0.4250000000000001,-0.3635275959968568
flat,0.37500000000000006,0.7500000000000001,2,0,0.45410812,-4.1585355,26,-0.37500000000000006,-0.2958918809890748
flat,0.425,0.7500000000000001,3,0,0.50924456,-3.6577194,26,-0.3250000000000001,-0.24075543880462658
flat,0.475,0.7500000000000001,4,0,0.5435318,-2.9939797,26,-0.27500000000000013,-0.20646822452545177
flat,0.525,0.7500000000000001,5,0,0.57781893,-2.3302402,26,-0.2250000000000001,-0.17218106985092174
flat,0.575,0.7500000000000001,6,0,0.6121062,-1.6665003,26,-0.17500000000000016,-0.13789379596710216
flat,0.625,0.7500000000000001,7,0,0.6463934,-1.0027602,26,-0.1250000000000001,-0.10360658168792736
flat,0.675,0.7500000000000001,8,0,0.68068063,-0.33901995,26,-0.07500000000000007,-0.06931936740875255
flat,0.7250000000000001,0.7500000000000001,9,0,0.71496785,0.32471973,26,-0.025000000000000022,-0.03503215312957775
flat,0.7749999999999999,0.7500000000000001,10,1,0.74925506,0.98845917,26,0.0249999999999998,-0.000744938850402943
flat,0.7749999999999999,0.7500000000000001,10,1,0.74925506,0.98845917,26,0.0249999999999998,-0.000744938850402943
flat,0.825,0.7500000000000001,11,1,0.7835422,1.6521995,26,0.07499999999999984,0.033542215824127086
flat,0.825,0.7500000000000001,11,1,0.7835422,1.6521995,26,0.07499999999999984,0.033542215824127086
flat,0.8749999999999999,0.7500000000000001,12,1,0.8178295,2.3159397,26,0.12499999999999978,0.06782948970794667
flat,0.8749999999999999,0.7500000000000001,12,1,0.8178295,2.3159397,26,0.12499999999999978,0.06782948970794667
flat,0.9249999999999999,0.7500000000000001,13,1,0.8521167,2.9796798,26,0.17499999999999982,0.10211670398712147
flat,0.9249999999999999,0.7500000000000001,13,1,0.8521167,2.9796798,26,0.17499999999999982,0.10211670398712147
flat,0.975,0.7500000000000001,14,1,0.886404,3.6434195,26,0.22499999999999987,0.13640397787094105
flat,0.975,0.7500000000000001,14,1,0.886404,3.6434195,26,0.22499999999999987,0.13640397787094105
base,0.025000000000000022,0.5,0,0,0.18953414,-5.020436,26,-0.475,-0.31046585738658905
base,0.075,0.5,1,0,0.18596303,-4.8778553,26,-0.425,-0.3140369653701782
base,0.12500000000000003,0.5,2,0,0.23120748,-4.619476,26,-0.375,-0.268792524933815
base,0.17500000000000002,0.5,3,0,0.2791496,-4.3272567,26,-0.32499999999999996,-0.22085040807724
base,0.225,0.5,4,0,0.31348336,-3.6638544,26,-0.275,-0.1865166425704956
base,0.275,0.5,5,0,0.34777057,-3.0001142,26,-0.22499999999999998,-0.1522294282913208
base,0.325,0.5,6,0,0.3820578,-2.3363743,26,-0.175,-0.117942214012146
base,0.37500000000000006,0.5,7,0,0.41634494,-1.6726346,26,-0.12499999999999994,-0.08365505933761597
base,0.425,0.5,8,0,0.45063218,-1.0088942,26,-0.07500000000000001,-0.049367815256118774
base,0.475,0.5,9,0,0.48491943,-0.3451547,26,-0.025000000000000022,-0.015080571174621582
base,0.525,0.5,10,1,0.5192066,0.31858474,26,0.025000000000000022,0.019206583499908447
base,0.575,0.5,11,1,0.5534938,0.9823254,26,0.07499999999999996,0.05349379777908325
base,0.625,0.5,12,1,0.5877811,1.646065,26,0.125,0.08778107166290283
base,0.675,0.5,13,1,0.6220683,2.3098052,26,0.17500000000000004,0.12206828594207764
base,0.7250000000000001,0.5,14,1,0.65635544,2.9735453,26,0.2250000000000001,0.15635544061660767
base,0.7749999999999999,0.5,15,1,0.6906427,3.6372845,26,0.2749999999999999,0.19064271450042725
base,0.825,0.5,16,1,0.72492987,4.301025,26,0.32499999999999996,0.22492986917495728
base,0.8749999999999999,0.5,17,1,0.7592171,4.964765,26,0.3749999999999999,0.2592170834541321
base,0.9249999999999999,0.5,18,1,0.7935044,5.6285048,26,0.42499999999999993,0.29350441694259644
base,0.975,0.5,19,1,0.8277916,6.292245,26,0.475,0.32779157161712646
curv,0.025000000000000022,0.25,0,0,0.117722146,-3.6699889,26,-0.22499999999999998,-0.13227785378694534
curv,0.025000000000000022,0.25,0,0,0.117722146,-3.6699889,26,-0.22499999999999998,-0.13227785378694534
curv,0.075,0.25,1,0,0.15200935,-3.0062487,26,-0.175,-0.09799064695835114
curv,0.075,0.25,1,0,0.15200935,-3.0062487,26,-0.175,-0.09799064695835114
curv,0.12500000000000003,0.25,2,0,0.18629658,-2.3425086,26,-0.12499999999999997,-0.06370341777801514
curv,0.12500000000000003,0.25,2,0,0.18629658,-2.3425086,26,-0.12499999999999997,-0.06370341777801514
curv,0.17500000000000002,0.25,3,0,0.22058378,-1.6787689,26,-0.07499999999999998,-0.029416218400001526
curv,0.17500000000000002,0.25,3,0,0.22058378,-1.6787689,26,-0.07499999999999998,-0.029416218400001526
curv,0.225,0.25,4,0,0.25487098,-1.0150292,26,-0.024999999999999994,0.004870980978012085
curv,0.225,0.25,4,0,0.25487098,-1.0150292,26,-0.024999999999999994,0.004870980978012085
curv,0.275,0.25,5,1,0.28915823,-0.35128874,26,0.025000000000000022,0.03915822505950928
curv,0.325,0.25,6,1,0.32344544,0.3124507,26,0.07500000000000001,0.07344543933868408
curv,0.37500000000000006,0.25,7,1,0.35773268,0.97619075,26,0.12500000000000006,0.10773268342018127
curv,0.425,0.25,8,1,0.39201984,1.639931,26,0.175,0.1420198380947113
curv,0.475,0.25,9,1,0.42630705,2.3036704,26,0.22499999999999998,0.1763070523738861
curv,0.525,0.25,10,1,0.46059427,2.9674103,26,0.275,0.2105942666530609
curv,0.575,0.25,11,1,0.49488145,3.6311505,26,0.32499999999999996,0.24488145112991333
curv,0.625,0.25,12,1,0.5291688,4.294891,26,0.375,0.2791687846183777
curv,0.675,0.25,13,1,0.5634559,4.958631,26,0.42500000000000004,0.31345587968826294
curv,0.7250000000000001,0.25,14,1,0.59774315,5.6223707,26,0.4750000000000001,0.3477431535720825
flat,0.275,0.7500000000000001,0,0,0.33913666,-4.832975,26,-0.4750000000000001,-0.41086333990097057
flat,0.325,0.7500000000000001,1,0,0.3864724,-4.561127,26,-0.4250000000000001,-0.3635275959968568
flat,0.37500000000000006,0.7500000000000001,2,0,0.45410812,-4.1585355,26,-0.37500000000000006,-0.2958918809890748
flat,0.425,0.7500000000000001,3,0,0.50924456,-3.6577194,26,-0.3250000000000001,-0.24075543880462658
flat,0.475,0.7500000000000001,4,0,0.5435318,-2.9939797,26,-0.27500000000000013,-0.20646822452545177
flat,0.525,0.7500000000000001,5,0,0.57781893,-2.3302402,26,-0.2250000000000001,-0.17218106985092174
flat,0.575,0.7500000000000001,6,0,0.6121062,-1.6665003,26,-0.17500000000000016,-0.13789379596710216
flat,0.625,0.7500000000000001,7,0,0.6463934,-1.0027602,26,-0.1250000000000001,-0.10360658168792736
flat,0.675,0.7500000000000001,8,0,0.68068063,-0.33901995,26,-0.07500000000000007,-0.06931936740875255
flat,0.7250000000000001,0.7500000000000001,9,0,0.71496785,0.32471973,26,-0.025000000000000022,-0.03503215312957775
flat,0.7749999999999999,0.7500000000000001,10,1,0.74925506,0.98845917,26,0.0249999999999998,-0.000744938850402943
flat,0.7749999999999999,0.7500000000000001,10,1,0.74925506,0.98845917,26,0.0249999999999998,-0.000744938850402943
flat,0.825,0.7500000000000001,11,1,0.7835422,1.6521995,26,0.07499999999999984,0.033542215824127086
flat,0.825,0.7500000000000001,11,1,0.7835422,1.6521995,26,0.07499999999999984,0.033542215824127086
flat,0.8749999999999999,0.7500000000000001,12,1,0.8178295,2.3159397,26,0.12499999999999978,0.06782948970794667
flat,0.8749999999999999,0.7500000000000001,12,1,0.8178295,2.3159397,26,0.12499999999999978,0.06782948970794667
flat,0.9249999999999999,0.7500000000000001,13,1,0.8521167,2.9796798,26,0.17499999999999982,0.10211670398712147
flat,0.9249999999999999,0.7500000000000001,13,1,0.8521167,2.9796798,26,0.17499999999999982,0.10211670398712147
flat,0.975,0.7500000000000001,14,1,0.886404,3.6434195,26,0.22499999999999987,0.13640397787094105
flat,0.975,0.7500000000000001,14,1,0.886404,3.6434195,26,0.22499999999999987,0.13640397787094105
base,0.025000000000000022,0.5,0,0,0.18953414,-5.020436,26,-0.475,-0.31046585738658905
base,0.075,0.5,1,0,0.18596303,-4.8778553,26,-0.425,-0.3140369653701782
base,0.12500000000000003,0.5,2,0,0.23120748,-4.619476,26,-0.375,-0.268792524933815
base,0.17500000000000002,0.5,3,0,0.2791496,-4.3272567,26,-0.32499999999999996,-0.22085040807724
base,0.225,0.5,4,0,0.31348336,-3.6638544,26,-0.275,-0.1865166425704956
base,0.275,0.5,5,0,0.34777057,-3.0001142,26,-0.22499999999999998,-0.1522294282913208
base,0.325,0.5,6,0,0.3820578,-2.3363743,26,-0.175,-0.117942214012146
base,0.37500000000000006,0.5,7,0,0.41634494,-1.6726346,26,-0.12499999999999994,-0.08365505933761597
base,0.425,0.5,8,0,0.45063218,-1.0088942,26,-0.07500000000000001,-0.049367815256118774
base,0.475,0.5,9,0,0.48491943,-0.3451547,26,-0.025000000000000022,-0.015080571174621582
base,0.525,0.5,10,1,0.5192066,0.31858474,26,0.025000000000000022,0.019206583499908447
base,0.575,0.5,11,1,0.5534938,0.9823254,26,0.07499999999999996,0.05349379777908325
base,0.625,0.5,12,1,0.5877811,1.646065,26,0.125,0.08778107166290283
base,0.675,0.5,13,1,0.6220683,2.3098052,26,0.17500000000000004,0.12206828594207764
base,0.7250000000000001,0.5,14,1,0.65635544,2.9735453,26,0.2250000000000001,0.15635544061660767
base,0.7749999999999999,0.5,15,1,0.6906427,3.6372845,26,0.2749999999999999,0.19064271450042725
base,0.825,0.5,16,1,0.72492987,4.301025,26,0.32499999999999996,0.22492986917495728
base,0.8749999999999999,0.5,17,1,0.7592171,4.964765,26,0.3749999999999999,0.2592170834541321
base,0.9249999999999999,0.5,18,1,0.7935044,5.6285048,26,0.42499999999999993,0.29350441694259644
base,0.975,0.5,19,1,0.8277916,6.292245,26,0.475,0.32779157161712646
curv,0.025000000000000022,0.25,0,0,0.117722146,-3.6699889,26,-0.22499999999999998,-0.13227785378694534
curv,0.025000000000000022,0.25,0,0,0.117722146,-3.6699889,26,-0.22499999999999998,-0.13227785378694534
curv,0.075,0.25,1,0,0.15200935,-3.0062487,26,-0.175,-0.09799064695835114
curv,0.075,0.25,1,0,0.15200935,-3.0062487,26,-0.175,-0.09799064695835114
curv,0.12500000000000003,0.25,2,0,0.18629658,-2.3425086,26,-0.12499999999999997,-0.06370341777801514
curv,0.12500000000000003,0.25,2,0,0.18629658,-2.3425086,26,-0.12499999999999997,-0.06370341777801514
curv,0.17500000000000002,0.25,3,0,0.22058378,-1.6787689,26,-0.07499999999999998,-0.029416218400001526
curv,0.17500000000000002,0.25,3,0,0.22058378,-1.6787689,26,-0.07499999999999998,-0.029416218400001526
curv,0.225,0.25,4,0,0.25487098,-1.0150292,26,-0.024999999999999994,0.004870980978012085
curv,0.225,0.25,4,0,0.25487098,-1.0150292,26,-0.024999999999999994,0.004870980978012085
curv,0.275,0.25,5,1,0.28915823,-0.35128874,26,0.025000000000000022,0.03915822505950928
curv,0.325,0.25,6,1,0.32344544,0.3124507,26,0.07500000000000001,0.07344543933868408
curv,0.37500000000000006,0.25,7,1,0.35773268,0.97619075,26,0.12500000000000006,0.10773268342018127
curv,0.425,0.25,8,1,0.39201984,1.639931,26,0.175,0.1420198380947113
curv,0.475,0.25,9,1,0.42630705,2.3036704,26,0.22499999999999998,0.1763070523738861
curv,0.525,0.25,10,1,0.46059427,2.9674103,26,0.275,0.2105942666530609
curv,0.575,0.25,11,1,0.49488145,3.6311505,26,0.32499999999999996,0.24488145112991333
curv,0.625,0.25,12,1,0.5291688,4.294891,26,0.375,0.2791687846183777
curv,0.675,0.25,13,1,0.5634559,4.958631,26,0.42500000000000004,0.31345587968826294
curv,0.7250000000000001,0.25,14,1,0.59774315,5.6223707,26,0.4750000000000001,0.3477431535720825
flat,0.275,0.7500000000000001,0,0,0.33913666,-4.832975,26,-0.4750000000000001,-0.41086333990097057
flat,0.325,0.7500000000000001,1,0,0.3864724,-4.561127,26,-0.4250000000000001,-0.3635275959968568
flat,0.37500000000000006,0.7500000000000001,2,0,0.45410812,-4.1585355,26,-0.37500000000000006,-0.2958918809890748
flat,0.425,0.7500000000000001,3,0,0.50924456,-3.6577194,26,-0.3250000000000001,-0.24075543880462658
flat,0.475,0.7500000000000001,4,0,0.5435318,-2.9939797,26,-0.27500000000000013,-0.20646822452545177
flat,0.525,0.7500000000000001,5,0,0.57781893,-2.3302402,26,-0.2250000000000001,-0.17218106985092174
flat,0.575,0.7500000000000001,6,0,0.6121062,-1.6665003,26,-0.17500000000000016,-0.13789379596710216
flat,0.625,0.7500000000000001,7,0,0.6463934,-1.0027602,26,-0.1250000000000001,-0.10360658168792736
flat,0.675,0.7500000000000001,8,0,0.68068063,-0.33901995,26,-0.07500000000000007,-0.06931936740875255
flat,0.7250000000000001,0.7500000000000001,9,0,0.71496785,0.32471973,26,-0.025000000000000022,-0.03503215312957775
flat,0.7749999999999999,0.7500000000000001,10,1,0.74925506,0.98845917,26,0.0249999999999998,-0.000744938850402943
flat,0.7749999999999999,0.7500000000000001,10,1,0.74925506,0.98845917,26,0.0249999999999998,-0.000744938850402943
flat,0.825,0.7500000000000001,11,1,0.7835422,1.6521995,26,0.07499999999999984,0.033542215824127086
flat,0.825,0.7500000000000001,11,1,0.7835422,1.6521995,26,0.07499999999999984,0.033542215824127086
flat,0.8749999999999999,0.7500000000000001,12,1,0.8178295,2.3159397,26,0.12499999999999978,0.06782948970794667
flat,0.8749999999999999,0.7500000000000001,12,1,0.8178295,2.3159397,26,0.12499999999999978,0.06782948970794667
flat,0.9249999999999999,0.7500000000000001,13,1,0.8521167,2.9796798,26,0.17499999999999982,0.10211670398712147
flat,0.9249999999999999,0.7500000000000001,13,1,0.8521167,2.9796798,26,0.17499999999999982,0.10211670398712147
flat,0.975,0.7500000000000001,14,1,0.886404,3.6434195,26,0.22499999999999987,0.13640397787094105
flat,0.975,0.7500000000000001,14,1,0.886404,3.6434195,26,0.22499999999999987,0.13640397787094105
base,0.025000000000000022,0.5,0,0,0.18953414,-5.020436,26,-0.475,-0.31046585738658905
base,0.075,0.5,1,0,0.18596303,-4.8778553,26,-0.425,-0.3140369653701782
base,0.12500000000000003,0.5,2,0,0.23120748,-4.619476,26,-0.375,-0.268792524933815
base,0.17500000000000002,0.5,3,0,0.2791496,-4.3272567,26,-0.32499999999999996,-0.22085040807724
base,0.225,0.5,4,0,0.31348336,-3.6638544,26,-0.275,-0.1865166425704956
base,0.275,0.5,5,0,0.34777057,-3.0001142,26,-0.22499999999999998,-0.1522294282913208
base,0.325,0.5,6,0,0.3820578,-2.3363743,26,-0.175,-0.117942214012146
base,0.37500000000000006,0.5,7,0,0.41634494,-1.6726346,26,-0.12499999999999994,-0.08365505933761597
base,0.425,0.5,8,0,0.45063218,-1.0088942,26,-0.07500000000000001,-0.049367815256118774
base,0.475,0.5,9,0,0.48491943,-0.3451547,26,-0.025000000000000022,-0.015080571174621582
base,0.525,0.5,10,1,0.5192066,0.31858474,26,0.025000000000000022,0.019206583499908447
base,0.575,0.5,11,1,0.5534938,0.9823254,26,0.07499999999999996,0.05349379777908325
base,0.625,0.5,12,1,0.5877811,1.646065,26,0.125,0.08778107166290283
base,0.675,0.5,13,1,0.6220683,2.3098052,26,0.17500000000000004,0.12206828594207764
base,0.7250000000000001,0.5,14,1,0.65635544,2.9735453,26,0.2250000000000001,0.15635544061660767
base,0.7749999999999999,0.5,15,1,0.6906427,3.6372845,26,0.2749999999999999,0.19064271450042725
base,0.825,0.5,16,1,0.72492987,4.301025,26,0.32499999999999996,0.22492986917495728
base,0.8749999999999999,0.5,17,1,0.7592171,4.964765,26,0.3749999999999999,0.2592170834541321
base,0.9249999999999999,0.5,18,1,0.7935044,5.6285048,26,0.42499999999999993,0.29350441694259644
base,0.975,0.5,19,1,0.8277916,6.292245,26,0.475,0.32779157161712646
curv,0.025000000000000022,0.25,0,0,0.117722146,-3.6699889,26,-0.22499999999999998,-0.13227785378694534
curv,0.025000000000000022,0.25,0,0,0.117722146,-3.6699889,26,-0.22499999999999998,-0.13227785378694534
curv,0.075,0.25,1,0,0.15200935,-3.0062487,26,-0.175,-0.09799064695835114
curv,0.075,0.25,1,0,0.15200935,-3.0062487,26,-0.175,-0.09799064695835114
curv,0.12500000000000003,0.25,2,0,0.18629658,-2.3425086,26,-0.12499999999999997,-0.06370341777801514
curv,0.12500000000000003,0.25,2,0,0.18629658,-2.3425086,26,-0.12499999999999997,-0.06370341777801514
curv,0.17500000000000002,0.25,3,0,0.22058378,-1.6787689,26,-0.07499999999999998,-0.029416218400001526
curv,0.17500000000000002,0.25,3,0,0.22058378,-1.6787689,26,-0.07499999999999998,-0.029416218400001526
curv,0.225,0.25,4,0,0.25487098,-1.0150292,26,-0.024999999999999994,0.004870980978012085
curv,0.225,0.25,4,0,0.25487098,-1.0150292,26,-0.024999999999999994,0.004870980978012085
curv,0.275,0.25,5,1,0.28915823,-0.35128874,26,0.025000000000000022,0.03915822505950928
curv,0.325,0.25,6,1,0.32344544,0.3124507,26,0.07500000000000001,0.07344543933868408
curv,0.37500000000000006,0.25,7,1,0.35773268,0.97619075,26,0.12500000000000006,0.10773268342018127
curv,0.425,0.25,8,1,0.39201984,1.639931,26,0.175,0.1420198380947113
curv,0.475,0.25,9,1,0.42630705,2.3036704,26,0.22499999999999998,0.1763070523738861
curv,0.525,0.25,10,1,0.46059427,2.9674103,26,0.275,0.2105942666530609
curv,0.575,0.25,11,1,0.49488145,3.6311505,26,0.32499999999999996,0.24488145112991333
curv,0.625,0.25,12,1,0.5291688,4.294891,26,0.375,0.2791687846183777
curv,0.675,0.25,13,1,0.5634559,4.958631,26,0.42500000000000004,0.31345587968826294
curv,0.7250000000000001,0.25,14,1,0.59774315,5.6223707,26,0.4750000000000001,0.3477431535720825
flat,0.275,0.7500000000000001,0,0,0.33913666,-4.832975,26,-0.4750000000000001,-0.41086333990097057
flat,0.325,0.7500000000000001,1,0,0.3864724,-4.561127,26,-0.4250000000000001,-0.3635275959968568
flat,0.37500000000000006,0.7500000000000001,2,0,0.45410812,-4.1585355,26,-0.37500000000000006,-0.2958918809890748
flat,0.425,0.7500000000000001,3,0,0.50924456,-3.6577194,26,-0.3250000000000001,-0.24075543880462658
flat,0.475,0.7500000000000001,4,0,0.5435318,-2.9939797,26,-0.27500000000000013,-0.20646822452545177
flat,0.525,0.7500000000000001,5,0,0.57781893,-2.3302402,26,-0.2250000000000001,-0.17218106985092174
flat,0.575,0.7500000000000001,6,0,0.6121062,-1.6665003,26,-0.17500000000000016,-0.13789379596710216
flat,0.625,0.7500000000000001,7,0,0.6463934,-1.0027602,26,-0.1250000000000001,-0.10360658168792736
flat,0.675,0.7500000000000001,8,0,0.68068063,-0.33901995,26,-0.07500000000000007,-0.06931936740875255
flat,0.7250000000000001,0.7500000000000001,9,0,0.71496785,0.32471973,26,-0.025000000000000022,-0.03503215312957775
flat,0.7749999999999999,0.7500000000000001,10,1,0.74925506,0.98845917,26,0.0249999999999998,-0.000744938850402943
flat,0.7749999999999999,0.7500000000000001,10,1,0.74925506,0.98845917,26,0.0249999999999998,-0.000744938850402943
flat,0.825,0.7500000000000001,11,1,0.7835422,1.6521995,26,0.07499999999999984,0.033542215824127086
flat,0.825,0.7500000000000001,11,1,0.7835422,1.6521995,26,0.07499999999999984,0.033542215824127086
flat,0.8749999999999999,0.7500000000000001,12,1,0.8178295,2.3159397,26,0.12499999999999978,0.06782948970794667
flat,0.8749999999999999,0.7500000000000001,12,1,0.8178295,2.3159397,26,0.12499999999999978,0.06782948970794667
flat,0.9249999999999999,0.7500000000000001,13,1,0.8521167,2.9796798,26,0.17499999999999982,0.10211670398712147
flat,0.9249999999999999,0.7500000000000001,13,1,0.8521167,2.9796798,26,0.17499999999999982,0.10211670398712147
flat,0.975,0.7500000000000001,14,1,0.886404,3.6434195,26,0.22499999999999987,0.13640397787094105
flat,0.975,0.7500000000000001,14,1,0.886404,3.6434195,26,0.22499999999999987,0.13640397787094105
base,0.025000000000000022,0.5,0,0,0.089741826,-0.98954266,27,-0.475,-0.4102581739425659
base,0.075,0.5,1,0,0.1324517,-0.8843013,27,-0.425,-0.36754830181598663
base,0.12500000000000003,0.5,2,0,0.17516159,-0.77906,27,-0.375,-0.32483841478824615
base,0.17500000000000002,0.5,3,0,0.21787141,-0.6738187,27,-0.32499999999999996,-0.28212858736515045
base,0.225,0.5,4,0,0.26058125,-0.56857735,27,-0.275,-0.23941874504089355
base,0.275,0.5,5,0,0.3032912,-0.46333587,27,-0.22499999999999998,-0.1967087984085083
base,0.325,0.5,6,0,0.34600103,-0.35809463,27,-0.175,-0.1539989709854126
base,0.37500000000000006,0.5,7,0,0.3905924,-0.25270104,27,-0.12499999999999994,-0.10940760374069214
base,0.425,0.5,8,0,0.43538356,-0.14729123,27,-0.07500000000000001,-0.06461644172668457
base,0.475,0.5,9,0,0.48017472,-0.041881442,27,-0.025000000000000022,-0.019825279712677002
base,0.525,0.5,10,1,0.52496576,0.06352824,27,0.025000000000000022,0.024965763092041016
base,0.575,0.5,11,1,0.56975687,0.16893795,27,0.07499999999999996,0.06975686550140381
base,0.625,0.5,12,1,0.6145481,0.27434772,27,0.125,0.11454808712005615
base,0.675,0.5,13,1,0.6593392,0.37975752,27,0.17500000000000004,0.15933918952941895
base,0.7250000000000001,0.5,14,1,0.70413023,0.48516726,27,0.2250000000000001,0.20413023233413696
base,0.7749999999999999,0.5,15,1,0.74892133,0.5905769,27,0.2749999999999999,0.24892133474349976
base,0.825,0.5,16,1,0.79371244,0.69598675,27,0.32499999999999996,0.29371243715286255
base,0.8749999999999999,0.5,17,1,0.8385037,0.8013965,27,0.3749999999999999,0.33850371837615967
base,0.9249999999999999,0.5,18,1,0.8832948,0.90680623,27,0.42499999999999993,0.38329482078552246
base,0.975,0.5,19,1,0.9280859,1.0122161,27,0.475,0.42808592319488525
curv,0.025000000000000022,0.25,0,0,0.05968882,-0.77084756,27,-0.22499999999999998,-0.19031117856502533
curv,0.025000000000000022,0.25,0,0,0.05968882,-0.77084756,27,-0.22499999999999998,-0.19031117856502533
curv,0.075,0.25,1,0,0.10239871,-0.66560614,27,-0.175,-0.14760129153728485
curv,0.075,0.25,1,0,0.10239871,-0.66560614,27,-0.175,-0.14760129153728485
curv,0.12500000000000003,0.25,2,0,0.14510858,-0.5603648,27,-0.12499999999999997,-0.10489141941070557
curv,0.12500000000000003,0.25,2,0,0.14510858,-0.5603648,27,-0.12499999999999997,-0.10489141941070557
curv,0.17500000000000002,0.25,3,0,0.18781842,-0.45512342,27,-0.07499999999999998,-0.06218157708644867
curv,0.17500000000000002,0.25,3,0,0.18781842,-0.45512342,27,-0.07499999999999998,-0.06218157708644867
curv,0.225,0.25,4,0,0.23052831,-0.3498821,27,-0.024999999999999994,-0.01947169005870819
curv,0.225,0.25,4,0,0.23052831,-0.3498821,27,-0.024999999999999994,-0.01947169005870819
curv,0.275,0.25,5,1,0.27323818,-0.2446407,27,0.025000000000000022,0.023238182067871094
curv,0.325,0.25,6,1,0.315948,-0.1393994,27,0.07500000000000001,0.0659480094909668
curv,0.37500000000000006,0.25,7,1,0.35865796,-0.034158006,27,0.12500000000000006,0.10865795612335205
curv,0.425,0.25,8,1,0.40136778,0.0710834,27,0.175,0.15136778354644775
curv,0.475,0.25,9,1,0.44407773,0.1763247,27,0.22499999999999998,0.194077730178833
curv,0.525,0.25,10,1,0.4867875,0.28156596,27,0.275,0.23678749799728394
curv,0.575,0.25,11,1,0.5294974,0.38680738,27,0.32499999999999996,0.2794973850250244
curv,0.625,0.25,12,1,0.5722073,0.49204874,27,0.375,0.3222072720527649
curv,0.675,0.25,13,1,0.616592,0.5974257,27,0.42500000000000004,0.3665919899940491
curv,0.7250000000000001,0.25,14,1,0.6600151,0.69311476,27,0.4750000000000001,0.4100151062011719
flat,0.275,0.7500000000000001,0,0,0.3437574,-0.68118864,27,-0.4750000000000001,-0.40624260902404796
flat,0.325,0.7500000000000001,1,0,0.38854843,-0.57577884,27,-0.4250000000000001,-0.36145156621932995
flat,0.37500000000000006,0.7500000000000001,2,0,0.4333396,-0.47036913,27,-0.37500000000000006,-0.3166604042053224
flat,0.425,0.7500000000000001,3,0,0.4781307,-0.36495942,27,-0.3250000000000001,-0.2718693017959596
flat,0.475,0.7500000000000001,4,0,0.5229218,-0.25954968,27,-0.27500000000000013,-0.2270781993865968
flat,0.525,0.7500000000000001,5,0,0.5677129,-0.1541399,27,-0.2250000000000001,-0.182287096977234
flat,0.575,0.7500000000000001,6,0,0.61250407,-0.048730195,27,-0.17500000000000016,-0.13749593496322643
flat,0.625,0.7500000000000001,7,0,0.65729517,0.056679517,27,-0.1250000000000001,-0.09270483255386364
flat,0.675,0.7500000000000001,8,0,0.7020863,0.16208932,27,-0.07500000000000007,-0.04791367053985607
flat,0.7250000000000001,0.7500000000000001,9,0,0.74687743,0.26749915,27,-0.025000000000000022,-0.003122568130493275
flat,0.7749999999999999,0.7500000000000001,10,1,0.79166853,0.37290877,27,0.0249999999999998,0.04166853427886952
flat,0.7749999999999999,0.7500000000000001,10,1,0.79166853,0.37290877,27,0.0249999999999998,0.04166853427886952
flat,0.825,0.7500000000000001,11,1,0.83645964,0.47831857,27,0.07499999999999984,0.08645963668823231
flat,0.825,0.7500000000000001,11,1,0.83645964,0.47831857,27,0.07499999999999984,0.08645963668823231
flat,0.8749999999999999,0.7500000000000001,12,1,0.8812508,0.5837284,27,0.12499999999999978,0.13125079870223988
flat,0.8749999999999999,0.7500000000000001,12,1,0.8812508,0.5837284,27,0.12499999999999978,0.13125079870223988
flat,0.9249999999999999,0.7500000000000001,13,1,0.92604196,0.6891381,27,0.17499999999999982,0.17604196071624745
flat,0.9249999999999999,0.7500000000000001,13,1,0.92604196,0.6891381,27,0.17499999999999982,0.17604196071624745
flat,0.975,0.7500000000000001,14,1,0.97083306,0.79454786,27,0.22499999999999987,0.22083306312561024
flat,0.975,0.7500000000000001,14,1,0.97083306,0.79454786,27,0.22499999999999987,0.22083306312561024
base,0.025000000000000022,0.5,0,0,0.089741826,-0.98954266,27,-0.475,-0.4102581739425659
base,0.075,0.5,1,0,0.1324517,-0.8843013,27,-0.425,-0.36754830181598663
base,0.12500000000000003,0.5,2,0,0.17516159,-0.77906,27,-0.375,-0.32483841478824615
base,0.17500000000000002,0.5,3,0,0.21787141,-0.6738187,27,-0.32499999999999996,-0.28212858736515045
base,0.225,0.5,4,0,0.26058125,-0.56857735,27,-0.275,-0.23941874504089355
base,0.275,0.5,5,0,0.3032912,-0.46333587,27,-0.22499999999999998,-0.1967087984085083
base,0.325,0.5,6,0,0.34600103,-0.35809463,27,-0.175,-0.1539989709854126
base,0.37500000000000006,0.5,7,0,0.3905924,-0.25270104,27,-0.12499999999999994,-0.10940760374069214
base,0.425,0.5,8,0,0.43538356,-0.14729123,27,-0.07500000000000001,-0.06461644172668457
base,0.475,0.5,9,0,0.48017472,-0.041881442,27,-0.025000000000000022,-0.019825279712677002
base,0.525,0.5,10,1,0.52496576,0.06352824,27,0.025000000000000022,0.024965763092041016
base,0.575,0.5,11,1,0.56975687,0.16893795,27,0.07499999999999996,0.06975686550140381
base,0.625,0.5,12,1,0.6145481,0.27434772,27,0.125,0.11454808712005615
base,0.675,0.5,13,1,0.6593392,0.37975752,27,0.17500000000000004,0.15933918952941895
base,0.7250000000000001,0.5,14,1,0.70413023,0.48516726,27,0.2250000000000001,0.20413023233413696
base,0.7749999999999999,0.5,15,1,0.74892133,0.5905769,27,0.2749999999999999,0.24892133474349976
base,0.825,0.5,16,1,0.79371244,0.69598675,27,0.32499999999999996,0.29371243715286255
base,0.8749999999999999,0.5,17,1,0.8385037,0.8013965,27,0.3749999999999999,0.33850371837615967
base,0.9249999999999999,0.5,18,1,0.8832948,0.90680623,27,0.42499999999999993,0.38329482078552246
base,0.975,0.5,19,1,0.9280859,1.0122161,27,0.475,0.42808592319488525
curv,0.025000000000000022,0.25,0,0,0.05968882,-0.77084756,27,-0.22499999999999998,-0.19031117856502533
curv,0.025000000000000022,0.25,0,0,0.05968882,-0.77084756,27,-0.22499999999999998,-0.19031117856502533
curv,0.075,0.25,1,0,0.10239871,-0.66560614,27,-0.175,-0.14760129153728485
curv,0.075,0.25,1,0,0.10239871,-0.66560614,27,-0.175,-0.14760129153728485
curv,0.12500000000000003,0.25,2,0,0.14510858,-0.5603648,27,-0.12499999999999997,-0.10489141941070557
curv,0.12500000000000003,0.25,2,0,0.14510858,-0.5603648,27,-0.12499999999999997,-0.10489141941070557
curv,0.17500000000000002,0.25,3,0,0.18781842,-0.45512342,27,-0.07499999999999998,-0.06218157708644867
curv,0.17500000000000002,0.25,3,0,0.18781842,-0.45512342,27,-0.07499999999999998,-0.06218157708644867
curv,0.225,0.25,4,0,0.23052831,-0.3498821,27,-0.024999999999999994,-0.01947169005870819
curv,0.225,0.25,4,0,0.23052831,-0.3498821,27,-0.024999999999999994,-0.01947169005870819
curv,0.275,0.25,5,1,0.27323818,-0.2446407,27,0.025000000000000022,0.023238182067871094
curv,0.325,0.25,6,1,0.315948,-0.1393994,27,0.07500000000000001,0.0659480094909668
curv,0.37500000000000006,0.25,7,1,0.35865796,-0.034158006,27,0.12500000000000006,0.10865795612335205
curv,0.425,0.25,8,1,0.40136778,0.0710834,27,0.175,0.15136778354644775
curv,0.475,0.25,9,1,0.44407773,0.1763247,27,0.22499999999999998,0.194077730178833
curv,0.525,0.25,10,1,0.4867875,0.28156596,27,0.275,0.23678749799728394
curv,0.575,0.25,11,1,0.5294974,0.38680738,27,0.32499999999999996,0.2794973850250244
curv,0.625,0.25,12,1,0.5722073,0.49204874,27,0.375,0.3222072720527649
curv,0.675,0.25,13,1,0.616592,0.5974257,27,0.42500000000000004,0.3665919899940491
curv,0.7250000000000001,0.25,14,1,0.6600151,0.69311476,27,0.4750000000000001,0.4100151062011719
flat,0.275,0.7500000000000001,0,0,0.3437574,-0.68118864,27,-0.4750000000000001,-0.40624260902404796
flat,0.325,0.7500000000000001,1,0,0.38854843,-0.57577884,27,-0.4250000000000001,-0.36145156621932995
flat,0.37500000000000006,0.7500000000000001,2,0,0.4333396,-0.47036913,27,-0.37500000000000006,-0.3166604042053224
flat,0.425,0.7500000000000001,3,0,0.4781307,-0.36495942,27,-0.3250000000000001,-0.2718693017959596
flat,0.475,0.7500000000000001,4,0,0.5229218,-0.25954968,27,-0.27500000000000013,-0.2270781993865968
flat,0.525,0.7500000000000001,5,0,0.5677129,-0.1541399,27,-0.2250000000000001,-0.182287096977234
flat,0.575,0.7500000000000001,6,0,0.61250407,-0.048730195,27,-0.17500000000000016,-0.13749593496322643
flat,0.625,0.7500000000000001,7,0,0.65729517,0.056679517,27,-0.1250000000000001,-0.09270483255386364
flat,0.675,0.7500000000000001,8,0,0.7020863,0.16208932,27,-0.07500000000000007,-0.04791367053985607
flat,0.7250000000000001,0.7500000000000001,9,0,0.74687743,0.26749915,27,-0.025000000000000022,-0.003122568130493275
flat,0.7749999999999999,0.7500000000000001,10,1,0.79166853,0.37290877,27,0.0249999999999998,0.04166853427886952
flat,0.7749999999999999,0.7500000000000001,10,1,0.79166853,0.37290877,27,0.0249999999999998,0.04166853427886952
flat,0.825,0.7500000000000001,11,1,0.83645964,0.47831857,27,0.07499999999999984,0.08645963668823231
flat,0.825,0.7500000000000001,11,1,0.83645964,0.47831857,27,0.07499999999999984,0.08645963668823231
flat,0.8749999999999999,0.7500000000000001,12,1,0.8812508,0.5837284,27,0.12499999999999978,0.13125079870223988
flat,0.8749999999999999,0.7500000000000001,12,1,0.8812508,0.5837284,27,0.12499999999999978,0.13125079870223988
flat,0.9249999999999999,0.7500000000000001,13,1,0.92604196,0.6891381,27,0.17499999999999982,0.17604196071624745
flat,0.9249999999999999,0.7500000000000001,13,1,0.92604196,0.6891381,27,0.17499999999999982,0.17604196071624745
flat,0.975,0.7500000000000001,14,1,0.97083306,0.79454786,27,0.22499999999999987,0.22083306312561024
flat,0.975,0.7500000000000001,14,1,0.97083306,0.79454786,27,0.22499999999999987,0.22083306312561024
base,0.025000000000000022,0.5,0,0,0.089741826,-0.98954266,27,-0.475,-0.4102581739425659
base,0.075,0.5,1,0,0.1324517,-0.8843013,27,-0.425,-0.36754830181598663
base,0.12500000000000003,0.5,2,0,0.17516159,-0.77906,27,-0.375,-0.32483841478824615
base,0.17500000000000002,0.5,3,0,0.21787141,-0.6738187,27,-0.32499999999999996,-0.28212858736515045
base,0.225,0.5,4,0,0.26058125,-0.56857735,27,-0.275,-0.23941874504089355
base,0.275,0.5,5,0,0.3032912,-0.46333587,27,-0.22499999999999998,-0.1967087984085083
base,0.325,0.5,6,0,0.34600103,-0.35809463,27,-0.175,-0.1539989709854126
base,0.37500000000000006,0.5,7,0,0.3905924,-0.25270104,27,-0.12499999999999994,-0.10940760374069214
base,0.425,0.5,8,0,0.43538356,-0.14729123,27,-0.07500000000000001,-0.06461644172668457
base,0.475,0.5,9,0,0.48017472,-0.041881442,27,-0.025000000000000022,-0.019825279712677002
base,0.525,0.5,10,1,0.52496576,0.06352824,27,0.025000000000000022,0.024965763092041016
base,0.575,0.5,11,1,0.56975687,0.16893795,27,0.07499999999999996,0.06975686550140381
base,0.625,0.5,12,1,0.6145481,0.27434772,27,0.125,0.11454808712005615
base,0.675,0.5,13,1,0.6593392,0.37975752,27,0.17500000000000004,0.15933918952941895
base,0.7250000000000001,0.5,14,1,0.70413023,0.48516726,27,0.2250000000000001,0.20413023233413696
base,0.7749999999999999,0.5,15,1,0.74892133,0.5905769,27,0.2749999999999999,0.24892133474349976
base,0.825,0.5,16,1,0.79371244,0.69598675,27,0.32499999999999996,0.29371243715286255
base,0.8749999999999999,0.5,17,1,0.8385037,0.8013965,27,0.3749999999999999,0.33850371837615967
base,0.9249999999999999,0.5,18,1,0.8832948,0.90680623,27,0.42499999999999993,0.38329482078552246
base,0.975,0.5,19,1,0.9280859,1.0122161,27,0.475,0.42808592319488525
curv,0.025000000000000022,0.25,0,0,0.05968882,-0.77084756,27,-0.22499999999999998,-0.19031117856502533
curv,0.025000000000000022,0.25,0,0,0.05968882,-0.77084756,27,-0.22499999999999998,-0.19031117856502533
curv,0.075,0.25,1,0,0.10239871,-0.66560614,27,-0.175,-0.14760129153728485
curv,0.075,0.25,1,0,0.10239871,-0.66560614,27,-0.175,-0.14760129153728485
curv,0.12500000000000003,0.25,2,0,0.14510858,-0.5603648,27,-0.12499999999999997,-0.10489141941070557
curv,0.12500000000000003,0.25,2,0,0.14510858,-0.5603648,27,-0.12499999999999997,-0.10489141941070557
curv,0.17500000000000002,0.25,3,0,0.18781842,-0.45512342,27,-0.07499999999999998,-0.06218157708644867
curv,0.17500000000000002,0.25,3,0,0.18781842,-0.45512342,27,-0.07499999999999998,-0.06218157708644867
curv,0.225,0.25,4,0,0.23052831,-0.3498821,27,-0.024999999999999994,-0.01947169005870819
curv,0.225,0.25,4,0,0.23052831,-0.3498821,27,-0.024999999999999994,-0.01947169005870819
curv,0.275,0.25,5,1,0.27323818,-0.2446407,27,0.025000000000000022,0.023238182067871094
curv,0.325,0.25,6,1,0.315948,-0.1393994,27,0.07500000000000001,0.0659480094909668
curv,0.37500000000000006,0.25,7,1,0.35865796,-0.034158006,27,0.12500000000000006,0.10865795612335205
curv,0.425,0.25,8,1,0.40136778,0.0710834,27,0.175,0.15136778354644775
curv,0.475,0.25,9,1,0.44407773,0.1763247,27,0.22499999999999998,0.194077730178833
curv,0.525,0.25,10,1,0.4867875,0.28156596,27,0.275,0.23678749799728394
curv,0.575,0.25,11,1,0.5294974,0.38680738,27,0.32499999999999996,0.2794973850250244
curv,0.625,0.25,12,1,0.5722073,0.49204874,27,0.375,0.3222072720527649
curv,0.675,0.25,13,1,0.616592,0.5974257,27,0.42500000000000004,0.3665919899940491
curv,0.7250000000000001,0.25,14,1,0.6600151,0.69311476,27,0.4750000000000001,0.4100151062011719
flat,0.275,0.7500000000000001,0,0,0.3437574,-0.68118864,27,-0.4750000000000001,-0.40624260902404796
flat,0.325,0.7500000000000001,1,0,0.38854843,-0.57577884,27,-0.4250000000000001,-0.36145156621932995
flat,0.37500000000000006,0.7500000000000001,2,0,0.4333396,-0.47036913,27,-0.37500000000000006,-0.3166604042053224
flat,0.425,0.7500000000000001,3,0,0.4781307,-0.36495942,27,-0.3250000000000001,-0.2718693017959596
flat,0.475,0.7500000000000001,4,0,0.5229218,-0.25954968,27,-0.27500000000000013,-0.2270781993865968
flat,0.525,0.7500000000000001,5,0,0.5677129,-0.1541399,27,-0.2250000000000001,-0.182287096977234
flat,0.575,0.7500000000000001,6,0,0.61250407,-0.048730195,27,-0.17500000000000016,-0.13749593496322643
flat,0.625,0.7500000000000001,7,0,0.65729517,0.056679517,27,-0.1250000000000001,-0.09270483255386364
flat,0.675,0.7500000000000001,8,0,0.7020863,0.16208932,27,-0.07500000000000007,-0.04791367053985607
flat,0.7250000000000001,0.7500000000000001,9,0,0.74687743,0.26749915,27,-0.025000000000000022,-0.003122568130493275
flat,0.7749999999999999,0.7500000000000001,10,1,0.79166853,0.37290877,27,0.0249999999999998,0.04166853427886952
flat,0.7749999999999999,0.7500000000000001,10,1,0.79166853,0.37290877,27,0.0249999999999998,0.04166853427886952
flat,0.825,0.7500000000000001,11,1,0.83645964,0.47831857,27,0.07499999999999984,0.08645963668823231
flat,0.825,0.7500000000000001,11,1,0.83645964,0.47831857,27,0.07499999999999984,0.08645963668823231
flat,0.8749999999999999,0.7500000000000001,12,1,0.8812508,0.5837284,27,0.12499999999999978,0.13125079870223988
flat,0.8749999999999999,0.7500000000000001,12,1,0.8812508,0.5837284,27,0.12499999999999978,0.13125079870223988
flat,0.9249999999999999,0.7500000000000001,13,1,0.92604196,0.6891381,27,0.17499999999999982,0.17604196071624745
flat,0.9249999999999999,0.7500000000000001,13,1,0.92604196,0.6891381,27,0.17499999999999982,0.17604196071624745
flat,0.975,0.7500000000000001,14,1,0.97083306,0.79454786,27,0.22499999999999987,0.22083306312561024
flat,0.975,0.7500000000000001,14,1,0.97083306,0.79454786,27,0.22499999999999987,0.22083306312561024
base,0.025000000000000022,0.5,0,0,0.089741826,-0.98954266,27,-0.475,-0.4102581739425659
base,0.075,0.5,1,0,0.1324517,-0.8843013,27,-0.425,-0.36754830181598663
base,0.12500000000000003,0.5,2,0,0.17516159,-0.77906,27,-0.375,-0.32483841478824615
base,0.17500000000000002,0.5,3,0,0.21787141,-0.6738187,27,-0.32499999999999996,-0.28212858736515045
base,0.225,0.5,4,0,0.26058125,-0.56857735,27,-0.275,-0.23941874504089355
base,0.275,0.5,5,0,0.3032912,-0.46333587,27,-0.22499999999999998,-0.1967087984085083
base,0.325,0.5,6,0,0.34600103,-0.35809463,27,-0.175,-0.1539989709854126
base,0.37500000000000006,0.5,7,0,0.3905924,-0.25270104,27,-0.12499999999999994,-0.10940760374069214
base,0.425,0.5,8,0,0.43538356,-0.14729123,27,-0.07500000000000001,-0.06461644172668457
base,0.475,0.5,9,0,0.48017472,-0.041881442,27,-0.025000000000000022,-0.019825279712677002
base,0.525,0.5,10,1,0.52496576,0.06352824,27,0.025000000000000022,0.024965763092041016
base,0.575,0.5,11,1,0.56975687,0.16893795,27,0.07499999999999996,0.06975686550140381
base,0.625,0.5,12,1,0.6145481,0.27434772,27,0.125,0.11454808712005615
base,0.675,0.5,13,1,0.6593392,0.37975752,27,0.17500000000000004,0.15933918952941895
base,0.7250000000000001,0.5,14,1,0.70413023,0.48516726,27,0.2250000000000001,0.20413023233413696
base,0.7749999999999999,0.5,15,1,0.74892133,0.5905769,27,0.2749999999999999,0.24892133474349976
base,0.825,0.5,16,1,0.79371244,0.69598675,27,0.32499999999999996,0.29371243715286255
base,0.8749999999999999,0.5,17,1,0.8385037,0.8013965,27,0.3749999999999999,0.33850371837615967
base,0.9249999999999999,0.5,18,1,0.8832948,0.90680623,27,0.42499999999999993,0.38329482078552246
base,0.975,0.5,19,1,0.9280859,1.0122161,27,0.475,0.42808592319488525
curv,0.025000000000000022,0.25,0,0,0.05968882,-0.77084756,27,-0.22499999999999998,-0.19031117856502533
curv,0.025000000000000022,0.25,0,0,0.05968882,-0.77084756,27,-0.22499999999999998,-0.19031117856502533
curv,0.075,0.25,1,0,0.10239871,-0.66560614,27,-0.175,-0.14760129153728485
curv,0.075,0.25,1,0,0.10239871,-0.66560614,27,-0.175,-0.14760129153728485
curv,0.12500000000000003,0.25,2,0,0.14510858,-0.5603648,27,-0.12499999999999997,-0.10489141941070557
curv,0.12500000000000003,0.25,2,0,0.14510858,-0.5603648,27,-0.12499999999999997,-0.10489141941070557
curv,0.17500000000000002,0.25,3,0,0.18781842,-0.45512342,27,-0.07499999999999998,-0.06218157708644867
curv,0.17500000000000002,0.25,3,0,0.18781842,-0.45512342,27,-0.07499999999999998,-0.06218157708644867
curv,0.225,0.25,4,0,0.23052831,-0.3498821,27,-0.024999999999999994,-0.01947169005870819
curv,0.225,0.25,4,0,0.23052831,-0.3498821,27,-0.024999999999999994,-0.01947169005870819
curv,0.275,0.25,5,1,0.27323818,-0.2446407,27,0.025000000000000022,0.023238182067871094
curv,0.325,0.25,6,1,0.315948,-0.1393994,27,0.07500000000000001,0.0659480094909668
curv,0.37500000000000006,0.25,7,1,0.35865796,-0.034158006,27,0.12500000000000006,0.10865795612335205
curv,0.425,0.25,8,1,0.40136778,0.0710834,27,0.175,0.15136778354644775
curv,0.475,0.25,9,1,0.44407773,0.1763247,27,0.22499999999999998,0.194077730178833
curv,0.525,0.25,10,1,0.4867875,0.28156596,27,0.275,0.23678749799728394
curv,0.575,0.25,11,1,0.5294974,0.38680738,27,0.32499999999999996,0.2794973850250244
curv,0.625,0.25,12,1,0.5722073,0.49204874,27,0.375,0.3222072720527649
curv,0.675,0.25,13,1,0.616592,0.5974257,27,0.42500000000000004,0.3665919899940491
curv,0.7250000000000001,0.25,14,1,0.6600151,0.69311476,27,0.4750000000000001,0.4100151062011719
flat,0.275,0.7500000000000001,0,0,0.3437574,-0.68118864,27,-0.4750000000000001,-0.40624260902404796
flat,0.325,0.7500000000000001,1,0,0.38854843,-0.57577884,27,-0.4250000000000001,-0.36145156621932995
flat,0.37500000000000006,0.7500000000000001,2,0,0.4333396,-0.47036913,27,-0.37500000000000006,-0.3166604042053224
flat,0.425,0.7500000000000001,3,0,0.4781307,-0.36495942,27,-0.3250000000000001,-0.2718693017959596
flat,0.475,0.7500000000000001,4,0,0.5229218,-0.25954968,27,-0.27500000000000013,-0.2270781993865968
flat,0.525,0.7500000000000001,5,0,0.5677129,-0.1541399,27,-0.2250000000000001,-0.182287096977234
flat,0.575,0.7500000000000001,6,0,0.61250407,-0.048730195,27,-0.17500000000000016,-0.13749593496322643
flat,0.625,0.7500000000000001,7,0,0.65729517,0.056679517,27,-0.1250000000000001,-0.09270483255386364
flat,0.675,0.7500000000000001,8,0,0.7020863,0.16208932,27,-0.07500000000000007,-0.04791367053985607
flat,0.7250000000000001,0.7500000000000001,9,0,0.74687743,0.26749915,27,-0.025000000000000022,-0.003122568130493275
flat,0.7749999999999999,0.7500000000000001,10,1,0.79166853,0.37290877,27,0.0249999999999998,0.04166853427886952
flat,0.7749999999999999,0.7500000000000001,10,1,0.79166853,0.37290877,27,0.0249999999999998,0.04166853427886952
flat,0.825,0.7500000000000001,11,1,0.83645964,0.47831857,27,0.07499999999999984,0.08645963668823231
flat,0.825,0.7500000000000001,11,1,0.83645964,0.47831857,27,0.07499999999999984,0.08645963668823231
flat,0.8749999999999999,0.7500000000000001,12,1,0.8812508,0.5837284,27,0.12499999999999978,0.13125079870223988
flat,0.8749999999999999,0.7500000000000001,12,1,0.8812508,0.5837284,27,0.12499999999999978,0.13125079870223988
flat,0.9249999999999999,0.7500000000000001,13,1,0.92604196,0.6891381,27,0.17499999999999982,0.17604196071624745
flat,0.9249999999999999,0.7500000000000001,13,1,0.92604196,0.6891381,27,0.17499999999999982,0.17604196071624745
flat,0.975,0.7500000000000001,14,1,0.97083306,0.79454786,27,0.22499999999999987,0.22083306312561024
flat,0.975,0.7500000000000001,14,1,0.97083306,0.79454786,27,0.22499999999999987,0.22083306312561024
base,0.025000000000000022,0.5,0,0,0.06347098,-1.0515864,28,-0.475,-0.4365290179848671
base,0.075,0.5,1,0,0.096890606,-0.95343053,28,-0.425,-0.4031093940138817
base,0.12500000000000003,0.5,2,0,0.14309533,-0.83598405,28,-0.375,-0.35690467059612274
base,0.17500000000000002,0.5,3,0,0.18930006,-0.7185375,28,-0.32499999999999996,-0.3106999397277832
base,0.225,0.5,4,0,0.2355048,-0.60109097,28,-0.275,-0.26449519395828247
base,0.275,0.5,5,0,0.28170955,-0.4836444,28,-0.22499999999999998,-0.21829044818878174
base,0.325,0.5,6,0,0.3279143,-0.36619794,28,-0.175,-0.172085702419281
base,0.37500000000000006,0.5,7,0,0.37411907,-0.24875134,28,-0.12499999999999994,-0.12588092684745789
base,0.425,0.5,8,0,0.42032376,-0.1313048,28,-0.07500000000000001,-0.07967624068260193
base,0.475,0.5,9,0,0.46652848,-0.013858348,28,-0.025000000000000022,-0.033471524715423584
base,0.525,0.5,10,1,0.5127333,0.10358822,28,0.025000000000000022,0.012733280658721924
base,0.575,0.5,11,1,0.558938,0.2210347,28,0.07499999999999996,0.058938026428222656
base,0.625,0.5,12,1,0.6051427,0.33848137,28,0.125,0.10514271259307861
base,0.675,0.5,13,1,0.6513476,0.4559279,28,0.17500000000000004,0.1513475775718689
base,0.7250000000000001,0.5,14,1,0.69755226,0.57337433,28,0.2250000000000001,0.19755226373672485
base,0.7749999999999999,0.5,15,1,0.74375695,0.6908209,28,0.2749999999999999,0.2437569499015808
base,0.825,0.5,16,1,0.78996176,0.8082674,28,0.32499999999999996,0.2899617552757263
base,0.8749999999999999,0.5,17,1,0.83616644,0.92571396,28,0.3749999999999999,0.3361664414405823
base,0.9249999999999999,0.5,18,1,0.88237125,1.0431604,28,0.42499999999999993,0.3823712468147278
base,0.975,0.5,19,1,0.928576,1.1606071,28,0.475,0.4285759925842285
curv,0.025000000000000022,0.25,0,0,0.086315975,-0.83145905,28,-0.22499999999999998,-0.16368402540683746
curv,0.025000000000000022,0.25,0,0,0.086315975,-0.83145905,28,-0.22499999999999998,-0.16368402540683746
curv,0.075,0.25,1,0,0.1012445,-0.7663431,28,-0.175,-0.1487554982304573
curv,0.075,0.25,1,0,0.1012445,-0.7663431,28,-0.175,-0.1487554982304573
curv,0.12500000000000003,0.25,2,0,0.12669551,-0.67340255,28,-0.12499999999999997,-0.12330448627471924
curv,0.12500000000000003,0.25,2,0,0.12669551,-0.67340255,28,-0.12499999999999997,-0.12330448627471924
curv,0.17500000000000002,0.25,3,0,0.17224512,-0.55666643,28,-0.07499999999999998,-0.07775488495826721
curv,0.17500000000000002,0.25,3,0,0.17224512,-0.55666643,28,-0.07499999999999998,-0.07775488495826721
curv,0.225,0.25,4,0,0.21844986,-0.43921992,28,-0.024999999999999994,-0.03155013918876648
curv,0.225,0.25,4,0,0.21844986,-0.43921992,28,-0.024999999999999994,-0.03155013918876648
curv,0.275,0.25,5,1,0.2646546,-0.32177338,28,0.025000000000000022,0.014654606580734253
curv,0.325,0.25,6,1,0.31085932,-0.20432688,28,0.07500000000000001,0.0608593225479126
curv,0.37500000000000006,0.25,7,1,0.35706407,-0.08688027,28,0.12500000000000006,0.10706406831741333
curv,0.425,0.25,8,1,0.40326878,0.030566216,28,0.175,0.15326878428459167
curv,0.475,0.25,9,1,0.44947356,0.1480127,28,0.22499999999999998,0.1994735598564148
curv,0.525,0.25,10,1,0.49567828,0.26545918,28,0.275,0.24567827582359314
curv,0.575,0.25,11,1,0.54188305,0.38290578,28,0.32499999999999996,0.29188305139541626
curv,0.625,0.25,12,1,0.58808786,0.50035244,28,0.375,0.33808785676956177
curv,0.675,0.25,13,1,0.6342926,0.617799,28,0.42500000000000004,0.3842926025390625
curv,0.7250000000000001,0.25,14,1,0.67777956,0.7172584,28,0.4750000000000001,0.42777955532073975
flat,0.275,0.7500000000000001,0,0,0.29876453,-0.6455155,28,-0.4750000000000001,-0.45123547315597545
flat,0.325,0.7500000000000001,1,0,0.34496927,-0.528069,28,-0.4250000000000001,-0.4050307273864747
flat,0.37500000000000006,0.7500000000000001,2,0,0.391174,-0.41062245,28,-0.37500000000000006,-0.3588260114192964
flat,0.425,0.7500000000000001,3,0,0.4373788,-0.29317582,28,-0.3250000000000001,-0.31262120604515087
flat,0.475,0.7500000000000001,4,0,0.48358348,-0.17572942,28,-0.27500000000000013,-0.2664165198802949
flat,0.525,0.7500000000000001,5,0,0.52978826,-0.05828291,28,-0.2250000000000001,-0.2202117443084718
flat,0.575,0.7500000000000001,6,0,0.57599294,0.05916363,28,-0.17500000000000016,-0.17400705814361583
flat,0.625,0.7500000000000001,7,0,0.62219775,0.17661023,28,-0.1250000000000001,-0.12780225276947033
flat,0.675,0.7500000000000001,8,0,0.66840255,0.29405683,28,-0.07500000000000007,-0.08159744739532482
flat,0.7250000000000001,0.7500000000000001,9,0,0.7146072,0.41150331,28,-0.025000000000000022,-0.035392820835113636
flat,0.7749999999999999,0.7500000000000001,10,1,0.760812,0.5289498,28,0.0249999999999998,0.010811984539031871
flat,0.7749999999999999,0.7500000000000001,10,1,0.760812,0.5289498,28,0.0249999999999998,0.010811984539031871
flat,0.825,0.7500000000000001,11,1,0.80701673,0.64639634,28,0.07499999999999984,0.057016730308532604
flat,0.825,0.7500000000000001,11,1,0.80701673,0.64639634,28,0.07499999999999984,0.057016730308532604
flat,0.8749999999999999,0.7500000000000001,12,1,0.85322136,0.76384276,28,0.12499999999999978,0.10322135686874379
flat,0.8749999999999999,0.7500000000000001,12,1,0.85322136,0.76384276,28,0.12499999999999978,0.10322135686874379
flat,0.9249999999999999,0.7500000000000001,13,1,0.8994262,0.8812894,28,0.17499999999999982,0.14942622184753407
flat,0.9249999999999999,0.7500000000000001,13,1,0.8994262,0.8812894,28,0.17499999999999982,0.14942622184753407
flat,0.975,0.7500000000000001,14,1,0.9456309,0.99873596,28,0.22499999999999987,0.19563090801239003
flat,0.975,0.7500000000000001,14,1,0.9456309,0.99873596,28,0.22499999999999987,0.19563090801239003
base,0.025000000000000022,0.5,0,0,0.06347098,-1.0515864,28,-0.475,-0.4365290179848671
base,0.075,0.5,1,0,0.096890606,-0.95343053,28,-0.425,-0.4031093940138817
base,0.12500000000000003,0.5,2,0,0.14309533,-0.83598405,28,-0.375,-0.35690467059612274
base,0.17500000000000002,0.5,3,0,0.18930006,-0.7185375,28,-0.32499999999999996,-0.3106999397277832
base,0.225,0.5,4,0,0.2355048,-0.60109097,28,-0.275,-0.26449519395828247
base,0.275,0.5,5,0,0.28170955,-0.4836444,28,-0.22499999999999998,-0.21829044818878174
base,0.325,0.5,6,0,0.3279143,-0.36619794,28,-0.175,-0.172085702419281
base,0.37500000000000006,0.5,7,0,0.37411907,-0.24875134,28,-0.12499999999999994,-0.12588092684745789
base,0.425,0.5,8,0,0.42032376,-0.1313048,28,-0.07500000000000001,-0.07967624068260193
base,0.475,0.5,9,0,0.46652848,-0.013858348,28,-0.025000000000000022,-0.033471524715423584
base,0.525,0.5,10,1,0.5127333,0.10358822,28,0.025000000000000022,0.012733280658721924
base,0.575,0.5,11,1,0.558938,0.2210347,28,0.07499999999999996,0.058938026428222656
base,0.625,0.5,12,1,0.6051427,0.33848137,28,0.125,0.10514271259307861
base,0.675,0.5,13,1,0.6513476,0.4559279,28,0.17500000000000004,0.1513475775718689
base,0.7250000000000001,0.5,14,1,0.69755226,0.57337433,28,0.2250000000000001,0.19755226373672485
base,0.7749999999999999,0.5,15,1,0.74375695,0.6908209,28,0.2749999999999999,0.2437569499015808
base,0.825,0.5,16,1,0.78996176,0.8082674,28,0.32499999999999996,0.2899617552757263
base,0.8749999999999999,0.5,17,1,0.83616644,0.92571396,28,0.3749999999999999,0.3361664414405823
base,0.9249999999999999,0.5,18,1,0.88237125,1.0431604,28,0.42499999999999993,0.3823712468147278
base,0.975,0.5,19,1,0.928576,1.1606071,28,0.475,0.4285759925842285
curv,0.025000000000000022,0.25,0,0,0.086315975,-0.83145905,28,-0.22499999999999998,-0.16368402540683746
curv,0.025000000000000022,0.25,0,0,0.086315975,-0.83145905,28,-0.22499999999999998,-0.16368402540683746
curv,0.075,0.25,1,0,0.1012445,-0.7663431,28,-0.175,-0.1487554982304573
curv,0.075,0.25,1,0,0.1012445,-0.7663431,28,-0.175,-0.1487554982304573
curv,0.12500000000000003,0.25,2,0,0.12669551,-0.67340255,28,-0.12499999999999997,-0.12330448627471924
curv,0.12500000000000003,0.25,2,0,0.12669551,-0.67340255,28,-0.12499999999999997,-0.12330448627471924
curv,0.17500000000000002,0.25,3,0,0.17224512,-0.55666643,28,-0.07499999999999998,-0.07775488495826721
curv,0.17500000000000002,0.25,3,0,0.17224512,-0.55666643,28,-0.07499999999999998,-0.07775488495826721
curv,0.225,0.25,4,0,0.21844986,-0.43921992,28,-0.024999999999999994,-0.03155013918876648
curv,0.225,0.25,4,0,0.21844986,-0.43921992,28,-0.024999999999999994,-0.03155013918876648
curv,0.275,0.25,5,1,0.2646546,-0.32177338,28,0.025000000000000022,0.014654606580734253
curv,0.325,0.25,6,1,0.31085932,-0.20432688,28,0.07500000000000001,0.0608593225479126
curv,0.37500000000000006,0.25,7,1,0.35706407,-0.08688027,28,0.12500000000000006,0.10706406831741333
curv,0.425,0.25,8,1,0.40326878,0.030566216,28,0.175,0.15326878428459167
curv,0.475,0.25,9,1,0.44947356,0.1480127,28,0.22499999999999998,0.1994735598564148
curv,0.525,0.25,10,1,0.49567828,0.26545918,28,0.275,0.24567827582359314
curv,0.575,0.25,11,1,0.54188305,0.38290578,28,0.32499999999999996,0.29188305139541626
curv,0.625,0.25,12,1,0.58808786,0.50035244,28,0.375,0.33808785676956177
curv,0.675,0.25,13,1,0.6342926,0.617799,28,0.42500000000000004,0.3842926025390625
curv,0.7250000000000001,0.25,14,1,0.67777956,0.7172584,28,0.4750000000000001,0.42777955532073975
flat,0.275,0.7500000000000001,0,0,0.29876453,-0.6455155,28,-0.4750000000000001,-0.45123547315597545
flat,0.325,0.7500000000000001,1,0,0.34496927,-0.528069,28,-0.4250000000000001,-0.4050307273864747
flat,0.37500000000000006,0.7500000000000001,2,0,0.391174,-0.41062245,28,-0.37500000000000006,-0.3588260114192964
flat,0.425,0.7500000000000001,3,0,0.4373788,-0.29317582,28,-0.3250000000000001,-0.31262120604515087
flat,0.475,0.7500000000000001,4,0,0.48358348,-0.17572942,28,-0.27500000000000013,-0.2664165198802949
flat,0.525,0.7500000000000001,5,0,0.52978826,-0.05828291,28,-0.2250000000000001,-0.2202117443084718
flat,0.575,0.7500000000000001,6,0,0.57599294,0.05916363,28,-0.17500000000000016,-0.17400705814361583
flat,0.625,0.7500000000000001,7,0,0.62219775,0.17661023,28,-0.1250000000000001,-0.12780225276947033
flat,0.675,0.7500000000000001,8,0,0.66840255,0.29405683,28,-0.07500000000000007,-0.08159744739532482
flat,0.7250000000000001,0.7500000000000001,9,0,0.7146072,0.41150331,28,-0.025000000000000022,-0.035392820835113636
flat,0.7749999999999999,0.7500000000000001,10,1,0.760812,0.5289498,28,0.0249999999999998,0.010811984539031871
flat,0.7749999999999999,0.7500000000000001,10,1,0.760812,0.5289498,28,0.0249999999999998,0.010811984539031871
flat,0.825,0.7500000000000001,11,1,0.80701673,0.64639634,28,0.07499999999999984,0.057016730308532604
flat,0.825,0.7500000000000001,11,1,0.80701673,0.64639634,28,0.07499999999999984,0.057016730308532604
flat,0.8749999999999999,0.7500000000000001,12,1,0.85322136,0.76384276,28,0.12499999999999978,0.10322135686874379
flat,0.8749999999999999,0.7500000000000001,12,1,0.85322136,0.76384276,28,0.12499999999999978,0.10322135686874379
flat,0.9249999999999999,0.7500000000000001,13,1,0.8994262,0.8812894,28,0.17499999999999982,0.14942622184753407
flat,0.9249999999999999,0.7500000000000001,13,1,0.8994262,0.8812894,28,0.17499999999999982,0.14942622184753407
flat,0.975,0.7500000000000001,14,1,0.9456309,0.99873596,28,0.22499999999999987,0.19563090801239003
flat,0.975,0.7500000000000001,14,1,0.9456309,0.99873596,28,0.22499999999999987,0.19563090801239003
base,0.025000000000000022,0.5,0,0,0.06347098,-1.0515864,28,-0.475,-0.4365290179848671
base,0.075,0.5,1,0,0.096890606,-0.95343053,28,-0.425,-0.4031093940138817
base,0.12500000000000003,0.5,2,0,0.14309533,-0.83598405,28,-0.375,-0.35690467059612274
base,0.17500000000000002,0.5,3,0,0.18930006,-0.7185375,28,-0.32499999999999996,-0.3106999397277832
base,0.225,0.5,4,0,0.2355048,-0.60109097,28,-0.275,-0.26449519395828247
base,0.275,0.5,5,0,0.28170955,-0.4836444,28,-0.22499999999999998,-0.21829044818878174
base,0.325,0.5,6,0,0.3279143,-0.36619794,28,-0.175,-0.172085702419281
base,0.37500000000000006,0.5,7,0,0.37411907,-0.24875134,28,-0.12499999999999994,-0.12588092684745789
base,0.425,0.5,8,0,0.42032376,-0.1313048,28,-0.07500000000000001,-0.07967624068260193
base,0.475,0.5,9,0,0.46652848,-0.013858348,28,-0.025000000000000022,-0.033471524715423584
base,0.525,0.5,10,1,0.5127333,0.10358822,28,0.025000000000000022,0.012733280658721924
base,0.575,0.5,11,1,0.558938,0.2210347,28,0.07499999999999996,0.058938026428222656
base,0.625,0.5,12,1,0.6051427,0.33848137,28,0.125,0.10514271259307861
base,0.675,0.5,13,1,0.6513476,0.4559279,28,0.17500000000000004,0.1513475775718689
base,0.7250000000000001,0.5,14,1,0.69755226,0.57337433,28,0.2250000000000001,0.19755226373672485
base,0.7749999999999999,0.5,15,1,0.74375695,0.6908209,28,0.2749999999999999,0.2437569499015808
base,0.825,0.5,16,1,0.78996176,0.8082674,28,0.32499999999999996,0.2899617552757263
base,0.8749999999999999,0.5,17,1,0.83616644,0.92571396,28,0.3749999999999999,0.3361664414405823
base,0.9249999999999999,0.5,18,1,0.88237125,1.0431604,28,0.42499999999999993,0.3823712468147278
base,0.975,0.5,19,1,0.928576,1.1606071,28,0.475,0.4285759925842285
curv,0.025000000000000022,0.25,0,0,0.086315975,-0.83145905,28,-0.22499999999999998,-0.16368402540683746
curv,0.025000000000000022,0.25,0,0,0.086315975,-0.83145905,28,-0.22499999999999998,-0.16368402540683746
curv,0.075,0.25,1,0,0.1012445,-0.7663431,28,-0.175,-0.1487554982304573
curv,0.075,0.25,1,0,0.1012445,-0.7663431,28,-0.175,-0.1487554982304573
curv,0.12500000000000003,0.25,2,0,0.12669551,-0.67340255,28,-0.12499999999999997,-0.12330448627471924
curv,0.12500000000000003,0.25,2,0,0.12669551,-0.67340255,28,-0.12499999999999997,-0.12330448627471924
curv,0.17500000000000002,0.25,3,0,0.17224512,-0.55666643,28,-0.07499999999999998,-0.07775488495826721
curv,0.17500000000000002,0.25,3,0,0.17224512,-0.55666643,28,-0.07499999999999998,-0.07775488495826721
curv,0.225,0.25,4,0,0.21844986,-0.43921992,28,-0.024999999999999994,-0.03155013918876648
curv,0.225,0.25,4,0,0.21844986,-0.43921992,28,-0.024999999999999994,-0.03155013918876648
curv,0.275,0.25,5,1,0.2646546,-0.32177338,28,0.025000000000000022,0.014654606580734253
curv,0.325,0.25,6,1,0.31085932,-0.20432688,28,0.07500000000000001,0.0608593225479126
curv,0.37500000000000006,0.25,7,1,0.35706407,-0.08688027,28,0.12500000000000006,0.10706406831741333
curv,0.425,0.25,8,1,0.40326878,0.030566216,28,0.175,0.15326878428459167
curv,0.475,0.25,9,1,0.44947356,0.1480127,28,0.22499999999999998,0.1994735598564148
curv,0.525,0.25,10,1,0.49567828,0.26545918,28,0.275,0.24567827582359314
curv,0.575,0.25,11,1,0.54188305,0.38290578,28,0.32499999999999996,0.29188305139541626
curv,0.625,0.25,12,1,0.58808786,0.50035244,28,0.375,0.33808785676956177
curv,0.675,0.25,13,1,0.6342926,0.617799,28,0.42500000000000004,0.3842926025390625
curv,0.7250000000000001,0.25,14,1,0.67777956,0.7172584,28,0.4750000000000001,0.42777955532073975
flat,0.275,0.7500000000000001,0,0,0.29876453,-0.6455155,28,-0.4750000000000001,-0.45123547315597545
flat,0.325,0.7500000000000001,1,0,0.34496927,-0.528069,28,-0.4250000000000001,-0.4050307273864747
flat,0.37500000000000006,0.7500000000000001,2,0,0.391174,-0.41062245,28,-0.37500000000000006,-0.3588260114192964
flat,0.425,0.7500000000000001,3,0,0.4373788,-0.29317582,28,-0.3250000000000001,-0.31262120604515087
flat,0.475,0.7500000000000001,4,0,0.48358348,-0.17572942,28,-0.27500000000000013,-0.2664165198802949
flat,0.525,0.7500000000000001,5,0,0.52978826,-0.05828291,28,-0.2250000000000001,-0.2202117443084718
flat,0.575,0.7500000000000001,6,0,0.57599294,0.05916363,28,-0.17500000000000016,-0.17400705814361583
flat,0.625,0.7500000000000001,7,0,0.62219775,0.17661023,28,-0.1250000000000001,-0.12780225276947033
flat,0.675,0.7500000000000001,8,0,0.66840255,0.29405683,28,-0.07500000000000007,-0.08159744739532482
flat,0.7250000000000001,0.7500000000000001,9,0,0.7146072,0.41150331,28,-0.025000000000000022,-0.035392820835113636
flat,0.7749999999999999,0.7500000000000001,10,1,0.760812,0.5289498,28,0.0249999999999998,0.010811984539031871
flat,0.7749999999999999,0.7500000000000001,10,1,0.760812,0.5289498,28,0.0249999999999998,0.010811984539031871
flat,0.825,0.7500000000000001,11,1,0.80701673,0.64639634,28,0.07499999999999984,0.057016730308532604
flat,0.825,0.7500000000000001,11,1,0.80701673,0.64639634,28,0.07499999999999984,0.057016730308532604
flat,0.8749999999999999,0.7500000000000001,12,1,0.85322136,0.76384276,28,0.12499999999999978,0.10322135686874379
flat,0.8749999999999999,0.7500000000000001,12,1,0.85322136,0.76384276,28,0.12499999999999978,0.10322135686874379
flat,0.9249999999999999,0.7500000000000001,13,1,0.8994262,0.8812894,28,0.17499999999999982,0.14942622184753407
flat,0.9249999999999999,0.7500000000000001,13,1,0.8994262,0.8812894,28,0.17499999999999982,0.14942622184753407
flat,0.975,0.7500000000000001,14,1,0.9456309,0.99873596,28,0.22499999999999987,0.19563090801239003
flat,0.975,0.7500000000000001,14,1,0.9456309,0.99873596,28,0.22499999999999987,0.19563090801239003
base,0.025000000000000022,0.5,0,0,0.06347098,-1.0515864,28,-0.475,-0.4365290179848671
base,0.075,0.5,1,0,0.096890606,-0.95343053,28,-0.425,-0.4031093940138817
base,0.12500000000000003,0.5,2,0,0.14309533,-0.83598405,28,-0.375,-0.35690467059612274
base,0.17500000000000002,0.5,3,0,0.18930006,-0.7185375,28,-0.32499999999999996,-0.3106999397277832
base,0.225,0.5,4,0,0.2355048,-0.60109097,28,-0.275,-0.26449519395828247
base,0.275,0.5,5,0,0.28170955,-0.4836444,28,-0.22499999999999998,-0.21829044818878174
base,0.325,0.5,6,0,0.3279143,-0.36619794,28,-0.175,-0.172085702419281
base,0.37500000000000006,0.5,7,0,0.37411907,-0.24875134,28,-0.12499999999999994,-0.12588092684745789
base,0.425,0.5,8,0,0.42032376,-0.1313048,28,-0.07500000000000001,-0.07967624068260193
base,0.475,0.5,9,0,0.46652848,-0.013858348,28,-0.025000000000000022,-0.033471524715423584
base,0.525,0.5,10,1,0.5127333,0.10358822,28,0.025000000000000022,0.012733280658721924
base,0.575,0.5,11,1,0.558938,0.2210347,28,0.07499999999999996,0.058938026428222656
base,0.625,0.5,12,1,0.6051427,0.33848137,28,0.125,0.10514271259307861
base,0.675,0.5,13,1,0.6513476,0.4559279,28,0.17500000000000004,0.1513475775718689
base,0.7250000000000001,0.5,14,1,0.69755226,0.57337433,28,0.2250000000000001,0.19755226373672485
base,0.7749999999999999,0.5,15,1,0.74375695,0.6908209,28,0.2749999999999999,0.2437569499015808
base,0.825,0.5,16,1,0.78996176,0.8082674,28,0.32499999999999996,0.2899617552757263
base,0.8749999999999999,0.5,17,1,0.83616644,0.92571396,28,0.3749999999999999,0.3361664414405823
base,0.9249999999999999,0.5,18,1,0.88237125,1.0431604,28,0.42499999999999993,0.3823712468147278
base,0.975,0.5,19,1,0.928576,1.1606071,28,0.475,0.4285759925842285
curv,0.025000000000000022,0.25,0,0,0.086315975,-0.83145905,28,-0.22499999999999998,-0.16368402540683746
curv,0.025000000000000022,0.25,0,0,0.086315975,-0.83145905,28,-0.22499999999999998,-0.16368402540683746
curv,0.075,0.25,1,0,0.1012445,-0.7663431,28,-0.175,-0.1487554982304573
curv,0.075,0.25,1,0,0.1012445,-0.7663431,28,-0.175,-0.1487554982304573
curv,0.12500000000000003,0.25,2,0,0.12669551,-0.67340255,28,-0.12499999999999997,-0.12330448627471924
curv,0.12500000000000003,0.25,2,0,0.12669551,-0.67340255,28,-0.12499999999999997,-0.12330448627471924
curv,0.17500000000000002,0.25,3,0,0.17224512,-0.55666643,28,-0.07499999999999998,-0.07775488495826721
curv,0.17500000000000002,0.25,3,0,0.17224512,-0.55666643,28,-0.07499999999999998,-0.07775488495826721
curv,0.225,0.25,4,0,0.21844986,-0.43921992,28,-0.024999999999999994,-0.03155013918876648
curv,0.225,0.25,4,0,0.21844986,-0.43921992,28,-0.024999999999999994,-0.03155013918876648
curv,0.275,0.25,5,1,0.2646546,-0.32177338,28,0.025000000000000022,0.014654606580734253
curv,0.325,0.25,6,1,0.31085932,-0.20432688,28,0.07500000000000001,0.0608593225479126
curv,0.37500000000000006,0.25,7,1,0.35706407,-0.08688027,28,0.12500000000000006,0.10706406831741333
curv,0.425,0.25,8,1,0.40326878,0.030566216,28,0.175,0.15326878428459167
curv,0.475,0.25,9,1,0.44947356,0.1480127,28,0.22499999999999998,0.1994735598564148
curv,0.525,0.25,10,1,0.49567828,0.26545918,28,0.275,0.24567827582359314
curv,0.575,0.25,11,1,0.54188305,0.38290578,28,0.32499999999999996,0.29188305139541626
curv,0.625,0.25,12,1,0.58808786,0.50035244,28,0.375,0.33808785676956177
curv,0.675,0.25,13,1,0.6342926,0.617799,28,0.42500000000000004,0.3842926025390625
curv,0.7250000000000001,0.25,14,1,0.67777956,0.7172584,28,0.4750000000000001,0.42777955532073975
flat,0.275,0.7500000000000001,0,0,0.29876453,-0.6455155,28,-0.4750000000000001,-0.45123547315597545
flat,0.325,0.7500000000000001,1,0,0.34496927,-0.528069,28,-0.4250000000000001,-0.4050307273864747
flat,0.37500000000000006,0.7500000000000001,2,0,0.391174,-0.41062245,28,-0.37500000000000006,-0.3588260114192964
flat,0.425,0.7500000000000001,3,0,0.4373788,-0.29317582,28,-0.3250000000000001,-0.31262120604515087
flat,0.475,0.7500000000000001,4,0,0.48358348,-0.17572942,28,-0.27500000000000013,-0.2664165198802949
flat,0.525,0.7500000000000001,5,0,0.52978826,-0.05828291,28,-0.2250000000000001,-0.2202117443084718
flat,0.575,0.7500000000000001,6,0,0.57599294,0.05916363,28,-0.17500000000000016,-0.17400705814361583
flat,0.625,0.7500000000000001,7,0,0.62219775,0.17661023,28,-0.1250000000000001,-0.12780225276947033
flat,0.675,0.7500000000000001,8,0,0.66840255,0.29405683,28,-0.07500000000000007,-0.08159744739532482
flat,0.7250000000000001,0.7500000000000001,9,0,0.7146072,0.41150331,28,-0.025000000000000022,-0.035392820835113636
flat,0.7749999999999999,0.7500000000000001,10,1,0.760812,0.5289498,28,0.0249999999999998,0.010811984539031871
flat,0.7749999999999999,0.7500000000000001,10,1,0.760812,0.5289498,28,0.0249999999999998,0.010811984539031871
flat,0.825,0.7500000000000001,11,1,0.80701673,0.64639634,28,0.07499999999999984,0.057016730308532604
flat,0.825,0.7500000000000001,11,1,0.80701673,0.64639634,28,0.07499999999999984,0.057016730308532604
flat,0.8749999999999999,0.7500000000000001,12,1,0.85322136,0.76384276,28,0.12499999999999978,0.10322135686874379
flat,0.8749999999999999,0.7500000000000001,12,1,0.85322136,0.76384276,28,0.12499999999999978,0.10322135686874379
flat,0.9249999999999999,0.7500000000000001,13,1,0.8994262,0.8812894,28,0.17499999999999982,0.14942622184753407
flat,0.9249999999999999,0.7500000000000001,13,1,0.8994262,0.8812894,28,0.17499999999999982,0.14942622184753407
flat,0.975,0.7500000000000001,14,1,0.9456309,0.99873596,28,0.22499999999999987,0.19563090801239003
flat,0.975,0.7500000000000001,14,1,0.9456309,0.99873596,28,0.22499999999999987,0.19563090801239003
base,0.025000000000000022,0.5,0,0,0.1772668,-6.4198136,29,-0.475,-0.32273319363594055
base,0.075,0.5,1,0,0.21206883,-5.746603,29,-0.425,-0.2879311740398407
base,0.12500000000000003,0.5,2,0,0.24687073,-5.073392,29,-0.375,-0.2531292736530304
base,0.17500000000000002,0.5,3,0,0.28167275,-4.4001813,29,-0.32499999999999996,-0.21832725405693054
base,0.225,0.5,4,0,0.3164747,-3.7269707,29,-0.275,-0.18352529406547546
base,0.275,0.5,5,0,0.3512767,-3.0537596,29,-0.22499999999999998,-0.148723304271698
base,0.325,0.5,6,0,0.3860787,-2.3805487,29,-0.175,-0.11392131447792053
base,0.37500000000000006,0.5,7,0,0.4208807,-1.7073379,29,-0.12499999999999994,-0.07911929488182068
base,0.425,0.5,8,0,0.45568267,-1.0341263,29,-0.07500000000000001,-0.0443173348903656
base,0.475,0.5,9,0,0.49048465,-0.36091608,29,-0.025000000000000022,-0.009515345096588135
base,0.525,0.5,10,1,0.5252866,0.31229478,29,0.025000000000000022,0.025286614894866943
base,0.575,0.5,11,1,0.56008863,0.9855059,29,0.07499999999999996,0.0600886344909668
base,0.625,0.5,12,1,0.5948906,1.6587167,29,0.125,0.09489059448242188
base,0.675,0.5,13,1,0.6296926,2.331928,29,0.17500000000000004,0.12969261407852173
base,0.7250000000000001,0.5,14,1,0.6644946,3.0051394,29,0.2250000000000001,0.1644945740699768
base,0.7749999999999999,0.5,15,1,0.6992965,3.6783493,29,0.2749999999999999,0.1992964744567871
base,0.825,0.5,16,1,0.726523,4.3089714,29,0.32499999999999996,0.22652298212051392
base,0.8749999999999999,0.5,17,1,0.7215096,4.7562666,29,0.3749999999999999,0.22150957584381104
base,0.9249999999999999,0.5,18,1,0.75743914,4.9675093,29,0.42499999999999993,0.25743913650512695
base,0.975,0.5,19,1,0.79336876,5.178752,29,0.475,0.29336875677108765
curv,0.025000000000000022,0.25,0,0,0.16487429,-3.7900386,29,-0.22499999999999998,-0.08512571454048157
curv,0.025000000000000022,0.25,0,0,0.16487429,-3.7900386,29,-0.22499999999999998,-0.08512571454048157
curv,0.075,0.25,1,0,0.1996763,-3.116828,29,-0.175,-0.050323694944381714
curv,0.075,0.25,1,0,0.1996763,-3.116828,29,-0.175,-0.050323694944381714
curv,0.12500000000000003,0.25,2,0,0.23447825,-2.4436169,29,-0.12499999999999997,-0.01552174985408783
curv,0.12500000000000003,0.25,2,0,0.23447825,-2.4436169,29,-0.12499999999999997,-0.01552174985408783
curv,0.17500000000000002,0.25,3,0,0.26928025,-1.7704058,29,-0.07499999999999998,0.01928025484085083
curv,0.17500000000000002,0.25,3,0,0.26928025,-1.7704058,29,-0.07499999999999998,0.01928025484085083
curv,0.225,0.25,4,0,0.3040822,-1.0971949,29,-0.024999999999999994,0.05408221483230591
curv,0.225,0.25,4,0,0.3040822,-1.0971949,29,-0.024999999999999994,0.05408221483230591
curv,0.275,0.25,5,1,0.3388842,-0.4239841,29,0.025000000000000022,0.08888420462608337
curv,0.325,0.25,6,1,0.37368616,0.24922687,29,0.07500000000000001,0.12368616461753845
curv,0.37500000000000006,0.25,7,1,0.40848818,0.92243785,29,0.12500000000000006,0.1584881842136383
curv,0.425,0.25,8,1,0.44329014,1.595649,29,0.175,0.19329014420509338
curv,0.475,0.25,9,1,0.47809216,2.2688594,29,0.22499999999999998,0.22809216380119324
curv,0.525,0.25,10,1,0.51289415,2.9420705,29,0.275,0.2628941535949707
curv,0.575,0.25,11,1,0.5476961,3.615281,29,0.32499999999999996,0.2976961135864258
curv,0.625,0.25,12,1,0.6073584,4.085132,29,0.375,0.3573583960533142
curv,0.675,0.25,13,1,0.643288,4.296375,29,0.42500000000000004,0.3932880163192749
curv,0.7250000000000001,0.25,14,1,0.67921764,4.5076175,29,0.4750000000000001,0.4292176365852356
flat,0.275,0.7500000000000001,0,0,0.3636692,-5.6835346,29,-0.4750000000000001,-0.3863308131694795
flat,0.325,0.7500000000000001,1,0,0.39847127,-5.010324,29,-0.4250000000000001,-0.35152873396873485
flat,0.37500000000000006,0.7500000000000001,2,0,0.43327317,-4.337113,29,-0.37500000000000006,-0.31672683358192455
flat,0.425,0.7500000000000001,3,0,0.4680752,-3.6639023,29,-0.3250000000000001,-0.2819248139858247
flat,0.475,0.7500000000000001,4,0,0.50287724,-2.990692,29,-0.27500000000000013,-0.24712276458740245
flat,0.525,0.7500000000000001,5,0,0.53767914,-2.3174808,29,-0.2250000000000001,-0.21232086420059215
flat,0.575,0.7500000000000001,6,0,0.57248116,-1.64427,29,-0.17500000000000016,-0.1775188446044923
flat,0.625,0.7500000000000001,7,0,0.60728306,-0.9710588,29,-0.1250000000000001,-0.142716944217682
flat,0.675,0.7500000000000001,8,0,0.6420851,-0.29784757,29,-0.07500000000000007,-0.10791492462158214
flat,0.7250000000000001,0.7500000000000001,9,0,0.67688715,0.3753634,29,-0.025000000000000022,-0.07311284542083751
flat,0.7749999999999999,0.7500000000000001,10,1,0.71168905,1.0485735,29,0.0249999999999998,-0.03831094503402721
flat,0.7749999999999999,0.7500000000000001,10,1,0.71168905,1.0485735,29,0.0249999999999998,-0.03831094503402721
flat,0.825,0.7500000000000001,11,1,0.746491,1.7217846,29,0.07499999999999984,-0.0035089850425721325
flat,0.825,0.7500000000000001,11,1,0.746491,1.7217846,29,0.07499999999999984,-0.0035089850425721325
flat,0.8749999999999999,0.7500000000000001,12,1,0.781293,2.394996,29,0.12499999999999978,0.031292974948882946
flat,0.8749999999999999,0.7500000000000001,12,1,0.781293,2.394996,29,0.12499999999999978,0.031292974948882946
flat,0.9249999999999999,0.7500000000000001,13,1,0.816095,3.0682063,29,0.17499999999999982,0.0660949945449828
flat,0.9249999999999999,0.7500000000000001,13,1,0.816095,3.0682063,29,0.17499999999999982,0.0660949945449828
flat,0.975,0.7500000000000001,14,1,0.85089695,3.741418,29,0.22499999999999987,0.10089695453643788
flat,0.975,0.7500000000000001,14,1,0.85089695,3.741418,29,0.22499999999999987,0.10089695453643788
base,0.025000000000000022,0.5,0,0,0.1772668,-6.4198136,29,-0.475,-0.32273319363594055
base,0.075,0.5,1,0,0.21206883,-5.746603,29,-0.425,-0.2879311740398407
base,0.12500000000000003,0.5,2,0,0.24687073,-5.073392,29,-0.375,-0.2531292736530304
base,0.17500000000000002,0.5,3,0,0.28167275,-4.4001813,29,-0.32499999999999996,-0.21832725405693054
base,0.225,0.5,4,0,0.3164747,-3.7269707,29,-0.275,-0.18352529406547546
base,0.275,0.5,5,0,0.3512767,-3.0537596,29,-0.22499999999999998,-0.148723304271698
base,0.325,0.5,6,0,0.3860787,-2.3805487,29,-0.175,-0.11392131447792053
base,0.37500000000000006,0.5,7,0,0.4208807,-1.7073379,29,-0.12499999999999994,-0.07911929488182068
base,0.425,0.5,8,0,0.45568267,-1.0341263,29,-0.07500000000000001,-0.0443173348903656
base,0.475,0.5,9,0,0.49048465,-0.36091608,29,-0.025000000000000022,-0.009515345096588135
base,0.525,0.5,10,1,0.5252866,0.31229478,29,0.025000000000000022,0.025286614894866943
base,0.575,0.5,11,1,0.56008863,0.9855059,29,0.07499999999999996,0.0600886344909668
base,0.625,0.5,12,1,0.5948906,1.6587167,29,0.125,0.09489059448242188
base,0.675,0.5,13,1,0.6296926,2.331928,29,0.17500000000000004,0.12969261407852173
base,0.7250000000000001,0.5,14,1,0.6644946,3.0051394,29,0.2250000000000001,0.1644945740699768
base,0.7749999999999999,0.5,15,1,0.6992965,3.6783493,29,0.2749999999999999,0.1992964744567871
base,0.825,0.5,16,1,0.726523,4.3089714,29,0.32499999999999996,0.22652298212051392
base,0.8749999999999999,0.5,17,1,0.7215096,4.7562666,29,0.3749999999999999,0.22150957584381104
base,0.9249999999999999,0.5,18,1,0.75743914,4.9675093,29,0.42499999999999993,0.25743913650512695
base,0.975,0.5,19,1,0.79336876,5.178752,29,0.475,0.29336875677108765
curv,0.025000000000000022,0.25,0,0,0.16487429,-3.7900386,29,-0.22499999999999998,-0.08512571454048157
curv,0.025000000000000022,0.25,0,0,0.16487429,-3.7900386,29,-0.22499999999999998,-0.08512571454048157
curv,0.075,0.25,1,0,0.1996763,-3.116828,29,-0.175,-0.050323694944381714
curv,0.075,0.25,1,0,0.1996763,-3.116828,29,-0.175,-0.050323694944381714
curv,0.12500000000000003,0.25,2,0,0.23447825,-2.4436169,29,-0.12499999999999997,-0.01552174985408783
curv,0.12500000000000003,0.25,2,0,0.23447825,-2.4436169,29,-0.12499999999999997,-0.01552174985408783
curv,0.17500000000000002,0.25,3,0,0.26928025,-1.7704058,29,-0.07499999999999998,0.01928025484085083
curv,0.17500000000000002,0.25,3,0,0.26928025,-1.7704058,29,-0.07499999999999998,0.01928025484085083
curv,0.225,0.25,4,0,0.3040822,-1.0971949,29,-0.024999999999999994,0.05408221483230591
curv,0.225,0.25,4,0,0.3040822,-1.0971949,29,-0.024999999999999994,0.05408221483230591
curv,0.275,0.25,5,1,0.3388842,-0.4239841,29,0.025000000000000022,0.08888420462608337
curv,0.325,0.25,6,1,0.37368616,0.24922687,29,0.07500000000000001,0.12368616461753845
curv,0.37500000000000006,0.25,7,1,0.40848818,0.92243785,29,0.12500000000000006,0.1584881842136383
curv,0.425,0.25,8,1,0.44329014,1.595649,29,0.175,0.19329014420509338
curv,0.475,0.25,9,1,0.47809216,2.2688594,29,0.22499999999999998,0.22809216380119324
curv,0.525,0.25,10,1,0.51289415,2.9420705,29,0.275,0.2628941535949707
curv,0.575,0.25,11,1,0.5476961,3.615281,29,0.32499999999999996,0.2976961135864258
curv,0.625,0.25,12,1,0.6073584,4.085132,29,0.375,0.3573583960533142
curv,0.675,0.25,13,1,0.643288,4.296375,29,0.42500000000000004,0.3932880163192749
curv,0.7250000000000001,0.25,14,1,0.67921764,4.5076175,29,0.4750000000000001,0.4292176365852356
flat,0.275,0.7500000000000001,0,0,0.3636692,-5.6835346,29,-0.4750000000000001,-0.3863308131694795
flat,0.325,0.7500000000000001,1,0,0.39847127,-5.010324,29,-0.4250000000000001,-0.35152873396873485
flat,0.37500000000000006,0.7500000000000001,2,0,0.43327317,-4.337113,29,-0.37500000000000006,-0.31672683358192455
flat,0.425,0.7500000000000001,3,0,0.4680752,-3.6639023,29,-0.3250000000000001,-0.2819248139858247
flat,0.475,0.7500000000000001,4,0,0.50287724,-2.990692,29,-0.27500000000000013,-0.24712276458740245
flat,0.525,0.7500000000000001,5,0,0.53767914,-2.3174808,29,-0.2250000000000001,-0.21232086420059215
flat,0.575,0.7500000000000001,6,0,0.57248116,-1.64427,29,-0.17500000000000016,-0.1775188446044923
flat,0.625,0.7500000000000001,7,0,0.60728306,-0.9710588,29,-0.1250000000000001,-0.142716944217682
flat,0.675,0.7500000000000001,8,0,0.6420851,-0.29784757,29,-0.07500000000000007,-0.10791492462158214
flat,0.7250000000000001,0.7500000000000001,9,0,0.67688715,0.3753634,29,-0.025000000000000022,-0.07311284542083751
flat,0.7749999999999999,0.7500000000000001,10,1,0.71168905,1.0485735,29,0.0249999999999998,-0.03831094503402721
flat,0.7749999999999999,0.7500000000000001,10,1,0.71168905,1.0485735,29,0.0249999999999998,-0.03831094503402721
flat,0.825,0.7500000000000001,11,1,0.746491,1.7217846,29,0.07499999999999984,-0.0035089850425721325
flat,0.825,0.7500000000000001,11,1,0.746491,1.7217846,29,0.07499999999999984,-0.0035089850425721325
flat,0.8749999999999999,0.7500000000000001,12,1,0.781293,2.394996,29,0.12499999999999978,0.031292974948882946
flat,0.8749999999999999,0.7500000000000001,12,1,0.781293,2.394996,29,0.12499999999999978,0.031292974948882946
flat,0.9249999999999999,0.7500000000000001,13,1,0.816095,3.0682063,29,0.17499999999999982,0.0660949945449828
flat,0.9249999999999999,0.7500000000000001,13,1,0.816095,3.0682063,29,0.17499999999999982,0.0660949945449828
flat,0.975,0.7500000000000001,14,1,0.85089695,3.741418,29,0.22499999999999987,0.10089695453643788
flat,0.975,0.7500000000000001,14,1,0.85089695,3.741418,29,0.22499999999999987,0.10089695453643788
base,0.025000000000000022,0.5,0,0,0.1772668,-6.4198136,29,-0.475,-0.32273319363594055
base,0.075,0.5,1,0,0.21206883,-5.746603,29,-0.425,-0.2879311740398407
base,0.12500000000000003,0.5,2,0,0.24687073,-5.073392,29,-0.375,-0.2531292736530304
base,0.17500000000000002,0.5,3,0,0.28167275,-4.4001813,29,-0.32499999999999996,-0.21832725405693054
base,0.225,0.5,4,0,0.3164747,-3.7269707,29,-0.275,-0.18352529406547546
base,0.275,0.5,5,0,0.3512767,-3.0537596,29,-0.22499999999999998,-0.148723304271698
base,0.325,0.5,6,0,0.3860787,-2.3805487,29,-0.175,-0.11392131447792053
base,0.37500000000000006,0.5,7,0,0.4208807,-1.7073379,29,-0.12499999999999994,-0.07911929488182068
base,0.425,0.5,8,0,0.45568267,-1.0341263,29,-0.07500000000000001,-0.0443173348903656
base,0.475,0.5,9,0,0.49048465,-0.36091608,29,-0.025000000000000022,-0.009515345096588135
base,0.525,0.5,10,1,0.5252866,0.31229478,29,0.025000000000000022,0.025286614894866943
base,0.575,0.5,11,1,0.56008863,0.9855059,29,0.07499999999999996,0.0600886344909668
base,0.625,0.5,12,1,0.5948906,1.6587167,29,0.125,0.09489059448242188
base,0.675,0.5,13,1,0.6296926,2.331928,29,0.17500000000000004,0.12969261407852173
base,0.7250000000000001,0.5,14,1,0.6644946,3.0051394,29,0.2250000000000001,0.1644945740699768
base,0.7749999999999999,0.5,15,1,0.6992965,3.6783493,29,0.2749999999999999,0.1992964744567871
base,0.825,0.5,16,1,0.726523,4.3089714,29,0.32499999999999996,0.22652298212051392
base,0.8749999999999999,0.5,17,1,0.7215096,4.7562666,29,0.3749999999999999,0.22150957584381104
base,0.9249999999999999,0.5,18,1,0.75743914,4.9675093,29,0.42499999999999993,0.25743913650512695
base,0.975,0.5,19,1,0.79336876,5.178752,29,0.475,0.29336875677108765
curv,0.025000000000000022,0.25,0,0,0.16487429,-3.7900386,29,-0.22499999999999998,-0.08512571454048157
curv,0.025000000000000022,0.25,0,0,0.16487429,-3.7900386,29,-0.22499999999999998,-0.08512571454048157
curv,0.075,0.25,1,0,0.1996763,-3.116828,29,-0.175,-0.050323694944381714
curv,0.075,0.25,1,0,0.1996763,-3.116828,29,-0.175,-0.050323694944381714
curv,0.12500000000000003,0.25,2,0,0.23447825,-2.4436169,29,-0.12499999999999997,-0.01552174985408783
curv,0.12500000000000003,0.25,2,0,0.23447825,-2.4436169,29,-0.12499999999999997,-0.01552174985408783
curv,0.17500000000000002,0.25,3,0,0.26928025,-1.7704058,29,-0.07499999999999998,0.01928025484085083
curv,0.17500000000000002,0.25,3,0,0.26928025,-1.7704058,29,-0.07499999999999998,0.01928025484085083
curv,0.225,0.25,4,0,0.3040822,-1.0971949,29,-0.024999999999999994,0.05408221483230591
curv,0.225,0.25,4,0,0.3040822,-1.0971949,29,-0.024999999999999994,0.05408221483230591
curv,0.275,0.25,5,1,0.3388842,-0.4239841,29,0.025000000000000022,0.08888420462608337
curv,0.325,0.25,6,1,0.37368616,0.24922687,29,0.07500000000000001,0.12368616461753845
curv,0.37500000000000006,0.25,7,1,0.40848818,0.92243785,29,0.12500000000000006,0.1584881842136383
curv,0.425,0.25,8,1,0.44329014,1.595649,29,0.175,0.19329014420509338
curv,0.475,0.25,9,1,0.47809216,2.2688594,29,0.22499999999999998,0.22809216380119324
curv,0.525,0.25,10,1,0.51289415,2.9420705,29,0.275,0.2628941535949707
curv,0.575,0.25,11,1,0.5476961,3.615281,29,0.32499999999999996,0.2976961135864258
curv,0.625,0.25,12,1,0.6073584,4.085132,29,0.375,0.3573583960533142
curv,0.675,0.25,13,1,0.643288,4.296375,29,0.42500000000000004,0.3932880163192749
curv,0.7250000000000001,0.25,14,1,0.67921764,4.5076175,29,0.4750000000000001,0.4292176365852356
flat,0.275,0.7500000000000001,0,0,0.3636692,-5.6835346,29,-0.4750000000000001,-0.3863308131694795
flat,0.325,0.7500000000000001,1,0,0.39847127,-5.010324,29,-0.4250000000000001,-0.35152873396873485
flat,0.37500000000000006,0.7500000000000001,2,0,0.43327317,-4.337113,29,-0.37500000000000006,-0.31672683358192455
flat,0.425,0.7500000000000001,3,0,0.4680752,-3.6639023,29,-0.3250000000000001,-0.2819248139858247
flat,0.475,0.7500000000000001,4,0,0.50287724,-2.990692,29,-0.27500000000000013,-0.24712276458740245
flat,0.525,0.7500000000000001,5,0,0.53767914,-2.3174808,29,-0.2250000000000001,-0.21232086420059215
flat,0.575,0.7500000000000001,6,0,0.57248116,-1.64427,29,-0.17500000000000016,-0.1775188446044923
flat,0.625,0.7500000000000001,7,0,0.60728306,-0.9710588,29,-0.1250000000000001,-0.142716944217682
flat,0.675,0.7500000000000001,8,0,0.6420851,-0.29784757,29,-0.07500000000000007,-0.10791492462158214
flat,0.7250000000000001,0.7500000000000001,9,0,0.67688715,0.3753634,29,-0.025000000000000022,-0.07311284542083751
flat,0.7749999999999999,0.7500000000000001,10,1,0.71168905,1.0485735,29,0.0249999999999998,-0.03831094503402721
flat,0.7749999999999999,0.7500000000000001,10,1,0.71168905,1.0485735,29,0.0249999999999998,-0.03831094503402721
flat,0.825,0.7500000000000001,11,1,0.746491,1.7217846,29,0.07499999999999984,-0.0035089850425721325
flat,0.825,0.7500000000000001,11,1,0.746491,1.7217846,29,0.07499999999999984,-0.0035089850425721325
flat,0.8749999999999999,0.7500000000000001,12,1,0.781293,2.394996,29,0.12499999999999978,0.031292974948882946
flat,0.8749999999999999,0.7500000000000001,12,1,0.781293,2.394996,29,0.12499999999999978,0.031292974948882946
flat,0.9249999999999999,0.7500000000000001,13,1,0.816095,3.0682063,29,0.17499999999999982,0.0660949945449828
flat,0.9249999999999999,0.7500000000000001,13,1,0.816095,3.0682063,29,0.17499999999999982,0.0660949945449828
flat,0.975,0.7500000000000001,14,1,0.85089695,3.741418,29,0.22499999999999987,0.10089695453643788
flat,0.975,0.7500000000000001,14,1,0.85089695,3.741418,29,0.22499999999999987,0.10089695453643788
base,0.025000000000000022,0.5,0,0,0.1772668,-6.4198136,29,-0.475,-0.32273319363594055
base,0.075,0.5,1,0,0.21206883,-5.746603,29,-0.425,-0.2879311740398407
base,0.12500000000000003,0.5,2,0,0.24687073,-5.073392,29,-0.375,-0.2531292736530304
base,0.17500000000000002,0.5,3,0,0.28167275,-4.4001813,29,-0.32499999999999996,-0.21832725405693054
base,0.225,0.5,4,0,0.3164747,-3.7269707,29,-0.275,-0.18352529406547546
base,0.275,0.5,5,0,0.3512767,-3.0537596,29,-0.22499999999999998,-0.148723304271698
base,0.325,0.5,6,0,0.3860787,-2.3805487,29,-0.175,-0.11392131447792053
base,0.37500000000000006,0.5,7,0,0.4208807,-1.7073379,29,-0.12499999999999994,-0.07911929488182068
base,0.425,0.5,8,0,0.45568267,-1.0341263,29,-0.07500000000000001,-0.0443173348903656
base,0.475,0.5,9,0,0.49048465,-0.36091608,29,-0.025000000000000022,-0.009515345096588135
base,0.525,0.5,10,1,0.5252866,0.31229478,29,0.025000000000000022,0.025286614894866943
base,0.575,0.5,11,1,0.56008863,0.9855059,29,0.07499999999999996,0.0600886344909668
base,0.625,0.5,12,1,0.5948906,1.6587167,29,0.125,0.09489059448242188
base,0.675,0.5,13,1,0.6296926,2.331928,29,0.17500000000000004,0.12969261407852173
base,0.7250000000000001,0.5,14,1,0.6644946,3.0051394,29,0.2250000000000001,0.1644945740699768
base,0.7749999999999999,0.5,15,1,0.6992965,3.6783493,29,0.2749999999999999,0.1992964744567871
base,0.825,0.5,16,1,0.726523,4.3089714,29,0.32499999999999996,0.22652298212051392
base,0.8749999999999999,0.5,17,1,0.7215096,4.7562666,29,0.3749999999999999,0.22150957584381104
base,0.9249999999999999,0.5,18,1,0.75743914,4.9675093,29,0.42499999999999993,0.25743913650512695
base,0.975,0.5,19,1,0.79336876,5.178752,29,0.475,0.29336875677108765
curv,0.025000000000000022,0.25,0,0,0.16487429,-3.7900386,29,-0.22499999999999998,-0.08512571454048157
curv,0.025000000000000022,0.25,0,0,0.16487429,-3.7900386,29,-0.22499999999999998,-0.08512571454048157
curv,0.075,0.25,1,0,0.1996763,-3.116828,29,-0.175,-0.050323694944381714
curv,0.075,0.25,1,0,0.1996763,-3.116828,29,-0.175,-0.050323694944381714
curv,0.12500000000000003,0.25,2,0,0.23447825,-2.4436169,29,-0.12499999999999997,-0.01552174985408783
curv,0.12500000000000003,0.25,2,0,0.23447825,-2.4436169,29,-0.12499999999999997,-0.01552174985408783
curv,0.17500000000000002,0.25,3,0,0.26928025,-1.7704058,29,-0.07499999999999998,0.01928025484085083
curv,0.17500000000000002,0.25,3,0,0.26928025,-1.7704058,29,-0.07499999999999998,0.01928025484085083
curv,0.225,0.25,4,0,0.3040822,-1.0971949,29,-0.024999999999999994,0.05408221483230591
curv,0.225,0.25,4,0,0.3040822,-1.0971949,29,-0.024999999999999994,0.05408221483230591
curv,0.275,0.25,5,1,0.3388842,-0.4239841,29,0.025000000000000022,0.08888420462608337
curv,0.325,0.25,6,1,0.37368616,0.24922687,29,0.07500000000000001,0.12368616461753845
curv,0.37500000000000006,0.25,7,1,0.40848818,0.92243785,29,0.12500000000000006,0.1584881842136383
curv,0.425,0.25,8,1,0.44329014,1.595649,29,0.175,0.19329014420509338
curv,0.475,0.25,9,1,0.47809216,2.2688594,29,0.22499999999999998,0.22809216380119324
curv,0.525,0.25,10,1,0.51289415,2.9420705,29,0.275,0.2628941535949707
curv,0.575,0.25,11,1,0.5476961,3.615281,29,0.32499999999999996,0.2976961135864258
curv,0.625,0.25,12,1,0.6073584,4.085132,29,0.375,0.3573583960533142
curv,0.675,0.25,13,1,0.643288,4.296375,29,0.42500000000000004,0.3932880163192749
curv,0.7250000000000001,0.25,14,1,0.67921764,4.5076175,29,0.4750000000000001,0.4292176365852356
flat,0.275,0.7500000000000001,0,0,0.3636692,-5.6835346,29,-0.4750000000000001,-0.3863308131694795
flat,0.325,0.7500000000000001,1,0,0.39847127,-5.010324,29,-0.4250000000000001,-0.35152873396873485
flat,0.37500000000000006,0.7500000000000001,2,0,0.43327317,-4.337113,29,-0.37500000000000006,-0.31672683358192455
flat,0.425,0.7500000000000001,3,0,0.4680752,-3.6639023,29,-0.3250000000000001,-0.2819248139858247
flat,0.475,0.7500000000000001,4,0,0.50287724,-2.990692,29,-0.27500000000000013,-0.24712276458740245
flat,0.525,0.7500000000000001,5,0,0.53767914,-2.3174808,29,-0.2250000000000001,-0.21232086420059215
flat,0.575,0.7500000000000001,6,0,0.57248116,-1.64427,29,-0.17500000000000016,-0.1775188446044923
flat,0.625,0.7500000000000001,7,0,0.60728306,-0.9710588,29,-0.1250000000000001,-0.142716944217682
flat,0.675,0.7500000000000001,8,0,0.6420851,-0.29784757,29,-0.07500000000000007,-0.10791492462158214
flat,0.7250000000000001,0.7500000000000001,9,0,0.67688715,0.3753634,29,-0.025000000000000022,-0.07311284542083751
flat,0.7749999999999999,0.7500000000000001,10,1,0.71168905,1.0485735,29,0.0249999999999998,-0.03831094503402721
flat,0.7749999999999999,0.7500000000000001,10,1,0.71168905,1.0485735,29,0.0249999999999998,-0.03831094503402721
flat,0.825,0.7500000000000001,11,1,0.746491,1.7217846,29,0.07499999999999984,-0.0035089850425721325
flat,0.825,0.7500000000000001,11,1,0.746491,1.7217846,29,0.07499999999999984,-0.0035089850425721325
flat,0.8749999999999999,0.7500000000000001,12,1,0.781293,2.394996,29,0.12499999999999978,0.031292974948882946
flat,0.8749999999999999,0.7500000000000001,12,1,0.781293,2.394996,29,0.12499999999999978,0.031292974948882946
flat,0.9249999999999999,0.7500000000000001,13,1,0.816095,3.0682063,29,0.17499999999999982,0.0660949945449828
flat,0.9249999999999999,0.7500000000000001,13,1,0.816095,3.0682063,29,0.17499999999999982,0.0660949945449828
flat,0.975,0.7500000000000001,14,1,0.85089695,3.741418,29,0.22499999999999987,0.10089695453643788
flat,0.975,0.7500000000000001,14,1,0.85089695,3.741418,29,0.22499999999999987,0.10089695453643788
