condition,stim,boundary,cond_unique_stim_idx,class,y_pred,class_pred,net_idx,stim_aligned,resp_aligned
base,0.025000000000000022,0.5,0,0,0.20785479,-0.69943106,0,-0.475,-0.2921452075242996
base,0.075,0.5,1,0,0.2403309,-0.63481265,0,-0.425,-0.25966909527778625
base,0.12500000000000003,0.5,2,0,0.271536,-0.5533864,0,-0.375,-0.2284640073776245
base,0.17500000000000002,0.5,3,0,0.3026744,-0.4710786,0,-0.32499999999999996,-0.19732558727264404
base,0.225,0.5,4,0,0.3338129,-0.3887709,0,-0.275,-0.1661871075630188
base,0.275,0.5,5,0,0.3649513,-0.3064632,0,-0.22499999999999998,-0.13504868745803833
base,0.325,0.5,6,0,0.39608976,-0.22415543,0,-0.175,-0.10391023755073547
base,0.37500000000000006,0.5,7,0,0.42722818,-0.14184771,0,-0.12499999999999994,-0.072771817445755
base,0.425,0.5,8,0,0.45836663,-0.059539974,0,-0.07500000000000001,-0.04163336753845215
base,0.475,0.5,9,0,0.48950505,0.022767745,0,-0.025000000000000022,-0.01049494743347168
base,0.525,0.5,10,1,0.5206435,0.10507547,0,0.025000000000000022,0.02064347267150879
base,0.575,0.5,11,1,0.5514503,0.18472573,0,0.07499999999999996,0.05145031213760376
base,0.625,0.5,12,1,0.5799997,0.24628478,0,0.125,0.07999968528747559
base,0.675,0.5,13,1,0.608549,0.30784383,0,0.17500000000000004,0.10854899883270264
base,0.7250000000000001,0.5,14,1,0.6370983,0.3694029,0,0.2250000000000001,0.1370983123779297
base,0.7749999999999999,0.5,15,1,0.66564775,0.43096194,0,0.2749999999999999,0.1656477451324463
base,0.825,0.5,16,1,0.69419694,0.4925209,0,0.32499999999999996,0.1941969394683838
base,0.8749999999999999,0.5,17,1,0.7227463,0.55407995,0,0.3749999999999999,0.22274631261825562
base,0.9249999999999999,0.5,18,1,0.7512957,0.61563903,0,0.42499999999999993,0.25129568576812744
base,0.975,0.5,19,1,0.7716208,0.66469365,0,0.475,0.27162081003189087
curv,0.025000000000000022,0.25,0,0,0.040042028,-0.8298351,0,-0.22499999999999998,-0.20995797216892242
curv,0.025000000000000022,0.25,0,0,0.040042028,-0.8298351,0,-0.22499999999999998,-0.20995797216892242
curv,0.075,0.25,1,0,0.07118042,-0.74752736,0,-0.175,-0.17881958186626434
curv,0.075,0.25,1,0,0.07118042,-0.74752736,0,-0.175,-0.17881958186626434
curv,0.12500000000000003,0.25,2,0,0.10231882,-0.6652196,0,-0.12499999999999997,-0.14768117666244507
curv,0.12500000000000003,0.25,2,0,0.10231882,-0.6652196,0,-0.12499999999999997,-0.14768117666244507
curv,0.17500000000000002,0.25,3,0,0.13345733,-0.58291185,0,-0.07499999999999998,-0.11654266715049744
curv,0.17500000000000002,0.25,3,0,0.13345733,-0.58291185,0,-0.07499999999999998,-0.11654266715049744
curv,0.225,0.25,4,0,0.16459574,-0.5006042,0,-0.024999999999999994,-0.08540426194667816
curv,0.225,0.25,4,0,0.16459574,-0.5006042,0,-0.024999999999999994,-0.08540426194667816
curv,0.275,0.25,5,1,0.19573416,-0.41829643,0,0.025000000000000022,-0.05426584184169769
curv,0.325,0.25,6,1,0.2268726,-0.33598876,0,0.07500000000000001,-0.02312740683555603
curv,0.37500000000000006,0.25,7,1,0.25801107,-0.25368094,0,0.12500000000000006,0.008011072874069214
curv,0.425,0.25,8,1,0.28914952,-0.17137319,0,0.175,0.03914952278137207
curv,0.475,0.25,9,1,0.32028794,-0.089065485,0,0.22499999999999998,0.07028794288635254
curv,0.525,0.25,10,1,0.3514264,-0.006757796,0,0.275,0.1014263927936554
curv,0.575,0.25,11,1,0.3825648,0.07554994,0,0.32499999999999996,0.13256481289863586
curv,0.625,0.25,12,1,0.41370326,0.15785772,0,0.375,0.16370326280593872
curv,0.675,0.25,13,1,0.4448417,0.24016544,0,0.42500000000000004,0.19484171271324158
curv,0.7250000000000001,0.25,14,1,0.47594306,0.32217595,0,0.4750000000000001,0.22594305872917175
flat,0.275,0.7500000000000001,0,0,0.5341684,-0.19462994,0,-0.4750000000000001,-0.21583157777786266
flat,0.325,0.7500000000000001,1,0,0.5653069,-0.11232218,0,-0.4250000000000001,-0.18469309806823742
flat,0.37500000000000006,0.7500000000000001,2,0,0.5964453,-0.030014478,0,-0.37500000000000006,-0.15355467796325695
flat,0.425,0.7500000000000001,3,0,0.6269576,0.047275595,0,-0.3250000000000001,-0.12304240465164196
flat,0.475,0.7500000000000001,4,0,0.6555069,0.10883459,0,-0.27500000000000013,-0.0944930911064149
flat,0.525,0.7500000000000001,5,0,0.6840563,0.17039368,0,-0.2250000000000001,-0.06594371795654308
flat,0.575,0.7500000000000001,6,0,0.71260566,0.2319527,0,-0.17500000000000016,-0.037394344806671254
flat,0.625,0.7500000000000001,7,0,0.7411549,0.29351175,0,-0.1250000000000001,-0.008845090866088978
flat,0.675,0.7500000000000001,8,0,0.7697043,0.35507083,0,-0.07500000000000007,0.019704282283782848
flat,0.7250000000000001,0.7500000000000001,9,0,0.79825366,0.41662988,0,-0.025000000000000022,0.048253655433654674
flat,0.7749999999999999,0.7500000000000001,10,1,0.8268029,0.47818884,0,0.0249999999999998,0.07680290937423695
flat,0.7749999999999999,0.7500000000000001,10,1,0.8268029,0.47818884,0,0.0249999999999998,0.07680290937423695
flat,0.825,0.7500000000000001,11,1,0.852136,0.5363603,0,0.07499999999999984,0.1021360158920287
flat,0.825,0.7500000000000001,11,1,0.852136,0.5363603,0,0.07499999999999984,0.1021360158920287
flat,0.8749999999999999,0.7500000000000001,12,1,0.855549,0.5659472,0,0.12499999999999978,0.10554897785186756
flat,0.8749999999999999,0.7500000000000001,12,1,0.855549,0.5659472,0,0.12499999999999978,0.10554897785186756
flat,0.9249999999999999,0.7500000000000001,13,1,0.8586638,0.5950805,0,0.17499999999999982,0.10866379737853993
flat,0.9249999999999999,0.7500000000000001,13,1,0.8586638,0.5950805,0,0.17499999999999982,0.10866379737853993
flat,0.975,0.7500000000000001,14,1,0.8617786,0.6242139,0,0.22499999999999987,0.11177861690521229
flat,0.975,0.7500000000000001,14,1,0.8617786,0.6242139,0,0.22499999999999987,0.11177861690521229
base,0.025000000000000022,0.5,0,0,0.20785479,-0.69943106,0,-0.475,-0.2921452075242996
base,0.075,0.5,1,0,0.2403309,-0.63481265,0,-0.425,-0.25966909527778625
base,0.12500000000000003,0.5,2,0,0.271536,-0.5533864,0,-0.375,-0.2284640073776245
base,0.17500000000000002,0.5,3,0,0.3026744,-0.4710786,0,-0.32499999999999996,-0.19732558727264404
base,0.225,0.5,4,0,0.3338129,-0.3887709,0,-0.275,-0.1661871075630188
base,0.275,0.5,5,0,0.3649513,-0.3064632,0,-0.22499999999999998,-0.13504868745803833
base,0.325,0.5,6,0,0.39608976,-0.22415543,0,-0.175,-0.10391023755073547
base,0.37500000000000006,0.5,7,0,0.42722818,-0.14184771,0,-0.12499999999999994,-0.072771817445755
base,0.425,0.5,8,0,0.45836663,-0.059539974,0,-0.07500000000000001,-0.04163336753845215
base,0.475,0.5,9,0,0.48950505,0.022767745,0,-0.025000000000000022,-0.01049494743347168
base,0.525,0.5,10,1,0.5206435,0.10507547,0,0.025000000000000022,0.02064347267150879
base,0.575,0.5,11,1,0.5514503,0.18472573,0,0.07499999999999996,0.05145031213760376
base,0.625,0.5,12,1,0.5799997,0.24628478,0,0.125,0.07999968528747559
base,0.675,0.5,13,1,0.608549,0.30784383,0,0.17500000000000004,0.10854899883270264
base,0.7250000000000001,0.5,14,1,0.6370983,0.3694029,0,0.2250000000000001,0.1370983123779297
base,0.7749999999999999,0.5,15,1,0.66564775,0.43096194,0,0.2749999999999999,0.1656477451324463
base,0.825,0.5,16,1,0.69419694,0.4925209,0,0.32499999999999996,0.1941969394683838
base,0.8749999999999999,0.5,17,1,0.7227463,0.55407995,0,0.3749999999999999,0.22274631261825562
base,0.9249999999999999,0.5,18,1,0.7512957,0.61563903,0,0.42499999999999993,0.25129568576812744
base,0.975,0.5,19,1,0.7716208,0.66469365,0,0.475,0.27162081003189087
curv,0.025000000000000022,0.25,0,0,0.040042028,-0.8298351,0,-0.22499999999999998,-0.20995797216892242
curv,0.025000000000000022,0.25,0,0,0.040042028,-0.8298351,0,-0.22499999999999998,-0.20995797216892242
curv,0.075,0.25,1,0,0.07118042,-0.74752736,0,-0.175,-0.17881958186626434
curv,0.075,0.25,1,0,0.07118042,-0.74752736,0,-0.175,-0.17881958186626434
curv,0.12500000000000003,0.25,2,0,0.10231882,-0.6652196,0,-0.12499999999999997,-0.14768117666244507
curv,0.12500000000000003,0.25,2,0,0.10231882,-0.6652196,0,-0.12499999999999997,-0.14768117666244507
curv,0.17500000000000002,0.25,3,0,0.13345733,-0.58291185,0,-0.07499999999999998,-0.11654266715049744
curv,0.17500000000000002,0.25,3,0,0.13345733,-0.58291185,0,-0.07499999999999998,-0.11654266715049744
curv,0.225,0.25,4,0,0.16459574,-0.5006042,0,-0.024999999999999994,-0.08540426194667816
curv,0.225,0.25,4,0,0.16459574,-0.5006042,0,-0.024999999999999994,-0.08540426194667816
curv,0.275,0.25,5,1,0.19573416,-0.41829643,0,0.025000000000000022,-0.05426584184169769
curv,0.325,0.25,6,1,0.2268726,-0.33598876,0,0.07500000000000001,-0.02312740683555603
curv,0.37500000000000006,0.25,7,1,0.25801107,-0.25368094,0,0.12500000000000006,0.008011072874069214
curv,0.425,0.25,8,1,0.28914952,-0.17137319,0,0.175,0.03914952278137207
curv,0.475,0.25,9,1,0.32028794,-0.089065485,0,0.22499999999999998,0.07028794288635254
curv,0.525,0.25,10,1,0.3514264,-0.006757796,0,0.275,0.1014263927936554
curv,0.575,0.25,11,1,0.3825648,0.07554994,0,0.32499999999999996,0.13256481289863586
curv,0.625,0.25,12,1,0.41370326,0.15785772,0,0.375,0.16370326280593872
curv,0.675,0.25,13,1,0.4448417,0.24016544,0,0.42500000000000004,0.19484171271324158
curv,0.7250000000000001,0.25,14,1,0.47594306,0.32217595,0,0.4750000000000001,0.22594305872917175
flat,0.275,0.7500000000000001,0,0,0.5341684,-0.19462994,0,-0.4750000000000001,-0.21583157777786266
flat,0.325,0.7500000000000001,1,0,0.5653069,-0.11232218,0,-0.4250000000000001,-0.18469309806823742
flat,0.37500000000000006,0.7500000000000001,2,0,0.5964453,-0.030014478,0,-0.37500000000000006,-0.15355467796325695
flat,0.425,0.7500000000000001,3,0,0.6269576,0.047275595,0,-0.3250000000000001,-0.12304240465164196
flat,0.475,0.7500000000000001,4,0,0.6555069,0.10883459,0,-0.27500000000000013,-0.0944930911064149
flat,0.525,0.7500000000000001,5,0,0.6840563,0.17039368,0,-0.2250000000000001,-0.06594371795654308
flat,0.575,0.7500000000000001,6,0,0.71260566,0.2319527,0,-0.17500000000000016,-0.037394344806671254
flat,0.625,0.7500000000000001,7,0,0.7411549,0.29351175,0,-0.1250000000000001,-0.008845090866088978
flat,0.675,0.7500000000000001,8,0,0.7697043,0.35507083,0,-0.07500000000000007,0.019704282283782848
flat,0.7250000000000001,0.7500000000000001,9,0,0.79825366,0.41662988,0,-0.025000000000000022,0.048253655433654674
flat,0.7749999999999999,0.7500000000000001,10,1,0.8268029,0.47818884,0,0.0249999999999998,0.07680290937423695
flat,0.7749999999999999,0.7500000000000001,10,1,0.8268029,0.47818884,0,0.0249999999999998,0.07680290937423695
flat,0.825,0.7500000000000001,11,1,0.852136,0.5363603,0,0.07499999999999984,0.1021360158920287
flat,0.825,0.7500000000000001,11,1,0.852136,0.5363603,0,0.07499999999999984,0.1021360158920287
flat,0.8749999999999999,0.7500000000000001,12,1,0.855549,0.5659472,0,0.12499999999999978,0.10554897785186756
flat,0.8749999999999999,0.7500000000000001,12,1,0.855549,0.5659472,0,0.12499999999999978,0.10554897785186756
flat,0.9249999999999999,0.7500000000000001,13,1,0.8586638,0.5950805,0,0.17499999999999982,0.10866379737853993
flat,0.9249999999999999,0.7500000000000001,13,1,0.8586638,0.5950805,0,0.17499999999999982,0.10866379737853993
flat,0.975,0.7500000000000001,14,1,0.8617786,0.6242139,0,0.22499999999999987,0.11177861690521229
flat,0.975,0.7500000000000001,14,1,0.8617786,0.6242139,0,0.22499999999999987,0.11177861690521229
base,0.025000000000000022,0.5,0,0,0.20785479,-0.69943106,0,-0.475,-0.2921452075242996
base,0.075,0.5,1,0,0.2403309,-0.63481265,0,-0.425,-0.25966909527778625
base,0.12500000000000003,0.5,2,0,0.271536,-0.5533864,0,-0.375,-0.2284640073776245
base,0.17500000000000002,0.5,3,0,0.3026744,-0.4710786,0,-0.32499999999999996,-0.19732558727264404
base,0.225,0.5,4,0,0.3338129,-0.3887709,0,-0.275,-0.1661871075630188
base,0.275,0.5,5,0,0.3649513,-0.3064632,0,-0.22499999999999998,-0.13504868745803833
base,0.325,0.5,6,0,0.39608976,-0.22415543,0,-0.175,-0.10391023755073547
base,0.37500000000000006,0.5,7,0,0.42722818,-0.14184771,0,-0.12499999999999994,-0.072771817445755
base,0.425,0.5,8,0,0.45836663,-0.059539974,0,-0.07500000000000001,-0.04163336753845215
base,0.475,0.5,9,0,0.48950505,0.022767745,0,-0.025000000000000022,-0.01049494743347168
base,0.525,0.5,10,1,0.5206435,0.10507547,0,0.025000000000000022,0.02064347267150879
base,0.575,0.5,11,1,0.5514503,0.18472573,0,0.07499999999999996,0.05145031213760376
base,0.625,0.5,12,1,0.5799997,0.24628478,0,0.125,0.07999968528747559
base,0.675,0.5,13,1,0.608549,0.30784383,0,0.17500000000000004,0.10854899883270264
base,0.7250000000000001,0.5,14,1,0.6370983,0.3694029,0,0.2250000000000001,0.1370983123779297
base,0.7749999999999999,0.5,15,1,0.66564775,0.43096194,0,0.2749999999999999,0.1656477451324463
base,0.825,0.5,16,1,0.69419694,0.4925209,0,0.32499999999999996,0.1941969394683838
base,0.8749999999999999,0.5,17,1,0.7227463,0.55407995,0,0.3749999999999999,0.22274631261825562
base,0.9249999999999999,0.5,18,1,0.7512957,0.61563903,0,0.42499999999999993,0.25129568576812744
base,0.975,0.5,19,1,0.7716208,0.66469365,0,0.475,0.27162081003189087
curv,0.025000000000000022,0.25,0,0,0.040042028,-0.8298351,0,-0.22499999999999998,-0.20995797216892242
curv,0.025000000000000022,0.25,0,0,0.040042028,-0.8298351,0,-0.22499999999999998,-0.20995797216892242
curv,0.075,0.25,1,0,0.07118042,-0.74752736,0,-0.175,-0.17881958186626434
curv,0.075,0.25,1,0,0.07118042,-0.74752736,0,-0.175,-0.17881958186626434
curv,0.12500000000000003,0.25,2,0,0.10231882,-0.6652196,0,-0.12499999999999997,-0.14768117666244507
curv,0.12500000000000003,0.25,2,0,0.10231882,-0.6652196,0,-0.12499999999999997,-0.14768117666244507
curv,0.17500000000000002,0.25,3,0,0.13345733,-0.58291185,0,-0.07499999999999998,-0.11654266715049744
curv,0.17500000000000002,0.25,3,0,0.13345733,-0.58291185,0,-0.07499999999999998,-0.11654266715049744
curv,0.225,0.25,4,0,0.16459574,-0.5006042,0,-0.024999999999999994,-0.08540426194667816
curv,0.225,0.25,4,0,0.16459574,-0.5006042,0,-0.024999999999999994,-0.08540426194667816
curv,0.275,0.25,5,1,0.19573416,-0.41829643,0,0.025000000000000022,-0.05426584184169769
curv,0.325,0.25,6,1,0.2268726,-0.33598876,0,0.07500000000000001,-0.02312740683555603
curv,0.37500000000000006,0.25,7,1,0.25801107,-0.25368094,0,0.12500000000000006,0.008011072874069214
curv,0.425,0.25,8,1,0.28914952,-0.17137319,0,0.175,0.03914952278137207
curv,0.475,0.25,9,1,0.32028794,-0.089065485,0,0.22499999999999998,0.07028794288635254
curv,0.525,0.25,10,1,0.3514264,-0.006757796,0,0.275,0.1014263927936554
curv,0.575,0.25,11,1,0.3825648,0.07554994,0,0.32499999999999996,0.13256481289863586
curv,0.625,0.25,12,1,0.41370326,0.15785772,0,0.375,0.16370326280593872
curv,0.675,0.25,13,1,0.4448417,0.24016544,0,0.42500000000000004,0.19484171271324158
curv,0.7250000000000001,0.25,14,1,0.47594306,0.32217595,0,0.4750000000000001,0.22594305872917175
flat,0.275,0.7500000000000001,0,0,0.5341684,-0.19462994,0,-0.4750000000000001,-0.21583157777786266
flat,0.325,0.7500000000000001,1,0,0.5653069,-0.11232218,0,-0.4250000000000001,-0.18469309806823742
flat,0.37500000000000006,0.7500000000000001,2,0,0.5964453,-0.030014478,0,-0.37500000000000006,-0.15355467796325695
flat,0.425,0.7500000000000001,3,0,0.6269576,0.047275595,0,-0.3250000000000001,-0.12304240465164196
flat,0.475,0.7500000000000001,4,0,0.6555069,0.10883459,0,-0.27500000000000013,-0.0944930911064149
flat,0.525,0.7500000000000001,5,0,0.6840563,0.17039368,0,-0.2250000000000001,-0.06594371795654308
flat,0.575,0.7500000000000001,6,0,0.71260566,0.2319527,0,-0.17500000000000016,-0.037394344806671254
flat,0.625,0.7500000000000001,7,0,0.7411549,0.29351175,0,-0.1250000000000001,-0.008845090866088978
flat,0.675,0.7500000000000001,8,0,0.7697043,0.35507083,0,-0.07500000000000007,0.019704282283782848
flat,0.7250000000000001,0.7500000000000001,9,0,0.79825366,0.41662988,0,-0.025000000000000022,0.048253655433654674
flat,0.7749999999999999,0.7500000000000001,10,1,0.8268029,0.47818884,0,0.0249999999999998,0.07680290937423695
flat,0.7749999999999999,0.7500000000000001,10,1,0.8268029,0.47818884,0,0.0249999999999998,0.07680290937423695
flat,0.825,0.7500000000000001,11,1,0.852136,0.5363603,0,0.07499999999999984,0.1021360158920287
flat,0.825,0.7500000000000001,11,1,0.852136,0.5363603,0,0.07499999999999984,0.1021360158920287
flat,0.8749999999999999,0.7500000000000001,12,1,0.855549,0.5659472,0,0.12499999999999978,0.10554897785186756
flat,0.8749999999999999,0.7500000000000001,12,1,0.855549,0.5659472,0,0.12499999999999978,0.10554897785186756
flat,0.9249999999999999,0.7500000000000001,13,1,0.8586638,0.5950805,0,0.17499999999999982,0.10866379737853993
flat,0.9249999999999999,0.7500000000000001,13,1,0.8586638,0.5950805,0,0.17499999999999982,0.10866379737853993
flat,0.975,0.7500000000000001,14,1,0.8617786,0.6242139,0,0.22499999999999987,0.11177861690521229
flat,0.975,0.7500000000000001,14,1,0.8617786,0.6242139,0,0.22499999999999987,0.11177861690521229
base,0.025000000000000022,0.5,0,0,0.20785479,-0.69943106,0,-0.475,-0.2921452075242996
base,0.075,0.5,1,0,0.2403309,-0.63481265,0,-0.425,-0.25966909527778625
base,0.12500000000000003,0.5,2,0,0.271536,-0.5533864,0,-0.375,-0.2284640073776245
base,0.17500000000000002,0.5,3,0,0.3026744,-0.4710786,0,-0.32499999999999996,-0.19732558727264404
base,0.225,0.5,4,0,0.3338129,-0.3887709,0,-0.275,-0.1661871075630188
base,0.275,0.5,5,0,0.3649513,-0.3064632,0,-0.22499999999999998,-0.13504868745803833
base,0.325,0.5,6,0,0.39608976,-0.22415543,0,-0.175,-0.10391023755073547
base,0.37500000000000006,0.5,7,0,0.42722818,-0.14184771,0,-0.12499999999999994,-0.072771817445755
base,0.425,0.5,8,0,0.45836663,-0.059539974,0,-0.07500000000000001,-0.04163336753845215
base,0.475,0.5,9,0,0.48950505,0.022767745,0,-0.025000000000000022,-0.01049494743347168
base,0.525,0.5,10,1,0.5206435,0.10507547,0,0.025000000000000022,0.02064347267150879
base,0.575,0.5,11,1,0.5514503,0.18472573,0,0.07499999999999996,0.05145031213760376
base,0.625,0.5,12,1,0.5799997,0.24628478,0,0.125,0.07999968528747559
base,0.675,0.5,13,1,0.608549,0.30784383,0,0.17500000000000004,0.10854899883270264
base,0.7250000000000001,0.5,14,1,0.6370983,0.3694029,0,0.2250000000000001,0.1370983123779297
base,0.7749999999999999,0.5,15,1,0.66564775,0.43096194,0,0.2749999999999999,0.1656477451324463
base,0.825,0.5,16,1,0.69419694,0.4925209,0,0.32499999999999996,0.1941969394683838
base,0.8749999999999999,0.5,17,1,0.7227463,0.55407995,0,0.3749999999999999,0.22274631261825562
base,0.9249999999999999,0.5,18,1,0.7512957,0.61563903,0,0.42499999999999993,0.25129568576812744
base,0.975,0.5,19,1,0.7716208,0.66469365,0,0.475,0.27162081003189087
curv,0.025000000000000022,0.25,0,0,0.040042028,-0.8298351,0,-0.22499999999999998,-0.20995797216892242
curv,0.025000000000000022,0.25,0,0,0.040042028,-0.8298351,0,-0.22499999999999998,-0.20995797216892242
curv,0.075,0.25,1,0,0.07118042,-0.74752736,0,-0.175,-0.17881958186626434
curv,0.075,0.25,1,0,0.07118042,-0.74752736,0,-0.175,-0.17881958186626434
curv,0.12500000000000003,0.25,2,0,0.10231882,-0.6652196,0,-0.12499999999999997,-0.14768117666244507
curv,0.12500000000000003,0.25,2,0,0.10231882,-0.6652196,0,-0.12499999999999997,-0.14768117666244507
curv,0.17500000000000002,0.25,3,0,0.13345733,-0.58291185,0,-0.07499999999999998,-0.11654266715049744
curv,0.17500000000000002,0.25,3,0,0.13345733,-0.58291185,0,-0.07499999999999998,-0.11654266715049744
curv,0.225,0.25,4,0,0.16459574,-0.5006042,0,-0.024999999999999994,-0.08540426194667816
curv,0.225,0.25,4,0,0.16459574,-0.5006042,0,-0.024999999999999994,-0.08540426194667816
curv,0.275,0.25,5,1,0.19573416,-0.41829643,0,0.025000000000000022,-0.05426584184169769
curv,0.325,0.25,6,1,0.2268726,-0.33598876,0,0.07500000000000001,-0.02312740683555603
curv,0.37500000000000006,0.25,7,1,0.25801107,-0.25368094,0,0.12500000000000006,0.008011072874069214
curv,0.425,0.25,8,1,0.28914952,-0.17137319,0,0.175,0.03914952278137207
curv,0.475,0.25,9,1,0.32028794,-0.089065485,0,0.22499999999999998,0.07028794288635254
curv,0.525,0.25,10,1,0.3514264,-0.006757796,0,0.275,0.1014263927936554
curv,0.575,0.25,11,1,0.3825648,0.07554994,0,0.32499999999999996,0.13256481289863586
curv,0.625,0.25,12,1,0.41370326,0.15785772,0,0.375,0.16370326280593872
curv,0.675,0.25,13,1,0.4448417,0.24016544,0,0.42500000000000004,0.19484171271324158
curv,0.7250000000000001,0.25,14,1,0.47594306,0.32217595,0,0.4750000000000001,0.22594305872917175
flat,0.275,0.7500000000000001,0,0,0.5341684,-0.19462994,0,-0.4750000000000001,-0.21583157777786266
flat,0.325,0.7500000000000001,1,0,0.5653069,-0.11232218,0,-0.4250000000000001,-0.18469309806823742
flat,0.37500000000000006,0.7500000000000001,2,0,0.5964453,-0.030014478,0,-0.37500000000000006,-0.15355467796325695
flat,0.425,0.7500000000000001,3,0,0.6269576,0.047275595,0,-0.3250000000000001,-0.12304240465164196
flat,0.475,0.7500000000000001,4,0,0.6555069,0.10883459,0,-0.27500000000000013,-0.0944930911064149
flat,0.525,0.7500000000000001,5,0,0.6840563,0.17039368,0,-0.2250000000000001,-0.06594371795654308
flat,0.575,0.7500000000000001,6,0,0.71260566,0.2319527,0,-0.17500000000000016,-0.037394344806671254
flat,0.625,0.7500000000000001,7,0,0.7411549,0.29351175,0,-0.1250000000000001,-0.008845090866088978
flat,0.675,0.7500000000000001,8,0,0.7697043,0.35507083,0,-0.07500000000000007,0.019704282283782848
flat,0.7250000000000001,0.7500000000000001,9,0,0.79825366,0.41662988,0,-0.025000000000000022,0.048253655433654674
flat,0.7749999999999999,0.7500000000000001,10,1,0.8268029,0.47818884,0,0.0249999999999998,0.07680290937423695
flat,0.7749999999999999,0.7500000000000001,10,1,0.8268029,0.47818884,0,0.0249999999999998,0.07680290937423695
flat,0.825,0.7500000000000001,11,1,0.852136,0.5363603,0,0.07499999999999984,0.1021360158920287
flat,0.825,0.7500000000000001,11,1,0.852136,0.5363603,0,0.07499999999999984,0.1021360158920287
flat,0.8749999999999999,0.7500000000000001,12,1,0.855549,0.5659472,0,0.12499999999999978,0.10554897785186756
flat,0.8749999999999999,0.7500000000000001,12,1,0.855549,0.5659472,0,0.12499999999999978,0.10554897785186756
flat,0.9249999999999999,0.7500000000000001,13,1,0.8586638,0.5950805,0,0.17499999999999982,0.10866379737853993
flat,0.9249999999999999,0.7500000000000001,13,1,0.8586638,0.5950805,0,0.17499999999999982,0.10866379737853993
flat,0.975,0.7500000000000001,14,1,0.8617786,0.6242139,0,0.22499999999999987,0.11177861690521229
flat,0.975,0.7500000000000001,14,1,0.8617786,0.6242139,0,0.22499999999999987,0.11177861690521229
base,0.025000000000000022,0.5,0,0,0.2645154,-0.41442627,1,-0.475,-0.23548460006713867
base,0.075,0.5,1,0,0.2803747,-0.37609234,1,-0.425,-0.2196252942085266
base,0.12500000000000003,0.5,2,0,0.29623398,-0.33775848,1,-0.375,-0.20376601815223694
base,0.17500000000000002,0.5,3,0,0.31209326,-0.29942462,1,-0.32499999999999996,-0.18790674209594727
base,0.225,0.5,4,0,0.3345662,-0.23577768,1,-0.275,-0.16543379426002502
base,0.275,0.5,5,0,0.3581123,-0.16802281,1,-0.22499999999999998,-0.14188769459724426
base,0.325,0.5,6,0,0.38165846,-0.100268036,1,-0.175,-0.11834153532981873
base,0.37500000000000006,0.5,7,0,0.40520468,-0.032513186,1,-0.12499999999999994,-0.09479531645774841
base,0.425,0.5,8,0,0.42875075,0.035241663,1,-0.07500000000000001,-0.07124924659729004
base,0.475,0.5,9,0,0.45229703,0.10299641,1,-0.025000000000000022,-0.04770296812057495
base,0.525,0.5,10,1,0.47584307,0.17075127,1,0.025000000000000022,-0.024156928062438965
base,0.575,0.5,11,1,0.49938923,0.23850614,1,0.07499999999999996,-0.0006107687950134277
base,0.625,0.5,12,1,0.52293545,0.3062609,1,0.125,0.022935450077056885
base,0.675,0.5,13,1,0.54648155,0.37401575,1,0.17500000000000004,0.046481549739837646
base,0.7250000000000001,0.5,14,1,0.5700278,0.44177067,1,0.2250000000000001,0.07002782821655273
base,0.7749999999999999,0.5,15,1,0.5935739,0.50952536,1,0.2749999999999999,0.0935739278793335
base,0.825,0.5,16,1,0.61712015,0.5772802,1,0.32499999999999996,0.11712014675140381
base,0.8749999999999999,0.5,17,1,0.6406663,0.64503515,1,0.3749999999999999,0.14066630601882935
base,0.9249999999999999,0.5,18,1,0.6642124,0.71278995,1,0.42499999999999993,0.1642124056816101
base,0.975,0.5,19,1,0.6877586,0.7805448,1,0.475,0.18775862455368042
curv,0.025000000000000022,0.25,0,0,0.13297209,-0.32691145,1,-0.22499999999999998,-0.11702790856361389
curv,0.025000000000000022,0.25,0,0,0.13297209,-0.32691145,1,-0.22499999999999998,-0.11702790856361389
curv,0.075,0.25,1,0,0.14136562,-0.29338276,1,-0.175,-0.10863438248634338
curv,0.075,0.25,1,0,0.14136562,-0.29338276,1,-0.175,-0.10863438248634338
curv,0.12500000000000003,0.25,2,0,0.15286046,-0.24798375,1,-0.12499999999999997,-0.09713953733444214
curv,0.12500000000000003,0.25,2,0,0.15286046,-0.24798375,1,-0.12499999999999997,-0.09713953733444214
curv,0.17500000000000002,0.25,3,0,0.16894081,-0.1850341,1,-0.07499999999999998,-0.08105918765068054
curv,0.17500000000000002,0.25,3,0,0.16894081,-0.1850341,1,-0.07499999999999998,-0.08105918765068054
curv,0.225,0.25,4,0,0.18594417,-0.12149039,1,-0.024999999999999994,-0.06405583024024963
curv,0.225,0.25,4,0,0.18594417,-0.12149039,1,-0.024999999999999994,-0.06405583024024963
curv,0.275,0.25,5,1,0.20949033,-0.053735554,1,0.025000000000000022,-0.0405096709728241
curv,0.325,0.25,6,1,0.23303652,0.0140193105,1,0.07500000000000001,-0.016963481903076172
curv,0.37500000000000006,0.25,7,1,0.25658265,0.081774175,1,0.12500000000000006,0.0065826475620269775
curv,0.425,0.25,8,1,0.28012884,0.14952901,1,0.175,0.030128836631774902
curv,0.475,0.25,9,1,0.303675,0.21728379,1,0.22499999999999998,0.05367499589920044
curv,0.525,0.25,10,1,0.32722113,0.28503856,1,0.275,0.07722112536430359
curv,0.575,0.25,11,1,0.3507673,0.3527934,1,0.32499999999999996,0.10076731443405151
curv,0.625,0.25,12,1,0.37431347,0.42054826,1,0.375,0.12431347370147705
curv,0.675,0.25,13,1,0.3978596,0.48830312,1,0.42500000000000004,0.1478596031665802
curv,0.7250000000000001,0.25,14,1,0.4214058,0.55605793,1,0.4750000000000001,0.17140579223632812
flat,0.275,0.7500000000000001,0,0,0.5067343,-0.28231007,1,-0.4750000000000001,-0.24326568841934215
flat,0.325,0.7500000000000001,1,0,0.5302804,-0.2145553,1,-0.4250000000000001,-0.2197195887565614
flat,0.37500000000000006,0.7500000000000001,2,0,0.5538267,-0.14680044,1,-0.37500000000000006,-0.1961733102798463
flat,0.425,0.7500000000000001,3,0,0.5773728,-0.079045594,1,-0.3250000000000001,-0.17262721061706554
flat,0.475,0.7500000000000001,4,0,0.600919,-0.011290818,1,-0.27500000000000013,-0.14908099174499523
flat,0.525,0.7500000000000001,5,0,0.6244651,0.056464016,1,-0.2250000000000001,-0.12553489208221447
flat,0.575,0.7500000000000001,6,0,0.64801127,0.12421888,1,-0.17500000000000016,-0.10198873281478893
flat,0.625,0.7500000000000001,7,0,0.6715575,0.19197363,1,-0.1250000000000001,-0.07844251394271862
flat,0.675,0.7500000000000001,8,0,0.6951035,0.2597285,1,-0.07500000000000007,-0.05489647388458263
flat,0.7250000000000001,0.7500000000000001,9,0,0.7186498,0.32748342,1,-0.025000000000000022,-0.03135019540786754
flat,0.7749999999999999,0.7500000000000001,10,1,0.74219596,0.3952381,1,0.0249999999999998,-0.0078040361404420056
flat,0.7749999999999999,0.7500000000000001,10,1,0.74219596,0.3952381,1,0.0249999999999998,-0.0078040361404420056
flat,0.825,0.7500000000000001,11,1,0.76574206,0.4629929,1,0.07499999999999984,0.015742063522338756
flat,0.825,0.7500000000000001,11,1,0.76574206,0.4629929,1,0.07499999999999984,0.015742063522338756
flat,0.8749999999999999,0.7500000000000001,12,1,0.7892883,0.5307478,1,0.12499999999999978,0.03928828239440907
flat,0.8749999999999999,0.7500000000000001,12,1,0.7892883,0.5307478,1,0.12499999999999978,0.03928828239440907
flat,0.9249999999999999,0.7500000000000001,13,1,0.8128344,0.5985027,1,0.17499999999999982,0.06283438205718983
flat,0.9249999999999999,0.7500000000000001,13,1,0.8128344,0.5985027,1,0.17499999999999982,0.06283438205718983
flat,0.975,0.7500000000000001,14,1,0.8363806,0.66625756,1,0.22499999999999987,0.08638060092926014
flat,0.975,0.7500000000000001,14,1,0.8363806,0.66625756,1,0.22499999999999987,0.08638060092926014
base,0.025000000000000022,0.5,0,0,0.2645154,-0.41442627,1,-0.475,-0.23548460006713867
base,0.075,0.5,1,0,0.2803747,-0.37609234,1,-0.425,-0.2196252942085266
base,0.12500000000000003,0.5,2,0,0.29623398,-0.33775848,1,-0.375,-0.20376601815223694
base,0.17500000000000002,0.5,3,0,0.31209326,-0.29942462,1,-0.32499999999999996,-0.18790674209594727
base,0.225,0.5,4,0,0.3345662,-0.23577768,1,-0.275,-0.16543379426002502
base,0.275,0.5,5,0,0.3581123,-0.16802281,1,-0.22499999999999998,-0.14188769459724426
base,0.325,0.5,6,0,0.38165846,-0.100268036,1,-0.175,-0.11834153532981873
base,0.37500000000000006,0.5,7,0,0.40520468,-0.032513186,1,-0.12499999999999994,-0.09479531645774841
base,0.425,0.5,8,0,0.42875075,0.035241663,1,-0.07500000000000001,-0.07124924659729004
base,0.475,0.5,9,0,0.45229703,0.10299641,1,-0.025000000000000022,-0.04770296812057495
base,0.525,0.5,10,1,0.47584307,0.17075127,1,0.025000000000000022,-0.024156928062438965
base,0.575,0.5,11,1,0.49938923,0.23850614,1,0.07499999999999996,-0.0006107687950134277
base,0.625,0.5,12,1,0.52293545,0.3062609,1,0.125,0.022935450077056885
base,0.675,0.5,13,1,0.54648155,0.37401575,1,0.17500000000000004,0.046481549739837646
base,0.7250000000000001,0.5,14,1,0.5700278,0.44177067,1,0.2250000000000001,0.07002782821655273
base,0.7749999999999999,0.5,15,1,0.5935739,0.50952536,1,0.2749999999999999,0.0935739278793335
base,0.825,0.5,16,1,0.61712015,0.5772802,1,0.32499999999999996,0.11712014675140381
base,0.8749999999999999,0.5,17,1,0.6406663,0.64503515,1,0.3749999999999999,0.14066630601882935
base,0.9249999999999999,0.5,18,1,0.6642124,0.71278995,1,0.42499999999999993,0.1642124056816101
base,0.975,0.5,19,1,0.6877586,0.7805448,1,0.475,0.18775862455368042
curv,0.025000000000000022,0.25,0,0,0.13297209,-0.32691145,1,-0.22499999999999998,-0.11702790856361389
curv,0.025000000000000022,0.25,0,0,0.13297209,-0.32691145,1,-0.22499999999999998,-0.11702790856361389
curv,0.075,0.25,1,0,0.14136562,-0.29338276,1,-0.175,-0.10863438248634338
curv,0.075,0.25,1,0,0.14136562,-0.29338276,1,-0.175,-0.10863438248634338
curv,0.12500000000000003,0.25,2,0,0.15286046,-0.24798375,1,-0.12499999999999997,-0.09713953733444214
curv,0.12500000000000003,0.25,2,0,0.15286046,-0.24798375,1,-0.12499999999999997,-0.09713953733444214
curv,0.17500000000000002,0.25,3,0,0.16894081,-0.1850341,1,-0.07499999999999998,-0.08105918765068054
curv,0.17500000000000002,0.25,3,0,0.16894081,-0.1850341,1,-0.07499999999999998,-0.08105918765068054
curv,0.225,0.25,4,0,0.18594417,-0.12149039,1,-0.024999999999999994,-0.06405583024024963
curv,0.225,0.25,4,0,0.18594417,-0.12149039,1,-0.024999999999999994,-0.06405583024024963
curv,0.275,0.25,5,1,0.20949033,-0.053735554,1,0.025000000000000022,-0.0405096709728241
curv,0.325,0.25,6,1,0.23303652,0.0140193105,1,0.07500000000000001,-0.016963481903076172
curv,0.37500000000000006,0.25,7,1,0.25658265,0.081774175,1,0.12500000000000006,0.0065826475620269775
curv,0.425,0.25,8,1,0.28012884,0.14952901,1,0.175,0.030128836631774902
curv,0.475,0.25,9,1,0.303675,0.21728379,1,0.22499999999999998,0.05367499589920044
curv,0.525,0.25,10,1,0.32722113,0.28503856,1,0.275,0.07722112536430359
curv,0.575,0.25,11,1,0.3507673,0.3527934,1,0.32499999999999996,0.10076731443405151
curv,0.625,0.25,12,1,0.37431347,0.42054826,1,0.375,0.12431347370147705
curv,0.675,0.25,13,1,0.3978596,0.48830312,1,0.42500000000000004,0.1478596031665802
curv,0.7250000000000001,0.25,14,1,0.4214058,0.55605793,1,0.4750000000000001,0.17140579223632812
flat,0.275,0.7500000000000001,0,0,0.5067343,-0.28231007,1,-0.4750000000000001,-0.24326568841934215
flat,0.325,0.7500000000000001,1,0,0.5302804,-0.2145553,1,-0.4250000000000001,-0.2197195887565614
flat,0.37500000000000006,0.7500000000000001,2,0,0.5538267,-0.14680044,1,-0.37500000000000006,-0.1961733102798463
flat,0.425,0.7500000000000001,3,0,0.5773728,-0.079045594,1,-0.3250000000000001,-0.17262721061706554
flat,0.475,0.7500000000000001,4,0,0.600919,-0.011290818,1,-0.27500000000000013,-0.14908099174499523
flat,0.525,0.7500000000000001,5,0,0.6244651,0.056464016,1,-0.2250000000000001,-0.12553489208221447
flat,0.575,0.7500000000000001,6,0,0.64801127,0.12421888,1,-0.17500000000000016,-0.10198873281478893
flat,0.625,0.7500000000000001,7,0,0.6715575,0.19197363,1,-0.1250000000000001,-0.07844251394271862
flat,0.675,0.7500000000000001,8,0,0.6951035,0.2597285,1,-0.07500000000000007,-0.05489647388458263
flat,0.7250000000000001,0.7500000000000001,9,0,0.7186498,0.32748342,1,-0.025000000000000022,-0.03135019540786754
flat,0.7749999999999999,0.7500000000000001,10,1,0.74219596,0.3952381,1,0.0249999999999998,-0.0078040361404420056
flat,0.7749999999999999,0.7500000000000001,10,1,0.74219596,0.3952381,1,0.0249999999999998,-0.0078040361404420056
flat,0.825,0.7500000000000001,11,1,0.76574206,0.4629929,1,0.07499999999999984,0.015742063522338756
flat,0.825,0.7500000000000001,11,1,0.76574206,0.4629929,1,0.07499999999999984,0.015742063522338756
flat,0.8749999999999999,0.7500000000000001,12,1,0.7892883,0.5307478,1,0.12499999999999978,0.03928828239440907
flat,0.8749999999999999,0.7500000000000001,12,1,0.7892883,0.5307478,1,0.12499999999999978,0.03928828239440907
flat,0.9249999999999999,0.7500000000000001,13,1,0.8128344,0.5985027,1,0.17499999999999982,0.06283438205718983
flat,0.9249999999999999,0.7500000000000001,13,1,0.8128344,0.5985027,1,0.17499999999999982,0.06283438205718983
flat,0.975,0.7500000000000001,14,1,0.8363806,0.66625756,1,0.22499999999999987,0.08638060092926014
flat,0.975,0.7500000000000001,14,1,0.8363806,0.66625756,1,0.22499999999999987,0.08638060092926014
base,0.025000000000000022,0.5,0,0,0.2645154,-0.41442627,1,-0.475,-0.23548460006713867
base,0.075,0.5,1,0,0.2803747,-0.37609234,1,-0.425,-0.2196252942085266
base,0.12500000000000003,0.5,2,0,0.29623398,-0.33775848,1,-0.375,-0.20376601815223694
base,0.17500000000000002,0.5,3,0,0.31209326,-0.29942462,1,-0.32499999999999996,-0.18790674209594727
base,0.225,0.5,4,0,0.3345662,-0.23577768,1,-0.275,-0.16543379426002502
base,0.275,0.5,5,0,0.3581123,-0.16802281,1,-0.22499999999999998,-0.14188769459724426
base,0.325,0.5,6,0,0.38165846,-0.100268036,1,-0.175,-0.11834153532981873
base,0.37500000000000006,0.5,7,0,0.40520468,-0.032513186,1,-0.12499999999999994,-0.09479531645774841
base,0.425,0.5,8,0,0.42875075,0.035241663,1,-0.07500000000000001,-0.07124924659729004
base,0.475,0.5,9,0,0.45229703,0.10299641,1,-0.025000000000000022,-0.04770296812057495
base,0.525,0.5,10,1,0.47584307,0.17075127,1,0.025000000000000022,-0.024156928062438965
base,0.575,0.5,11,1,0.49938923,0.23850614,1,0.07499999999999996,-0.0006107687950134277
base,0.625,0.5,12,1,0.52293545,0.3062609,1,0.125,0.022935450077056885
base,0.675,0.5,13,1,0.54648155,0.37401575,1,0.17500000000000004,0.046481549739837646
base,0.7250000000000001,0.5,14,1,0.5700278,0.44177067,1,0.2250000000000001,0.07002782821655273
base,0.7749999999999999,0.5,15,1,0.5935739,0.50952536,1,0.2749999999999999,0.0935739278793335
base,0.825,0.5,16,1,0.61712015,0.5772802,1,0.32499999999999996,0.11712014675140381
base,0.8749999999999999,0.5,17,1,0.6406663,0.64503515,1,0.3749999999999999,0.14066630601882935
base,0.9249999999999999,0.5,18,1,0.6642124,0.71278995,1,0.42499999999999993,0.1642124056816101
base,0.975,0.5,19,1,0.6877586,0.7805448,1,0.475,0.18775862455368042
curv,0.025000000000000022,0.25,0,0,0.13297209,-0.32691145,1,-0.22499999999999998,-0.11702790856361389
curv,0.025000000000000022,0.25,0,0,0.13297209,-0.32691145,1,-0.22499999999999998,-0.11702790856361389
curv,0.075,0.25,1,0,0.14136562,-0.29338276,1,-0.175,-0.10863438248634338
curv,0.075,0.25,1,0,0.14136562,-0.29338276,1,-0.175,-0.10863438248634338
curv,0.12500000000000003,0.25,2,0,0.15286046,-0.24798375,1,-0.12499999999999997,-0.09713953733444214
curv,0.12500000000000003,0.25,2,0,0.15286046,-0.24798375,1,-0.12499999999999997,-0.09713953733444214
curv,0.17500000000000002,0.25,3,0,0.16894081,-0.1850341,1,-0.07499999999999998,-0.08105918765068054
curv,0.17500000000000002,0.25,3,0,0.16894081,-0.1850341,1,-0.07499999999999998,-0.08105918765068054
curv,0.225,0.25,4,0,0.18594417,-0.12149039,1,-0.024999999999999994,-0.06405583024024963
curv,0.225,0.25,4,0,0.18594417,-0.12149039,1,-0.024999999999999994,-0.06405583024024963
curv,0.275,0.25,5,1,0.20949033,-0.053735554,1,0.025000000000000022,-0.0405096709728241
curv,0.325,0.25,6,1,0.23303652,0.0140193105,1,0.07500000000000001,-0.016963481903076172
curv,0.37500000000000006,0.25,7,1,0.25658265,0.081774175,1,0.12500000000000006,0.0065826475620269775
curv,0.425,0.25,8,1,0.28012884,0.14952901,1,0.175,0.030128836631774902
curv,0.475,0.25,9,1,0.303675,0.21728379,1,0.22499999999999998,0.05367499589920044
curv,0.525,0.25,10,1,0.32722113,0.28503856,1,0.275,0.07722112536430359
curv,0.575,0.25,11,1,0.3507673,0.3527934,1,0.32499999999999996,0.10076731443405151
curv,0.625,0.25,12,1,0.37431347,0.42054826,1,0.375,0.12431347370147705
curv,0.675,0.25,13,1,0.3978596,0.48830312,1,0.42500000000000004,0.1478596031665802
curv,0.7250000000000001,0.25,14,1,0.4214058,0.55605793,1,0.4750000000000001,0.17140579223632812
flat,0.275,0.7500000000000001,0,0,0.5067343,-0.28231007,1,-0.4750000000000001,-0.24326568841934215
flat,0.325,0.7500000000000001,1,0,0.5302804,-0.2145553,1,-0.4250000000000001,-0.2197195887565614
flat,0.37500000000000006,0.7500000000000001,2,0,0.5538267,-0.14680044,1,-0.37500000000000006,-0.1961733102798463
flat,0.425,0.7500000000000001,3,0,0.5773728,-0.079045594,1,-0.3250000000000001,-0.17262721061706554
flat,0.475,0.7500000000000001,4,0,0.600919,-0.011290818,1,-0.27500000000000013,-0.14908099174499523
flat,0.525,0.7500000000000001,5,0,0.6244651,0.056464016,1,-0.2250000000000001,-0.12553489208221447
flat,0.575,0.7500000000000001,6,0,0.64801127,0.12421888,1,-0.17500000000000016,-0.10198873281478893
flat,0.625,0.7500000000000001,7,0,0.6715575,0.19197363,1,-0.1250000000000001,-0.07844251394271862
flat,0.675,0.7500000000000001,8,0,0.6951035,0.2597285,1,-0.07500000000000007,-0.05489647388458263
flat,0.7250000000000001,0.7500000000000001,9,0,0.7186498,0.32748342,1,-0.025000000000000022,-0.03135019540786754
flat,0.7749999999999999,0.7500000000000001,10,1,0.74219596,0.3952381,1,0.0249999999999998,-0.0078040361404420056
flat,0.7749999999999999,0.7500000000000001,10,1,0.74219596,0.3952381,1,0.0249999999999998,-0.0078040361404420056
flat,0.825,0.7500000000000001,11,1,0.76574206,0.4629929,1,0.07499999999999984,0.015742063522338756
flat,0.825,0.7500000000000001,11,1,0.76574206,0.4629929,1,0.07499999999999984,0.015742063522338756
flat,0.8749999999999999,0.7500000000000001,12,1,0.7892883,0.5307478,1,0.12499999999999978,0.03928828239440907
flat,0.8749999999999999,0.7500000000000001,12,1,0.7892883,0.5307478,1,0.12499999999999978,0.03928828239440907
flat,0.9249999999999999,0.7500000000000001,13,1,0.8128344,0.5985027,1,0.17499999999999982,0.06283438205718983
flat,0.9249999999999999,0.7500000000000001,13,1,0.8128344,0.5985027,1,0.17499999999999982,0.06283438205718983
flat,0.975,0.7500000000000001,14,1,0.8363806,0.66625756,1,0.22499999999999987,0.08638060092926014
flat,0.975,0.7500000000000001,14,1,0.8363806,0.66625756,1,0.22499999999999987,0.08638060092926014
base,0.025000000000000022,0.5,0,0,0.2645154,-0.41442627,1,-0.475,-0.23548460006713867
base,0.075,0.5,1,0,0.2803747,-0.37609234,1,-0.425,-0.2196252942085266
base,0.12500000000000003,0.5,2,0,0.29623398,-0.33775848,1,-0.375,-0.20376601815223694
base,0.17500000000000002,0.5,3,0,0.31209326,-0.29942462,1,-0.32499999999999996,-0.18790674209594727
base,0.225,0.5,4,0,0.3345662,-0.23577768,1,-0.275,-0.16543379426002502
base,0.275,0.5,5,0,0.3581123,-0.16802281,1,-0.22499999999999998,-0.14188769459724426
base,0.325,0.5,6,0,0.38165846,-0.100268036,1,-0.175,-0.11834153532981873
base,0.37500000000000006,0.5,7,0,0.40520468,-0.032513186,1,-0.12499999999999994,-0.09479531645774841
base,0.425,0.5,8,0,0.42875075,0.035241663,1,-0.07500000000000001,-0.07124924659729004
base,0.475,0.5,9,0,0.45229703,0.10299641,1,-0.025000000000000022,-0.04770296812057495
base,0.525,0.5,10,1,0.47584307,0.17075127,1,0.025000000000000022,-0.024156928062438965
base,0.575,0.5,11,1,0.49938923,0.23850614,1,0.07499999999999996,-0.0006107687950134277
base,0.625,0.5,12,1,0.52293545,0.3062609,1,0.125,0.022935450077056885
base,0.675,0.5,13,1,0.54648155,0.37401575,1,0.17500000000000004,0.046481549739837646
base,0.7250000000000001,0.5,14,1,0.5700278,0.44177067,1,0.2250000000000001,0.07002782821655273
base,0.7749999999999999,0.5,15,1,0.5935739,0.50952536,1,0.2749999999999999,0.0935739278793335
base,0.825,0.5,16,1,0.61712015,0.5772802,1,0.32499999999999996,0.11712014675140381
base,0.8749999999999999,0.5,17,1,0.6406663,0.64503515,1,0.3749999999999999,0.14066630601882935
base,0.9249999999999999,0.5,18,1,0.6642124,0.71278995,1,0.42499999999999993,0.1642124056816101
base,0.975,0.5,19,1,0.6877586,0.7805448,1,0.475,0.18775862455368042
curv,0.025000000000000022,0.25,0,0,0.13297209,-0.32691145,1,-0.22499999999999998,-0.11702790856361389
curv,0.025000000000000022,0.25,0,0,0.13297209,-0.32691145,1,-0.22499999999999998,-0.11702790856361389
curv,0.075,0.25,1,0,0.14136562,-0.29338276,1,-0.175,-0.10863438248634338
curv,0.075,0.25,1,0,0.14136562,-0.29338276,1,-0.175,-0.10863438248634338
curv,0.12500000000000003,0.25,2,0,0.15286046,-0.24798375,1,-0.12499999999999997,-0.09713953733444214
curv,0.12500000000000003,0.25,2,0,0.15286046,-0.24798375,1,-0.12499999999999997,-0.09713953733444214
curv,0.17500000000000002,0.25,3,0,0.16894081,-0.1850341,1,-0.07499999999999998,-0.08105918765068054
curv,0.17500000000000002,0.25,3,0,0.16894081,-0.1850341,1,-0.07499999999999998,-0.08105918765068054
curv,0.225,0.25,4,0,0.18594417,-0.12149039,1,-0.024999999999999994,-0.06405583024024963
curv,0.225,0.25,4,0,0.18594417,-0.12149039,1,-0.024999999999999994,-0.06405583024024963
curv,0.275,0.25,5,1,0.20949033,-0.053735554,1,0.025000000000000022,-0.0405096709728241
curv,0.325,0.25,6,1,0.23303652,0.0140193105,1,0.07500000000000001,-0.016963481903076172
curv,0.37500000000000006,0.25,7,1,0.25658265,0.081774175,1,0.12500000000000006,0.0065826475620269775
curv,0.425,0.25,8,1,0.28012884,0.14952901,1,0.175,0.030128836631774902
curv,0.475,0.25,9,1,0.303675,0.21728379,1,0.22499999999999998,0.05367499589920044
curv,0.525,0.25,10,1,0.32722113,0.28503856,1,0.275,0.07722112536430359
curv,0.575,0.25,11,1,0.3507673,0.3527934,1,0.32499999999999996,0.10076731443405151
curv,0.625,0.25,12,1,0.37431347,0.42054826,1,0.375,0.12431347370147705
curv,0.675,0.25,13,1,0.3978596,0.48830312,1,0.42500000000000004,0.1478596031665802
curv,0.7250000000000001,0.25,14,1,0.4214058,0.55605793,1,0.4750000000000001,0.17140579223632812
flat,0.275,0.7500000000000001,0,0,0.5067343,-0.28231007,1,-0.4750000000000001,-0.24326568841934215
flat,0.325,0.7500000000000001,1,0,0.5302804,-0.2145553,1,-0.4250000000000001,-0.2197195887565614
flat,0.37500000000000006,0.7500000000000001,2,0,0.5538267,-0.14680044,1,-0.37500000000000006,-0.1961733102798463
flat,0.425,0.7500000000000001,3,0,0.5773728,-0.079045594,1,-0.3250000000000001,-0.17262721061706554
flat,0.475,0.7500000000000001,4,0,0.600919,-0.011290818,1,-0.27500000000000013,-0.14908099174499523
flat,0.525,0.7500000000000001,5,0,0.6244651,0.056464016,1,-0.2250000000000001,-0.12553489208221447
flat,0.575,0.7500000000000001,6,0,0.64801127,0.12421888,1,-0.17500000000000016,-0.10198873281478893
flat,0.625,0.7500000000000001,7,0,0.6715575,0.19197363,1,-0.1250000000000001,-0.07844251394271862
flat,0.675,0.7500000000000001,8,0,0.6951035,0.2597285,1,-0.07500000000000007,-0.05489647388458263
flat,0.7250000000000001,0.7500000000000001,9,0,0.7186498,0.32748342,1,-0.025000000000000022,-0.03135019540786754
flat,0.7749999999999999,0.7500000000000001,10,1,0.74219596,0.3952381,1,0.0249999999999998,-0.0078040361404420056
flat,0.7749999999999999,0.7500000000000001,10,1,0.74219596,0.3952381,1,0.0249999999999998,-0.0078040361404420056
flat,0.825,0.7500000000000001,11,1,0.76574206,0.4629929,1,0.07499999999999984,0.015742063522338756
flat,0.825,0.7500000000000001,11,1,0.76574206,0.4629929,1,0.07499999999999984,0.015742063522338756
flat,0.8749999999999999,0.7500000000000001,12,1,0.7892883,0.5307478,1,0.12499999999999978,0.03928828239440907
flat,0.8749999999999999,0.7500000000000001,12,1,0.7892883,0.5307478,1,0.12499999999999978,0.03928828239440907
flat,0.9249999999999999,0.7500000000000001,13,1,0.8128344,0.5985027,1,0.17499999999999982,0.06283438205718983
flat,0.9249999999999999,0.7500000000000001,13,1,0.8128344,0.5985027,1,0.17499999999999982,0.06283438205718983
flat,0.975,0.7500000000000001,14,1,0.8363806,0.66625756,1,0.22499999999999987,0.08638060092926014
flat,0.975,0.7500000000000001,14,1,0.8363806,0.66625756,1,0.22499999999999987,0.08638060092926014
base,0.025000000000000022,0.5,0,0,0.2701317,-1.0128405,2,-0.475,-0.22986829280853271
base,0.075,0.5,1,0,0.29121333,-0.92172843,2,-0.425,-0.20878666639328003
base,0.12500000000000003,0.5,2,0,0.31229502,-0.8306165,2,-0.375,-0.18770498037338257
base,0.17500000000000002,0.5,3,0,0.33337665,-0.73950446,2,-0.32499999999999996,-0.16662335395812988
base,0.225,0.5,4,0,0.35481966,-0.6469453,2,-0.275,-0.145180344581604
base,0.275,0.5,5,0,0.38060153,-0.53701127,2,-0.22499999999999998,-0.11939847469329834
base,0.325,0.5,6,0,0.4063833,-0.4270774,2,-0.175,-0.09361669421195984
base,0.37500000000000006,0.5,7,0,0.4321651,-0.3171432,2,-0.12499999999999994,-0.06783491373062134
base,0.425,0.5,8,0,0.45794693,-0.20720907,2,-0.07500000000000001,-0.04205307364463806
base,0.475,0.5,9,0,0.4837287,-0.09727509,2,-0.025000000000000022,-0.01627129316329956
base,0.525,0.5,10,1,0.5095105,0.01265876,2,0.025000000000000022,0.009510517120361328
base,0.575,0.5,11,1,0.5352923,0.12259291,2,0.07499999999999996,0.03529232740402222
base,0.625,0.5,12,1,0.56107414,0.23252694,2,0.125,0.061074137687683105
base,0.675,0.5,13,1,0.586856,0.34246105,2,0.17500000000000004,0.08685600757598877
base,0.7250000000000001,0.5,14,1,0.61263776,0.45239508,2,0.2250000000000001,0.11263775825500488
base,0.7749999999999999,0.5,15,1,0.6384196,0.562329,2,0.2749999999999999,0.13841962814331055
base,0.825,0.5,16,1,0.6642014,0.67226315,2,0.32499999999999996,0.16420137882232666
base,0.8749999999999999,0.5,17,1,0.6899832,0.7821972,2,0.3749999999999999,0.18998318910598755
base,0.9249999999999999,0.5,18,1,0.7154243,0.88971746,2,0.42499999999999993,0.2154242992401123
base,0.975,0.5,19,1,0.73771757,0.9687363,2,0.475,0.23771756887435913
curv,0.025000000000000022,0.25,0,0,0.14669836,-1.0301178,2,-0.22499999999999998,-0.10330164432525635
curv,0.025000000000000022,0.25,0,0,0.14669836,-1.0301178,2,-0.22499999999999998,-0.10330164432525635
curv,0.075,0.25,1,0,0.16778003,-0.9390057,2,-0.175,-0.08221997320652008
curv,0.075,0.25,1,0,0.16778003,-0.9390057,2,-0.175,-0.08221997320652008
curv,0.12500000000000003,0.25,2,0,0.18886167,-0.8478937,2,-0.12499999999999997,-0.0611383318901062
curv,0.12500000000000003,0.25,2,0,0.18886167,-0.8478937,2,-0.12499999999999997,-0.0611383318901062
curv,0.17500000000000002,0.25,3,0,0.20994332,-0.7567817,2,-0.07499999999999998,-0.04005667567253113
curv,0.17500000000000002,0.25,3,0,0.20994332,-0.7567817,2,-0.07499999999999998,-0.04005667567253113
curv,0.225,0.25,4,0,0.23102498,-0.6656697,2,-0.024999999999999994,-0.018975019454956055
curv,0.225,0.25,4,0,0.23102498,-0.6656697,2,-0.024999999999999994,-0.018975019454956055
curv,0.275,0.25,5,1,0.25210667,-0.5745576,2,0.025000000000000022,0.0021066665649414062
curv,0.325,0.25,6,1,0.27318832,-0.48344564,2,0.07500000000000001,0.02318832278251648
curv,0.37500000000000006,0.25,7,1,0.29566354,-0.38675302,2,0.12500000000000006,0.045663535594940186
curv,0.425,0.25,8,1,0.32144535,-0.27681893,2,0.175,0.07144534587860107
curv,0.475,0.25,9,1,0.34722716,-0.16688491,2,0.22499999999999998,0.09722715616226196
curv,0.525,0.25,10,1,0.37300894,-0.05695094,2,0.275,0.12300893664360046
curv,0.575,0.25,11,1,0.39879075,0.05298309,2,0.32499999999999996,0.14879074692726135
curv,0.625,0.25,12,1,0.42457256,0.1629173,2,0.375,0.17457255721092224
curv,0.675,0.25,13,1,0.4503544,0.27285123,2,0.42500000000000004,0.20035439729690552
curv,0.7250000000000001,0.25,14,1,0.4761362,0.38278544,2,0.4750000000000001,0.2261362075805664
flat,0.275,0.7500000000000001,0,0,0.5171031,-0.46740156,2,-0.4750000000000001,-0.23289692401885997
flat,0.325,0.7500000000000001,1,0,0.5428848,-0.3574676,2,-0.4250000000000001,-0.20711517333984386
flat,0.37500000000000006,0.7500000000000001,2,0,0.56866664,-0.24753346,2,-0.37500000000000006,-0.18133336305618297
flat,0.425,0.7500000000000001,3,0,0.5944485,-0.13759936,2,-0.3250000000000001,-0.1555514931678773
flat,0.475,0.7500000000000001,4,0,0.6202303,-0.027665451,2,-0.27500000000000013,-0.12976968288421642
flat,0.525,0.7500000000000001,5,0,0.64601207,0.08226852,2,-0.2250000000000001,-0.1039879322052003
flat,0.575,0.7500000000000001,6,0,0.67179394,0.19220267,2,-0.17500000000000016,-0.07820606231689464
flat,0.625,0.7500000000000001,7,0,0.6975757,0.30213678,2,-0.1250000000000001,-0.05242431163787853
flat,0.675,0.7500000000000001,8,0,0.72335756,0.41207075,2,-0.07500000000000007,-0.026642441749572865
flat,0.7250000000000001,0.7500000000000001,9,0,0.748909,0.52267593,2,-0.025000000000000022,-0.001091003417968861
flat,0.7749999999999999,0.7500000000000001,10,1,0.77396774,0.63471645,2,0.0249999999999998,0.023967742919921764
flat,0.7749999999999999,0.7500000000000001,10,1,0.77396774,0.63471645,2,0.0249999999999998,0.023967742919921764
flat,0.825,0.7500000000000001,11,1,0.7990265,0.7467572,2,0.07499999999999984,0.04902648925781239
flat,0.825,0.7500000000000001,11,1,0.7990265,0.7467572,2,0.07499999999999984,0.04902648925781239
flat,0.8749999999999999,0.7500000000000001,12,1,0.82408524,0.85879767,2,0.12499999999999978,0.07408523559570301
flat,0.8749999999999999,0.7500000000000001,12,1,0.82408524,0.85879767,2,0.12499999999999978,0.07408523559570301
flat,0.9249999999999999,0.7500000000000001,13,1,0.849144,0.9708384,2,0.17499999999999982,0.09914398193359364
flat,0.9249999999999999,0.7500000000000001,13,1,0.849144,0.9708384,2,0.17499999999999982,0.09914398193359364
flat,0.975,0.7500000000000001,14,1,0.8698987,1.0767738,2,0.22499999999999987,0.11989867687225331
flat,0.975,0.7500000000000001,14,1,0.8698987,1.0767738,2,0.22499999999999987,0.11989867687225331
base,0.025000000000000022,0.5,0,0,0.2701317,-1.0128405,2,-0.475,-0.22986829280853271
base,0.075,0.5,1,0,0.29121333,-0.92172843,2,-0.425,-0.20878666639328003
base,0.12500000000000003,0.5,2,0,0.31229502,-0.8306165,2,-0.375,-0.18770498037338257
base,0.17500000000000002,0.5,3,0,0.33337665,-0.73950446,2,-0.32499999999999996,-0.16662335395812988
base,0.225,0.5,4,0,0.35481966,-0.6469453,2,-0.275,-0.145180344581604
base,0.275,0.5,5,0,0.38060153,-0.53701127,2,-0.22499999999999998,-0.11939847469329834
base,0.325,0.5,6,0,0.4063833,-0.4270774,2,-0.175,-0.09361669421195984
base,0.37500000000000006,0.5,7,0,0.4321651,-0.3171432,2,-0.12499999999999994,-0.06783491373062134
base,0.425,0.5,8,0,0.45794693,-0.20720907,2,-0.07500000000000001,-0.04205307364463806
base,0.475,0.5,9,0,0.4837287,-0.09727509,2,-0.025000000000000022,-0.01627129316329956
base,0.525,0.5,10,1,0.5095105,0.01265876,2,0.025000000000000022,0.009510517120361328
base,0.575,0.5,11,1,0.5352923,0.12259291,2,0.07499999999999996,0.03529232740402222
base,0.625,0.5,12,1,0.56107414,0.23252694,2,0.125,0.061074137687683105
base,0.675,0.5,13,1,0.586856,0.34246105,2,0.17500000000000004,0.08685600757598877
base,0.7250000000000001,0.5,14,1,0.61263776,0.45239508,2,0.2250000000000001,0.11263775825500488
base,0.7749999999999999,0.5,15,1,0.6384196,0.562329,2,0.2749999999999999,0.13841962814331055
base,0.825,0.5,16,1,0.6642014,0.67226315,2,0.32499999999999996,0.16420137882232666
base,0.8749999999999999,0.5,17,1,0.6899832,0.7821972,2,0.3749999999999999,0.18998318910598755
base,0.9249999999999999,0.5,18,1,0.7154243,0.88971746,2,0.42499999999999993,0.2154242992401123
base,0.975,0.5,19,1,0.73771757,0.9687363,2,0.475,0.23771756887435913
curv,0.025000000000000022,0.25,0,0,0.14669836,-1.0301178,2,-0.22499999999999998,-0.10330164432525635
curv,0.025000000000000022,0.25,0,0,0.14669836,-1.0301178,2,-0.22499999999999998,-0.10330164432525635
curv,0.075,0.25,1,0,0.16778003,-0.9390057,2,-0.175,-0.08221997320652008
curv,0.075,0.25,1,0,0.16778003,-0.9390057,2,-0.175,-0.08221997320652008
curv,0.12500000000000003,0.25,2,0,0.18886167,-0.8478937,2,-0.12499999999999997,-0.0611383318901062
curv,0.12500000000000003,0.25,2,0,0.18886167,-0.8478937,2,-0.12499999999999997,-0.0611383318901062
curv,0.17500000000000002,0.25,3,0,0.20994332,-0.7567817,2,-0.07499999999999998,-0.04005667567253113
curv,0.17500000000000002,0.25,3,0,0.20994332,-0.7567817,2,-0.07499999999999998,-0.04005667567253113
curv,0.225,0.25,4,0,0.23102498,-0.6656697,2,-0.024999999999999994,-0.018975019454956055
curv,0.225,0.25,4,0,0.23102498,-0.6656697,2,-0.024999999999999994,-0.018975019454956055
curv,0.275,0.25,5,1,0.25210667,-0.5745576,2,0.025000000000000022,0.0021066665649414062
curv,0.325,0.25,6,1,0.27318832,-0.48344564,2,0.07500000000000001,0.02318832278251648
curv,0.37500000000000006,0.25,7,1,0.29566354,-0.38675302,2,0.12500000000000006,0.045663535594940186
curv,0.425,0.25,8,1,0.32144535,-0.27681893,2,0.175,0.07144534587860107
curv,0.475,0.25,9,1,0.34722716,-0.16688491,2,0.22499999999999998,0.09722715616226196
curv,0.525,0.25,10,1,0.37300894,-0.05695094,2,0.275,0.12300893664360046
curv,0.575,0.25,11,1,0.39879075,0.05298309,2,0.32499999999999996,0.14879074692726135
curv,0.625,0.25,12,1,0.42457256,0.1629173,2,0.375,0.17457255721092224
curv,0.675,0.25,13,1,0.4503544,0.27285123,2,0.42500000000000004,0.20035439729690552
curv,0.7250000000000001,0.25,14,1,0.4761362,0.38278544,2,0.4750000000000001,0.2261362075805664
flat,0.275,0.7500000000000001,0,0,0.5171031,-0.46740156,2,-0.4750000000000001,-0.23289692401885997
flat,0.325,0.7500000000000001,1,0,0.5428848,-0.3574676,2,-0.4250000000000001,-0.20711517333984386
flat,0.37500000000000006,0.7500000000000001,2,0,0.56866664,-0.24753346,2,-0.37500000000000006,-0.18133336305618297
flat,0.425,0.7500000000000001,3,0,0.5944485,-0.13759936,2,-0.3250000000000001,-0.1555514931678773
flat,0.475,0.7500000000000001,4,0,0.6202303,-0.027665451,2,-0.27500000000000013,-0.12976968288421642
flat,0.525,0.7500000000000001,5,0,0.64601207,0.08226852,2,-0.2250000000000001,-0.1039879322052003
flat,0.575,0.7500000000000001,6,0,0.67179394,0.19220267,2,-0.17500000000000016,-0.07820606231689464
flat,0.625,0.7500000000000001,7,0,0.6975757,0.30213678,2,-0.1250000000000001,-0.05242431163787853
flat,0.675,0.7500000000000001,8,0,0.72335756,0.41207075,2,-0.07500000000000007,-0.026642441749572865
flat,0.7250000000000001,0.7500000000000001,9,0,0.748909,0.52267593,2,-0.025000000000000022,-0.001091003417968861
flat,0.7749999999999999,0.7500000000000001,10,1,0.77396774,0.63471645,2,0.0249999999999998,0.023967742919921764
flat,0.7749999999999999,0.7500000000000001,10,1,0.77396774,0.63471645,2,0.0249999999999998,0.023967742919921764
flat,0.825,0.7500000000000001,11,1,0.7990265,0.7467572,2,0.07499999999999984,0.04902648925781239
flat,0.825,0.7500000000000001,11,1,0.7990265,0.7467572,2,0.07499999999999984,0.04902648925781239
flat,0.8749999999999999,0.7500000000000001,12,1,0.82408524,0.85879767,2,0.12499999999999978,0.07408523559570301
flat,0.8749999999999999,0.7500000000000001,12,1,0.82408524,0.85879767,2,0.12499999999999978,0.07408523559570301
flat,0.9249999999999999,0.7500000000000001,13,1,0.849144,0.9708384,2,0.17499999999999982,0.09914398193359364
flat,0.9249999999999999,0.7500000000000001,13,1,0.849144,0.9708384,2,0.17499999999999982,0.09914398193359364
flat,0.975,0.7500000000000001,14,1,0.8698987,1.0767738,2,0.22499999999999987,0.11989867687225331
flat,0.975,0.7500000000000001,14,1,0.8698987,1.0767738,2,0.22499999999999987,0.11989867687225331
base,0.025000000000000022,0.5,0,0,0.2701317,-1.0128405,2,-0.475,-0.22986829280853271
base,0.075,0.5,1,0,0.29121333,-0.92172843,2,-0.425,-0.20878666639328003
base,0.12500000000000003,0.5,2,0,0.31229502,-0.8306165,2,-0.375,-0.18770498037338257
base,0.17500000000000002,0.5,3,0,0.33337665,-0.73950446,2,-0.32499999999999996,-0.16662335395812988
base,0.225,0.5,4,0,0.35481966,-0.6469453,2,-0.275,-0.145180344581604
base,0.275,0.5,5,0,0.38060153,-0.53701127,2,-0.22499999999999998,-0.11939847469329834
base,0.325,0.5,6,0,0.4063833,-0.4270774,2,-0.175,-0.09361669421195984
base,0.37500000000000006,0.5,7,0,0.4321651,-0.3171432,2,-0.12499999999999994,-0.06783491373062134
base,0.425,0.5,8,0,0.45794693,-0.20720907,2,-0.07500000000000001,-0.04205307364463806
base,0.475,0.5,9,0,0.4837287,-0.09727509,2,-0.025000000000000022,-0.01627129316329956
base,0.525,0.5,10,1,0.5095105,0.01265876,2,0.025000000000000022,0.009510517120361328
base,0.575,0.5,11,1,0.5352923,0.12259291,2,0.07499999999999996,0.03529232740402222
base,0.625,0.5,12,1,0.56107414,0.23252694,2,0.125,0.061074137687683105
base,0.675,0.5,13,1,0.586856,0.34246105,2,0.17500000000000004,0.08685600757598877
base,0.7250000000000001,0.5,14,1,0.61263776,0.45239508,2,0.2250000000000001,0.11263775825500488
base,0.7749999999999999,0.5,15,1,0.6384196,0.562329,2,0.2749999999999999,0.13841962814331055
base,0.825,0.5,16,1,0.6642014,0.67226315,2,0.32499999999999996,0.16420137882232666
base,0.8749999999999999,0.5,17,1,0.6899832,0.7821972,2,0.3749999999999999,0.18998318910598755
base,0.9249999999999999,0.5,18,1,0.7154243,0.88971746,2,0.42499999999999993,0.2154242992401123
base,0.975,0.5,19,1,0.73771757,0.9687363,2,0.475,0.23771756887435913
curv,0.025000000000000022,0.25,0,0,0.14669836,-1.0301178,2,-0.22499999999999998,-0.10330164432525635
curv,0.025000000000000022,0.25,0,0,0.14669836,-1.0301178,2,-0.22499999999999998,-0.10330164432525635
curv,0.075,0.25,1,0,0.16778003,-0.9390057,2,-0.175,-0.08221997320652008
curv,0.075,0.25,1,0,0.16778003,-0.9390057,2,-0.175,-0.08221997320652008
curv,0.12500000000000003,0.25,2,0,0.18886167,-0.8478937,2,-0.12499999999999997,-0.0611383318901062
curv,0.12500000000000003,0.25,2,0,0.18886167,-0.8478937,2,-0.12499999999999997,-0.0611383318901062
curv,0.17500000000000002,0.25,3,0,0.20994332,-0.7567817,2,-0.07499999999999998,-0.04005667567253113
curv,0.17500000000000002,0.25,3,0,0.20994332,-0.7567817,2,-0.07499999999999998,-0.04005667567253113
curv,0.225,0.25,4,0,0.23102498,-0.6656697,2,-0.024999999999999994,-0.018975019454956055
curv,0.225,0.25,4,0,0.23102498,-0.6656697,2,-0.024999999999999994,-0.018975019454956055
curv,0.275,0.25,5,1,0.25210667,-0.5745576,2,0.025000000000000022,0.0021066665649414062
curv,0.325,0.25,6,1,0.27318832,-0.48344564,2,0.07500000000000001,0.02318832278251648
curv,0.37500000000000006,0.25,7,1,0.29566354,-0.38675302,2,0.12500000000000006,0.045663535594940186
curv,0.425,0.25,8,1,0.32144535,-0.27681893,2,0.175,0.07144534587860107
curv,0.475,0.25,9,1,0.34722716,-0.16688491,2,0.22499999999999998,0.09722715616226196
curv,0.525,0.25,10,1,0.37300894,-0.05695094,2,0.275,0.12300893664360046
curv,0.575,0.25,11,1,0.39879075,0.05298309,2,0.32499999999999996,0.14879074692726135
curv,0.625,0.25,12,1,0.42457256,0.1629173,2,0.375,0.17457255721092224
curv,0.675,0.25,13,1,0.4503544,0.27285123,2,0.42500000000000004,0.20035439729690552
curv,0.7250000000000001,0.25,14,1,0.4761362,0.38278544,2,0.4750000000000001,0.2261362075805664
flat,0.275,0.7500000000000001,0,0,0.5171031,-0.46740156,2,-0.4750000000000001,-0.23289692401885997
flat,0.325,0.7500000000000001,1,0,0.5428848,-0.3574676,2,-0.4250000000000001,-0.20711517333984386
flat,0.37500000000000006,0.7500000000000001,2,0,0.56866664,-0.24753346,2,-0.37500000000000006,-0.18133336305618297
flat,0.425,0.7500000000000001,3,0,0.5944485,-0.13759936,2,-0.3250000000000001,-0.1555514931678773
flat,0.475,0.7500000000000001,4,0,0.6202303,-0.027665451,2,-0.27500000000000013,-0.12976968288421642
flat,0.525,0.7500000000000001,5,0,0.64601207,0.08226852,2,-0.2250000000000001,-0.1039879322052003
flat,0.575,0.7500000000000001,6,0,0.67179394,0.19220267,2,-0.17500000000000016,-0.07820606231689464
flat,0.625,0.7500000000000001,7,0,0.6975757,0.30213678,2,-0.1250000000000001,-0.05242431163787853
flat,0.675,0.7500000000000001,8,0,0.72335756,0.41207075,2,-0.07500000000000007,-0.026642441749572865
flat,0.7250000000000001,0.7500000000000001,9,0,0.748909,0.52267593,2,-0.025000000000000022,-0.001091003417968861
flat,0.7749999999999999,0.7500000000000001,10,1,0.77396774,0.63471645,2,0.0249999999999998,0.023967742919921764
flat,0.7749999999999999,0.7500000000000001,10,1,0.77396774,0.63471645,2,0.0249999999999998,0.023967742919921764
flat,0.825,0.7500000000000001,11,1,0.7990265,0.7467572,2,0.07499999999999984,0.04902648925781239
flat,0.825,0.7500000000000001,11,1,0.7990265,0.7467572,2,0.07499999999999984,0.04902648925781239
flat,0.8749999999999999,0.7500000000000001,12,1,0.82408524,0.85879767,2,0.12499999999999978,0.07408523559570301
flat,0.8749999999999999,0.7500000000000001,12,1,0.82408524,0.85879767,2,0.12499999999999978,0.07408523559570301
flat,0.9249999999999999,0.7500000000000001,13,1,0.849144,0.9708384,2,0.17499999999999982,0.09914398193359364
flat,0.9249999999999999,0.7500000000000001,13,1,0.849144,0.9708384,2,0.17499999999999982,0.09914398193359364
flat,0.975,0.7500000000000001,14,1,0.8698987,1.0767738,2,0.22499999999999987,0.11989867687225331
flat,0.975,0.7500000000000001,14,1,0.8698987,1.0767738,2,0.22499999999999987,0.11989867687225331
base,0.025000000000000022,0.5,0,0,0.2701317,-1.0128405,2,-0.475,-0.22986829280853271
base,0.075,0.5,1,0,0.29121333,-0.92172843,2,-0.425,-0.20878666639328003
base,0.12500000000000003,0.5,2,0,0.31229502,-0.8306165,2,-0.375,-0.18770498037338257
base,0.17500000000000002,0.5,3,0,0.33337665,-0.73950446,2,-0.32499999999999996,-0.16662335395812988
base,0.225,0.5,4,0,0.35481966,-0.6469453,2,-0.275,-0.145180344581604
base,0.275,0.5,5,0,0.38060153,-0.53701127,2,-0.22499999999999998,-0.11939847469329834
base,0.325,0.5,6,0,0.4063833,-0.4270774,2,-0.175,-0.09361669421195984
base,0.37500000000000006,0.5,7,0,0.4321651,-0.3171432,2,-0.12499999999999994,-0.06783491373062134
base,0.425,0.5,8,0,0.45794693,-0.20720907,2,-0.07500000000000001,-0.04205307364463806
base,0.475,0.5,9,0,0.4837287,-0.09727509,2,-0.025000000000000022,-0.01627129316329956
base,0.525,0.5,10,1,0.5095105,0.01265876,2,0.025000000000000022,0.009510517120361328
base,0.575,0.5,11,1,0.5352923,0.12259291,2,0.07499999999999996,0.03529232740402222
base,0.625,0.5,12,1,0.56107414,0.23252694,2,0.125,0.061074137687683105
base,0.675,0.5,13,1,0.586856,0.34246105,2,0.17500000000000004,0.08685600757598877
base,0.7250000000000001,0.5,14,1,0.61263776,0.45239508,2,0.2250000000000001,0.11263775825500488
base,0.7749999999999999,0.5,15,1,0.6384196,0.562329,2,0.2749999999999999,0.13841962814331055
base,0.825,0.5,16,1,0.6642014,0.67226315,2,0.32499999999999996,0.16420137882232666
base,0.8749999999999999,0.5,17,1,0.6899832,0.7821972,2,0.3749999999999999,0.18998318910598755
base,0.9249999999999999,0.5,18,1,0.7154243,0.88971746,2,0.42499999999999993,0.2154242992401123
base,0.975,0.5,19,1,0.73771757,0.9687363,2,0.475,0.23771756887435913
curv,0.025000000000000022,0.25,0,0,0.14669836,-1.0301178,2,-0.22499999999999998,-0.10330164432525635
curv,0.025000000000000022,0.25,0,0,0.14669836,-1.0301178,2,-0.22499999999999998,-0.10330164432525635
curv,0.075,0.25,1,0,0.16778003,-0.9390057,2,-0.175,-0.08221997320652008
curv,0.075,0.25,1,0,0.16778003,-0.9390057,2,-0.175,-0.08221997320652008
curv,0.12500000000000003,0.25,2,0,0.18886167,-0.8478937,2,-0.12499999999999997,-0.0611383318901062
curv,0.12500000000000003,0.25,2,0,0.18886167,-0.8478937,2,-0.12499999999999997,-0.0611383318901062
curv,0.17500000000000002,0.25,3,0,0.20994332,-0.7567817,2,-0.07499999999999998,-0.04005667567253113
curv,0.17500000000000002,0.25,3,0,0.20994332,-0.7567817,2,-0.07499999999999998,-0.04005667567253113
curv,0.225,0.25,4,0,0.23102498,-0.6656697,2,-0.024999999999999994,-0.018975019454956055
curv,0.225,0.25,4,0,0.23102498,-0.6656697,2,-0.024999999999999994,-0.018975019454956055
curv,0.275,0.25,5,1,0.25210667,-0.5745576,2,0.025000000000000022,0.0021066665649414062
curv,0.325,0.25,6,1,0.27318832,-0.48344564,2,0.07500000000000001,0.02318832278251648
curv,0.37500000000000006,0.25,7,1,0.29566354,-0.38675302,2,0.12500000000000006,0.045663535594940186
curv,0.425,0.25,8,1,0.32144535,-0.27681893,2,0.175,0.07144534587860107
curv,0.475,0.25,9,1,0.34722716,-0.16688491,2,0.22499999999999998,0.09722715616226196
curv,0.525,0.25,10,1,0.37300894,-0.05695094,2,0.275,0.12300893664360046
curv,0.575,0.25,11,1,0.39879075,0.05298309,2,0.32499999999999996,0.14879074692726135
curv,0.625,0.25,12,1,0.42457256,0.1629173,2,0.375,0.17457255721092224
curv,0.675,0.25,13,1,0.4503544,0.27285123,2,0.42500000000000004,0.20035439729690552
curv,0.7250000000000001,0.25,14,1,0.4761362,0.38278544,2,0.4750000000000001,0.2261362075805664
flat,0.275,0.7500000000000001,0,0,0.5171031,-0.46740156,2,-0.4750000000000001,-0.23289692401885997
flat,0.325,0.7500000000000001,1,0,0.5428848,-0.3574676,2,-0.4250000000000001,-0.20711517333984386
flat,0.37500000000000006,0.7500000000000001,2,0,0.56866664,-0.24753346,2,-0.37500000000000006,-0.18133336305618297
flat,0.425,0.7500000000000001,3,0,0.5944485,-0.13759936,2,-0.3250000000000001,-0.1555514931678773
flat,0.475,0.7500000000000001,4,0,0.6202303,-0.027665451,2,-0.27500000000000013,-0.12976968288421642
flat,0.525,0.7500000000000001,5,0,0.64601207,0.08226852,2,-0.2250000000000001,-0.1039879322052003
flat,0.575,0.7500000000000001,6,0,0.67179394,0.19220267,2,-0.17500000000000016,-0.07820606231689464
flat,0.625,0.7500000000000001,7,0,0.6975757,0.30213678,2,-0.1250000000000001,-0.05242431163787853
flat,0.675,0.7500000000000001,8,0,0.72335756,0.41207075,2,-0.07500000000000007,-0.026642441749572865
flat,0.7250000000000001,0.7500000000000001,9,0,0.748909,0.52267593,2,-0.025000000000000022,-0.001091003417968861
flat,0.7749999999999999,0.7500000000000001,10,1,0.77396774,0.63471645,2,0.0249999999999998,0.023967742919921764
flat,0.7749999999999999,0.7500000000000001,10,1,0.77396774,0.63471645,2,0.0249999999999998,0.023967742919921764
flat,0.825,0.7500000000000001,11,1,0.7990265,0.7467572,2,0.07499999999999984,0.04902648925781239
flat,0.825,0.7500000000000001,11,1,0.7990265,0.7467572,2,0.07499999999999984,0.04902648925781239
flat,0.8749999999999999,0.7500000000000001,12,1,0.82408524,0.85879767,2,0.12499999999999978,0.07408523559570301
flat,0.8749999999999999,0.7500000000000001,12,1,0.82408524,0.85879767,2,0.12499999999999978,0.07408523559570301
flat,0.9249999999999999,0.7500000000000001,13,1,0.849144,0.9708384,2,0.17499999999999982,0.09914398193359364
flat,0.9249999999999999,0.7500000000000001,13,1,0.849144,0.9708384,2,0.17499999999999982,0.09914398193359364
flat,0.975,0.7500000000000001,14,1,0.8698987,1.0767738,2,0.22499999999999987,0.11989867687225331
flat,0.975,0.7500000000000001,14,1,0.8698987,1.0767738,2,0.22499999999999987,0.11989867687225331
base,0.025000000000000022,0.5,0,0,0.20942949,-0.997031,3,-0.475,-0.2905705124139786
base,0.075,0.5,1,0,0.24234249,-0.88851213,3,-0.425,-0.2576575130224228
base,0.12500000000000003,0.5,2,0,0.2752555,-0.7799933,3,-0.375,-0.2247444987297058
base,0.17500000000000002,0.5,3,0,0.30816853,-0.67147446,3,-0.32499999999999996,-0.19183146953582764
base,0.225,0.5,4,0,0.34108153,-0.56295574,3,-0.275,-0.15891847014427185
base,0.275,0.5,5,0,0.37399456,-0.4544368,3,-0.22499999999999998,-0.12600544095039368
base,0.325,0.5,6,0,0.4069076,-0.34591794,3,-0.175,-0.0930924117565155
base,0.37500000000000006,0.5,7,0,0.4398206,-0.23739915,3,-0.12499999999999994,-0.06017941236495972
base,0.425,0.5,8,0,0.47273362,-0.12888032,3,-0.07500000000000001,-0.027266383171081543
base,0.475,0.5,9,0,0.5056466,-0.020361513,3,-0.025000000000000022,0.0056465864181518555
base,0.525,0.5,10,1,0.5385596,0.08815727,3,0.025000000000000022,0.03855961561203003
base,0.575,0.5,11,1,0.57147264,0.19667622,3,0.07499999999999996,0.0714726448059082
base,0.625,0.5,12,1,0.6031335,0.3012822,3,0.125,0.10313349962234497
base,0.675,0.5,13,1,0.63038933,0.39212355,3,0.17500000000000004,0.13038933277130127
base,0.7250000000000001,0.5,14,1,0.65764517,0.48296478,3,0.2250000000000001,0.15764516592025757
base,0.7749999999999999,0.5,15,1,0.684901,0.57380605,3,0.2749999999999999,0.18490099906921387
base,0.825,0.5,16,1,0.7121569,0.66464734,3,0.32499999999999996,0.21215689182281494
base,0.8749999999999999,0.5,17,1,0.7394127,0.75548863,3,0.3749999999999999,0.23941272497177124
base,0.9249999999999999,0.5,18,1,0.7656202,0.84260035,3,0.42499999999999993,0.2656201720237732
base,0.975,0.5,19,1,0.7819786,0.89467716,3,0.475,0.2819786071777344
curv,0.025000000000000022,0.25,0,0,0.082706705,-1.2709097,3,-0.22499999999999998,-0.16729329526424408
curv,0.025000000000000022,0.25,0,0,0.082706705,-1.2709097,3,-0.22499999999999998,-0.16729329526424408
curv,0.075,0.25,1,0,0.11561972,-1.162391,3,-0.175,-0.1343802809715271
curv,0.075,0.25,1,0,0.11561972,-1.162391,3,-0.175,-0.1343802809715271
curv,0.12500000000000003,0.25,2,0,0.14853273,-1.0538721,3,-0.12499999999999997,-0.10146726667881012
curv,0.12500000000000003,0.25,2,0,0.14853273,-1.0538721,3,-0.12499999999999997,-0.10146726667881012
curv,0.17500000000000002,0.25,3,0,0.18144573,-0.94535327,3,-0.07499999999999998,-0.06855426728725433
curv,0.17500000000000002,0.25,3,0,0.18144573,-0.94535327,3,-0.07499999999999998,-0.06855426728725433
curv,0.225,0.25,4,0,0.21435876,-0.83683443,3,-0.024999999999999994,-0.03564123809337616
curv,0.225,0.25,4,0,0.21435876,-0.83683443,3,-0.024999999999999994,-0.03564123809337616
curv,0.275,0.25,5,1,0.24727179,-0.72831553,3,0.025000000000000022,-0.002728208899497986
curv,0.325,0.25,6,1,0.28018478,-0.61979675,3,0.07500000000000001,0.030184775590896606
curv,0.37500000000000006,0.25,7,1,0.3130978,-0.5112779,3,0.12500000000000006,0.06309780478477478
curv,0.425,0.25,8,1,0.34601083,-0.40275908,3,0.175,0.09601083397865295
curv,0.475,0.25,9,1,0.37892383,-0.29424027,3,0.22499999999999998,0.12892383337020874
curv,0.525,0.25,10,1,0.41183683,-0.18572149,3,0.275,0.16183683276176453
curv,0.575,0.25,11,1,0.44474986,-0.07720259,3,0.32499999999999996,0.1947498619556427
curv,0.625,0.25,12,1,0.4776629,0.03131631,3,0.375,0.22766289114952087
curv,0.675,0.25,13,1,0.51057595,0.13983509,3,0.42500000000000004,0.26057595014572144
curv,0.7250000000000001,0.25,14,1,0.5434889,0.24835399,3,0.4750000000000001,0.29348891973495483
flat,0.275,0.7500000000000001,0,0,0.50071734,-0.180558,3,-0.4750000000000001,-0.24928265810012828
flat,0.325,0.7500000000000001,1,0,0.5336304,-0.07203919,3,-0.4250000000000001,-0.2163696289062501
flat,0.37500000000000006,0.7500000000000001,2,0,0.56654334,0.036479622,3,-0.37500000000000006,-0.1834566593170167
flat,0.425,0.7500000000000001,3,0,0.5994564,0.14499858,3,-0.3250000000000001,-0.15054357051849376
flat,0.475,0.7500000000000001,4,0,0.6282351,0.24059835,3,-0.27500000000000013,-0.12176489830017101
flat,0.525,0.7500000000000001,5,0,0.65549093,0.33143958,3,-0.2250000000000001,-0.09450906515121471
flat,0.575,0.7500000000000001,6,0,0.68274677,0.42228094,3,-0.17500000000000016,-0.06725323200225841
flat,0.625,0.7500000000000001,7,0,0.70954764,0.51375175,3,-0.1250000000000001,-0.04045236110687267
flat,0.675,0.7500000000000001,8,0,0.7363343,0.605242,3,-0.07500000000000007,-0.01366567611694347
flat,0.7250000000000001,0.7500000000000001,9,0,0.763121,0.6967323,3,-0.025000000000000022,0.013121008872985729
flat,0.7749999999999999,0.7500000000000001,10,1,0.7899077,0.78822255,3,0.0249999999999998,0.03990769386291493
flat,0.7749999999999999,0.7500000000000001,10,1,0.7899077,0.78822255,3,0.0249999999999998,0.03990769386291493
flat,0.825,0.7500000000000001,11,1,0.81669444,0.87971294,3,0.07499999999999984,0.0666944384574889
flat,0.825,0.7500000000000001,11,1,0.81669444,0.87971294,3,0.07499999999999984,0.0666944384574889
flat,0.8749999999999999,0.7500000000000001,12,1,0.8432932,0.9705347,3,0.12499999999999978,0.0932931900024413
flat,0.8749999999999999,0.7500000000000001,12,1,0.8432932,0.9705347,3,0.12499999999999978,0.0932931900024413
flat,0.9249999999999999,0.7500000000000001,13,1,0.8591824,1.0232604,3,0.17499999999999982,0.1091824173927306
flat,0.9249999999999999,0.7500000000000001,13,1,0.8591824,1.0232604,3,0.17499999999999982,0.1091824173927306
flat,0.975,0.7500000000000001,14,1,0.8750718,1.0759863,3,0.22499999999999987,0.12507182359695423
flat,0.975,0.7500000000000001,14,1,0.8750718,1.0759863,3,0.22499999999999987,0.12507182359695423
base,0.025000000000000022,0.5,0,0,0.20942949,-0.997031,3,-0.475,-0.2905705124139786
base,0.075,0.5,1,0,0.24234249,-0.88851213,3,-0.425,-0.2576575130224228
base,0.12500000000000003,0.5,2,0,0.2752555,-0.7799933,3,-0.375,-0.2247444987297058
base,0.17500000000000002,0.5,3,0,0.30816853,-0.67147446,3,-0.32499999999999996,-0.19183146953582764
base,0.225,0.5,4,0,0.34108153,-0.56295574,3,-0.275,-0.15891847014427185
base,0.275,0.5,5,0,0.37399456,-0.4544368,3,-0.22499999999999998,-0.12600544095039368
base,0.325,0.5,6,0,0.4069076,-0.34591794,3,-0.175,-0.0930924117565155
base,0.37500000000000006,0.5,7,0,0.4398206,-0.23739915,3,-0.12499999999999994,-0.06017941236495972
base,0.425,0.5,8,0,0.47273362,-0.12888032,3,-0.07500000000000001,-0.027266383171081543
base,0.475,0.5,9,0,0.5056466,-0.020361513,3,-0.025000000000000022,0.0056465864181518555
base,0.525,0.5,10,1,0.5385596,0.08815727,3,0.025000000000000022,0.03855961561203003
base,0.575,0.5,11,1,0.57147264,0.19667622,3,0.07499999999999996,0.0714726448059082
base,0.625,0.5,12,1,0.6031335,0.3012822,3,0.125,0.10313349962234497
base,0.675,0.5,13,1,0.63038933,0.39212355,3,0.17500000000000004,0.13038933277130127
base,0.7250000000000001,0.5,14,1,0.65764517,0.48296478,3,0.2250000000000001,0.15764516592025757
base,0.7749999999999999,0.5,15,1,0.684901,0.57380605,3,0.2749999999999999,0.18490099906921387
base,0.825,0.5,16,1,0.7121569,0.66464734,3,0.32499999999999996,0.21215689182281494
base,0.8749999999999999,0.5,17,1,0.7394127,0.75548863,3,0.3749999999999999,0.23941272497177124
base,0.9249999999999999,0.5,18,1,0.7656202,0.84260035,3,0.42499999999999993,0.2656201720237732
base,0.975,0.5,19,1,0.7819786,0.89467716,3,0.475,0.2819786071777344
curv,0.025000000000000022,0.25,0,0,0.082706705,-1.2709097,3,-0.22499999999999998,-0.16729329526424408
curv,0.025000000000000022,0.25,0,0,0.082706705,-1.2709097,3,-0.22499999999999998,-0.16729329526424408
curv,0.075,0.25,1,0,0.11561972,-1.162391,3,-0.175,-0.1343802809715271
curv,0.075,0.25,1,0,0.11561972,-1.162391,3,-0.175,-0.1343802809715271
curv,0.12500000000000003,0.25,2,0,0.14853273,-1.0538721,3,-0.12499999999999997,-0.10146726667881012
curv,0.12500000000000003,0.25,2,0,0.14853273,-1.0538721,3,-0.12499999999999997,-0.10146726667881012
curv,0.17500000000000002,0.25,3,0,0.18144573,-0.94535327,3,-0.07499999999999998,-0.06855426728725433
curv,0.17500000000000002,0.25,3,0,0.18144573,-0.94535327,3,-0.07499999999999998,-0.06855426728725433
curv,0.225,0.25,4,0,0.21435876,-0.83683443,3,-0.024999999999999994,-0.03564123809337616
curv,0.225,0.25,4,0,0.21435876,-0.83683443,3,-0.024999999999999994,-0.03564123809337616
curv,0.275,0.25,5,1,0.24727179,-0.72831553,3,0.025000000000000022,-0.002728208899497986
curv,0.325,0.25,6,1,0.28018478,-0.61979675,3,0.07500000000000001,0.030184775590896606
curv,0.37500000000000006,0.25,7,1,0.3130978,-0.5112779,3,0.12500000000000006,0.06309780478477478
curv,0.425,0.25,8,1,0.34601083,-0.40275908,3,0.175,0.09601083397865295
curv,0.475,0.25,9,1,0.37892383,-0.29424027,3,0.22499999999999998,0.12892383337020874
curv,0.525,0.25,10,1,0.41183683,-0.18572149,3,0.275,0.16183683276176453
curv,0.575,0.25,11,1,0.44474986,-0.07720259,3,0.32499999999999996,0.1947498619556427
curv,0.625,0.25,12,1,0.4776629,0.03131631,3,0.375,0.22766289114952087
curv,0.675,0.25,13,1,0.51057595,0.13983509,3,0.42500000000000004,0.26057595014572144
curv,0.7250000000000001,0.25,14,1,0.5434889,0.24835399,3,0.4750000000000001,0.29348891973495483
flat,0.275,0.7500000000000001,0,0,0.50071734,-0.180558,3,-0.4750000000000001,-0.24928265810012828
flat,0.325,0.7500000000000001,1,0,0.5336304,-0.07203919,3,-0.4250000000000001,-0.2163696289062501
flat,0.37500000000000006,0.7500000000000001,2,0,0.56654334,0.036479622,3,-0.37500000000000006,-0.1834566593170167
flat,0.425,0.7500000000000001,3,0,0.5994564,0.14499858,3,-0.3250000000000001,-0.15054357051849376
flat,0.475,0.7500000000000001,4,0,0.6282351,0.24059835,3,-0.27500000000000013,-0.12176489830017101
flat,0.525,0.7500000000000001,5,0,0.65549093,0.33143958,3,-0.2250000000000001,-0.09450906515121471
flat,0.575,0.7500000000000001,6,0,0.68274677,0.42228094,3,-0.17500000000000016,-0.06725323200225841
flat,0.625,0.7500000000000001,7,0,0.70954764,0.51375175,3,-0.1250000000000001,-0.04045236110687267
flat,0.675,0.7500000000000001,8,0,0.7363343,0.605242,3,-0.07500000000000007,-0.01366567611694347
flat,0.7250000000000001,0.7500000000000001,9,0,0.763121,0.6967323,3,-0.025000000000000022,0.013121008872985729
flat,0.7749999999999999,0.7500000000000001,10,1,0.7899077,0.78822255,3,0.0249999999999998,0.03990769386291493
flat,0.7749999999999999,0.7500000000000001,10,1,0.7899077,0.78822255,3,0.0249999999999998,0.03990769386291493
flat,0.825,0.7500000000000001,11,1,0.81669444,0.87971294,3,0.07499999999999984,0.0666944384574889
flat,0.825,0.7500000000000001,11,1,0.81669444,0.87971294,3,0.07499999999999984,0.0666944384574889
flat,0.8749999999999999,0.7500000000000001,12,1,0.8432932,0.9705347,3,0.12499999999999978,0.0932931900024413
flat,0.8749999999999999,0.7500000000000001,12,1,0.8432932,0.9705347,3,0.12499999999999978,0.0932931900024413
flat,0.9249999999999999,0.7500000000000001,13,1,0.8591824,1.0232604,3,0.17499999999999982,0.1091824173927306
flat,0.9249999999999999,0.7500000000000001,13,1,0.8591824,1.0232604,3,0.17499999999999982,0.1091824173927306
flat,0.975,0.7500000000000001,14,1,0.8750718,1.0759863,3,0.22499999999999987,0.12507182359695423
flat,0.975,0.7500000000000001,14,1,0.8750718,1.0759863,3,0.22499999999999987,0.12507182359695423
base,0.025000000000000022,0.5,0,0,0.20942949,-0.997031,3,-0.475,-0.2905705124139786
base,0.075,0.5,1,0,0.24234249,-0.88851213,3,-0.425,-0.2576575130224228
base,0.12500000000000003,0.5,2,0,0.2752555,-0.7799933,3,-0.375,-0.2247444987297058
base,0.17500000000000002,0.5,3,0,0.30816853,-0.67147446,3,-0.32499999999999996,-0.19183146953582764
base,0.225,0.5,4,0,0.34108153,-0.56295574,3,-0.275,-0.15891847014427185
base,0.275,0.5,5,0,0.37399456,-0.4544368,3,-0.22499999999999998,-0.12600544095039368
base,0.325,0.5,6,0,0.4069076,-0.34591794,3,-0.175,-0.0930924117565155
base,0.37500000000000006,0.5,7,0,0.4398206,-0.23739915,3,-0.12499999999999994,-0.06017941236495972
base,0.425,0.5,8,0,0.47273362,-0.12888032,3,-0.07500000000000001,-0.027266383171081543
base,0.475,0.5,9,0,0.5056466,-0.020361513,3,-0.025000000000000022,0.0056465864181518555
base,0.525,0.5,10,1,0.5385596,0.08815727,3,0.025000000000000022,0.03855961561203003
base,0.575,0.5,11,1,0.57147264,0.19667622,3,0.07499999999999996,0.0714726448059082
base,0.625,0.5,12,1,0.6031335,0.3012822,3,0.125,0.10313349962234497
base,0.675,0.5,13,1,0.63038933,0.39212355,3,0.17500000000000004,0.13038933277130127
base,0.7250000000000001,0.5,14,1,0.65764517,0.48296478,3,0.2250000000000001,0.15764516592025757
base,0.7749999999999999,0.5,15,1,0.684901,0.57380605,3,0.2749999999999999,0.18490099906921387
base,0.825,0.5,16,1,0.7121569,0.66464734,3,0.32499999999999996,0.21215689182281494
base,0.8749999999999999,0.5,17,1,0.7394127,0.75548863,3,0.3749999999999999,0.23941272497177124
base,0.9249999999999999,0.5,18,1,0.7656202,0.84260035,3,0.42499999999999993,0.2656201720237732
base,0.975,0.5,19,1,0.7819786,0.89467716,3,0.475,0.2819786071777344
curv,0.025000000000000022,0.25,0,0,0.082706705,-1.2709097,3,-0.22499999999999998,-0.16729329526424408
curv,0.025000000000000022,0.25,0,0,0.082706705,-1.2709097,3,-0.22499999999999998,-0.16729329526424408
curv,0.075,0.25,1,0,0.11561972,-1.162391,3,-0.175,-0.1343802809715271
curv,0.075,0.25,1,0,0.11561972,-1.162391,3,-0.175,-0.1343802809715271
curv,0.12500000000000003,0.25,2,0,0.14853273,-1.0538721,3,-0.12499999999999997,-0.10146726667881012
curv,0.12500000000000003,0.25,2,0,0.14853273,-1.0538721,3,-0.12499999999999997,-0.10146726667881012
curv,0.17500000000000002,0.25,3,0,0.18144573,-0.94535327,3,-0.07499999999999998,-0.06855426728725433
curv,0.17500000000000002,0.25,3,0,0.18144573,-0.94535327,3,-0.07499999999999998,-0.06855426728725433
curv,0.225,0.25,4,0,0.21435876,-0.83683443,3,-0.024999999999999994,-0.03564123809337616
curv,0.225,0.25,4,0,0.21435876,-0.83683443,3,-0.024999999999999994,-0.03564123809337616
curv,0.275,0.25,5,1,0.24727179,-0.72831553,3,0.025000000000000022,-0.002728208899497986
curv,0.325,0.25,6,1,0.28018478,-0.61979675,3,0.07500000000000001,0.030184775590896606
curv,0.37500000000000006,0.25,7,1,0.3130978,-0.5112779,3,0.12500000000000006,0.06309780478477478
curv,0.425,0.25,8,1,0.34601083,-0.40275908,3,0.175,0.09601083397865295
curv,0.475,0.25,9,1,0.37892383,-0.29424027,3,0.22499999999999998,0.12892383337020874
curv,0.525,0.25,10,1,0.41183683,-0.18572149,3,0.275,0.16183683276176453
curv,0.575,0.25,11,1,0.44474986,-0.07720259,3,0.32499999999999996,0.1947498619556427
curv,0.625,0.25,12,1,0.4776629,0.03131631,3,0.375,0.22766289114952087
curv,0.675,0.25,13,1,0.51057595,0.13983509,3,0.42500000000000004,0.26057595014572144
curv,0.7250000000000001,0.25,14,1,0.5434889,0.24835399,3,0.4750000000000001,0.29348891973495483
flat,0.275,0.7500000000000001,0,0,0.50071734,-0.180558,3,-0.4750000000000001,-0.24928265810012828
flat,0.325,0.7500000000000001,1,0,0.5336304,-0.07203919,3,-0.4250000000000001,-0.2163696289062501
flat,0.37500000000000006,0.7500000000000001,2,0,0.56654334,0.036479622,3,-0.37500000000000006,-0.1834566593170167
flat,0.425,0.7500000000000001,3,0,0.5994564,0.14499858,3,-0.3250000000000001,-0.15054357051849376
flat,0.475,0.7500000000000001,4,0,0.6282351,0.24059835,3,-0.27500000000000013,-0.12176489830017101
flat,0.525,0.7500000000000001,5,0,0.65549093,0.33143958,3,-0.2250000000000001,-0.09450906515121471
flat,0.575,0.7500000000000001,6,0,0.68274677,0.42228094,3,-0.17500000000000016,-0.06725323200225841
flat,0.625,0.7500000000000001,7,0,0.70954764,0.51375175,3,-0.1250000000000001,-0.04045236110687267
flat,0.675,0.7500000000000001,8,0,0.7363343,0.605242,3,-0.07500000000000007,-0.01366567611694347
flat,0.7250000000000001,0.7500000000000001,9,0,0.763121,0.6967323,3,-0.025000000000000022,0.013121008872985729
flat,0.7749999999999999,0.7500000000000001,10,1,0.7899077,0.78822255,3,0.0249999999999998,0.03990769386291493
flat,0.7749999999999999,0.7500000000000001,10,1,0.7899077,0.78822255,3,0.0249999999999998,0.03990769386291493
flat,0.825,0.7500000000000001,11,1,0.81669444,0.87971294,3,0.07499999999999984,0.0666944384574889
flat,0.825,0.7500000000000001,11,1,0.81669444,0.87971294,3,0.07499999999999984,0.0666944384574889
flat,0.8749999999999999,0.7500000000000001,12,1,0.8432932,0.9705347,3,0.12499999999999978,0.0932931900024413
flat,0.8749999999999999,0.7500000000000001,12,1,0.8432932,0.9705347,3,0.12499999999999978,0.0932931900024413
flat,0.9249999999999999,0.7500000000000001,13,1,0.8591824,1.0232604,3,0.17499999999999982,0.1091824173927306
flat,0.9249999999999999,0.7500000000000001,13,1,0.8591824,1.0232604,3,0.17499999999999982,0.1091824173927306
flat,0.975,0.7500000000000001,14,1,0.8750718,1.0759863,3,0.22499999999999987,0.12507182359695423
flat,0.975,0.7500000000000001,14,1,0.8750718,1.0759863,3,0.22499999999999987,0.12507182359695423
base,0.025000000000000022,0.5,0,0,0.20942949,-0.997031,3,-0.475,-0.2905705124139786
base,0.075,0.5,1,0,0.24234249,-0.88851213,3,-0.425,-0.2576575130224228
base,0.12500000000000003,0.5,2,0,0.2752555,-0.7799933,3,-0.375,-0.2247444987297058
base,0.17500000000000002,0.5,3,0,0.30816853,-0.67147446,3,-0.32499999999999996,-0.19183146953582764
base,0.225,0.5,4,0,0.34108153,-0.56295574,3,-0.275,-0.15891847014427185
base,0.275,0.5,5,0,0.37399456,-0.4544368,3,-0.22499999999999998,-0.12600544095039368
base,0.325,0.5,6,0,0.4069076,-0.34591794,3,-0.175,-0.0930924117565155
base,0.37500000000000006,0.5,7,0,0.4398206,-0.23739915,3,-0.12499999999999994,-0.06017941236495972
base,0.425,0.5,8,0,0.47273362,-0.12888032,3,-0.07500000000000001,-0.027266383171081543
base,0.475,0.5,9,0,0.5056466,-0.020361513,3,-0.025000000000000022,0.0056465864181518555
base,0.525,0.5,10,1,0.5385596,0.08815727,3,0.025000000000000022,0.03855961561203003
base,0.575,0.5,11,1,0.57147264,0.19667622,3,0.07499999999999996,0.0714726448059082
base,0.625,0.5,12,1,0.6031335,0.3012822,3,0.125,0.10313349962234497
base,0.675,0.5,13,1,0.63038933,0.39212355,3,0.17500000000000004,0.13038933277130127
base,0.7250000000000001,0.5,14,1,0.65764517,0.48296478,3,0.2250000000000001,0.15764516592025757
base,0.7749999999999999,0.5,15,1,0.684901,0.57380605,3,0.2749999999999999,0.18490099906921387
base,0.825,0.5,16,1,0.7121569,0.66464734,3,0.32499999999999996,0.21215689182281494
base,0.8749999999999999,0.5,17,1,0.7394127,0.75548863,3,0.3749999999999999,0.23941272497177124
base,0.9249999999999999,0.5,18,1,0.7656202,0.84260035,3,0.42499999999999993,0.2656201720237732
base,0.975,0.5,19,1,0.7819786,0.89467716,3,0.475,0.2819786071777344
curv,0.025000000000000022,0.25,0,0,0.082706705,-1.2709097,3,-0.22499999999999998,-0.16729329526424408
curv,0.025000000000000022,0.25,0,0,0.082706705,-1.2709097,3,-0.22499999999999998,-0.16729329526424408
curv,0.075,0.25,1,0,0.11561972,-1.162391,3,-0.175,-0.1343802809715271
curv,0.075,0.25,1,0,0.11561972,-1.162391,3,-0.175,-0.1343802809715271
curv,0.12500000000000003,0.25,2,0,0.14853273,-1.0538721,3,-0.12499999999999997,-0.10146726667881012
curv,0.12500000000000003,0.25,2,0,0.14853273,-1.0538721,3,-0.12499999999999997,-0.10146726667881012
curv,0.17500000000000002,0.25,3,0,0.18144573,-0.94535327,3,-0.07499999999999998,-0.06855426728725433
curv,0.17500000000000002,0.25,3,0,0.18144573,-0.94535327,3,-0.07499999999999998,-0.06855426728725433
curv,0.225,0.25,4,0,0.21435876,-0.83683443,3,-0.024999999999999994,-0.03564123809337616
curv,0.225,0.25,4,0,0.21435876,-0.83683443,3,-0.024999999999999994,-0.03564123809337616
curv,0.275,0.25,5,1,0.24727179,-0.72831553,3,0.025000000000000022,-0.002728208899497986
curv,0.325,0.25,6,1,0.28018478,-0.61979675,3,0.07500000000000001,0.030184775590896606
curv,0.37500000000000006,0.25,7,1,0.3130978,-0.5112779,3,0.12500000000000006,0.06309780478477478
curv,0.425,0.25,8,1,0.34601083,-0.40275908,3,0.175,0.09601083397865295
curv,0.475,0.25,9,1,0.37892383,-0.29424027,3,0.22499999999999998,0.12892383337020874
curv,0.525,0.25,10,1,0.41183683,-0.18572149,3,0.275,0.16183683276176453
curv,0.575,0.25,11,1,0.44474986,-0.07720259,3,0.32499999999999996,0.1947498619556427
curv,0.625,0.25,12,1,0.4776629,0.03131631,3,0.375,0.22766289114952087
curv,0.675,0.25,13,1,0.51057595,0.13983509,3,0.42500000000000004,0.26057595014572144
curv,0.7250000000000001,0.25,14,1,0.5434889,0.24835399,3,0.4750000000000001,0.29348891973495483
flat,0.275,0.7500000000000001,0,0,0.50071734,-0.180558,3,-0.4750000000000001,-0.24928265810012828
flat,0.325,0.7500000000000001,1,0,0.5336304,-0.07203919,3,-0.4250000000000001,-0.2163696289062501
flat,0.37500000000000006,0.7500000000000001,2,0,0.56654334,0.036479622,3,-0.37500000000000006,-0.1834566593170167
flat,0.425,0.7500000000000001,3,0,0.5994564,0.14499858,3,-0.3250000000000001,-0.15054357051849376
flat,0.475,0.7500000000000001,4,0,0.6282351,0.24059835,3,-0.27500000000000013,-0.12176489830017101
flat,0.525,0.7500000000000001,5,0,0.65549093,0.33143958,3,-0.2250000000000001,-0.09450906515121471
flat,0.575,0.7500000000000001,6,0,0.68274677,0.42228094,3,-0.17500000000000016,-0.06725323200225841
flat,0.625,0.7500000000000001,7,0,0.70954764,0.51375175,3,-0.1250000000000001,-0.04045236110687267
flat,0.675,0.7500000000000001,8,0,0.7363343,0.605242,3,-0.07500000000000007,-0.01366567611694347
flat,0.7250000000000001,0.7500000000000001,9,0,0.763121,0.6967323,3,-0.025000000000000022,0.013121008872985729
flat,0.7749999999999999,0.7500000000000001,10,1,0.7899077,0.78822255,3,0.0249999999999998,0.03990769386291493
flat,0.7749999999999999,0.7500000000000001,10,1,0.7899077,0.78822255,3,0.0249999999999998,0.03990769386291493
flat,0.825,0.7500000000000001,11,1,0.81669444,0.87971294,3,0.07499999999999984,0.0666944384574889
flat,0.825,0.7500000000000001,11,1,0.81669444,0.87971294,3,0.07499999999999984,0.0666944384574889
flat,0.8749999999999999,0.7500000000000001,12,1,0.8432932,0.9705347,3,0.12499999999999978,0.0932931900024413
flat,0.8749999999999999,0.7500000000000001,12,1,0.8432932,0.9705347,3,0.12499999999999978,0.0932931900024413
flat,0.9249999999999999,0.7500000000000001,13,1,0.8591824,1.0232604,3,0.17499999999999982,0.1091824173927306
flat,0.9249999999999999,0.7500000000000001,13,1,0.8591824,1.0232604,3,0.17499999999999982,0.1091824173927306
flat,0.975,0.7500000000000001,14,1,0.8750718,1.0759863,3,0.22499999999999987,0.12507182359695423
flat,0.975,0.7500000000000001,14,1,0.8750718,1.0759863,3,0.22499999999999987,0.12507182359695423
base,0.025000000000000022,0.5,0,0,0.2531562,-0.28871158,4,-0.475,-0.24684381484985352
base,0.075,0.5,1,0,0.2728092,-0.25108826,4,-0.425,-0.2271907925605774
base,0.12500000000000003,0.5,2,0,0.29246223,-0.21346493,4,-0.375,-0.20753777027130127
base,0.17500000000000002,0.5,3,0,0.31719947,-0.17034414,4,-0.32499999999999996,-0.1828005313873291
base,0.225,0.5,4,0,0.34817117,-0.12048188,4,-0.275,-0.1518288254737854
base,0.275,0.5,5,0,0.37914294,-0.07061967,4,-0.22499999999999998,-0.12085705995559692
base,0.325,0.5,6,0,0.41011465,-0.020757467,4,-0.175,-0.08988535404205322
base,0.37500000000000006,0.5,7,0,0.44108635,0.02910477,4,-0.12499999999999994,-0.05891364812850952
base,0.425,0.5,8,0,0.47205806,0.078966975,4,-0.07500000000000001,-0.02794194221496582
base,0.475,0.5,9,0,0.50302976,0.12882921,4,-0.025000000000000022,0.003029763698577881
base,0.525,0.5,10,1,0.5340015,0.17869142,4,0.025000000000000022,0.03400152921676636
base,0.575,0.5,11,1,0.5649733,0.22855368,4,0.07499999999999996,0.06497329473495483
base,0.625,0.5,12,1,0.59594506,0.27841595,4,0.125,0.09594506025314331
base,0.675,0.5,13,1,0.62499636,0.32515052,4,0.17500000000000004,0.1249963641166687
base,0.7250000000000001,0.5,14,1,0.6524908,0.3693497,4,0.2250000000000001,0.1524907946586609
base,0.7749999999999999,0.5,15,1,0.6799852,0.41354874,4,0.2749999999999999,0.17998522520065308
base,0.825,0.5,16,1,0.70747966,0.45774785,4,0.32499999999999996,0.20747965574264526
base,0.8749999999999999,0.5,17,1,0.7349741,0.50194705,4,0.3749999999999999,0.23497408628463745
base,0.9249999999999999,0.5,18,1,0.7624685,0.54614615,4,0.42499999999999993,0.26246851682662964
base,0.975,0.5,19,1,0.78996295,0.59034514,4,0.475,0.2899629473686218
curv,0.025000000000000022,0.25,0,0,0.16429834,-0.30428773,4,-0.22499999999999998,-0.08570165932178497
curv,0.025000000000000022,0.25,0,0,0.16429834,-0.30428773,4,-0.22499999999999998,-0.08570165932178497
curv,0.075,0.25,1,0,0.18395136,-0.26666442,4,-0.175,-0.06604863703250885
curv,0.075,0.25,1,0,0.18395136,-0.26666442,4,-0.175,-0.06604863703250885
curv,0.12500000000000003,0.25,2,0,0.20360444,-0.2290411,4,-0.12499999999999997,-0.04639555513858795
curv,0.12500000000000003,0.25,2,0,0.20360444,-0.2290411,4,-0.12499999999999997,-0.04639555513858795
curv,0.17500000000000002,0.25,3,0,0.22414066,-0.1904628,4,-0.07499999999999998,-0.025859341025352478
curv,0.17500000000000002,0.25,3,0,0.22414066,-0.1904628,4,-0.07499999999999998,-0.025859341025352478
curv,0.225,0.25,4,0,0.2551124,-0.14060059,4,-0.024999999999999994,0.005112409591674805
curv,0.225,0.25,4,0,0.2551124,-0.14060059,4,-0.024999999999999994,0.005112409591674805
curv,0.275,0.25,5,1,0.28608412,-0.09073833,4,0.025000000000000022,0.036084115505218506
curv,0.325,0.25,6,1,0.31705582,-0.04087612,4,0.07500000000000001,0.06705582141876221
curv,0.37500000000000006,0.25,7,1,0.3480276,0.008986145,4,0.12500000000000006,0.09802758693695068
curv,0.425,0.25,8,1,0.3789993,0.05884838,4,0.175,0.12899929285049438
curv,0.475,0.25,9,1,0.40997106,0.10871056,4,0.22499999999999998,0.15997105836868286
curv,0.525,0.25,10,1,0.44094282,0.15857282,4,0.275,0.19094282388687134
curv,0.575,0.25,11,1,0.47191447,0.20843509,4,0.32499999999999996,0.22191447019577026
curv,0.625,0.25,12,1,0.50288624,0.25829723,4,0.375,0.25288623571395874
curv,0.675,0.25,13,1,0.533858,0.3081595,4,0.42500000000000004,0.2838580012321472
curv,0.7250000000000001,0.25,14,1,0.56482977,0.35802177,4,0.4750000000000001,0.3148297667503357
flat,0.275,0.7500000000000001,0,0,0.4722017,-0.05050102,4,-0.4750000000000001,-0.27779829502105724
flat,0.325,0.7500000000000001,1,0,0.5031735,-0.0006388128,4,-0.4250000000000001,-0.24682652950286876
flat,0.37500000000000006,0.7500000000000001,2,0,0.5341452,0.049223423,4,-0.37500000000000006,-0.21585482358932506
flat,0.425,0.7500000000000001,3,0,0.5651169,0.09908566,4,-0.3250000000000001,-0.18488311767578136
flat,0.475,0.7500000000000001,4,0,0.5960886,0.14894786,4,-0.27500000000000013,-0.15391141176223766
flat,0.525,0.7500000000000001,5,0,0.62579066,0.19674233,4,-0.2250000000000001,-0.12420934438705455
flat,0.575,0.7500000000000001,6,0,0.6532851,0.24094144,4,-0.17500000000000016,-0.09671491384506237
flat,0.625,0.7500000000000001,7,0,0.6807795,0.28514054,4,-0.1250000000000001,-0.06922048330307018
flat,0.675,0.7500000000000001,8,0,0.70827395,0.3293397,4,-0.07500000000000007,-0.04172605276107799
flat,0.7250000000000001,0.7500000000000001,9,0,0.73576844,0.37353882,4,-0.025000000000000022,-0.014231562614441029
flat,0.7749999999999999,0.7500000000000001,10,1,0.7632628,0.41773787,4,0.0249999999999998,0.013262808322906383
flat,0.7749999999999999,0.7500000000000001,10,1,0.7632628,0.41773787,4,0.0249999999999998,0.013262808322906383
flat,0.825,0.7500000000000001,11,1,0.79075736,0.46193704,4,0.07499999999999984,0.04075735807418812
flat,0.825,0.7500000000000001,11,1,0.79075736,0.46193704,4,0.07499999999999984,0.04075735807418812
flat,0.8749999999999999,0.7500000000000001,12,1,0.8182517,0.5061362,4,0.12499999999999978,0.06825172901153553
flat,0.8749999999999999,0.7500000000000001,12,1,0.8182517,0.5061362,4,0.12499999999999978,0.06825172901153553
flat,0.9249999999999999,0.7500000000000001,13,1,0.8457462,0.5503353,4,0.17499999999999982,0.0957462191581725
flat,0.9249999999999999,0.7500000000000001,13,1,0.8457462,0.5503353,4,0.17499999999999982,0.0957462191581725
flat,0.975,0.7500000000000001,14,1,0.87324065,0.5945344,4,0.22499999999999987,0.12324064970016468
flat,0.975,0.7500000000000001,14,1,0.87324065,0.5945344,4,0.22499999999999987,0.12324064970016468
base,0.025000000000000022,0.5,0,0,0.2531562,-0.28871158,4,-0.475,-0.24684381484985352
base,0.075,0.5,1,0,0.2728092,-0.25108826,4,-0.425,-0.2271907925605774
base,0.12500000000000003,0.5,2,0,0.29246223,-0.21346493,4,-0.375,-0.20753777027130127
base,0.17500000000000002,0.5,3,0,0.31719947,-0.17034414,4,-0.32499999999999996,-0.1828005313873291
base,0.225,0.5,4,0,0.34817117,-0.12048188,4,-0.275,-0.1518288254737854
base,0.275,0.5,5,0,0.37914294,-0.07061967,4,-0.22499999999999998,-0.12085705995559692
base,0.325,0.5,6,0,0.41011465,-0.020757467,4,-0.175,-0.08988535404205322
base,0.37500000000000006,0.5,7,0,0.44108635,0.02910477,4,-0.12499999999999994,-0.05891364812850952
base,0.425,0.5,8,0,0.47205806,0.078966975,4,-0.07500000000000001,-0.02794194221496582
base,0.475,0.5,9,0,0.50302976,0.12882921,4,-0.025000000000000022,0.003029763698577881
base,0.525,0.5,10,1,0.5340015,0.17869142,4,0.025000000000000022,0.03400152921676636
base,0.575,0.5,11,1,0.5649733,0.22855368,4,0.07499999999999996,0.06497329473495483
base,0.625,0.5,12,1,0.59594506,0.27841595,4,0.125,0.09594506025314331
base,0.675,0.5,13,1,0.62499636,0.32515052,4,0.17500000000000004,0.1249963641166687
base,0.7250000000000001,0.5,14,1,0.6524908,0.3693497,4,0.2250000000000001,0.1524907946586609
base,0.7749999999999999,0.5,15,1,0.6799852,0.41354874,4,0.2749999999999999,0.17998522520065308
base,0.825,0.5,16,1,0.70747966,0.45774785,4,0.32499999999999996,0.20747965574264526
base,0.8749999999999999,0.5,17,1,0.7349741,0.50194705,4,0.3749999999999999,0.23497408628463745
base,0.9249999999999999,0.5,18,1,0.7624685,0.54614615,4,0.42499999999999993,0.26246851682662964
base,0.975,0.5,19,1,0.78996295,0.59034514,4,0.475,0.2899629473686218
curv,0.025000000000000022,0.25,0,0,0.16429834,-0.30428773,4,-0.22499999999999998,-0.08570165932178497
curv,0.025000000000000022,0.25,0,0,0.16429834,-0.30428773,4,-0.22499999999999998,-0.08570165932178497
curv,0.075,0.25,1,0,0.18395136,-0.26666442,4,-0.175,-0.06604863703250885
curv,0.075,0.25,1,0,0.18395136,-0.26666442,4,-0.175,-0.06604863703250885
curv,0.12500000000000003,0.25,2,0,0.20360444,-0.2290411,4,-0.12499999999999997,-0.04639555513858795
curv,0.12500000000000003,0.25,2,0,0.20360444,-0.2290411,4,-0.12499999999999997,-0.04639555513858795
curv,0.17500000000000002,0.25,3,0,0.22414066,-0.1904628,4,-0.07499999999999998,-0.025859341025352478
curv,0.17500000000000002,0.25,3,0,0.22414066,-0.1904628,4,-0.07499999999999998,-0.025859341025352478
curv,0.225,0.25,4,0,0.2551124,-0.14060059,4,-0.024999999999999994,0.005112409591674805
curv,0.225,0.25,4,0,0.2551124,-0.14060059,4,-0.024999999999999994,0.005112409591674805
curv,0.275,0.25,5,1,0.28608412,-0.09073833,4,0.025000000000000022,0.036084115505218506
curv,0.325,0.25,6,1,0.31705582,-0.04087612,4,0.07500000000000001,0.06705582141876221
curv,0.37500000000000006,0.25,7,1,0.3480276,0.008986145,4,0.12500000000000006,0.09802758693695068
curv,0.425,0.25,8,1,0.3789993,0.05884838,4,0.175,0.12899929285049438
curv,0.475,0.25,9,1,0.40997106,0.10871056,4,0.22499999999999998,0.15997105836868286
curv,0.525,0.25,10,1,0.44094282,0.15857282,4,0.275,0.19094282388687134
curv,0.575,0.25,11,1,0.47191447,0.20843509,4,0.32499999999999996,0.22191447019577026
curv,0.625,0.25,12,1,0.50288624,0.25829723,4,0.375,0.25288623571395874
curv,0.675,0.25,13,1,0.533858,0.3081595,4,0.42500000000000004,0.2838580012321472
curv,0.7250000000000001,0.25,14,1,0.56482977,0.35802177,4,0.4750000000000001,0.3148297667503357
flat,0.275,0.7500000000000001,0,0,0.4722017,-0.05050102,4,-0.4750000000000001,-0.27779829502105724
flat,0.325,0.7500000000000001,1,0,0.5031735,-0.0006388128,4,-0.4250000000000001,-0.24682652950286876
flat,0.37500000000000006,0.7500000000000001,2,0,0.5341452,0.049223423,4,-0.37500000000000006,-0.21585482358932506
flat,0.425,0.7500000000000001,3,0,0.5651169,0.09908566,4,-0.3250000000000001,-0.18488311767578136
flat,0.475,0.7500000000000001,4,0,0.5960886,0.14894786,4,-0.27500000000000013,-0.15391141176223766
flat,0.525,0.7500000000000001,5,0,0.62579066,0.19674233,4,-0.2250000000000001,-0.12420934438705455
flat,0.575,0.7500000000000001,6,0,0.6532851,0.24094144,4,-0.17500000000000016,-0.09671491384506237
flat,0.625,0.7500000000000001,7,0,0.6807795,0.28514054,4,-0.1250000000000001,-0.06922048330307018
flat,0.675,0.7500000000000001,8,0,0.70827395,0.3293397,4,-0.07500000000000007,-0.04172605276107799
flat,0.7250000000000001,0.7500000000000001,9,0,0.73576844,0.37353882,4,-0.025000000000000022,-0.014231562614441029
flat,0.7749999999999999,0.7500000000000001,10,1,0.7632628,0.41773787,4,0.0249999999999998,0.013262808322906383
flat,0.7749999999999999,0.7500000000000001,10,1,0.7632628,0.41773787,4,0.0249999999999998,0.013262808322906383
flat,0.825,0.7500000000000001,11,1,0.79075736,0.46193704,4,0.07499999999999984,0.04075735807418812
flat,0.825,0.7500000000000001,11,1,0.79075736,0.46193704,4,0.07499999999999984,0.04075735807418812
flat,0.8749999999999999,0.7500000000000001,12,1,0.8182517,0.5061362,4,0.12499999999999978,0.06825172901153553
flat,0.8749999999999999,0.7500000000000001,12,1,0.8182517,0.5061362,4,0.12499999999999978,0.06825172901153553
flat,0.9249999999999999,0.7500000000000001,13,1,0.8457462,0.5503353,4,0.17499999999999982,0.0957462191581725
flat,0.9249999999999999,0.7500000000000001,13,1,0.8457462,0.5503353,4,0.17499999999999982,0.0957462191581725
flat,0.975,0.7500000000000001,14,1,0.87324065,0.5945344,4,0.22499999999999987,0.12324064970016468
flat,0.975,0.7500000000000001,14,1,0.87324065,0.5945344,4,0.22499999999999987,0.12324064970016468
base,0.025000000000000022,0.5,0,0,0.2531562,-0.28871158,4,-0.475,-0.24684381484985352
base,0.075,0.5,1,0,0.2728092,-0.25108826,4,-0.425,-0.2271907925605774
base,0.12500000000000003,0.5,2,0,0.29246223,-0.21346493,4,-0.375,-0.20753777027130127
base,0.17500000000000002,0.5,3,0,0.31719947,-0.17034414,4,-0.32499999999999996,-0.1828005313873291
base,0.225,0.5,4,0,0.34817117,-0.12048188,4,-0.275,-0.1518288254737854
base,0.275,0.5,5,0,0.37914294,-0.07061967,4,-0.22499999999999998,-0.12085705995559692
base,0.325,0.5,6,0,0.41011465,-0.020757467,4,-0.175,-0.08988535404205322
base,0.37500000000000006,0.5,7,0,0.44108635,0.02910477,4,-0.12499999999999994,-0.05891364812850952
base,0.425,0.5,8,0,0.47205806,0.078966975,4,-0.07500000000000001,-0.02794194221496582
base,0.475,0.5,9,0,0.50302976,0.12882921,4,-0.025000000000000022,0.003029763698577881
base,0.525,0.5,10,1,0.5340015,0.17869142,4,0.025000000000000022,0.03400152921676636
base,0.575,0.5,11,1,0.5649733,0.22855368,4,0.07499999999999996,0.06497329473495483
base,0.625,0.5,12,1,0.59594506,0.27841595,4,0.125,0.09594506025314331
base,0.675,0.5,13,1,0.62499636,0.32515052,4,0.17500000000000004,0.1249963641166687
base,0.7250000000000001,0.5,14,1,0.6524908,0.3693497,4,0.2250000000000001,0.1524907946586609
base,0.7749999999999999,0.5,15,1,0.6799852,0.41354874,4,0.2749999999999999,0.17998522520065308
base,0.825,0.5,16,1,0.70747966,0.45774785,4,0.32499999999999996,0.20747965574264526
base,0.8749999999999999,0.5,17,1,0.7349741,0.50194705,4,0.3749999999999999,0.23497408628463745
base,0.9249999999999999,0.5,18,1,0.7624685,0.54614615,4,0.42499999999999993,0.26246851682662964
base,0.975,0.5,19,1,0.78996295,0.59034514,4,0.475,0.2899629473686218
curv,0.025000000000000022,0.25,0,0,0.16429834,-0.30428773,4,-0.22499999999999998,-0.08570165932178497
curv,0.025000000000000022,0.25,0,0,0.16429834,-0.30428773,4,-0.22499999999999998,-0.08570165932178497
curv,0.075,0.25,1,0,0.18395136,-0.26666442,4,-0.175,-0.06604863703250885
curv,0.075,0.25,1,0,0.18395136,-0.26666442,4,-0.175,-0.06604863703250885
curv,0.12500000000000003,0.25,2,0,0.20360444,-0.2290411,4,-0.12499999999999997,-0.04639555513858795
curv,0.12500000000000003,0.25,2,0,0.20360444,-0.2290411,4,-0.12499999999999997,-0.04639555513858795
curv,0.17500000000000002,0.25,3,0,0.22414066,-0.1904628,4,-0.07499999999999998,-0.025859341025352478
curv,0.17500000000000002,0.25,3,0,0.22414066,-0.1904628,4,-0.07499999999999998,-0.025859341025352478
curv,0.225,0.25,4,0,0.2551124,-0.14060059,4,-0.024999999999999994,0.005112409591674805
curv,0.225,0.25,4,0,0.2551124,-0.14060059,4,-0.024999999999999994,0.005112409591674805
curv,0.275,0.25,5,1,0.28608412,-0.09073833,4,0.025000000000000022,0.036084115505218506
curv,0.325,0.25,6,1,0.31705582,-0.04087612,4,0.07500000000000001,0.06705582141876221
curv,0.37500000000000006,0.25,7,1,0.3480276,0.008986145,4,0.12500000000000006,0.09802758693695068
curv,0.425,0.25,8,1,0.3789993,0.05884838,4,0.175,0.12899929285049438
curv,0.475,0.25,9,1,0.40997106,0.10871056,4,0.22499999999999998,0.15997105836868286
curv,0.525,0.25,10,1,0.44094282,0.15857282,4,0.275,0.19094282388687134
curv,0.575,0.25,11,1,0.47191447,0.20843509,4,0.32499999999999996,0.22191447019577026
curv,0.625,0.25,12,1,0.50288624,0.25829723,4,0.375,0.25288623571395874
curv,0.675,0.25,13,1,0.533858,0.3081595,4,0.42500000000000004,0.2838580012321472
curv,0.7250000000000001,0.25,14,1,0.56482977,0.35802177,4,0.4750000000000001,0.3148297667503357
flat,0.275,0.7500000000000001,0,0,0.4722017,-0.05050102,4,-0.4750000000000001,-0.27779829502105724
flat,0.325,0.7500000000000001,1,0,0.5031735,-0.0006388128,4,-0.4250000000000001,-0.24682652950286876
flat,0.37500000000000006,0.7500000000000001,2,0,0.5341452,0.049223423,4,-0.37500000000000006,-0.21585482358932506
flat,0.425,0.7500000000000001,3,0,0.5651169,0.09908566,4,-0.3250000000000001,-0.18488311767578136
flat,0.475,0.7500000000000001,4,0,0.5960886,0.14894786,4,-0.27500000000000013,-0.15391141176223766
flat,0.525,0.7500000000000001,5,0,0.62579066,0.19674233,4,-0.2250000000000001,-0.12420934438705455
flat,0.575,0.7500000000000001,6,0,0.6532851,0.24094144,4,-0.17500000000000016,-0.09671491384506237
flat,0.625,0.7500000000000001,7,0,0.6807795,0.28514054,4,-0.1250000000000001,-0.06922048330307018
flat,0.675,0.7500000000000001,8,0,0.70827395,0.3293397,4,-0.07500000000000007,-0.04172605276107799
flat,0.7250000000000001,0.7500000000000001,9,0,0.73576844,0.37353882,4,-0.025000000000000022,-0.014231562614441029
flat,0.7749999999999999,0.7500000000000001,10,1,0.7632628,0.41773787,4,0.0249999999999998,0.013262808322906383
flat,0.7749999999999999,0.7500000000000001,10,1,0.7632628,0.41773787,4,0.0249999999999998,0.013262808322906383
flat,0.825,0.7500000000000001,11,1,0.79075736,0.46193704,4,0.07499999999999984,0.04075735807418812
flat,0.825,0.7500000000000001,11,1,0.79075736,0.46193704,4,0.07499999999999984,0.04075735807418812
flat,0.8749999999999999,0.7500000000000001,12,1,0.8182517,0.5061362,4,0.12499999999999978,0.06825172901153553
flat,0.8749999999999999,0.7500000000000001,12,1,0.8182517,0.5061362,4,0.12499999999999978,0.06825172901153553
flat,0.9249999999999999,0.7500000000000001,13,1,0.8457462,0.5503353,4,0.17499999999999982,0.0957462191581725
flat,0.9249999999999999,0.7500000000000001,13,1,0.8457462,0.5503353,4,0.17499999999999982,0.0957462191581725
flat,0.975,0.7500000000000001,14,1,0.87324065,0.5945344,4,0.22499999999999987,0.12324064970016468
flat,0.975,0.7500000000000001,14,1,0.87324065,0.5945344,4,0.22499999999999987,0.12324064970016468
base,0.025000000000000022,0.5,0,0,0.2531562,-0.28871158,4,-0.475,-0.24684381484985352
base,0.075,0.5,1,0,0.2728092,-0.25108826,4,-0.425,-0.2271907925605774
base,0.12500000000000003,0.5,2,0,0.29246223,-0.21346493,4,-0.375,-0.20753777027130127
base,0.17500000000000002,0.5,3,0,0.31719947,-0.17034414,4,-0.32499999999999996,-0.1828005313873291
base,0.225,0.5,4,0,0.34817117,-0.12048188,4,-0.275,-0.1518288254737854
base,0.275,0.5,5,0,0.37914294,-0.07061967,4,-0.22499999999999998,-0.12085705995559692
base,0.325,0.5,6,0,0.41011465,-0.020757467,4,-0.175,-0.08988535404205322
base,0.37500000000000006,0.5,7,0,0.44108635,0.02910477,4,-0.12499999999999994,-0.05891364812850952
base,0.425,0.5,8,0,0.47205806,0.078966975,4,-0.07500000000000001,-0.02794194221496582
base,0.475,0.5,9,0,0.50302976,0.12882921,4,-0.025000000000000022,0.003029763698577881
base,0.525,0.5,10,1,0.5340015,0.17869142,4,0.025000000000000022,0.03400152921676636
base,0.575,0.5,11,1,0.5649733,0.22855368,4,0.07499999999999996,0.06497329473495483
base,0.625,0.5,12,1,0.59594506,0.27841595,4,0.125,0.09594506025314331
base,0.675,0.5,13,1,0.62499636,0.32515052,4,0.17500000000000004,0.1249963641166687
base,0.7250000000000001,0.5,14,1,0.6524908,0.3693497,4,0.2250000000000001,0.1524907946586609
base,0.7749999999999999,0.5,15,1,0.6799852,0.41354874,4,0.2749999999999999,0.17998522520065308
base,0.825,0.5,16,1,0.70747966,0.45774785,4,0.32499999999999996,0.20747965574264526
base,0.8749999999999999,0.5,17,1,0.7349741,0.50194705,4,0.3749999999999999,0.23497408628463745
base,0.9249999999999999,0.5,18,1,0.7624685,0.54614615,4,0.42499999999999993,0.26246851682662964
base,0.975,0.5,19,1,0.78996295,0.59034514,4,0.475,0.2899629473686218
curv,0.025000000000000022,0.25,0,0,0.16429834,-0.30428773,4,-0.22499999999999998,-0.08570165932178497
curv,0.025000000000000022,0.25,0,0,0.16429834,-0.30428773,4,-0.22499999999999998,-0.08570165932178497
curv,0.075,0.25,1,0,0.18395136,-0.26666442,4,-0.175,-0.06604863703250885
curv,0.075,0.25,1,0,0.18395136,-0.26666442,4,-0.175,-0.06604863703250885
curv,0.12500000000000003,0.25,2,0,0.20360444,-0.2290411,4,-0.12499999999999997,-0.04639555513858795
curv,0.12500000000000003,0.25,2,0,0.20360444,-0.2290411,4,-0.12499999999999997,-0.04639555513858795
curv,0.17500000000000002,0.25,3,0,0.22414066,-0.1904628,4,-0.07499999999999998,-0.025859341025352478
curv,0.17500000000000002,0.25,3,0,0.22414066,-0.1904628,4,-0.07499999999999998,-0.025859341025352478
curv,0.225,0.25,4,0,0.2551124,-0.14060059,4,-0.024999999999999994,0.005112409591674805
curv,0.225,0.25,4,0,0.2551124,-0.14060059,4,-0.024999999999999994,0.005112409591674805
curv,0.275,0.25,5,1,0.28608412,-0.09073833,4,0.025000000000000022,0.036084115505218506
curv,0.325,0.25,6,1,0.31705582,-0.04087612,4,0.07500000000000001,0.06705582141876221
curv,0.37500000000000006,0.25,7,1,0.3480276,0.008986145,4,0.12500000000000006,0.09802758693695068
curv,0.425,0.25,8,1,0.3789993,0.05884838,4,0.175,0.12899929285049438
curv,0.475,0.25,9,1,0.40997106,0.10871056,4,0.22499999999999998,0.15997105836868286
curv,0.525,0.25,10,1,0.44094282,0.15857282,4,0.275,0.19094282388687134
curv,0.575,0.25,11,1,0.47191447,0.20843509,4,0.32499999999999996,0.22191447019577026
curv,0.625,0.25,12,1,0.50288624,0.25829723,4,0.375,0.25288623571395874
curv,0.675,0.25,13,1,0.533858,0.3081595,4,0.42500000000000004,0.2838580012321472
curv,0.7250000000000001,0.25,14,1,0.56482977,0.35802177,4,0.4750000000000001,0.3148297667503357
flat,0.275,0.7500000000000001,0,0,0.4722017,-0.05050102,4,-0.4750000000000001,-0.27779829502105724
flat,0.325,0.7500000000000001,1,0,0.5031735,-0.0006388128,4,-0.4250000000000001,-0.24682652950286876
flat,0.37500000000000006,0.7500000000000001,2,0,0.5341452,0.049223423,4,-0.37500000000000006,-0.21585482358932506
flat,0.425,0.7500000000000001,3,0,0.5651169,0.09908566,4,-0.3250000000000001,-0.18488311767578136
flat,0.475,0.7500000000000001,4,0,0.5960886,0.14894786,4,-0.27500000000000013,-0.15391141176223766
flat,0.525,0.7500000000000001,5,0,0.62579066,0.19674233,4,-0.2250000000000001,-0.12420934438705455
flat,0.575,0.7500000000000001,6,0,0.6532851,0.24094144,4,-0.17500000000000016,-0.09671491384506237
flat,0.625,0.7500000000000001,7,0,0.6807795,0.28514054,4,-0.1250000000000001,-0.06922048330307018
flat,0.675,0.7500000000000001,8,0,0.70827395,0.3293397,4,-0.07500000000000007,-0.04172605276107799
flat,0.7250000000000001,0.7500000000000001,9,0,0.73576844,0.37353882,4,-0.025000000000000022,-0.014231562614441029
flat,0.7749999999999999,0.7500000000000001,10,1,0.7632628,0.41773787,4,0.0249999999999998,0.013262808322906383
flat,0.7749999999999999,0.7500000000000001,10,1,0.7632628,0.41773787,4,0.0249999999999998,0.013262808322906383
flat,0.825,0.7500000000000001,11,1,0.79075736,0.46193704,4,0.07499999999999984,0.04075735807418812
flat,0.825,0.7500000000000001,11,1,0.79075736,0.46193704,4,0.07499999999999984,0.04075735807418812
flat,0.8749999999999999,0.7500000000000001,12,1,0.8182517,0.5061362,4,0.12499999999999978,0.06825172901153553
flat,0.8749999999999999,0.7500000000000001,12,1,0.8182517,0.5061362,4,0.12499999999999978,0.06825172901153553
flat,0.9249999999999999,0.7500000000000001,13,1,0.8457462,0.5503353,4,0.17499999999999982,0.0957462191581725
flat,0.9249999999999999,0.7500000000000001,13,1,0.8457462,0.5503353,4,0.17499999999999982,0.0957462191581725
flat,0.975,0.7500000000000001,14,1,0.87324065,0.5945344,4,0.22499999999999987,0.12324064970016468
flat,0.975,0.7500000000000001,14,1,0.87324065,0.5945344,4,0.22499999999999987,0.12324064970016468
base,0.025000000000000022,0.5,0,0,0.32554728,-0.60152227,5,-0.475,-0.17445272207260132
base,0.075,0.5,1,0,0.32414836,-0.565066,5,-0.425,-0.17585164308547974
base,0.12500000000000003,0.5,2,0,0.33219433,-0.51203203,5,-0.375,-0.16780567169189453
base,0.17500000000000002,0.5,3,0,0.35725737,-0.42912942,5,-0.32499999999999996,-0.14274263381958008
base,0.225,0.5,4,0,0.38232043,-0.34622693,5,-0.275,-0.11767956614494324
base,0.275,0.5,5,0,0.40738347,-0.26332438,5,-0.22499999999999998,-0.09261652827262878
base,0.325,0.5,6,0,0.4324465,-0.18042183,5,-0.175,-0.06755349040031433
base,0.37500000000000006,0.5,7,0,0.45750955,-0.09751928,5,-0.12499999999999994,-0.04249045252799988
base,0.425,0.5,8,0,0.48257264,-0.014616698,5,-0.07500000000000001,-0.01742735505104065
base,0.475,0.5,9,0,0.50763565,0.06828573,5,-0.025000000000000022,0.007635653018951416
base,0.525,0.5,10,1,0.5326987,0.15118828,5,0.025000000000000022,0.03269869089126587
base,0.575,0.5,11,1,0.5577617,0.23409083,5,0.07499999999999996,0.05776172876358032
base,0.625,0.5,12,1,0.5828248,0.31699345,5,0.125,0.08282482624053955
base,0.675,0.5,13,1,0.60788786,0.39989606,5,0.17500000000000004,0.107887864112854
base,0.7250000000000001,0.5,14,1,0.6329509,0.48279855,5,0.2250000000000001,0.13295090198516846
base,0.7749999999999999,0.5,15,1,0.65801394,0.5657009,5,0.2749999999999999,0.1580139398574829
base,0.825,0.5,16,1,0.683077,0.6486037,5,0.32499999999999996,0.18307697772979736
base,0.8749999999999999,0.5,17,1,0.70814,0.731506,5,0.3749999999999999,0.20814001560211182
base,0.9249999999999999,0.5,18,1,0.73320305,0.8144088,5,0.42499999999999993,0.23320305347442627
base,0.975,0.5,19,1,0.7582662,0.8973112,5,0.475,0.2582662105560303
curv,0.025000000000000022,0.25,0,0,0.20356318,-0.38498935,5,-0.22499999999999998,-0.046436816453933716
curv,0.025000000000000022,0.25,0,0,0.20356318,-0.38498935,5,-0.22499999999999998,-0.046436816453933716
curv,0.075,0.25,1,0,0.20216428,-0.3485331,5,-0.175,-0.04783572256565094
curv,0.075,0.25,1,0,0.20216428,-0.3485331,5,-0.175,-0.04783572256565094
curv,0.12500000000000003,0.25,2,0,0.21923362,-0.27966118,5,-0.12499999999999997,-0.030766382813453674
curv,0.12500000000000003,0.25,2,0,0.21923362,-0.27966118,5,-0.12499999999999997,-0.030766382813453674
curv,0.17500000000000002,0.25,3,0,0.24429667,-0.19675858,5,-0.07499999999999998,-0.005703330039978027
curv,0.17500000000000002,0.25,3,0,0.24429667,-0.19675858,5,-0.07499999999999998,-0.005703330039978027
curv,0.225,0.25,4,0,0.2693597,-0.11385614,5,-0.024999999999999994,0.019359707832336426
curv,0.225,0.25,4,0,0.2693597,-0.11385614,5,-0.024999999999999994,0.019359707832336426
curv,0.275,0.25,5,1,0.29442275,-0.030953526,5,0.025000000000000022,0.04442274570465088
curv,0.325,0.25,6,1,0.31948578,0.051948965,5,0.07500000000000001,0.06948578357696533
curv,0.37500000000000006,0.25,7,1,0.34454885,0.13485149,5,0.12500000000000006,0.09454885125160217
curv,0.425,0.25,8,1,0.36961192,0.2177541,5,0.175,0.11961191892623901
curv,0.475,0.25,9,1,0.39467493,0.30065665,5,0.22499999999999998,0.14467492699623108
curv,0.525,0.25,10,1,0.41973802,0.38355914,5,0.275,0.1697380244731903
curv,0.575,0.25,11,1,0.44480106,0.4664617,5,0.32499999999999996,0.19480106234550476
curv,0.625,0.25,12,1,0.4698641,0.5493643,5,0.375,0.2198641002178192
curv,0.675,0.25,13,1,0.49492714,0.63226676,5,0.42500000000000004,0.24492713809013367
curv,0.7250000000000001,0.25,14,1,0.5205405,0.7145363,5,0.4750000000000001,0.2705404758453369
flat,0.275,0.7500000000000001,0,0,0.52034414,-0.4956951,5,-0.4750000000000001,-0.22965586185455333
flat,0.325,0.7500000000000001,1,0,0.5454072,-0.41279268,5,-0.4250000000000001,-0.20459282398223888
flat,0.37500000000000006,0.7500000000000001,2,0,0.5704703,-0.32989007,5,-0.37500000000000006,-0.17952972650527965
flat,0.425,0.7500000000000001,3,0,0.5955333,-0.24698749,5,-0.3250000000000001,-0.1544666886329652
flat,0.475,0.7500000000000001,4,0,0.6205964,-0.16408506,5,-0.27500000000000013,-0.12940359115600597
flat,0.525,0.7500000000000001,5,0,0.64565945,-0.08118248,5,-0.2250000000000001,-0.10434055328369152
flat,0.575,0.7500000000000001,6,0,0.6707225,0.0017199814,5,-0.17500000000000016,-0.07927751541137706
flat,0.625,0.7500000000000001,7,0,0.6957855,0.08462265,5,-0.1250000000000001,-0.05421447753906261
flat,0.675,0.7500000000000001,8,0,0.72084856,0.1675252,5,-0.07500000000000007,-0.029151439666748158
flat,0.7250000000000001,0.7500000000000001,9,0,0.7459116,0.25042775,5,-0.025000000000000022,-0.004088401794433705
flat,0.7749999999999999,0.7500000000000001,10,1,0.77097464,0.3333303,5,0.0249999999999998,0.02097463607788075
flat,0.7749999999999999,0.7500000000000001,10,1,0.77097464,0.3333303,5,0.0249999999999998,0.02097463607788075
flat,0.825,0.7500000000000001,11,1,0.7960377,0.4162328,5,0.07499999999999984,0.0460376739501952
flat,0.825,0.7500000000000001,11,1,0.7960377,0.4162328,5,0.07499999999999984,0.0460376739501952
flat,0.8749999999999999,0.7500000000000001,12,1,0.8211007,0.4991354,5,0.12499999999999978,0.07110071182250965
flat,0.8749999999999999,0.7500000000000001,12,1,0.8211007,0.4991354,5,0.12499999999999978,0.07110071182250965
flat,0.9249999999999999,0.7500000000000001,13,1,0.84616387,0.5820379,5,0.17499999999999982,0.09616386890411366
flat,0.9249999999999999,0.7500000000000001,13,1,0.84616387,0.5820379,5,0.17499999999999982,0.09616386890411366
flat,0.975,0.7500000000000001,14,1,0.8712269,0.6649405,5,0.22499999999999987,0.12122690677642811
flat,0.975,0.7500000000000001,14,1,0.8712269,0.6649405,5,0.22499999999999987,0.12122690677642811
base,0.025000000000000022,0.5,0,0,0.32554728,-0.60152227,5,-0.475,-0.17445272207260132
base,0.075,0.5,1,0,0.32414836,-0.565066,5,-0.425,-0.17585164308547974
base,0.12500000000000003,0.5,2,0,0.33219433,-0.51203203,5,-0.375,-0.16780567169189453
base,0.17500000000000002,0.5,3,0,0.35725737,-0.42912942,5,-0.32499999999999996,-0.14274263381958008
base,0.225,0.5,4,0,0.38232043,-0.34622693,5,-0.275,-0.11767956614494324
base,0.275,0.5,5,0,0.40738347,-0.26332438,5,-0.22499999999999998,-0.09261652827262878
base,0.325,0.5,6,0,0.4324465,-0.18042183,5,-0.175,-0.06755349040031433
base,0.37500000000000006,0.5,7,0,0.45750955,-0.09751928,5,-0.12499999999999994,-0.04249045252799988
base,0.425,0.5,8,0,0.48257264,-0.014616698,5,-0.07500000000000001,-0.01742735505104065
base,0.475,0.5,9,0,0.50763565,0.06828573,5,-0.025000000000000022,0.007635653018951416
base,0.525,0.5,10,1,0.5326987,0.15118828,5,0.025000000000000022,0.03269869089126587
base,0.575,0.5,11,1,0.5577617,0.23409083,5,0.07499999999999996,0.05776172876358032
base,0.625,0.5,12,1,0.5828248,0.31699345,5,0.125,0.08282482624053955
base,0.675,0.5,13,1,0.60788786,0.39989606,5,0.17500000000000004,0.107887864112854
base,0.7250000000000001,0.5,14,1,0.6329509,0.48279855,5,0.2250000000000001,0.13295090198516846
base,0.7749999999999999,0.5,15,1,0.65801394,0.5657009,5,0.2749999999999999,0.1580139398574829
base,0.825,0.5,16,1,0.683077,0.6486037,5,0.32499999999999996,0.18307697772979736
base,0.8749999999999999,0.5,17,1,0.70814,0.731506,5,0.3749999999999999,0.20814001560211182
base,0.9249999999999999,0.5,18,1,0.73320305,0.8144088,5,0.42499999999999993,0.23320305347442627
base,0.975,0.5,19,1,0.7582662,0.8973112,5,0.475,0.2582662105560303
curv,0.025000000000000022,0.25,0,0,0.20356318,-0.38498935,5,-0.22499999999999998,-0.046436816453933716
curv,0.025000000000000022,0.25,0,0,0.20356318,-0.38498935,5,-0.22499999999999998,-0.046436816453933716
curv,0.075,0.25,1,0,0.20216428,-0.3485331,5,-0.175,-0.04783572256565094
curv,0.075,0.25,1,0,0.20216428,-0.3485331,5,-0.175,-0.04783572256565094
curv,0.12500000000000003,0.25,2,0,0.21923362,-0.27966118,5,-0.12499999999999997,-0.030766382813453674
curv,0.12500000000000003,0.25,2,0,0.21923362,-0.27966118,5,-0.12499999999999997,-0.030766382813453674
curv,0.17500000000000002,0.25,3,0,0.24429667,-0.19675858,5,-0.07499999999999998,-0.005703330039978027
curv,0.17500000000000002,0.25,3,0,0.24429667,-0.19675858,5,-0.07499999999999998,-0.005703330039978027
curv,0.225,0.25,4,0,0.2693597,-0.11385614,5,-0.024999999999999994,0.019359707832336426
curv,0.225,0.25,4,0,0.2693597,-0.11385614,5,-0.024999999999999994,0.019359707832336426
curv,0.275,0.25,5,1,0.29442275,-0.030953526,5,0.025000000000000022,0.04442274570465088
curv,0.325,0.25,6,1,0.31948578,0.051948965,5,0.07500000000000001,0.06948578357696533
curv,0.37500000000000006,0.25,7,1,0.34454885,0.13485149,5,0.12500000000000006,0.09454885125160217
curv,0.425,0.25,8,1,0.36961192,0.2177541,5,0.175,0.11961191892623901
curv,0.475,0.25,9,1,0.39467493,0.30065665,5,0.22499999999999998,0.14467492699623108
curv,0.525,0.25,10,1,0.41973802,0.38355914,5,0.275,0.1697380244731903
curv,0.575,0.25,11,1,0.44480106,0.4664617,5,0.32499999999999996,0.19480106234550476
curv,0.625,0.25,12,1,0.4698641,0.5493643,5,0.375,0.2198641002178192
curv,0.675,0.25,13,1,0.49492714,0.63226676,5,0.42500000000000004,0.24492713809013367
curv,0.7250000000000001,0.25,14,1,0.5205405,0.7145363,5,0.4750000000000001,0.2705404758453369
flat,0.275,0.7500000000000001,0,0,0.52034414,-0.4956951,5,-0.4750000000000001,-0.22965586185455333
flat,0.325,0.7500000000000001,1,0,0.5454072,-0.41279268,5,-0.4250000000000001,-0.20459282398223888
flat,0.37500000000000006,0.7500000000000001,2,0,0.5704703,-0.32989007,5,-0.37500000000000006,-0.17952972650527965
flat,0.425,0.7500000000000001,3,0,0.5955333,-0.24698749,5,-0.3250000000000001,-0.1544666886329652
flat,0.475,0.7500000000000001,4,0,0.6205964,-0.16408506,5,-0.27500000000000013,-0.12940359115600597
flat,0.525,0.7500000000000001,5,0,0.64565945,-0.08118248,5,-0.2250000000000001,-0.10434055328369152
flat,0.575,0.7500000000000001,6,0,0.6707225,0.0017199814,5,-0.17500000000000016,-0.07927751541137706
flat,0.625,0.7500000000000001,7,0,0.6957855,0.08462265,5,-0.1250000000000001,-0.05421447753906261
flat,0.675,0.7500000000000001,8,0,0.72084856,0.1675252,5,-0.07500000000000007,-0.029151439666748158
flat,0.7250000000000001,0.7500000000000001,9,0,0.7459116,0.25042775,5,-0.025000000000000022,-0.004088401794433705
flat,0.7749999999999999,0.7500000000000001,10,1,0.77097464,0.3333303,5,0.0249999999999998,0.02097463607788075
flat,0.7749999999999999,0.7500000000000001,10,1,0.77097464,0.3333303,5,0.0249999999999998,0.02097463607788075
flat,0.825,0.7500000000000001,11,1,0.7960377,0.4162328,5,0.07499999999999984,0.0460376739501952
flat,0.825,0.7500000000000001,11,1,0.7960377,0.4162328,5,0.07499999999999984,0.0460376739501952
flat,0.8749999999999999,0.7500000000000001,12,1,0.8211007,0.4991354,5,0.12499999999999978,0.07110071182250965
flat,0.8749999999999999,0.7500000000000001,12,1,0.8211007,0.4991354,5,0.12499999999999978,0.07110071182250965
flat,0.9249999999999999,0.7500000000000001,13,1,0.84616387,0.5820379,5,0.17499999999999982,0.09616386890411366
flat,0.9249999999999999,0.7500000000000001,13,1,0.84616387,0.5820379,5,0.17499999999999982,0.09616386890411366
flat,0.975,0.7500000000000001,14,1,0.8712269,0.6649405,5,0.22499999999999987,0.12122690677642811
flat,0.975,0.7500000000000001,14,1,0.8712269,0.6649405,5,0.22499999999999987,0.12122690677642811
base,0.025000000000000022,0.5,0,0,0.32554728,-0.60152227,5,-0.475,-0.17445272207260132
base,0.075,0.5,1,0,0.32414836,-0.565066,5,-0.425,-0.17585164308547974
base,0.12500000000000003,0.5,2,0,0.33219433,-0.51203203,5,-0.375,-0.16780567169189453
base,0.17500000000000002,0.5,3,0,0.35725737,-0.42912942,5,-0.32499999999999996,-0.14274263381958008
base,0.225,0.5,4,0,0.38232043,-0.34622693,5,-0.275,-0.11767956614494324
base,0.275,0.5,5,0,0.40738347,-0.26332438,5,-0.22499999999999998,-0.09261652827262878
base,0.325,0.5,6,0,0.4324465,-0.18042183,5,-0.175,-0.06755349040031433
base,0.37500000000000006,0.5,7,0,0.45750955,-0.09751928,5,-0.12499999999999994,-0.04249045252799988
base,0.425,0.5,8,0,0.48257264,-0.014616698,5,-0.07500000000000001,-0.01742735505104065
base,0.475,0.5,9,0,0.50763565,0.06828573,5,-0.025000000000000022,0.007635653018951416
base,0.525,0.5,10,1,0.5326987,0.15118828,5,0.025000000000000022,0.03269869089126587
base,0.575,0.5,11,1,0.5577617,0.23409083,5,0.07499999999999996,0.05776172876358032
base,0.625,0.5,12,1,0.5828248,0.31699345,5,0.125,0.08282482624053955
base,0.675,0.5,13,1,0.60788786,0.39989606,5,0.17500000000000004,0.107887864112854
base,0.7250000000000001,0.5,14,1,0.6329509,0.48279855,5,0.2250000000000001,0.13295090198516846
base,0.7749999999999999,0.5,15,1,0.65801394,0.5657009,5,0.2749999999999999,0.1580139398574829
base,0.825,0.5,16,1,0.683077,0.6486037,5,0.32499999999999996,0.18307697772979736
base,0.8749999999999999,0.5,17,1,0.70814,0.731506,5,0.3749999999999999,0.20814001560211182
base,0.9249999999999999,0.5,18,1,0.73320305,0.8144088,5,0.42499999999999993,0.23320305347442627
base,0.975,0.5,19,1,0.7582662,0.8973112,5,0.475,0.2582662105560303
curv,0.025000000000000022,0.25,0,0,0.20356318,-0.38498935,5,-0.22499999999999998,-0.046436816453933716
curv,0.025000000000000022,0.25,0,0,0.20356318,-0.38498935,5,-0.22499999999999998,-0.046436816453933716
curv,0.075,0.25,1,0,0.20216428,-0.3485331,5,-0.175,-0.04783572256565094
curv,0.075,0.25,1,0,0.20216428,-0.3485331,5,-0.175,-0.04783572256565094
curv,0.12500000000000003,0.25,2,0,0.21923362,-0.27966118,5,-0.12499999999999997,-0.030766382813453674
curv,0.12500000000000003,0.25,2,0,0.21923362,-0.27966118,5,-0.12499999999999997,-0.030766382813453674
curv,0.17500000000000002,0.25,3,0,0.24429667,-0.19675858,5,-0.07499999999999998,-0.005703330039978027
curv,0.17500000000000002,0.25,3,0,0.24429667,-0.19675858,5,-0.07499999999999998,-0.005703330039978027
curv,0.225,0.25,4,0,0.2693597,-0.11385614,5,-0.024999999999999994,0.019359707832336426
curv,0.225,0.25,4,0,0.2693597,-0.11385614,5,-0.024999999999999994,0.019359707832336426
curv,0.275,0.25,5,1,0.29442275,-0.030953526,5,0.025000000000000022,0.04442274570465088
curv,0.325,0.25,6,1,0.31948578,0.051948965,5,0.07500000000000001,0.06948578357696533
curv,0.37500000000000006,0.25,7,1,0.34454885,0.13485149,5,0.12500000000000006,0.09454885125160217
curv,0.425,0.25,8,1,0.36961192,0.2177541,5,0.175,0.11961191892623901
curv,0.475,0.25,9,1,0.39467493,0.30065665,5,0.22499999999999998,0.14467492699623108
curv,0.525,0.25,10,1,0.41973802,0.38355914,5,0.275,0.1697380244731903
curv,0.575,0.25,11,1,0.44480106,0.4664617,5,0.32499999999999996,0.19480106234550476
curv,0.625,0.25,12,1,0.4698641,0.5493643,5,0.375,0.2198641002178192
curv,0.675,0.25,13,1,0.49492714,0.63226676,5,0.42500000000000004,0.24492713809013367
curv,0.7250000000000001,0.25,14,1,0.5205405,0.7145363,5,0.4750000000000001,0.2705404758453369
flat,0.275,0.7500000000000001,0,0,0.52034414,-0.4956951,5,-0.4750000000000001,-0.22965586185455333
flat,0.325,0.7500000000000001,1,0,0.5454072,-0.41279268,5,-0.4250000000000001,-0.20459282398223888
flat,0.37500000000000006,0.7500000000000001,2,0,0.5704703,-0.32989007,5,-0.37500000000000006,-0.17952972650527965
flat,0.425,0.7500000000000001,3,0,0.5955333,-0.24698749,5,-0.3250000000000001,-0.1544666886329652
flat,0.475,0.7500000000000001,4,0,0.6205964,-0.16408506,5,-0.27500000000000013,-0.12940359115600597
flat,0.525,0.7500000000000001,5,0,0.64565945,-0.08118248,5,-0.2250000000000001,-0.10434055328369152
flat,0.575,0.7500000000000001,6,0,0.6707225,0.0017199814,5,-0.17500000000000016,-0.07927751541137706
flat,0.625,0.7500000000000001,7,0,0.6957855,0.08462265,5,-0.1250000000000001,-0.05421447753906261
flat,0.675,0.7500000000000001,8,0,0.72084856,0.1675252,5,-0.07500000000000007,-0.029151439666748158
flat,0.7250000000000001,0.7500000000000001,9,0,0.7459116,0.25042775,5,-0.025000000000000022,-0.004088401794433705
flat,0.7749999999999999,0.7500000000000001,10,1,0.77097464,0.3333303,5,0.0249999999999998,0.02097463607788075
flat,0.7749999999999999,0.7500000000000001,10,1,0.77097464,0.3333303,5,0.0249999999999998,0.02097463607788075
flat,0.825,0.7500000000000001,11,1,0.7960377,0.4162328,5,0.07499999999999984,0.0460376739501952
flat,0.825,0.7500000000000001,11,1,0.7960377,0.4162328,5,0.07499999999999984,0.0460376739501952
flat,0.8749999999999999,0.7500000000000001,12,1,0.8211007,0.4991354,5,0.12499999999999978,0.07110071182250965
flat,0.8749999999999999,0.7500000000000001,12,1,0.8211007,0.4991354,5,0.12499999999999978,0.07110071182250965
flat,0.9249999999999999,0.7500000000000001,13,1,0.84616387,0.5820379,5,0.17499999999999982,0.09616386890411366
flat,0.9249999999999999,0.7500000000000001,13,1,0.84616387,0.5820379,5,0.17499999999999982,0.09616386890411366
flat,0.975,0.7500000000000001,14,1,0.8712269,0.6649405,5,0.22499999999999987,0.12122690677642811
flat,0.975,0.7500000000000001,14,1,0.8712269,0.6649405,5,0.22499999999999987,0.12122690677642811
base,0.025000000000000022,0.5,0,0,0.32554728,-0.60152227,5,-0.475,-0.17445272207260132
base,0.075,0.5,1,0,0.32414836,-0.565066,5,-0.425,-0.17585164308547974
base,0.12500000000000003,0.5,2,0,0.33219433,-0.51203203,5,-0.375,-0.16780567169189453
base,0.17500000000000002,0.5,3,0,0.35725737,-0.42912942,5,-0.32499999999999996,-0.14274263381958008
base,0.225,0.5,4,0,0.38232043,-0.34622693,5,-0.275,-0.11767956614494324
base,0.275,0.5,5,0,0.40738347,-0.26332438,5,-0.22499999999999998,-0.09261652827262878
base,0.325,0.5,6,0,0.4324465,-0.18042183,5,-0.175,-0.06755349040031433
base,0.37500000000000006,0.5,7,0,0.45750955,-0.09751928,5,-0.12499999999999994,-0.04249045252799988
base,0.425,0.5,8,0,0.48257264,-0.014616698,5,-0.07500000000000001,-0.01742735505104065
base,0.475,0.5,9,0,0.50763565,0.06828573,5,-0.025000000000000022,0.007635653018951416
base,0.525,0.5,10,1,0.5326987,0.15118828,5,0.025000000000000022,0.03269869089126587
base,0.575,0.5,11,1,0.5577617,0.23409083,5,0.07499999999999996,0.05776172876358032
base,0.625,0.5,12,1,0.5828248,0.31699345,5,0.125,0.08282482624053955
base,0.675,0.5,13,1,0.60788786,0.39989606,5,0.17500000000000004,0.107887864112854
base,0.7250000000000001,0.5,14,1,0.6329509,0.48279855,5,0.2250000000000001,0.13295090198516846
base,0.7749999999999999,0.5,15,1,0.65801394,0.5657009,5,0.2749999999999999,0.1580139398574829
base,0.825,0.5,16,1,0.683077,0.6486037,5,0.32499999999999996,0.18307697772979736
base,0.8749999999999999,0.5,17,1,0.70814,0.731506,5,0.3749999999999999,0.20814001560211182
base,0.9249999999999999,0.5,18,1,0.73320305,0.8144088,5,0.42499999999999993,0.23320305347442627
base,0.975,0.5,19,1,0.7582662,0.8973112,5,0.475,0.2582662105560303
curv,0.025000000000000022,0.25,0,0,0.20356318,-0.38498935,5,-0.22499999999999998,-0.046436816453933716
curv,0.025000000000000022,0.25,0,0,0.20356318,-0.38498935,5,-0.22499999999999998,-0.046436816453933716
curv,0.075,0.25,1,0,0.20216428,-0.3485331,5,-0.175,-0.04783572256565094
curv,0.075,0.25,1,0,0.20216428,-0.3485331,5,-0.175,-0.04783572256565094
curv,0.12500000000000003,0.25,2,0,0.21923362,-0.27966118,5,-0.12499999999999997,-0.030766382813453674
curv,0.12500000000000003,0.25,2,0,0.21923362,-0.27966118,5,-0.12499999999999997,-0.030766382813453674
curv,0.17500000000000002,0.25,3,0,0.24429667,-0.19675858,5,-0.07499999999999998,-0.005703330039978027
curv,0.17500000000000002,0.25,3,0,0.24429667,-0.19675858,5,-0.07499999999999998,-0.005703330039978027
curv,0.225,0.25,4,0,0.2693597,-0.11385614,5,-0.024999999999999994,0.019359707832336426
curv,0.225,0.25,4,0,0.2693597,-0.11385614,5,-0.024999999999999994,0.019359707832336426
curv,0.275,0.25,5,1,0.29442275,-0.030953526,5,0.025000000000000022,0.04442274570465088
curv,0.325,0.25,6,1,0.31948578,0.051948965,5,0.07500000000000001,0.06948578357696533
curv,0.37500000000000006,0.25,7,1,0.34454885,0.13485149,5,0.12500000000000006,0.09454885125160217
curv,0.425,0.25,8,1,0.36961192,0.2177541,5,0.175,0.11961191892623901
curv,0.475,0.25,9,1,0.39467493,0.30065665,5,0.22499999999999998,0.14467492699623108
curv,0.525,0.25,10,1,0.41973802,0.38355914,5,0.275,0.1697380244731903
curv,0.575,0.25,11,1,0.44480106,0.4664617,5,0.32499999999999996,0.19480106234550476
curv,0.625,0.25,12,1,0.4698641,0.5493643,5,0.375,0.2198641002178192
curv,0.675,0.25,13,1,0.49492714,0.63226676,5,0.42500000000000004,0.24492713809013367
curv,0.7250000000000001,0.25,14,1,0.5205405,0.7145363,5,0.4750000000000001,0.2705404758453369
flat,0.275,0.7500000000000001,0,0,0.52034414,-0.4956951,5,-0.4750000000000001,-0.22965586185455333
flat,0.325,0.7500000000000001,1,0,0.5454072,-0.41279268,5,-0.4250000000000001,-0.20459282398223888
flat,0.37500000000000006,0.7500000000000001,2,0,0.5704703,-0.32989007,5,-0.37500000000000006,-0.17952972650527965
flat,0.425,0.7500000000000001,3,0,0.5955333,-0.24698749,5,-0.3250000000000001,-0.1544666886329652
flat,0.475,0.7500000000000001,4,0,0.6205964,-0.16408506,5,-0.27500000000000013,-0.12940359115600597
flat,0.525,0.7500000000000001,5,0,0.64565945,-0.08118248,5,-0.2250000000000001,-0.10434055328369152
flat,0.575,0.7500000000000001,6,0,0.6707225,0.0017199814,5,-0.17500000000000016,-0.07927751541137706
flat,0.625,0.7500000000000001,7,0,0.6957855,0.08462265,5,-0.1250000000000001,-0.05421447753906261
flat,0.675,0.7500000000000001,8,0,0.72084856,0.1675252,5,-0.07500000000000007,-0.029151439666748158
flat,0.7250000000000001,0.7500000000000001,9,0,0.7459116,0.25042775,5,-0.025000000000000022,-0.004088401794433705
flat,0.7749999999999999,0.7500000000000001,10,1,0.77097464,0.3333303,5,0.0249999999999998,0.02097463607788075
flat,0.7749999999999999,0.7500000000000001,10,1,0.77097464,0.3333303,5,0.0249999999999998,0.02097463607788075
flat,0.825,0.7500000000000001,11,1,0.7960377,0.4162328,5,0.07499999999999984,0.0460376739501952
flat,0.825,0.7500000000000001,11,1,0.7960377,0.4162328,5,0.07499999999999984,0.0460376739501952
flat,0.8749999999999999,0.7500000000000001,12,1,0.8211007,0.4991354,5,0.12499999999999978,0.07110071182250965
flat,0.8749999999999999,0.7500000000000001,12,1,0.8211007,0.4991354,5,0.12499999999999978,0.07110071182250965
flat,0.9249999999999999,0.7500000000000001,13,1,0.84616387,0.5820379,5,0.17499999999999982,0.09616386890411366
flat,0.9249999999999999,0.7500000000000001,13,1,0.84616387,0.5820379,5,0.17499999999999982,0.09616386890411366
flat,0.975,0.7500000000000001,14,1,0.8712269,0.6649405,5,0.22499999999999987,0.12122690677642811
flat,0.975,0.7500000000000001,14,1,0.8712269,0.6649405,5,0.22499999999999987,0.12122690677642811
base,0.025000000000000022,0.5,0,0,0.1497733,-0.19147792,6,-0.475,-0.3502267003059387
base,0.075,0.5,1,0,0.18580961,-0.16415465,6,-0.425,-0.3141903877258301
base,0.12500000000000003,0.5,2,0,0.22184591,-0.13683136,6,-0.375,-0.27815409004688263
base,0.17500000000000002,0.5,3,0,0.25788224,-0.109508075,6,-0.32499999999999996,-0.2421177625656128
base,0.225,0.5,4,0,0.29391855,-0.0821848,6,-0.275,-0.20608144998550415
base,0.275,0.5,5,0,0.3299548,-0.05486153,6,-0.22499999999999998,-0.17004519701004028
base,0.325,0.5,6,0,0.36599118,-0.02753827,6,-0.175,-0.13400882482528687
base,0.37500000000000006,0.5,7,0,0.4020275,-0.00021493435,6,-0.12499999999999994,-0.09797251224517822
base,0.425,0.5,8,0,0.4380638,0.027108341,6,-0.07500000000000001,-0.06193619966506958
base,0.475,0.5,9,0,0.4741001,0.054431587,6,-0.025000000000000022,-0.025899887084960938
base,0.525,0.5,10,1,0.51013637,0.08175483,6,0.025000000000000022,0.01013636589050293
base,0.575,0.5,11,1,0.54617274,0.109078154,6,0.07499999999999996,0.04617273807525635
base,0.625,0.5,12,1,0.582209,0.13640144,6,0.125,0.08220899105072021
base,0.675,0.5,13,1,0.61824536,0.16372472,6,0.17500000000000004,0.11824536323547363
base,0.7250000000000001,0.5,14,1,0.6542817,0.191048,6,0.2250000000000001,0.15428167581558228
base,0.7749999999999999,0.5,15,1,0.69031787,0.21837118,6,0.2749999999999999,0.19031786918640137
base,0.825,0.5,16,1,0.72635424,0.24569452,6,0.32499999999999996,0.22635424137115479
base,0.8749999999999999,0.5,17,1,0.7623905,0.27301782,6,0.3749999999999999,0.26239049434661865
base,0.9249999999999999,0.5,18,1,0.79842687,0.3003411,6,0.42499999999999993,0.29842686653137207
base,0.975,0.5,19,1,0.8344632,0.3276644,6,0.475,0.3344631791114807
curv,0.025000000000000022,0.25,0,0,0.009902053,-0.2589482,6,-0.22499999999999998,-0.24009794741868973
curv,0.025000000000000022,0.25,0,0,0.009902053,-0.2589482,6,-0.22499999999999998,-0.24009794741868973
curv,0.075,0.25,1,0,0.045938328,-0.23162493,6,-0.175,-0.20406167209148407
curv,0.075,0.25,1,0,0.045938328,-0.23162493,6,-0.175,-0.20406167209148407
curv,0.12500000000000003,0.25,2,0,0.08197464,-0.20430167,6,-0.12499999999999997,-0.16802535951137543
curv,0.12500000000000003,0.25,2,0,0.08197464,-0.20430167,6,-0.12499999999999997,-0.16802535951137543
curv,0.17500000000000002,0.25,3,0,0.118010946,-0.1769784,6,-0.07499999999999998,-0.13198905438184738
curv,0.17500000000000002,0.25,3,0,0.118010946,-0.1769784,6,-0.07499999999999998,-0.13198905438184738
curv,0.225,0.25,4,0,0.15404725,-0.1496551,6,-0.024999999999999994,-0.09595274925231934
curv,0.225,0.25,4,0,0.15404725,-0.1496551,6,-0.024999999999999994,-0.09595274925231934
curv,0.275,0.25,5,1,0.19008356,-0.12233185,6,0.025000000000000022,-0.05991643667221069
curv,0.325,0.25,6,1,0.22611988,-0.095008574,6,0.07500000000000001,-0.02388012409210205
curv,0.37500000000000006,0.25,7,1,0.2621562,-0.06768528,6,0.12500000000000006,0.012156188488006592
curv,0.425,0.25,8,1,0.2981925,-0.040362,6,0.175,0.048192501068115234
curv,0.475,0.25,9,1,0.3342288,-0.01303874,6,0.22499999999999998,0.08422881364822388
curv,0.525,0.25,10,1,0.37026507,0.014284566,6,0.275,0.12026506662368774
curv,0.575,0.25,11,1,0.40630138,0.041607827,6,0.32499999999999996,0.1563013792037964
curv,0.625,0.25,12,1,0.4423377,0.06893113,6,0.375,0.19233769178390503
curv,0.675,0.25,13,1,0.47837406,0.09625441,6,0.42500000000000004,0.22837406396865845
curv,0.7250000000000001,0.25,14,1,0.5144104,0.123577684,6,0.4750000000000001,0.2644103765487671
flat,0.275,0.7500000000000001,0,0,0.46982616,0.012608781,6,-0.4750000000000001,-0.28017383813858043
flat,0.325,0.7500000000000001,1,0,0.5058624,0.039932057,6,-0.4250000000000001,-0.24413758516311657
flat,0.37500000000000006,0.7500000000000001,2,0,0.5418987,0.06725532,6,-0.37500000000000006,-0.20810127258300792
flat,0.425,0.7500000000000001,3,0,0.5779351,0.094578594,6,-0.3250000000000001,-0.1720649003982545
flat,0.475,0.7500000000000001,4,0,0.61397135,0.12190187,6,-0.27500000000000013,-0.13602864742279064
flat,0.525,0.7500000000000001,5,0,0.6500076,0.14922515,6,-0.2250000000000001,-0.09999239444732677
flat,0.575,0.7500000000000001,6,0,0.686044,0.17654842,6,-0.17500000000000016,-0.06395602226257335
flat,0.625,0.7500000000000001,7,0,0.72208035,0.2038717,6,-0.1250000000000001,-0.027919650077819935
flat,0.675,0.7500000000000001,8,0,0.7581166,0.231195,6,-0.07500000000000007,0.008116602897643932
flat,0.7250000000000001,0.7500000000000001,9,0,0.7941529,0.2585183,6,-0.025000000000000022,0.044152915477752575
flat,0.7749999999999999,0.7500000000000001,10,1,0.83018917,0.28584155,6,0.0249999999999998,0.08018916845321644
flat,0.7749999999999999,0.7500000000000001,10,1,0.83018917,0.28584155,6,0.0249999999999998,0.08018916845321644
flat,0.825,0.7500000000000001,11,1,0.86622554,0.3131648,6,0.07499999999999984,0.11622554063796986
flat,0.825,0.7500000000000001,11,1,0.86622554,0.3131648,6,0.07499999999999984,0.11622554063796986
flat,0.8749999999999999,0.7500000000000001,12,1,0.9022618,0.3404881,6,0.12499999999999978,0.15226179361343373
flat,0.8749999999999999,0.7500000000000001,12,1,0.9022618,0.3404881,6,0.12499999999999978,0.15226179361343373
flat,0.9249999999999999,0.7500000000000001,13,1,0.93829817,0.3678114,6,0.17499999999999982,0.18829816579818714
flat,0.9249999999999999,0.7500000000000001,13,1,0.93829817,0.3678114,6,0.17499999999999982,0.18829816579818714
flat,0.975,0.7500000000000001,14,1,0.97433436,0.39513466,6,0.22499999999999987,0.22433435916900624
flat,0.975,0.7500000000000001,14,1,0.97433436,0.39513466,6,0.22499999999999987,0.22433435916900624
base,0.025000000000000022,0.5,0,0,0.1497733,-0.19147792,6,-0.475,-0.3502267003059387
base,0.075,0.5,1,0,0.18580961,-0.16415465,6,-0.425,-0.3141903877258301
base,0.12500000000000003,0.5,2,0,0.22184591,-0.13683136,6,-0.375,-0.27815409004688263
base,0.17500000000000002,0.5,3,0,0.25788224,-0.109508075,6,-0.32499999999999996,-0.2421177625656128
base,0.225,0.5,4,0,0.29391855,-0.0821848,6,-0.275,-0.20608144998550415
base,0.275,0.5,5,0,0.3299548,-0.05486153,6,-0.22499999999999998,-0.17004519701004028
base,0.325,0.5,6,0,0.36599118,-0.02753827,6,-0.175,-0.13400882482528687
base,0.37500000000000006,0.5,7,0,0.4020275,-0.00021493435,6,-0.12499999999999994,-0.09797251224517822
base,0.425,0.5,8,0,0.4380638,0.027108341,6,-0.07500000000000001,-0.06193619966506958
base,0.475,0.5,9,0,0.4741001,0.054431587,6,-0.025000000000000022,-0.025899887084960938
base,0.525,0.5,10,1,0.51013637,0.08175483,6,0.025000000000000022,0.01013636589050293
base,0.575,0.5,11,1,0.54617274,0.109078154,6,0.07499999999999996,0.04617273807525635
base,0.625,0.5,12,1,0.582209,0.13640144,6,0.125,0.08220899105072021
base,0.675,0.5,13,1,0.61824536,0.16372472,6,0.17500000000000004,0.11824536323547363
base,0.7250000000000001,0.5,14,1,0.6542817,0.191048,6,0.2250000000000001,0.15428167581558228
base,0.7749999999999999,0.5,15,1,0.69031787,0.21837118,6,0.2749999999999999,0.19031786918640137
base,0.825,0.5,16,1,0.72635424,0.24569452,6,0.32499999999999996,0.22635424137115479
base,0.8749999999999999,0.5,17,1,0.7623905,0.27301782,6,0.3749999999999999,0.26239049434661865
base,0.9249999999999999,0.5,18,1,0.79842687,0.3003411,6,0.42499999999999993,0.29842686653137207
base,0.975,0.5,19,1,0.8344632,0.3276644,6,0.475,0.3344631791114807
curv,0.025000000000000022,0.25,0,0,0.009902053,-0.2589482,6,-0.22499999999999998,-0.24009794741868973
curv,0.025000000000000022,0.25,0,0,0.009902053,-0.2589482,6,-0.22499999999999998,-0.24009794741868973
curv,0.075,0.25,1,0,0.045938328,-0.23162493,6,-0.175,-0.20406167209148407
curv,0.075,0.25,1,0,0.045938328,-0.23162493,6,-0.175,-0.20406167209148407
curv,0.12500000000000003,0.25,2,0,0.08197464,-0.20430167,6,-0.12499999999999997,-0.16802535951137543
curv,0.12500000000000003,0.25,2,0,0.08197464,-0.20430167,6,-0.12499999999999997,-0.16802535951137543
curv,0.17500000000000002,0.25,3,0,0.118010946,-0.1769784,6,-0.07499999999999998,-0.13198905438184738
curv,0.17500000000000002,0.25,3,0,0.118010946,-0.1769784,6,-0.07499999999999998,-0.13198905438184738
curv,0.225,0.25,4,0,0.15404725,-0.1496551,6,-0.024999999999999994,-0.09595274925231934
curv,0.225,0.25,4,0,0.15404725,-0.1496551,6,-0.024999999999999994,-0.09595274925231934
curv,0.275,0.25,5,1,0.19008356,-0.12233185,6,0.025000000000000022,-0.05991643667221069
curv,0.325,0.25,6,1,0.22611988,-0.095008574,6,0.07500000000000001,-0.02388012409210205
curv,0.37500000000000006,0.25,7,1,0.2621562,-0.06768528,6,0.12500000000000006,0.012156188488006592
curv,0.425,0.25,8,1,0.2981925,-0.040362,6,0.175,0.048192501068115234
curv,0.475,0.25,9,1,0.3342288,-0.01303874,6,0.22499999999999998,0.08422881364822388
curv,0.525,0.25,10,1,0.37026507,0.014284566,6,0.275,0.12026506662368774
curv,0.575,0.25,11,1,0.40630138,0.041607827,6,0.32499999999999996,0.1563013792037964
curv,0.625,0.25,12,1,0.4423377,0.06893113,6,0.375,0.19233769178390503
curv,0.675,0.25,13,1,0.47837406,0.09625441,6,0.42500000000000004,0.22837406396865845
curv,0.7250000000000001,0.25,14,1,0.5144104,0.123577684,6,0.4750000000000001,0.2644103765487671
flat,0.275,0.7500000000000001,0,0,0.46982616,0.012608781,6,-0.4750000000000001,-0.28017383813858043
flat,0.325,0.7500000000000001,1,0,0.5058624,0.039932057,6,-0.4250000000000001,-0.24413758516311657
flat,0.37500000000000006,0.7500000000000001,2,0,0.5418987,0.06725532,6,-0.37500000000000006,-0.20810127258300792
flat,0.425,0.7500000000000001,3,0,0.5779351,0.094578594,6,-0.3250000000000001,-0.1720649003982545
flat,0.475,0.7500000000000001,4,0,0.61397135,0.12190187,6,-0.27500000000000013,-0.13602864742279064
flat,0.525,0.7500000000000001,5,0,0.6500076,0.14922515,6,-0.2250000000000001,-0.09999239444732677
flat,0.575,0.7500000000000001,6,0,0.686044,0.17654842,6,-0.17500000000000016,-0.06395602226257335
flat,0.625,0.7500000000000001,7,0,0.72208035,0.2038717,6,-0.1250000000000001,-0.027919650077819935
flat,0.675,0.7500000000000001,8,0,0.7581166,0.231195,6,-0.07500000000000007,0.008116602897643932
flat,0.7250000000000001,0.7500000000000001,9,0,0.7941529,0.2585183,6,-0.025000000000000022,0.044152915477752575
flat,0.7749999999999999,0.7500000000000001,10,1,0.83018917,0.28584155,6,0.0249999999999998,0.08018916845321644
flat,0.7749999999999999,0.7500000000000001,10,1,0.83018917,0.28584155,6,0.0249999999999998,0.08018916845321644
flat,0.825,0.7500000000000001,11,1,0.86622554,0.3131648,6,0.07499999999999984,0.11622554063796986
flat,0.825,0.7500000000000001,11,1,0.86622554,0.3131648,6,0.07499999999999984,0.11622554063796986
flat,0.8749999999999999,0.7500000000000001,12,1,0.9022618,0.3404881,6,0.12499999999999978,0.15226179361343373
flat,0.8749999999999999,0.7500000000000001,12,1,0.9022618,0.3404881,6,0.12499999999999978,0.15226179361343373
flat,0.9249999999999999,0.7500000000000001,13,1,0.93829817,0.3678114,6,0.17499999999999982,0.18829816579818714
flat,0.9249999999999999,0.7500000000000001,13,1,0.93829817,0.3678114,6,0.17499999999999982,0.18829816579818714
flat,0.975,0.7500000000000001,14,1,0.97433436,0.39513466,6,0.22499999999999987,0.22433435916900624
flat,0.975,0.7500000000000001,14,1,0.97433436,0.39513466,6,0.22499999999999987,0.22433435916900624
base,0.025000000000000022,0.5,0,0,0.1497733,-0.19147792,6,-0.475,-0.3502267003059387
base,0.075,0.5,1,0,0.18580961,-0.16415465,6,-0.425,-0.3141903877258301
base,0.12500000000000003,0.5,2,0,0.22184591,-0.13683136,6,-0.375,-0.27815409004688263
base,0.17500000000000002,0.5,3,0,0.25788224,-0.109508075,6,-0.32499999999999996,-0.2421177625656128
base,0.225,0.5,4,0,0.29391855,-0.0821848,6,-0.275,-0.20608144998550415
base,0.275,0.5,5,0,0.3299548,-0.05486153,6,-0.22499999999999998,-0.17004519701004028
base,0.325,0.5,6,0,0.36599118,-0.02753827,6,-0.175,-0.13400882482528687
base,0.37500000000000006,0.5,7,0,0.4020275,-0.00021493435,6,-0.12499999999999994,-0.09797251224517822
base,0.425,0.5,8,0,0.4380638,0.027108341,6,-0.07500000000000001,-0.06193619966506958
base,0.475,0.5,9,0,0.4741001,0.054431587,6,-0.025000000000000022,-0.025899887084960938
base,0.525,0.5,10,1,0.51013637,0.08175483,6,0.025000000000000022,0.01013636589050293
base,0.575,0.5,11,1,0.54617274,0.109078154,6,0.07499999999999996,0.04617273807525635
base,0.625,0.5,12,1,0.582209,0.13640144,6,0.125,0.08220899105072021
base,0.675,0.5,13,1,0.61824536,0.16372472,6,0.17500000000000004,0.11824536323547363
base,0.7250000000000001,0.5,14,1,0.6542817,0.191048,6,0.2250000000000001,0.15428167581558228
base,0.7749999999999999,0.5,15,1,0.69031787,0.21837118,6,0.2749999999999999,0.19031786918640137
base,0.825,0.5,16,1,0.72635424,0.24569452,6,0.32499999999999996,0.22635424137115479
base,0.8749999999999999,0.5,17,1,0.7623905,0.27301782,6,0.3749999999999999,0.26239049434661865
base,0.9249999999999999,0.5,18,1,0.79842687,0.3003411,6,0.42499999999999993,0.29842686653137207
base,0.975,0.5,19,1,0.8344632,0.3276644,6,0.475,0.3344631791114807
curv,0.025000000000000022,0.25,0,0,0.009902053,-0.2589482,6,-0.22499999999999998,-0.24009794741868973
curv,0.025000000000000022,0.25,0,0,0.009902053,-0.2589482,6,-0.22499999999999998,-0.24009794741868973
curv,0.075,0.25,1,0,0.045938328,-0.23162493,6,-0.175,-0.20406167209148407
curv,0.075,0.25,1,0,0.045938328,-0.23162493,6,-0.175,-0.20406167209148407
curv,0.12500000000000003,0.25,2,0,0.08197464,-0.20430167,6,-0.12499999999999997,-0.16802535951137543
curv,0.12500000000000003,0.25,2,0,0.08197464,-0.20430167,6,-0.12499999999999997,-0.16802535951137543
curv,0.17500000000000002,0.25,3,0,0.118010946,-0.1769784,6,-0.07499999999999998,-0.13198905438184738
curv,0.17500000000000002,0.25,3,0,0.118010946,-0.1769784,6,-0.07499999999999998,-0.13198905438184738
curv,0.225,0.25,4,0,0.15404725,-0.1496551,6,-0.024999999999999994,-0.09595274925231934
curv,0.225,0.25,4,0,0.15404725,-0.1496551,6,-0.024999999999999994,-0.09595274925231934
curv,0.275,0.25,5,1,0.19008356,-0.12233185,6,0.025000000000000022,-0.05991643667221069
curv,0.325,0.25,6,1,0.22611988,-0.095008574,6,0.07500000000000001,-0.02388012409210205
curv,0.37500000000000006,0.25,7,1,0.2621562,-0.06768528,6,0.12500000000000006,0.012156188488006592
curv,0.425,0.25,8,1,0.2981925,-0.040362,6,0.175,0.048192501068115234
curv,0.475,0.25,9,1,0.3342288,-0.01303874,6,0.22499999999999998,0.08422881364822388
curv,0.525,0.25,10,1,0.37026507,0.014284566,6,0.275,0.12026506662368774
curv,0.575,0.25,11,1,0.40630138,0.041607827,6,0.32499999999999996,0.1563013792037964
curv,0.625,0.25,12,1,0.4423377,0.06893113,6,0.375,0.19233769178390503
curv,0.675,0.25,13,1,0.47837406,0.09625441,6,0.42500000000000004,0.22837406396865845
curv,0.7250000000000001,0.25,14,1,0.5144104,0.123577684,6,0.4750000000000001,0.2644103765487671
flat,0.275,0.7500000000000001,0,0,0.46982616,0.012608781,6,-0.4750000000000001,-0.28017383813858043
flat,0.325,0.7500000000000001,1,0,0.5058624,0.039932057,6,-0.4250000000000001,-0.24413758516311657
flat,0.37500000000000006,0.7500000000000001,2,0,0.5418987,0.06725532,6,-0.37500000000000006,-0.20810127258300792
flat,0.425,0.7500000000000001,3,0,0.5779351,0.094578594,6,-0.3250000000000001,-0.1720649003982545
flat,0.475,0.7500000000000001,4,0,0.61397135,0.12190187,6,-0.27500000000000013,-0.13602864742279064
flat,0.525,0.7500000000000001,5,0,0.6500076,0.14922515,6,-0.2250000000000001,-0.09999239444732677
flat,0.575,0.7500000000000001,6,0,0.686044,0.17654842,6,-0.17500000000000016,-0.06395602226257335
flat,0.625,0.7500000000000001,7,0,0.72208035,0.2038717,6,-0.1250000000000001,-0.027919650077819935
flat,0.675,0.7500000000000001,8,0,0.7581166,0.231195,6,-0.07500000000000007,0.008116602897643932
flat,0.7250000000000001,0.7500000000000001,9,0,0.7941529,0.2585183,6,-0.025000000000000022,0.044152915477752575
flat,0.7749999999999999,0.7500000000000001,10,1,0.83018917,0.28584155,6,0.0249999999999998,0.08018916845321644
flat,0.7749999999999999,0.7500000000000001,10,1,0.83018917,0.28584155,6,0.0249999999999998,0.08018916845321644
flat,0.825,0.7500000000000001,11,1,0.86622554,0.3131648,6,0.07499999999999984,0.11622554063796986
flat,0.825,0.7500000000000001,11,1,0.86622554,0.3131648,6,0.07499999999999984,0.11622554063796986
flat,0.8749999999999999,0.7500000000000001,12,1,0.9022618,0.3404881,6,0.12499999999999978,0.15226179361343373
flat,0.8749999999999999,0.7500000000000001,12,1,0.9022618,0.3404881,6,0.12499999999999978,0.15226179361343373
flat,0.9249999999999999,0.7500000000000001,13,1,0.93829817,0.3678114,6,0.17499999999999982,0.18829816579818714
flat,0.9249999999999999,0.7500000000000001,13,1,0.93829817,0.3678114,6,0.17499999999999982,0.18829816579818714
flat,0.975,0.7500000000000001,14,1,0.97433436,0.39513466,6,0.22499999999999987,0.22433435916900624
flat,0.975,0.7500000000000001,14,1,0.97433436,0.39513466,6,0.22499999999999987,0.22433435916900624
base,0.025000000000000022,0.5,0,0,0.1497733,-0.19147792,6,-0.475,-0.3502267003059387
base,0.075,0.5,1,0,0.18580961,-0.16415465,6,-0.425,-0.3141903877258301
base,0.12500000000000003,0.5,2,0,0.22184591,-0.13683136,6,-0.375,-0.27815409004688263
base,0.17500000000000002,0.5,3,0,0.25788224,-0.109508075,6,-0.32499999999999996,-0.2421177625656128
base,0.225,0.5,4,0,0.29391855,-0.0821848,6,-0.275,-0.20608144998550415
base,0.275,0.5,5,0,0.3299548,-0.05486153,6,-0.22499999999999998,-0.17004519701004028
base,0.325,0.5,6,0,0.36599118,-0.02753827,6,-0.175,-0.13400882482528687
base,0.37500000000000006,0.5,7,0,0.4020275,-0.00021493435,6,-0.12499999999999994,-0.09797251224517822
base,0.425,0.5,8,0,0.4380638,0.027108341,6,-0.07500000000000001,-0.06193619966506958
base,0.475,0.5,9,0,0.4741001,0.054431587,6,-0.025000000000000022,-0.025899887084960938
base,0.525,0.5,10,1,0.51013637,0.08175483,6,0.025000000000000022,0.01013636589050293
base,0.575,0.5,11,1,0.54617274,0.109078154,6,0.07499999999999996,0.04617273807525635
base,0.625,0.5,12,1,0.582209,0.13640144,6,0.125,0.08220899105072021
base,0.675,0.5,13,1,0.61824536,0.16372472,6,0.17500000000000004,0.11824536323547363
base,0.7250000000000001,0.5,14,1,0.6542817,0.191048,6,0.2250000000000001,0.15428167581558228
base,0.7749999999999999,0.5,15,1,0.69031787,0.21837118,6,0.2749999999999999,0.19031786918640137
base,0.825,0.5,16,1,0.72635424,0.24569452,6,0.32499999999999996,0.22635424137115479
base,0.8749999999999999,0.5,17,1,0.7623905,0.27301782,6,0.3749999999999999,0.26239049434661865
base,0.9249999999999999,0.5,18,1,0.79842687,0.3003411,6,0.42499999999999993,0.29842686653137207
base,0.975,0.5,19,1,0.8344632,0.3276644,6,0.475,0.3344631791114807
curv,0.025000000000000022,0.25,0,0,0.009902053,-0.2589482,6,-0.22499999999999998,-0.24009794741868973
curv,0.025000000000000022,0.25,0,0,0.009902053,-0.2589482,6,-0.22499999999999998,-0.24009794741868973
curv,0.075,0.25,1,0,0.045938328,-0.23162493,6,-0.175,-0.20406167209148407
curv,0.075,0.25,1,0,0.045938328,-0.23162493,6,-0.175,-0.20406167209148407
curv,0.12500000000000003,0.25,2,0,0.08197464,-0.20430167,6,-0.12499999999999997,-0.16802535951137543
curv,0.12500000000000003,0.25,2,0,0.08197464,-0.20430167,6,-0.12499999999999997,-0.16802535951137543
curv,0.17500000000000002,0.25,3,0,0.118010946,-0.1769784,6,-0.07499999999999998,-0.13198905438184738
curv,0.17500000000000002,0.25,3,0,0.118010946,-0.1769784,6,-0.07499999999999998,-0.13198905438184738
curv,0.225,0.25,4,0,0.15404725,-0.1496551,6,-0.024999999999999994,-0.09595274925231934
curv,0.225,0.25,4,0,0.15404725,-0.1496551,6,-0.024999999999999994,-0.09595274925231934
curv,0.275,0.25,5,1,0.19008356,-0.12233185,6,0.025000000000000022,-0.05991643667221069
curv,0.325,0.25,6,1,0.22611988,-0.095008574,6,0.07500000000000001,-0.02388012409210205
curv,0.37500000000000006,0.25,7,1,0.2621562,-0.06768528,6,0.12500000000000006,0.012156188488006592
curv,0.425,0.25,8,1,0.2981925,-0.040362,6,0.175,0.048192501068115234
curv,0.475,0.25,9,1,0.3342288,-0.01303874,6,0.22499999999999998,0.08422881364822388
curv,0.525,0.25,10,1,0.37026507,0.014284566,6,0.275,0.12026506662368774
curv,0.575,0.25,11,1,0.40630138,0.041607827,6,0.32499999999999996,0.1563013792037964
curv,0.625,0.25,12,1,0.4423377,0.06893113,6,0.375,0.19233769178390503
curv,0.675,0.25,13,1,0.47837406,0.09625441,6,0.42500000000000004,0.22837406396865845
curv,0.7250000000000001,0.25,14,1,0.5144104,0.123577684,6,0.4750000000000001,0.2644103765487671
flat,0.275,0.7500000000000001,0,0,0.46982616,0.012608781,6,-0.4750000000000001,-0.28017383813858043
flat,0.325,0.7500000000000001,1,0,0.5058624,0.039932057,6,-0.4250000000000001,-0.24413758516311657
flat,0.37500000000000006,0.7500000000000001,2,0,0.5418987,0.06725532,6,-0.37500000000000006,-0.20810127258300792
flat,0.425,0.7500000000000001,3,0,0.5779351,0.094578594,6,-0.3250000000000001,-0.1720649003982545
flat,0.475,0.7500000000000001,4,0,0.61397135,0.12190187,6,-0.27500000000000013,-0.13602864742279064
flat,0.525,0.7500000000000001,5,0,0.6500076,0.14922515,6,-0.2250000000000001,-0.09999239444732677
flat,0.575,0.7500000000000001,6,0,0.686044,0.17654842,6,-0.17500000000000016,-0.06395602226257335
flat,0.625,0.7500000000000001,7,0,0.72208035,0.2038717,6,-0.1250000000000001,-0.027919650077819935
flat,0.675,0.7500000000000001,8,0,0.7581166,0.231195,6,-0.07500000000000007,0.008116602897643932
flat,0.7250000000000001,0.7500000000000001,9,0,0.7941529,0.2585183,6,-0.025000000000000022,0.044152915477752575
flat,0.7749999999999999,0.7500000000000001,10,1,0.83018917,0.28584155,6,0.0249999999999998,0.08018916845321644
flat,0.7749999999999999,0.7500000000000001,10,1,0.83018917,0.28584155,6,0.0249999999999998,0.08018916845321644
flat,0.825,0.7500000000000001,11,1,0.86622554,0.3131648,6,0.07499999999999984,0.11622554063796986
flat,0.825,0.7500000000000001,11,1,0.86622554,0.3131648,6,0.07499999999999984,0.11622554063796986
flat,0.8749999999999999,0.7500000000000001,12,1,0.9022618,0.3404881,6,0.12499999999999978,0.15226179361343373
flat,0.8749999999999999,0.7500000000000001,12,1,0.9022618,0.3404881,6,0.12499999999999978,0.15226179361343373
flat,0.9249999999999999,0.7500000000000001,13,1,0.93829817,0.3678114,6,0.17499999999999982,0.18829816579818714
flat,0.9249999999999999,0.7500000000000001,13,1,0.93829817,0.3678114,6,0.17499999999999982,0.18829816579818714
flat,0.975,0.7500000000000001,14,1,0.97433436,0.39513466,6,0.22499999999999987,0.22433435916900624
flat,0.975,0.7500000000000001,14,1,0.97433436,0.39513466,6,0.22499999999999987,0.22433435916900624
base,0.025000000000000022,0.5,0,0,0.24244149,-1.226104,7,-0.475,-0.25755850970745087
base,0.075,0.5,1,0,0.27048048,-1.0956604,7,-0.425,-0.22951951622962952
base,0.12500000000000003,0.5,2,0,0.2985195,-0.9652169,7,-0.375,-0.20148050785064697
base,0.17500000000000002,0.5,3,0,0.32655847,-0.8347733,7,-0.32499999999999996,-0.17344152927398682
base,0.225,0.5,4,0,0.3545975,-0.7043296,7,-0.275,-0.14540249109268188
base,0.275,0.5,5,0,0.38263655,-0.57388604,7,-0.22499999999999998,-0.11736345291137695
base,0.325,0.5,6,0,0.41067553,-0.44344237,7,-0.175,-0.0893244743347168
base,0.37500000000000006,0.5,7,0,0.4387145,-0.3129988,7,-0.12499999999999994,-0.06128549575805664
base,0.425,0.5,8,0,0.4667536,-0.18255512,7,-0.07500000000000001,-0.033246397972106934
base,0.475,0.5,9,0,0.49479258,-0.052111555,7,-0.025000000000000022,-0.005207419395446777
base,0.525,0.5,10,1,0.5228316,0.07833196,7,0.025000000000000022,0.022831618785858154
base,0.575,0.5,11,1,0.5508706,0.2087755,7,0.07499999999999996,0.05087059736251831
base,0.625,0.5,12,1,0.5789096,0.3392193,7,0.125,0.07890957593917847
base,0.675,0.5,13,1,0.6069487,0.46966285,7,0.17500000000000004,0.10694867372512817
base,0.7250000000000001,0.5,14,1,0.63498765,0.6001065,7,0.2250000000000001,0.13498765230178833
base,0.7749999999999999,0.5,15,1,0.66302663,0.73055005,7,0.2749999999999999,0.1630266308784485
base,0.825,0.5,16,1,0.69106567,0.8609937,7,0.32499999999999996,0.19106566905975342
base,0.8749999999999999,0.5,17,1,0.7179536,0.98662907,7,0.3749999999999999,0.217953622341156
base,0.9249999999999999,0.5,18,1,0.7434497,1.1064504,7,0.42499999999999993,0.24344968795776367
base,0.975,0.5,19,1,0.766374,1.219676,7,0.475,0.26637399196624756
curv,0.025000000000000022,0.25,0,0,0.15005125,-1.0680515,7,-0.22499999999999998,-0.09994874894618988
curv,0.025000000000000022,0.25,0,0,0.15005125,-1.0680515,7,-0.22499999999999998,-0.09994874894618988
curv,0.075,0.25,1,0,0.17809029,-0.93760777,7,-0.175,-0.07190971076488495
curv,0.075,0.25,1,0,0.17809029,-0.93760777,7,-0.175,-0.07190971076488495
curv,0.12500000000000003,0.25,2,0,0.2061293,-0.80716413,7,-0.12499999999999997,-0.043870702385902405
curv,0.12500000000000003,0.25,2,0,0.2061293,-0.80716413,7,-0.12499999999999997,-0.043870702385902405
curv,0.17500000000000002,0.25,3,0,0.2341683,-0.6767206,7,-0.07499999999999998,-0.01583169400691986
curv,0.17500000000000002,0.25,3,0,0.2341683,-0.6767206,7,-0.07499999999999998,-0.01583169400691986
curv,0.225,0.25,4,0,0.2622073,-0.54627705,7,-0.024999999999999994,0.01220729947090149
curv,0.225,0.25,4,0,0.2622073,-0.54627705,7,-0.024999999999999994,0.01220729947090149
curv,0.275,0.25,5,1,0.2902463,-0.41583338,7,0.025000000000000022,0.04024630784988403
curv,0.325,0.25,6,1,0.31828535,-0.2853898,7,0.07500000000000001,0.06828534603118896
curv,0.37500000000000006,0.25,7,1,0.34632432,-0.15494612,7,0.12500000000000006,0.09632432460784912
curv,0.425,0.25,8,1,0.37436336,-0.024502534,7,0.175,0.12436336278915405
curv,0.475,0.25,9,1,0.40240234,0.10594103,7,0.22499999999999998,0.1524023413658142
curv,0.525,0.25,10,1,0.43044138,0.2363846,7,0.275,0.18044137954711914
curv,0.575,0.25,11,1,0.45848036,0.3668282,7,0.32499999999999996,0.2084803581237793
curv,0.625,0.25,12,1,0.4865194,0.4972718,7,0.375,0.23651939630508423
curv,0.675,0.25,13,1,0.51414096,0.6259718,7,0.42500000000000004,0.2641409635543823
curv,0.7250000000000001,0.25,14,1,0.539637,0.74579287,7,0.4750000000000001,0.28963702917099
flat,0.275,0.7500000000000001,0,0,0.47502673,-0.73193866,7,-0.4750000000000001,-0.2749732732772828
flat,0.325,0.7500000000000001,1,0,0.5030657,-0.6014951,7,-0.4250000000000001,-0.24693429470062267
flat,0.37500000000000006,0.7500000000000001,2,0,0.5311048,-0.47105142,7,-0.37500000000000006,-0.21889519691467296
flat,0.425,0.7500000000000001,3,0,0.5591438,-0.34060785,7,-0.3250000000000001,-0.1908562183380128
flat,0.475,0.7500000000000001,4,0,0.58718276,-0.21016425,7,-0.27500000000000013,-0.16281723976135265
flat,0.525,0.7500000000000001,5,0,0.61522174,-0.079720676,7,-0.2250000000000001,-0.1347782611846925
flat,0.575,0.7500000000000001,6,0,0.6432607,0.050722953,7,-0.17500000000000016,-0.10673928260803234
flat,0.625,0.7500000000000001,7,0,0.67129976,0.18116665,7,-0.1250000000000001,-0.0787002444267274
flat,0.675,0.7500000000000001,8,0,0.69933873,0.31161022,7,-0.07500000000000007,-0.05066126585006725
flat,0.7250000000000001,0.7500000000000001,9,0,0.7273779,0.44205394,7,-0.025000000000000022,-0.022622108459472767
flat,0.7749999999999999,0.7500000000000001,10,1,0.7554168,0.57249737,7,0.0249999999999998,0.005416810512542614
flat,0.7749999999999999,0.7500000000000001,10,1,0.7554168,0.57249737,7,0.0249999999999998,0.005416810512542614
flat,0.825,0.7500000000000001,11,1,0.7834559,0.7029412,7,0.07499999999999984,0.03345590829849232
flat,0.825,0.7500000000000001,11,1,0.7834559,0.7029412,7,0.07499999999999984,0.03345590829849232
flat,0.8749999999999999,0.7500000000000001,12,1,0.8114948,0.8333846,7,0.12499999999999978,0.0614948272705077
flat,0.8749999999999999,0.7500000000000001,12,1,0.8114948,0.8333846,7,0.12499999999999978,0.0614948272705077
flat,0.9249999999999999,0.7500000000000001,13,1,0.83836645,0.96084815,7,0.17499999999999982,0.08836644887924183
flat,0.9249999999999999,0.7500000000000001,13,1,0.83836645,0.96084815,7,0.17499999999999982,0.08836644887924183
flat,0.975,0.7500000000000001,14,1,0.85569674,1.064944,7,0.22499999999999987,0.10569673776626576
flat,0.975,0.7500000000000001,14,1,0.85569674,1.064944,7,0.22499999999999987,0.10569673776626576
base,0.025000000000000022,0.5,0,0,0.24244149,-1.226104,7,-0.475,-0.25755850970745087
base,0.075,0.5,1,0,0.27048048,-1.0956604,7,-0.425,-0.22951951622962952
base,0.12500000000000003,0.5,2,0,0.2985195,-0.9652169,7,-0.375,-0.20148050785064697
base,0.17500000000000002,0.5,3,0,0.32655847,-0.8347733,7,-0.32499999999999996,-0.17344152927398682
base,0.225,0.5,4,0,0.3545975,-0.7043296,7,-0.275,-0.14540249109268188
base,0.275,0.5,5,0,0.38263655,-0.57388604,7,-0.22499999999999998,-0.11736345291137695
base,0.325,0.5,6,0,0.41067553,-0.44344237,7,-0.175,-0.0893244743347168
base,0.37500000000000006,0.5,7,0,0.4387145,-0.3129988,7,-0.12499999999999994,-0.06128549575805664
base,0.425,0.5,8,0,0.4667536,-0.18255512,7,-0.07500000000000001,-0.033246397972106934
base,0.475,0.5,9,0,0.49479258,-0.052111555,7,-0.025000000000000022,-0.005207419395446777
base,0.525,0.5,10,1,0.5228316,0.07833196,7,0.025000000000000022,0.022831618785858154
base,0.575,0.5,11,1,0.5508706,0.2087755,7,0.07499999999999996,0.05087059736251831
base,0.625,0.5,12,1,0.5789096,0.3392193,7,0.125,0.07890957593917847
base,0.675,0.5,13,1,0.6069487,0.46966285,7,0.17500000000000004,0.10694867372512817
base,0.7250000000000001,0.5,14,1,0.63498765,0.6001065,7,0.2250000000000001,0.13498765230178833
base,0.7749999999999999,0.5,15,1,0.66302663,0.73055005,7,0.2749999999999999,0.1630266308784485
base,0.825,0.5,16,1,0.69106567,0.8609937,7,0.32499999999999996,0.19106566905975342
base,0.8749999999999999,0.5,17,1,0.7179536,0.98662907,7,0.3749999999999999,0.217953622341156
base,0.9249999999999999,0.5,18,1,0.7434497,1.1064504,7,0.42499999999999993,0.24344968795776367
base,0.975,0.5,19,1,0.766374,1.219676,7,0.475,0.26637399196624756
curv,0.025000000000000022,0.25,0,0,0.15005125,-1.0680515,7,-0.22499999999999998,-0.09994874894618988
curv,0.025000000000000022,0.25,0,0,0.15005125,-1.0680515,7,-0.22499999999999998,-0.09994874894618988
curv,0.075,0.25,1,0,0.17809029,-0.93760777,7,-0.175,-0.07190971076488495
curv,0.075,0.25,1,0,0.17809029,-0.93760777,7,-0.175,-0.07190971076488495
curv,0.12500000000000003,0.25,2,0,0.2061293,-0.80716413,7,-0.12499999999999997,-0.043870702385902405
curv,0.12500000000000003,0.25,2,0,0.2061293,-0.80716413,7,-0.12499999999999997,-0.043870702385902405
curv,0.17500000000000002,0.25,3,0,0.2341683,-0.6767206,7,-0.07499999999999998,-0.01583169400691986
curv,0.17500000000000002,0.25,3,0,0.2341683,-0.6767206,7,-0.07499999999999998,-0.01583169400691986
curv,0.225,0.25,4,0,0.2622073,-0.54627705,7,-0.024999999999999994,0.01220729947090149
curv,0.225,0.25,4,0,0.2622073,-0.54627705,7,-0.024999999999999994,0.01220729947090149
curv,0.275,0.25,5,1,0.2902463,-0.41583338,7,0.025000000000000022,0.04024630784988403
curv,0.325,0.25,6,1,0.31828535,-0.2853898,7,0.07500000000000001,0.06828534603118896
curv,0.37500000000000006,0.25,7,1,0.34632432,-0.15494612,7,0.12500000000000006,0.09632432460784912
curv,0.425,0.25,8,1,0.37436336,-0.024502534,7,0.175,0.12436336278915405
curv,0.475,0.25,9,1,0.40240234,0.10594103,7,0.22499999999999998,0.1524023413658142
curv,0.525,0.25,10,1,0.43044138,0.2363846,7,0.275,0.18044137954711914
curv,0.575,0.25,11,1,0.45848036,0.3668282,7,0.32499999999999996,0.2084803581237793
curv,0.625,0.25,12,1,0.4865194,0.4972718,7,0.375,0.23651939630508423
curv,0.675,0.25,13,1,0.51414096,0.6259718,7,0.42500000000000004,0.2641409635543823
curv,0.7250000000000001,0.25,14,1,0.539637,0.74579287,7,0.4750000000000001,0.28963702917099
flat,0.275,0.7500000000000001,0,0,0.47502673,-0.73193866,7,-0.4750000000000001,-0.2749732732772828
flat,0.325,0.7500000000000001,1,0,0.5030657,-0.6014951,7,-0.4250000000000001,-0.24693429470062267
flat,0.37500000000000006,0.7500000000000001,2,0,0.5311048,-0.47105142,7,-0.37500000000000006,-0.21889519691467296
flat,0.425,0.7500000000000001,3,0,0.5591438,-0.34060785,7,-0.3250000000000001,-0.1908562183380128
flat,0.475,0.7500000000000001,4,0,0.58718276,-0.21016425,7,-0.27500000000000013,-0.16281723976135265
flat,0.525,0.7500000000000001,5,0,0.61522174,-0.079720676,7,-0.2250000000000001,-0.1347782611846925
flat,0.575,0.7500000000000001,6,0,0.6432607,0.050722953,7,-0.17500000000000016,-0.10673928260803234
flat,0.625,0.7500000000000001,7,0,0.67129976,0.18116665,7,-0.1250000000000001,-0.0787002444267274
flat,0.675,0.7500000000000001,8,0,0.69933873,0.31161022,7,-0.07500000000000007,-0.05066126585006725
flat,0.7250000000000001,0.7500000000000001,9,0,0.7273779,0.44205394,7,-0.025000000000000022,-0.022622108459472767
flat,0.7749999999999999,0.7500000000000001,10,1,0.7554168,0.57249737,7,0.0249999999999998,0.005416810512542614
flat,0.7749999999999999,0.7500000000000001,10,1,0.7554168,0.57249737,7,0.0249999999999998,0.005416810512542614
flat,0.825,0.7500000000000001,11,1,0.7834559,0.7029412,7,0.07499999999999984,0.03345590829849232
flat,0.825,0.7500000000000001,11,1,0.7834559,0.7029412,7,0.07499999999999984,0.03345590829849232
flat,0.8749999999999999,0.7500000000000001,12,1,0.8114948,0.8333846,7,0.12499999999999978,0.0614948272705077
flat,0.8749999999999999,0.7500000000000001,12,1,0.8114948,0.8333846,7,0.12499999999999978,0.0614948272705077
flat,0.9249999999999999,0.7500000000000001,13,1,0.83836645,0.96084815,7,0.17499999999999982,0.08836644887924183
flat,0.9249999999999999,0.7500000000000001,13,1,0.83836645,0.96084815,7,0.17499999999999982,0.08836644887924183
flat,0.975,0.7500000000000001,14,1,0.85569674,1.064944,7,0.22499999999999987,0.10569673776626576
flat,0.975,0.7500000000000001,14,1,0.85569674,1.064944,7,0.22499999999999987,0.10569673776626576
base,0.025000000000000022,0.5,0,0,0.24244149,-1.226104,7,-0.475,-0.25755850970745087
base,0.075,0.5,1,0,0.27048048,-1.0956604,7,-0.425,-0.22951951622962952
base,0.12500000000000003,0.5,2,0,0.2985195,-0.9652169,7,-0.375,-0.20148050785064697
base,0.17500000000000002,0.5,3,0,0.32655847,-0.8347733,7,-0.32499999999999996,-0.17344152927398682
base,0.225,0.5,4,0,0.3545975,-0.7043296,7,-0.275,-0.14540249109268188
base,0.275,0.5,5,0,0.38263655,-0.57388604,7,-0.22499999999999998,-0.11736345291137695
base,0.325,0.5,6,0,0.41067553,-0.44344237,7,-0.175,-0.0893244743347168
base,0.37500000000000006,0.5,7,0,0.4387145,-0.3129988,7,-0.12499999999999994,-0.06128549575805664
base,0.425,0.5,8,0,0.4667536,-0.18255512,7,-0.07500000000000001,-0.033246397972106934
base,0.475,0.5,9,0,0.49479258,-0.052111555,7,-0.025000000000000022,-0.005207419395446777
base,0.525,0.5,10,1,0.5228316,0.07833196,7,0.025000000000000022,0.022831618785858154
base,0.575,0.5,11,1,0.5508706,0.2087755,7,0.07499999999999996,0.05087059736251831
base,0.625,0.5,12,1,0.5789096,0.3392193,7,0.125,0.07890957593917847
base,0.675,0.5,13,1,0.6069487,0.46966285,7,0.17500000000000004,0.10694867372512817
base,0.7250000000000001,0.5,14,1,0.63498765,0.6001065,7,0.2250000000000001,0.13498765230178833
base,0.7749999999999999,0.5,15,1,0.66302663,0.73055005,7,0.2749999999999999,0.1630266308784485
base,0.825,0.5,16,1,0.69106567,0.8609937,7,0.32499999999999996,0.19106566905975342
base,0.8749999999999999,0.5,17,1,0.7179536,0.98662907,7,0.3749999999999999,0.217953622341156
base,0.9249999999999999,0.5,18,1,0.7434497,1.1064504,7,0.42499999999999993,0.24344968795776367
base,0.975,0.5,19,1,0.766374,1.219676,7,0.475,0.26637399196624756
curv,0.025000000000000022,0.25,0,0,0.15005125,-1.0680515,7,-0.22499999999999998,-0.09994874894618988
curv,0.025000000000000022,0.25,0,0,0.15005125,-1.0680515,7,-0.22499999999999998,-0.09994874894618988
curv,0.075,0.25,1,0,0.17809029,-0.93760777,7,-0.175,-0.07190971076488495
curv,0.075,0.25,1,0,0.17809029,-0.93760777,7,-0.175,-0.07190971076488495
curv,0.12500000000000003,0.25,2,0,0.2061293,-0.80716413,7,-0.12499999999999997,-0.043870702385902405
curv,0.12500000000000003,0.25,2,0,0.2061293,-0.80716413,7,-0.12499999999999997,-0.043870702385902405
curv,0.17500000000000002,0.25,3,0,0.2341683,-0.6767206,7,-0.07499999999999998,-0.01583169400691986
curv,0.17500000000000002,0.25,3,0,0.2341683,-0.6767206,7,-0.07499999999999998,-0.01583169400691986
curv,0.225,0.25,4,0,0.2622073,-0.54627705,7,-0.024999999999999994,0.01220729947090149
curv,0.225,0.25,4,0,0.2622073,-0.54627705,7,-0.024999999999999994,0.01220729947090149
curv,0.275,0.25,5,1,0.2902463,-0.41583338,7,0.025000000000000022,0.04024630784988403
curv,0.325,0.25,6,1,0.31828535,-0.2853898,7,0.07500000000000001,0.06828534603118896
curv,0.37500000000000006,0.25,7,1,0.34632432,-0.15494612,7,0.12500000000000006,0.09632432460784912
curv,0.425,0.25,8,1,0.37436336,-0.024502534,7,0.175,0.12436336278915405
curv,0.475,0.25,9,1,0.40240234,0.10594103,7,0.22499999999999998,0.1524023413658142
curv,0.525,0.25,10,1,0.43044138,0.2363846,7,0.275,0.18044137954711914
curv,0.575,0.25,11,1,0.45848036,0.3668282,7,0.32499999999999996,0.2084803581237793
curv,0.625,0.25,12,1,0.4865194,0.4972718,7,0.375,0.23651939630508423
curv,0.675,0.25,13,1,0.51414096,0.6259718,7,0.42500000000000004,0.2641409635543823
curv,0.7250000000000001,0.25,14,1,0.539637,0.74579287,7,0.4750000000000001,0.28963702917099
flat,0.275,0.7500000000000001,0,0,0.47502673,-0.73193866,7,-0.4750000000000001,-0.2749732732772828
flat,0.325,0.7500000000000001,1,0,0.5030657,-0.6014951,7,-0.4250000000000001,-0.24693429470062267
flat,0.37500000000000006,0.7500000000000001,2,0,0.5311048,-0.47105142,7,-0.37500000000000006,-0.21889519691467296
flat,0.425,0.7500000000000001,3,0,0.5591438,-0.34060785,7,-0.3250000000000001,-0.1908562183380128
flat,0.475,0.7500000000000001,4,0,0.58718276,-0.21016425,7,-0.27500000000000013,-0.16281723976135265
flat,0.525,0.7500000000000001,5,0,0.61522174,-0.079720676,7,-0.2250000000000001,-0.1347782611846925
flat,0.575,0.7500000000000001,6,0,0.6432607,0.050722953,7,-0.17500000000000016,-0.10673928260803234
flat,0.625,0.7500000000000001,7,0,0.67129976,0.18116665,7,-0.1250000000000001,-0.0787002444267274
flat,0.675,0.7500000000000001,8,0,0.69933873,0.31161022,7,-0.07500000000000007,-0.05066126585006725
flat,0.7250000000000001,0.7500000000000001,9,0,0.7273779,0.44205394,7,-0.025000000000000022,-0.022622108459472767
flat,0.7749999999999999,0.7500000000000001,10,1,0.7554168,0.57249737,7,0.0249999999999998,0.005416810512542614
flat,0.7749999999999999,0.7500000000000001,10,1,0.7554168,0.57249737,7,0.0249999999999998,0.005416810512542614
flat,0.825,0.7500000000000001,11,1,0.7834559,0.7029412,7,0.07499999999999984,0.03345590829849232
flat,0.825,0.7500000000000001,11,1,0.7834559,0.7029412,7,0.07499999999999984,0.03345590829849232
flat,0.8749999999999999,0.7500000000000001,12,1,0.8114948,0.8333846,7,0.12499999999999978,0.0614948272705077
flat,0.8749999999999999,0.7500000000000001,12,1,0.8114948,0.8333846,7,0.12499999999999978,0.0614948272705077
flat,0.9249999999999999,0.7500000000000001,13,1,0.83836645,0.96084815,7,0.17499999999999982,0.08836644887924183
flat,0.9249999999999999,0.7500000000000001,13,1,0.83836645,0.96084815,7,0.17499999999999982,0.08836644887924183
flat,0.975,0.7500000000000001,14,1,0.85569674,1.064944,7,0.22499999999999987,0.10569673776626576
flat,0.975,0.7500000000000001,14,1,0.85569674,1.064944,7,0.22499999999999987,0.10569673776626576
base,0.025000000000000022,0.5,0,0,0.24244149,-1.226104,7,-0.475,-0.25755850970745087
base,0.075,0.5,1,0,0.27048048,-1.0956604,7,-0.425,-0.22951951622962952
base,0.12500000000000003,0.5,2,0,0.2985195,-0.9652169,7,-0.375,-0.20148050785064697
base,0.17500000000000002,0.5,3,0,0.32655847,-0.8347733,7,-0.32499999999999996,-0.17344152927398682
base,0.225,0.5,4,0,0.3545975,-0.7043296,7,-0.275,-0.14540249109268188
base,0.275,0.5,5,0,0.38263655,-0.57388604,7,-0.22499999999999998,-0.11736345291137695
base,0.325,0.5,6,0,0.41067553,-0.44344237,7,-0.175,-0.0893244743347168
base,0.37500000000000006,0.5,7,0,0.4387145,-0.3129988,7,-0.12499999999999994,-0.06128549575805664
base,0.425,0.5,8,0,0.4667536,-0.18255512,7,-0.07500000000000001,-0.033246397972106934
base,0.475,0.5,9,0,0.49479258,-0.052111555,7,-0.025000000000000022,-0.005207419395446777
base,0.525,0.5,10,1,0.5228316,0.07833196,7,0.025000000000000022,0.022831618785858154
base,0.575,0.5,11,1,0.5508706,0.2087755,7,0.07499999999999996,0.05087059736251831
base,0.625,0.5,12,1,0.5789096,0.3392193,7,0.125,0.07890957593917847
base,0.675,0.5,13,1,0.6069487,0.46966285,7,0.17500000000000004,0.10694867372512817
base,0.7250000000000001,0.5,14,1,0.63498765,0.6001065,7,0.2250000000000001,0.13498765230178833
base,0.7749999999999999,0.5,15,1,0.66302663,0.73055005,7,0.2749999999999999,0.1630266308784485
base,0.825,0.5,16,1,0.69106567,0.8609937,7,0.32499999999999996,0.19106566905975342
base,0.8749999999999999,0.5,17,1,0.7179536,0.98662907,7,0.3749999999999999,0.217953622341156
base,0.9249999999999999,0.5,18,1,0.7434497,1.1064504,7,0.42499999999999993,0.24344968795776367
base,0.975,0.5,19,1,0.766374,1.219676,7,0.475,0.26637399196624756
curv,0.025000000000000022,0.25,0,0,0.15005125,-1.0680515,7,-0.22499999999999998,-0.09994874894618988
curv,0.025000000000000022,0.25,0,0,0.15005125,-1.0680515,7,-0.22499999999999998,-0.09994874894618988
curv,0.075,0.25,1,0,0.17809029,-0.93760777,7,-0.175,-0.07190971076488495
curv,0.075,0.25,1,0,0.17809029,-0.93760777,7,-0.175,-0.07190971076488495
curv,0.12500000000000003,0.25,2,0,0.2061293,-0.80716413,7,-0.12499999999999997,-0.043870702385902405
curv,0.12500000000000003,0.25,2,0,0.2061293,-0.80716413,7,-0.12499999999999997,-0.043870702385902405
curv,0.17500000000000002,0.25,3,0,0.2341683,-0.6767206,7,-0.07499999999999998,-0.01583169400691986
curv,0.17500000000000002,0.25,3,0,0.2341683,-0.6767206,7,-0.07499999999999998,-0.01583169400691986
curv,0.225,0.25,4,0,0.2622073,-0.54627705,7,-0.024999999999999994,0.01220729947090149
curv,0.225,0.25,4,0,0.2622073,-0.54627705,7,-0.024999999999999994,0.01220729947090149
curv,0.275,0.25,5,1,0.2902463,-0.41583338,7,0.025000000000000022,0.04024630784988403
curv,0.325,0.25,6,1,0.31828535,-0.2853898,7,0.07500000000000001,0.06828534603118896
curv,0.37500000000000006,0.25,7,1,0.34632432,-0.15494612,7,0.12500000000000006,0.09632432460784912
curv,0.425,0.25,8,1,0.37436336,-0.024502534,7,0.175,0.12436336278915405
curv,0.475,0.25,9,1,0.40240234,0.10594103,7,0.22499999999999998,0.1524023413658142
curv,0.525,0.25,10,1,0.43044138,0.2363846,7,0.275,0.18044137954711914
curv,0.575,0.25,11,1,0.45848036,0.3668282,7,0.32499999999999996,0.2084803581237793
curv,0.625,0.25,12,1,0.4865194,0.4972718,7,0.375,0.23651939630508423
curv,0.675,0.25,13,1,0.51414096,0.6259718,7,0.42500000000000004,0.2641409635543823
curv,0.7250000000000001,0.25,14,1,0.539637,0.74579287,7,0.4750000000000001,0.28963702917099
flat,0.275,0.7500000000000001,0,0,0.47502673,-0.73193866,7,-0.4750000000000001,-0.2749732732772828
flat,0.325,0.7500000000000001,1,0,0.5030657,-0.6014951,7,-0.4250000000000001,-0.24693429470062267
flat,0.37500000000000006,0.7500000000000001,2,0,0.5311048,-0.47105142,7,-0.37500000000000006,-0.21889519691467296
flat,0.425,0.7500000000000001,3,0,0.5591438,-0.34060785,7,-0.3250000000000001,-0.1908562183380128
flat,0.475,0.7500000000000001,4,0,0.58718276,-0.21016425,7,-0.27500000000000013,-0.16281723976135265
flat,0.525,0.7500000000000001,5,0,0.61522174,-0.079720676,7,-0.2250000000000001,-0.1347782611846925
flat,0.575,0.7500000000000001,6,0,0.6432607,0.050722953,7,-0.17500000000000016,-0.10673928260803234
flat,0.625,0.7500000000000001,7,0,0.67129976,0.18116665,7,-0.1250000000000001,-0.0787002444267274
flat,0.675,0.7500000000000001,8,0,0.69933873,0.31161022,7,-0.07500000000000007,-0.05066126585006725
flat,0.7250000000000001,0.7500000000000001,9,0,0.7273779,0.44205394,7,-0.025000000000000022,-0.022622108459472767
flat,0.7749999999999999,0.7500000000000001,10,1,0.7554168,0.57249737,7,0.0249999999999998,0.005416810512542614
flat,0.7749999999999999,0.7500000000000001,10,1,0.7554168,0.57249737,7,0.0249999999999998,0.005416810512542614
flat,0.825,0.7500000000000001,11,1,0.7834559,0.7029412,7,0.07499999999999984,0.03345590829849232
flat,0.825,0.7500000000000001,11,1,0.7834559,0.7029412,7,0.07499999999999984,0.03345590829849232
flat,0.8749999999999999,0.7500000000000001,12,1,0.8114948,0.8333846,7,0.12499999999999978,0.0614948272705077
flat,0.8749999999999999,0.7500000000000001,12,1,0.8114948,0.8333846,7,0.12499999999999978,0.0614948272705077
flat,0.9249999999999999,0.7500000000000001,13,1,0.83836645,0.96084815,7,0.17499999999999982,0.08836644887924183
flat,0.9249999999999999,0.7500000000000001,13,1,0.83836645,0.96084815,7,0.17499999999999982,0.08836644887924183
flat,0.975,0.7500000000000001,14,1,0.85569674,1.064944,7,0.22499999999999987,0.10569673776626576
flat,0.975,0.7500000000000001,14,1,0.85569674,1.064944,7,0.22499999999999987,0.10569673776626576
base,0.025000000000000022,0.5,0,0,0.33067143,-1.2096707,8,-0.475,-0.16932857036590576
base,0.075,0.5,1,0,0.34939438,-1.0817701,8,-0.425,-0.15060561895370483
base,0.12500000000000003,0.5,2,0,0.3681173,-0.9538696,8,-0.375,-0.1318826973438263
base,0.17500000000000002,0.5,3,0,0.38684016,-0.825969,8,-0.32499999999999996,-0.11315983533859253
base,0.225,0.5,4,0,0.40556312,-0.6980685,8,-0.275,-0.0944368839263916
base,0.275,0.5,5,0,0.424286,-0.570168,8,-0.22499999999999998,-0.07571399211883545
base,0.325,0.5,6,0,0.4430089,-0.44226733,8,-0.175,-0.0569911003112793
base,0.37500000000000006,0.5,7,0,0.4617319,-0.31436673,8,-0.12499999999999994,-0.038268089294433594
base,0.425,0.5,8,0,0.4804548,-0.18646613,8,-0.07500000000000001,-0.01954519748687744
base,0.475,0.5,9,0,0.4991777,-0.058565766,8,-0.025000000000000022,-0.0008223056793212891
base,0.525,0.5,10,1,0.5179005,0.069334775,8,0.025000000000000022,0.017900526523590088
base,0.575,0.5,11,1,0.53662354,0.19723544,8,0.07499999999999996,0.03662353754043579
base,0.625,0.5,12,1,0.55534637,0.32513598,8,0.125,0.05534636974334717
base,0.675,0.5,13,1,0.5740694,0.45303664,8,0.17500000000000004,0.07406938076019287
base,0.7250000000000001,0.5,14,1,0.5927922,0.580937,8,0.2250000000000001,0.09279221296310425
base,0.7749999999999999,0.5,15,1,0.6115151,0.7088376,8,0.2749999999999999,0.1115151047706604
base,0.825,0.5,16,1,0.630238,0.8367381,8,0.32499999999999996,0.13023799657821655
base,0.8749999999999999,0.5,17,1,0.64896107,0.9646387,8,0.3749999999999999,0.14896106719970703
base,0.9249999999999999,0.5,18,1,0.6676839,1.0925394,8,0.42499999999999993,0.1676838994026184
base,0.975,0.5,19,1,0.68649083,1.2195874,8,0.475,0.18649083375930786
curv,0.025000000000000022,0.25,0,0,0.19259477,-0.9176793,8,-0.22499999999999998,-0.05740523338317871
curv,0.025000000000000022,0.25,0,0,0.19259477,-0.9176793,8,-0.22499999999999998,-0.05740523338317871
curv,0.075,0.25,1,0,0.21131769,-0.7897787,8,-0.175,-0.03868231177330017
curv,0.075,0.25,1,0,0.21131769,-0.7897787,8,-0.175,-0.03868231177330017
curv,0.12500000000000003,0.25,2,0,0.23004062,-0.6618782,8,-0.12499999999999997,-0.019959375262260437
curv,0.12500000000000003,0.25,2,0,0.23004062,-0.6618782,8,-0.12499999999999997,-0.019959375262260437
curv,0.17500000000000002,0.25,3,0,0.24876352,-0.5339776,8,-0.07499999999999998,-0.0012364834547042847
curv,0.17500000000000002,0.25,3,0,0.24876352,-0.5339776,8,-0.07499999999999998,-0.0012364834547042847
curv,0.225,0.25,4,0,0.26748645,-0.40607706,8,-0.024999999999999994,0.01748645305633545
curv,0.225,0.25,4,0,0.26748645,-0.40607706,8,-0.024999999999999994,0.01748645305633545
curv,0.275,0.25,5,1,0.28620934,-0.27817652,8,0.025000000000000022,0.0362093448638916
curv,0.325,0.25,6,1,0.3049323,-0.15027598,8,0.07500000000000001,0.05493229627609253
curv,0.37500000000000006,0.25,7,1,0.3236552,-0.022375345,8,0.12500000000000006,0.07365518808364868
curv,0.425,0.25,8,1,0.34237808,0.105525225,8,0.175,0.09237807989120483
curv,0.475,0.25,9,1,0.36110103,0.2334257,8,0.22499999999999998,0.11110103130340576
curv,0.525,0.25,10,1,0.37982386,0.3613262,8,0.275,0.12982386350631714
curv,0.575,0.25,11,1,0.39854687,0.48922685,8,0.32499999999999996,0.14854687452316284
curv,0.625,0.25,12,1,0.41979373,0.59150946,8,0.375,0.1697937250137329
curv,0.675,0.25,13,1,0.44225335,0.6591438,8,0.42500000000000004,0.19225335121154785
curv,0.7250000000000001,0.25,14,1,0.46491516,0.72031105,8,0.4750000000000001,0.21491515636444092
flat,0.275,0.7500000000000001,0,0,0.5623627,-0.8621594,8,-0.4750000000000001,-0.1876373291015626
flat,0.325,0.7500000000000001,1,0,0.58108556,-0.7342588,8,-0.4250000000000001,-0.16891443729400646
flat,0.37500000000000006,0.7500000000000001,2,0,0.5998086,-0.6063582,8,-0.37500000000000006,-0.15019142627716076
flat,0.425,0.7500000000000001,3,0,0.6185314,-0.4784576,8,-0.3250000000000001,-0.13146859407424938
flat,0.475,0.7500000000000001,4,0,0.6372543,-0.350557,8,-0.27500000000000013,-0.11274570226669323
flat,0.525,0.7500000000000001,5,0,0.65597725,-0.2226564,8,-0.2250000000000001,-0.0940227508544923
flat,0.575,0.7500000000000001,6,0,0.67470014,-0.09475604,8,-0.17500000000000016,-0.07529985904693615
flat,0.625,0.7500000000000001,7,0,0.693423,0.033144444,8,-0.1250000000000001,-0.05657702684402477
flat,0.675,0.7500000000000001,8,0,0.712146,0.16104534,8,-0.07500000000000007,-0.037854015827179066
flat,0.7250000000000001,0.7500000000000001,9,0,0.7308689,0.28894576,8,-0.025000000000000022,-0.019131124019622914
flat,0.7749999999999999,0.7500000000000001,10,1,0.74959177,0.41684607,8,0.0249999999999998,-0.0004082322120667614
flat,0.7749999999999999,0.7500000000000001,10,1,0.74959177,0.41684607,8,0.0249999999999998,-0.0004082322120667614
flat,0.825,0.7500000000000001,11,1,0.7683148,0.54474676,8,0.07499999999999984,0.01831477880477894
flat,0.825,0.7500000000000001,11,1,0.7683148,0.54474676,8,0.07499999999999984,0.01831477880477894
flat,0.8749999999999999,0.7500000000000001,12,1,0.7870376,0.67264736,8,0.12499999999999978,0.03703761100769032
flat,0.8749999999999999,0.7500000000000001,12,1,0.7870376,0.67264736,8,0.12499999999999978,0.03703761100769032
flat,0.9249999999999999,0.7500000000000001,13,1,0.8024449,0.7945913,8,0.17499999999999982,0.05244487524032582
flat,0.9249999999999999,0.7500000000000001,13,1,0.8024449,0.7945913,8,0.17499999999999982,0.05244487524032582
flat,0.975,0.7500000000000001,14,1,0.8169366,0.9148903,8,0.22499999999999987,0.06693661212921131
flat,0.975,0.7500000000000001,14,1,0.8169366,0.9148903,8,0.22499999999999987,0.06693661212921131
base,0.025000000000000022,0.5,0,0,0.33067143,-1.2096707,8,-0.475,-0.16932857036590576
base,0.075,0.5,1,0,0.34939438,-1.0817701,8,-0.425,-0.15060561895370483
base,0.12500000000000003,0.5,2,0,0.3681173,-0.9538696,8,-0.375,-0.1318826973438263
base,0.17500000000000002,0.5,3,0,0.38684016,-0.825969,8,-0.32499999999999996,-0.11315983533859253
base,0.225,0.5,4,0,0.40556312,-0.6980685,8,-0.275,-0.0944368839263916
base,0.275,0.5,5,0,0.424286,-0.570168,8,-0.22499999999999998,-0.07571399211883545
base,0.325,0.5,6,0,0.4430089,-0.44226733,8,-0.175,-0.0569911003112793
base,0.37500000000000006,0.5,7,0,0.4617319,-0.31436673,8,-0.12499999999999994,-0.038268089294433594
base,0.425,0.5,8,0,0.4804548,-0.18646613,8,-0.07500000000000001,-0.01954519748687744
base,0.475,0.5,9,0,0.4991777,-0.058565766,8,-0.025000000000000022,-0.0008223056793212891
base,0.525,0.5,10,1,0.5179005,0.069334775,8,0.025000000000000022,0.017900526523590088
base,0.575,0.5,11,1,0.53662354,0.19723544,8,0.07499999999999996,0.03662353754043579
base,0.625,0.5,12,1,0.55534637,0.32513598,8,0.125,0.05534636974334717
base,0.675,0.5,13,1,0.5740694,0.45303664,8,0.17500000000000004,0.07406938076019287
base,0.7250000000000001,0.5,14,1,0.5927922,0.580937,8,0.2250000000000001,0.09279221296310425
base,0.7749999999999999,0.5,15,1,0.6115151,0.7088376,8,0.2749999999999999,0.1115151047706604
base,0.825,0.5,16,1,0.630238,0.8367381,8,0.32499999999999996,0.13023799657821655
base,0.8749999999999999,0.5,17,1,0.64896107,0.9646387,8,0.3749999999999999,0.14896106719970703
base,0.9249999999999999,0.5,18,1,0.6676839,1.0925394,8,0.42499999999999993,0.1676838994026184
base,0.975,0.5,19,1,0.68649083,1.2195874,8,0.475,0.18649083375930786
curv,0.025000000000000022,0.25,0,0,0.19259477,-0.9176793,8,-0.22499999999999998,-0.05740523338317871
curv,0.025000000000000022,0.25,0,0,0.19259477,-0.9176793,8,-0.22499999999999998,-0.05740523338317871
curv,0.075,0.25,1,0,0.21131769,-0.7897787,8,-0.175,-0.03868231177330017
curv,0.075,0.25,1,0,0.21131769,-0.7897787,8,-0.175,-0.03868231177330017
curv,0.12500000000000003,0.25,2,0,0.23004062,-0.6618782,8,-0.12499999999999997,-0.019959375262260437
curv,0.12500000000000003,0.25,2,0,0.23004062,-0.6618782,8,-0.12499999999999997,-0.019959375262260437
curv,0.17500000000000002,0.25,3,0,0.24876352,-0.5339776,8,-0.07499999999999998,-0.0012364834547042847
curv,0.17500000000000002,0.25,3,0,0.24876352,-0.5339776,8,-0.07499999999999998,-0.0012364834547042847
curv,0.225,0.25,4,0,0.26748645,-0.40607706,8,-0.024999999999999994,0.01748645305633545
curv,0.225,0.25,4,0,0.26748645,-0.40607706,8,-0.024999999999999994,0.01748645305633545
curv,0.275,0.25,5,1,0.28620934,-0.27817652,8,0.025000000000000022,0.0362093448638916
curv,0.325,0.25,6,1,0.3049323,-0.15027598,8,0.07500000000000001,0.05493229627609253
curv,0.37500000000000006,0.25,7,1,0.3236552,-0.022375345,8,0.12500000000000006,0.07365518808364868
curv,0.425,0.25,8,1,0.34237808,0.105525225,8,0.175,0.09237807989120483
curv,0.475,0.25,9,1,0.36110103,0.2334257,8,0.22499999999999998,0.11110103130340576
curv,0.525,0.25,10,1,0.37982386,0.3613262,8,0.275,0.12982386350631714
curv,0.575,0.25,11,1,0.39854687,0.48922685,8,0.32499999999999996,0.14854687452316284
curv,0.625,0.25,12,1,0.41979373,0.59150946,8,0.375,0.1697937250137329
curv,0.675,0.25,13,1,0.44225335,0.6591438,8,0.42500000000000004,0.19225335121154785
curv,0.7250000000000001,0.25,14,1,0.46491516,0.72031105,8,0.4750000000000001,0.21491515636444092
flat,0.275,0.7500000000000001,0,0,0.5623627,-0.8621594,8,-0.4750000000000001,-0.1876373291015626
flat,0.325,0.7500000000000001,1,0,0.58108556,-0.7342588,8,-0.4250000000000001,-0.16891443729400646
flat,0.37500000000000006,0.7500000000000001,2,0,0.5998086,-0.6063582,8,-0.37500000000000006,-0.15019142627716076
flat,0.425,0.7500000000000001,3,0,0.6185314,-0.4784576,8,-0.3250000000000001,-0.13146859407424938
flat,0.475,0.7500000000000001,4,0,0.6372543,-0.350557,8,-0.27500000000000013,-0.11274570226669323
flat,0.525,0.7500000000000001,5,0,0.65597725,-0.2226564,8,-0.2250000000000001,-0.0940227508544923
flat,0.575,0.7500000000000001,6,0,0.67470014,-0.09475604,8,-0.17500000000000016,-0.07529985904693615
flat,0.625,0.7500000000000001,7,0,0.693423,0.033144444,8,-0.1250000000000001,-0.05657702684402477
flat,0.675,0.7500000000000001,8,0,0.712146,0.16104534,8,-0.07500000000000007,-0.037854015827179066
flat,0.7250000000000001,0.7500000000000001,9,0,0.7308689,0.28894576,8,-0.025000000000000022,-0.019131124019622914
flat,0.7749999999999999,0.7500000000000001,10,1,0.74959177,0.41684607,8,0.0249999999999998,-0.0004082322120667614
flat,0.7749999999999999,0.7500000000000001,10,1,0.74959177,0.41684607,8,0.0249999999999998,-0.0004082322120667614
flat,0.825,0.7500000000000001,11,1,0.7683148,0.54474676,8,0.07499999999999984,0.01831477880477894
flat,0.825,0.7500000000000001,11,1,0.7683148,0.54474676,8,0.07499999999999984,0.01831477880477894
flat,0.8749999999999999,0.7500000000000001,12,1,0.7870376,0.67264736,8,0.12499999999999978,0.03703761100769032
flat,0.8749999999999999,0.7500000000000001,12,1,0.7870376,0.67264736,8,0.12499999999999978,0.03703761100769032
flat,0.9249999999999999,0.7500000000000001,13,1,0.8024449,0.7945913,8,0.17499999999999982,0.05244487524032582
flat,0.9249999999999999,0.7500000000000001,13,1,0.8024449,0.7945913,8,0.17499999999999982,0.05244487524032582
flat,0.975,0.7500000000000001,14,1,0.8169366,0.9148903,8,0.22499999999999987,0.06693661212921131
flat,0.975,0.7500000000000001,14,1,0.8169366,0.9148903,8,0.22499999999999987,0.06693661212921131
base,0.025000000000000022,0.5,0,0,0.33067143,-1.2096707,8,-0.475,-0.16932857036590576
base,0.075,0.5,1,0,0.34939438,-1.0817701,8,-0.425,-0.15060561895370483
base,0.12500000000000003,0.5,2,0,0.3681173,-0.9538696,8,-0.375,-0.1318826973438263
base,0.17500000000000002,0.5,3,0,0.38684016,-0.825969,8,-0.32499999999999996,-0.11315983533859253
base,0.225,0.5,4,0,0.40556312,-0.6980685,8,-0.275,-0.0944368839263916
base,0.275,0.5,5,0,0.424286,-0.570168,8,-0.22499999999999998,-0.07571399211883545
base,0.325,0.5,6,0,0.4430089,-0.44226733,8,-0.175,-0.0569911003112793
base,0.37500000000000006,0.5,7,0,0.4617319,-0.31436673,8,-0.12499999999999994,-0.038268089294433594
base,0.425,0.5,8,0,0.4804548,-0.18646613,8,-0.07500000000000001,-0.01954519748687744
base,0.475,0.5,9,0,0.4991777,-0.058565766,8,-0.025000000000000022,-0.0008223056793212891
base,0.525,0.5,10,1,0.5179005,0.069334775,8,0.025000000000000022,0.017900526523590088
base,0.575,0.5,11,1,0.53662354,0.19723544,8,0.07499999999999996,0.03662353754043579
base,0.625,0.5,12,1,0.55534637,0.32513598,8,0.125,0.05534636974334717
base,0.675,0.5,13,1,0.5740694,0.45303664,8,0.17500000000000004,0.07406938076019287
base,0.7250000000000001,0.5,14,1,0.5927922,0.580937,8,0.2250000000000001,0.09279221296310425
base,0.7749999999999999,0.5,15,1,0.6115151,0.7088376,8,0.2749999999999999,0.1115151047706604
base,0.825,0.5,16,1,0.630238,0.8367381,8,0.32499999999999996,0.13023799657821655
base,0.8749999999999999,0.5,17,1,0.64896107,0.9646387,8,0.3749999999999999,0.14896106719970703
base,0.9249999999999999,0.5,18,1,0.6676839,1.0925394,8,0.42499999999999993,0.1676838994026184
base,0.975,0.5,19,1,0.68649083,1.2195874,8,0.475,0.18649083375930786
curv,0.025000000000000022,0.25,0,0,0.19259477,-0.9176793,8,-0.22499999999999998,-0.05740523338317871
curv,0.025000000000000022,0.25,0,0,0.19259477,-0.9176793,8,-0.22499999999999998,-0.05740523338317871
curv,0.075,0.25,1,0,0.21131769,-0.7897787,8,-0.175,-0.03868231177330017
curv,0.075,0.25,1,0,0.21131769,-0.7897787,8,-0.175,-0.03868231177330017
curv,0.12500000000000003,0.25,2,0,0.23004062,-0.6618782,8,-0.12499999999999997,-0.019959375262260437
curv,0.12500000000000003,0.25,2,0,0.23004062,-0.6618782,8,-0.12499999999999997,-0.019959375262260437
curv,0.17500000000000002,0.25,3,0,0.24876352,-0.5339776,8,-0.07499999999999998,-0.0012364834547042847
curv,0.17500000000000002,0.25,3,0,0.24876352,-0.5339776,8,-0.07499999999999998,-0.0012364834547042847
curv,0.225,0.25,4,0,0.26748645,-0.40607706,8,-0.024999999999999994,0.01748645305633545
curv,0.225,0.25,4,0,0.26748645,-0.40607706,8,-0.024999999999999994,0.01748645305633545
curv,0.275,0.25,5,1,0.28620934,-0.27817652,8,0.025000000000000022,0.0362093448638916
curv,0.325,0.25,6,1,0.3049323,-0.15027598,8,0.07500000000000001,0.05493229627609253
curv,0.37500000000000006,0.25,7,1,0.3236552,-0.022375345,8,0.12500000000000006,0.07365518808364868
curv,0.425,0.25,8,1,0.34237808,0.105525225,8,0.175,0.09237807989120483
curv,0.475,0.25,9,1,0.36110103,0.2334257,8,0.22499999999999998,0.11110103130340576
curv,0.525,0.25,10,1,0.37982386,0.3613262,8,0.275,0.12982386350631714
curv,0.575,0.25,11,1,0.39854687,0.48922685,8,0.32499999999999996,0.14854687452316284
curv,0.625,0.25,12,1,0.41979373,0.59150946,8,0.375,0.1697937250137329
curv,0.675,0.25,13,1,0.44225335,0.6591438,8,0.42500000000000004,0.19225335121154785
curv,0.7250000000000001,0.25,14,1,0.46491516,0.72031105,8,0.4750000000000001,0.21491515636444092
flat,0.275,0.7500000000000001,0,0,0.5623627,-0.8621594,8,-0.4750000000000001,-0.1876373291015626
flat,0.325,0.7500000000000001,1,0,0.58108556,-0.7342588,8,-0.4250000000000001,-0.16891443729400646
flat,0.37500000000000006,0.7500000000000001,2,0,0.5998086,-0.6063582,8,-0.37500000000000006,-0.15019142627716076
flat,0.425,0.7500000000000001,3,0,0.6185314,-0.4784576,8,-0.3250000000000001,-0.13146859407424938
flat,0.475,0.7500000000000001,4,0,0.6372543,-0.350557,8,-0.27500000000000013,-0.11274570226669323
flat,0.525,0.7500000000000001,5,0,0.65597725,-0.2226564,8,-0.2250000000000001,-0.0940227508544923
flat,0.575,0.7500000000000001,6,0,0.67470014,-0.09475604,8,-0.17500000000000016,-0.07529985904693615
flat,0.625,0.7500000000000001,7,0,0.693423,0.033144444,8,-0.1250000000000001,-0.05657702684402477
flat,0.675,0.7500000000000001,8,0,0.712146,0.16104534,8,-0.07500000000000007,-0.037854015827179066
flat,0.7250000000000001,0.7500000000000001,9,0,0.7308689,0.28894576,8,-0.025000000000000022,-0.019131124019622914
flat,0.7749999999999999,0.7500000000000001,10,1,0.74959177,0.41684607,8,0.0249999999999998,-0.0004082322120667614
flat,0.7749999999999999,0.7500000000000001,10,1,0.74959177,0.41684607,8,0.0249999999999998,-0.0004082322120667614
flat,0.825,0.7500000000000001,11,1,0.7683148,0.54474676,8,0.07499999999999984,0.01831477880477894
flat,0.825,0.7500000000000001,11,1,0.7683148,0.54474676,8,0.07499999999999984,0.01831477880477894
flat,0.8749999999999999,0.7500000000000001,12,1,0.7870376,0.67264736,8,0.12499999999999978,0.03703761100769032
flat,0.8749999999999999,0.7500000000000001,12,1,0.7870376,0.67264736,8,0.12499999999999978,0.03703761100769032
flat,0.9249999999999999,0.7500000000000001,13,1,0.8024449,0.7945913,8,0.17499999999999982,0.05244487524032582
flat,0.9249999999999999,0.7500000000000001,13,1,0.8024449,0.7945913,8,0.17499999999999982,0.05244487524032582
flat,0.975,0.7500000000000001,14,1,0.8169366,0.9148903,8,0.22499999999999987,0.06693661212921131
flat,0.975,0.7500000000000001,14,1,0.8169366,0.9148903,8,0.22499999999999987,0.06693661212921131
base,0.025000000000000022,0.5,0,0,0.33067143,-1.2096707,8,-0.475,-0.16932857036590576
base,0.075,0.5,1,0,0.34939438,-1.0817701,8,-0.425,-0.15060561895370483
base,0.12500000000000003,0.5,2,0,0.3681173,-0.9538696,8,-0.375,-0.1318826973438263
base,0.17500000000000002,0.5,3,0,0.38684016,-0.825969,8,-0.32499999999999996,-0.11315983533859253
base,0.225,0.5,4,0,0.40556312,-0.6980685,8,-0.275,-0.0944368839263916
base,0.275,0.5,5,0,0.424286,-0.570168,8,-0.22499999999999998,-0.07571399211883545
base,0.325,0.5,6,0,0.4430089,-0.44226733,8,-0.175,-0.0569911003112793
base,0.37500000000000006,0.5,7,0,0.4617319,-0.31436673,8,-0.12499999999999994,-0.038268089294433594
base,0.425,0.5,8,0,0.4804548,-0.18646613,8,-0.07500000000000001,-0.01954519748687744
base,0.475,0.5,9,0,0.4991777,-0.058565766,8,-0.025000000000000022,-0.0008223056793212891
base,0.525,0.5,10,1,0.5179005,0.069334775,8,0.025000000000000022,0.017900526523590088
base,0.575,0.5,11,1,0.53662354,0.19723544,8,0.07499999999999996,0.03662353754043579
base,0.625,0.5,12,1,0.55534637,0.32513598,8,0.125,0.05534636974334717
base,0.675,0.5,13,1,0.5740694,0.45303664,8,0.17500000000000004,0.07406938076019287
base,0.7250000000000001,0.5,14,1,0.5927922,0.580937,8,0.2250000000000001,0.09279221296310425
base,0.7749999999999999,0.5,15,1,0.6115151,0.7088376,8,0.2749999999999999,0.1115151047706604
base,0.825,0.5,16,1,0.630238,0.8367381,8,0.32499999999999996,0.13023799657821655
base,0.8749999999999999,0.5,17,1,0.64896107,0.9646387,8,0.3749999999999999,0.14896106719970703
base,0.9249999999999999,0.5,18,1,0.6676839,1.0925394,8,0.42499999999999993,0.1676838994026184
base,0.975,0.5,19,1,0.68649083,1.2195874,8,0.475,0.18649083375930786
curv,0.025000000000000022,0.25,0,0,0.19259477,-0.9176793,8,-0.22499999999999998,-0.05740523338317871
curv,0.025000000000000022,0.25,0,0,0.19259477,-0.9176793,8,-0.22499999999999998,-0.05740523338317871
curv,0.075,0.25,1,0,0.21131769,-0.7897787,8,-0.175,-0.03868231177330017
curv,0.075,0.25,1,0,0.21131769,-0.7897787,8,-0.175,-0.03868231177330017
curv,0.12500000000000003,0.25,2,0,0.23004062,-0.6618782,8,-0.12499999999999997,-0.019959375262260437
curv,0.12500000000000003,0.25,2,0,0.23004062,-0.6618782,8,-0.12499999999999997,-0.019959375262260437
curv,0.17500000000000002,0.25,3,0,0.24876352,-0.5339776,8,-0.07499999999999998,-0.0012364834547042847
curv,0.17500000000000002,0.25,3,0,0.24876352,-0.5339776,8,-0.07499999999999998,-0.0012364834547042847
curv,0.225,0.25,4,0,0.26748645,-0.40607706,8,-0.024999999999999994,0.01748645305633545
curv,0.225,0.25,4,0,0.26748645,-0.40607706,8,-0.024999999999999994,0.01748645305633545
curv,0.275,0.25,5,1,0.28620934,-0.27817652,8,0.025000000000000022,0.0362093448638916
curv,0.325,0.25,6,1,0.3049323,-0.15027598,8,0.07500000000000001,0.05493229627609253
curv,0.37500000000000006,0.25,7,1,0.3236552,-0.022375345,8,0.12500000000000006,0.07365518808364868
curv,0.425,0.25,8,1,0.34237808,0.105525225,8,0.175,0.09237807989120483
curv,0.475,0.25,9,1,0.36110103,0.2334257,8,0.22499999999999998,0.11110103130340576
curv,0.525,0.25,10,1,0.37982386,0.3613262,8,0.275,0.12982386350631714
curv,0.575,0.25,11,1,0.39854687,0.48922685,8,0.32499999999999996,0.14854687452316284
curv,0.625,0.25,12,1,0.41979373,0.59150946,8,0.375,0.1697937250137329
curv,0.675,0.25,13,1,0.44225335,0.6591438,8,0.42500000000000004,0.19225335121154785
curv,0.7250000000000001,0.25,14,1,0.46491516,0.72031105,8,0.4750000000000001,0.21491515636444092
flat,0.275,0.7500000000000001,0,0,0.5623627,-0.8621594,8,-0.4750000000000001,-0.1876373291015626
flat,0.325,0.7500000000000001,1,0,0.58108556,-0.7342588,8,-0.4250000000000001,-0.16891443729400646
flat,0.37500000000000006,0.7500000000000001,2,0,0.5998086,-0.6063582,8,-0.37500000000000006,-0.15019142627716076
flat,0.425,0.7500000000000001,3,0,0.6185314,-0.4784576,8,-0.3250000000000001,-0.13146859407424938
flat,0.475,0.7500000000000001,4,0,0.6372543,-0.350557,8,-0.27500000000000013,-0.11274570226669323
flat,0.525,0.7500000000000001,5,0,0.65597725,-0.2226564,8,-0.2250000000000001,-0.0940227508544923
flat,0.575,0.7500000000000001,6,0,0.67470014,-0.09475604,8,-0.17500000000000016,-0.07529985904693615
flat,0.625,0.7500000000000001,7,0,0.693423,0.033144444,8,-0.1250000000000001,-0.05657702684402477
flat,0.675,0.7500000000000001,8,0,0.712146,0.16104534,8,-0.07500000000000007,-0.037854015827179066
flat,0.7250000000000001,0.7500000000000001,9,0,0.7308689,0.28894576,8,-0.025000000000000022,-0.019131124019622914
flat,0.7749999999999999,0.7500000000000001,10,1,0.74959177,0.41684607,8,0.0249999999999998,-0.0004082322120667614
flat,0.7749999999999999,0.7500000000000001,10,1,0.74959177,0.41684607,8,0.0249999999999998,-0.0004082322120667614
flat,0.825,0.7500000000000001,11,1,0.7683148,0.54474676,8,0.07499999999999984,0.01831477880477894
flat,0.825,0.7500000000000001,11,1,0.7683148,0.54474676,8,0.07499999999999984,0.01831477880477894
flat,0.8749999999999999,0.7500000000000001,12,1,0.7870376,0.67264736,8,0.12499999999999978,0.03703761100769032
flat,0.8749999999999999,0.7500000000000001,12,1,0.7870376,0.67264736,8,0.12499999999999978,0.03703761100769032
flat,0.9249999999999999,0.7500000000000001,13,1,0.8024449,0.7945913,8,0.17499999999999982,0.05244487524032582
flat,0.9249999999999999,0.7500000000000001,13,1,0.8024449,0.7945913,8,0.17499999999999982,0.05244487524032582
flat,0.975,0.7500000000000001,14,1,0.8169366,0.9148903,8,0.22499999999999987,0.06693661212921131
flat,0.975,0.7500000000000001,14,1,0.8169366,0.9148903,8,0.22499999999999987,0.06693661212921131
base,0.025000000000000022,0.5,0,0,0.31430656,-0.9266842,9,-0.475,-0.18569344282150269
base,0.075,0.5,1,0,0.316238,-0.8605719,9,-0.425,-0.18376201391220093
base,0.12500000000000003,0.5,2,0,0.3388142,-0.7665029,9,-0.375,-0.16118580102920532
base,0.17500000000000002,0.5,3,0,0.36139035,-0.67243415,9,-0.32499999999999996,-0.1386096477508545
base,0.225,0.5,4,0,0.38396645,-0.5783653,9,-0.275,-0.11603355407714844
base,0.275,0.5,5,0,0.40654254,-0.48429644,9,-0.22499999999999998,-0.09345746040344238
base,0.325,0.5,6,0,0.4291187,-0.39022756,9,-0.175,-0.07088130712509155
base,0.37500000000000006,0.5,7,0,0.45169485,-0.29615867,9,-0.12499999999999994,-0.04830515384674072
base,0.425,0.5,8,0,0.474271,-0.20208974,9,-0.07500000000000001,-0.025729000568389893
base,0.475,0.5,9,0,0.4968471,-0.10802089,9,-0.025000000000000022,-0.003152906894683838
base,0.525,0.5,10,1,0.51942325,-0.013952002,9,0.025000000000000022,0.019423246383666992
base,0.575,0.5,11,1,0.5419994,0.08011688,9,0.07499999999999996,0.04199939966201782
base,0.625,0.5,12,1,0.56457555,0.17418583,9,0.125,0.06457555294036865
base,0.675,0.5,13,1,0.58715177,0.2682547,9,0.17500000000000004,0.08715176582336426
base,0.7250000000000001,0.5,14,1,0.60972786,0.36232358,9,0.2250000000000001,0.10972785949707031
base,0.7749999999999999,0.5,15,1,0.63230395,0.45639235,9,0.2749999999999999,0.13230395317077637
base,0.825,0.5,16,1,0.6548801,0.55046123,9,0.32499999999999996,0.1548801064491272
base,0.8749999999999999,0.5,17,1,0.6774563,0.6445302,9,0.3749999999999999,0.1774563193321228
base,0.9249999999999999,0.5,18,1,0.70300007,0.7144788,9,0.42499999999999993,0.20300006866455078
base,0.975,0.5,19,1,0.7289212,0.781361,9,0.475,0.22892117500305176
curv,0.025000000000000022,0.25,0,0,0.2063366,-0.5467497,9,-0.22499999999999998,-0.043663397431373596
curv,0.025000000000000022,0.25,0,0,0.2063366,-0.5467497,9,-0.22499999999999998,-0.043663397431373596
curv,0.075,0.25,1,0,0.19894336,-0.49326462,9,-0.175,-0.0510566383600235
curv,0.075,0.25,1,0,0.19894336,-0.49326462,9,-0.175,-0.0510566383600235
curv,0.12500000000000003,0.25,2,0,0.22151951,-0.3991958,9,-0.12499999999999997,-0.02848048508167267
curv,0.12500000000000003,0.25,2,0,0.22151951,-0.3991958,9,-0.12499999999999997,-0.02848048508167267
curv,0.17500000000000002,0.25,3,0,0.2440957,-0.30512685,9,-0.07499999999999998,-0.005904302000999451
curv,0.17500000000000002,0.25,3,0,0.2440957,-0.30512685,9,-0.07499999999999998,-0.005904302000999451
curv,0.225,0.25,4,0,0.26667184,-0.211058,9,-0.024999999999999994,0.016671836376190186
curv,0.225,0.25,4,0,0.26667184,-0.211058,9,-0.024999999999999994,0.016671836376190186
curv,0.275,0.25,5,1,0.28924793,-0.11698906,9,0.025000000000000022,0.03924793004989624
curv,0.325,0.25,6,1,0.31182414,-0.022920206,9,0.07500000000000001,0.061824142932891846
curv,0.37500000000000006,0.25,7,1,0.33507037,0.06570198,9,0.12500000000000006,0.08507037162780762
curv,0.425,0.25,8,1,0.36099148,0.13258417,9,0.175,0.1109914779663086
curv,0.475,0.25,9,1,0.38691252,0.19946642,9,0.22499999999999998,0.1369125247001648
curv,0.525,0.25,10,1,0.41283357,0.2663486,9,0.275,0.162833571434021
curv,0.575,0.25,11,1,0.43875462,0.33323085,9,0.32499999999999996,0.1887546181678772
curv,0.625,0.25,12,1,0.46467566,0.4001131,9,0.375,0.2146756649017334
curv,0.675,0.25,13,1,0.49059677,0.46699536,9,0.42500000000000004,0.24059677124023438
curv,0.7250000000000001,0.25,14,1,0.5165178,0.53387755,9,0.4750000000000001,0.2665178179740906
flat,0.275,0.7500000000000001,0,0,0.5238372,-0.85160357,9,-0.4750000000000001,-0.22616279125213634
flat,0.325,0.7500000000000001,1,0,0.5464133,-0.7575349,9,-0.4250000000000001,-0.2035866975784303
flat,0.37500000000000006,0.7500000000000001,2,0,0.56898946,-0.6634659,9,-0.37500000000000006,-0.18101054430007946
flat,0.425,0.7500000000000001,3,0,0.5915656,-0.569397,9,-0.3250000000000001,-0.15843439102172863
flat,0.475,0.7500000000000001,4,0,0.6141417,-0.47532815,9,-0.27500000000000013,-0.13585829734802257
flat,0.525,0.7500000000000001,5,0,0.6367179,-0.38125926,9,-0.2250000000000001,-0.11328208446502697
flat,0.575,0.7500000000000001,6,0,0.659294,-0.28719038,9,-0.17500000000000016,-0.09070599079132091
flat,0.625,0.7500000000000001,7,0,0.6818701,-0.19312148,9,-0.1250000000000001,-0.06812989711761486
flat,0.675,0.7500000000000001,8,0,0.7044463,-0.09905253,9,-0.07500000000000007,-0.04555368423461925
flat,0.7250000000000001,0.7500000000000001,9,0,0.72702247,-0.0049836487,9,-0.025000000000000022,-0.02297753095626842
flat,0.7749999999999999,0.7500000000000001,10,1,0.7495986,0.08908512,9,0.0249999999999998,-0.0004013776779175915
flat,0.7749999999999999,0.7500000000000001,10,1,0.7495986,0.08908512,9,0.0249999999999998,-0.0004013776779175915
flat,0.825,0.7500000000000001,11,1,0.7721747,0.183154,9,0.07499999999999984,0.022174715995788463
flat,0.825,0.7500000000000001,11,1,0.7721747,0.183154,9,0.07499999999999984,0.022174715995788463
flat,0.8749999999999999,0.7500000000000001,12,1,0.7947508,0.27722287,9,0.12499999999999978,0.04475080966949452
flat,0.8749999999999999,0.7500000000000001,12,1,0.7947508,0.27722287,9,0.12499999999999978,0.04475080966949452
flat,0.9249999999999999,0.7500000000000001,13,1,0.8173269,0.37129176,9,0.17499999999999982,0.06732690334320057
flat,0.9249999999999999,0.7500000000000001,13,1,0.8173269,0.37129176,9,0.17499999999999982,0.06732690334320057
flat,0.975,0.7500000000000001,14,1,0.8399031,0.46536064,9,0.22499999999999987,0.08990311622619618
flat,0.975,0.7500000000000001,14,1,0.8399031,0.46536064,9,0.22499999999999987,0.08990311622619618
base,0.025000000000000022,0.5,0,0,0.31430656,-0.9266842,9,-0.475,-0.18569344282150269
base,0.075,0.5,1,0,0.316238,-0.8605719,9,-0.425,-0.18376201391220093
base,0.12500000000000003,0.5,2,0,0.3388142,-0.7665029,9,-0.375,-0.16118580102920532
base,0.17500000000000002,0.5,3,0,0.36139035,-0.67243415,9,-0.32499999999999996,-0.1386096477508545
base,0.225,0.5,4,0,0.38396645,-0.5783653,9,-0.275,-0.11603355407714844
base,0.275,0.5,5,0,0.40654254,-0.48429644,9,-0.22499999999999998,-0.09345746040344238
base,0.325,0.5,6,0,0.4291187,-0.39022756,9,-0.175,-0.07088130712509155
base,0.37500000000000006,0.5,7,0,0.45169485,-0.29615867,9,-0.12499999999999994,-0.04830515384674072
base,0.425,0.5,8,0,0.474271,-0.20208974,9,-0.07500000000000001,-0.025729000568389893
base,0.475,0.5,9,0,0.4968471,-0.10802089,9,-0.025000000000000022,-0.003152906894683838
base,0.525,0.5,10,1,0.51942325,-0.013952002,9,0.025000000000000022,0.019423246383666992
base,0.575,0.5,11,1,0.5419994,0.08011688,9,0.07499999999999996,0.04199939966201782
base,0.625,0.5,12,1,0.56457555,0.17418583,9,0.125,0.06457555294036865
base,0.675,0.5,13,1,0.58715177,0.2682547,9,0.17500000000000004,0.08715176582336426
base,0.7250000000000001,0.5,14,1,0.60972786,0.36232358,9,0.2250000000000001,0.10972785949707031
base,0.7749999999999999,0.5,15,1,0.63230395,0.45639235,9,0.2749999999999999,0.13230395317077637
base,0.825,0.5,16,1,0.6548801,0.55046123,9,0.32499999999999996,0.1548801064491272
base,0.8749999999999999,0.5,17,1,0.6774563,0.6445302,9,0.3749999999999999,0.1774563193321228
base,0.9249999999999999,0.5,18,1,0.70300007,0.7144788,9,0.42499999999999993,0.20300006866455078
base,0.975,0.5,19,1,0.7289212,0.781361,9,0.475,0.22892117500305176
curv,0.025000000000000022,0.25,0,0,0.2063366,-0.5467497,9,-0.22499999999999998,-0.043663397431373596
curv,0.025000000000000022,0.25,0,0,0.2063366,-0.5467497,9,-0.22499999999999998,-0.043663397431373596
curv,0.075,0.25,1,0,0.19894336,-0.49326462,9,-0.175,-0.0510566383600235
curv,0.075,0.25,1,0,0.19894336,-0.49326462,9,-0.175,-0.0510566383600235
curv,0.12500000000000003,0.25,2,0,0.22151951,-0.3991958,9,-0.12499999999999997,-0.02848048508167267
curv,0.12500000000000003,0.25,2,0,0.22151951,-0.3991958,9,-0.12499999999999997,-0.02848048508167267
curv,0.17500000000000002,0.25,3,0,0.2440957,-0.30512685,9,-0.07499999999999998,-0.005904302000999451
curv,0.17500000000000002,0.25,3,0,0.2440957,-0.30512685,9,-0.07499999999999998,-0.005904302000999451
curv,0.225,0.25,4,0,0.26667184,-0.211058,9,-0.024999999999999994,0.016671836376190186
curv,0.225,0.25,4,0,0.26667184,-0.211058,9,-0.024999999999999994,0.016671836376190186
curv,0.275,0.25,5,1,0.28924793,-0.11698906,9,0.025000000000000022,0.03924793004989624
curv,0.325,0.25,6,1,0.31182414,-0.022920206,9,0.07500000000000001,0.061824142932891846
curv,0.37500000000000006,0.25,7,1,0.33507037,0.06570198,9,0.12500000000000006,0.08507037162780762
curv,0.425,0.25,8,1,0.36099148,0.13258417,9,0.175,0.1109914779663086
curv,0.475,0.25,9,1,0.38691252,0.19946642,9,0.22499999999999998,0.1369125247001648
curv,0.525,0.25,10,1,0.41283357,0.2663486,9,0.275,0.162833571434021
curv,0.575,0.25,11,1,0.43875462,0.33323085,9,0.32499999999999996,0.1887546181678772
curv,0.625,0.25,12,1,0.46467566,0.4001131,9,0.375,0.2146756649017334
curv,0.675,0.25,13,1,0.49059677,0.46699536,9,0.42500000000000004,0.24059677124023438
curv,0.7250000000000001,0.25,14,1,0.5165178,0.53387755,9,0.4750000000000001,0.2665178179740906
flat,0.275,0.7500000000000001,0,0,0.5238372,-0.85160357,9,-0.4750000000000001,-0.22616279125213634
flat,0.325,0.7500000000000001,1,0,0.5464133,-0.7575349,9,-0.4250000000000001,-0.2035866975784303
flat,0.37500000000000006,0.7500000000000001,2,0,0.56898946,-0.6634659,9,-0.37500000000000006,-0.18101054430007946
flat,0.425,0.7500000000000001,3,0,0.5915656,-0.569397,9,-0.3250000000000001,-0.15843439102172863
flat,0.475,0.7500000000000001,4,0,0.6141417,-0.47532815,9,-0.27500000000000013,-0.13585829734802257
flat,0.525,0.7500000000000001,5,0,0.6367179,-0.38125926,9,-0.2250000000000001,-0.11328208446502697
flat,0.575,0.7500000000000001,6,0,0.659294,-0.28719038,9,-0.17500000000000016,-0.09070599079132091
flat,0.625,0.7500000000000001,7,0,0.6818701,-0.19312148,9,-0.1250000000000001,-0.06812989711761486
flat,0.675,0.7500000000000001,8,0,0.7044463,-0.09905253,9,-0.07500000000000007,-0.04555368423461925
flat,0.7250000000000001,0.7500000000000001,9,0,0.72702247,-0.0049836487,9,-0.025000000000000022,-0.02297753095626842
flat,0.7749999999999999,0.7500000000000001,10,1,0.7495986,0.08908512,9,0.0249999999999998,-0.0004013776779175915
flat,0.7749999999999999,0.7500000000000001,10,1,0.7495986,0.08908512,9,0.0249999999999998,-0.0004013776779175915
flat,0.825,0.7500000000000001,11,1,0.7721747,0.183154,9,0.07499999999999984,0.022174715995788463
flat,0.825,0.7500000000000001,11,1,0.7721747,0.183154,9,0.07499999999999984,0.022174715995788463
flat,0.8749999999999999,0.7500000000000001,12,1,0.7947508,0.27722287,9,0.12499999999999978,0.04475080966949452
flat,0.8749999999999999,0.7500000000000001,12,1,0.7947508,0.27722287,9,0.12499999999999978,0.04475080966949452
flat,0.9249999999999999,0.7500000000000001,13,1,0.8173269,0.37129176,9,0.17499999999999982,0.06732690334320057
flat,0.9249999999999999,0.7500000000000001,13,1,0.8173269,0.37129176,9,0.17499999999999982,0.06732690334320057
flat,0.975,0.7500000000000001,14,1,0.8399031,0.46536064,9,0.22499999999999987,0.08990311622619618
flat,0.975,0.7500000000000001,14,1,0.8399031,0.46536064,9,0.22499999999999987,0.08990311622619618
base,0.025000000000000022,0.5,0,0,0.31430656,-0.9266842,9,-0.475,-0.18569344282150269
base,0.075,0.5,1,0,0.316238,-0.8605719,9,-0.425,-0.18376201391220093
base,0.12500000000000003,0.5,2,0,0.3388142,-0.7665029,9,-0.375,-0.16118580102920532
base,0.17500000000000002,0.5,3,0,0.36139035,-0.67243415,9,-0.32499999999999996,-0.1386096477508545
base,0.225,0.5,4,0,0.38396645,-0.5783653,9,-0.275,-0.11603355407714844
base,0.275,0.5,5,0,0.40654254,-0.48429644,9,-0.22499999999999998,-0.09345746040344238
base,0.325,0.5,6,0,0.4291187,-0.39022756,9,-0.175,-0.07088130712509155
base,0.37500000000000006,0.5,7,0,0.45169485,-0.29615867,9,-0.12499999999999994,-0.04830515384674072
base,0.425,0.5,8,0,0.474271,-0.20208974,9,-0.07500000000000001,-0.025729000568389893
base,0.475,0.5,9,0,0.4968471,-0.10802089,9,-0.025000000000000022,-0.003152906894683838
base,0.525,0.5,10,1,0.51942325,-0.013952002,9,0.025000000000000022,0.019423246383666992
base,0.575,0.5,11,1,0.5419994,0.08011688,9,0.07499999999999996,0.04199939966201782
base,0.625,0.5,12,1,0.56457555,0.17418583,9,0.125,0.06457555294036865
base,0.675,0.5,13,1,0.58715177,0.2682547,9,0.17500000000000004,0.08715176582336426
base,0.7250000000000001,0.5,14,1,0.60972786,0.36232358,9,0.2250000000000001,0.10972785949707031
base,0.7749999999999999,0.5,15,1,0.63230395,0.45639235,9,0.2749999999999999,0.13230395317077637
base,0.825,0.5,16,1,0.6548801,0.55046123,9,0.32499999999999996,0.1548801064491272
base,0.8749999999999999,0.5,17,1,0.6774563,0.6445302,9,0.3749999999999999,0.1774563193321228
base,0.9249999999999999,0.5,18,1,0.70300007,0.7144788,9,0.42499999999999993,0.20300006866455078
base,0.975,0.5,19,1,0.7289212,0.781361,9,0.475,0.22892117500305176
curv,0.025000000000000022,0.25,0,0,0.2063366,-0.5467497,9,-0.22499999999999998,-0.043663397431373596
curv,0.025000000000000022,0.25,0,0,0.2063366,-0.5467497,9,-0.22499999999999998,-0.043663397431373596
curv,0.075,0.25,1,0,0.19894336,-0.49326462,9,-0.175,-0.0510566383600235
curv,0.075,0.25,1,0,0.19894336,-0.49326462,9,-0.175,-0.0510566383600235
curv,0.12500000000000003,0.25,2,0,0.22151951,-0.3991958,9,-0.12499999999999997,-0.02848048508167267
curv,0.12500000000000003,0.25,2,0,0.22151951,-0.3991958,9,-0.12499999999999997,-0.02848048508167267
curv,0.17500000000000002,0.25,3,0,0.2440957,-0.30512685,9,-0.07499999999999998,-0.005904302000999451
curv,0.17500000000000002,0.25,3,0,0.2440957,-0.30512685,9,-0.07499999999999998,-0.005904302000999451
curv,0.225,0.25,4,0,0.26667184,-0.211058,9,-0.024999999999999994,0.016671836376190186
curv,0.225,0.25,4,0,0.26667184,-0.211058,9,-0.024999999999999994,0.016671836376190186
curv,0.275,0.25,5,1,0.28924793,-0.11698906,9,0.025000000000000022,0.03924793004989624
curv,0.325,0.25,6,1,0.31182414,-0.022920206,9,0.07500000000000001,0.061824142932891846
curv,0.37500000000000006,0.25,7,1,0.33507037,0.06570198,9,0.12500000000000006,0.08507037162780762
curv,0.425,0.25,8,1,0.36099148,0.13258417,9,0.175,0.1109914779663086
curv,0.475,0.25,9,1,0.38691252,0.19946642,9,0.22499999999999998,0.1369125247001648
curv,0.525,0.25,10,1,0.41283357,0.2663486,9,0.275,0.162833571434021
curv,0.575,0.25,11,1,0.43875462,0.33323085,9,0.32499999999999996,0.1887546181678772
curv,0.625,0.25,12,1,0.46467566,0.4001131,9,0.375,0.2146756649017334
curv,0.675,0.25,13,1,0.49059677,0.46699536,9,0.42500000000000004,0.24059677124023438
curv,0.7250000000000001,0.25,14,1,0.5165178,0.53387755,9,0.4750000000000001,0.2665178179740906
flat,0.275,0.7500000000000001,0,0,0.5238372,-0.85160357,9,-0.4750000000000001,-0.22616279125213634
flat,0.325,0.7500000000000001,1,0,0.5464133,-0.7575349,9,-0.4250000000000001,-0.2035866975784303
flat,0.37500000000000006,0.7500000000000001,2,0,0.56898946,-0.6634659,9,-0.37500000000000006,-0.18101054430007946
flat,0.425,0.7500000000000001,3,0,0.5915656,-0.569397,9,-0.3250000000000001,-0.15843439102172863
flat,0.475,0.7500000000000001,4,0,0.6141417,-0.47532815,9,-0.27500000000000013,-0.13585829734802257
flat,0.525,0.7500000000000001,5,0,0.6367179,-0.38125926,9,-0.2250000000000001,-0.11328208446502697
flat,0.575,0.7500000000000001,6,0,0.659294,-0.28719038,9,-0.17500000000000016,-0.09070599079132091
flat,0.625,0.7500000000000001,7,0,0.6818701,-0.19312148,9,-0.1250000000000001,-0.06812989711761486
flat,0.675,0.7500000000000001,8,0,0.7044463,-0.09905253,9,-0.07500000000000007,-0.04555368423461925
flat,0.7250000000000001,0.7500000000000001,9,0,0.72702247,-0.0049836487,9,-0.025000000000000022,-0.02297753095626842
flat,0.7749999999999999,0.7500000000000001,10,1,0.7495986,0.08908512,9,0.0249999999999998,-0.0004013776779175915
flat,0.7749999999999999,0.7500000000000001,10,1,0.7495986,0.08908512,9,0.0249999999999998,-0.0004013776779175915
flat,0.825,0.7500000000000001,11,1,0.7721747,0.183154,9,0.07499999999999984,0.022174715995788463
flat,0.825,0.7500000000000001,11,1,0.7721747,0.183154,9,0.07499999999999984,0.022174715995788463
flat,0.8749999999999999,0.7500000000000001,12,1,0.7947508,0.27722287,9,0.12499999999999978,0.04475080966949452
flat,0.8749999999999999,0.7500000000000001,12,1,0.7947508,0.27722287,9,0.12499999999999978,0.04475080966949452
flat,0.9249999999999999,0.7500000000000001,13,1,0.8173269,0.37129176,9,0.17499999999999982,0.06732690334320057
flat,0.9249999999999999,0.7500000000000001,13,1,0.8173269,0.37129176,9,0.17499999999999982,0.06732690334320057
flat,0.975,0.7500000000000001,14,1,0.8399031,0.46536064,9,0.22499999999999987,0.08990311622619618
flat,0.975,0.7500000000000001,14,1,0.8399031,0.46536064,9,0.22499999999999987,0.08990311622619618
base,0.025000000000000022,0.5,0,0,0.31430656,-0.9266842,9,-0.475,-0.18569344282150269
base,0.075,0.5,1,0,0.316238,-0.8605719,9,-0.425,-0.18376201391220093
base,0.12500000000000003,0.5,2,0,0.3388142,-0.7665029,9,-0.375,-0.16118580102920532
base,0.17500000000000002,0.5,3,0,0.36139035,-0.67243415,9,-0.32499999999999996,-0.1386096477508545
base,0.225,0.5,4,0,0.38396645,-0.5783653,9,-0.275,-0.11603355407714844
base,0.275,0.5,5,0,0.40654254,-0.48429644,9,-0.22499999999999998,-0.09345746040344238
base,0.325,0.5,6,0,0.4291187,-0.39022756,9,-0.175,-0.07088130712509155
base,0.37500000000000006,0.5,7,0,0.45169485,-0.29615867,9,-0.12499999999999994,-0.04830515384674072
base,0.425,0.5,8,0,0.474271,-0.20208974,9,-0.07500000000000001,-0.025729000568389893
base,0.475,0.5,9,0,0.4968471,-0.10802089,9,-0.025000000000000022,-0.003152906894683838
base,0.525,0.5,10,1,0.51942325,-0.013952002,9,0.025000000000000022,0.019423246383666992
base,0.575,0.5,11,1,0.5419994,0.08011688,9,0.07499999999999996,0.04199939966201782
base,0.625,0.5,12,1,0.56457555,0.17418583,9,0.125,0.06457555294036865
base,0.675,0.5,13,1,0.58715177,0.2682547,9,0.17500000000000004,0.08715176582336426
base,0.7250000000000001,0.5,14,1,0.60972786,0.36232358,9,0.2250000000000001,0.10972785949707031
base,0.7749999999999999,0.5,15,1,0.63230395,0.45639235,9,0.2749999999999999,0.13230395317077637
base,0.825,0.5,16,1,0.6548801,0.55046123,9,0.32499999999999996,0.1548801064491272
base,0.8749999999999999,0.5,17,1,0.6774563,0.6445302,9,0.3749999999999999,0.1774563193321228
base,0.9249999999999999,0.5,18,1,0.70300007,0.7144788,9,0.42499999999999993,0.20300006866455078
base,0.975,0.5,19,1,0.7289212,0.781361,9,0.475,0.22892117500305176
curv,0.025000000000000022,0.25,0,0,0.2063366,-0.5467497,9,-0.22499999999999998,-0.043663397431373596
curv,0.025000000000000022,0.25,0,0,0.2063366,-0.5467497,9,-0.22499999999999998,-0.043663397431373596
curv,0.075,0.25,1,0,0.19894336,-0.49326462,9,-0.175,-0.0510566383600235
curv,0.075,0.25,1,0,0.19894336,-0.49326462,9,-0.175,-0.0510566383600235
curv,0.12500000000000003,0.25,2,0,0.22151951,-0.3991958,9,-0.12499999999999997,-0.02848048508167267
curv,0.12500000000000003,0.25,2,0,0.22151951,-0.3991958,9,-0.12499999999999997,-0.02848048508167267
curv,0.17500000000000002,0.25,3,0,0.2440957,-0.30512685,9,-0.07499999999999998,-0.005904302000999451
curv,0.17500000000000002,0.25,3,0,0.2440957,-0.30512685,9,-0.07499999999999998,-0.005904302000999451
curv,0.225,0.25,4,0,0.26667184,-0.211058,9,-0.024999999999999994,0.016671836376190186
curv,0.225,0.25,4,0,0.26667184,-0.211058,9,-0.024999999999999994,0.016671836376190186
curv,0.275,0.25,5,1,0.28924793,-0.11698906,9,0.025000000000000022,0.03924793004989624
curv,0.325,0.25,6,1,0.31182414,-0.022920206,9,0.07500000000000001,0.061824142932891846
curv,0.37500000000000006,0.25,7,1,0.33507037,0.06570198,9,0.12500000000000006,0.08507037162780762
curv,0.425,0.25,8,1,0.36099148,0.13258417,9,0.175,0.1109914779663086
curv,0.475,0.25,9,1,0.38691252,0.19946642,9,0.22499999999999998,0.1369125247001648
curv,0.525,0.25,10,1,0.41283357,0.2663486,9,0.275,0.162833571434021
curv,0.575,0.25,11,1,0.43875462,0.33323085,9,0.32499999999999996,0.1887546181678772
curv,0.625,0.25,12,1,0.46467566,0.4001131,9,0.375,0.2146756649017334
curv,0.675,0.25,13,1,0.49059677,0.46699536,9,0.42500000000000004,0.24059677124023438
curv,0.7250000000000001,0.25,14,1,0.5165178,0.53387755,9,0.4750000000000001,0.2665178179740906
flat,0.275,0.7500000000000001,0,0,0.5238372,-0.85160357,9,-0.4750000000000001,-0.22616279125213634
flat,0.325,0.7500000000000001,1,0,0.5464133,-0.7575349,9,-0.4250000000000001,-0.2035866975784303
flat,0.37500000000000006,0.7500000000000001,2,0,0.56898946,-0.6634659,9,-0.37500000000000006,-0.18101054430007946
flat,0.425,0.7500000000000001,3,0,0.5915656,-0.569397,9,-0.3250000000000001,-0.15843439102172863
flat,0.475,0.7500000000000001,4,0,0.6141417,-0.47532815,9,-0.27500000000000013,-0.13585829734802257
flat,0.525,0.7500000000000001,5,0,0.6367179,-0.38125926,9,-0.2250000000000001,-0.11328208446502697
flat,0.575,0.7500000000000001,6,0,0.659294,-0.28719038,9,-0.17500000000000016,-0.09070599079132091
flat,0.625,0.7500000000000001,7,0,0.6818701,-0.19312148,9,-0.1250000000000001,-0.06812989711761486
flat,0.675,0.7500000000000001,8,0,0.7044463,-0.09905253,9,-0.07500000000000007,-0.04555368423461925
flat,0.7250000000000001,0.7500000000000001,9,0,0.72702247,-0.0049836487,9,-0.025000000000000022,-0.02297753095626842
flat,0.7749999999999999,0.7500000000000001,10,1,0.7495986,0.08908512,9,0.0249999999999998,-0.0004013776779175915
flat,0.7749999999999999,0.7500000000000001,10,1,0.7495986,0.08908512,9,0.0249999999999998,-0.0004013776779175915
flat,0.825,0.7500000000000001,11,1,0.7721747,0.183154,9,0.07499999999999984,0.022174715995788463
flat,0.825,0.7500000000000001,11,1,0.7721747,0.183154,9,0.07499999999999984,0.022174715995788463
flat,0.8749999999999999,0.7500000000000001,12,1,0.7947508,0.27722287,9,0.12499999999999978,0.04475080966949452
flat,0.8749999999999999,0.7500000000000001,12,1,0.7947508,0.27722287,9,0.12499999999999978,0.04475080966949452
flat,0.9249999999999999,0.7500000000000001,13,1,0.8173269,0.37129176,9,0.17499999999999982,0.06732690334320057
flat,0.9249999999999999,0.7500000000000001,13,1,0.8173269,0.37129176,9,0.17499999999999982,0.06732690334320057
flat,0.975,0.7500000000000001,14,1,0.8399031,0.46536064,9,0.22499999999999987,0.08990311622619618
flat,0.975,0.7500000000000001,14,1,0.8399031,0.46536064,9,0.22499999999999987,0.08990311622619618
base,0.025000000000000022,0.5,0,0,0.23430306,-0.42137003,10,-0.475,-0.2656969428062439
base,0.075,0.5,1,0,0.2613628,-0.3725784,10,-0.425,-0.23863720893859863
base,0.12500000000000003,0.5,2,0,0.29273012,-0.31204277,10,-0.375,-0.20726987719535828
base,0.17500000000000002,0.5,3,0,0.32409748,-0.25150713,10,-0.32499999999999996,-0.17590251564979553
base,0.225,0.5,4,0,0.35546485,-0.19097151,10,-0.275,-0.1445351541042328
base,0.275,0.5,5,0,0.38683218,-0.13043588,10,-0.22499999999999998,-0.11316782236099243
base,0.325,0.5,6,0,0.4181995,-0.06990028,10,-0.175,-0.08180049061775208
base,0.37500000000000006,0.5,7,0,0.4495669,-0.009364565,10,-0.12499999999999994,-0.05043309926986694
base,0.425,0.5,8,0,0.48093426,0.051171016,10,-0.07500000000000001,-0.0190657377243042
base,0.475,0.5,9,0,0.5123016,0.111706644,10,-0.025000000000000022,0.012301623821258545
base,0.525,0.5,10,1,0.5436689,0.17224224,10,0.025000000000000022,0.043668925762176514
base,0.575,0.5,11,1,0.57503635,0.23277791,10,0.07499999999999996,0.07503634691238403
base,0.625,0.5,12,1,0.60640365,0.2933135,10,0.125,0.106403648853302
base,0.675,0.5,13,1,0.637771,0.35384923,10,0.17500000000000004,0.13777101039886475
base,0.7250000000000001,0.5,14,1,0.6691384,0.41438484,10,0.2250000000000001,0.1691383719444275
base,0.7749999999999999,0.5,15,1,0.7005057,0.47492036,10,0.2749999999999999,0.20050567388534546
base,0.825,0.5,16,1,0.7318731,0.5354561,10,0.32499999999999996,0.23187309503555298
base,0.8749999999999999,0.5,17,1,0.7632404,0.59599173,10,0.3749999999999999,0.26324039697647095
base,0.9249999999999999,0.5,18,1,0.7946077,0.65652734,10,0.42499999999999993,0.2946076989173889
base,0.975,0.5,19,1,0.82597506,0.71706307,10,0.475,0.32597506046295166
curv,0.025000000000000022,0.25,0,0,0.15115927,-0.38924423,10,-0.22499999999999998,-0.09884072840213776
curv,0.025000000000000022,0.25,0,0,0.15115927,-0.38924423,10,-0.22499999999999998,-0.09884072840213776
curv,0.075,0.25,1,0,0.16720748,-0.36309457,10,-0.175,-0.08279252052307129
curv,0.075,0.25,1,0,0.16720748,-0.36309457,10,-0.175,-0.08279252052307129
curv,0.12500000000000003,0.25,2,0,0.18958554,-0.32717124,10,-0.12499999999999997,-0.06041446328163147
curv,0.12500000000000003,0.25,2,0,0.18958554,-0.32717124,10,-0.12499999999999997,-0.06041446328163147
curv,0.17500000000000002,0.25,3,0,0.2119636,-0.29124787,10,-0.07499999999999998,-0.03803640604019165
curv,0.17500000000000002,0.25,3,0,0.2119636,-0.29124787,10,-0.07499999999999998,-0.03803640604019165
curv,0.225,0.25,4,0,0.23434165,-0.2553245,10,-0.024999999999999994,-0.01565834879875183
curv,0.225,0.25,4,0,0.23434165,-0.2553245,10,-0.024999999999999994,-0.01565834879875183
curv,0.275,0.25,5,1,0.2604367,-0.20922413,10,0.025000000000000022,0.010436713695526123
curv,0.325,0.25,6,1,0.29180405,-0.14868855,10,0.07500000000000001,0.04180404543876648
curv,0.37500000000000006,0.25,7,1,0.32317138,-0.08815292,10,0.12500000000000006,0.07317137718200684
curv,0.425,0.25,8,1,0.35453877,-0.02761725,10,0.175,0.10453876852989197
curv,0.475,0.25,9,1,0.3859061,0.032918338,10,0.22499999999999998,0.13590610027313232
curv,0.525,0.25,10,1,0.41727343,0.09345398,10,0.275,0.16727343201637268
curv,0.575,0.25,11,1,0.44864076,0.1539896,10,0.32499999999999996,0.19864076375961304
curv,0.625,0.25,12,1,0.48000813,0.21452524,10,0.375,0.23000812530517578
curv,0.675,0.25,13,1,0.5113755,0.2750609,10,0.42500000000000004,0.2613754868507385
curv,0.7250000000000001,0.25,14,1,0.54274285,0.33559653,10,0.4750000000000001,0.29274284839630127
flat,0.275,0.7500000000000001,0,0,0.5132277,-0.051647518,10,-0.4750000000000001,-0.23677229881286632
flat,0.325,0.7500000000000001,1,0,0.54459506,0.008888091,10,-0.4250000000000001,-0.20540493726730358
flat,0.37500000000000006,0.7500000000000001,2,0,0.5759624,0.06942371,10,-0.37500000000000006,-0.17403757572174083
flat,0.425,0.7500000000000001,3,0,0.6073298,0.12995936,10,-0.3250000000000001,-0.1426702141761781
flat,0.475,0.7500000000000001,4,0,0.63869715,0.19049494,10,-0.27500000000000013,-0.11130285263061535
flat,0.525,0.7500000000000001,5,0,0.67006445,0.25103056,10,-0.2250000000000001,-0.07993555068969738
flat,0.575,0.7500000000000001,6,0,0.7014318,0.31156623,10,-0.17500000000000016,-0.04856818914413463
flat,0.625,0.7500000000000001,7,0,0.7327992,0.37210187,10,-0.1250000000000001,-0.01720082759857189
flat,0.675,0.7500000000000001,8,0,0.76416653,0.43263748,10,-0.07500000000000007,0.014166533946990856
flat,0.7250000000000001,0.7500000000000001,9,0,0.7955339,0.49317318,10,-0.025000000000000022,0.0455338954925536
flat,0.7749999999999999,0.7500000000000001,10,1,0.8269012,0.55370873,10,0.0249999999999998,0.07690119743347157
flat,0.7749999999999999,0.7500000000000001,10,1,0.8269012,0.55370873,10,0.0249999999999998,0.07690119743347157
flat,0.825,0.7500000000000001,11,1,0.85826856,0.6142444,10,0.07499999999999984,0.10826855897903431
flat,0.825,0.7500000000000001,11,1,0.85826856,0.6142444,10,0.07499999999999984,0.10826855897903431
flat,0.8749999999999999,0.7500000000000001,12,1,0.8896359,0.67478013,10,0.12499999999999978,0.13963592052459706
flat,0.8749999999999999,0.7500000000000001,12,1,0.8896359,0.67478013,10,0.12499999999999978,0.13963592052459706
flat,0.9249999999999999,0.7500000000000001,13,1,0.92100316,0.7353157,10,0.17499999999999982,0.17100316286087025
flat,0.9249999999999999,0.7500000000000001,13,1,0.92100316,0.7353157,10,0.17499999999999982,0.17100316286087025
flat,0.975,0.7500000000000001,14,1,0.9523706,0.7958513,10,0.22499999999999987,0.20237058401107777
flat,0.975,0.7500000000000001,14,1,0.9523706,0.7958513,10,0.22499999999999987,0.20237058401107777
base,0.025000000000000022,0.5,0,0,0.23430306,-0.42137003,10,-0.475,-0.2656969428062439
base,0.075,0.5,1,0,0.2613628,-0.3725784,10,-0.425,-0.23863720893859863
base,0.12500000000000003,0.5,2,0,0.29273012,-0.31204277,10,-0.375,-0.20726987719535828
base,0.17500000000000002,0.5,3,0,0.32409748,-0.25150713,10,-0.32499999999999996,-0.17590251564979553
base,0.225,0.5,4,0,0.35546485,-0.19097151,10,-0.275,-0.1445351541042328
base,0.275,0.5,5,0,0.38683218,-0.13043588,10,-0.22499999999999998,-0.11316782236099243
base,0.325,0.5,6,0,0.4181995,-0.06990028,10,-0.175,-0.08180049061775208
base,0.37500000000000006,0.5,7,0,0.4495669,-0.009364565,10,-0.12499999999999994,-0.05043309926986694
base,0.425,0.5,8,0,0.48093426,0.051171016,10,-0.07500000000000001,-0.0190657377243042
base,0.475,0.5,9,0,0.5123016,0.111706644,10,-0.025000000000000022,0.012301623821258545
base,0.525,0.5,10,1,0.5436689,0.17224224,10,0.025000000000000022,0.043668925762176514
base,0.575,0.5,11,1,0.57503635,0.23277791,10,0.07499999999999996,0.07503634691238403
base,0.625,0.5,12,1,0.60640365,0.2933135,10,0.125,0.106403648853302
base,0.675,0.5,13,1,0.637771,0.35384923,10,0.17500000000000004,0.13777101039886475
base,0.7250000000000001,0.5,14,1,0.6691384,0.41438484,10,0.2250000000000001,0.1691383719444275
base,0.7749999999999999,0.5,15,1,0.7005057,0.47492036,10,0.2749999999999999,0.20050567388534546
base,0.825,0.5,16,1,0.7318731,0.5354561,10,0.32499999999999996,0.23187309503555298
base,0.8749999999999999,0.5,17,1,0.7632404,0.59599173,10,0.3749999999999999,0.26324039697647095
base,0.9249999999999999,0.5,18,1,0.7946077,0.65652734,10,0.42499999999999993,0.2946076989173889
base,0.975,0.5,19,1,0.82597506,0.71706307,10,0.475,0.32597506046295166
curv,0.025000000000000022,0.25,0,0,0.15115927,-0.38924423,10,-0.22499999999999998,-0.09884072840213776
curv,0.025000000000000022,0.25,0,0,0.15115927,-0.38924423,10,-0.22499999999999998,-0.09884072840213776
curv,0.075,0.25,1,0,0.16720748,-0.36309457,10,-0.175,-0.08279252052307129
curv,0.075,0.25,1,0,0.16720748,-0.36309457,10,-0.175,-0.08279252052307129
curv,0.12500000000000003,0.25,2,0,0.18958554,-0.32717124,10,-0.12499999999999997,-0.06041446328163147
curv,0.12500000000000003,0.25,2,0,0.18958554,-0.32717124,10,-0.12499999999999997,-0.06041446328163147
curv,0.17500000000000002,0.25,3,0,0.2119636,-0.29124787,10,-0.07499999999999998,-0.03803640604019165
curv,0.17500000000000002,0.25,3,0,0.2119636,-0.29124787,10,-0.07499999999999998,-0.03803640604019165
curv,0.225,0.25,4,0,0.23434165,-0.2553245,10,-0.024999999999999994,-0.01565834879875183
curv,0.225,0.25,4,0,0.23434165,-0.2553245,10,-0.024999999999999994,-0.01565834879875183
curv,0.275,0.25,5,1,0.2604367,-0.20922413,10,0.025000000000000022,0.010436713695526123
curv,0.325,0.25,6,1,0.29180405,-0.14868855,10,0.07500000000000001,0.04180404543876648
curv,0.37500000000000006,0.25,7,1,0.32317138,-0.08815292,10,0.12500000000000006,0.07317137718200684
curv,0.425,0.25,8,1,0.35453877,-0.02761725,10,0.175,0.10453876852989197
curv,0.475,0.25,9,1,0.3859061,0.032918338,10,0.22499999999999998,0.13590610027313232
curv,0.525,0.25,10,1,0.41727343,0.09345398,10,0.275,0.16727343201637268
curv,0.575,0.25,11,1,0.44864076,0.1539896,10,0.32499999999999996,0.19864076375961304
curv,0.625,0.25,12,1,0.48000813,0.21452524,10,0.375,0.23000812530517578
curv,0.675,0.25,13,1,0.5113755,0.2750609,10,0.42500000000000004,0.2613754868507385
curv,0.7250000000000001,0.25,14,1,0.54274285,0.33559653,10,0.4750000000000001,0.29274284839630127
flat,0.275,0.7500000000000001,0,0,0.5132277,-0.051647518,10,-0.4750000000000001,-0.23677229881286632
flat,0.325,0.7500000000000001,1,0,0.54459506,0.008888091,10,-0.4250000000000001,-0.20540493726730358
flat,0.37500000000000006,0.7500000000000001,2,0,0.5759624,0.06942371,10,-0.37500000000000006,-0.17403757572174083
flat,0.425,0.7500000000000001,3,0,0.6073298,0.12995936,10,-0.3250000000000001,-0.1426702141761781
flat,0.475,0.7500000000000001,4,0,0.63869715,0.19049494,10,-0.27500000000000013,-0.11130285263061535
flat,0.525,0.7500000000000001,5,0,0.67006445,0.25103056,10,-0.2250000000000001,-0.07993555068969738
flat,0.575,0.7500000000000001,6,0,0.7014318,0.31156623,10,-0.17500000000000016,-0.04856818914413463
flat,0.625,0.7500000000000001,7,0,0.7327992,0.37210187,10,-0.1250000000000001,-0.01720082759857189
flat,0.675,0.7500000000000001,8,0,0.76416653,0.43263748,10,-0.07500000000000007,0.014166533946990856
flat,0.7250000000000001,0.7500000000000001,9,0,0.7955339,0.49317318,10,-0.025000000000000022,0.0455338954925536
flat,0.7749999999999999,0.7500000000000001,10,1,0.8269012,0.55370873,10,0.0249999999999998,0.07690119743347157
flat,0.7749999999999999,0.7500000000000001,10,1,0.8269012,0.55370873,10,0.0249999999999998,0.07690119743347157
flat,0.825,0.7500000000000001,11,1,0.85826856,0.6142444,10,0.07499999999999984,0.10826855897903431
flat,0.825,0.7500000000000001,11,1,0.85826856,0.6142444,10,0.07499999999999984,0.10826855897903431
flat,0.8749999999999999,0.7500000000000001,12,1,0.8896359,0.67478013,10,0.12499999999999978,0.13963592052459706
flat,0.8749999999999999,0.7500000000000001,12,1,0.8896359,0.67478013,10,0.12499999999999978,0.13963592052459706
flat,0.9249999999999999,0.7500000000000001,13,1,0.92100316,0.7353157,10,0.17499999999999982,0.17100316286087025
flat,0.9249999999999999,0.7500000000000001,13,1,0.92100316,0.7353157,10,0.17499999999999982,0.17100316286087025
flat,0.975,0.7500000000000001,14,1,0.9523706,0.7958513,10,0.22499999999999987,0.20237058401107777
flat,0.975,0.7500000000000001,14,1,0.9523706,0.7958513,10,0.22499999999999987,0.20237058401107777
base,0.025000000000000022,0.5,0,0,0.23430306,-0.42137003,10,-0.475,-0.2656969428062439
base,0.075,0.5,1,0,0.2613628,-0.3725784,10,-0.425,-0.23863720893859863
base,0.12500000000000003,0.5,2,0,0.29273012,-0.31204277,10,-0.375,-0.20726987719535828
base,0.17500000000000002,0.5,3,0,0.32409748,-0.25150713,10,-0.32499999999999996,-0.17590251564979553
base,0.225,0.5,4,0,0.35546485,-0.19097151,10,-0.275,-0.1445351541042328
base,0.275,0.5,5,0,0.38683218,-0.13043588,10,-0.22499999999999998,-0.11316782236099243
base,0.325,0.5,6,0,0.4181995,-0.06990028,10,-0.175,-0.08180049061775208
base,0.37500000000000006,0.5,7,0,0.4495669,-0.009364565,10,-0.12499999999999994,-0.05043309926986694
base,0.425,0.5,8,0,0.48093426,0.051171016,10,-0.07500000000000001,-0.0190657377243042
base,0.475,0.5,9,0,0.5123016,0.111706644,10,-0.025000000000000022,0.012301623821258545
base,0.525,0.5,10,1,0.5436689,0.17224224,10,0.025000000000000022,0.043668925762176514
base,0.575,0.5,11,1,0.57503635,0.23277791,10,0.07499999999999996,0.07503634691238403
base,0.625,0.5,12,1,0.60640365,0.2933135,10,0.125,0.106403648853302
base,0.675,0.5,13,1,0.637771,0.35384923,10,0.17500000000000004,0.13777101039886475
base,0.7250000000000001,0.5,14,1,0.6691384,0.41438484,10,0.2250000000000001,0.1691383719444275
base,0.7749999999999999,0.5,15,1,0.7005057,0.47492036,10,0.2749999999999999,0.20050567388534546
base,0.825,0.5,16,1,0.7318731,0.5354561,10,0.32499999999999996,0.23187309503555298
base,0.8749999999999999,0.5,17,1,0.7632404,0.59599173,10,0.3749999999999999,0.26324039697647095
base,0.9249999999999999,0.5,18,1,0.7946077,0.65652734,10,0.42499999999999993,0.2946076989173889
base,0.975,0.5,19,1,0.82597506,0.71706307,10,0.475,0.32597506046295166
curv,0.025000000000000022,0.25,0,0,0.15115927,-0.38924423,10,-0.22499999999999998,-0.09884072840213776
curv,0.025000000000000022,0.25,0,0,0.15115927,-0.38924423,10,-0.22499999999999998,-0.09884072840213776
curv,0.075,0.25,1,0,0.16720748,-0.36309457,10,-0.175,-0.08279252052307129
curv,0.075,0.25,1,0,0.16720748,-0.36309457,10,-0.175,-0.08279252052307129
curv,0.12500000000000003,0.25,2,0,0.18958554,-0.32717124,10,-0.12499999999999997,-0.06041446328163147
curv,0.12500000000000003,0.25,2,0,0.18958554,-0.32717124,10,-0.12499999999999997,-0.06041446328163147
curv,0.17500000000000002,0.25,3,0,0.2119636,-0.29124787,10,-0.07499999999999998,-0.03803640604019165
curv,0.17500000000000002,0.25,3,0,0.2119636,-0.29124787,10,-0.07499999999999998,-0.03803640604019165
curv,0.225,0.25,4,0,0.23434165,-0.2553245,10,-0.024999999999999994,-0.01565834879875183
curv,0.225,0.25,4,0,0.23434165,-0.2553245,10,-0.024999999999999994,-0.01565834879875183
curv,0.275,0.25,5,1,0.2604367,-0.20922413,10,0.025000000000000022,0.010436713695526123
curv,0.325,0.25,6,1,0.29180405,-0.14868855,10,0.07500000000000001,0.04180404543876648
curv,0.37500000000000006,0.25,7,1,0.32317138,-0.08815292,10,0.12500000000000006,0.07317137718200684
curv,0.425,0.25,8,1,0.35453877,-0.02761725,10,0.175,0.10453876852989197
curv,0.475,0.25,9,1,0.3859061,0.032918338,10,0.22499999999999998,0.13590610027313232
curv,0.525,0.25,10,1,0.41727343,0.09345398,10,0.275,0.16727343201637268
curv,0.575,0.25,11,1,0.44864076,0.1539896,10,0.32499999999999996,0.19864076375961304
curv,0.625,0.25,12,1,0.48000813,0.21452524,10,0.375,0.23000812530517578
curv,0.675,0.25,13,1,0.5113755,0.2750609,10,0.42500000000000004,0.2613754868507385
curv,0.7250000000000001,0.25,14,1,0.54274285,0.33559653,10,0.4750000000000001,0.29274284839630127
flat,0.275,0.7500000000000001,0,0,0.5132277,-0.051647518,10,-0.4750000000000001,-0.23677229881286632
flat,0.325,0.7500000000000001,1,0,0.54459506,0.008888091,10,-0.4250000000000001,-0.20540493726730358
flat,0.37500000000000006,0.7500000000000001,2,0,0.5759624,0.06942371,10,-0.37500000000000006,-0.17403757572174083
flat,0.425,0.7500000000000001,3,0,0.6073298,0.12995936,10,-0.3250000000000001,-0.1426702141761781
flat,0.475,0.7500000000000001,4,0,0.63869715,0.19049494,10,-0.27500000000000013,-0.11130285263061535
flat,0.525,0.7500000000000001,5,0,0.67006445,0.25103056,10,-0.2250000000000001,-0.07993555068969738
flat,0.575,0.7500000000000001,6,0,0.7014318,0.31156623,10,-0.17500000000000016,-0.04856818914413463
flat,0.625,0.7500000000000001,7,0,0.7327992,0.37210187,10,-0.1250000000000001,-0.01720082759857189
flat,0.675,0.7500000000000001,8,0,0.76416653,0.43263748,10,-0.07500000000000007,0.014166533946990856
flat,0.7250000000000001,0.7500000000000001,9,0,0.7955339,0.49317318,10,-0.025000000000000022,0.0455338954925536
flat,0.7749999999999999,0.7500000000000001,10,1,0.8269012,0.55370873,10,0.0249999999999998,0.07690119743347157
flat,0.7749999999999999,0.7500000000000001,10,1,0.8269012,0.55370873,10,0.0249999999999998,0.07690119743347157
flat,0.825,0.7500000000000001,11,1,0.85826856,0.6142444,10,0.07499999999999984,0.10826855897903431
flat,0.825,0.7500000000000001,11,1,0.85826856,0.6142444,10,0.07499999999999984,0.10826855897903431
flat,0.8749999999999999,0.7500000000000001,12,1,0.8896359,0.67478013,10,0.12499999999999978,0.13963592052459706
flat,0.8749999999999999,0.7500000000000001,12,1,0.8896359,0.67478013,10,0.12499999999999978,0.13963592052459706
flat,0.9249999999999999,0.7500000000000001,13,1,0.92100316,0.7353157,10,0.17499999999999982,0.17100316286087025
flat,0.9249999999999999,0.7500000000000001,13,1,0.92100316,0.7353157,10,0.17499999999999982,0.17100316286087025
flat,0.975,0.7500000000000001,14,1,0.9523706,0.7958513,10,0.22499999999999987,0.20237058401107777
flat,0.975,0.7500000000000001,14,1,0.9523706,0.7958513,10,0.22499999999999987,0.20237058401107777
base,0.025000000000000022,0.5,0,0,0.23430306,-0.42137003,10,-0.475,-0.2656969428062439
base,0.075,0.5,1,0,0.2613628,-0.3725784,10,-0.425,-0.23863720893859863
base,0.12500000000000003,0.5,2,0,0.29273012,-0.31204277,10,-0.375,-0.20726987719535828
base,0.17500000000000002,0.5,3,0,0.32409748,-0.25150713,10,-0.32499999999999996,-0.17590251564979553
base,0.225,0.5,4,0,0.35546485,-0.19097151,10,-0.275,-0.1445351541042328
base,0.275,0.5,5,0,0.38683218,-0.13043588,10,-0.22499999999999998,-0.11316782236099243
base,0.325,0.5,6,0,0.4181995,-0.06990028,10,-0.175,-0.08180049061775208
base,0.37500000000000006,0.5,7,0,0.4495669,-0.009364565,10,-0.12499999999999994,-0.05043309926986694
base,0.425,0.5,8,0,0.48093426,0.051171016,10,-0.07500000000000001,-0.0190657377243042
base,0.475,0.5,9,0,0.5123016,0.111706644,10,-0.025000000000000022,0.012301623821258545
base,0.525,0.5,10,1,0.5436689,0.17224224,10,0.025000000000000022,0.043668925762176514
base,0.575,0.5,11,1,0.57503635,0.23277791,10,0.07499999999999996,0.07503634691238403
base,0.625,0.5,12,1,0.60640365,0.2933135,10,0.125,0.106403648853302
base,0.675,0.5,13,1,0.637771,0.35384923,10,0.17500000000000004,0.13777101039886475
base,0.7250000000000001,0.5,14,1,0.6691384,0.41438484,10,0.2250000000000001,0.1691383719444275
base,0.7749999999999999,0.5,15,1,0.7005057,0.47492036,10,0.2749999999999999,0.20050567388534546
base,0.825,0.5,16,1,0.7318731,0.5354561,10,0.32499999999999996,0.23187309503555298
base,0.8749999999999999,0.5,17,1,0.7632404,0.59599173,10,0.3749999999999999,0.26324039697647095
base,0.9249999999999999,0.5,18,1,0.7946077,0.65652734,10,0.42499999999999993,0.2946076989173889
base,0.975,0.5,19,1,0.82597506,0.71706307,10,0.475,0.32597506046295166
curv,0.025000000000000022,0.25,0,0,0.15115927,-0.38924423,10,-0.22499999999999998,-0.09884072840213776
curv,0.025000000000000022,0.25,0,0,0.15115927,-0.38924423,10,-0.22499999999999998,-0.09884072840213776
curv,0.075,0.25,1,0,0.16720748,-0.36309457,10,-0.175,-0.08279252052307129
curv,0.075,0.25,1,0,0.16720748,-0.36309457,10,-0.175,-0.08279252052307129
curv,0.12500000000000003,0.25,2,0,0.18958554,-0.32717124,10,-0.12499999999999997,-0.06041446328163147
curv,0.12500000000000003,0.25,2,0,0.18958554,-0.32717124,10,-0.12499999999999997,-0.06041446328163147
curv,0.17500000000000002,0.25,3,0,0.2119636,-0.29124787,10,-0.07499999999999998,-0.03803640604019165
curv,0.17500000000000002,0.25,3,0,0.2119636,-0.29124787,10,-0.07499999999999998,-0.03803640604019165
curv,0.225,0.25,4,0,0.23434165,-0.2553245,10,-0.024999999999999994,-0.01565834879875183
curv,0.225,0.25,4,0,0.23434165,-0.2553245,10,-0.024999999999999994,-0.01565834879875183
curv,0.275,0.25,5,1,0.2604367,-0.20922413,10,0.025000000000000022,0.010436713695526123
curv,0.325,0.25,6,1,0.29180405,-0.14868855,10,0.07500000000000001,0.04180404543876648
curv,0.37500000000000006,0.25,7,1,0.32317138,-0.08815292,10,0.12500000000000006,0.07317137718200684
curv,0.425,0.25,8,1,0.35453877,-0.02761725,10,0.175,0.10453876852989197
curv,0.475,0.25,9,1,0.3859061,0.032918338,10,0.22499999999999998,0.13590610027313232
curv,0.525,0.25,10,1,0.41727343,0.09345398,10,0.275,0.16727343201637268
curv,0.575,0.25,11,1,0.44864076,0.1539896,10,0.32499999999999996,0.19864076375961304
curv,0.625,0.25,12,1,0.48000813,0.21452524,10,0.375,0.23000812530517578
curv,0.675,0.25,13,1,0.5113755,0.2750609,10,0.42500000000000004,0.2613754868507385
curv,0.7250000000000001,0.25,14,1,0.54274285,0.33559653,10,0.4750000000000001,0.29274284839630127
flat,0.275,0.7500000000000001,0,0,0.5132277,-0.051647518,10,-0.4750000000000001,-0.23677229881286632
flat,0.325,0.7500000000000001,1,0,0.54459506,0.008888091,10,-0.4250000000000001,-0.20540493726730358
flat,0.37500000000000006,0.7500000000000001,2,0,0.5759624,0.06942371,10,-0.37500000000000006,-0.17403757572174083
flat,0.425,0.7500000000000001,3,0,0.6073298,0.12995936,10,-0.3250000000000001,-0.1426702141761781
flat,0.475,0.7500000000000001,4,0,0.63869715,0.19049494,10,-0.27500000000000013,-0.11130285263061535
flat,0.525,0.7500000000000001,5,0,0.67006445,0.25103056,10,-0.2250000000000001,-0.07993555068969738
flat,0.575,0.7500000000000001,6,0,0.7014318,0.31156623,10,-0.17500000000000016,-0.04856818914413463
flat,0.625,0.7500000000000001,7,0,0.7327992,0.37210187,10,-0.1250000000000001,-0.01720082759857189
flat,0.675,0.7500000000000001,8,0,0.76416653,0.43263748,10,-0.07500000000000007,0.014166533946990856
flat,0.7250000000000001,0.7500000000000001,9,0,0.7955339,0.49317318,10,-0.025000000000000022,0.0455338954925536
flat,0.7749999999999999,0.7500000000000001,10,1,0.8269012,0.55370873,10,0.0249999999999998,0.07690119743347157
flat,0.7749999999999999,0.7500000000000001,10,1,0.8269012,0.55370873,10,0.0249999999999998,0.07690119743347157
flat,0.825,0.7500000000000001,11,1,0.85826856,0.6142444,10,0.07499999999999984,0.10826855897903431
flat,0.825,0.7500000000000001,11,1,0.85826856,0.6142444,10,0.07499999999999984,0.10826855897903431
flat,0.8749999999999999,0.7500000000000001,12,1,0.8896359,0.67478013,10,0.12499999999999978,0.13963592052459706
flat,0.8749999999999999,0.7500000000000001,12,1,0.8896359,0.67478013,10,0.12499999999999978,0.13963592052459706
flat,0.9249999999999999,0.7500000000000001,13,1,0.92100316,0.7353157,10,0.17499999999999982,0.17100316286087025
flat,0.9249999999999999,0.7500000000000001,13,1,0.92100316,0.7353157,10,0.17499999999999982,0.17100316286087025
flat,0.975,0.7500000000000001,14,1,0.9523706,0.7958513,10,0.22499999999999987,0.20237058401107777
flat,0.975,0.7500000000000001,14,1,0.9523706,0.7958513,10,0.22499999999999987,0.20237058401107777
base,0.025000000000000022,0.5,0,0,0.2236419,-1.1140548,11,-0.475,-0.27635809779167175
base,0.075,0.5,1,0,0.24395435,-1.0087161,11,-0.425,-0.2560456544160843
base,0.12500000000000003,0.5,2,0,0.2734921,-0.8881564,11,-0.375,-0.22650790214538574
base,0.17500000000000002,0.5,3,0,0.30559802,-0.76335925,11,-0.32499999999999996,-0.19440197944641113
base,0.225,0.5,4,0,0.33770394,-0.6385624,11,-0.275,-0.16229605674743652
base,0.275,0.5,5,0,0.36980987,-0.51376534,11,-0.22499999999999998,-0.13019013404846191
base,0.325,0.5,6,0,0.40191573,-0.38896817,11,-0.175,-0.09808427095413208
base,0.37500000000000006,0.5,7,0,0.43402165,-0.26417112,11,-0.12499999999999994,-0.06597834825515747
base,0.425,0.5,8,0,0.4661275,-0.13937396,11,-0.07500000000000001,-0.03387248516082764
base,0.475,0.5,9,0,0.49823344,-0.014576912,11,-0.025000000000000022,-0.0017665624618530273
base,0.525,0.5,10,1,0.53033936,0.110219955,11,0.025000000000000022,0.030339360237121582
base,0.575,0.5,11,1,0.5624453,0.23501712,11,0.07499999999999996,0.06244528293609619
base,0.625,0.5,12,1,0.59455115,0.3598143,11,0.125,0.09455114603042603
base,0.675,0.5,13,1,0.62665707,0.48461145,11,0.17500000000000004,0.12665706872940063
base,0.7250000000000001,0.5,14,1,0.658763,0.6094085,11,0.2250000000000001,0.15876299142837524
base,0.7749999999999999,0.5,15,1,0.69086885,0.7342055,11,0.2749999999999999,0.19086885452270508
base,0.825,0.5,16,1,0.7229747,0.8590026,11,0.32499999999999996,0.2229747176170349
base,0.8749999999999999,0.5,17,1,0.75224435,0.9686799,11,0.3749999999999999,0.25224435329437256
base,0.9249999999999999,0.5,18,1,0.76632965,1.058199,11,0.42499999999999993,0.26632964611053467
base,0.975,0.5,19,1,0.7804151,1.147718,11,0.475,0.2804151177406311
curv,0.025000000000000022,0.25,0,0,0.13394359,-0.8522339,11,-0.22499999999999998,-0.1160564124584198
curv,0.025000000000000022,0.25,0,0,0.13394359,-0.8522339,11,-0.22499999999999998,-0.1160564124584198
curv,0.075,0.25,1,0,0.16604947,-0.7274367,11,-0.175,-0.08395053446292877
curv,0.075,0.25,1,0,0.16604947,-0.7274367,11,-0.175,-0.08395053446292877
curv,0.12500000000000003,0.25,2,0,0.19815539,-0.6026396,11,-0.12499999999999997,-0.05184461176395416
curv,0.12500000000000003,0.25,2,0,0.19815539,-0.6026396,11,-0.12499999999999997,-0.05184461176395416
curv,0.17500000000000002,0.25,3,0,0.2302613,-0.4778427,11,-0.07499999999999998,-0.019738703966140747
curv,0.17500000000000002,0.25,3,0,0.2302613,-0.4778427,11,-0.07499999999999998,-0.019738703966140747
curv,0.225,0.25,4,0,0.2623672,-0.35304558,11,-0.024999999999999994,0.012367188930511475
curv,0.225,0.25,4,0,0.2623672,-0.35304558,11,-0.024999999999999994,0.012367188930511475
curv,0.275,0.25,5,1,0.2944731,-0.22824848,11,0.025000000000000022,0.044473111629486084
curv,0.325,0.25,6,1,0.32657897,-0.10345143,11,0.07500000000000001,0.07657897472381592
curv,0.37500000000000006,0.25,7,1,0.3586849,0.021345675,11,0.12500000000000006,0.10868489742279053
curv,0.425,0.25,8,1,0.3907908,0.14614278,11,0.175,0.14079079031944275
curv,0.475,0.25,9,1,0.42289668,0.27093974,11,0.22499999999999998,0.17289668321609497
curv,0.525,0.25,10,1,0.4550026,0.3957367,11,0.275,0.20500260591506958
curv,0.575,0.25,11,1,0.48710853,0.52053386,11,0.32499999999999996,0.2371085286140442
curv,0.625,0.25,12,1,0.5192144,0.645331,11,0.375,0.269214391708374
curv,0.675,0.25,13,1,0.54847574,0.75299764,11,0.42500000000000004,0.2984757423400879
curv,0.7250000000000001,0.25,14,1,0.5765144,0.8533011,11,0.4750000000000001,0.32651442289352417
flat,0.275,0.7500000000000001,0,0,0.44514662,-0.79928184,11,-0.4750000000000001,-0.30485337972641
flat,0.325,0.7500000000000001,1,0,0.47725248,-0.67448485,11,-0.4250000000000001,-0.2727475166320802
flat,0.37500000000000006,0.7500000000000001,2,0,0.5093584,-0.54968774,11,-0.37500000000000006,-0.24064159393310558
flat,0.425,0.7500000000000001,3,0,0.5414643,-0.4248907,11,-0.3250000000000001,-0.20853567123413097
flat,0.475,0.7500000000000001,4,0,0.57357013,-0.30009365,11,-0.27500000000000013,-0.1764298677444459
flat,0.525,0.7500000000000001,5,0,0.6056761,-0.17529666,11,-0.2250000000000001,-0.14432388544082653
flat,0.575,0.7500000000000001,6,0,0.637782,-0.050499618,11,-0.17500000000000016,-0.11221802234649669
flat,0.625,0.7500000000000001,7,0,0.6698879,0.07429755,11,-0.1250000000000001,-0.08011209964752208
flat,0.675,0.7500000000000001,8,0,0.7019938,0.19909465,11,-0.07500000000000007,-0.048006176948547474
flat,0.7250000000000001,0.7500000000000001,9,0,0.7340997,0.32389176,11,-0.025000000000000022,-0.01590031385421764
flat,0.7749999999999999,0.7500000000000001,10,1,0.76620555,0.44868863,11,0.0249999999999998,0.016205549240112194
flat,0.7749999999999999,0.7500000000000001,10,1,0.76620555,0.44868863,11,0.0249999999999998,0.016205549240112194
flat,0.825,0.7500000000000001,11,1,0.79831153,0.57348585,11,0.07499999999999984,0.04831153154373158
flat,0.825,0.7500000000000001,11,1,0.79831153,0.57348585,11,0.07499999999999984,0.04831153154373158
flat,0.8749999999999999,0.7500000000000001,12,1,0.83041745,0.6982829,11,0.12499999999999978,0.08041745424270619
flat,0.8749999999999999,0.7500000000000001,12,1,0.83041745,0.6982829,11,0.12499999999999978,0.08041745424270619
flat,0.9249999999999999,0.7500000000000001,13,1,0.8625233,0.82307994,11,0.17499999999999982,0.11252331733703602
flat,0.9249999999999999,0.7500000000000001,13,1,0.8625233,0.82307994,11,0.17499999999999982,0.11252331733703602
flat,0.975,0.7500000000000001,14,1,0.89200455,0.94584846,11,0.22499999999999987,0.1420045495033263
flat,0.975,0.7500000000000001,14,1,0.89200455,0.94584846,11,0.22499999999999987,0.1420045495033263
base,0.025000000000000022,0.5,0,0,0.2236419,-1.1140548,11,-0.475,-0.27635809779167175
base,0.075,0.5,1,0,0.24395435,-1.0087161,11,-0.425,-0.2560456544160843
base,0.12500000000000003,0.5,2,0,0.2734921,-0.8881564,11,-0.375,-0.22650790214538574
base,0.17500000000000002,0.5,3,0,0.30559802,-0.76335925,11,-0.32499999999999996,-0.19440197944641113
base,0.225,0.5,4,0,0.33770394,-0.6385624,11,-0.275,-0.16229605674743652
base,0.275,0.5,5,0,0.36980987,-0.51376534,11,-0.22499999999999998,-0.13019013404846191
base,0.325,0.5,6,0,0.40191573,-0.38896817,11,-0.175,-0.09808427095413208
base,0.37500000000000006,0.5,7,0,0.43402165,-0.26417112,11,-0.12499999999999994,-0.06597834825515747
base,0.425,0.5,8,0,0.4661275,-0.13937396,11,-0.07500000000000001,-0.03387248516082764
base,0.475,0.5,9,0,0.49823344,-0.014576912,11,-0.025000000000000022,-0.0017665624618530273
base,0.525,0.5,10,1,0.53033936,0.110219955,11,0.025000000000000022,0.030339360237121582
base,0.575,0.5,11,1,0.5624453,0.23501712,11,0.07499999999999996,0.06244528293609619
base,0.625,0.5,12,1,0.59455115,0.3598143,11,0.125,0.09455114603042603
base,0.675,0.5,13,1,0.62665707,0.48461145,11,0.17500000000000004,0.12665706872940063
base,0.7250000000000001,0.5,14,1,0.658763,0.6094085,11,0.2250000000000001,0.15876299142837524
base,0.7749999999999999,0.5,15,1,0.69086885,0.7342055,11,0.2749999999999999,0.19086885452270508
base,0.825,0.5,16,1,0.7229747,0.8590026,11,0.32499999999999996,0.2229747176170349
base,0.8749999999999999,0.5,17,1,0.75224435,0.9686799,11,0.3749999999999999,0.25224435329437256
base,0.9249999999999999,0.5,18,1,0.76632965,1.058199,11,0.42499999999999993,0.26632964611053467
base,0.975,0.5,19,1,0.7804151,1.147718,11,0.475,0.2804151177406311
curv,0.025000000000000022,0.25,0,0,0.13394359,-0.8522339,11,-0.22499999999999998,-0.1160564124584198
curv,0.025000000000000022,0.25,0,0,0.13394359,-0.8522339,11,-0.22499999999999998,-0.1160564124584198
curv,0.075,0.25,1,0,0.16604947,-0.7274367,11,-0.175,-0.08395053446292877
curv,0.075,0.25,1,0,0.16604947,-0.7274367,11,-0.175,-0.08395053446292877
curv,0.12500000000000003,0.25,2,0,0.19815539,-0.6026396,11,-0.12499999999999997,-0.05184461176395416
curv,0.12500000000000003,0.25,2,0,0.19815539,-0.6026396,11,-0.12499999999999997,-0.05184461176395416
curv,0.17500000000000002,0.25,3,0,0.2302613,-0.4778427,11,-0.07499999999999998,-0.019738703966140747
curv,0.17500000000000002,0.25,3,0,0.2302613,-0.4778427,11,-0.07499999999999998,-0.019738703966140747
curv,0.225,0.25,4,0,0.2623672,-0.35304558,11,-0.024999999999999994,0.012367188930511475
curv,0.225,0.25,4,0,0.2623672,-0.35304558,11,-0.024999999999999994,0.012367188930511475
curv,0.275,0.25,5,1,0.2944731,-0.22824848,11,0.025000000000000022,0.044473111629486084
curv,0.325,0.25,6,1,0.32657897,-0.10345143,11,0.07500000000000001,0.07657897472381592
curv,0.37500000000000006,0.25,7,1,0.3586849,0.021345675,11,0.12500000000000006,0.10868489742279053
curv,0.425,0.25,8,1,0.3907908,0.14614278,11,0.175,0.14079079031944275
curv,0.475,0.25,9,1,0.42289668,0.27093974,11,0.22499999999999998,0.17289668321609497
curv,0.525,0.25,10,1,0.4550026,0.3957367,11,0.275,0.20500260591506958
curv,0.575,0.25,11,1,0.48710853,0.52053386,11,0.32499999999999996,0.2371085286140442
curv,0.625,0.25,12,1,0.5192144,0.645331,11,0.375,0.269214391708374
curv,0.675,0.25,13,1,0.54847574,0.75299764,11,0.42500000000000004,0.2984757423400879
curv,0.7250000000000001,0.25,14,1,0.5765144,0.8533011,11,0.4750000000000001,0.32651442289352417
flat,0.275,0.7500000000000001,0,0,0.44514662,-0.79928184,11,-0.4750000000000001,-0.30485337972641
flat,0.325,0.7500000000000001,1,0,0.47725248,-0.67448485,11,-0.4250000000000001,-0.2727475166320802
flat,0.37500000000000006,0.7500000000000001,2,0,0.5093584,-0.54968774,11,-0.37500000000000006,-0.24064159393310558
flat,0.425,0.7500000000000001,3,0,0.5414643,-0.4248907,11,-0.3250000000000001,-0.20853567123413097
flat,0.475,0.7500000000000001,4,0,0.57357013,-0.30009365,11,-0.27500000000000013,-0.1764298677444459
flat,0.525,0.7500000000000001,5,0,0.6056761,-0.17529666,11,-0.2250000000000001,-0.14432388544082653
flat,0.575,0.7500000000000001,6,0,0.637782,-0.050499618,11,-0.17500000000000016,-0.11221802234649669
flat,0.625,0.7500000000000001,7,0,0.6698879,0.07429755,11,-0.1250000000000001,-0.08011209964752208
flat,0.675,0.7500000000000001,8,0,0.7019938,0.19909465,11,-0.07500000000000007,-0.048006176948547474
flat,0.7250000000000001,0.7500000000000001,9,0,0.7340997,0.32389176,11,-0.025000000000000022,-0.01590031385421764
flat,0.7749999999999999,0.7500000000000001,10,1,0.76620555,0.44868863,11,0.0249999999999998,0.016205549240112194
flat,0.7749999999999999,0.7500000000000001,10,1,0.76620555,0.44868863,11,0.0249999999999998,0.016205549240112194
flat,0.825,0.7500000000000001,11,1,0.79831153,0.57348585,11,0.07499999999999984,0.04831153154373158
flat,0.825,0.7500000000000001,11,1,0.79831153,0.57348585,11,0.07499999999999984,0.04831153154373158
flat,0.8749999999999999,0.7500000000000001,12,1,0.83041745,0.6982829,11,0.12499999999999978,0.08041745424270619
flat,0.8749999999999999,0.7500000000000001,12,1,0.83041745,0.6982829,11,0.12499999999999978,0.08041745424270619
flat,0.9249999999999999,0.7500000000000001,13,1,0.8625233,0.82307994,11,0.17499999999999982,0.11252331733703602
flat,0.9249999999999999,0.7500000000000001,13,1,0.8625233,0.82307994,11,0.17499999999999982,0.11252331733703602
flat,0.975,0.7500000000000001,14,1,0.89200455,0.94584846,11,0.22499999999999987,0.1420045495033263
flat,0.975,0.7500000000000001,14,1,0.89200455,0.94584846,11,0.22499999999999987,0.1420045495033263
base,0.025000000000000022,0.5,0,0,0.2236419,-1.1140548,11,-0.475,-0.27635809779167175
base,0.075,0.5,1,0,0.24395435,-1.0087161,11,-0.425,-0.2560456544160843
base,0.12500000000000003,0.5,2,0,0.2734921,-0.8881564,11,-0.375,-0.22650790214538574
base,0.17500000000000002,0.5,3,0,0.30559802,-0.76335925,11,-0.32499999999999996,-0.19440197944641113
base,0.225,0.5,4,0,0.33770394,-0.6385624,11,-0.275,-0.16229605674743652
base,0.275,0.5,5,0,0.36980987,-0.51376534,11,-0.22499999999999998,-0.13019013404846191
base,0.325,0.5,6,0,0.40191573,-0.38896817,11,-0.175,-0.09808427095413208
base,0.37500000000000006,0.5,7,0,0.43402165,-0.26417112,11,-0.12499999999999994,-0.06597834825515747
base,0.425,0.5,8,0,0.4661275,-0.13937396,11,-0.07500000000000001,-0.03387248516082764
base,0.475,0.5,9,0,0.49823344,-0.014576912,11,-0.025000000000000022,-0.0017665624618530273
base,0.525,0.5,10,1,0.53033936,0.110219955,11,0.025000000000000022,0.030339360237121582
base,0.575,0.5,11,1,0.5624453,0.23501712,11,0.07499999999999996,0.06244528293609619
base,0.625,0.5,12,1,0.59455115,0.3598143,11,0.125,0.09455114603042603
base,0.675,0.5,13,1,0.62665707,0.48461145,11,0.17500000000000004,0.12665706872940063
base,0.7250000000000001,0.5,14,1,0.658763,0.6094085,11,0.2250000000000001,0.15876299142837524
base,0.7749999999999999,0.5,15,1,0.69086885,0.7342055,11,0.2749999999999999,0.19086885452270508
base,0.825,0.5,16,1,0.7229747,0.8590026,11,0.32499999999999996,0.2229747176170349
base,0.8749999999999999,0.5,17,1,0.75224435,0.9686799,11,0.3749999999999999,0.25224435329437256
base,0.9249999999999999,0.5,18,1,0.76632965,1.058199,11,0.42499999999999993,0.26632964611053467
base,0.975,0.5,19,1,0.7804151,1.147718,11,0.475,0.2804151177406311
curv,0.025000000000000022,0.25,0,0,0.13394359,-0.8522339,11,-0.22499999999999998,-0.1160564124584198
curv,0.025000000000000022,0.25,0,0,0.13394359,-0.8522339,11,-0.22499999999999998,-0.1160564124584198
curv,0.075,0.25,1,0,0.16604947,-0.7274367,11,-0.175,-0.08395053446292877
curv,0.075,0.25,1,0,0.16604947,-0.7274367,11,-0.175,-0.08395053446292877
curv,0.12500000000000003,0.25,2,0,0.19815539,-0.6026396,11,-0.12499999999999997,-0.05184461176395416
curv,0.12500000000000003,0.25,2,0,0.19815539,-0.6026396,11,-0.12499999999999997,-0.05184461176395416
curv,0.17500000000000002,0.25,3,0,0.2302613,-0.4778427,11,-0.07499999999999998,-0.019738703966140747
curv,0.17500000000000002,0.25,3,0,0.2302613,-0.4778427,11,-0.07499999999999998,-0.019738703966140747
curv,0.225,0.25,4,0,0.2623672,-0.35304558,11,-0.024999999999999994,0.012367188930511475
curv,0.225,0.25,4,0,0.2623672,-0.35304558,11,-0.024999999999999994,0.012367188930511475
curv,0.275,0.25,5,1,0.2944731,-0.22824848,11,0.025000000000000022,0.044473111629486084
curv,0.325,0.25,6,1,0.32657897,-0.10345143,11,0.07500000000000001,0.07657897472381592
curv,0.37500000000000006,0.25,7,1,0.3586849,0.021345675,11,0.12500000000000006,0.10868489742279053
curv,0.425,0.25,8,1,0.3907908,0.14614278,11,0.175,0.14079079031944275
curv,0.475,0.25,9,1,0.42289668,0.27093974,11,0.22499999999999998,0.17289668321609497
curv,0.525,0.25,10,1,0.4550026,0.3957367,11,0.275,0.20500260591506958
curv,0.575,0.25,11,1,0.48710853,0.52053386,11,0.32499999999999996,0.2371085286140442
curv,0.625,0.25,12,1,0.5192144,0.645331,11,0.375,0.269214391708374
curv,0.675,0.25,13,1,0.54847574,0.75299764,11,0.42500000000000004,0.2984757423400879
curv,0.7250000000000001,0.25,14,1,0.5765144,0.8533011,11,0.4750000000000001,0.32651442289352417
flat,0.275,0.7500000000000001,0,0,0.44514662,-0.79928184,11,-0.4750000000000001,-0.30485337972641
flat,0.325,0.7500000000000001,1,0,0.47725248,-0.67448485,11,-0.4250000000000001,-0.2727475166320802
flat,0.37500000000000006,0.7500000000000001,2,0,0.5093584,-0.54968774,11,-0.37500000000000006,-0.24064159393310558
flat,0.425,0.7500000000000001,3,0,0.5414643,-0.4248907,11,-0.3250000000000001,-0.20853567123413097
flat,0.475,0.7500000000000001,4,0,0.57357013,-0.30009365,11,-0.27500000000000013,-0.1764298677444459
flat,0.525,0.7500000000000001,5,0,0.6056761,-0.17529666,11,-0.2250000000000001,-0.14432388544082653
flat,0.575,0.7500000000000001,6,0,0.637782,-0.050499618,11,-0.17500000000000016,-0.11221802234649669
flat,0.625,0.7500000000000001,7,0,0.6698879,0.07429755,11,-0.1250000000000001,-0.08011209964752208
flat,0.675,0.7500000000000001,8,0,0.7019938,0.19909465,11,-0.07500000000000007,-0.048006176948547474
flat,0.7250000000000001,0.7500000000000001,9,0,0.7340997,0.32389176,11,-0.025000000000000022,-0.01590031385421764
flat,0.7749999999999999,0.7500000000000001,10,1,0.76620555,0.44868863,11,0.0249999999999998,0.016205549240112194
flat,0.7749999999999999,0.7500000000000001,10,1,0.76620555,0.44868863,11,0.0249999999999998,0.016205549240112194
flat,0.825,0.7500000000000001,11,1,0.79831153,0.57348585,11,0.07499999999999984,0.04831153154373158
flat,0.825,0.7500000000000001,11,1,0.79831153,0.57348585,11,0.07499999999999984,0.04831153154373158
flat,0.8749999999999999,0.7500000000000001,12,1,0.83041745,0.6982829,11,0.12499999999999978,0.08041745424270619
flat,0.8749999999999999,0.7500000000000001,12,1,0.83041745,0.6982829,11,0.12499999999999978,0.08041745424270619
flat,0.9249999999999999,0.7500000000000001,13,1,0.8625233,0.82307994,11,0.17499999999999982,0.11252331733703602
flat,0.9249999999999999,0.7500000000000001,13,1,0.8625233,0.82307994,11,0.17499999999999982,0.11252331733703602
flat,0.975,0.7500000000000001,14,1,0.89200455,0.94584846,11,0.22499999999999987,0.1420045495033263
flat,0.975,0.7500000000000001,14,1,0.89200455,0.94584846,11,0.22499999999999987,0.1420045495033263
base,0.025000000000000022,0.5,0,0,0.2236419,-1.1140548,11,-0.475,-0.27635809779167175
base,0.075,0.5,1,0,0.24395435,-1.0087161,11,-0.425,-0.2560456544160843
base,0.12500000000000003,0.5,2,0,0.2734921,-0.8881564,11,-0.375,-0.22650790214538574
base,0.17500000000000002,0.5,3,0,0.30559802,-0.76335925,11,-0.32499999999999996,-0.19440197944641113
base,0.225,0.5,4,0,0.33770394,-0.6385624,11,-0.275,-0.16229605674743652
base,0.275,0.5,5,0,0.36980987,-0.51376534,11,-0.22499999999999998,-0.13019013404846191
base,0.325,0.5,6,0,0.40191573,-0.38896817,11,-0.175,-0.09808427095413208
base,0.37500000000000006,0.5,7,0,0.43402165,-0.26417112,11,-0.12499999999999994,-0.06597834825515747
base,0.425,0.5,8,0,0.4661275,-0.13937396,11,-0.07500000000000001,-0.03387248516082764
base,0.475,0.5,9,0,0.49823344,-0.014576912,11,-0.025000000000000022,-0.0017665624618530273
base,0.525,0.5,10,1,0.53033936,0.110219955,11,0.025000000000000022,0.030339360237121582
base,0.575,0.5,11,1,0.5624453,0.23501712,11,0.07499999999999996,0.06244528293609619
base,0.625,0.5,12,1,0.59455115,0.3598143,11,0.125,0.09455114603042603
base,0.675,0.5,13,1,0.62665707,0.48461145,11,0.17500000000000004,0.12665706872940063
base,0.7250000000000001,0.5,14,1,0.658763,0.6094085,11,0.2250000000000001,0.15876299142837524
base,0.7749999999999999,0.5,15,1,0.69086885,0.7342055,11,0.2749999999999999,0.19086885452270508
base,0.825,0.5,16,1,0.7229747,0.8590026,11,0.32499999999999996,0.2229747176170349
base,0.8749999999999999,0.5,17,1,0.75224435,0.9686799,11,0.3749999999999999,0.25224435329437256
base,0.9249999999999999,0.5,18,1,0.76632965,1.058199,11,0.42499999999999993,0.26632964611053467
base,0.975,0.5,19,1,0.7804151,1.147718,11,0.475,0.2804151177406311
curv,0.025000000000000022,0.25,0,0,0.13394359,-0.8522339,11,-0.22499999999999998,-0.1160564124584198
curv,0.025000000000000022,0.25,0,0,0.13394359,-0.8522339,11,-0.22499999999999998,-0.1160564124584198
curv,0.075,0.25,1,0,0.16604947,-0.7274367,11,-0.175,-0.08395053446292877
curv,0.075,0.25,1,0,0.16604947,-0.7274367,11,-0.175,-0.08395053446292877
curv,0.12500000000000003,0.25,2,0,0.19815539,-0.6026396,11,-0.12499999999999997,-0.05184461176395416
curv,0.12500000000000003,0.25,2,0,0.19815539,-0.6026396,11,-0.12499999999999997,-0.05184461176395416
curv,0.17500000000000002,0.25,3,0,0.2302613,-0.4778427,11,-0.07499999999999998,-0.019738703966140747
curv,0.17500000000000002,0.25,3,0,0.2302613,-0.4778427,11,-0.07499999999999998,-0.019738703966140747
curv,0.225,0.25,4,0,0.2623672,-0.35304558,11,-0.024999999999999994,0.012367188930511475
curv,0.225,0.25,4,0,0.2623672,-0.35304558,11,-0.024999999999999994,0.012367188930511475
curv,0.275,0.25,5,1,0.2944731,-0.22824848,11,0.025000000000000022,0.044473111629486084
curv,0.325,0.25,6,1,0.32657897,-0.10345143,11,0.07500000000000001,0.07657897472381592
curv,0.37500000000000006,0.25,7,1,0.3586849,0.021345675,11,0.12500000000000006,0.10868489742279053
curv,0.425,0.25,8,1,0.3907908,0.14614278,11,0.175,0.14079079031944275
curv,0.475,0.25,9,1,0.42289668,0.27093974,11,0.22499999999999998,0.17289668321609497
curv,0.525,0.25,10,1,0.4550026,0.3957367,11,0.275,0.20500260591506958
curv,0.575,0.25,11,1,0.48710853,0.52053386,11,0.32499999999999996,0.2371085286140442
curv,0.625,0.25,12,1,0.5192144,0.645331,11,0.375,0.269214391708374
curv,0.675,0.25,13,1,0.54847574,0.75299764,11,0.42500000000000004,0.2984757423400879
curv,0.7250000000000001,0.25,14,1,0.5765144,0.8533011,11,0.4750000000000001,0.32651442289352417
flat,0.275,0.7500000000000001,0,0,0.44514662,-0.79928184,11,-0.4750000000000001,-0.30485337972641
flat,0.325,0.7500000000000001,1,0,0.47725248,-0.67448485,11,-0.4250000000000001,-0.2727475166320802
flat,0.37500000000000006,0.7500000000000001,2,0,0.5093584,-0.54968774,11,-0.37500000000000006,-0.24064159393310558
flat,0.425,0.7500000000000001,3,0,0.5414643,-0.4248907,11,-0.3250000000000001,-0.20853567123413097
flat,0.475,0.7500000000000001,4,0,0.57357013,-0.30009365,11,-0.27500000000000013,-0.1764298677444459
flat,0.525,0.7500000000000001,5,0,0.6056761,-0.17529666,11,-0.2250000000000001,-0.14432388544082653
flat,0.575,0.7500000000000001,6,0,0.637782,-0.050499618,11,-0.17500000000000016,-0.11221802234649669
flat,0.625,0.7500000000000001,7,0,0.6698879,0.07429755,11,-0.1250000000000001,-0.08011209964752208
flat,0.675,0.7500000000000001,8,0,0.7019938,0.19909465,11,-0.07500000000000007,-0.048006176948547474
flat,0.7250000000000001,0.7500000000000001,9,0,0.7340997,0.32389176,11,-0.025000000000000022,-0.01590031385421764
flat,0.7749999999999999,0.7500000000000001,10,1,0.76620555,0.44868863,11,0.0249999999999998,0.016205549240112194
flat,0.7749999999999999,0.7500000000000001,10,1,0.76620555,0.44868863,11,0.0249999999999998,0.016205549240112194
flat,0.825,0.7500000000000001,11,1,0.79831153,0.57348585,11,0.07499999999999984,0.04831153154373158
flat,0.825,0.7500000000000001,11,1,0.79831153,0.57348585,11,0.07499999999999984,0.04831153154373158
flat,0.8749999999999999,0.7500000000000001,12,1,0.83041745,0.6982829,11,0.12499999999999978,0.08041745424270619
flat,0.8749999999999999,0.7500000000000001,12,1,0.83041745,0.6982829,11,0.12499999999999978,0.08041745424270619
flat,0.9249999999999999,0.7500000000000001,13,1,0.8625233,0.82307994,11,0.17499999999999982,0.11252331733703602
flat,0.9249999999999999,0.7500000000000001,13,1,0.8625233,0.82307994,11,0.17499999999999982,0.11252331733703602
flat,0.975,0.7500000000000001,14,1,0.89200455,0.94584846,11,0.22499999999999987,0.1420045495033263
flat,0.975,0.7500000000000001,14,1,0.89200455,0.94584846,11,0.22499999999999987,0.1420045495033263
base,0.025000000000000022,0.5,0,0,0.21660674,-0.8909857,12,-0.475,-0.2833932638168335
base,0.075,0.5,1,0,0.24576285,-0.79221094,12,-0.425,-0.2542371451854706
base,0.12500000000000003,0.5,2,0,0.27491894,-0.693436,12,-0.375,-0.22508105635643005
base,0.17500000000000002,0.5,3,0,0.30407506,-0.5946611,12,-0.32499999999999996,-0.19592493772506714
base,0.225,0.5,4,0,0.33323118,-0.49588636,12,-0.275,-0.16676881909370422
base,0.275,0.5,5,0,0.36238727,-0.39711148,12,-0.22499999999999998,-0.1376127302646637
base,0.325,0.5,6,0,0.39154333,-0.29833668,12,-0.175,-0.10845667123794556
base,0.37500000000000006,0.5,7,0,0.42069948,-0.19956169,12,-0.12499999999999994,-0.07930052280426025
base,0.425,0.5,8,0,0.4498556,-0.100786775,12,-0.07500000000000001,-0.05014440417289734
base,0.475,0.5,9,0,0.4790117,-0.0020120367,12,-0.025000000000000022,-0.020988285541534424
base,0.525,0.5,10,1,0.50816774,0.09676278,12,0.025000000000000022,0.008167743682861328
base,0.575,0.5,11,1,0.53732383,0.19553769,12,0.07499999999999996,0.037323832511901855
base,0.625,0.5,12,1,0.5664799,0.29431257,12,0.125,0.06647992134094238
base,0.675,0.5,13,1,0.595636,0.39308742,12,0.17500000000000004,0.09563601016998291
base,0.7250000000000001,0.5,14,1,0.6247922,0.49186227,12,0.2250000000000001,0.12479221820831299
base,0.7749999999999999,0.5,15,1,0.6539483,0.5906371,12,0.2749999999999999,0.15394830703735352
base,0.825,0.5,16,1,0.6831044,0.689412,12,0.32499999999999996,0.18310439586639404
base,0.8749999999999999,0.5,17,1,0.7122605,0.7881869,12,0.3749999999999999,0.21226048469543457
base,0.9249999999999999,0.5,18,1,0.7414166,0.8869618,12,0.42499999999999993,0.2414165735244751
base,0.975,0.5,19,1,0.77057266,0.9857366,12,0.475,0.2705726623535156
curv,0.025000000000000022,0.25,0,0,0.16768056,-0.7066208,12,-0.22499999999999998,-0.08231943845748901
curv,0.025000000000000022,0.25,0,0,0.16768056,-0.7066208,12,-0.22499999999999998,-0.08231943845748901
curv,0.075,0.25,1,0,0.17272565,-0.65895176,12,-0.175,-0.07727435231208801
curv,0.075,0.25,1,0,0.17272565,-0.65895176,12,-0.175,-0.07727435231208801
curv,0.12500000000000003,0.25,2,0,0.18156889,-0.59897256,12,-0.12499999999999997,-0.06843110918998718
curv,0.12500000000000003,0.25,2,0,0.18156889,-0.59897256,12,-0.12499999999999997,-0.06843110918998718
curv,0.17500000000000002,0.25,3,0,0.20045169,-0.51368654,12,-0.07499999999999998,-0.04954831302165985
curv,0.17500000000000002,0.25,3,0,0.20045169,-0.51368654,12,-0.07499999999999998,-0.04954831302165985
curv,0.225,0.25,4,0,0.22960779,-0.41491163,12,-0.024999999999999994,-0.02039220929145813
curv,0.225,0.25,4,0,0.22960779,-0.41491163,12,-0.024999999999999994,-0.02039220929145813
curv,0.275,0.25,5,1,0.25876388,-0.31613678,12,0.025000000000000022,0.008763879537582397
curv,0.325,0.25,6,1,0.28792,-0.21736202,12,0.07500000000000001,0.03791999816894531
curv,0.37500000000000006,0.25,7,1,0.3170761,-0.118587084,12,0.12500000000000006,0.06707608699798584
curv,0.425,0.25,8,1,0.3462322,-0.0198121,12,0.175,0.09623220562934875
curv,0.475,0.25,9,1,0.3753883,0.078962624,12,0.22499999999999998,0.12538829445838928
curv,0.525,0.25,10,1,0.40454438,0.1777375,12,0.275,0.1545443832874298
curv,0.575,0.25,11,1,0.43370047,0.27651235,12,0.32499999999999996,0.18370047211647034
curv,0.625,0.25,12,1,0.4628566,0.37528723,12,0.375,0.21285659074783325
curv,0.675,0.25,13,1,0.49201268,0.47406206,12,0.42500000000000004,0.24201267957687378
curv,0.7250000000000001,0.25,14,1,0.5211688,0.572837,12,0.4750000000000001,0.2711688280105591
flat,0.275,0.7500000000000001,0,0,0.46601063,-0.47808614,12,-0.4750000000000001,-0.2839893698692323
flat,0.325,0.7500000000000001,1,0,0.4951667,-0.3793114,12,-0.4250000000000001,-0.25483331084251415
flat,0.37500000000000006,0.7500000000000001,2,0,0.52432287,-0.2805363,12,-0.37500000000000006,-0.22567713260650646
flat,0.425,0.7500000000000001,3,0,0.55347896,-0.18176149,12,-0.3250000000000001,-0.19652104377746593
flat,0.475,0.7500000000000001,4,0,0.58263505,-0.08298664,12,-0.27500000000000013,-0.1673649549484254
flat,0.525,0.7500000000000001,5,0,0.61179113,0.01578822,12,-0.2250000000000001,-0.13820886611938488
flat,0.575,0.7500000000000001,6,0,0.6409472,0.11456296,12,-0.17500000000000016,-0.10905277729034435
flat,0.625,0.7500000000000001,7,0,0.6701033,0.21333787,12,-0.1250000000000001,-0.07989668846130382
flat,0.675,0.7500000000000001,8,0,0.6992594,0.31211263,12,-0.07500000000000007,-0.050740599632263295
flat,0.7250000000000001,0.7500000000000001,9,0,0.72841555,0.4108877,12,-0.025000000000000022,-0.021584451198577992
flat,0.7749999999999999,0.7500000000000001,10,1,0.75757164,0.5096624,12,0.0249999999999998,0.0075716376304625355
flat,0.7749999999999999,0.7500000000000001,10,1,0.75757164,0.5096624,12,0.0249999999999998,0.0075716376304625355
flat,0.825,0.7500000000000001,11,1,0.7867278,0.6084373,12,0.07499999999999984,0.03672778606414784
flat,0.825,0.7500000000000001,11,1,0.7867278,0.6084373,12,0.07499999999999984,0.03672778606414784
flat,0.8749999999999999,0.7500000000000001,12,1,0.8158839,0.7072122,12,0.12499999999999978,0.06588387489318837
flat,0.8749999999999999,0.7500000000000001,12,1,0.8158839,0.7072122,12,0.12499999999999978,0.06588387489318837
flat,0.9249999999999999,0.7500000000000001,13,1,0.84503996,0.805987,12,0.17499999999999982,0.09503996372222889
flat,0.9249999999999999,0.7500000000000001,13,1,0.84503996,0.805987,12,0.17499999999999982,0.09503996372222889
flat,0.975,0.7500000000000001,14,1,0.87419605,0.904762,12,0.22499999999999987,0.12419605255126942
flat,0.975,0.7500000000000001,14,1,0.87419605,0.904762,12,0.22499999999999987,0.12419605255126942
base,0.025000000000000022,0.5,0,0,0.21660674,-0.8909857,12,-0.475,-0.2833932638168335
base,0.075,0.5,1,0,0.24576285,-0.79221094,12,-0.425,-0.2542371451854706
base,0.12500000000000003,0.5,2,0,0.27491894,-0.693436,12,-0.375,-0.22508105635643005
base,0.17500000000000002,0.5,3,0,0.30407506,-0.5946611,12,-0.32499999999999996,-0.19592493772506714
base,0.225,0.5,4,0,0.33323118,-0.49588636,12,-0.275,-0.16676881909370422
base,0.275,0.5,5,0,0.36238727,-0.39711148,12,-0.22499999999999998,-0.1376127302646637
base,0.325,0.5,6,0,0.39154333,-0.29833668,12,-0.175,-0.10845667123794556
base,0.37500000000000006,0.5,7,0,0.42069948,-0.19956169,12,-0.12499999999999994,-0.07930052280426025
base,0.425,0.5,8,0,0.4498556,-0.100786775,12,-0.07500000000000001,-0.05014440417289734
base,0.475,0.5,9,0,0.4790117,-0.0020120367,12,-0.025000000000000022,-0.020988285541534424
base,0.525,0.5,10,1,0.50816774,0.09676278,12,0.025000000000000022,0.008167743682861328
base,0.575,0.5,11,1,0.53732383,0.19553769,12,0.07499999999999996,0.037323832511901855
base,0.625,0.5,12,1,0.5664799,0.29431257,12,0.125,0.06647992134094238
base,0.675,0.5,13,1,0.595636,0.39308742,12,0.17500000000000004,0.09563601016998291
base,0.7250000000000001,0.5,14,1,0.6247922,0.49186227,12,0.2250000000000001,0.12479221820831299
base,0.7749999999999999,0.5,15,1,0.6539483,0.5906371,12,0.2749999999999999,0.15394830703735352
base,0.825,0.5,16,1,0.6831044,0.689412,12,0.32499999999999996,0.18310439586639404
base,0.8749999999999999,0.5,17,1,0.7122605,0.7881869,12,0.3749999999999999,0.21226048469543457
base,0.9249999999999999,0.5,18,1,0.7414166,0.8869618,12,0.42499999999999993,0.2414165735244751
base,0.975,0.5,19,1,0.77057266,0.9857366,12,0.475,0.2705726623535156
curv,0.025000000000000022,0.25,0,0,0.16768056,-0.7066208,12,-0.22499999999999998,-0.08231943845748901
curv,0.025000000000000022,0.25,0,0,0.16768056,-0.7066208,12,-0.22499999999999998,-0.08231943845748901
curv,0.075,0.25,1,0,0.17272565,-0.65895176,12,-0.175,-0.07727435231208801
curv,0.075,0.25,1,0,0.17272565,-0.65895176,12,-0.175,-0.07727435231208801
curv,0.12500000000000003,0.25,2,0,0.18156889,-0.59897256,12,-0.12499999999999997,-0.06843110918998718
curv,0.12500000000000003,0.25,2,0,0.18156889,-0.59897256,12,-0.12499999999999997,-0.06843110918998718
curv,0.17500000000000002,0.25,3,0,0.20045169,-0.51368654,12,-0.07499999999999998,-0.04954831302165985
curv,0.17500000000000002,0.25,3,0,0.20045169,-0.51368654,12,-0.07499999999999998,-0.04954831302165985
curv,0.225,0.25,4,0,0.22960779,-0.41491163,12,-0.024999999999999994,-0.02039220929145813
curv,0.225,0.25,4,0,0.22960779,-0.41491163,12,-0.024999999999999994,-0.02039220929145813
curv,0.275,0.25,5,1,0.25876388,-0.31613678,12,0.025000000000000022,0.008763879537582397
curv,0.325,0.25,6,1,0.28792,-0.21736202,12,0.07500000000000001,0.03791999816894531
curv,0.37500000000000006,0.25,7,1,0.3170761,-0.118587084,12,0.12500000000000006,0.06707608699798584
curv,0.425,0.25,8,1,0.3462322,-0.0198121,12,0.175,0.09623220562934875
curv,0.475,0.25,9,1,0.3753883,0.078962624,12,0.22499999999999998,0.12538829445838928
curv,0.525,0.25,10,1,0.40454438,0.1777375,12,0.275,0.1545443832874298
curv,0.575,0.25,11,1,0.43370047,0.27651235,12,0.32499999999999996,0.18370047211647034
curv,0.625,0.25,12,1,0.4628566,0.37528723,12,0.375,0.21285659074783325
curv,0.675,0.25,13,1,0.49201268,0.47406206,12,0.42500000000000004,0.24201267957687378
curv,0.7250000000000001,0.25,14,1,0.5211688,0.572837,12,0.4750000000000001,0.2711688280105591
flat,0.275,0.7500000000000001,0,0,0.46601063,-0.47808614,12,-0.4750000000000001,-0.2839893698692323
flat,0.325,0.7500000000000001,1,0,0.4951667,-0.3793114,12,-0.4250000000000001,-0.25483331084251415
flat,0.37500000000000006,0.7500000000000001,2,0,0.52432287,-0.2805363,12,-0.37500000000000006,-0.22567713260650646
flat,0.425,0.7500000000000001,3,0,0.55347896,-0.18176149,12,-0.3250000000000001,-0.19652104377746593
flat,0.475,0.7500000000000001,4,0,0.58263505,-0.08298664,12,-0.27500000000000013,-0.1673649549484254
flat,0.525,0.7500000000000001,5,0,0.61179113,0.01578822,12,-0.2250000000000001,-0.13820886611938488
flat,0.575,0.7500000000000001,6,0,0.6409472,0.11456296,12,-0.17500000000000016,-0.10905277729034435
flat,0.625,0.7500000000000001,7,0,0.6701033,0.21333787,12,-0.1250000000000001,-0.07989668846130382
flat,0.675,0.7500000000000001,8,0,0.6992594,0.31211263,12,-0.07500000000000007,-0.050740599632263295
flat,0.7250000000000001,0.7500000000000001,9,0,0.72841555,0.4108877,12,-0.025000000000000022,-0.021584451198577992
flat,0.7749999999999999,0.7500000000000001,10,1,0.75757164,0.5096624,12,0.0249999999999998,0.0075716376304625355
flat,0.7749999999999999,0.7500000000000001,10,1,0.75757164,0.5096624,12,0.0249999999999998,0.0075716376304625355
flat,0.825,0.7500000000000001,11,1,0.7867278,0.6084373,12,0.07499999999999984,0.03672778606414784
flat,0.825,0.7500000000000001,11,1,0.7867278,0.6084373,12,0.07499999999999984,0.03672778606414784
flat,0.8749999999999999,0.7500000000000001,12,1,0.8158839,0.7072122,12,0.12499999999999978,0.06588387489318837
flat,0.8749999999999999,0.7500000000000001,12,1,0.8158839,0.7072122,12,0.12499999999999978,0.06588387489318837
flat,0.9249999999999999,0.7500000000000001,13,1,0.84503996,0.805987,12,0.17499999999999982,0.09503996372222889
flat,0.9249999999999999,0.7500000000000001,13,1,0.84503996,0.805987,12,0.17499999999999982,0.09503996372222889
flat,0.975,0.7500000000000001,14,1,0.87419605,0.904762,12,0.22499999999999987,0.12419605255126942
flat,0.975,0.7500000000000001,14,1,0.87419605,0.904762,12,0.22499999999999987,0.12419605255126942
base,0.025000000000000022,0.5,0,0,0.21660674,-0.8909857,12,-0.475,-0.2833932638168335
base,0.075,0.5,1,0,0.24576285,-0.79221094,12,-0.425,-0.2542371451854706
base,0.12500000000000003,0.5,2,0,0.27491894,-0.693436,12,-0.375,-0.22508105635643005
base,0.17500000000000002,0.5,3,0,0.30407506,-0.5946611,12,-0.32499999999999996,-0.19592493772506714
base,0.225,0.5,4,0,0.33323118,-0.49588636,12,-0.275,-0.16676881909370422
base,0.275,0.5,5,0,0.36238727,-0.39711148,12,-0.22499999999999998,-0.1376127302646637
base,0.325,0.5,6,0,0.39154333,-0.29833668,12,-0.175,-0.10845667123794556
base,0.37500000000000006,0.5,7,0,0.42069948,-0.19956169,12,-0.12499999999999994,-0.07930052280426025
base,0.425,0.5,8,0,0.4498556,-0.100786775,12,-0.07500000000000001,-0.05014440417289734
base,0.475,0.5,9,0,0.4790117,-0.0020120367,12,-0.025000000000000022,-0.020988285541534424
base,0.525,0.5,10,1,0.50816774,0.09676278,12,0.025000000000000022,0.008167743682861328
base,0.575,0.5,11,1,0.53732383,0.19553769,12,0.07499999999999996,0.037323832511901855
base,0.625,0.5,12,1,0.5664799,0.29431257,12,0.125,0.06647992134094238
base,0.675,0.5,13,1,0.595636,0.39308742,12,0.17500000000000004,0.09563601016998291
base,0.7250000000000001,0.5,14,1,0.6247922,0.49186227,12,0.2250000000000001,0.12479221820831299
base,0.7749999999999999,0.5,15,1,0.6539483,0.5906371,12,0.2749999999999999,0.15394830703735352
base,0.825,0.5,16,1,0.6831044,0.689412,12,0.32499999999999996,0.18310439586639404
base,0.8749999999999999,0.5,17,1,0.7122605,0.7881869,12,0.3749999999999999,0.21226048469543457
base,0.9249999999999999,0.5,18,1,0.7414166,0.8869618,12,0.42499999999999993,0.2414165735244751
base,0.975,0.5,19,1,0.77057266,0.9857366,12,0.475,0.2705726623535156
curv,0.025000000000000022,0.25,0,0,0.16768056,-0.7066208,12,-0.22499999999999998,-0.08231943845748901
curv,0.025000000000000022,0.25,0,0,0.16768056,-0.7066208,12,-0.22499999999999998,-0.08231943845748901
curv,0.075,0.25,1,0,0.17272565,-0.65895176,12,-0.175,-0.07727435231208801
curv,0.075,0.25,1,0,0.17272565,-0.65895176,12,-0.175,-0.07727435231208801
curv,0.12500000000000003,0.25,2,0,0.18156889,-0.59897256,12,-0.12499999999999997,-0.06843110918998718
curv,0.12500000000000003,0.25,2,0,0.18156889,-0.59897256,12,-0.12499999999999997,-0.06843110918998718
curv,0.17500000000000002,0.25,3,0,0.20045169,-0.51368654,12,-0.07499999999999998,-0.04954831302165985
curv,0.17500000000000002,0.25,3,0,0.20045169,-0.51368654,12,-0.07499999999999998,-0.04954831302165985
curv,0.225,0.25,4,0,0.22960779,-0.41491163,12,-0.024999999999999994,-0.02039220929145813
curv,0.225,0.25,4,0,0.22960779,-0.41491163,12,-0.024999999999999994,-0.02039220929145813
curv,0.275,0.25,5,1,0.25876388,-0.31613678,12,0.025000000000000022,0.008763879537582397
curv,0.325,0.25,6,1,0.28792,-0.21736202,12,0.07500000000000001,0.03791999816894531
curv,0.37500000000000006,0.25,7,1,0.3170761,-0.118587084,12,0.12500000000000006,0.06707608699798584
curv,0.425,0.25,8,1,0.3462322,-0.0198121,12,0.175,0.09623220562934875
curv,0.475,0.25,9,1,0.3753883,0.078962624,12,0.22499999999999998,0.12538829445838928
curv,0.525,0.25,10,1,0.40454438,0.1777375,12,0.275,0.1545443832874298
curv,0.575,0.25,11,1,0.43370047,0.27651235,12,0.32499999999999996,0.18370047211647034
curv,0.625,0.25,12,1,0.4628566,0.37528723,12,0.375,0.21285659074783325
curv,0.675,0.25,13,1,0.49201268,0.47406206,12,0.42500000000000004,0.24201267957687378
curv,0.7250000000000001,0.25,14,1,0.5211688,0.572837,12,0.4750000000000001,0.2711688280105591
flat,0.275,0.7500000000000001,0,0,0.46601063,-0.47808614,12,-0.4750000000000001,-0.2839893698692323
flat,0.325,0.7500000000000001,1,0,0.4951667,-0.3793114,12,-0.4250000000000001,-0.25483331084251415
flat,0.37500000000000006,0.7500000000000001,2,0,0.52432287,-0.2805363,12,-0.37500000000000006,-0.22567713260650646
flat,0.425,0.7500000000000001,3,0,0.55347896,-0.18176149,12,-0.3250000000000001,-0.19652104377746593
flat,0.475,0.7500000000000001,4,0,0.58263505,-0.08298664,12,-0.27500000000000013,-0.1673649549484254
flat,0.525,0.7500000000000001,5,0,0.61179113,0.01578822,12,-0.2250000000000001,-0.13820886611938488
flat,0.575,0.7500000000000001,6,0,0.6409472,0.11456296,12,-0.17500000000000016,-0.10905277729034435
flat,0.625,0.7500000000000001,7,0,0.6701033,0.21333787,12,-0.1250000000000001,-0.07989668846130382
flat,0.675,0.7500000000000001,8,0,0.6992594,0.31211263,12,-0.07500000000000007,-0.050740599632263295
flat,0.7250000000000001,0.7500000000000001,9,0,0.72841555,0.4108877,12,-0.025000000000000022,-0.021584451198577992
flat,0.7749999999999999,0.7500000000000001,10,1,0.75757164,0.5096624,12,0.0249999999999998,0.0075716376304625355
flat,0.7749999999999999,0.7500000000000001,10,1,0.75757164,0.5096624,12,0.0249999999999998,0.0075716376304625355
flat,0.825,0.7500000000000001,11,1,0.7867278,0.6084373,12,0.07499999999999984,0.03672778606414784
flat,0.825,0.7500000000000001,11,1,0.7867278,0.6084373,12,0.07499999999999984,0.03672778606414784
flat,0.8749999999999999,0.7500000000000001,12,1,0.8158839,0.7072122,12,0.12499999999999978,0.06588387489318837
flat,0.8749999999999999,0.7500000000000001,12,1,0.8158839,0.7072122,12,0.12499999999999978,0.06588387489318837
flat,0.9249999999999999,0.7500000000000001,13,1,0.84503996,0.805987,12,0.17499999999999982,0.09503996372222889
flat,0.9249999999999999,0.7500000000000001,13,1,0.84503996,0.805987,12,0.17499999999999982,0.09503996372222889
flat,0.975,0.7500000000000001,14,1,0.87419605,0.904762,12,0.22499999999999987,0.12419605255126942
flat,0.975,0.7500000000000001,14,1,0.87419605,0.904762,12,0.22499999999999987,0.12419605255126942
base,0.025000000000000022,0.5,0,0,0.21660674,-0.8909857,12,-0.475,-0.2833932638168335
base,0.075,0.5,1,0,0.24576285,-0.79221094,12,-0.425,-0.2542371451854706
base,0.12500000000000003,0.5,2,0,0.27491894,-0.693436,12,-0.375,-0.22508105635643005
base,0.17500000000000002,0.5,3,0,0.30407506,-0.5946611,12,-0.32499999999999996,-0.19592493772506714
base,0.225,0.5,4,0,0.33323118,-0.49588636,12,-0.275,-0.16676881909370422
base,0.275,0.5,5,0,0.36238727,-0.39711148,12,-0.22499999999999998,-0.1376127302646637
base,0.325,0.5,6,0,0.39154333,-0.29833668,12,-0.175,-0.10845667123794556
base,0.37500000000000006,0.5,7,0,0.42069948,-0.19956169,12,-0.12499999999999994,-0.07930052280426025
base,0.425,0.5,8,0,0.4498556,-0.100786775,12,-0.07500000000000001,-0.05014440417289734
base,0.475,0.5,9,0,0.4790117,-0.0020120367,12,-0.025000000000000022,-0.020988285541534424
base,0.525,0.5,10,1,0.50816774,0.09676278,12,0.025000000000000022,0.008167743682861328
base,0.575,0.5,11,1,0.53732383,0.19553769,12,0.07499999999999996,0.037323832511901855
base,0.625,0.5,12,1,0.5664799,0.29431257,12,0.125,0.06647992134094238
base,0.675,0.5,13,1,0.595636,0.39308742,12,0.17500000000000004,0.09563601016998291
base,0.7250000000000001,0.5,14,1,0.6247922,0.49186227,12,0.2250000000000001,0.12479221820831299
base,0.7749999999999999,0.5,15,1,0.6539483,0.5906371,12,0.2749999999999999,0.15394830703735352
base,0.825,0.5,16,1,0.6831044,0.689412,12,0.32499999999999996,0.18310439586639404
base,0.8749999999999999,0.5,17,1,0.7122605,0.7881869,12,0.3749999999999999,0.21226048469543457
base,0.9249999999999999,0.5,18,1,0.7414166,0.8869618,12,0.42499999999999993,0.2414165735244751
base,0.975,0.5,19,1,0.77057266,0.9857366,12,0.475,0.2705726623535156
curv,0.025000000000000022,0.25,0,0,0.16768056,-0.7066208,12,-0.22499999999999998,-0.08231943845748901
curv,0.025000000000000022,0.25,0,0,0.16768056,-0.7066208,12,-0.22499999999999998,-0.08231943845748901
curv,0.075,0.25,1,0,0.17272565,-0.65895176,12,-0.175,-0.07727435231208801
curv,0.075,0.25,1,0,0.17272565,-0.65895176,12,-0.175,-0.07727435231208801
curv,0.12500000000000003,0.25,2,0,0.18156889,-0.59897256,12,-0.12499999999999997,-0.06843110918998718
curv,0.12500000000000003,0.25,2,0,0.18156889,-0.59897256,12,-0.12499999999999997,-0.06843110918998718
curv,0.17500000000000002,0.25,3,0,0.20045169,-0.51368654,12,-0.07499999999999998,-0.04954831302165985
curv,0.17500000000000002,0.25,3,0,0.20045169,-0.51368654,12,-0.07499999999999998,-0.04954831302165985
curv,0.225,0.25,4,0,0.22960779,-0.41491163,12,-0.024999999999999994,-0.02039220929145813
curv,0.225,0.25,4,0,0.22960779,-0.41491163,12,-0.024999999999999994,-0.02039220929145813
curv,0.275,0.25,5,1,0.25876388,-0.31613678,12,0.025000000000000022,0.008763879537582397
curv,0.325,0.25,6,1,0.28792,-0.21736202,12,0.07500000000000001,0.03791999816894531
curv,0.37500000000000006,0.25,7,1,0.3170761,-0.118587084,12,0.12500000000000006,0.06707608699798584
curv,0.425,0.25,8,1,0.3462322,-0.0198121,12,0.175,0.09623220562934875
curv,0.475,0.25,9,1,0.3753883,0.078962624,12,0.22499999999999998,0.12538829445838928
curv,0.525,0.25,10,1,0.40454438,0.1777375,12,0.275,0.1545443832874298
curv,0.575,0.25,11,1,0.43370047,0.27651235,12,0.32499999999999996,0.18370047211647034
curv,0.625,0.25,12,1,0.4628566,0.37528723,12,0.375,0.21285659074783325
curv,0.675,0.25,13,1,0.49201268,0.47406206,12,0.42500000000000004,0.24201267957687378
curv,0.7250000000000001,0.25,14,1,0.5211688,0.572837,12,0.4750000000000001,0.2711688280105591
flat,0.275,0.7500000000000001,0,0,0.46601063,-0.47808614,12,-0.4750000000000001,-0.2839893698692323
flat,0.325,0.7500000000000001,1,0,0.4951667,-0.3793114,12,-0.4250000000000001,-0.25483331084251415
flat,0.37500000000000006,0.7500000000000001,2,0,0.52432287,-0.2805363,12,-0.37500000000000006,-0.22567713260650646
flat,0.425,0.7500000000000001,3,0,0.55347896,-0.18176149,12,-0.3250000000000001,-0.19652104377746593
flat,0.475,0.7500000000000001,4,0,0.58263505,-0.08298664,12,-0.27500000000000013,-0.1673649549484254
flat,0.525,0.7500000000000001,5,0,0.61179113,0.01578822,12,-0.2250000000000001,-0.13820886611938488
flat,0.575,0.7500000000000001,6,0,0.6409472,0.11456296,12,-0.17500000000000016,-0.10905277729034435
flat,0.625,0.7500000000000001,7,0,0.6701033,0.21333787,12,-0.1250000000000001,-0.07989668846130382
flat,0.675,0.7500000000000001,8,0,0.6992594,0.31211263,12,-0.07500000000000007,-0.050740599632263295
flat,0.7250000000000001,0.7500000000000001,9,0,0.72841555,0.4108877,12,-0.025000000000000022,-0.021584451198577992
flat,0.7749999999999999,0.7500000000000001,10,1,0.75757164,0.5096624,12,0.0249999999999998,0.0075716376304625355
flat,0.7749999999999999,0.7500000000000001,10,1,0.75757164,0.5096624,12,0.0249999999999998,0.0075716376304625355
flat,0.825,0.7500000000000001,11,1,0.7867278,0.6084373,12,0.07499999999999984,0.03672778606414784
flat,0.825,0.7500000000000001,11,1,0.7867278,0.6084373,12,0.07499999999999984,0.03672778606414784
flat,0.8749999999999999,0.7500000000000001,12,1,0.8158839,0.7072122,12,0.12499999999999978,0.06588387489318837
flat,0.8749999999999999,0.7500000000000001,12,1,0.8158839,0.7072122,12,0.12499999999999978,0.06588387489318837
flat,0.9249999999999999,0.7500000000000001,13,1,0.84503996,0.805987,12,0.17499999999999982,0.09503996372222889
flat,0.9249999999999999,0.7500000000000001,13,1,0.84503996,0.805987,12,0.17499999999999982,0.09503996372222889
flat,0.975,0.7500000000000001,14,1,0.87419605,0.904762,12,0.22499999999999987,0.12419605255126942
flat,0.975,0.7500000000000001,14,1,0.87419605,0.904762,12,0.22499999999999987,0.12419605255126942
base,0.025000000000000022,0.5,0,0,0.15459332,-0.978662,13,-0.475,-0.3454066812992096
base,0.075,0.5,1,0,0.19251125,-0.87035984,13,-0.425,-0.3074887543916702
base,0.12500000000000003,0.5,2,0,0.23188724,-0.7597324,13,-0.375,-0.26811276376247406
base,0.17500000000000002,0.5,3,0,0.27126324,-0.6491052,13,-0.32499999999999996,-0.2287367582321167
base,0.225,0.5,4,0,0.3106393,-0.5384778,13,-0.275,-0.18936070799827576
base,0.275,0.5,5,0,0.3500153,-0.42785048,13,-0.22499999999999998,-0.1499846875667572
base,0.325,0.5,6,0,0.3893913,-0.3172232,13,-0.175,-0.11060869693756104
base,0.37500000000000006,0.5,7,0,0.42876726,-0.20659587,13,-0.12499999999999994,-0.07123273611068726
base,0.425,0.5,8,0,0.4681433,-0.095968366,13,-0.07500000000000001,-0.031856685876846313
base,0.475,0.5,9,0,0.5075193,0.014658928,13,-0.025000000000000022,0.0075193047523498535
base,0.525,0.5,10,1,0.54689527,0.12528622,13,0.025000000000000022,0.04689526557922363
base,0.575,0.5,11,1,0.5862713,0.23591357,13,0.07499999999999996,0.08627128601074219
base,0.625,0.5,12,1,0.62564737,0.346541,13,0.125,0.12564736604690552
base,0.675,0.5,13,1,0.6650233,0.4571684,13,0.17500000000000004,0.1650233268737793
base,0.7250000000000001,0.5,14,1,0.70439935,0.5677957,13,0.2250000000000001,0.20439934730529785
base,0.7749999999999999,0.5,15,1,0.74377537,0.678423,13,0.2749999999999999,0.2437753677368164
base,0.825,0.5,16,1,0.78315145,0.7890505,13,0.32499999999999996,0.28315144777297974
base,0.8749999999999999,0.5,17,1,0.82252735,0.8996777,13,0.3749999999999999,0.32252734899520874
base,0.9249999999999999,0.5,18,1,0.86187583,1.0106087,13,0.42499999999999993,0.36187583208084106
base,0.975,0.5,19,1,0.89069426,1.1007745,13,0.475,0.390694260597229
curv,0.025000000000000022,0.25,0,0,0.089790955,-0.96749085,13,-0.22499999999999998,-0.1602090448141098
curv,0.025000000000000022,0.25,0,0,0.089790955,-0.96749085,13,-0.22499999999999998,-0.1602090448141098
curv,0.075,0.25,1,0,0.122632265,-0.8672846,13,-0.175,-0.12736773490905762
curv,0.075,0.25,1,0,0.122632265,-0.8672846,13,-0.175,-0.12736773490905762
curv,0.12500000000000003,0.25,2,0,0.16200826,-0.75665724,13,-0.12499999999999997,-0.08799174427986145
curv,0.12500000000000003,0.25,2,0,0.16200826,-0.75665724,13,-0.12499999999999997,-0.08799174427986145
curv,0.17500000000000002,0.25,3,0,0.20138422,-0.64602995,13,-0.07499999999999998,-0.04861578345298767
curv,0.17500000000000002,0.25,3,0,0.20138422,-0.64602995,13,-0.07499999999999998,-0.04861578345298767
curv,0.225,0.25,4,0,0.24076027,-0.5354025,13,-0.024999999999999994,-0.009239733219146729
curv,0.225,0.25,4,0,0.24076027,-0.5354025,13,-0.024999999999999994,-0.009239733219146729
curv,0.275,0.25,5,1,0.2801363,-0.42477512,13,0.025000000000000022,0.030136287212371826
curv,0.325,0.25,6,1,0.31951228,-0.3141478,13,0.07500000000000001,0.069512277841568
curv,0.37500000000000006,0.25,7,1,0.3588883,-0.20352045,13,0.12500000000000006,0.10888829827308655
curv,0.425,0.25,8,1,0.39826435,-0.092893064,13,0.175,0.1482643485069275
curv,0.475,0.25,9,1,0.4376403,0.01773423,13,0.22499999999999998,0.18764030933380127
curv,0.525,0.25,10,1,0.47701627,0.12836152,13,0.275,0.22701627016067505
curv,0.575,0.25,11,1,0.5163923,0.23898894,13,0.32499999999999996,0.2663922905921936
curv,0.625,0.25,12,1,0.5557684,0.3496163,13,0.375,0.30576837062835693
curv,0.675,0.25,13,1,0.59514433,0.46024364,13,0.42500000000000004,0.3451443314552307
curv,0.7250000000000001,0.25,14,1,0.63452035,0.570871,13,0.4750000000000001,0.38452035188674927
flat,0.275,0.7500000000000001,0,0,0.41989434,-0.4309258,13,-0.4750000000000001,-0.33010566234588634
flat,0.325,0.7500000000000001,1,0,0.45927033,-0.32029843,13,-0.4250000000000001,-0.2907296717166902
flat,0.37500000000000006,0.7500000000000001,2,0,0.49864632,-0.20967108,13,-0.37500000000000006,-0.251353681087494
flat,0.425,0.7500000000000001,3,0,0.53802234,-0.09904365,13,-0.3250000000000001,-0.21197766065597545
flat,0.475,0.7500000000000001,4,0,0.57739836,0.011583626,13,-0.27500000000000013,-0.1726016402244569
flat,0.525,0.7500000000000001,5,0,0.6167192,0.1228188,13,-0.2250000000000001,-0.13328081369400036
flat,0.575,0.7500000000000001,6,0,0.6553124,0.24207896,13,-0.17500000000000016,-0.094687581062317
flat,0.625,0.7500000000000001,7,0,0.6939056,0.36133903,13,-0.1250000000000001,-0.05609440803527843
flat,0.675,0.7500000000000001,8,0,0.73249876,0.480599,13,-0.07500000000000007,-0.017501235008239857
flat,0.7250000000000001,0.7500000000000001,9,0,0.771092,0.59985906,13,-0.025000000000000022,0.021091997623443492
flat,0.7749999999999999,0.7500000000000001,10,1,0.8096852,0.719119,13,0.0249999999999998,0.05968517065048207
flat,0.7749999999999999,0.7500000000000001,10,1,0.8096852,0.719119,13,0.0249999999999998,0.05968517065048207
flat,0.825,0.7500000000000001,11,1,0.84827834,0.8383791,13,0.07499999999999984,0.09827834367752064
flat,0.825,0.7500000000000001,11,1,0.84827834,0.8383791,13,0.07499999999999984,0.09827834367752064
flat,0.8749999999999999,0.7500000000000001,12,1,0.8868715,0.95763916,13,0.12499999999999978,0.13687151670455922
flat,0.8749999999999999,0.7500000000000001,12,1,0.8868715,0.95763916,13,0.12499999999999978,0.13687151670455922
flat,0.9249999999999999,0.7500000000000001,13,1,0.9218035,1.0660369,13,0.17499999999999982,0.17180347442626942
flat,0.9249999999999999,0.7500000000000001,13,1,0.9218035,1.0660369,13,0.17499999999999982,0.17180347442626942
flat,0.975,0.7500000000000001,14,1,0.9468947,1.1451349,13,0.22499999999999987,0.19689470529556263
flat,0.975,0.7500000000000001,14,1,0.9468947,1.1451349,13,0.22499999999999987,0.19689470529556263
base,0.025000000000000022,0.5,0,0,0.15459332,-0.978662,13,-0.475,-0.3454066812992096
base,0.075,0.5,1,0,0.19251125,-0.87035984,13,-0.425,-0.3074887543916702
base,0.12500000000000003,0.5,2,0,0.23188724,-0.7597324,13,-0.375,-0.26811276376247406
base,0.17500000000000002,0.5,3,0,0.27126324,-0.6491052,13,-0.32499999999999996,-0.2287367582321167
base,0.225,0.5,4,0,0.3106393,-0.5384778,13,-0.275,-0.18936070799827576
base,0.275,0.5,5,0,0.3500153,-0.42785048,13,-0.22499999999999998,-0.1499846875667572
base,0.325,0.5,6,0,0.3893913,-0.3172232,13,-0.175,-0.11060869693756104
base,0.37500000000000006,0.5,7,0,0.42876726,-0.20659587,13,-0.12499999999999994,-0.07123273611068726
base,0.425,0.5,8,0,0.4681433,-0.095968366,13,-0.07500000000000001,-0.031856685876846313
base,0.475,0.5,9,0,0.5075193,0.014658928,13,-0.025000000000000022,0.0075193047523498535
base,0.525,0.5,10,1,0.54689527,0.12528622,13,0.025000000000000022,0.04689526557922363
base,0.575,0.5,11,1,0.5862713,0.23591357,13,0.07499999999999996,0.08627128601074219
base,0.625,0.5,12,1,0.62564737,0.346541,13,0.125,0.12564736604690552
base,0.675,0.5,13,1,0.6650233,0.4571684,13,0.17500000000000004,0.1650233268737793
base,0.7250000000000001,0.5,14,1,0.70439935,0.5677957,13,0.2250000000000001,0.20439934730529785
base,0.7749999999999999,0.5,15,1,0.74377537,0.678423,13,0.2749999999999999,0.2437753677368164
base,0.825,0.5,16,1,0.78315145,0.7890505,13,0.32499999999999996,0.28315144777297974
base,0.8749999999999999,0.5,17,1,0.82252735,0.8996777,13,0.3749999999999999,0.32252734899520874
base,0.9249999999999999,0.5,18,1,0.86187583,1.0106087,13,0.42499999999999993,0.36187583208084106
base,0.975,0.5,19,1,0.89069426,1.1007745,13,0.475,0.390694260597229
curv,0.025000000000000022,0.25,0,0,0.089790955,-0.96749085,13,-0.22499999999999998,-0.1602090448141098
curv,0.025000000000000022,0.25,0,0,0.089790955,-0.96749085,13,-0.22499999999999998,-0.1602090448141098
curv,0.075,0.25,1,0,0.122632265,-0.8672846,13,-0.175,-0.12736773490905762
curv,0.075,0.25,1,0,0.122632265,-0.8672846,13,-0.175,-0.12736773490905762
curv,0.12500000000000003,0.25,2,0,0.16200826,-0.75665724,13,-0.12499999999999997,-0.08799174427986145
curv,0.12500000000000003,0.25,2,0,0.16200826,-0.75665724,13,-0.12499999999999997,-0.08799174427986145
curv,0.17500000000000002,0.25,3,0,0.20138422,-0.64602995,13,-0.07499999999999998,-0.04861578345298767
curv,0.17500000000000002,0.25,3,0,0.20138422,-0.64602995,13,-0.07499999999999998,-0.04861578345298767
curv,0.225,0.25,4,0,0.24076027,-0.5354025,13,-0.024999999999999994,-0.009239733219146729
curv,0.225,0.25,4,0,0.24076027,-0.5354025,13,-0.024999999999999994,-0.009239733219146729
curv,0.275,0.25,5,1,0.2801363,-0.42477512,13,0.025000000000000022,0.030136287212371826
curv,0.325,0.25,6,1,0.31951228,-0.3141478,13,0.07500000000000001,0.069512277841568
curv,0.37500000000000006,0.25,7,1,0.3588883,-0.20352045,13,0.12500000000000006,0.10888829827308655
curv,0.425,0.25,8,1,0.39826435,-0.092893064,13,0.175,0.1482643485069275
curv,0.475,0.25,9,1,0.4376403,0.01773423,13,0.22499999999999998,0.18764030933380127
curv,0.525,0.25,10,1,0.47701627,0.12836152,13,0.275,0.22701627016067505
curv,0.575,0.25,11,1,0.5163923,0.23898894,13,0.32499999999999996,0.2663922905921936
curv,0.625,0.25,12,1,0.5557684,0.3496163,13,0.375,0.30576837062835693
curv,0.675,0.25,13,1,0.59514433,0.46024364,13,0.42500000000000004,0.3451443314552307
curv,0.7250000000000001,0.25,14,1,0.63452035,0.570871,13,0.4750000000000001,0.38452035188674927
flat,0.275,0.7500000000000001,0,0,0.41989434,-0.4309258,13,-0.4750000000000001,-0.33010566234588634
flat,0.325,0.7500000000000001,1,0,0.45927033,-0.32029843,13,-0.4250000000000001,-0.2907296717166902
flat,0.37500000000000006,0.7500000000000001,2,0,0.49864632,-0.20967108,13,-0.37500000000000006,-0.251353681087494
flat,0.425,0.7500000000000001,3,0,0.53802234,-0.09904365,13,-0.3250000000000001,-0.21197766065597545
flat,0.475,0.7500000000000001,4,0,0.57739836,0.011583626,13,-0.27500000000000013,-0.1726016402244569
flat,0.525,0.7500000000000001,5,0,0.6167192,0.1228188,13,-0.2250000000000001,-0.13328081369400036
flat,0.575,0.7500000000000001,6,0,0.6553124,0.24207896,13,-0.17500000000000016,-0.094687581062317
flat,0.625,0.7500000000000001,7,0,0.6939056,0.36133903,13,-0.1250000000000001,-0.05609440803527843
flat,0.675,0.7500000000000001,8,0,0.73249876,0.480599,13,-0.07500000000000007,-0.017501235008239857
flat,0.7250000000000001,0.7500000000000001,9,0,0.771092,0.59985906,13,-0.025000000000000022,0.021091997623443492
flat,0.7749999999999999,0.7500000000000001,10,1,0.8096852,0.719119,13,0.0249999999999998,0.05968517065048207
flat,0.7749999999999999,0.7500000000000001,10,1,0.8096852,0.719119,13,0.0249999999999998,0.05968517065048207
flat,0.825,0.7500000000000001,11,1,0.84827834,0.8383791,13,0.07499999999999984,0.09827834367752064
flat,0.825,0.7500000000000001,11,1,0.84827834,0.8383791,13,0.07499999999999984,0.09827834367752064
flat,0.8749999999999999,0.7500000000000001,12,1,0.8868715,0.95763916,13,0.12499999999999978,0.13687151670455922
flat,0.8749999999999999,0.7500000000000001,12,1,0.8868715,0.95763916,13,0.12499999999999978,0.13687151670455922
flat,0.9249999999999999,0.7500000000000001,13,1,0.9218035,1.0660369,13,0.17499999999999982,0.17180347442626942
flat,0.9249999999999999,0.7500000000000001,13,1,0.9218035,1.0660369,13,0.17499999999999982,0.17180347442626942
flat,0.975,0.7500000000000001,14,1,0.9468947,1.1451349,13,0.22499999999999987,0.19689470529556263
flat,0.975,0.7500000000000001,14,1,0.9468947,1.1451349,13,0.22499999999999987,0.19689470529556263
base,0.025000000000000022,0.5,0,0,0.15459332,-0.978662,13,-0.475,-0.3454066812992096
base,0.075,0.5,1,0,0.19251125,-0.87035984,13,-0.425,-0.3074887543916702
base,0.12500000000000003,0.5,2,0,0.23188724,-0.7597324,13,-0.375,-0.26811276376247406
base,0.17500000000000002,0.5,3,0,0.27126324,-0.6491052,13,-0.32499999999999996,-0.2287367582321167
base,0.225,0.5,4,0,0.3106393,-0.5384778,13,-0.275,-0.18936070799827576
base,0.275,0.5,5,0,0.3500153,-0.42785048,13,-0.22499999999999998,-0.1499846875667572
base,0.325,0.5,6,0,0.3893913,-0.3172232,13,-0.175,-0.11060869693756104
base,0.37500000000000006,0.5,7,0,0.42876726,-0.20659587,13,-0.12499999999999994,-0.07123273611068726
base,0.425,0.5,8,0,0.4681433,-0.095968366,13,-0.07500000000000001,-0.031856685876846313
base,0.475,0.5,9,0,0.5075193,0.014658928,13,-0.025000000000000022,0.0075193047523498535
base,0.525,0.5,10,1,0.54689527,0.12528622,13,0.025000000000000022,0.04689526557922363
base,0.575,0.5,11,1,0.5862713,0.23591357,13,0.07499999999999996,0.08627128601074219
base,0.625,0.5,12,1,0.62564737,0.346541,13,0.125,0.12564736604690552
base,0.675,0.5,13,1,0.6650233,0.4571684,13,0.17500000000000004,0.1650233268737793
base,0.7250000000000001,0.5,14,1,0.70439935,0.5677957,13,0.2250000000000001,0.20439934730529785
base,0.7749999999999999,0.5,15,1,0.74377537,0.678423,13,0.2749999999999999,0.2437753677368164
base,0.825,0.5,16,1,0.78315145,0.7890505,13,0.32499999999999996,0.28315144777297974
base,0.8749999999999999,0.5,17,1,0.82252735,0.8996777,13,0.3749999999999999,0.32252734899520874
base,0.9249999999999999,0.5,18,1,0.86187583,1.0106087,13,0.42499999999999993,0.36187583208084106
base,0.975,0.5,19,1,0.89069426,1.1007745,13,0.475,0.390694260597229
curv,0.025000000000000022,0.25,0,0,0.089790955,-0.96749085,13,-0.22499999999999998,-0.1602090448141098
curv,0.025000000000000022,0.25,0,0,0.089790955,-0.96749085,13,-0.22499999999999998,-0.1602090448141098
curv,0.075,0.25,1,0,0.122632265,-0.8672846,13,-0.175,-0.12736773490905762
curv,0.075,0.25,1,0,0.122632265,-0.8672846,13,-0.175,-0.12736773490905762
curv,0.12500000000000003,0.25,2,0,0.16200826,-0.75665724,13,-0.12499999999999997,-0.08799174427986145
curv,0.12500000000000003,0.25,2,0,0.16200826,-0.75665724,13,-0.12499999999999997,-0.08799174427986145
curv,0.17500000000000002,0.25,3,0,0.20138422,-0.64602995,13,-0.07499999999999998,-0.04861578345298767
curv,0.17500000000000002,0.25,3,0,0.20138422,-0.64602995,13,-0.07499999999999998,-0.04861578345298767
curv,0.225,0.25,4,0,0.24076027,-0.5354025,13,-0.024999999999999994,-0.009239733219146729
curv,0.225,0.25,4,0,0.24076027,-0.5354025,13,-0.024999999999999994,-0.009239733219146729
curv,0.275,0.25,5,1,0.2801363,-0.42477512,13,0.025000000000000022,0.030136287212371826
curv,0.325,0.25,6,1,0.31951228,-0.3141478,13,0.07500000000000001,0.069512277841568
curv,0.37500000000000006,0.25,7,1,0.3588883,-0.20352045,13,0.12500000000000006,0.10888829827308655
curv,0.425,0.25,8,1,0.39826435,-0.092893064,13,0.175,0.1482643485069275
curv,0.475,0.25,9,1,0.4376403,0.01773423,13,0.22499999999999998,0.18764030933380127
curv,0.525,0.25,10,1,0.47701627,0.12836152,13,0.275,0.22701627016067505
curv,0.575,0.25,11,1,0.5163923,0.23898894,13,0.32499999999999996,0.2663922905921936
curv,0.625,0.25,12,1,0.5557684,0.3496163,13,0.375,0.30576837062835693
curv,0.675,0.25,13,1,0.59514433,0.46024364,13,0.42500000000000004,0.3451443314552307
curv,0.7250000000000001,0.25,14,1,0.63452035,0.570871,13,0.4750000000000001,0.38452035188674927
flat,0.275,0.7500000000000001,0,0,0.41989434,-0.4309258,13,-0.4750000000000001,-0.33010566234588634
flat,0.325,0.7500000000000001,1,0,0.45927033,-0.32029843,13,-0.4250000000000001,-0.2907296717166902
flat,0.37500000000000006,0.7500000000000001,2,0,0.49864632,-0.20967108,13,-0.37500000000000006,-0.251353681087494
flat,0.425,0.7500000000000001,3,0,0.53802234,-0.09904365,13,-0.3250000000000001,-0.21197766065597545
flat,0.475,0.7500000000000001,4,0,0.57739836,0.011583626,13,-0.27500000000000013,-0.1726016402244569
flat,0.525,0.7500000000000001,5,0,0.6167192,0.1228188,13,-0.2250000000000001,-0.13328081369400036
flat,0.575,0.7500000000000001,6,0,0.6553124,0.24207896,13,-0.17500000000000016,-0.094687581062317
flat,0.625,0.7500000000000001,7,0,0.6939056,0.36133903,13,-0.1250000000000001,-0.05609440803527843
flat,0.675,0.7500000000000001,8,0,0.73249876,0.480599,13,-0.07500000000000007,-0.017501235008239857
flat,0.7250000000000001,0.7500000000000001,9,0,0.771092,0.59985906,13,-0.025000000000000022,0.021091997623443492
flat,0.7749999999999999,0.7500000000000001,10,1,0.8096852,0.719119,13,0.0249999999999998,0.05968517065048207
flat,0.7749999999999999,0.7500000000000001,10,1,0.8096852,0.719119,13,0.0249999999999998,0.05968517065048207
flat,0.825,0.7500000000000001,11,1,0.84827834,0.8383791,13,0.07499999999999984,0.09827834367752064
flat,0.825,0.7500000000000001,11,1,0.84827834,0.8383791,13,0.07499999999999984,0.09827834367752064
flat,0.8749999999999999,0.7500000000000001,12,1,0.8868715,0.95763916,13,0.12499999999999978,0.13687151670455922
flat,0.8749999999999999,0.7500000000000001,12,1,0.8868715,0.95763916,13,0.12499999999999978,0.13687151670455922
flat,0.9249999999999999,0.7500000000000001,13,1,0.9218035,1.0660369,13,0.17499999999999982,0.17180347442626942
flat,0.9249999999999999,0.7500000000000001,13,1,0.9218035,1.0660369,13,0.17499999999999982,0.17180347442626942
flat,0.975,0.7500000000000001,14,1,0.9468947,1.1451349,13,0.22499999999999987,0.19689470529556263
flat,0.975,0.7500000000000001,14,1,0.9468947,1.1451349,13,0.22499999999999987,0.19689470529556263
base,0.025000000000000022,0.5,0,0,0.15459332,-0.978662,13,-0.475,-0.3454066812992096
base,0.075,0.5,1,0,0.19251125,-0.87035984,13,-0.425,-0.3074887543916702
base,0.12500000000000003,0.5,2,0,0.23188724,-0.7597324,13,-0.375,-0.26811276376247406
base,0.17500000000000002,0.5,3,0,0.27126324,-0.6491052,13,-0.32499999999999996,-0.2287367582321167
base,0.225,0.5,4,0,0.3106393,-0.5384778,13,-0.275,-0.18936070799827576
base,0.275,0.5,5,0,0.3500153,-0.42785048,13,-0.22499999999999998,-0.1499846875667572
base,0.325,0.5,6,0,0.3893913,-0.3172232,13,-0.175,-0.11060869693756104
base,0.37500000000000006,0.5,7,0,0.42876726,-0.20659587,13,-0.12499999999999994,-0.07123273611068726
base,0.425,0.5,8,0,0.4681433,-0.095968366,13,-0.07500000000000001,-0.031856685876846313
base,0.475,0.5,9,0,0.5075193,0.014658928,13,-0.025000000000000022,0.0075193047523498535
base,0.525,0.5,10,1,0.54689527,0.12528622,13,0.025000000000000022,0.04689526557922363
base,0.575,0.5,11,1,0.5862713,0.23591357,13,0.07499999999999996,0.08627128601074219
base,0.625,0.5,12,1,0.62564737,0.346541,13,0.125,0.12564736604690552
base,0.675,0.5,13,1,0.6650233,0.4571684,13,0.17500000000000004,0.1650233268737793
base,0.7250000000000001,0.5,14,1,0.70439935,0.5677957,13,0.2250000000000001,0.20439934730529785
base,0.7749999999999999,0.5,15,1,0.74377537,0.678423,13,0.2749999999999999,0.2437753677368164
base,0.825,0.5,16,1,0.78315145,0.7890505,13,0.32499999999999996,0.28315144777297974
base,0.8749999999999999,0.5,17,1,0.82252735,0.8996777,13,0.3749999999999999,0.32252734899520874
base,0.9249999999999999,0.5,18,1,0.86187583,1.0106087,13,0.42499999999999993,0.36187583208084106
base,0.975,0.5,19,1,0.89069426,1.1007745,13,0.475,0.390694260597229
curv,0.025000000000000022,0.25,0,0,0.089790955,-0.96749085,13,-0.22499999999999998,-0.1602090448141098
curv,0.025000000000000022,0.25,0,0,0.089790955,-0.96749085,13,-0.22499999999999998,-0.1602090448141098
curv,0.075,0.25,1,0,0.122632265,-0.8672846,13,-0.175,-0.12736773490905762
curv,0.075,0.25,1,0,0.122632265,-0.8672846,13,-0.175,-0.12736773490905762
curv,0.12500000000000003,0.25,2,0,0.16200826,-0.75665724,13,-0.12499999999999997,-0.08799174427986145
curv,0.12500000000000003,0.25,2,0,0.16200826,-0.75665724,13,-0.12499999999999997,-0.08799174427986145
curv,0.17500000000000002,0.25,3,0,0.20138422,-0.64602995,13,-0.07499999999999998,-0.04861578345298767
curv,0.17500000000000002,0.25,3,0,0.20138422,-0.64602995,13,-0.07499999999999998,-0.04861578345298767
curv,0.225,0.25,4,0,0.24076027,-0.5354025,13,-0.024999999999999994,-0.009239733219146729
curv,0.225,0.25,4,0,0.24076027,-0.5354025,13,-0.024999999999999994,-0.009239733219146729
curv,0.275,0.25,5,1,0.2801363,-0.42477512,13,0.025000000000000022,0.030136287212371826
curv,0.325,0.25,6,1,0.31951228,-0.3141478,13,0.07500000000000001,0.069512277841568
curv,0.37500000000000006,0.25,7,1,0.3588883,-0.20352045,13,0.12500000000000006,0.10888829827308655
curv,0.425,0.25,8,1,0.39826435,-0.092893064,13,0.175,0.1482643485069275
curv,0.475,0.25,9,1,0.4376403,0.01773423,13,0.22499999999999998,0.18764030933380127
curv,0.525,0.25,10,1,0.47701627,0.12836152,13,0.275,0.22701627016067505
curv,0.575,0.25,11,1,0.5163923,0.23898894,13,0.32499999999999996,0.2663922905921936
curv,0.625,0.25,12,1,0.5557684,0.3496163,13,0.375,0.30576837062835693
curv,0.675,0.25,13,1,0.59514433,0.46024364,13,0.42500000000000004,0.3451443314552307
curv,0.7250000000000001,0.25,14,1,0.63452035,0.570871,13,0.4750000000000001,0.38452035188674927
flat,0.275,0.7500000000000001,0,0,0.41989434,-0.4309258,13,-0.4750000000000001,-0.33010566234588634
flat,0.325,0.7500000000000001,1,0,0.45927033,-0.32029843,13,-0.4250000000000001,-0.2907296717166902
flat,0.37500000000000006,0.7500000000000001,2,0,0.49864632,-0.20967108,13,-0.37500000000000006,-0.251353681087494
flat,0.425,0.7500000000000001,3,0,0.53802234,-0.09904365,13,-0.3250000000000001,-0.21197766065597545
flat,0.475,0.7500000000000001,4,0,0.57739836,0.011583626,13,-0.27500000000000013,-0.1726016402244569
flat,0.525,0.7500000000000001,5,0,0.6167192,0.1228188,13,-0.2250000000000001,-0.13328081369400036
flat,0.575,0.7500000000000001,6,0,0.6553124,0.24207896,13,-0.17500000000000016,-0.094687581062317
flat,0.625,0.7500000000000001,7,0,0.6939056,0.36133903,13,-0.1250000000000001,-0.05609440803527843
flat,0.675,0.7500000000000001,8,0,0.73249876,0.480599,13,-0.07500000000000007,-0.017501235008239857
flat,0.7250000000000001,0.7500000000000001,9,0,0.771092,0.59985906,13,-0.025000000000000022,0.021091997623443492
flat,0.7749999999999999,0.7500000000000001,10,1,0.8096852,0.719119,13,0.0249999999999998,0.05968517065048207
flat,0.7749999999999999,0.7500000000000001,10,1,0.8096852,0.719119,13,0.0249999999999998,0.05968517065048207
flat,0.825,0.7500000000000001,11,1,0.84827834,0.8383791,13,0.07499999999999984,0.09827834367752064
flat,0.825,0.7500000000000001,11,1,0.84827834,0.8383791,13,0.07499999999999984,0.09827834367752064
flat,0.8749999999999999,0.7500000000000001,12,1,0.8868715,0.95763916,13,0.12499999999999978,0.13687151670455922
flat,0.8749999999999999,0.7500000000000001,12,1,0.8868715,0.95763916,13,0.12499999999999978,0.13687151670455922
flat,0.9249999999999999,0.7500000000000001,13,1,0.9218035,1.0660369,13,0.17499999999999982,0.17180347442626942
flat,0.9249999999999999,0.7500000000000001,13,1,0.9218035,1.0660369,13,0.17499999999999982,0.17180347442626942
flat,0.975,0.7500000000000001,14,1,0.9468947,1.1451349,13,0.22499999999999987,0.19689470529556263
flat,0.975,0.7500000000000001,14,1,0.9468947,1.1451349,13,0.22499999999999987,0.19689470529556263
base,0.025000000000000022,0.5,0,0,0.13923383,-1.2837492,14,-0.475,-0.3607661724090576
base,0.075,0.5,1,0,0.17528129,-1.1564721,14,-0.425,-0.324718713760376
base,0.12500000000000003,0.5,2,0,0.21159798,-1.0199722,14,-0.375,-0.2884020209312439
base,0.17500000000000002,0.5,3,0,0.24791479,-0.88347226,14,-0.32499999999999996,-0.25208520889282227
base,0.225,0.5,4,0,0.2842315,-0.7469724,14,-0.275,-0.2157684862613678
base,0.275,0.5,5,0,0.32054827,-0.6104722,14,-0.22499999999999998,-0.17945173382759094
base,0.325,0.5,6,0,0.35686502,-0.4739724,14,-0.175,-0.1431349813938141
base,0.37500000000000006,0.5,7,0,0.3931818,-0.3374723,14,-0.12499999999999994,-0.10681819915771484
base,0.425,0.5,8,0,0.42949852,-0.20097226,14,-0.07500000000000001,-0.07050147652626038
base,0.475,0.5,9,0,0.4658153,-0.064472355,14,-0.025000000000000022,-0.03418469429016113
base,0.525,0.5,10,1,0.5021321,0.07202756,14,0.025000000000000022,0.002132117748260498
base,0.575,0.5,11,1,0.5384488,0.20852765,14,0.07499999999999996,0.03844881057739258
base,0.625,0.5,12,1,0.5747656,0.34502763,14,0.125,0.07476562261581421
base,0.675,0.5,13,1,0.6110824,0.48152766,14,0.17500000000000004,0.11108237504959106
base,0.7250000000000001,0.5,14,1,0.6473991,0.61802757,14,0.2250000000000001,0.14739912748336792
base,0.7749999999999999,0.5,15,1,0.6837159,0.7545274,14,0.2749999999999999,0.18371587991714478
base,0.825,0.5,16,1,0.72003263,0.8910275,14,0.32499999999999996,0.22003263235092163
base,0.8749999999999999,0.5,17,1,0.7563494,1.0275276,14,0.3749999999999999,0.2563493847846985
base,0.9249999999999999,0.5,18,1,0.7926662,1.1640276,14,0.42499999999999993,0.2926661968231201
base,0.975,0.5,19,1,0.82898295,1.3005276,14,0.475,0.328982949256897
curv,0.025000000000000022,0.25,0,0,0.07620544,-1.0778717,14,-0.22499999999999998,-0.17379456013441086
curv,0.025000000000000022,0.25,0,0,0.07620544,-1.0778717,14,-0.22499999999999998,-0.17379456013441086
curv,0.075,0.25,1,0,0.11252216,-0.94137174,14,-0.175,-0.1374778375029564
curv,0.075,0.25,1,0,0.11252216,-0.94137174,14,-0.175,-0.1374778375029564
curv,0.12500000000000003,0.25,2,0,0.14883897,-0.80487174,14,-0.12499999999999997,-0.10116103291511536
curv,0.12500000000000003,0.25,2,0,0.14883897,-0.80487174,14,-0.12499999999999997,-0.10116103291511536
curv,0.17500000000000002,0.25,3,0,0.18515569,-0.6683718,14,-0.07499999999999998,-0.06484431028366089
curv,0.17500000000000002,0.25,3,0,0.18515569,-0.6683718,14,-0.07499999999999998,-0.06484431028366089
curv,0.225,0.25,4,0,0.22147244,-0.53187186,14,-0.024999999999999994,-0.028527557849884033
curv,0.225,0.25,4,0,0.22147244,-0.53187186,14,-0.024999999999999994,-0.028527557849884033
curv,0.275,0.25,5,1,0.25778922,-0.3953717,14,0.025000000000000022,0.00778922438621521
curv,0.325,0.25,6,1,0.29410598,-0.25887176,14,0.07500000000000001,0.044105976819992065
curv,0.37500000000000006,0.25,7,1,0.33042276,-0.12237177,14,0.12500000000000006,0.08042275905609131
curv,0.425,0.25,8,1,0.36673954,0.0141282305,14,0.175,0.11673954129219055
curv,0.475,0.25,9,1,0.40305623,0.15062812,14,0.22499999999999998,0.15305623412132263
curv,0.525,0.25,10,1,0.43937293,0.28712812,14,0.275,0.1893729269504547
curv,0.575,0.25,11,1,0.47568974,0.42362818,14,0.32499999999999996,0.22568973898887634
curv,0.625,0.25,12,1,0.5120065,0.56012815,14,0.375,0.2620065212249756
curv,0.675,0.25,13,1,0.54832333,0.69662815,14,0.42500000000000004,0.2983233332633972
curv,0.7250000000000001,0.25,14,1,0.5846401,0.8331281,14,0.4750000000000001,0.3346400856971741
flat,0.275,0.7500000000000001,0,0,0.38330734,-0.8255728,14,-0.4750000000000001,-0.3666926622390748
flat,0.325,0.7500000000000001,1,0,0.4196241,-0.6890729,14,-0.4250000000000001,-0.33037590980529796
flat,0.37500000000000006,0.7500000000000001,2,0,0.45594084,-0.55257285,14,-0.37500000000000006,-0.2940591573715211
flat,0.425,0.7500000000000001,3,0,0.49225768,-0.41607273,14,-0.3250000000000001,-0.2577423155307771
flat,0.475,0.7500000000000001,4,0,0.52857447,-0.27957284,14,-0.27500000000000013,-0.22142553329467785
flat,0.525,0.7500000000000001,5,0,0.56489116,-0.14307293,14,-0.2250000000000001,-0.18510884046554577
flat,0.575,0.7500000000000001,6,0,0.6012079,-0.0065729395,14,-0.17500000000000016,-0.1487920880317689
flat,0.625,0.7500000000000001,7,0,0.63752466,0.12992701,14,-0.1250000000000001,-0.11247533559799205
flat,0.675,0.7500000000000001,8,0,0.6738414,0.26642713,14,-0.07500000000000007,-0.0761585831642152
flat,0.7250000000000001,0.7500000000000001,9,0,0.71015817,0.40292713,14,-0.025000000000000022,-0.03984183073043834
flat,0.7749999999999999,0.7500000000000001,10,1,0.7464749,0.53942686,14,0.0249999999999998,-0.003525078296661488
flat,0.7749999999999999,0.7500000000000001,10,1,0.7464749,0.53942686,14,0.0249999999999998,-0.003525078296661488
flat,0.825,0.7500000000000001,11,1,0.7827917,0.67592686,14,0.07499999999999984,0.03279167413711537
flat,0.825,0.7500000000000001,11,1,0.7827917,0.67592686,14,0.07499999999999984,0.03279167413711537
flat,0.8749999999999999,0.7500000000000001,12,1,0.8191085,0.8124269,14,0.12499999999999978,0.069108486175537
flat,0.8749999999999999,0.7500000000000001,12,1,0.8191085,0.8124269,14,0.12499999999999978,0.069108486175537
flat,0.9249999999999999,0.7500000000000001,13,1,0.8554251,0.94892687,14,0.17499999999999982,0.1054251194000243
flat,0.9249999999999999,0.7500000000000001,13,1,0.8554251,0.94892687,14,0.17499999999999982,0.1054251194000243
flat,0.975,0.7500000000000001,14,1,0.8849929,1.0694298,14,0.22499999999999987,0.13499289751052845
flat,0.975,0.7500000000000001,14,1,0.8849929,1.0694298,14,0.22499999999999987,0.13499289751052845
base,0.025000000000000022,0.5,0,0,0.13923383,-1.2837492,14,-0.475,-0.3607661724090576
base,0.075,0.5,1,0,0.17528129,-1.1564721,14,-0.425,-0.324718713760376
base,0.12500000000000003,0.5,2,0,0.21159798,-1.0199722,14,-0.375,-0.2884020209312439
base,0.17500000000000002,0.5,3,0,0.24791479,-0.88347226,14,-0.32499999999999996,-0.25208520889282227
base,0.225,0.5,4,0,0.2842315,-0.7469724,14,-0.275,-0.2157684862613678
base,0.275,0.5,5,0,0.32054827,-0.6104722,14,-0.22499999999999998,-0.17945173382759094
base,0.325,0.5,6,0,0.35686502,-0.4739724,14,-0.175,-0.1431349813938141
base,0.37500000000000006,0.5,7,0,0.3931818,-0.3374723,14,-0.12499999999999994,-0.10681819915771484
base,0.425,0.5,8,0,0.42949852,-0.20097226,14,-0.07500000000000001,-0.07050147652626038
base,0.475,0.5,9,0,0.4658153,-0.064472355,14,-0.025000000000000022,-0.03418469429016113
base,0.525,0.5,10,1,0.5021321,0.07202756,14,0.025000000000000022,0.002132117748260498
base,0.575,0.5,11,1,0.5384488,0.20852765,14,0.07499999999999996,0.03844881057739258
base,0.625,0.5,12,1,0.5747656,0.34502763,14,0.125,0.07476562261581421
base,0.675,0.5,13,1,0.6110824,0.48152766,14,0.17500000000000004,0.11108237504959106
base,0.7250000000000001,0.5,14,1,0.6473991,0.61802757,14,0.2250000000000001,0.14739912748336792
base,0.7749999999999999,0.5,15,1,0.6837159,0.7545274,14,0.2749999999999999,0.18371587991714478
base,0.825,0.5,16,1,0.72003263,0.8910275,14,0.32499999999999996,0.22003263235092163
base,0.8749999999999999,0.5,17,1,0.7563494,1.0275276,14,0.3749999999999999,0.2563493847846985
base,0.9249999999999999,0.5,18,1,0.7926662,1.1640276,14,0.42499999999999993,0.2926661968231201
base,0.975,0.5,19,1,0.82898295,1.3005276,14,0.475,0.328982949256897
curv,0.025000000000000022,0.25,0,0,0.07620544,-1.0778717,14,-0.22499999999999998,-0.17379456013441086
curv,0.025000000000000022,0.25,0,0,0.07620544,-1.0778717,14,-0.22499999999999998,-0.17379456013441086
curv,0.075,0.25,1,0,0.11252216,-0.94137174,14,-0.175,-0.1374778375029564
curv,0.075,0.25,1,0,0.11252216,-0.94137174,14,-0.175,-0.1374778375029564
curv,0.12500000000000003,0.25,2,0,0.14883897,-0.80487174,14,-0.12499999999999997,-0.10116103291511536
curv,0.12500000000000003,0.25,2,0,0.14883897,-0.80487174,14,-0.12499999999999997,-0.10116103291511536
curv,0.17500000000000002,0.25,3,0,0.18515569,-0.6683718,14,-0.07499999999999998,-0.06484431028366089
curv,0.17500000000000002,0.25,3,0,0.18515569,-0.6683718,14,-0.07499999999999998,-0.06484431028366089
curv,0.225,0.25,4,0,0.22147244,-0.53187186,14,-0.024999999999999994,-0.028527557849884033
curv,0.225,0.25,4,0,0.22147244,-0.53187186,14,-0.024999999999999994,-0.028527557849884033
curv,0.275,0.25,5,1,0.25778922,-0.3953717,14,0.025000000000000022,0.00778922438621521
curv,0.325,0.25,6,1,0.29410598,-0.25887176,14,0.07500000000000001,0.044105976819992065
curv,0.37500000000000006,0.25,7,1,0.33042276,-0.12237177,14,0.12500000000000006,0.08042275905609131
curv,0.425,0.25,8,1,0.36673954,0.0141282305,14,0.175,0.11673954129219055
curv,0.475,0.25,9,1,0.40305623,0.15062812,14,0.22499999999999998,0.15305623412132263
curv,0.525,0.25,10,1,0.43937293,0.28712812,14,0.275,0.1893729269504547
curv,0.575,0.25,11,1,0.47568974,0.42362818,14,0.32499999999999996,0.22568973898887634
curv,0.625,0.25,12,1,0.5120065,0.56012815,14,0.375,0.2620065212249756
curv,0.675,0.25,13,1,0.54832333,0.69662815,14,0.42500000000000004,0.2983233332633972
curv,0.7250000000000001,0.25,14,1,0.5846401,0.8331281,14,0.4750000000000001,0.3346400856971741
flat,0.275,0.7500000000000001,0,0,0.38330734,-0.8255728,14,-0.4750000000000001,-0.3666926622390748
flat,0.325,0.7500000000000001,1,0,0.4196241,-0.6890729,14,-0.4250000000000001,-0.33037590980529796
flat,0.37500000000000006,0.7500000000000001,2,0,0.45594084,-0.55257285,14,-0.37500000000000006,-0.2940591573715211
flat,0.425,0.7500000000000001,3,0,0.49225768,-0.41607273,14,-0.3250000000000001,-0.2577423155307771
flat,0.475,0.7500000000000001,4,0,0.52857447,-0.27957284,14,-0.27500000000000013,-0.22142553329467785
flat,0.525,0.7500000000000001,5,0,0.56489116,-0.14307293,14,-0.2250000000000001,-0.18510884046554577
flat,0.575,0.7500000000000001,6,0,0.6012079,-0.0065729395,14,-0.17500000000000016,-0.1487920880317689
flat,0.625,0.7500000000000001,7,0,0.63752466,0.12992701,14,-0.1250000000000001,-0.11247533559799205
flat,0.675,0.7500000000000001,8,0,0.6738414,0.26642713,14,-0.07500000000000007,-0.0761585831642152
flat,0.7250000000000001,0.7500000000000001,9,0,0.71015817,0.40292713,14,-0.025000000000000022,-0.03984183073043834
flat,0.7749999999999999,0.7500000000000001,10,1,0.7464749,0.53942686,14,0.0249999999999998,-0.003525078296661488
flat,0.7749999999999999,0.7500000000000001,10,1,0.7464749,0.53942686,14,0.0249999999999998,-0.003525078296661488
flat,0.825,0.7500000000000001,11,1,0.7827917,0.67592686,14,0.07499999999999984,0.03279167413711537
flat,0.825,0.7500000000000001,11,1,0.7827917,0.67592686,14,0.07499999999999984,0.03279167413711537
flat,0.8749999999999999,0.7500000000000001,12,1,0.8191085,0.8124269,14,0.12499999999999978,0.069108486175537
flat,0.8749999999999999,0.7500000000000001,12,1,0.8191085,0.8124269,14,0.12499999999999978,0.069108486175537
flat,0.9249999999999999,0.7500000000000001,13,1,0.8554251,0.94892687,14,0.17499999999999982,0.1054251194000243
flat,0.9249999999999999,0.7500000000000001,13,1,0.8554251,0.94892687,14,0.17499999999999982,0.1054251194000243
flat,0.975,0.7500000000000001,14,1,0.8849929,1.0694298,14,0.22499999999999987,0.13499289751052845
flat,0.975,0.7500000000000001,14,1,0.8849929,1.0694298,14,0.22499999999999987,0.13499289751052845
base,0.025000000000000022,0.5,0,0,0.13923383,-1.2837492,14,-0.475,-0.3607661724090576
base,0.075,0.5,1,0,0.17528129,-1.1564721,14,-0.425,-0.324718713760376
base,0.12500000000000003,0.5,2,0,0.21159798,-1.0199722,14,-0.375,-0.2884020209312439
base,0.17500000000000002,0.5,3,0,0.24791479,-0.88347226,14,-0.32499999999999996,-0.25208520889282227
base,0.225,0.5,4,0,0.2842315,-0.7469724,14,-0.275,-0.2157684862613678
base,0.275,0.5,5,0,0.32054827,-0.6104722,14,-0.22499999999999998,-0.17945173382759094
base,0.325,0.5,6,0,0.35686502,-0.4739724,14,-0.175,-0.1431349813938141
base,0.37500000000000006,0.5,7,0,0.3931818,-0.3374723,14,-0.12499999999999994,-0.10681819915771484
base,0.425,0.5,8,0,0.42949852,-0.20097226,14,-0.07500000000000001,-0.07050147652626038
base,0.475,0.5,9,0,0.4658153,-0.064472355,14,-0.025000000000000022,-0.03418469429016113
base,0.525,0.5,10,1,0.5021321,0.07202756,14,0.025000000000000022,0.002132117748260498
base,0.575,0.5,11,1,0.5384488,0.20852765,14,0.07499999999999996,0.03844881057739258
base,0.625,0.5,12,1,0.5747656,0.34502763,14,0.125,0.07476562261581421
base,0.675,0.5,13,1,0.6110824,0.48152766,14,0.17500000000000004,0.11108237504959106
base,0.7250000000000001,0.5,14,1,0.6473991,0.61802757,14,0.2250000000000001,0.14739912748336792
base,0.7749999999999999,0.5,15,1,0.6837159,0.7545274,14,0.2749999999999999,0.18371587991714478
base,0.825,0.5,16,1,0.72003263,0.8910275,14,0.32499999999999996,0.22003263235092163
base,0.8749999999999999,0.5,17,1,0.7563494,1.0275276,14,0.3749999999999999,0.2563493847846985
base,0.9249999999999999,0.5,18,1,0.7926662,1.1640276,14,0.42499999999999993,0.2926661968231201
base,0.975,0.5,19,1,0.82898295,1.3005276,14,0.475,0.328982949256897
curv,0.025000000000000022,0.25,0,0,0.07620544,-1.0778717,14,-0.22499999999999998,-0.17379456013441086
curv,0.025000000000000022,0.25,0,0,0.07620544,-1.0778717,14,-0.22499999999999998,-0.17379456013441086
curv,0.075,0.25,1,0,0.11252216,-0.94137174,14,-0.175,-0.1374778375029564
curv,0.075,0.25,1,0,0.11252216,-0.94137174,14,-0.175,-0.1374778375029564
curv,0.12500000000000003,0.25,2,0,0.14883897,-0.80487174,14,-0.12499999999999997,-0.10116103291511536
curv,0.12500000000000003,0.25,2,0,0.14883897,-0.80487174,14,-0.12499999999999997,-0.10116103291511536
curv,0.17500000000000002,0.25,3,0,0.18515569,-0.6683718,14,-0.07499999999999998,-0.06484431028366089
curv,0.17500000000000002,0.25,3,0,0.18515569,-0.6683718,14,-0.07499999999999998,-0.06484431028366089
curv,0.225,0.25,4,0,0.22147244,-0.53187186,14,-0.024999999999999994,-0.028527557849884033
curv,0.225,0.25,4,0,0.22147244,-0.53187186,14,-0.024999999999999994,-0.028527557849884033
curv,0.275,0.25,5,1,0.25778922,-0.3953717,14,0.025000000000000022,0.00778922438621521
curv,0.325,0.25,6,1,0.29410598,-0.25887176,14,0.07500000000000001,0.044105976819992065
curv,0.37500000000000006,0.25,7,1,0.33042276,-0.12237177,14,0.12500000000000006,0.08042275905609131
curv,0.425,0.25,8,1,0.36673954,0.0141282305,14,0.175,0.11673954129219055
curv,0.475,0.25,9,1,0.40305623,0.15062812,14,0.22499999999999998,0.15305623412132263
curv,0.525,0.25,10,1,0.43937293,0.28712812,14,0.275,0.1893729269504547
curv,0.575,0.25,11,1,0.47568974,0.42362818,14,0.32499999999999996,0.22568973898887634
curv,0.625,0.25,12,1,0.5120065,0.56012815,14,0.375,0.2620065212249756
curv,0.675,0.25,13,1,0.54832333,0.69662815,14,0.42500000000000004,0.2983233332633972
curv,0.7250000000000001,0.25,14,1,0.5846401,0.8331281,14,0.4750000000000001,0.3346400856971741
flat,0.275,0.7500000000000001,0,0,0.38330734,-0.8255728,14,-0.4750000000000001,-0.3666926622390748
flat,0.325,0.7500000000000001,1,0,0.4196241,-0.6890729,14,-0.4250000000000001,-0.33037590980529796
flat,0.37500000000000006,0.7500000000000001,2,0,0.45594084,-0.55257285,14,-0.37500000000000006,-0.2940591573715211
flat,0.425,0.7500000000000001,3,0,0.49225768,-0.41607273,14,-0.3250000000000001,-0.2577423155307771
flat,0.475,0.7500000000000001,4,0,0.52857447,-0.27957284,14,-0.27500000000000013,-0.22142553329467785
flat,0.525,0.7500000000000001,5,0,0.56489116,-0.14307293,14,-0.2250000000000001,-0.18510884046554577
flat,0.575,0.7500000000000001,6,0,0.6012079,-0.0065729395,14,-0.17500000000000016,-0.1487920880317689
flat,0.625,0.7500000000000001,7,0,0.63752466,0.12992701,14,-0.1250000000000001,-0.11247533559799205
flat,0.675,0.7500000000000001,8,0,0.6738414,0.26642713,14,-0.07500000000000007,-0.0761585831642152
flat,0.7250000000000001,0.7500000000000001,9,0,0.71015817,0.40292713,14,-0.025000000000000022,-0.03984183073043834
flat,0.7749999999999999,0.7500000000000001,10,1,0.7464749,0.53942686,14,0.0249999999999998,-0.003525078296661488
flat,0.7749999999999999,0.7500000000000001,10,1,0.7464749,0.53942686,14,0.0249999999999998,-0.003525078296661488
flat,0.825,0.7500000000000001,11,1,0.7827917,0.67592686,14,0.07499999999999984,0.03279167413711537
flat,0.825,0.7500000000000001,11,1,0.7827917,0.67592686,14,0.07499999999999984,0.03279167413711537
flat,0.8749999999999999,0.7500000000000001,12,1,0.8191085,0.8124269,14,0.12499999999999978,0.069108486175537
flat,0.8749999999999999,0.7500000000000001,12,1,0.8191085,0.8124269,14,0.12499999999999978,0.069108486175537
flat,0.9249999999999999,0.7500000000000001,13,1,0.8554251,0.94892687,14,0.17499999999999982,0.1054251194000243
flat,0.9249999999999999,0.7500000000000001,13,1,0.8554251,0.94892687,14,0.17499999999999982,0.1054251194000243
flat,0.975,0.7500000000000001,14,1,0.8849929,1.0694298,14,0.22499999999999987,0.13499289751052845
flat,0.975,0.7500000000000001,14,1,0.8849929,1.0694298,14,0.22499999999999987,0.13499289751052845
base,0.025000000000000022,0.5,0,0,0.13923383,-1.2837492,14,-0.475,-0.3607661724090576
base,0.075,0.5,1,0,0.17528129,-1.1564721,14,-0.425,-0.324718713760376
base,0.12500000000000003,0.5,2,0,0.21159798,-1.0199722,14,-0.375,-0.2884020209312439
base,0.17500000000000002,0.5,3,0,0.24791479,-0.88347226,14,-0.32499999999999996,-0.25208520889282227
base,0.225,0.5,4,0,0.2842315,-0.7469724,14,-0.275,-0.2157684862613678
base,0.275,0.5,5,0,0.32054827,-0.6104722,14,-0.22499999999999998,-0.17945173382759094
base,0.325,0.5,6,0,0.35686502,-0.4739724,14,-0.175,-0.1431349813938141
base,0.37500000000000006,0.5,7,0,0.3931818,-0.3374723,14,-0.12499999999999994,-0.10681819915771484
base,0.425,0.5,8,0,0.42949852,-0.20097226,14,-0.07500000000000001,-0.07050147652626038
base,0.475,0.5,9,0,0.4658153,-0.064472355,14,-0.025000000000000022,-0.03418469429016113
base,0.525,0.5,10,1,0.5021321,0.07202756,14,0.025000000000000022,0.002132117748260498
base,0.575,0.5,11,1,0.5384488,0.20852765,14,0.07499999999999996,0.03844881057739258
base,0.625,0.5,12,1,0.5747656,0.34502763,14,0.125,0.07476562261581421
base,0.675,0.5,13,1,0.6110824,0.48152766,14,0.17500000000000004,0.11108237504959106
base,0.7250000000000001,0.5,14,1,0.6473991,0.61802757,14,0.2250000000000001,0.14739912748336792
base,0.7749999999999999,0.5,15,1,0.6837159,0.7545274,14,0.2749999999999999,0.18371587991714478
base,0.825,0.5,16,1,0.72003263,0.8910275,14,0.32499999999999996,0.22003263235092163
base,0.8749999999999999,0.5,17,1,0.7563494,1.0275276,14,0.3749999999999999,0.2563493847846985
base,0.9249999999999999,0.5,18,1,0.7926662,1.1640276,14,0.42499999999999993,0.2926661968231201
base,0.975,0.5,19,1,0.82898295,1.3005276,14,0.475,0.328982949256897
curv,0.025000000000000022,0.25,0,0,0.07620544,-1.0778717,14,-0.22499999999999998,-0.17379456013441086
curv,0.025000000000000022,0.25,0,0,0.07620544,-1.0778717,14,-0.22499999999999998,-0.17379456013441086
curv,0.075,0.25,1,0,0.11252216,-0.94137174,14,-0.175,-0.1374778375029564
curv,0.075,0.25,1,0,0.11252216,-0.94137174,14,-0.175,-0.1374778375029564
curv,0.12500000000000003,0.25,2,0,0.14883897,-0.80487174,14,-0.12499999999999997,-0.10116103291511536
curv,0.12500000000000003,0.25,2,0,0.14883897,-0.80487174,14,-0.12499999999999997,-0.10116103291511536
curv,0.17500000000000002,0.25,3,0,0.18515569,-0.6683718,14,-0.07499999999999998,-0.06484431028366089
curv,0.17500000000000002,0.25,3,0,0.18515569,-0.6683718,14,-0.07499999999999998,-0.06484431028366089
curv,0.225,0.25,4,0,0.22147244,-0.53187186,14,-0.024999999999999994,-0.028527557849884033
curv,0.225,0.25,4,0,0.22147244,-0.53187186,14,-0.024999999999999994,-0.028527557849884033
curv,0.275,0.25,5,1,0.25778922,-0.3953717,14,0.025000000000000022,0.00778922438621521
curv,0.325,0.25,6,1,0.29410598,-0.25887176,14,0.07500000000000001,0.044105976819992065
curv,0.37500000000000006,0.25,7,1,0.33042276,-0.12237177,14,0.12500000000000006,0.08042275905609131
curv,0.425,0.25,8,1,0.36673954,0.0141282305,14,0.175,0.11673954129219055
curv,0.475,0.25,9,1,0.40305623,0.15062812,14,0.22499999999999998,0.15305623412132263
curv,0.525,0.25,10,1,0.43937293,0.28712812,14,0.275,0.1893729269504547
curv,0.575,0.25,11,1,0.47568974,0.42362818,14,0.32499999999999996,0.22568973898887634
curv,0.625,0.25,12,1,0.5120065,0.56012815,14,0.375,0.2620065212249756
curv,0.675,0.25,13,1,0.54832333,0.69662815,14,0.42500000000000004,0.2983233332633972
curv,0.7250000000000001,0.25,14,1,0.5846401,0.8331281,14,0.4750000000000001,0.3346400856971741
flat,0.275,0.7500000000000001,0,0,0.38330734,-0.8255728,14,-0.4750000000000001,-0.3666926622390748
flat,0.325,0.7500000000000001,1,0,0.4196241,-0.6890729,14,-0.4250000000000001,-0.33037590980529796
flat,0.37500000000000006,0.7500000000000001,2,0,0.45594084,-0.55257285,14,-0.37500000000000006,-0.2940591573715211
flat,0.425,0.7500000000000001,3,0,0.49225768,-0.41607273,14,-0.3250000000000001,-0.2577423155307771
flat,0.475,0.7500000000000001,4,0,0.52857447,-0.27957284,14,-0.27500000000000013,-0.22142553329467785
flat,0.525,0.7500000000000001,5,0,0.56489116,-0.14307293,14,-0.2250000000000001,-0.18510884046554577
flat,0.575,0.7500000000000001,6,0,0.6012079,-0.0065729395,14,-0.17500000000000016,-0.1487920880317689
flat,0.625,0.7500000000000001,7,0,0.63752466,0.12992701,14,-0.1250000000000001,-0.11247533559799205
flat,0.675,0.7500000000000001,8,0,0.6738414,0.26642713,14,-0.07500000000000007,-0.0761585831642152
flat,0.7250000000000001,0.7500000000000001,9,0,0.71015817,0.40292713,14,-0.025000000000000022,-0.03984183073043834
flat,0.7749999999999999,0.7500000000000001,10,1,0.7464749,0.53942686,14,0.0249999999999998,-0.003525078296661488
flat,0.7749999999999999,0.7500000000000001,10,1,0.7464749,0.53942686,14,0.0249999999999998,-0.003525078296661488
flat,0.825,0.7500000000000001,11,1,0.7827917,0.67592686,14,0.07499999999999984,0.03279167413711537
flat,0.825,0.7500000000000001,11,1,0.7827917,0.67592686,14,0.07499999999999984,0.03279167413711537
flat,0.8749999999999999,0.7500000000000001,12,1,0.8191085,0.8124269,14,0.12499999999999978,0.069108486175537
flat,0.8749999999999999,0.7500000000000001,12,1,0.8191085,0.8124269,14,0.12499999999999978,0.069108486175537
flat,0.9249999999999999,0.7500000000000001,13,1,0.8554251,0.94892687,14,0.17499999999999982,0.1054251194000243
flat,0.9249999999999999,0.7500000000000001,13,1,0.8554251,0.94892687,14,0.17499999999999982,0.1054251194000243
flat,0.975,0.7500000000000001,14,1,0.8849929,1.0694298,14,0.22499999999999987,0.13499289751052845
flat,0.975,0.7500000000000001,14,1,0.8849929,1.0694298,14,0.22499999999999987,0.13499289751052845
base,0.025000000000000022,0.5,0,0,0.12235278,-0.99531794,15,-0.475,-0.3776472210884094
base,0.075,0.5,1,0,0.16280316,-0.8897237,15,-0.425,-0.33719684183597565
base,0.12500000000000003,0.5,2,0,0.20325348,-0.78412974,15,-0.375,-0.29674652218818665
base,0.17500000000000002,0.5,3,0,0.24370381,-0.67853564,15,-0.32499999999999996,-0.25629618763923645
base,0.225,0.5,4,0,0.28415418,-0.57294154,15,-0.275,-0.21584582328796387
base,0.275,0.5,5,0,0.3246045,-0.4673475,15,-0.22499999999999998,-0.17539548873901367
base,0.325,0.5,6,0,0.36505485,-0.36175346,15,-0.175,-0.13494515419006348
base,0.37500000000000006,0.5,7,0,0.40550524,-0.2561593,15,-0.12499999999999994,-0.0944947600364685
base,0.425,0.5,8,0,0.44595557,-0.15056522,15,-0.07500000000000001,-0.05404442548751831
base,0.475,0.5,9,0,0.4864059,-0.044971213,15,-0.025000000000000022,-0.013594090938568115
base,0.525,0.5,10,1,0.52685624,0.060622856,15,0.025000000000000022,0.02685624361038208
base,0.575,0.5,11,1,0.56730664,0.1662169,15,0.07499999999999996,0.06730663776397705
base,0.625,0.5,12,1,0.607757,0.27181107,15,0.125,0.10775697231292725
base,0.675,0.5,13,1,0.64820737,0.37740517,15,0.17500000000000004,0.14820736646652222
base,0.7250000000000001,0.5,14,1,0.6886577,0.48299938,15,0.2250000000000001,0.1886577010154724
base,0.7749999999999999,0.5,15,1,0.729108,0.58859324,15,0.2749999999999999,0.22910797595977783
base,0.825,0.5,16,1,0.76955837,0.6941874,15,0.32499999999999996,0.2695583701133728
base,0.8749999999999999,0.5,17,1,0.81000876,0.79978156,15,0.3749999999999999,0.3100087642669678
base,0.9249999999999999,0.5,18,1,0.8504591,0.90537554,15,0.42499999999999993,0.35045909881591797
base,0.975,0.5,19,1,0.88823074,1.0047252,15,0.475,0.38823074102401733
curv,0.025000000000000022,0.25,0,0,0.06296483,-1.1117021,15,-0.22499999999999998,-0.18703517317771912
curv,0.025000000000000022,0.25,0,0,0.06296483,-1.1117021,15,-0.22499999999999998,-0.18703517317771912
curv,0.075,0.25,1,0,0.10341519,-1.0061079,15,-0.175,-0.14658480882644653
curv,0.075,0.25,1,0,0.10341519,-1.0061079,15,-0.175,-0.14658480882644653
curv,0.12500000000000003,0.25,2,0,0.14386557,-0.9005138,15,-0.12499999999999997,-0.10613442957401276
curv,0.12500000000000003,0.25,2,0,0.14386557,-0.9005138,15,-0.12499999999999997,-0.10613442957401276
curv,0.17500000000000002,0.25,3,0,0.18431588,-0.7949198,15,-0.07499999999999998,-0.06568412482738495
curv,0.17500000000000002,0.25,3,0,0.18431588,-0.7949198,15,-0.07499999999999998,-0.06568412482738495
curv,0.225,0.25,4,0,0.22476625,-0.68932563,15,-0.024999999999999994,-0.025233745574951172
curv,0.225,0.25,4,0,0.22476625,-0.68932563,15,-0.024999999999999994,-0.025233745574951172
curv,0.275,0.25,5,1,0.2652166,-0.58373165,15,0.025000000000000022,0.015216588973999023
curv,0.325,0.25,6,1,0.30566692,-0.47813755,15,0.07500000000000001,0.05566692352294922
curv,0.37500000000000006,0.25,7,1,0.34611732,-0.3725434,15,0.12500000000000006,0.09611731767654419
curv,0.425,0.25,8,1,0.38656765,-0.2669493,15,0.175,0.13656765222549438
curv,0.475,0.25,9,1,0.427018,-0.16135536,15,0.22499999999999998,0.17701798677444458
curv,0.525,0.25,10,1,0.46746832,-0.055761203,15,0.275,0.21746832132339478
curv,0.575,0.25,11,1,0.50791866,0.049832806,15,0.32499999999999996,0.25791865587234497
curv,0.625,0.25,12,1,0.54836905,0.1554269,15,0.375,0.29836905002593994
curv,0.675,0.25,13,1,0.58881944,0.26102108,15,0.42500000000000004,0.3388194441795349
curv,0.7250000000000001,0.25,14,1,0.6292697,0.36661524,15,0.4750000000000001,0.37926971912384033
flat,0.275,0.7500000000000001,0,0,0.38399246,-0.3509634,15,-0.4750000000000001,-0.3660075366497041
flat,0.325,0.7500000000000001,1,0,0.42444277,-0.24536933,15,-0.4250000000000001,-0.3255572319030763
flat,0.37500000000000006,0.7500000000000001,2,0,0.46489316,-0.13977523,15,-0.37500000000000006,-0.2851068377494813
flat,0.425,0.7500000000000001,3,0,0.50534356,-0.034181073,15,-0.3250000000000001,-0.24465644359588634
flat,0.475,0.7500000000000001,4,0,0.5457939,0.071412906,15,-0.27500000000000013,-0.20420610904693615
flat,0.525,0.7500000000000001,5,0,0.5862442,0.17700697,15,-0.2250000000000001,-0.16375577449798595
flat,0.575,0.7500000000000001,6,0,0.62669456,0.28260106,15,-0.17500000000000016,-0.12330543994903576
flat,0.625,0.7500000000000001,7,0,0.6671449,0.38819516,15,-0.1250000000000001,-0.08285510540008556
flat,0.675,0.7500000000000001,8,0,0.7075953,0.49378932,15,-0.07500000000000007,-0.04240471124649059
flat,0.7250000000000001,0.7500000000000001,9,0,0.7480456,0.5993834,15,-0.025000000000000022,-0.0019543766975403942
flat,0.7749999999999999,0.7500000000000001,10,1,0.78849596,0.7049774,15,0.0249999999999998,0.0384959578514098
flat,0.7749999999999999,0.7500000000000001,10,1,0.78849596,0.7049774,15,0.0249999999999998,0.0384959578514098
flat,0.825,0.7500000000000001,11,1,0.82894635,0.81057155,15,0.07499999999999984,0.07894635200500477
flat,0.825,0.7500000000000001,11,1,0.82894635,0.81057155,15,0.07499999999999984,0.07894635200500477
flat,0.8749999999999999,0.7500000000000001,12,1,0.8693967,0.91616565,15,0.12499999999999978,0.11939668655395497
flat,0.8749999999999999,0.7500000000000001,12,1,0.8693967,0.91616565,15,0.12499999999999978,0.11939668655395497
flat,0.9249999999999999,0.7500000000000001,13,1,0.909847,1.0217596,15,0.17499999999999982,0.15984702110290516
flat,0.9249999999999999,0.7500000000000001,13,1,0.909847,1.0217596,15,0.17499999999999982,0.15984702110290516
flat,0.975,0.7500000000000001,14,1,0.9500136,1.122405,15,0.22499999999999987,0.20001357793807972
flat,0.975,0.7500000000000001,14,1,0.9500136,1.122405,15,0.22499999999999987,0.20001357793807972
base,0.025000000000000022,0.5,0,0,0.12235278,-0.99531794,15,-0.475,-0.3776472210884094
base,0.075,0.5,1,0,0.16280316,-0.8897237,15,-0.425,-0.33719684183597565
base,0.12500000000000003,0.5,2,0,0.20325348,-0.78412974,15,-0.375,-0.29674652218818665
base,0.17500000000000002,0.5,3,0,0.24370381,-0.67853564,15,-0.32499999999999996,-0.25629618763923645
base,0.225,0.5,4,0,0.28415418,-0.57294154,15,-0.275,-0.21584582328796387
base,0.275,0.5,5,0,0.3246045,-0.4673475,15,-0.22499999999999998,-0.17539548873901367
base,0.325,0.5,6,0,0.36505485,-0.36175346,15,-0.175,-0.13494515419006348
base,0.37500000000000006,0.5,7,0,0.40550524,-0.2561593,15,-0.12499999999999994,-0.0944947600364685
base,0.425,0.5,8,0,0.44595557,-0.15056522,15,-0.07500000000000001,-0.05404442548751831
base,0.475,0.5,9,0,0.4864059,-0.044971213,15,-0.025000000000000022,-0.013594090938568115
base,0.525,0.5,10,1,0.52685624,0.060622856,15,0.025000000000000022,0.02685624361038208
base,0.575,0.5,11,1,0.56730664,0.1662169,15,0.07499999999999996,0.06730663776397705
base,0.625,0.5,12,1,0.607757,0.27181107,15,0.125,0.10775697231292725
base,0.675,0.5,13,1,0.64820737,0.37740517,15,0.17500000000000004,0.14820736646652222
base,0.7250000000000001,0.5,14,1,0.6886577,0.48299938,15,0.2250000000000001,0.1886577010154724
base,0.7749999999999999,0.5,15,1,0.729108,0.58859324,15,0.2749999999999999,0.22910797595977783
base,0.825,0.5,16,1,0.76955837,0.6941874,15,0.32499999999999996,0.2695583701133728
base,0.8749999999999999,0.5,17,1,0.81000876,0.79978156,15,0.3749999999999999,0.3100087642669678
base,0.9249999999999999,0.5,18,1,0.8504591,0.90537554,15,0.42499999999999993,0.35045909881591797
base,0.975,0.5,19,1,0.88823074,1.0047252,15,0.475,0.38823074102401733
curv,0.025000000000000022,0.25,0,0,0.06296483,-1.1117021,15,-0.22499999999999998,-0.18703517317771912
curv,0.025000000000000022,0.25,0,0,0.06296483,-1.1117021,15,-0.22499999999999998,-0.18703517317771912
curv,0.075,0.25,1,0,0.10341519,-1.0061079,15,-0.175,-0.14658480882644653
curv,0.075,0.25,1,0,0.10341519,-1.0061079,15,-0.175,-0.14658480882644653
curv,0.12500000000000003,0.25,2,0,0.14386557,-0.9005138,15,-0.12499999999999997,-0.10613442957401276
curv,0.12500000000000003,0.25,2,0,0.14386557,-0.9005138,15,-0.12499999999999997,-0.10613442957401276
curv,0.17500000000000002,0.25,3,0,0.18431588,-0.7949198,15,-0.07499999999999998,-0.06568412482738495
curv,0.17500000000000002,0.25,3,0,0.18431588,-0.7949198,15,-0.07499999999999998,-0.06568412482738495
curv,0.225,0.25,4,0,0.22476625,-0.68932563,15,-0.024999999999999994,-0.025233745574951172
curv,0.225,0.25,4,0,0.22476625,-0.68932563,15,-0.024999999999999994,-0.025233745574951172
curv,0.275,0.25,5,1,0.2652166,-0.58373165,15,0.025000000000000022,0.015216588973999023
curv,0.325,0.25,6,1,0.30566692,-0.47813755,15,0.07500000000000001,0.05566692352294922
curv,0.37500000000000006,0.25,7,1,0.34611732,-0.3725434,15,0.12500000000000006,0.09611731767654419
curv,0.425,0.25,8,1,0.38656765,-0.2669493,15,0.175,0.13656765222549438
curv,0.475,0.25,9,1,0.427018,-0.16135536,15,0.22499999999999998,0.17701798677444458
curv,0.525,0.25,10,1,0.46746832,-0.055761203,15,0.275,0.21746832132339478
curv,0.575,0.25,11,1,0.50791866,0.049832806,15,0.32499999999999996,0.25791865587234497
curv,0.625,0.25,12,1,0.54836905,0.1554269,15,0.375,0.29836905002593994
curv,0.675,0.25,13,1,0.58881944,0.26102108,15,0.42500000000000004,0.3388194441795349
curv,0.7250000000000001,0.25,14,1,0.6292697,0.36661524,15,0.4750000000000001,0.37926971912384033
flat,0.275,0.7500000000000001,0,0,0.38399246,-0.3509634,15,-0.4750000000000001,-0.3660075366497041
flat,0.325,0.7500000000000001,1,0,0.42444277,-0.24536933,15,-0.4250000000000001,-0.3255572319030763
flat,0.37500000000000006,0.7500000000000001,2,0,0.46489316,-0.13977523,15,-0.37500000000000006,-0.2851068377494813
flat,0.425,0.7500000000000001,3,0,0.50534356,-0.034181073,15,-0.3250000000000001,-0.24465644359588634
flat,0.475,0.7500000000000001,4,0,0.5457939,0.071412906,15,-0.27500000000000013,-0.20420610904693615
flat,0.525,0.7500000000000001,5,0,0.5862442,0.17700697,15,-0.2250000000000001,-0.16375577449798595
flat,0.575,0.7500000000000001,6,0,0.62669456,0.28260106,15,-0.17500000000000016,-0.12330543994903576
flat,0.625,0.7500000000000001,7,0,0.6671449,0.38819516,15,-0.1250000000000001,-0.08285510540008556
flat,0.675,0.7500000000000001,8,0,0.7075953,0.49378932,15,-0.07500000000000007,-0.04240471124649059
flat,0.7250000000000001,0.7500000000000001,9,0,0.7480456,0.5993834,15,-0.025000000000000022,-0.0019543766975403942
flat,0.7749999999999999,0.7500000000000001,10,1,0.78849596,0.7049774,15,0.0249999999999998,0.0384959578514098
flat,0.7749999999999999,0.7500000000000001,10,1,0.78849596,0.7049774,15,0.0249999999999998,0.0384959578514098
flat,0.825,0.7500000000000001,11,1,0.82894635,0.81057155,15,0.07499999999999984,0.07894635200500477
flat,0.825,0.7500000000000001,11,1,0.82894635,0.81057155,15,0.07499999999999984,0.07894635200500477
flat,0.8749999999999999,0.7500000000000001,12,1,0.8693967,0.91616565,15,0.12499999999999978,0.11939668655395497
flat,0.8749999999999999,0.7500000000000001,12,1,0.8693967,0.91616565,15,0.12499999999999978,0.11939668655395497
flat,0.9249999999999999,0.7500000000000001,13,1,0.909847,1.0217596,15,0.17499999999999982,0.15984702110290516
flat,0.9249999999999999,0.7500000000000001,13,1,0.909847,1.0217596,15,0.17499999999999982,0.15984702110290516
flat,0.975,0.7500000000000001,14,1,0.9500136,1.122405,15,0.22499999999999987,0.20001357793807972
flat,0.975,0.7500000000000001,14,1,0.9500136,1.122405,15,0.22499999999999987,0.20001357793807972
base,0.025000000000000022,0.5,0,0,0.12235278,-0.99531794,15,-0.475,-0.3776472210884094
base,0.075,0.5,1,0,0.16280316,-0.8897237,15,-0.425,-0.33719684183597565
base,0.12500000000000003,0.5,2,0,0.20325348,-0.78412974,15,-0.375,-0.29674652218818665
base,0.17500000000000002,0.5,3,0,0.24370381,-0.67853564,15,-0.32499999999999996,-0.25629618763923645
base,0.225,0.5,4,0,0.28415418,-0.57294154,15,-0.275,-0.21584582328796387
base,0.275,0.5,5,0,0.3246045,-0.4673475,15,-0.22499999999999998,-0.17539548873901367
base,0.325,0.5,6,0,0.36505485,-0.36175346,15,-0.175,-0.13494515419006348
base,0.37500000000000006,0.5,7,0,0.40550524,-0.2561593,15,-0.12499999999999994,-0.0944947600364685
base,0.425,0.5,8,0,0.44595557,-0.15056522,15,-0.07500000000000001,-0.05404442548751831
base,0.475,0.5,9,0,0.4864059,-0.044971213,15,-0.025000000000000022,-0.013594090938568115
base,0.525,0.5,10,1,0.52685624,0.060622856,15,0.025000000000000022,0.02685624361038208
base,0.575,0.5,11,1,0.56730664,0.1662169,15,0.07499999999999996,0.06730663776397705
base,0.625,0.5,12,1,0.607757,0.27181107,15,0.125,0.10775697231292725
base,0.675,0.5,13,1,0.64820737,0.37740517,15,0.17500000000000004,0.14820736646652222
base,0.7250000000000001,0.5,14,1,0.6886577,0.48299938,15,0.2250000000000001,0.1886577010154724
base,0.7749999999999999,0.5,15,1,0.729108,0.58859324,15,0.2749999999999999,0.22910797595977783
base,0.825,0.5,16,1,0.76955837,0.6941874,15,0.32499999999999996,0.2695583701133728
base,0.8749999999999999,0.5,17,1,0.81000876,0.79978156,15,0.3749999999999999,0.3100087642669678
base,0.9249999999999999,0.5,18,1,0.8504591,0.90537554,15,0.42499999999999993,0.35045909881591797
base,0.975,0.5,19,1,0.88823074,1.0047252,15,0.475,0.38823074102401733
curv,0.025000000000000022,0.25,0,0,0.06296483,-1.1117021,15,-0.22499999999999998,-0.18703517317771912
curv,0.025000000000000022,0.25,0,0,0.06296483,-1.1117021,15,-0.22499999999999998,-0.18703517317771912
curv,0.075,0.25,1,0,0.10341519,-1.0061079,15,-0.175,-0.14658480882644653
curv,0.075,0.25,1,0,0.10341519,-1.0061079,15,-0.175,-0.14658480882644653
curv,0.12500000000000003,0.25,2,0,0.14386557,-0.9005138,15,-0.12499999999999997,-0.10613442957401276
curv,0.12500000000000003,0.25,2,0,0.14386557,-0.9005138,15,-0.12499999999999997,-0.10613442957401276
curv,0.17500000000000002,0.25,3,0,0.18431588,-0.7949198,15,-0.07499999999999998,-0.06568412482738495
curv,0.17500000000000002,0.25,3,0,0.18431588,-0.7949198,15,-0.07499999999999998,-0.06568412482738495
curv,0.225,0.25,4,0,0.22476625,-0.68932563,15,-0.024999999999999994,-0.025233745574951172
curv,0.225,0.25,4,0,0.22476625,-0.68932563,15,-0.024999999999999994,-0.025233745574951172
curv,0.275,0.25,5,1,0.2652166,-0.58373165,15,0.025000000000000022,0.015216588973999023
curv,0.325,0.25,6,1,0.30566692,-0.47813755,15,0.07500000000000001,0.05566692352294922
curv,0.37500000000000006,0.25,7,1,0.34611732,-0.3725434,15,0.12500000000000006,0.09611731767654419
curv,0.425,0.25,8,1,0.38656765,-0.2669493,15,0.175,0.13656765222549438
curv,0.475,0.25,9,1,0.427018,-0.16135536,15,0.22499999999999998,0.17701798677444458
curv,0.525,0.25,10,1,0.46746832,-0.055761203,15,0.275,0.21746832132339478
curv,0.575,0.25,11,1,0.50791866,0.049832806,15,0.32499999999999996,0.25791865587234497
curv,0.625,0.25,12,1,0.54836905,0.1554269,15,0.375,0.29836905002593994
curv,0.675,0.25,13,1,0.58881944,0.26102108,15,0.42500000000000004,0.3388194441795349
curv,0.7250000000000001,0.25,14,1,0.6292697,0.36661524,15,0.4750000000000001,0.37926971912384033
flat,0.275,0.7500000000000001,0,0,0.38399246,-0.3509634,15,-0.4750000000000001,-0.3660075366497041
flat,0.325,0.7500000000000001,1,0,0.42444277,-0.24536933,15,-0.4250000000000001,-0.3255572319030763
flat,0.37500000000000006,0.7500000000000001,2,0,0.46489316,-0.13977523,15,-0.37500000000000006,-0.2851068377494813
flat,0.425,0.7500000000000001,3,0,0.50534356,-0.034181073,15,-0.3250000000000001,-0.24465644359588634
flat,0.475,0.7500000000000001,4,0,0.5457939,0.071412906,15,-0.27500000000000013,-0.20420610904693615
flat,0.525,0.7500000000000001,5,0,0.5862442,0.17700697,15,-0.2250000000000001,-0.16375577449798595
flat,0.575,0.7500000000000001,6,0,0.62669456,0.28260106,15,-0.17500000000000016,-0.12330543994903576
flat,0.625,0.7500000000000001,7,0,0.6671449,0.38819516,15,-0.1250000000000001,-0.08285510540008556
flat,0.675,0.7500000000000001,8,0,0.7075953,0.49378932,15,-0.07500000000000007,-0.04240471124649059
flat,0.7250000000000001,0.7500000000000001,9,0,0.7480456,0.5993834,15,-0.025000000000000022,-0.0019543766975403942
flat,0.7749999999999999,0.7500000000000001,10,1,0.78849596,0.7049774,15,0.0249999999999998,0.0384959578514098
flat,0.7749999999999999,0.7500000000000001,10,1,0.78849596,0.7049774,15,0.0249999999999998,0.0384959578514098
flat,0.825,0.7500000000000001,11,1,0.82894635,0.81057155,15,0.07499999999999984,0.07894635200500477
flat,0.825,0.7500000000000001,11,1,0.82894635,0.81057155,15,0.07499999999999984,0.07894635200500477
flat,0.8749999999999999,0.7500000000000001,12,1,0.8693967,0.91616565,15,0.12499999999999978,0.11939668655395497
flat,0.8749999999999999,0.7500000000000001,12,1,0.8693967,0.91616565,15,0.12499999999999978,0.11939668655395497
flat,0.9249999999999999,0.7500000000000001,13,1,0.909847,1.0217596,15,0.17499999999999982,0.15984702110290516
flat,0.9249999999999999,0.7500000000000001,13,1,0.909847,1.0217596,15,0.17499999999999982,0.15984702110290516
flat,0.975,0.7500000000000001,14,1,0.9500136,1.122405,15,0.22499999999999987,0.20001357793807972
flat,0.975,0.7500000000000001,14,1,0.9500136,1.122405,15,0.22499999999999987,0.20001357793807972
base,0.025000000000000022,0.5,0,0,0.12235278,-0.99531794,15,-0.475,-0.3776472210884094
base,0.075,0.5,1,0,0.16280316,-0.8897237,15,-0.425,-0.33719684183597565
base,0.12500000000000003,0.5,2,0,0.20325348,-0.78412974,15,-0.375,-0.29674652218818665
base,0.17500000000000002,0.5,3,0,0.24370381,-0.67853564,15,-0.32499999999999996,-0.25629618763923645
base,0.225,0.5,4,0,0.28415418,-0.57294154,15,-0.275,-0.21584582328796387
base,0.275,0.5,5,0,0.3246045,-0.4673475,15,-0.22499999999999998,-0.17539548873901367
base,0.325,0.5,6,0,0.36505485,-0.36175346,15,-0.175,-0.13494515419006348
base,0.37500000000000006,0.5,7,0,0.40550524,-0.2561593,15,-0.12499999999999994,-0.0944947600364685
base,0.425,0.5,8,0,0.44595557,-0.15056522,15,-0.07500000000000001,-0.05404442548751831
base,0.475,0.5,9,0,0.4864059,-0.044971213,15,-0.025000000000000022,-0.013594090938568115
base,0.525,0.5,10,1,0.52685624,0.060622856,15,0.025000000000000022,0.02685624361038208
base,0.575,0.5,11,1,0.56730664,0.1662169,15,0.07499999999999996,0.06730663776397705
base,0.625,0.5,12,1,0.607757,0.27181107,15,0.125,0.10775697231292725
base,0.675,0.5,13,1,0.64820737,0.37740517,15,0.17500000000000004,0.14820736646652222
base,0.7250000000000001,0.5,14,1,0.6886577,0.48299938,15,0.2250000000000001,0.1886577010154724
base,0.7749999999999999,0.5,15,1,0.729108,0.58859324,15,0.2749999999999999,0.22910797595977783
base,0.825,0.5,16,1,0.76955837,0.6941874,15,0.32499999999999996,0.2695583701133728
base,0.8749999999999999,0.5,17,1,0.81000876,0.79978156,15,0.3749999999999999,0.3100087642669678
base,0.9249999999999999,0.5,18,1,0.8504591,0.90537554,15,0.42499999999999993,0.35045909881591797
base,0.975,0.5,19,1,0.88823074,1.0047252,15,0.475,0.38823074102401733
curv,0.025000000000000022,0.25,0,0,0.06296483,-1.1117021,15,-0.22499999999999998,-0.18703517317771912
curv,0.025000000000000022,0.25,0,0,0.06296483,-1.1117021,15,-0.22499999999999998,-0.18703517317771912
curv,0.075,0.25,1,0,0.10341519,-1.0061079,15,-0.175,-0.14658480882644653
curv,0.075,0.25,1,0,0.10341519,-1.0061079,15,-0.175,-0.14658480882644653
curv,0.12500000000000003,0.25,2,0,0.14386557,-0.9005138,15,-0.12499999999999997,-0.10613442957401276
curv,0.12500000000000003,0.25,2,0,0.14386557,-0.9005138,15,-0.12499999999999997,-0.10613442957401276
curv,0.17500000000000002,0.25,3,0,0.18431588,-0.7949198,15,-0.07499999999999998,-0.06568412482738495
curv,0.17500000000000002,0.25,3,0,0.18431588,-0.7949198,15,-0.07499999999999998,-0.06568412482738495
curv,0.225,0.25,4,0,0.22476625,-0.68932563,15,-0.024999999999999994,-0.025233745574951172
curv,0.225,0.25,4,0,0.22476625,-0.68932563,15,-0.024999999999999994,-0.025233745574951172
curv,0.275,0.25,5,1,0.2652166,-0.58373165,15,0.025000000000000022,0.015216588973999023
curv,0.325,0.25,6,1,0.30566692,-0.47813755,15,0.07500000000000001,0.05566692352294922
curv,0.37500000000000006,0.25,7,1,0.34611732,-0.3725434,15,0.12500000000000006,0.09611731767654419
curv,0.425,0.25,8,1,0.38656765,-0.2669493,15,0.175,0.13656765222549438
curv,0.475,0.25,9,1,0.427018,-0.16135536,15,0.22499999999999998,0.17701798677444458
curv,0.525,0.25,10,1,0.46746832,-0.055761203,15,0.275,0.21746832132339478
curv,0.575,0.25,11,1,0.50791866,0.049832806,15,0.32499999999999996,0.25791865587234497
curv,0.625,0.25,12,1,0.54836905,0.1554269,15,0.375,0.29836905002593994
curv,0.675,0.25,13,1,0.58881944,0.26102108,15,0.42500000000000004,0.3388194441795349
curv,0.7250000000000001,0.25,14,1,0.6292697,0.36661524,15,0.4750000000000001,0.37926971912384033
flat,0.275,0.7500000000000001,0,0,0.38399246,-0.3509634,15,-0.4750000000000001,-0.3660075366497041
flat,0.325,0.7500000000000001,1,0,0.42444277,-0.24536933,15,-0.4250000000000001,-0.3255572319030763
flat,0.37500000000000006,0.7500000000000001,2,0,0.46489316,-0.13977523,15,-0.37500000000000006,-0.2851068377494813
flat,0.425,0.7500000000000001,3,0,0.50534356,-0.034181073,15,-0.3250000000000001,-0.24465644359588634
flat,0.475,0.7500000000000001,4,0,0.5457939,0.071412906,15,-0.27500000000000013,-0.20420610904693615
flat,0.525,0.7500000000000001,5,0,0.5862442,0.17700697,15,-0.2250000000000001,-0.16375577449798595
flat,0.575,0.7500000000000001,6,0,0.62669456,0.28260106,15,-0.17500000000000016,-0.12330543994903576
flat,0.625,0.7500000000000001,7,0,0.6671449,0.38819516,15,-0.1250000000000001,-0.08285510540008556
flat,0.675,0.7500000000000001,8,0,0.7075953,0.49378932,15,-0.07500000000000007,-0.04240471124649059
flat,0.7250000000000001,0.7500000000000001,9,0,0.7480456,0.5993834,15,-0.025000000000000022,-0.0019543766975403942
flat,0.7749999999999999,0.7500000000000001,10,1,0.78849596,0.7049774,15,0.0249999999999998,0.0384959578514098
flat,0.7749999999999999,0.7500000000000001,10,1,0.78849596,0.7049774,15,0.0249999999999998,0.0384959578514098
flat,0.825,0.7500000000000001,11,1,0.82894635,0.81057155,15,0.07499999999999984,0.07894635200500477
flat,0.825,0.7500000000000001,11,1,0.82894635,0.81057155,15,0.07499999999999984,0.07894635200500477
flat,0.8749999999999999,0.7500000000000001,12,1,0.8693967,0.91616565,15,0.12499999999999978,0.11939668655395497
flat,0.8749999999999999,0.7500000000000001,12,1,0.8693967,0.91616565,15,0.12499999999999978,0.11939668655395497
flat,0.9249999999999999,0.7500000000000001,13,1,0.909847,1.0217596,15,0.17499999999999982,0.15984702110290516
flat,0.9249999999999999,0.7500000000000001,13,1,0.909847,1.0217596,15,0.17499999999999982,0.15984702110290516
flat,0.975,0.7500000000000001,14,1,0.9500136,1.122405,15,0.22499999999999987,0.20001357793807972
flat,0.975,0.7500000000000001,14,1,0.9500136,1.122405,15,0.22499999999999987,0.20001357793807972
base,0.025000000000000022,0.5,0,0,0.24506822,-0.71249074,16,-0.475,-0.254931777715683
base,0.075,0.5,1,0,0.27491462,-0.6257796,16,-0.425,-0.22508537769317627
base,0.12500000000000003,0.5,2,0,0.30476105,-0.5390685,16,-0.375,-0.19523894786834717
base,0.17500000000000002,0.5,3,0,0.33460748,-0.45235738,16,-0.32499999999999996,-0.16539251804351807
base,0.225,0.5,4,0,0.3644539,-0.36564627,16,-0.275,-0.13554608821868896
base,0.275,0.5,5,0,0.39430034,-0.2789351,16,-0.22499999999999998,-0.10569965839385986
base,0.325,0.5,6,0,0.42414677,-0.19222398,16,-0.175,-0.07585322856903076
base,0.37500000000000006,0.5,7,0,0.4539932,-0.10551286,16,-0.12499999999999994,-0.04600679874420166
base,0.425,0.5,8,0,0.48383963,-0.01880166,16,-0.07500000000000001,-0.01616036891937256
base,0.475,0.5,9,0,0.51368606,0.06790942,16,-0.025000000000000022,0.013686060905456543
base,0.525,0.5,10,1,0.5435325,0.15462059,16,0.025000000000000022,0.043532490730285645
base,0.575,0.5,11,1,0.5733789,0.24133164,16,0.07499999999999996,0.07337892055511475
base,0.625,0.5,12,1,0.60322535,0.3280428,16,0.125,0.10322535037994385
base,0.675,0.5,13,1,0.6330718,0.41475397,16,0.17500000000000004,0.13307178020477295
base,0.7250000000000001,0.5,14,1,0.6629182,0.50146514,16,0.2250000000000001,0.16291821002960205
base,0.7749999999999999,0.5,15,1,0.69276464,0.5881762,16,0.2749999999999999,0.19276463985443115
base,0.825,0.5,16,1,0.72261107,0.6748875,16,0.32499999999999996,0.22261106967926025
base,0.8749999999999999,0.5,17,1,0.7519758,0.76207894,16,0.3749999999999999,0.25197577476501465
base,0.9249999999999999,0.5,18,1,0.77733415,0.8395173,16,0.42499999999999993,0.27733415365219116
base,0.975,0.5,19,1,0.798705,0.9016554,16,0.475,0.29870498180389404
curv,0.025000000000000022,0.25,0,0,0.18256313,-0.5810443,16,-0.22499999999999998,-0.06743687391281128
curv,0.025000000000000022,0.25,0,0,0.18256313,-0.5810443,16,-0.22499999999999998,-0.06743687391281128
curv,0.075,0.25,1,0,0.20080295,-0.5198398,16,-0.175,-0.04919704794883728
curv,0.075,0.25,1,0,0.20080295,-0.5198398,16,-0.175,-0.04919704794883728
curv,0.12500000000000003,0.25,2,0,0.21904276,-0.45863536,16,-0.12499999999999997,-0.030957236886024475
curv,0.12500000000000003,0.25,2,0,0.21904276,-0.45863536,16,-0.12499999999999997,-0.030957236886024475
curv,0.17500000000000002,0.25,3,0,0.23728257,-0.3974309,16,-0.07499999999999998,-0.01271742582321167
curv,0.17500000000000002,0.25,3,0,0.23728257,-0.3974309,16,-0.07499999999999998,-0.01271742582321167
curv,0.225,0.25,4,0,0.25587785,-0.3354453,16,-0.024999999999999994,0.005877852439880371
curv,0.225,0.25,4,0,0.25587785,-0.3354453,16,-0.024999999999999994,0.005877852439880371
curv,0.275,0.25,5,1,0.28572428,-0.24873413,16,0.025000000000000022,0.03572428226470947
curv,0.325,0.25,6,1,0.3155707,-0.16202304,16,0.07500000000000001,0.06557071208953857
curv,0.37500000000000006,0.25,7,1,0.34541717,-0.07531187,16,0.12500000000000006,0.09541717171669006
curv,0.425,0.25,8,1,0.3752636,0.011399299,16,0.175,0.12526360154151917
curv,0.475,0.25,9,1,0.4037494,0.099467576,16,0.22499999999999998,0.15374940633773804
curv,0.525,0.25,10,1,0.43195188,0.18781847,16,0.275,0.1819518804550171
curv,0.575,0.25,11,1,0.46015435,0.27616948,16,0.32499999999999996,0.21015435457229614
curv,0.625,0.25,12,1,0.4883569,0.3645205,16,0.375,0.23835688829421997
curv,0.675,0.25,13,1,0.51655936,0.45287138,16,0.42500000000000004,0.266559362411499
curv,0.7250000000000001,0.25,14,1,0.5447619,0.54122245,16,0.4750000000000001,0.29476189613342285
flat,0.275,0.7500000000000001,0,0,0.5028764,-0.30913606,16,-0.4750000000000001,-0.2471235990524293
flat,0.325,0.7500000000000001,1,0,0.53272283,-0.22242497,16,-0.4250000000000001,-0.2172771692276002
flat,0.37500000000000006,0.7500000000000001,2,0,0.56256926,-0.13571385,16,-0.37500000000000006,-0.1874307394027711
flat,0.425,0.7500000000000001,3,0,0.59241563,-0.049002707,16,-0.3250000000000001,-0.15758436918258678
flat,0.475,0.7500000000000001,4,0,0.6222621,0.03770852,16,-0.27500000000000013,-0.1277378797531129
flat,0.525,0.7500000000000001,5,0,0.6521085,0.12441951,16,-0.2250000000000001,-0.09789150953292858
flat,0.575,0.7500000000000001,6,0,0.681955,0.21113068,16,-0.17500000000000016,-0.0680450201034547
flat,0.625,0.7500000000000001,7,0,0.71180135,0.29784185,16,-0.1250000000000001,-0.038198649883270375
flat,0.675,0.7500000000000001,8,0,0.7416478,0.38455302,16,-0.07500000000000007,-0.008352220058441273
flat,0.7250000000000001,0.7500000000000001,9,0,0.77149427,0.47126412,16,-0.025000000000000022,0.021494269371032604
flat,0.7749999999999999,0.7500000000000001,10,1,0.8013407,0.5579752,16,0.0249999999999998,0.051340699195861705
flat,0.7749999999999999,0.7500000000000001,10,1,0.8013407,0.5579752,16,0.0249999999999998,0.051340699195861705
flat,0.825,0.7500000000000001,11,1,0.8311871,0.6446864,16,0.07499999999999984,0.08118712902069081
flat,0.825,0.7500000000000001,11,1,0.8311871,0.6446864,16,0.07499999999999984,0.08118712902069081
flat,0.8749999999999999,0.7500000000000001,12,1,0.86103356,0.73139757,16,0.12499999999999978,0.11103355884551991
flat,0.8749999999999999,0.7500000000000001,12,1,0.86103356,0.73139757,16,0.12499999999999978,0.11103355884551991
flat,0.9249999999999999,0.7500000000000001,13,1,0.8908799,0.81810874,16,0.17499999999999982,0.14087992906570423
flat,0.9249999999999999,0.7500000000000001,13,1,0.8908799,0.81810874,16,0.17499999999999982,0.14087992906570423
flat,0.975,0.7500000000000001,14,1,0.9207264,0.9048199,16,0.22499999999999987,0.1707264184951781
flat,0.975,0.7500000000000001,14,1,0.9207264,0.9048199,16,0.22499999999999987,0.1707264184951781
base,0.025000000000000022,0.5,0,0,0.24506822,-0.71249074,16,-0.475,-0.254931777715683
base,0.075,0.5,1,0,0.27491462,-0.6257796,16,-0.425,-0.22508537769317627
base,0.12500000000000003,0.5,2,0,0.30476105,-0.5390685,16,-0.375,-0.19523894786834717
base,0.17500000000000002,0.5,3,0,0.33460748,-0.45235738,16,-0.32499999999999996,-0.16539251804351807
base,0.225,0.5,4,0,0.3644539,-0.36564627,16,-0.275,-0.13554608821868896
base,0.275,0.5,5,0,0.39430034,-0.2789351,16,-0.22499999999999998,-0.10569965839385986
base,0.325,0.5,6,0,0.42414677,-0.19222398,16,-0.175,-0.07585322856903076
base,0.37500000000000006,0.5,7,0,0.4539932,-0.10551286,16,-0.12499999999999994,-0.04600679874420166
base,0.425,0.5,8,0,0.48383963,-0.01880166,16,-0.07500000000000001,-0.01616036891937256
base,0.475,0.5,9,0,0.51368606,0.06790942,16,-0.025000000000000022,0.013686060905456543
base,0.525,0.5,10,1,0.5435325,0.15462059,16,0.025000000000000022,0.043532490730285645
base,0.575,0.5,11,1,0.5733789,0.24133164,16,0.07499999999999996,0.07337892055511475
base,0.625,0.5,12,1,0.60322535,0.3280428,16,0.125,0.10322535037994385
base,0.675,0.5,13,1,0.6330718,0.41475397,16,0.17500000000000004,0.13307178020477295
base,0.7250000000000001,0.5,14,1,0.6629182,0.50146514,16,0.2250000000000001,0.16291821002960205
base,0.7749999999999999,0.5,15,1,0.69276464,0.5881762,16,0.2749999999999999,0.19276463985443115
base,0.825,0.5,16,1,0.72261107,0.6748875,16,0.32499999999999996,0.22261106967926025
base,0.8749999999999999,0.5,17,1,0.7519758,0.76207894,16,0.3749999999999999,0.25197577476501465
base,0.9249999999999999,0.5,18,1,0.77733415,0.8395173,16,0.42499999999999993,0.27733415365219116
base,0.975,0.5,19,1,0.798705,0.9016554,16,0.475,0.29870498180389404
curv,0.025000000000000022,0.25,0,0,0.18256313,-0.5810443,16,-0.22499999999999998,-0.06743687391281128
curv,0.025000000000000022,0.25,0,0,0.18256313,-0.5810443,16,-0.22499999999999998,-0.06743687391281128
curv,0.075,0.25,1,0,0.20080295,-0.5198398,16,-0.175,-0.04919704794883728
curv,0.075,0.25,1,0,0.20080295,-0.5198398,16,-0.175,-0.04919704794883728
curv,0.12500000000000003,0.25,2,0,0.21904276,-0.45863536,16,-0.12499999999999997,-0.030957236886024475
curv,0.12500000000000003,0.25,2,0,0.21904276,-0.45863536,16,-0.12499999999999997,-0.030957236886024475
curv,0.17500000000000002,0.25,3,0,0.23728257,-0.3974309,16,-0.07499999999999998,-0.01271742582321167
curv,0.17500000000000002,0.25,3,0,0.23728257,-0.3974309,16,-0.07499999999999998,-0.01271742582321167
curv,0.225,0.25,4,0,0.25587785,-0.3354453,16,-0.024999999999999994,0.005877852439880371
curv,0.225,0.25,4,0,0.25587785,-0.3354453,16,-0.024999999999999994,0.005877852439880371
curv,0.275,0.25,5,1,0.28572428,-0.24873413,16,0.025000000000000022,0.03572428226470947
curv,0.325,0.25,6,1,0.3155707,-0.16202304,16,0.07500000000000001,0.06557071208953857
curv,0.37500000000000006,0.25,7,1,0.34541717,-0.07531187,16,0.12500000000000006,0.09541717171669006
curv,0.425,0.25,8,1,0.3752636,0.011399299,16,0.175,0.12526360154151917
curv,0.475,0.25,9,1,0.4037494,0.099467576,16,0.22499999999999998,0.15374940633773804
curv,0.525,0.25,10,1,0.43195188,0.18781847,16,0.275,0.1819518804550171
curv,0.575,0.25,11,1,0.46015435,0.27616948,16,0.32499999999999996,0.21015435457229614
curv,0.625,0.25,12,1,0.4883569,0.3645205,16,0.375,0.23835688829421997
curv,0.675,0.25,13,1,0.51655936,0.45287138,16,0.42500000000000004,0.266559362411499
curv,0.7250000000000001,0.25,14,1,0.5447619,0.54122245,16,0.4750000000000001,0.29476189613342285
flat,0.275,0.7500000000000001,0,0,0.5028764,-0.30913606,16,-0.4750000000000001,-0.2471235990524293
flat,0.325,0.7500000000000001,1,0,0.53272283,-0.22242497,16,-0.4250000000000001,-0.2172771692276002
flat,0.37500000000000006,0.7500000000000001,2,0,0.56256926,-0.13571385,16,-0.37500000000000006,-0.1874307394027711
flat,0.425,0.7500000000000001,3,0,0.59241563,-0.049002707,16,-0.3250000000000001,-0.15758436918258678
flat,0.475,0.7500000000000001,4,0,0.6222621,0.03770852,16,-0.27500000000000013,-0.1277378797531129
flat,0.525,0.7500000000000001,5,0,0.6521085,0.12441951,16,-0.2250000000000001,-0.09789150953292858
flat,0.575,0.7500000000000001,6,0,0.681955,0.21113068,16,-0.17500000000000016,-0.0680450201034547
flat,0.625,0.7500000000000001,7,0,0.71180135,0.29784185,16,-0.1250000000000001,-0.038198649883270375
flat,0.675,0.7500000000000001,8,0,0.7416478,0.38455302,16,-0.07500000000000007,-0.008352220058441273
flat,0.7250000000000001,0.7500000000000001,9,0,0.77149427,0.47126412,16,-0.025000000000000022,0.021494269371032604
flat,0.7749999999999999,0.7500000000000001,10,1,0.8013407,0.5579752,16,0.0249999999999998,0.051340699195861705
flat,0.7749999999999999,0.7500000000000001,10,1,0.8013407,0.5579752,16,0.0249999999999998,0.051340699195861705
flat,0.825,0.7500000000000001,11,1,0.8311871,0.6446864,16,0.07499999999999984,0.08118712902069081
flat,0.825,0.7500000000000001,11,1,0.8311871,0.6446864,16,0.07499999999999984,0.08118712902069081
flat,0.8749999999999999,0.7500000000000001,12,1,0.86103356,0.73139757,16,0.12499999999999978,0.11103355884551991
flat,0.8749999999999999,0.7500000000000001,12,1,0.86103356,0.73139757,16,0.12499999999999978,0.11103355884551991
flat,0.9249999999999999,0.7500000000000001,13,1,0.8908799,0.81810874,16,0.17499999999999982,0.14087992906570423
flat,0.9249999999999999,0.7500000000000001,13,1,0.8908799,0.81810874,16,0.17499999999999982,0.14087992906570423
flat,0.975,0.7500000000000001,14,1,0.9207264,0.9048199,16,0.22499999999999987,0.1707264184951781
flat,0.975,0.7500000000000001,14,1,0.9207264,0.9048199,16,0.22499999999999987,0.1707264184951781
base,0.025000000000000022,0.5,0,0,0.24506822,-0.71249074,16,-0.475,-0.254931777715683
base,0.075,0.5,1,0,0.27491462,-0.6257796,16,-0.425,-0.22508537769317627
base,0.12500000000000003,0.5,2,0,0.30476105,-0.5390685,16,-0.375,-0.19523894786834717
base,0.17500000000000002,0.5,3,0,0.33460748,-0.45235738,16,-0.32499999999999996,-0.16539251804351807
base,0.225,0.5,4,0,0.3644539,-0.36564627,16,-0.275,-0.13554608821868896
base,0.275,0.5,5,0,0.39430034,-0.2789351,16,-0.22499999999999998,-0.10569965839385986
base,0.325,0.5,6,0,0.42414677,-0.19222398,16,-0.175,-0.07585322856903076
base,0.37500000000000006,0.5,7,0,0.4539932,-0.10551286,16,-0.12499999999999994,-0.04600679874420166
base,0.425,0.5,8,0,0.48383963,-0.01880166,16,-0.07500000000000001,-0.01616036891937256
base,0.475,0.5,9,0,0.51368606,0.06790942,16,-0.025000000000000022,0.013686060905456543
base,0.525,0.5,10,1,0.5435325,0.15462059,16,0.025000000000000022,0.043532490730285645
base,0.575,0.5,11,1,0.5733789,0.24133164,16,0.07499999999999996,0.07337892055511475
base,0.625,0.5,12,1,0.60322535,0.3280428,16,0.125,0.10322535037994385
base,0.675,0.5,13,1,0.6330718,0.41475397,16,0.17500000000000004,0.13307178020477295
base,0.7250000000000001,0.5,14,1,0.6629182,0.50146514,16,0.2250000000000001,0.16291821002960205
base,0.7749999999999999,0.5,15,1,0.69276464,0.5881762,16,0.2749999999999999,0.19276463985443115
base,0.825,0.5,16,1,0.72261107,0.6748875,16,0.32499999999999996,0.22261106967926025
base,0.8749999999999999,0.5,17,1,0.7519758,0.76207894,16,0.3749999999999999,0.25197577476501465
base,0.9249999999999999,0.5,18,1,0.77733415,0.8395173,16,0.42499999999999993,0.27733415365219116
base,0.975,0.5,19,1,0.798705,0.9016554,16,0.475,0.29870498180389404
curv,0.025000000000000022,0.25,0,0,0.18256313,-0.5810443,16,-0.22499999999999998,-0.06743687391281128
curv,0.025000000000000022,0.25,0,0,0.18256313,-0.5810443,16,-0.22499999999999998,-0.06743687391281128
curv,0.075,0.25,1,0,0.20080295,-0.5198398,16,-0.175,-0.04919704794883728
curv,0.075,0.25,1,0,0.20080295,-0.5198398,16,-0.175,-0.04919704794883728
curv,0.12500000000000003,0.25,2,0,0.21904276,-0.45863536,16,-0.12499999999999997,-0.030957236886024475
curv,0.12500000000000003,0.25,2,0,0.21904276,-0.45863536,16,-0.12499999999999997,-0.030957236886024475
curv,0.17500000000000002,0.25,3,0,0.23728257,-0.3974309,16,-0.07499999999999998,-0.01271742582321167
curv,0.17500000000000002,0.25,3,0,0.23728257,-0.3974309,16,-0.07499999999999998,-0.01271742582321167
curv,0.225,0.25,4,0,0.25587785,-0.3354453,16,-0.024999999999999994,0.005877852439880371
curv,0.225,0.25,4,0,0.25587785,-0.3354453,16,-0.024999999999999994,0.005877852439880371
curv,0.275,0.25,5,1,0.28572428,-0.24873413,16,0.025000000000000022,0.03572428226470947
curv,0.325,0.25,6,1,0.3155707,-0.16202304,16,0.07500000000000001,0.06557071208953857
curv,0.37500000000000006,0.25,7,1,0.34541717,-0.07531187,16,0.12500000000000006,0.09541717171669006
curv,0.425,0.25,8,1,0.3752636,0.011399299,16,0.175,0.12526360154151917
curv,0.475,0.25,9,1,0.4037494,0.099467576,16,0.22499999999999998,0.15374940633773804
curv,0.525,0.25,10,1,0.43195188,0.18781847,16,0.275,0.1819518804550171
curv,0.575,0.25,11,1,0.46015435,0.27616948,16,0.32499999999999996,0.21015435457229614
curv,0.625,0.25,12,1,0.4883569,0.3645205,16,0.375,0.23835688829421997
curv,0.675,0.25,13,1,0.51655936,0.45287138,16,0.42500000000000004,0.266559362411499
curv,0.7250000000000001,0.25,14,1,0.5447619,0.54122245,16,0.4750000000000001,0.29476189613342285
flat,0.275,0.7500000000000001,0,0,0.5028764,-0.30913606,16,-0.4750000000000001,-0.2471235990524293
flat,0.325,0.7500000000000001,1,0,0.53272283,-0.22242497,16,-0.4250000000000001,-0.2172771692276002
flat,0.37500000000000006,0.7500000000000001,2,0,0.56256926,-0.13571385,16,-0.37500000000000006,-0.1874307394027711
flat,0.425,0.7500000000000001,3,0,0.59241563,-0.049002707,16,-0.3250000000000001,-0.15758436918258678
flat,0.475,0.7500000000000001,4,0,0.6222621,0.03770852,16,-0.27500000000000013,-0.1277378797531129
flat,0.525,0.7500000000000001,5,0,0.6521085,0.12441951,16,-0.2250000000000001,-0.09789150953292858
flat,0.575,0.7500000000000001,6,0,0.681955,0.21113068,16,-0.17500000000000016,-0.0680450201034547
flat,0.625,0.7500000000000001,7,0,0.71180135,0.29784185,16,-0.1250000000000001,-0.038198649883270375
flat,0.675,0.7500000000000001,8,0,0.7416478,0.38455302,16,-0.07500000000000007,-0.008352220058441273
flat,0.7250000000000001,0.7500000000000001,9,0,0.77149427,0.47126412,16,-0.025000000000000022,0.021494269371032604
flat,0.7749999999999999,0.7500000000000001,10,1,0.8013407,0.5579752,16,0.0249999999999998,0.051340699195861705
flat,0.7749999999999999,0.7500000000000001,10,1,0.8013407,0.5579752,16,0.0249999999999998,0.051340699195861705
flat,0.825,0.7500000000000001,11,1,0.8311871,0.6446864,16,0.07499999999999984,0.08118712902069081
flat,0.825,0.7500000000000001,11,1,0.8311871,0.6446864,16,0.07499999999999984,0.08118712902069081
flat,0.8749999999999999,0.7500000000000001,12,1,0.86103356,0.73139757,16,0.12499999999999978,0.11103355884551991
flat,0.8749999999999999,0.7500000000000001,12,1,0.86103356,0.73139757,16,0.12499999999999978,0.11103355884551991
flat,0.9249999999999999,0.7500000000000001,13,1,0.8908799,0.81810874,16,0.17499999999999982,0.14087992906570423
flat,0.9249999999999999,0.7500000000000001,13,1,0.8908799,0.81810874,16,0.17499999999999982,0.14087992906570423
flat,0.975,0.7500000000000001,14,1,0.9207264,0.9048199,16,0.22499999999999987,0.1707264184951781
flat,0.975,0.7500000000000001,14,1,0.9207264,0.9048199,16,0.22499999999999987,0.1707264184951781
base,0.025000000000000022,0.5,0,0,0.24506822,-0.71249074,16,-0.475,-0.254931777715683
base,0.075,0.5,1,0,0.27491462,-0.6257796,16,-0.425,-0.22508537769317627
base,0.12500000000000003,0.5,2,0,0.30476105,-0.5390685,16,-0.375,-0.19523894786834717
base,0.17500000000000002,0.5,3,0,0.33460748,-0.45235738,16,-0.32499999999999996,-0.16539251804351807
base,0.225,0.5,4,0,0.3644539,-0.36564627,16,-0.275,-0.13554608821868896
base,0.275,0.5,5,0,0.39430034,-0.2789351,16,-0.22499999999999998,-0.10569965839385986
base,0.325,0.5,6,0,0.42414677,-0.19222398,16,-0.175,-0.07585322856903076
base,0.37500000000000006,0.5,7,0,0.4539932,-0.10551286,16,-0.12499999999999994,-0.04600679874420166
base,0.425,0.5,8,0,0.48383963,-0.01880166,16,-0.07500000000000001,-0.01616036891937256
base,0.475,0.5,9,0,0.51368606,0.06790942,16,-0.025000000000000022,0.013686060905456543
base,0.525,0.5,10,1,0.5435325,0.15462059,16,0.025000000000000022,0.043532490730285645
base,0.575,0.5,11,1,0.5733789,0.24133164,16,0.07499999999999996,0.07337892055511475
base,0.625,0.5,12,1,0.60322535,0.3280428,16,0.125,0.10322535037994385
base,0.675,0.5,13,1,0.6330718,0.41475397,16,0.17500000000000004,0.13307178020477295
base,0.7250000000000001,0.5,14,1,0.6629182,0.50146514,16,0.2250000000000001,0.16291821002960205
base,0.7749999999999999,0.5,15,1,0.69276464,0.5881762,16,0.2749999999999999,0.19276463985443115
base,0.825,0.5,16,1,0.72261107,0.6748875,16,0.32499999999999996,0.22261106967926025
base,0.8749999999999999,0.5,17,1,0.7519758,0.76207894,16,0.3749999999999999,0.25197577476501465
base,0.9249999999999999,0.5,18,1,0.77733415,0.8395173,16,0.42499999999999993,0.27733415365219116
base,0.975,0.5,19,1,0.798705,0.9016554,16,0.475,0.29870498180389404
curv,0.025000000000000022,0.25,0,0,0.18256313,-0.5810443,16,-0.22499999999999998,-0.06743687391281128
curv,0.025000000000000022,0.25,0,0,0.18256313,-0.5810443,16,-0.22499999999999998,-0.06743687391281128
curv,0.075,0.25,1,0,0.20080295,-0.5198398,16,-0.175,-0.04919704794883728
curv,0.075,0.25,1,0,0.20080295,-0.5198398,16,-0.175,-0.04919704794883728
curv,0.12500000000000003,0.25,2,0,0.21904276,-0.45863536,16,-0.12499999999999997,-0.030957236886024475
curv,0.12500000000000003,0.25,2,0,0.21904276,-0.45863536,16,-0.12499999999999997,-0.030957236886024475
curv,0.17500000000000002,0.25,3,0,0.23728257,-0.3974309,16,-0.07499999999999998,-0.01271742582321167
curv,0.17500000000000002,0.25,3,0,0.23728257,-0.3974309,16,-0.07499999999999998,-0.01271742582321167
curv,0.225,0.25,4,0,0.25587785,-0.3354453,16,-0.024999999999999994,0.005877852439880371
curv,0.225,0.25,4,0,0.25587785,-0.3354453,16,-0.024999999999999994,0.005877852439880371
curv,0.275,0.25,5,1,0.28572428,-0.24873413,16,0.025000000000000022,0.03572428226470947
curv,0.325,0.25,6,1,0.3155707,-0.16202304,16,0.07500000000000001,0.06557071208953857
curv,0.37500000000000006,0.25,7,1,0.34541717,-0.07531187,16,0.12500000000000006,0.09541717171669006
curv,0.425,0.25,8,1,0.3752636,0.011399299,16,0.175,0.12526360154151917
curv,0.475,0.25,9,1,0.4037494,0.099467576,16,0.22499999999999998,0.15374940633773804
curv,0.525,0.25,10,1,0.43195188,0.18781847,16,0.275,0.1819518804550171
curv,0.575,0.25,11,1,0.46015435,0.27616948,16,0.32499999999999996,0.21015435457229614
curv,0.625,0.25,12,1,0.4883569,0.3645205,16,0.375,0.23835688829421997
curv,0.675,0.25,13,1,0.51655936,0.45287138,16,0.42500000000000004,0.266559362411499
curv,0.7250000000000001,0.25,14,1,0.5447619,0.54122245,16,0.4750000000000001,0.29476189613342285
flat,0.275,0.7500000000000001,0,0,0.5028764,-0.30913606,16,-0.4750000000000001,-0.2471235990524293
flat,0.325,0.7500000000000001,1,0,0.53272283,-0.22242497,16,-0.4250000000000001,-0.2172771692276002
flat,0.37500000000000006,0.7500000000000001,2,0,0.56256926,-0.13571385,16,-0.37500000000000006,-0.1874307394027711
flat,0.425,0.7500000000000001,3,0,0.59241563,-0.049002707,16,-0.3250000000000001,-0.15758436918258678
flat,0.475,0.7500000000000001,4,0,0.6222621,0.03770852,16,-0.27500000000000013,-0.1277378797531129
flat,0.525,0.7500000000000001,5,0,0.6521085,0.12441951,16,-0.2250000000000001,-0.09789150953292858
flat,0.575,0.7500000000000001,6,0,0.681955,0.21113068,16,-0.17500000000000016,-0.0680450201034547
flat,0.625,0.7500000000000001,7,0,0.71180135,0.29784185,16,-0.1250000000000001,-0.038198649883270375
flat,0.675,0.7500000000000001,8,0,0.7416478,0.38455302,16,-0.07500000000000007,-0.008352220058441273
flat,0.7250000000000001,0.7500000000000001,9,0,0.77149427,0.47126412,16,-0.025000000000000022,0.021494269371032604
flat,0.7749999999999999,0.7500000000000001,10,1,0.8013407,0.5579752,16,0.0249999999999998,0.051340699195861705
flat,0.7749999999999999,0.7500000000000001,10,1,0.8013407,0.5579752,16,0.0249999999999998,0.051340699195861705
flat,0.825,0.7500000000000001,11,1,0.8311871,0.6446864,16,0.07499999999999984,0.08118712902069081
flat,0.825,0.7500000000000001,11,1,0.8311871,0.6446864,16,0.07499999999999984,0.08118712902069081
flat,0.8749999999999999,0.7500000000000001,12,1,0.86103356,0.73139757,16,0.12499999999999978,0.11103355884551991
flat,0.8749999999999999,0.7500000000000001,12,1,0.86103356,0.73139757,16,0.12499999999999978,0.11103355884551991
flat,0.9249999999999999,0.7500000000000001,13,1,0.8908799,0.81810874,16,0.17499999999999982,0.14087992906570423
flat,0.9249999999999999,0.7500000000000001,13,1,0.8908799,0.81810874,16,0.17499999999999982,0.14087992906570423
flat,0.975,0.7500000000000001,14,1,0.9207264,0.9048199,16,0.22499999999999987,0.1707264184951781
flat,0.975,0.7500000000000001,14,1,0.9207264,0.9048199,16,0.22499999999999987,0.1707264184951781
base,0.025000000000000022,0.5,0,0,0.24646538,-0.88853145,17,-0.475,-0.25353461503982544
base,0.075,0.5,1,0,0.27482525,-0.7881346,17,-0.425,-0.22517475485801697
base,0.12500000000000003,0.5,2,0,0.3031851,-0.68773794,17,-0.375,-0.1968148946762085
base,0.17500000000000002,0.5,3,0,0.331545,-0.5873411,17,-0.32499999999999996,-0.16845500469207764
base,0.225,0.5,4,0,0.35990486,-0.4869443,17,-0.275,-0.14009514451026917
base,0.275,0.5,5,0,0.38826472,-0.3865475,17,-0.22499999999999998,-0.1117352843284607
base,0.325,0.5,6,0,0.41662455,-0.2861508,17,-0.175,-0.08337545394897461
base,0.37500000000000006,0.5,7,0,0.4449844,-0.18575403,17,-0.12499999999999994,-0.05501559376716614
base,0.425,0.5,8,0,0.4733443,-0.08535722,17,-0.07500000000000001,-0.02665570378303528
base,0.475,0.5,9,0,0.50170416,0.015039563,17,-0.025000000000000022,0.0017041563987731934
base,0.525,0.5,10,1,0.530064,0.115436316,17,0.025000000000000022,0.030063986778259277
base,0.575,0.5,11,1,0.5584239,0.21583307,17,0.07499999999999996,0.05842387676239014
base,0.625,0.5,12,1,0.58678377,0.31622985,17,0.125,0.086783766746521
base,0.675,0.5,13,1,0.61514366,0.41662666,17,0.17500000000000004,0.11514365673065186
base,0.7250000000000001,0.5,14,1,0.6435035,0.51702344,17,0.2250000000000001,0.14350348711013794
base,0.7749999999999999,0.5,15,1,0.6718633,0.6174201,17,0.2749999999999999,0.17186331748962402
base,0.825,0.5,16,1,0.7002232,0.71781695,17,0.32499999999999996,0.20022320747375488
base,0.8749999999999999,0.5,17,1,0.7285831,0.8182138,17,0.3749999999999999,0.22858309745788574
base,0.9249999999999999,0.5,18,1,0.756943,0.9186106,17,0.42499999999999993,0.2569429874420166
base,0.975,0.5,19,1,0.78148687,1.0108523,17,0.475,0.2814868688583374
curv,0.025000000000000022,0.25,0,0,0.15795667,-0.8348285,17,-0.22499999999999998,-0.09204332530498505
curv,0.025000000000000022,0.25,0,0,0.15795667,-0.8348285,17,-0.22499999999999998,-0.09204332530498505
curv,0.075,0.25,1,0,0.18631653,-0.73443174,17,-0.175,-0.06368346512317657
curv,0.075,0.25,1,0,0.18631653,-0.73443174,17,-0.175,-0.06368346512317657
curv,0.12500000000000003,0.25,2,0,0.2146764,-0.634035,17,-0.12499999999999997,-0.0353236049413681
curv,0.12500000000000003,0.25,2,0,0.2146764,-0.634035,17,-0.12499999999999997,-0.0353236049413681
curv,0.17500000000000002,0.25,3,0,0.24303626,-0.53363824,17,-0.07499999999999998,-0.006963744759559631
curv,0.17500000000000002,0.25,3,0,0.24303626,-0.53363824,17,-0.07499999999999998,-0.006963744759559631
curv,0.225,0.25,4,0,0.27139613,-0.4332414,17,-0.024999999999999994,0.021396130323410034
curv,0.225,0.25,4,0,0.27139613,-0.4332414,17,-0.024999999999999994,0.021396130323410034
curv,0.275,0.25,5,1,0.29975596,-0.33284464,17,0.025000000000000022,0.04975596070289612
curv,0.325,0.25,6,1,0.3281158,-0.23244798,17,0.07500000000000001,0.0781157910823822
curv,0.37500000000000006,0.25,7,1,0.3564757,-0.13205108,17,0.12500000000000006,0.10647571086883545
curv,0.425,0.25,8,1,0.38483557,-0.03165424,17,0.175,0.13483557105064392
curv,0.475,0.25,9,1,0.4131954,0.068742424,17,0.22499999999999998,0.16319540143013
curv,0.525,0.25,10,1,0.4415553,0.16913918,17,0.275,0.19155529141426086
curv,0.575,0.25,11,1,0.46991512,0.26953596,17,0.32499999999999996,0.21991512179374695
curv,0.625,0.25,12,1,0.498275,0.3699328,17,0.375,0.2482750117778778
curv,0.675,0.25,13,1,0.52663493,0.4703296,17,0.42500000000000004,0.27663493156433105
curv,0.7250000000000001,0.25,14,1,0.5549948,0.5707264,17,0.4750000000000001,0.3049948215484619
flat,0.275,0.7500000000000001,0,0,0.4767734,-0.44025052,17,-0.4750000000000001,-0.2732265889644624
flat,0.325,0.7500000000000001,1,0,0.5051333,-0.33985376,17,-0.4250000000000001,-0.24486672878265392
flat,0.37500000000000006,0.7500000000000001,2,0,0.53349316,-0.23945692,17,-0.37500000000000006,-0.21650683879852306
flat,0.425,0.7500000000000001,3,0,0.56185305,-0.13906008,17,-0.3250000000000001,-0.1881469488143922
flat,0.475,0.7500000000000001,4,0,0.59021294,-0.038663357,17,-0.27500000000000013,-0.15978705883026134
flat,0.525,0.7500000000000001,5,0,0.6185727,0.061733335,17,-0.2250000000000001,-0.13142728805542003
flat,0.575,0.7500000000000001,6,0,0.6469326,0.16213015,17,-0.17500000000000016,-0.10306739807128917
flat,0.625,0.7500000000000001,7,0,0.6752925,0.26252696,17,-0.1250000000000001,-0.07470750808715831
flat,0.675,0.7500000000000001,8,0,0.7036524,0.36292383,17,-0.07500000000000007,-0.046347618103027455
flat,0.7250000000000001,0.7500000000000001,9,0,0.7320123,0.46332046,17,-0.025000000000000022,-0.017987728118896595
flat,0.7749999999999999,0.7500000000000001,10,1,0.76037204,0.56371725,17,0.0249999999999998,0.010372042655944713
flat,0.7749999999999999,0.7500000000000001,10,1,0.76037204,0.56371725,17,0.0249999999999998,0.010372042655944713
flat,0.825,0.7500000000000001,11,1,0.78873193,0.6641141,17,0.07499999999999984,0.03873193264007557
flat,0.825,0.7500000000000001,11,1,0.78873193,0.6641141,17,0.07499999999999984,0.03873193264007557
flat,0.8749999999999999,0.7500000000000001,12,1,0.8170918,0.76451087,17,0.12499999999999978,0.06709182262420643
flat,0.8749999999999999,0.7500000000000001,12,1,0.8170918,0.76451087,17,0.12499999999999978,0.06709182262420643
flat,0.9249999999999999,0.7500000000000001,13,1,0.8454517,0.8649076,17,0.17499999999999982,0.09545171260833729
flat,0.9249999999999999,0.7500000000000001,13,1,0.8454517,0.8649076,17,0.17499999999999982,0.09545171260833729
flat,0.975,0.7500000000000001,14,1,0.8703815,0.9579741,17,0.22499999999999987,0.12038147449493397
flat,0.975,0.7500000000000001,14,1,0.8703815,0.9579741,17,0.22499999999999987,0.12038147449493397
base,0.025000000000000022,0.5,0,0,0.24646538,-0.88853145,17,-0.475,-0.25353461503982544
base,0.075,0.5,1,0,0.27482525,-0.7881346,17,-0.425,-0.22517475485801697
base,0.12500000000000003,0.5,2,0,0.3031851,-0.68773794,17,-0.375,-0.1968148946762085
base,0.17500000000000002,0.5,3,0,0.331545,-0.5873411,17,-0.32499999999999996,-0.16845500469207764
base,0.225,0.5,4,0,0.35990486,-0.4869443,17,-0.275,-0.14009514451026917
base,0.275,0.5,5,0,0.38826472,-0.3865475,17,-0.22499999999999998,-0.1117352843284607
base,0.325,0.5,6,0,0.41662455,-0.2861508,17,-0.175,-0.08337545394897461
base,0.37500000000000006,0.5,7,0,0.4449844,-0.18575403,17,-0.12499999999999994,-0.05501559376716614
base,0.425,0.5,8,0,0.4733443,-0.08535722,17,-0.07500000000000001,-0.02665570378303528
base,0.475,0.5,9,0,0.50170416,0.015039563,17,-0.025000000000000022,0.0017041563987731934
base,0.525,0.5,10,1,0.530064,0.115436316,17,0.025000000000000022,0.030063986778259277
base,0.575,0.5,11,1,0.5584239,0.21583307,17,0.07499999999999996,0.05842387676239014
base,0.625,0.5,12,1,0.58678377,0.31622985,17,0.125,0.086783766746521
base,0.675,0.5,13,1,0.61514366,0.41662666,17,0.17500000000000004,0.11514365673065186
base,0.7250000000000001,0.5,14,1,0.6435035,0.51702344,17,0.2250000000000001,0.14350348711013794
base,0.7749999999999999,0.5,15,1,0.6718633,0.6174201,17,0.2749999999999999,0.17186331748962402
base,0.825,0.5,16,1,0.7002232,0.71781695,17,0.32499999999999996,0.20022320747375488
base,0.8749999999999999,0.5,17,1,0.7285831,0.8182138,17,0.3749999999999999,0.22858309745788574
base,0.9249999999999999,0.5,18,1,0.756943,0.9186106,17,0.42499999999999993,0.2569429874420166
base,0.975,0.5,19,1,0.78148687,1.0108523,17,0.475,0.2814868688583374
curv,0.025000000000000022,0.25,0,0,0.15795667,-0.8348285,17,-0.22499999999999998,-0.09204332530498505
curv,0.025000000000000022,0.25,0,0,0.15795667,-0.8348285,17,-0.22499999999999998,-0.09204332530498505
curv,0.075,0.25,1,0,0.18631653,-0.73443174,17,-0.175,-0.06368346512317657
curv,0.075,0.25,1,0,0.18631653,-0.73443174,17,-0.175,-0.06368346512317657
curv,0.12500000000000003,0.25,2,0,0.2146764,-0.634035,17,-0.12499999999999997,-0.0353236049413681
curv,0.12500000000000003,0.25,2,0,0.2146764,-0.634035,17,-0.12499999999999997,-0.0353236049413681
curv,0.17500000000000002,0.25,3,0,0.24303626,-0.53363824,17,-0.07499999999999998,-0.006963744759559631
curv,0.17500000000000002,0.25,3,0,0.24303626,-0.53363824,17,-0.07499999999999998,-0.006963744759559631
curv,0.225,0.25,4,0,0.27139613,-0.4332414,17,-0.024999999999999994,0.021396130323410034
curv,0.225,0.25,4,0,0.27139613,-0.4332414,17,-0.024999999999999994,0.021396130323410034
curv,0.275,0.25,5,1,0.29975596,-0.33284464,17,0.025000000000000022,0.04975596070289612
curv,0.325,0.25,6,1,0.3281158,-0.23244798,17,0.07500000000000001,0.0781157910823822
curv,0.37500000000000006,0.25,7,1,0.3564757,-0.13205108,17,0.12500000000000006,0.10647571086883545
curv,0.425,0.25,8,1,0.38483557,-0.03165424,17,0.175,0.13483557105064392
curv,0.475,0.25,9,1,0.4131954,0.068742424,17,0.22499999999999998,0.16319540143013
curv,0.525,0.25,10,1,0.4415553,0.16913918,17,0.275,0.19155529141426086
curv,0.575,0.25,11,1,0.46991512,0.26953596,17,0.32499999999999996,0.21991512179374695
curv,0.625,0.25,12,1,0.498275,0.3699328,17,0.375,0.2482750117778778
curv,0.675,0.25,13,1,0.52663493,0.4703296,17,0.42500000000000004,0.27663493156433105
curv,0.7250000000000001,0.25,14,1,0.5549948,0.5707264,17,0.4750000000000001,0.3049948215484619
flat,0.275,0.7500000000000001,0,0,0.4767734,-0.44025052,17,-0.4750000000000001,-0.2732265889644624
flat,0.325,0.7500000000000001,1,0,0.5051333,-0.33985376,17,-0.4250000000000001,-0.24486672878265392
flat,0.37500000000000006,0.7500000000000001,2,0,0.53349316,-0.23945692,17,-0.37500000000000006,-0.21650683879852306
flat,0.425,0.7500000000000001,3,0,0.56185305,-0.13906008,17,-0.3250000000000001,-0.1881469488143922
flat,0.475,0.7500000000000001,4,0,0.59021294,-0.038663357,17,-0.27500000000000013,-0.15978705883026134
flat,0.525,0.7500000000000001,5,0,0.6185727,0.061733335,17,-0.2250000000000001,-0.13142728805542003
flat,0.575,0.7500000000000001,6,0,0.6469326,0.16213015,17,-0.17500000000000016,-0.10306739807128917
flat,0.625,0.7500000000000001,7,0,0.6752925,0.26252696,17,-0.1250000000000001,-0.07470750808715831
flat,0.675,0.7500000000000001,8,0,0.7036524,0.36292383,17,-0.07500000000000007,-0.046347618103027455
flat,0.7250000000000001,0.7500000000000001,9,0,0.7320123,0.46332046,17,-0.025000000000000022,-0.017987728118896595
flat,0.7749999999999999,0.7500000000000001,10,1,0.76037204,0.56371725,17,0.0249999999999998,0.010372042655944713
flat,0.7749999999999999,0.7500000000000001,10,1,0.76037204,0.56371725,17,0.0249999999999998,0.010372042655944713
flat,0.825,0.7500000000000001,11,1,0.78873193,0.6641141,17,0.07499999999999984,0.03873193264007557
flat,0.825,0.7500000000000001,11,1,0.78873193,0.6641141,17,0.07499999999999984,0.03873193264007557
flat,0.8749999999999999,0.7500000000000001,12,1,0.8170918,0.76451087,17,0.12499999999999978,0.06709182262420643
flat,0.8749999999999999,0.7500000000000001,12,1,0.8170918,0.76451087,17,0.12499999999999978,0.06709182262420643
flat,0.9249999999999999,0.7500000000000001,13,1,0.8454517,0.8649076,17,0.17499999999999982,0.09545171260833729
flat,0.9249999999999999,0.7500000000000001,13,1,0.8454517,0.8649076,17,0.17499999999999982,0.09545171260833729
flat,0.975,0.7500000000000001,14,1,0.8703815,0.9579741,17,0.22499999999999987,0.12038147449493397
flat,0.975,0.7500000000000001,14,1,0.8703815,0.9579741,17,0.22499999999999987,0.12038147449493397
base,0.025000000000000022,0.5,0,0,0.24646538,-0.88853145,17,-0.475,-0.25353461503982544
base,0.075,0.5,1,0,0.27482525,-0.7881346,17,-0.425,-0.22517475485801697
base,0.12500000000000003,0.5,2,0,0.3031851,-0.68773794,17,-0.375,-0.1968148946762085
base,0.17500000000000002,0.5,3,0,0.331545,-0.5873411,17,-0.32499999999999996,-0.16845500469207764
base,0.225,0.5,4,0,0.35990486,-0.4869443,17,-0.275,-0.14009514451026917
base,0.275,0.5,5,0,0.38826472,-0.3865475,17,-0.22499999999999998,-0.1117352843284607
base,0.325,0.5,6,0,0.41662455,-0.2861508,17,-0.175,-0.08337545394897461
base,0.37500000000000006,0.5,7,0,0.4449844,-0.18575403,17,-0.12499999999999994,-0.05501559376716614
base,0.425,0.5,8,0,0.4733443,-0.08535722,17,-0.07500000000000001,-0.02665570378303528
base,0.475,0.5,9,0,0.50170416,0.015039563,17,-0.025000000000000022,0.0017041563987731934
base,0.525,0.5,10,1,0.530064,0.115436316,17,0.025000000000000022,0.030063986778259277
base,0.575,0.5,11,1,0.5584239,0.21583307,17,0.07499999999999996,0.05842387676239014
base,0.625,0.5,12,1,0.58678377,0.31622985,17,0.125,0.086783766746521
base,0.675,0.5,13,1,0.61514366,0.41662666,17,0.17500000000000004,0.11514365673065186
base,0.7250000000000001,0.5,14,1,0.6435035,0.51702344,17,0.2250000000000001,0.14350348711013794
base,0.7749999999999999,0.5,15,1,0.6718633,0.6174201,17,0.2749999999999999,0.17186331748962402
base,0.825,0.5,16,1,0.7002232,0.71781695,17,0.32499999999999996,0.20022320747375488
base,0.8749999999999999,0.5,17,1,0.7285831,0.8182138,17,0.3749999999999999,0.22858309745788574
base,0.9249999999999999,0.5,18,1,0.756943,0.9186106,17,0.42499999999999993,0.2569429874420166
base,0.975,0.5,19,1,0.78148687,1.0108523,17,0.475,0.2814868688583374
curv,0.025000000000000022,0.25,0,0,0.15795667,-0.8348285,17,-0.22499999999999998,-0.09204332530498505
curv,0.025000000000000022,0.25,0,0,0.15795667,-0.8348285,17,-0.22499999999999998,-0.09204332530498505
curv,0.075,0.25,1,0,0.18631653,-0.73443174,17,-0.175,-0.06368346512317657
curv,0.075,0.25,1,0,0.18631653,-0.73443174,17,-0.175,-0.06368346512317657
curv,0.12500000000000003,0.25,2,0,0.2146764,-0.634035,17,-0.12499999999999997,-0.0353236049413681
curv,0.12500000000000003,0.25,2,0,0.2146764,-0.634035,17,-0.12499999999999997,-0.0353236049413681
curv,0.17500000000000002,0.25,3,0,0.24303626,-0.53363824,17,-0.07499999999999998,-0.006963744759559631
curv,0.17500000000000002,0.25,3,0,0.24303626,-0.53363824,17,-0.07499999999999998,-0.006963744759559631
curv,0.225,0.25,4,0,0.27139613,-0.4332414,17,-0.024999999999999994,0.021396130323410034
curv,0.225,0.25,4,0,0.27139613,-0.4332414,17,-0.024999999999999994,0.021396130323410034
curv,0.275,0.25,5,1,0.29975596,-0.33284464,17,0.025000000000000022,0.04975596070289612
curv,0.325,0.25,6,1,0.3281158,-0.23244798,17,0.07500000000000001,0.0781157910823822
curv,0.37500000000000006,0.25,7,1,0.3564757,-0.13205108,17,0.12500000000000006,0.10647571086883545
curv,0.425,0.25,8,1,0.38483557,-0.03165424,17,0.175,0.13483557105064392
curv,0.475,0.25,9,1,0.4131954,0.068742424,17,0.22499999999999998,0.16319540143013
curv,0.525,0.25,10,1,0.4415553,0.16913918,17,0.275,0.19155529141426086
curv,0.575,0.25,11,1,0.46991512,0.26953596,17,0.32499999999999996,0.21991512179374695
curv,0.625,0.25,12,1,0.498275,0.3699328,17,0.375,0.2482750117778778
curv,0.675,0.25,13,1,0.52663493,0.4703296,17,0.42500000000000004,0.27663493156433105
curv,0.7250000000000001,0.25,14,1,0.5549948,0.5707264,17,0.4750000000000001,0.3049948215484619
flat,0.275,0.7500000000000001,0,0,0.4767734,-0.44025052,17,-0.4750000000000001,-0.2732265889644624
flat,0.325,0.7500000000000001,1,0,0.5051333,-0.33985376,17,-0.4250000000000001,-0.24486672878265392
flat,0.37500000000000006,0.7500000000000001,2,0,0.53349316,-0.23945692,17,-0.37500000000000006,-0.21650683879852306
flat,0.425,0.7500000000000001,3,0,0.56185305,-0.13906008,17,-0.3250000000000001,-0.1881469488143922
flat,0.475,0.7500000000000001,4,0,0.59021294,-0.038663357,17,-0.27500000000000013,-0.15978705883026134
flat,0.525,0.7500000000000001,5,0,0.6185727,0.061733335,17,-0.2250000000000001,-0.13142728805542003
flat,0.575,0.7500000000000001,6,0,0.6469326,0.16213015,17,-0.17500000000000016,-0.10306739807128917
flat,0.625,0.7500000000000001,7,0,0.6752925,0.26252696,17,-0.1250000000000001,-0.07470750808715831
flat,0.675,0.7500000000000001,8,0,0.7036524,0.36292383,17,-0.07500000000000007,-0.046347618103027455
flat,0.7250000000000001,0.7500000000000001,9,0,0.7320123,0.46332046,17,-0.025000000000000022,-0.017987728118896595
flat,0.7749999999999999,0.7500000000000001,10,1,0.76037204,0.56371725,17,0.0249999999999998,0.010372042655944713
flat,0.7749999999999999,0.7500000000000001,10,1,0.76037204,0.56371725,17,0.0249999999999998,0.010372042655944713
flat,0.825,0.7500000000000001,11,1,0.78873193,0.6641141,17,0.07499999999999984,0.03873193264007557
flat,0.825,0.7500000000000001,11,1,0.78873193,0.6641141,17,0.07499999999999984,0.03873193264007557
flat,0.8749999999999999,0.7500000000000001,12,1,0.8170918,0.76451087,17,0.12499999999999978,0.06709182262420643
flat,0.8749999999999999,0.7500000000000001,12,1,0.8170918,0.76451087,17,0.12499999999999978,0.06709182262420643
flat,0.9249999999999999,0.7500000000000001,13,1,0.8454517,0.8649076,17,0.17499999999999982,0.09545171260833729
flat,0.9249999999999999,0.7500000000000001,13,1,0.8454517,0.8649076,17,0.17499999999999982,0.09545171260833729
flat,0.975,0.7500000000000001,14,1,0.8703815,0.9579741,17,0.22499999999999987,0.12038147449493397
flat,0.975,0.7500000000000001,14,1,0.8703815,0.9579741,17,0.22499999999999987,0.12038147449493397
base,0.025000000000000022,0.5,0,0,0.24646538,-0.88853145,17,-0.475,-0.25353461503982544
base,0.075,0.5,1,0,0.27482525,-0.7881346,17,-0.425,-0.22517475485801697
base,0.12500000000000003,0.5,2,0,0.3031851,-0.68773794,17,-0.375,-0.1968148946762085
base,0.17500000000000002,0.5,3,0,0.331545,-0.5873411,17,-0.32499999999999996,-0.16845500469207764
base,0.225,0.5,4,0,0.35990486,-0.4869443,17,-0.275,-0.14009514451026917
base,0.275,0.5,5,0,0.38826472,-0.3865475,17,-0.22499999999999998,-0.1117352843284607
base,0.325,0.5,6,0,0.41662455,-0.2861508,17,-0.175,-0.08337545394897461
base,0.37500000000000006,0.5,7,0,0.4449844,-0.18575403,17,-0.12499999999999994,-0.05501559376716614
base,0.425,0.5,8,0,0.4733443,-0.08535722,17,-0.07500000000000001,-0.02665570378303528
base,0.475,0.5,9,0,0.50170416,0.015039563,17,-0.025000000000000022,0.0017041563987731934
base,0.525,0.5,10,1,0.530064,0.115436316,17,0.025000000000000022,0.030063986778259277
base,0.575,0.5,11,1,0.5584239,0.21583307,17,0.07499999999999996,0.05842387676239014
base,0.625,0.5,12,1,0.58678377,0.31622985,17,0.125,0.086783766746521
base,0.675,0.5,13,1,0.61514366,0.41662666,17,0.17500000000000004,0.11514365673065186
base,0.7250000000000001,0.5,14,1,0.6435035,0.51702344,17,0.2250000000000001,0.14350348711013794
base,0.7749999999999999,0.5,15,1,0.6718633,0.6174201,17,0.2749999999999999,0.17186331748962402
base,0.825,0.5,16,1,0.7002232,0.71781695,17,0.32499999999999996,0.20022320747375488
base,0.8749999999999999,0.5,17,1,0.7285831,0.8182138,17,0.3749999999999999,0.22858309745788574
base,0.9249999999999999,0.5,18,1,0.756943,0.9186106,17,0.42499999999999993,0.2569429874420166
base,0.975,0.5,19,1,0.78148687,1.0108523,17,0.475,0.2814868688583374
curv,0.025000000000000022,0.25,0,0,0.15795667,-0.8348285,17,-0.22499999999999998,-0.09204332530498505
curv,0.025000000000000022,0.25,0,0,0.15795667,-0.8348285,17,-0.22499999999999998,-0.09204332530498505
curv,0.075,0.25,1,0,0.18631653,-0.73443174,17,-0.175,-0.06368346512317657
curv,0.075,0.25,1,0,0.18631653,-0.73443174,17,-0.175,-0.06368346512317657
curv,0.12500000000000003,0.25,2,0,0.2146764,-0.634035,17,-0.12499999999999997,-0.0353236049413681
curv,0.12500000000000003,0.25,2,0,0.2146764,-0.634035,17,-0.12499999999999997,-0.0353236049413681
curv,0.17500000000000002,0.25,3,0,0.24303626,-0.53363824,17,-0.07499999999999998,-0.006963744759559631
curv,0.17500000000000002,0.25,3,0,0.24303626,-0.53363824,17,-0.07499999999999998,-0.006963744759559631
curv,0.225,0.25,4,0,0.27139613,-0.4332414,17,-0.024999999999999994,0.021396130323410034
curv,0.225,0.25,4,0,0.27139613,-0.4332414,17,-0.024999999999999994,0.021396130323410034
curv,0.275,0.25,5,1,0.29975596,-0.33284464,17,0.025000000000000022,0.04975596070289612
curv,0.325,0.25,6,1,0.3281158,-0.23244798,17,0.07500000000000001,0.0781157910823822
curv,0.37500000000000006,0.25,7,1,0.3564757,-0.13205108,17,0.12500000000000006,0.10647571086883545
curv,0.425,0.25,8,1,0.38483557,-0.03165424,17,0.175,0.13483557105064392
curv,0.475,0.25,9,1,0.4131954,0.068742424,17,0.22499999999999998,0.16319540143013
curv,0.525,0.25,10,1,0.4415553,0.16913918,17,0.275,0.19155529141426086
curv,0.575,0.25,11,1,0.46991512,0.26953596,17,0.32499999999999996,0.21991512179374695
curv,0.625,0.25,12,1,0.498275,0.3699328,17,0.375,0.2482750117778778
curv,0.675,0.25,13,1,0.52663493,0.4703296,17,0.42500000000000004,0.27663493156433105
curv,0.7250000000000001,0.25,14,1,0.5549948,0.5707264,17,0.4750000000000001,0.3049948215484619
flat,0.275,0.7500000000000001,0,0,0.4767734,-0.44025052,17,-0.4750000000000001,-0.2732265889644624
flat,0.325,0.7500000000000001,1,0,0.5051333,-0.33985376,17,-0.4250000000000001,-0.24486672878265392
flat,0.37500000000000006,0.7500000000000001,2,0,0.53349316,-0.23945692,17,-0.37500000000000006,-0.21650683879852306
flat,0.425,0.7500000000000001,3,0,0.56185305,-0.13906008,17,-0.3250000000000001,-0.1881469488143922
flat,0.475,0.7500000000000001,4,0,0.59021294,-0.038663357,17,-0.27500000000000013,-0.15978705883026134
flat,0.525,0.7500000000000001,5,0,0.6185727,0.061733335,17,-0.2250000000000001,-0.13142728805542003
flat,0.575,0.7500000000000001,6,0,0.6469326,0.16213015,17,-0.17500000000000016,-0.10306739807128917
flat,0.625,0.7500000000000001,7,0,0.6752925,0.26252696,17,-0.1250000000000001,-0.07470750808715831
flat,0.675,0.7500000000000001,8,0,0.7036524,0.36292383,17,-0.07500000000000007,-0.046347618103027455
flat,0.7250000000000001,0.7500000000000001,9,0,0.7320123,0.46332046,17,-0.025000000000000022,-0.017987728118896595
flat,0.7749999999999999,0.7500000000000001,10,1,0.76037204,0.56371725,17,0.0249999999999998,0.010372042655944713
flat,0.7749999999999999,0.7500000000000001,10,1,0.76037204,0.56371725,17,0.0249999999999998,0.010372042655944713
flat,0.825,0.7500000000000001,11,1,0.78873193,0.6641141,17,0.07499999999999984,0.03873193264007557
flat,0.825,0.7500000000000001,11,1,0.78873193,0.6641141,17,0.07499999999999984,0.03873193264007557
flat,0.8749999999999999,0.7500000000000001,12,1,0.8170918,0.76451087,17,0.12499999999999978,0.06709182262420643
flat,0.8749999999999999,0.7500000000000001,12,1,0.8170918,0.76451087,17,0.12499999999999978,0.06709182262420643
flat,0.9249999999999999,0.7500000000000001,13,1,0.8454517,0.8649076,17,0.17499999999999982,0.09545171260833729
flat,0.9249999999999999,0.7500000000000001,13,1,0.8454517,0.8649076,17,0.17499999999999982,0.09545171260833729
flat,0.975,0.7500000000000001,14,1,0.8703815,0.9579741,17,0.22499999999999987,0.12038147449493397
flat,0.975,0.7500000000000001,14,1,0.8703815,0.9579741,17,0.22499999999999987,0.12038147449493397
base,0.025000000000000022,0.5,0,0,0.1838707,-0.674916,18,-0.475,-0.31612929701805115
base,0.075,0.5,1,0,0.21596673,-0.58645236,18,-0.425,-0.28403326869010925
base,0.12500000000000003,0.5,2,0,0.2500313,-0.4963993,18,-0.375,-0.24996870756149292
base,0.17500000000000002,0.5,3,0,0.28409594,-0.40634617,18,-0.32499999999999996,-0.21590405702590942
base,0.225,0.5,4,0,0.3181605,-0.3162932,18,-0.275,-0.1818394958972931
base,0.275,0.5,5,0,0.35222512,-0.22624002,18,-0.22499999999999998,-0.14777487516403198
base,0.325,0.5,6,0,0.38628972,-0.13618699,18,-0.175,-0.11371028423309326
base,0.37500000000000006,0.5,7,0,0.4203543,-0.046133876,18,-0.12499999999999994,-0.07964569330215454
base,0.425,0.5,8,0,0.45441884,0.043919057,18,-0.07500000000000001,-0.045581161975860596
base,0.475,0.5,9,0,0.48864847,0.13045654,18,-0.025000000000000022,-0.011351525783538818
base,0.525,0.5,10,1,0.5236386,0.20079306,18,0.025000000000000022,0.023638606071472168
base,0.575,0.5,11,1,0.5586287,0.27112958,18,0.07499999999999996,0.05862867832183838
base,0.625,0.5,12,1,0.5936188,0.34146604,18,0.125,0.09361881017684937
base,0.675,0.5,13,1,0.628609,0.41180262,18,0.17500000000000004,0.12860900163650513
base,0.7250000000000001,0.5,14,1,0.6635991,0.4821392,18,0.2250000000000001,0.16359907388687134
base,0.7749999999999999,0.5,15,1,0.69858915,0.5524756,18,0.2749999999999999,0.19858914613723755
base,0.825,0.5,16,1,0.7335793,0.62281203,18,0.32499999999999996,0.23357927799224854
base,0.8749999999999999,0.5,17,1,0.7685694,0.6931486,18,0.3749999999999999,0.2685694098472595
base,0.9249999999999999,0.5,18,1,0.8035595,0.7634851,18,0.42499999999999993,0.30355948209762573
base,0.975,0.5,19,1,0.8385497,0.8338218,18,0.475,0.3385496735572815
curv,0.025000000000000022,0.25,0,0,0.13063401,-0.8266581,18,-0.22499999999999998,-0.11936599016189575
curv,0.025000000000000022,0.25,0,0,0.13063401,-0.8266581,18,-0.22499999999999998,-0.11936599016189575
curv,0.075,0.25,1,0,0.16469863,-0.73660505,18,-0.175,-0.08530136942863464
curv,0.075,0.25,1,0,0.16469863,-0.73660505,18,-0.175,-0.08530136942863464
curv,0.12500000000000003,0.25,2,0,0.19876322,-0.64655197,18,-0.12499999999999997,-0.05123677849769592
curv,0.12500000000000003,0.25,2,0,0.19876322,-0.64655197,18,-0.12499999999999997,-0.05123677849769592
curv,0.17500000000000002,0.25,3,0,0.23282783,-0.5564989,18,-0.07499999999999998,-0.01717217266559601
curv,0.17500000000000002,0.25,3,0,0.23282783,-0.5564989,18,-0.07499999999999998,-0.01717217266559601
curv,0.225,0.25,4,0,0.26689243,-0.4664458,18,-0.024999999999999994,0.016892433166503906
curv,0.225,0.25,4,0,0.26689243,-0.4664458,18,-0.024999999999999994,0.016892433166503906
curv,0.275,0.25,5,1,0.30095702,-0.3763927,18,0.025000000000000022,0.05095702409744263
curv,0.325,0.25,6,1,0.33502156,-0.28633976,18,0.07500000000000001,0.08502155542373657
curv,0.37500000000000006,0.25,7,1,0.36908615,-0.19628665,18,0.12500000000000006,0.11908614635467529
curv,0.425,0.25,8,1,0.40315074,-0.10623357,18,0.175,0.153150737285614
curv,0.475,0.25,9,1,0.43721533,-0.016180515,18,0.22499999999999998,0.18721532821655273
curv,0.525,0.25,10,1,0.4712799,0.07387245,18,0.275,0.22127988934516907
curv,0.575,0.25,11,1,0.50534457,0.16392559,18,0.32499999999999996,0.25534456968307495
curv,0.625,0.25,12,1,0.5394091,0.25397855,18,0.375,0.2894091010093689
curv,0.675,0.25,13,1,0.5739425,0.3340455,18,0.42500000000000004,0.32394248247146606
curv,0.7250000000000001,0.25,14,1,0.6089326,0.40438196,18,0.4750000000000001,0.35893261432647705
flat,0.275,0.7500000000000001,0,0,0.40349323,-0.076087385,18,-0.4750000000000001,-0.3465067744255067
flat,0.325,0.7500000000000001,1,0,0.4383446,-0.0027958602,18,-0.4250000000000001,-0.3116554021835328
flat,0.37500000000000006,0.7500000000000001,2,0,0.47333476,0.067540675,18,-0.37500000000000006,-0.27666524052619945
flat,0.425,0.7500000000000001,3,0,0.50832486,0.13787717,18,-0.3250000000000001,-0.24167513847351085
flat,0.475,0.7500000000000001,4,0,0.54331493,0.2082136,18,-0.27500000000000013,-0.20668506622314464
flat,0.525,0.7500000000000001,5,0,0.57830507,0.27855015,18,-0.2250000000000001,-0.17169493436813366
flat,0.575,0.7500000000000001,6,0,0.6132952,0.3488867,18,-0.17500000000000016,-0.13670480251312267
flat,0.625,0.7500000000000001,7,0,0.6482853,0.41922322,18,-0.1250000000000001,-0.10171467065811168
flat,0.675,0.7500000000000001,8,0,0.68327546,0.48955974,18,-0.07500000000000007,-0.0667245388031007
flat,0.7250000000000001,0.7500000000000001,9,0,0.71826553,0.55989635,18,-0.025000000000000022,-0.031734466552734486
flat,0.7749999999999999,0.7500000000000001,10,1,0.7532556,0.6302327,18,0.0249999999999998,0.003255605697631725
flat,0.7749999999999999,0.7500000000000001,10,1,0.7532556,0.6302327,18,0.0249999999999998,0.003255605697631725
flat,0.825,0.7500000000000001,11,1,0.7882458,0.7005693,18,0.07499999999999984,0.03824579715728749
flat,0.825,0.7500000000000001,11,1,0.7882458,0.7005693,18,0.07499999999999984,0.03824579715728749
flat,0.8749999999999999,0.7500000000000001,12,1,0.8237094,0.76746476,18,0.12499999999999978,0.07370942831039418
flat,0.8749999999999999,0.7500000000000001,12,1,0.8237094,0.76746476,18,0.12499999999999978,0.07370942831039418
flat,0.9249999999999999,0.7500000000000001,13,1,0.85918003,0.83431184,18,0.17499999999999982,0.10918003320693959
flat,0.9249999999999999,0.7500000000000001,13,1,0.85918003,0.83431184,18,0.17499999999999982,0.10918003320693959
flat,0.975,0.7500000000000001,14,1,0.8946504,0.9011586,18,0.22499999999999987,0.1446503996849059
flat,0.975,0.7500000000000001,14,1,0.8946504,0.9011586,18,0.22499999999999987,0.1446503996849059
base,0.025000000000000022,0.5,0,0,0.1838707,-0.674916,18,-0.475,-0.31612929701805115
base,0.075,0.5,1,0,0.21596673,-0.58645236,18,-0.425,-0.28403326869010925
base,0.12500000000000003,0.5,2,0,0.2500313,-0.4963993,18,-0.375,-0.24996870756149292
base,0.17500000000000002,0.5,3,0,0.28409594,-0.40634617,18,-0.32499999999999996,-0.21590405702590942
base,0.225,0.5,4,0,0.3181605,-0.3162932,18,-0.275,-0.1818394958972931
base,0.275,0.5,5,0,0.35222512,-0.22624002,18,-0.22499999999999998,-0.14777487516403198
base,0.325,0.5,6,0,0.38628972,-0.13618699,18,-0.175,-0.11371028423309326
base,0.37500000000000006,0.5,7,0,0.4203543,-0.046133876,18,-0.12499999999999994,-0.07964569330215454
base,0.425,0.5,8,0,0.45441884,0.043919057,18,-0.07500000000000001,-0.045581161975860596
base,0.475,0.5,9,0,0.48864847,0.13045654,18,-0.025000000000000022,-0.011351525783538818
base,0.525,0.5,10,1,0.5236386,0.20079306,18,0.025000000000000022,0.023638606071472168
base,0.575,0.5,11,1,0.5586287,0.27112958,18,0.07499999999999996,0.05862867832183838
base,0.625,0.5,12,1,0.5936188,0.34146604,18,0.125,0.09361881017684937
base,0.675,0.5,13,1,0.628609,0.41180262,18,0.17500000000000004,0.12860900163650513
base,0.7250000000000001,0.5,14,1,0.6635991,0.4821392,18,0.2250000000000001,0.16359907388687134
base,0.7749999999999999,0.5,15,1,0.69858915,0.5524756,18,0.2749999999999999,0.19858914613723755
base,0.825,0.5,16,1,0.7335793,0.62281203,18,0.32499999999999996,0.23357927799224854
base,0.8749999999999999,0.5,17,1,0.7685694,0.6931486,18,0.3749999999999999,0.2685694098472595
base,0.9249999999999999,0.5,18,1,0.8035595,0.7634851,18,0.42499999999999993,0.30355948209762573
base,0.975,0.5,19,1,0.8385497,0.8338218,18,0.475,0.3385496735572815
curv,0.025000000000000022,0.25,0,0,0.13063401,-0.8266581,18,-0.22499999999999998,-0.11936599016189575
curv,0.025000000000000022,0.25,0,0,0.13063401,-0.8266581,18,-0.22499999999999998,-0.11936599016189575
curv,0.075,0.25,1,0,0.16469863,-0.73660505,18,-0.175,-0.08530136942863464
curv,0.075,0.25,1,0,0.16469863,-0.73660505,18,-0.175,-0.08530136942863464
curv,0.12500000000000003,0.25,2,0,0.19876322,-0.64655197,18,-0.12499999999999997,-0.05123677849769592
curv,0.12500000000000003,0.25,2,0,0.19876322,-0.64655197,18,-0.12499999999999997,-0.05123677849769592
curv,0.17500000000000002,0.25,3,0,0.23282783,-0.5564989,18,-0.07499999999999998,-0.01717217266559601
curv,0.17500000000000002,0.25,3,0,0.23282783,-0.5564989,18,-0.07499999999999998,-0.01717217266559601
curv,0.225,0.25,4,0,0.26689243,-0.4664458,18,-0.024999999999999994,0.016892433166503906
curv,0.225,0.25,4,0,0.26689243,-0.4664458,18,-0.024999999999999994,0.016892433166503906
curv,0.275,0.25,5,1,0.30095702,-0.3763927,18,0.025000000000000022,0.05095702409744263
curv,0.325,0.25,6,1,0.33502156,-0.28633976,18,0.07500000000000001,0.08502155542373657
curv,0.37500000000000006,0.25,7,1,0.36908615,-0.19628665,18,0.12500000000000006,0.11908614635467529
curv,0.425,0.25,8,1,0.40315074,-0.10623357,18,0.175,0.153150737285614
curv,0.475,0.25,9,1,0.43721533,-0.016180515,18,0.22499999999999998,0.18721532821655273
curv,0.525,0.25,10,1,0.4712799,0.07387245,18,0.275,0.22127988934516907
curv,0.575,0.25,11,1,0.50534457,0.16392559,18,0.32499999999999996,0.25534456968307495
curv,0.625,0.25,12,1,0.5394091,0.25397855,18,0.375,0.2894091010093689
curv,0.675,0.25,13,1,0.5739425,0.3340455,18,0.42500000000000004,0.32394248247146606
curv,0.7250000000000001,0.25,14,1,0.6089326,0.40438196,18,0.4750000000000001,0.35893261432647705
flat,0.275,0.7500000000000001,0,0,0.40349323,-0.076087385,18,-0.4750000000000001,-0.3465067744255067
flat,0.325,0.7500000000000001,1,0,0.4383446,-0.0027958602,18,-0.4250000000000001,-0.3116554021835328
flat,0.37500000000000006,0.7500000000000001,2,0,0.47333476,0.067540675,18,-0.37500000000000006,-0.27666524052619945
flat,0.425,0.7500000000000001,3,0,0.50832486,0.13787717,18,-0.3250000000000001,-0.24167513847351085
flat,0.475,0.7500000000000001,4,0,0.54331493,0.2082136,18,-0.27500000000000013,-0.20668506622314464
flat,0.525,0.7500000000000001,5,0,0.57830507,0.27855015,18,-0.2250000000000001,-0.17169493436813366
flat,0.575,0.7500000000000001,6,0,0.6132952,0.3488867,18,-0.17500000000000016,-0.13670480251312267
flat,0.625,0.7500000000000001,7,0,0.6482853,0.41922322,18,-0.1250000000000001,-0.10171467065811168
flat,0.675,0.7500000000000001,8,0,0.68327546,0.48955974,18,-0.07500000000000007,-0.0667245388031007
flat,0.7250000000000001,0.7500000000000001,9,0,0.71826553,0.55989635,18,-0.025000000000000022,-0.031734466552734486
flat,0.7749999999999999,0.7500000000000001,10,1,0.7532556,0.6302327,18,0.0249999999999998,0.003255605697631725
flat,0.7749999999999999,0.7500000000000001,10,1,0.7532556,0.6302327,18,0.0249999999999998,0.003255605697631725
flat,0.825,0.7500000000000001,11,1,0.7882458,0.7005693,18,0.07499999999999984,0.03824579715728749
flat,0.825,0.7500000000000001,11,1,0.7882458,0.7005693,18,0.07499999999999984,0.03824579715728749
flat,0.8749999999999999,0.7500000000000001,12,1,0.8237094,0.76746476,18,0.12499999999999978,0.07370942831039418
flat,0.8749999999999999,0.7500000000000001,12,1,0.8237094,0.76746476,18,0.12499999999999978,0.07370942831039418
flat,0.9249999999999999,0.7500000000000001,13,1,0.85918003,0.83431184,18,0.17499999999999982,0.10918003320693959
flat,0.9249999999999999,0.7500000000000001,13,1,0.85918003,0.83431184,18,0.17499999999999982,0.10918003320693959
flat,0.975,0.7500000000000001,14,1,0.8946504,0.9011586,18,0.22499999999999987,0.1446503996849059
flat,0.975,0.7500000000000001,14,1,0.8946504,0.9011586,18,0.22499999999999987,0.1446503996849059
base,0.025000000000000022,0.5,0,0,0.1838707,-0.674916,18,-0.475,-0.31612929701805115
base,0.075,0.5,1,0,0.21596673,-0.58645236,18,-0.425,-0.28403326869010925
base,0.12500000000000003,0.5,2,0,0.2500313,-0.4963993,18,-0.375,-0.24996870756149292
base,0.17500000000000002,0.5,3,0,0.28409594,-0.40634617,18,-0.32499999999999996,-0.21590405702590942
base,0.225,0.5,4,0,0.3181605,-0.3162932,18,-0.275,-0.1818394958972931
base,0.275,0.5,5,0,0.35222512,-0.22624002,18,-0.22499999999999998,-0.14777487516403198
base,0.325,0.5,6,0,0.38628972,-0.13618699,18,-0.175,-0.11371028423309326
base,0.37500000000000006,0.5,7,0,0.4203543,-0.046133876,18,-0.12499999999999994,-0.07964569330215454
base,0.425,0.5,8,0,0.45441884,0.043919057,18,-0.07500000000000001,-0.045581161975860596
base,0.475,0.5,9,0,0.48864847,0.13045654,18,-0.025000000000000022,-0.011351525783538818
base,0.525,0.5,10,1,0.5236386,0.20079306,18,0.025000000000000022,0.023638606071472168
base,0.575,0.5,11,1,0.5586287,0.27112958,18,0.07499999999999996,0.05862867832183838
base,0.625,0.5,12,1,0.5936188,0.34146604,18,0.125,0.09361881017684937
base,0.675,0.5,13,1,0.628609,0.41180262,18,0.17500000000000004,0.12860900163650513
base,0.7250000000000001,0.5,14,1,0.6635991,0.4821392,18,0.2250000000000001,0.16359907388687134
base,0.7749999999999999,0.5,15,1,0.69858915,0.5524756,18,0.2749999999999999,0.19858914613723755
base,0.825,0.5,16,1,0.7335793,0.62281203,18,0.32499999999999996,0.23357927799224854
base,0.8749999999999999,0.5,17,1,0.7685694,0.6931486,18,0.3749999999999999,0.2685694098472595
base,0.9249999999999999,0.5,18,1,0.8035595,0.7634851,18,0.42499999999999993,0.30355948209762573
base,0.975,0.5,19,1,0.8385497,0.8338218,18,0.475,0.3385496735572815
curv,0.025000000000000022,0.25,0,0,0.13063401,-0.8266581,18,-0.22499999999999998,-0.11936599016189575
curv,0.025000000000000022,0.25,0,0,0.13063401,-0.8266581,18,-0.22499999999999998,-0.11936599016189575
curv,0.075,0.25,1,0,0.16469863,-0.73660505,18,-0.175,-0.08530136942863464
curv,0.075,0.25,1,0,0.16469863,-0.73660505,18,-0.175,-0.08530136942863464
curv,0.12500000000000003,0.25,2,0,0.19876322,-0.64655197,18,-0.12499999999999997,-0.05123677849769592
curv,0.12500000000000003,0.25,2,0,0.19876322,-0.64655197,18,-0.12499999999999997,-0.05123677849769592
curv,0.17500000000000002,0.25,3,0,0.23282783,-0.5564989,18,-0.07499999999999998,-0.01717217266559601
curv,0.17500000000000002,0.25,3,0,0.23282783,-0.5564989,18,-0.07499999999999998,-0.01717217266559601
curv,0.225,0.25,4,0,0.26689243,-0.4664458,18,-0.024999999999999994,0.016892433166503906
curv,0.225,0.25,4,0,0.26689243,-0.4664458,18,-0.024999999999999994,0.016892433166503906
curv,0.275,0.25,5,1,0.30095702,-0.3763927,18,0.025000000000000022,0.05095702409744263
curv,0.325,0.25,6,1,0.33502156,-0.28633976,18,0.07500000000000001,0.08502155542373657
curv,0.37500000000000006,0.25,7,1,0.36908615,-0.19628665,18,0.12500000000000006,0.11908614635467529
curv,0.425,0.25,8,1,0.40315074,-0.10623357,18,0.175,0.153150737285614
curv,0.475,0.25,9,1,0.43721533,-0.016180515,18,0.22499999999999998,0.18721532821655273
curv,0.525,0.25,10,1,0.4712799,0.07387245,18,0.275,0.22127988934516907
curv,0.575,0.25,11,1,0.50534457,0.16392559,18,0.32499999999999996,0.25534456968307495
curv,0.625,0.25,12,1,0.5394091,0.25397855,18,0.375,0.2894091010093689
curv,0.675,0.25,13,1,0.5739425,0.3340455,18,0.42500000000000004,0.32394248247146606
curv,0.7250000000000001,0.25,14,1,0.6089326,0.40438196,18,0.4750000000000001,0.35893261432647705
flat,0.275,0.7500000000000001,0,0,0.40349323,-0.076087385,18,-0.4750000000000001,-0.3465067744255067
flat,0.325,0.7500000000000001,1,0,0.4383446,-0.0027958602,18,-0.4250000000000001,-0.3116554021835328
flat,0.37500000000000006,0.7500000000000001,2,0,0.47333476,0.067540675,18,-0.37500000000000006,-0.27666524052619945
flat,0.425,0.7500000000000001,3,0,0.50832486,0.13787717,18,-0.3250000000000001,-0.24167513847351085
flat,0.475,0.7500000000000001,4,0,0.54331493,0.2082136,18,-0.27500000000000013,-0.20668506622314464
flat,0.525,0.7500000000000001,5,0,0.57830507,0.27855015,18,-0.2250000000000001,-0.17169493436813366
flat,0.575,0.7500000000000001,6,0,0.6132952,0.3488867,18,-0.17500000000000016,-0.13670480251312267
flat,0.625,0.7500000000000001,7,0,0.6482853,0.41922322,18,-0.1250000000000001,-0.10171467065811168
flat,0.675,0.7500000000000001,8,0,0.68327546,0.48955974,18,-0.07500000000000007,-0.0667245388031007
flat,0.7250000000000001,0.7500000000000001,9,0,0.71826553,0.55989635,18,-0.025000000000000022,-0.031734466552734486
flat,0.7749999999999999,0.7500000000000001,10,1,0.7532556,0.6302327,18,0.0249999999999998,0.003255605697631725
flat,0.7749999999999999,0.7500000000000001,10,1,0.7532556,0.6302327,18,0.0249999999999998,0.003255605697631725
flat,0.825,0.7500000000000001,11,1,0.7882458,0.7005693,18,0.07499999999999984,0.03824579715728749
flat,0.825,0.7500000000000001,11,1,0.7882458,0.7005693,18,0.07499999999999984,0.03824579715728749
flat,0.8749999999999999,0.7500000000000001,12,1,0.8237094,0.76746476,18,0.12499999999999978,0.07370942831039418
flat,0.8749999999999999,0.7500000000000001,12,1,0.8237094,0.76746476,18,0.12499999999999978,0.07370942831039418
flat,0.9249999999999999,0.7500000000000001,13,1,0.85918003,0.83431184,18,0.17499999999999982,0.10918003320693959
flat,0.9249999999999999,0.7500000000000001,13,1,0.85918003,0.83431184,18,0.17499999999999982,0.10918003320693959
flat,0.975,0.7500000000000001,14,1,0.8946504,0.9011586,18,0.22499999999999987,0.1446503996849059
flat,0.975,0.7500000000000001,14,1,0.8946504,0.9011586,18,0.22499999999999987,0.1446503996849059
base,0.025000000000000022,0.5,0,0,0.1838707,-0.674916,18,-0.475,-0.31612929701805115
base,0.075,0.5,1,0,0.21596673,-0.58645236,18,-0.425,-0.28403326869010925
base,0.12500000000000003,0.5,2,0,0.2500313,-0.4963993,18,-0.375,-0.24996870756149292
base,0.17500000000000002,0.5,3,0,0.28409594,-0.40634617,18,-0.32499999999999996,-0.21590405702590942
base,0.225,0.5,4,0,0.3181605,-0.3162932,18,-0.275,-0.1818394958972931
base,0.275,0.5,5,0,0.35222512,-0.22624002,18,-0.22499999999999998,-0.14777487516403198
base,0.325,0.5,6,0,0.38628972,-0.13618699,18,-0.175,-0.11371028423309326
base,0.37500000000000006,0.5,7,0,0.4203543,-0.046133876,18,-0.12499999999999994,-0.07964569330215454
base,0.425,0.5,8,0,0.45441884,0.043919057,18,-0.07500000000000001,-0.045581161975860596
base,0.475,0.5,9,0,0.48864847,0.13045654,18,-0.025000000000000022,-0.011351525783538818
base,0.525,0.5,10,1,0.5236386,0.20079306,18,0.025000000000000022,0.023638606071472168
base,0.575,0.5,11,1,0.5586287,0.27112958,18,0.07499999999999996,0.05862867832183838
base,0.625,0.5,12,1,0.5936188,0.34146604,18,0.125,0.09361881017684937
base,0.675,0.5,13,1,0.628609,0.41180262,18,0.17500000000000004,0.12860900163650513
base,0.7250000000000001,0.5,14,1,0.6635991,0.4821392,18,0.2250000000000001,0.16359907388687134
base,0.7749999999999999,0.5,15,1,0.69858915,0.5524756,18,0.2749999999999999,0.19858914613723755
base,0.825,0.5,16,1,0.7335793,0.62281203,18,0.32499999999999996,0.23357927799224854
base,0.8749999999999999,0.5,17,1,0.7685694,0.6931486,18,0.3749999999999999,0.2685694098472595
base,0.9249999999999999,0.5,18,1,0.8035595,0.7634851,18,0.42499999999999993,0.30355948209762573
base,0.975,0.5,19,1,0.8385497,0.8338218,18,0.475,0.3385496735572815
curv,0.025000000000000022,0.25,0,0,0.13063401,-0.8266581,18,-0.22499999999999998,-0.11936599016189575
curv,0.025000000000000022,0.25,0,0,0.13063401,-0.8266581,18,-0.22499999999999998,-0.11936599016189575
curv,0.075,0.25,1,0,0.16469863,-0.73660505,18,-0.175,-0.08530136942863464
curv,0.075,0.25,1,0,0.16469863,-0.73660505,18,-0.175,-0.08530136942863464
curv,0.12500000000000003,0.25,2,0,0.19876322,-0.64655197,18,-0.12499999999999997,-0.05123677849769592
curv,0.12500000000000003,0.25,2,0,0.19876322,-0.64655197,18,-0.12499999999999997,-0.05123677849769592
curv,0.17500000000000002,0.25,3,0,0.23282783,-0.5564989,18,-0.07499999999999998,-0.01717217266559601
curv,0.17500000000000002,0.25,3,0,0.23282783,-0.5564989,18,-0.07499999999999998,-0.01717217266559601
curv,0.225,0.25,4,0,0.26689243,-0.4664458,18,-0.024999999999999994,0.016892433166503906
curv,0.225,0.25,4,0,0.26689243,-0.4664458,18,-0.024999999999999994,0.016892433166503906
curv,0.275,0.25,5,1,0.30095702,-0.3763927,18,0.025000000000000022,0.05095702409744263
curv,0.325,0.25,6,1,0.33502156,-0.28633976,18,0.07500000000000001,0.08502155542373657
curv,0.37500000000000006,0.25,7,1,0.36908615,-0.19628665,18,0.12500000000000006,0.11908614635467529
curv,0.425,0.25,8,1,0.40315074,-0.10623357,18,0.175,0.153150737285614
curv,0.475,0.25,9,1,0.43721533,-0.016180515,18,0.22499999999999998,0.18721532821655273
curv,0.525,0.25,10,1,0.4712799,0.07387245,18,0.275,0.22127988934516907
curv,0.575,0.25,11,1,0.50534457,0.16392559,18,0.32499999999999996,0.25534456968307495
curv,0.625,0.25,12,1,0.5394091,0.25397855,18,0.375,0.2894091010093689
curv,0.675,0.25,13,1,0.5739425,0.3340455,18,0.42500000000000004,0.32394248247146606
curv,0.7250000000000001,0.25,14,1,0.6089326,0.40438196,18,0.4750000000000001,0.35893261432647705
flat,0.275,0.7500000000000001,0,0,0.40349323,-0.076087385,18,-0.4750000000000001,-0.3465067744255067
flat,0.325,0.7500000000000001,1,0,0.4383446,-0.0027958602,18,-0.4250000000000001,-0.3116554021835328
flat,0.37500000000000006,0.7500000000000001,2,0,0.47333476,0.067540675,18,-0.37500000000000006,-0.27666524052619945
flat,0.425,0.7500000000000001,3,0,0.50832486,0.13787717,18,-0.3250000000000001,-0.24167513847351085
flat,0.475,0.7500000000000001,4,0,0.54331493,0.2082136,18,-0.27500000000000013,-0.20668506622314464
flat,0.525,0.7500000000000001,5,0,0.57830507,0.27855015,18,-0.2250000000000001,-0.17169493436813366
flat,0.575,0.7500000000000001,6,0,0.6132952,0.3488867,18,-0.17500000000000016,-0.13670480251312267
flat,0.625,0.7500000000000001,7,0,0.6482853,0.41922322,18,-0.1250000000000001,-0.10171467065811168
flat,0.675,0.7500000000000001,8,0,0.68327546,0.48955974,18,-0.07500000000000007,-0.0667245388031007
flat,0.7250000000000001,0.7500000000000001,9,0,0.71826553,0.55989635,18,-0.025000000000000022,-0.031734466552734486
flat,0.7749999999999999,0.7500000000000001,10,1,0.7532556,0.6302327,18,0.0249999999999998,0.003255605697631725
flat,0.7749999999999999,0.7500000000000001,10,1,0.7532556,0.6302327,18,0.0249999999999998,0.003255605697631725
flat,0.825,0.7500000000000001,11,1,0.7882458,0.7005693,18,0.07499999999999984,0.03824579715728749
flat,0.825,0.7500000000000001,11,1,0.7882458,0.7005693,18,0.07499999999999984,0.03824579715728749
flat,0.8749999999999999,0.7500000000000001,12,1,0.8237094,0.76746476,18,0.12499999999999978,0.07370942831039418
flat,0.8749999999999999,0.7500000000000001,12,1,0.8237094,0.76746476,18,0.12499999999999978,0.07370942831039418
flat,0.9249999999999999,0.7500000000000001,13,1,0.85918003,0.83431184,18,0.17499999999999982,0.10918003320693959
flat,0.9249999999999999,0.7500000000000001,13,1,0.85918003,0.83431184,18,0.17499999999999982,0.10918003320693959
flat,0.975,0.7500000000000001,14,1,0.8946504,0.9011586,18,0.22499999999999987,0.1446503996849059
flat,0.975,0.7500000000000001,14,1,0.8946504,0.9011586,18,0.22499999999999987,0.1446503996849059
base,0.025000000000000022,0.5,0,0,0.21908946,-0.9116313,19,-0.475,-0.28091053664684296
base,0.075,0.5,1,0,0.23285055,-0.8321725,19,-0.425,-0.2671494483947754
base,0.12500000000000003,0.5,2,0,0.26441962,-0.7293093,19,-0.375,-0.23558038473129272
base,0.17500000000000002,0.5,3,0,0.29598868,-0.6264459,19,-0.32499999999999996,-0.20401132106781006
base,0.225,0.5,4,0,0.32755774,-0.5235826,19,-0.275,-0.1724422574043274
base,0.275,0.5,5,0,0.3591268,-0.4207192,19,-0.22499999999999998,-0.14087319374084473
base,0.325,0.5,6,0,0.39069587,-0.31785595,19,-0.175,-0.10930413007736206
base,0.37500000000000006,0.5,7,0,0.42226493,-0.21499258,19,-0.12499999999999994,-0.0777350664138794
base,0.425,0.5,8,0,0.453834,-0.11212918,19,-0.07500000000000001,-0.04616600275039673
base,0.475,0.5,9,0,0.48540306,-0.00926584,19,-0.025000000000000022,-0.014596939086914062
base,0.525,0.5,10,1,0.5174861,0.08810559,19,0.025000000000000022,0.017486095428466797
base,0.575,0.5,11,1,0.54986376,0.18233082,19,0.07499999999999996,0.04986375570297241
base,0.625,0.5,12,1,0.58224136,0.27655602,19,0.125,0.08224135637283325
base,0.675,0.5,13,1,0.61461896,0.37078118,19,0.17500000000000004,0.11461895704269409
base,0.7250000000000001,0.5,14,1,0.64699656,0.4650064,19,0.2250000000000001,0.14699655771255493
base,0.7749999999999999,0.5,15,1,0.6793741,0.5592314,19,0.2749999999999999,0.179374098777771
base,0.825,0.5,16,1,0.7117517,0.65345657,19,0.32499999999999996,0.21175169944763184
base,0.8749999999999999,0.5,17,1,0.7453272,0.74400663,19,0.3749999999999999,0.2453271746635437
base,0.9249999999999999,0.5,18,1,0.7831135,0.8216375,19,0.42499999999999993,0.2831134796142578
base,0.975,0.5,19,1,0.8210224,0.89809394,19,0.475,0.3210223913192749
curv,0.025000000000000022,0.25,0,0,0.20666513,-0.7312162,19,-0.22499999999999998,-0.04333487153053284
curv,0.025000000000000022,0.25,0,0,0.20666513,-0.7312162,19,-0.22499999999999998,-0.04333487153053284
curv,0.075,0.25,1,0,0.20887558,-0.6702776,19,-0.175,-0.04112441837787628
curv,0.075,0.25,1,0,0.20887558,-0.6702776,19,-0.175,-0.04112441837787628
curv,0.12500000000000003,0.25,2,0,0.21108606,-0.609339,19,-0.12499999999999997,-0.03891393542289734
curv,0.12500000000000003,0.25,2,0,0.21108606,-0.609339,19,-0.12499999999999997,-0.03891393542289734
curv,0.17500000000000002,0.25,3,0,0.2132965,-0.5484004,19,-0.07499999999999998,-0.03670349717140198
curv,0.17500000000000002,0.25,3,0,0.2132965,-0.5484004,19,-0.07499999999999998,-0.03670349717140198
curv,0.225,0.25,4,0,0.22361232,-0.4736609,19,-0.024999999999999994,-0.02638767659664154
curv,0.225,0.25,4,0,0.22361232,-0.4736609,19,-0.024999999999999994,-0.02638767659664154
curv,0.275,0.25,5,1,0.2551814,-0.37079751,19,0.025000000000000022,0.005181401968002319
curv,0.325,0.25,6,1,0.28675044,-0.2679342,19,0.07500000000000001,0.0367504358291626
curv,0.37500000000000006,0.25,7,1,0.3183195,-0.16507083,19,0.12500000000000006,0.06831949949264526
curv,0.425,0.25,8,1,0.3498886,-0.06220749,19,0.175,0.09988859295845032
curv,0.475,0.25,9,1,0.38145763,0.04065579,19,0.22499999999999998,0.1314576268196106
curv,0.525,0.25,10,1,0.4130267,0.1435191,19,0.275,0.16302669048309326
curv,0.575,0.25,11,1,0.45014673,0.22669989,19,0.32499999999999996,0.20014673471450806
curv,0.625,0.25,12,1,0.48793304,0.3043309,19,0.375,0.23793303966522217
curv,0.675,0.25,13,1,0.5257193,0.38196176,19,0.42500000000000004,0.2757192850112915
curv,0.7250000000000001,0.25,14,1,0.5604491,0.4485507,19,0.4750000000000001,0.31044912338256836
flat,0.275,0.7500000000000001,0,0,0.46307224,-0.470641,19,-0.4750000000000001,-0.2869277596473695
flat,0.325,0.7500000000000001,1,0,0.49464124,-0.36777765,19,-0.4250000000000001,-0.2553587555885316
flat,0.37500000000000006,0.7500000000000001,2,0,0.5262103,-0.26491433,19,-0.37500000000000006,-0.22378969192504894
flat,0.425,0.7500000000000001,3,0,0.5577794,-0.16205096,19,-0.3250000000000001,-0.19222062826156627
flat,0.475,0.7500000000000001,4,0,0.59002835,-0.06645128,19,-0.27500000000000013,-0.15997165441513073
flat,0.525,0.7500000000000001,5,0,0.6224059,0.027773768,19,-0.2250000000000001,-0.12759411334991466
flat,0.575,0.7500000000000001,6,0,0.6547835,0.121998906,19,-0.17500000000000016,-0.09521651268005382
flat,0.625,0.7500000000000001,7,0,0.6871611,0.21622413,19,-0.1250000000000001,-0.06283891201019298
flat,0.675,0.7500000000000001,8,0,0.7195388,0.31044936,19,-0.07500000000000007,-0.03046119213104259
flat,0.7250000000000001,0.7500000000000001,9,0,0.75210434,0.4028747,19,-0.025000000000000022,0.002104341983795055
flat,0.7749999999999999,0.7500000000000001,10,1,0.7849982,0.492159,19,0.0249999999999998,0.03499817848205555
flat,0.7749999999999999,0.7500000000000001,10,1,0.7849982,0.492159,19,0.0249999999999998,0.03499817848205555
flat,0.825,0.7500000000000001,11,1,0.817892,0.5814434,19,0.07499999999999984,0.06789201498031605
flat,0.825,0.7500000000000001,11,1,0.817892,0.5814434,19,0.07499999999999984,0.06789201498031605
flat,0.8749999999999999,0.7500000000000001,12,1,0.8507858,0.6707278,19,0.12499999999999978,0.10078579187393177
flat,0.8749999999999999,0.7500000000000001,12,1,0.8507858,0.6707278,19,0.12499999999999978,0.10078579187393177
flat,0.9249999999999999,0.7500000000000001,13,1,0.8836796,0.76001215,19,0.17499999999999982,0.13367962837219227
flat,0.9249999999999999,0.7500000000000001,13,1,0.8836796,0.76001215,19,0.17499999999999982,0.13367962837219227
flat,0.975,0.7500000000000001,14,1,0.9165735,0.84929657,19,0.22499999999999987,0.16657352447509755
flat,0.975,0.7500000000000001,14,1,0.9165735,0.84929657,19,0.22499999999999987,0.16657352447509755
base,0.025000000000000022,0.5,0,0,0.21908946,-0.9116313,19,-0.475,-0.28091053664684296
base,0.075,0.5,1,0,0.23285055,-0.8321725,19,-0.425,-0.2671494483947754
base,0.12500000000000003,0.5,2,0,0.26441962,-0.7293093,19,-0.375,-0.23558038473129272
base,0.17500000000000002,0.5,3,0,0.29598868,-0.6264459,19,-0.32499999999999996,-0.20401132106781006
base,0.225,0.5,4,0,0.32755774,-0.5235826,19,-0.275,-0.1724422574043274
base,0.275,0.5,5,0,0.3591268,-0.4207192,19,-0.22499999999999998,-0.14087319374084473
base,0.325,0.5,6,0,0.39069587,-0.31785595,19,-0.175,-0.10930413007736206
base,0.37500000000000006,0.5,7,0,0.42226493,-0.21499258,19,-0.12499999999999994,-0.0777350664138794
base,0.425,0.5,8,0,0.453834,-0.11212918,19,-0.07500000000000001,-0.04616600275039673
base,0.475,0.5,9,0,0.48540306,-0.00926584,19,-0.025000000000000022,-0.014596939086914062
base,0.525,0.5,10,1,0.5174861,0.08810559,19,0.025000000000000022,0.017486095428466797
base,0.575,0.5,11,1,0.54986376,0.18233082,19,0.07499999999999996,0.04986375570297241
base,0.625,0.5,12,1,0.58224136,0.27655602,19,0.125,0.08224135637283325
base,0.675,0.5,13,1,0.61461896,0.37078118,19,0.17500000000000004,0.11461895704269409
base,0.7250000000000001,0.5,14,1,0.64699656,0.4650064,19,0.2250000000000001,0.14699655771255493
base,0.7749999999999999,0.5,15,1,0.6793741,0.5592314,19,0.2749999999999999,0.179374098777771
base,0.825,0.5,16,1,0.7117517,0.65345657,19,0.32499999999999996,0.21175169944763184
base,0.8749999999999999,0.5,17,1,0.7453272,0.74400663,19,0.3749999999999999,0.2453271746635437
base,0.9249999999999999,0.5,18,1,0.7831135,0.8216375,19,0.42499999999999993,0.2831134796142578
base,0.975,0.5,19,1,0.8210224,0.89809394,19,0.475,0.3210223913192749
curv,0.025000000000000022,0.25,0,0,0.20666513,-0.7312162,19,-0.22499999999999998,-0.04333487153053284
curv,0.025000000000000022,0.25,0,0,0.20666513,-0.7312162,19,-0.22499999999999998,-0.04333487153053284
curv,0.075,0.25,1,0,0.20887558,-0.6702776,19,-0.175,-0.04112441837787628
curv,0.075,0.25,1,0,0.20887558,-0.6702776,19,-0.175,-0.04112441837787628
curv,0.12500000000000003,0.25,2,0,0.21108606,-0.609339,19,-0.12499999999999997,-0.03891393542289734
curv,0.12500000000000003,0.25,2,0,0.21108606,-0.609339,19,-0.12499999999999997,-0.03891393542289734
curv,0.17500000000000002,0.25,3,0,0.2132965,-0.5484004,19,-0.07499999999999998,-0.03670349717140198
curv,0.17500000000000002,0.25,3,0,0.2132965,-0.5484004,19,-0.07499999999999998,-0.03670349717140198
curv,0.225,0.25,4,0,0.22361232,-0.4736609,19,-0.024999999999999994,-0.02638767659664154
curv,0.225,0.25,4,0,0.22361232,-0.4736609,19,-0.024999999999999994,-0.02638767659664154
curv,0.275,0.25,5,1,0.2551814,-0.37079751,19,0.025000000000000022,0.005181401968002319
curv,0.325,0.25,6,1,0.28675044,-0.2679342,19,0.07500000000000001,0.0367504358291626
curv,0.37500000000000006,0.25,7,1,0.3183195,-0.16507083,19,0.12500000000000006,0.06831949949264526
curv,0.425,0.25,8,1,0.3498886,-0.06220749,19,0.175,0.09988859295845032
curv,0.475,0.25,9,1,0.38145763,0.04065579,19,0.22499999999999998,0.1314576268196106
curv,0.525,0.25,10,1,0.4130267,0.1435191,19,0.275,0.16302669048309326
curv,0.575,0.25,11,1,0.45014673,0.22669989,19,0.32499999999999996,0.20014673471450806
curv,0.625,0.25,12,1,0.48793304,0.3043309,19,0.375,0.23793303966522217
curv,0.675,0.25,13,1,0.5257193,0.38196176,19,0.42500000000000004,0.2757192850112915
curv,0.7250000000000001,0.25,14,1,0.5604491,0.4485507,19,0.4750000000000001,0.31044912338256836
flat,0.275,0.7500000000000001,0,0,0.46307224,-0.470641,19,-0.4750000000000001,-0.2869277596473695
flat,0.325,0.7500000000000001,1,0,0.49464124,-0.36777765,19,-0.4250000000000001,-0.2553587555885316
flat,0.37500000000000006,0.7500000000000001,2,0,0.5262103,-0.26491433,19,-0.37500000000000006,-0.22378969192504894
flat,0.425,0.7500000000000001,3,0,0.5577794,-0.16205096,19,-0.3250000000000001,-0.19222062826156627
flat,0.475,0.7500000000000001,4,0,0.59002835,-0.06645128,19,-0.27500000000000013,-0.15997165441513073
flat,0.525,0.7500000000000001,5,0,0.6224059,0.027773768,19,-0.2250000000000001,-0.12759411334991466
flat,0.575,0.7500000000000001,6,0,0.6547835,0.121998906,19,-0.17500000000000016,-0.09521651268005382
flat,0.625,0.7500000000000001,7,0,0.6871611,0.21622413,19,-0.1250000000000001,-0.06283891201019298
flat,0.675,0.7500000000000001,8,0,0.7195388,0.31044936,19,-0.07500000000000007,-0.03046119213104259
flat,0.7250000000000001,0.7500000000000001,9,0,0.75210434,0.4028747,19,-0.025000000000000022,0.002104341983795055
flat,0.7749999999999999,0.7500000000000001,10,1,0.7849982,0.492159,19,0.0249999999999998,0.03499817848205555
flat,0.7749999999999999,0.7500000000000001,10,1,0.7849982,0.492159,19,0.0249999999999998,0.03499817848205555
flat,0.825,0.7500000000000001,11,1,0.817892,0.5814434,19,0.07499999999999984,0.06789201498031605
flat,0.825,0.7500000000000001,11,1,0.817892,0.5814434,19,0.07499999999999984,0.06789201498031605
flat,0.8749999999999999,0.7500000000000001,12,1,0.8507858,0.6707278,19,0.12499999999999978,0.10078579187393177
flat,0.8749999999999999,0.7500000000000001,12,1,0.8507858,0.6707278,19,0.12499999999999978,0.10078579187393177
flat,0.9249999999999999,0.7500000000000001,13,1,0.8836796,0.76001215,19,0.17499999999999982,0.13367962837219227
flat,0.9249999999999999,0.7500000000000001,13,1,0.8836796,0.76001215,19,0.17499999999999982,0.13367962837219227
flat,0.975,0.7500000000000001,14,1,0.9165735,0.84929657,19,0.22499999999999987,0.16657352447509755
flat,0.975,0.7500000000000001,14,1,0.9165735,0.84929657,19,0.22499999999999987,0.16657352447509755
base,0.025000000000000022,0.5,0,0,0.21908946,-0.9116313,19,-0.475,-0.28091053664684296
base,0.075,0.5,1,0,0.23285055,-0.8321725,19,-0.425,-0.2671494483947754
base,0.12500000000000003,0.5,2,0,0.26441962,-0.7293093,19,-0.375,-0.23558038473129272
base,0.17500000000000002,0.5,3,0,0.29598868,-0.6264459,19,-0.32499999999999996,-0.20401132106781006
base,0.225,0.5,4,0,0.32755774,-0.5235826,19,-0.275,-0.1724422574043274
base,0.275,0.5,5,0,0.3591268,-0.4207192,19,-0.22499999999999998,-0.14087319374084473
base,0.325,0.5,6,0,0.39069587,-0.31785595,19,-0.175,-0.10930413007736206
base,0.37500000000000006,0.5,7,0,0.42226493,-0.21499258,19,-0.12499999999999994,-0.0777350664138794
base,0.425,0.5,8,0,0.453834,-0.11212918,19,-0.07500000000000001,-0.04616600275039673
base,0.475,0.5,9,0,0.48540306,-0.00926584,19,-0.025000000000000022,-0.014596939086914062
base,0.525,0.5,10,1,0.5174861,0.08810559,19,0.025000000000000022,0.017486095428466797
base,0.575,0.5,11,1,0.54986376,0.18233082,19,0.07499999999999996,0.04986375570297241
base,0.625,0.5,12,1,0.58224136,0.27655602,19,0.125,0.08224135637283325
base,0.675,0.5,13,1,0.61461896,0.37078118,19,0.17500000000000004,0.11461895704269409
base,0.7250000000000001,0.5,14,1,0.64699656,0.4650064,19,0.2250000000000001,0.14699655771255493
base,0.7749999999999999,0.5,15,1,0.6793741,0.5592314,19,0.2749999999999999,0.179374098777771
base,0.825,0.5,16,1,0.7117517,0.65345657,19,0.32499999999999996,0.21175169944763184
base,0.8749999999999999,0.5,17,1,0.7453272,0.74400663,19,0.3749999999999999,0.2453271746635437
base,0.9249999999999999,0.5,18,1,0.7831135,0.8216375,19,0.42499999999999993,0.2831134796142578
base,0.975,0.5,19,1,0.8210224,0.89809394,19,0.475,0.3210223913192749
curv,0.025000000000000022,0.25,0,0,0.20666513,-0.7312162,19,-0.22499999999999998,-0.04333487153053284
curv,0.025000000000000022,0.25,0,0,0.20666513,-0.7312162,19,-0.22499999999999998,-0.04333487153053284
curv,0.075,0.25,1,0,0.20887558,-0.6702776,19,-0.175,-0.04112441837787628
curv,0.075,0.25,1,0,0.20887558,-0.6702776,19,-0.175,-0.04112441837787628
curv,0.12500000000000003,0.25,2,0,0.21108606,-0.609339,19,-0.12499999999999997,-0.03891393542289734
curv,0.12500000000000003,0.25,2,0,0.21108606,-0.609339,19,-0.12499999999999997,-0.03891393542289734
curv,0.17500000000000002,0.25,3,0,0.2132965,-0.5484004,19,-0.07499999999999998,-0.03670349717140198
curv,0.17500000000000002,0.25,3,0,0.2132965,-0.5484004,19,-0.07499999999999998,-0.03670349717140198
curv,0.225,0.25,4,0,0.22361232,-0.4736609,19,-0.024999999999999994,-0.02638767659664154
curv,0.225,0.25,4,0,0.22361232,-0.4736609,19,-0.024999999999999994,-0.02638767659664154
curv,0.275,0.25,5,1,0.2551814,-0.37079751,19,0.025000000000000022,0.005181401968002319
curv,0.325,0.25,6,1,0.28675044,-0.2679342,19,0.07500000000000001,0.0367504358291626
curv,0.37500000000000006,0.25,7,1,0.3183195,-0.16507083,19,0.12500000000000006,0.06831949949264526
curv,0.425,0.25,8,1,0.3498886,-0.06220749,19,0.175,0.09988859295845032
curv,0.475,0.25,9,1,0.38145763,0.04065579,19,0.22499999999999998,0.1314576268196106
curv,0.525,0.25,10,1,0.4130267,0.1435191,19,0.275,0.16302669048309326
curv,0.575,0.25,11,1,0.45014673,0.22669989,19,0.32499999999999996,0.20014673471450806
curv,0.625,0.25,12,1,0.48793304,0.3043309,19,0.375,0.23793303966522217
curv,0.675,0.25,13,1,0.5257193,0.38196176,19,0.42500000000000004,0.2757192850112915
curv,0.7250000000000001,0.25,14,1,0.5604491,0.4485507,19,0.4750000000000001,0.31044912338256836
flat,0.275,0.7500000000000001,0,0,0.46307224,-0.470641,19,-0.4750000000000001,-0.2869277596473695
flat,0.325,0.7500000000000001,1,0,0.49464124,-0.36777765,19,-0.4250000000000001,-0.2553587555885316
flat,0.37500000000000006,0.7500000000000001,2,0,0.5262103,-0.26491433,19,-0.37500000000000006,-0.22378969192504894
flat,0.425,0.7500000000000001,3,0,0.5577794,-0.16205096,19,-0.3250000000000001,-0.19222062826156627
flat,0.475,0.7500000000000001,4,0,0.59002835,-0.06645128,19,-0.27500000000000013,-0.15997165441513073
flat,0.525,0.7500000000000001,5,0,0.6224059,0.027773768,19,-0.2250000000000001,-0.12759411334991466
flat,0.575,0.7500000000000001,6,0,0.6547835,0.121998906,19,-0.17500000000000016,-0.09521651268005382
flat,0.625,0.7500000000000001,7,0,0.6871611,0.21622413,19,-0.1250000000000001,-0.06283891201019298
flat,0.675,0.7500000000000001,8,0,0.7195388,0.31044936,19,-0.07500000000000007,-0.03046119213104259
flat,0.7250000000000001,0.7500000000000001,9,0,0.75210434,0.4028747,19,-0.025000000000000022,0.002104341983795055
flat,0.7749999999999999,0.7500000000000001,10,1,0.7849982,0.492159,19,0.0249999999999998,0.03499817848205555
flat,0.7749999999999999,0.7500000000000001,10,1,0.7849982,0.492159,19,0.0249999999999998,0.03499817848205555
flat,0.825,0.7500000000000001,11,1,0.817892,0.5814434,19,0.07499999999999984,0.06789201498031605
flat,0.825,0.7500000000000001,11,1,0.817892,0.5814434,19,0.07499999999999984,0.06789201498031605
flat,0.8749999999999999,0.7500000000000001,12,1,0.8507858,0.6707278,19,0.12499999999999978,0.10078579187393177
flat,0.8749999999999999,0.7500000000000001,12,1,0.8507858,0.6707278,19,0.12499999999999978,0.10078579187393177
flat,0.9249999999999999,0.7500000000000001,13,1,0.8836796,0.76001215,19,0.17499999999999982,0.13367962837219227
flat,0.9249999999999999,0.7500000000000001,13,1,0.8836796,0.76001215,19,0.17499999999999982,0.13367962837219227
flat,0.975,0.7500000000000001,14,1,0.9165735,0.84929657,19,0.22499999999999987,0.16657352447509755
flat,0.975,0.7500000000000001,14,1,0.9165735,0.84929657,19,0.22499999999999987,0.16657352447509755
base,0.025000000000000022,0.5,0,0,0.21908946,-0.9116313,19,-0.475,-0.28091053664684296
base,0.075,0.5,1,0,0.23285055,-0.8321725,19,-0.425,-0.2671494483947754
base,0.12500000000000003,0.5,2,0,0.26441962,-0.7293093,19,-0.375,-0.23558038473129272
base,0.17500000000000002,0.5,3,0,0.29598868,-0.6264459,19,-0.32499999999999996,-0.20401132106781006
base,0.225,0.5,4,0,0.32755774,-0.5235826,19,-0.275,-0.1724422574043274
base,0.275,0.5,5,0,0.3591268,-0.4207192,19,-0.22499999999999998,-0.14087319374084473
base,0.325,0.5,6,0,0.39069587,-0.31785595,19,-0.175,-0.10930413007736206
base,0.37500000000000006,0.5,7,0,0.42226493,-0.21499258,19,-0.12499999999999994,-0.0777350664138794
base,0.425,0.5,8,0,0.453834,-0.11212918,19,-0.07500000000000001,-0.04616600275039673
base,0.475,0.5,9,0,0.48540306,-0.00926584,19,-0.025000000000000022,-0.014596939086914062
base,0.525,0.5,10,1,0.5174861,0.08810559,19,0.025000000000000022,0.017486095428466797
base,0.575,0.5,11,1,0.54986376,0.18233082,19,0.07499999999999996,0.04986375570297241
base,0.625,0.5,12,1,0.58224136,0.27655602,19,0.125,0.08224135637283325
base,0.675,0.5,13,1,0.61461896,0.37078118,19,0.17500000000000004,0.11461895704269409
base,0.7250000000000001,0.5,14,1,0.64699656,0.4650064,19,0.2250000000000001,0.14699655771255493
base,0.7749999999999999,0.5,15,1,0.6793741,0.5592314,19,0.2749999999999999,0.179374098777771
base,0.825,0.5,16,1,0.7117517,0.65345657,19,0.32499999999999996,0.21175169944763184
base,0.8749999999999999,0.5,17,1,0.7453272,0.74400663,19,0.3749999999999999,0.2453271746635437
base,0.9249999999999999,0.5,18,1,0.7831135,0.8216375,19,0.42499999999999993,0.2831134796142578
base,0.975,0.5,19,1,0.8210224,0.89809394,19,0.475,0.3210223913192749
curv,0.025000000000000022,0.25,0,0,0.20666513,-0.7312162,19,-0.22499999999999998,-0.04333487153053284
curv,0.025000000000000022,0.25,0,0,0.20666513,-0.7312162,19,-0.22499999999999998,-0.04333487153053284
curv,0.075,0.25,1,0,0.20887558,-0.6702776,19,-0.175,-0.04112441837787628
curv,0.075,0.25,1,0,0.20887558,-0.6702776,19,-0.175,-0.04112441837787628
curv,0.12500000000000003,0.25,2,0,0.21108606,-0.609339,19,-0.12499999999999997,-0.03891393542289734
curv,0.12500000000000003,0.25,2,0,0.21108606,-0.609339,19,-0.12499999999999997,-0.03891393542289734
curv,0.17500000000000002,0.25,3,0,0.2132965,-0.5484004,19,-0.07499999999999998,-0.03670349717140198
curv,0.17500000000000002,0.25,3,0,0.2132965,-0.5484004,19,-0.07499999999999998,-0.03670349717140198
curv,0.225,0.25,4,0,0.22361232,-0.4736609,19,-0.024999999999999994,-0.02638767659664154
curv,0.225,0.25,4,0,0.22361232,-0.4736609,19,-0.024999999999999994,-0.02638767659664154
curv,0.275,0.25,5,1,0.2551814,-0.37079751,19,0.025000000000000022,0.005181401968002319
curv,0.325,0.25,6,1,0.28675044,-0.2679342,19,0.07500000000000001,0.0367504358291626
curv,0.37500000000000006,0.25,7,1,0.3183195,-0.16507083,19,0.12500000000000006,0.06831949949264526
curv,0.425,0.25,8,1,0.3498886,-0.06220749,19,0.175,0.09988859295845032
curv,0.475,0.25,9,1,0.38145763,0.04065579,19,0.22499999999999998,0.1314576268196106
curv,0.525,0.25,10,1,0.4130267,0.1435191,19,0.275,0.16302669048309326
curv,0.575,0.25,11,1,0.45014673,0.22669989,19,0.32499999999999996,0.20014673471450806
curv,0.625,0.25,12,1,0.48793304,0.3043309,19,0.375,0.23793303966522217
curv,0.675,0.25,13,1,0.5257193,0.38196176,19,0.42500000000000004,0.2757192850112915
curv,0.7250000000000001,0.25,14,1,0.5604491,0.4485507,19,0.4750000000000001,0.31044912338256836
flat,0.275,0.7500000000000001,0,0,0.46307224,-0.470641,19,-0.4750000000000001,-0.2869277596473695
flat,0.325,0.7500000000000001,1,0,0.49464124,-0.36777765,19,-0.4250000000000001,-0.2553587555885316
flat,0.37500000000000006,0.7500000000000001,2,0,0.5262103,-0.26491433,19,-0.37500000000000006,-0.22378969192504894
flat,0.425,0.7500000000000001,3,0,0.5577794,-0.16205096,19,-0.3250000000000001,-0.19222062826156627
flat,0.475,0.7500000000000001,4,0,0.59002835,-0.06645128,19,-0.27500000000000013,-0.15997165441513073
flat,0.525,0.7500000000000001,5,0,0.6224059,0.027773768,19,-0.2250000000000001,-0.12759411334991466
flat,0.575,0.7500000000000001,6,0,0.6547835,0.121998906,19,-0.17500000000000016,-0.09521651268005382
flat,0.625,0.7500000000000001,7,0,0.6871611,0.21622413,19,-0.1250000000000001,-0.06283891201019298
flat,0.675,0.7500000000000001,8,0,0.7195388,0.31044936,19,-0.07500000000000007,-0.03046119213104259
flat,0.7250000000000001,0.7500000000000001,9,0,0.75210434,0.4028747,19,-0.025000000000000022,0.002104341983795055
flat,0.7749999999999999,0.7500000000000001,10,1,0.7849982,0.492159,19,0.0249999999999998,0.03499817848205555
flat,0.7749999999999999,0.7500000000000001,10,1,0.7849982,0.492159,19,0.0249999999999998,0.03499817848205555
flat,0.825,0.7500000000000001,11,1,0.817892,0.5814434,19,0.07499999999999984,0.06789201498031605
flat,0.825,0.7500000000000001,11,1,0.817892,0.5814434,19,0.07499999999999984,0.06789201498031605
flat,0.8749999999999999,0.7500000000000001,12,1,0.8507858,0.6707278,19,0.12499999999999978,0.10078579187393177
flat,0.8749999999999999,0.7500000000000001,12,1,0.8507858,0.6707278,19,0.12499999999999978,0.10078579187393177
flat,0.9249999999999999,0.7500000000000001,13,1,0.8836796,0.76001215,19,0.17499999999999982,0.13367962837219227
flat,0.9249999999999999,0.7500000000000001,13,1,0.8836796,0.76001215,19,0.17499999999999982,0.13367962837219227
flat,0.975,0.7500000000000001,14,1,0.9165735,0.84929657,19,0.22499999999999987,0.16657352447509755
flat,0.975,0.7500000000000001,14,1,0.9165735,0.84929657,19,0.22499999999999987,0.16657352447509755
base,0.025000000000000022,0.5,0,0,0.265907,-0.52636945,20,-0.475,-0.23409301042556763
base,0.075,0.5,1,0,0.28976017,-0.49072707,20,-0.425,-0.21023982763290405
base,0.12500000000000003,0.5,2,0,0.31361336,-0.45508474,20,-0.375,-0.18638664484024048
base,0.17500000000000002,0.5,3,0,0.3387913,-0.3948648,20,-0.32499999999999996,-0.16120868921279907
base,0.225,0.5,4,0,0.36513555,-0.31300837,20,-0.275,-0.1348644495010376
base,0.275,0.5,5,0,0.3908953,-0.23409341,20,-0.22499999999999998,-0.1091046929359436
base,0.325,0.5,6,0,0.416,-0.15847465,20,-0.175,-0.08399999141693115
base,0.37500000000000006,0.5,7,0,0.44110477,-0.082855806,20,-0.12499999999999994,-0.058895230293273926
base,0.425,0.5,8,0,0.46620947,-0.0072370023,20,-0.07500000000000001,-0.033790528774261475
base,0.475,0.5,9,0,0.4913143,0.06838189,20,-0.025000000000000022,-0.008685708045959473
base,0.525,0.5,10,1,0.51641893,0.14400063,20,0.025000000000000022,0.016418933868408203
base,0.575,0.5,11,1,0.5415236,0.21961938,20,0.07499999999999996,0.04152357578277588
base,0.625,0.5,12,1,0.56662846,0.29523832,20,0.125,0.06662845611572266
base,0.675,0.5,13,1,0.5917331,0.370857,20,0.17500000000000004,0.09173309803009033
base,0.7250000000000001,0.5,14,1,0.61683786,0.44647592,20,0.2250000000000001,0.11683785915374756
base,0.7749999999999999,0.5,15,1,0.6419425,0.5220946,20,0.2749999999999999,0.14194250106811523
base,0.825,0.5,16,1,0.66704726,0.59771353,20,0.32499999999999996,0.16704726219177246
base,0.8749999999999999,0.5,17,1,0.692152,0.6733324,20,0.3749999999999999,0.1921520233154297
base,0.9249999999999999,0.5,18,1,0.7172568,0.7489513,20,0.42499999999999993,0.21725678443908691
base,0.975,0.5,19,1,0.7423614,0.82457006,20,0.475,0.2423614263534546
curv,0.025000000000000022,0.25,0,0,0.12416227,-0.4593541,20,-0.22499999999999998,-0.12583772838115692
curv,0.025000000000000022,0.25,0,0,0.12416227,-0.4593541,20,-0.22499999999999998,-0.12583772838115692
curv,0.075,0.25,1,0,0.15050654,-0.37749773,20,-0.175,-0.09949345886707306
curv,0.075,0.25,1,0,0.15050654,-0.37749773,20,-0.175,-0.09949345886707306
curv,0.12500000000000003,0.25,2,0,0.17685084,-0.2956413,20,-0.12499999999999997,-0.07314915955066681
curv,0.12500000000000003,0.25,2,0,0.17685084,-0.2956413,20,-0.12499999999999997,-0.07314915955066681
curv,0.17500000000000002,0.25,3,0,0.20319508,-0.2137849,20,-0.07499999999999998,-0.046804919838905334
curv,0.17500000000000002,0.25,3,0,0.20319508,-0.2137849,20,-0.07499999999999998,-0.046804919838905334
curv,0.225,0.25,4,0,0.22953938,-0.1319285,20,-0.024999999999999994,-0.020460620522499084
curv,0.225,0.25,4,0,0.22953938,-0.1319285,20,-0.024999999999999994,-0.020460620522499084
curv,0.275,0.25,5,1,0.25588363,-0.05007206,20,0.025000000000000022,0.005883634090423584
curv,0.325,0.25,6,1,0.28222787,0.03178434,20,0.07500000000000001,0.03222787380218506
curv,0.37500000000000006,0.25,7,1,0.3085721,0.11364077,20,0.12500000000000006,0.05857211351394653
curv,0.425,0.25,8,1,0.33491635,0.19549723,20,0.175,0.08491635322570801
curv,0.475,0.25,9,1,0.36126065,0.27735364,20,0.22499999999999998,0.11126065254211426
curv,0.525,0.25,10,1,0.3876049,0.35921,20,0.275,0.13760489225387573
curv,0.575,0.25,11,1,0.41394913,0.44106632,20,0.32499999999999996,0.1639491319656372
curv,0.625,0.25,12,1,0.43989265,0.5209061,20,0.375,0.18989264965057373
curv,0.675,0.25,13,1,0.4649973,0.59652483,20,0.42500000000000004,0.2149972915649414
curv,0.7250000000000001,0.25,14,1,0.4901021,0.6721437,20,0.4750000000000001,0.2401021122932434
flat,0.275,0.7500000000000001,0,0,0.5213713,-0.390373,20,-0.4750000000000001,-0.22862869501113903
flat,0.325,0.7500000000000001,1,0,0.5439849,-0.36096823,20,-0.4250000000000001,-0.20601511001586925
flat,0.37500000000000006,0.7500000000000001,2,0,0.5678406,-0.30852354,20,-0.37500000000000006,-0.1821594238281251
flat,0.425,0.7500000000000001,3,0,0.5929452,-0.23290473,20,-0.3250000000000001,-0.15705478191375744
flat,0.475,0.7500000000000001,4,0,0.61804986,-0.157286,20,-0.27500000000000013,-0.13195013999938976
flat,0.525,0.7500000000000001,5,0,0.6431547,-0.081667155,20,-0.2250000000000001,-0.10684531927108776
flat,0.575,0.7500000000000001,6,0,0.6682594,-0.006048426,20,-0.17500000000000016,-0.0817406177520753
flat,0.625,0.7500000000000001,7,0,0.6933641,0.06957047,20,-0.1250000000000001,-0.056635916233062855
flat,0.675,0.7500000000000001,8,0,0.7184688,0.14518924,20,-0.07500000000000007,-0.031531214714050404
flat,0.7250000000000001,0.7500000000000001,9,0,0.7435735,0.22080813,20,-0.025000000000000022,-0.006426513195037953
flat,0.7749999999999999,0.7500000000000001,10,1,0.7686783,0.29642695,20,0.0249999999999998,0.01867830753326405
flat,0.7749999999999999,0.7500000000000001,10,1,0.7686783,0.29642695,20,0.0249999999999998,0.01867830753326405
flat,0.825,0.7500000000000001,11,1,0.79378295,0.37204576,20,0.07499999999999984,0.043782949447631725
flat,0.825,0.7500000000000001,11,1,0.79378295,0.37204576,20,0.07499999999999984,0.043782949447631725
flat,0.8749999999999999,0.7500000000000001,12,1,0.81888765,0.44766462,20,0.12499999999999978,0.06888765096664418
flat,0.8749999999999999,0.7500000000000001,12,1,0.81888765,0.44766462,20,0.12499999999999978,0.06888765096664418
flat,0.9249999999999999,0.7500000000000001,13,1,0.84399235,0.52328336,20,0.17499999999999982,0.09399235248565663
flat,0.9249999999999999,0.7500000000000001,13,1,0.84399235,0.52328336,20,0.17499999999999982,0.09399235248565663
flat,0.975,0.7500000000000001,14,1,0.8690971,0.5989023,20,0.22499999999999987,0.11909711360931385
flat,0.975,0.7500000000000001,14,1,0.8690971,0.5989023,20,0.22499999999999987,0.11909711360931385
base,0.025000000000000022,0.5,0,0,0.265907,-0.52636945,20,-0.475,-0.23409301042556763
base,0.075,0.5,1,0,0.28976017,-0.49072707,20,-0.425,-0.21023982763290405
base,0.12500000000000003,0.5,2,0,0.31361336,-0.45508474,20,-0.375,-0.18638664484024048
base,0.17500000000000002,0.5,3,0,0.3387913,-0.3948648,20,-0.32499999999999996,-0.16120868921279907
base,0.225,0.5,4,0,0.36513555,-0.31300837,20,-0.275,-0.1348644495010376
base,0.275,0.5,5,0,0.3908953,-0.23409341,20,-0.22499999999999998,-0.1091046929359436
base,0.325,0.5,6,0,0.416,-0.15847465,20,-0.175,-0.08399999141693115
base,0.37500000000000006,0.5,7,0,0.44110477,-0.082855806,20,-0.12499999999999994,-0.058895230293273926
base,0.425,0.5,8,0,0.46620947,-0.0072370023,20,-0.07500000000000001,-0.033790528774261475
base,0.475,0.5,9,0,0.4913143,0.06838189,20,-0.025000000000000022,-0.008685708045959473
base,0.525,0.5,10,1,0.51641893,0.14400063,20,0.025000000000000022,0.016418933868408203
base,0.575,0.5,11,1,0.5415236,0.21961938,20,0.07499999999999996,0.04152357578277588
base,0.625,0.5,12,1,0.56662846,0.29523832,20,0.125,0.06662845611572266
base,0.675,0.5,13,1,0.5917331,0.370857,20,0.17500000000000004,0.09173309803009033
base,0.7250000000000001,0.5,14,1,0.61683786,0.44647592,20,0.2250000000000001,0.11683785915374756
base,0.7749999999999999,0.5,15,1,0.6419425,0.5220946,20,0.2749999999999999,0.14194250106811523
base,0.825,0.5,16,1,0.66704726,0.59771353,20,0.32499999999999996,0.16704726219177246
base,0.8749999999999999,0.5,17,1,0.692152,0.6733324,20,0.3749999999999999,0.1921520233154297
base,0.9249999999999999,0.5,18,1,0.7172568,0.7489513,20,0.42499999999999993,0.21725678443908691
base,0.975,0.5,19,1,0.7423614,0.82457006,20,0.475,0.2423614263534546
curv,0.025000000000000022,0.25,0,0,0.12416227,-0.4593541,20,-0.22499999999999998,-0.12583772838115692
curv,0.025000000000000022,0.25,0,0,0.12416227,-0.4593541,20,-0.22499999999999998,-0.12583772838115692
curv,0.075,0.25,1,0,0.15050654,-0.37749773,20,-0.175,-0.09949345886707306
curv,0.075,0.25,1,0,0.15050654,-0.37749773,20,-0.175,-0.09949345886707306
curv,0.12500000000000003,0.25,2,0,0.17685084,-0.2956413,20,-0.12499999999999997,-0.07314915955066681
curv,0.12500000000000003,0.25,2,0,0.17685084,-0.2956413,20,-0.12499999999999997,-0.07314915955066681
curv,0.17500000000000002,0.25,3,0,0.20319508,-0.2137849,20,-0.07499999999999998,-0.046804919838905334
curv,0.17500000000000002,0.25,3,0,0.20319508,-0.2137849,20,-0.07499999999999998,-0.046804919838905334
curv,0.225,0.25,4,0,0.22953938,-0.1319285,20,-0.024999999999999994,-0.020460620522499084
curv,0.225,0.25,4,0,0.22953938,-0.1319285,20,-0.024999999999999994,-0.020460620522499084
curv,0.275,0.25,5,1,0.25588363,-0.05007206,20,0.025000000000000022,0.005883634090423584
curv,0.325,0.25,6,1,0.28222787,0.03178434,20,0.07500000000000001,0.03222787380218506
curv,0.37500000000000006,0.25,7,1,0.3085721,0.11364077,20,0.12500000000000006,0.05857211351394653
curv,0.425,0.25,8,1,0.33491635,0.19549723,20,0.175,0.08491635322570801
curv,0.475,0.25,9,1,0.36126065,0.27735364,20,0.22499999999999998,0.11126065254211426
curv,0.525,0.25,10,1,0.3876049,0.35921,20,0.275,0.13760489225387573
curv,0.575,0.25,11,1,0.41394913,0.44106632,20,0.32499999999999996,0.1639491319656372
curv,0.625,0.25,12,1,0.43989265,0.5209061,20,0.375,0.18989264965057373
curv,0.675,0.25,13,1,0.4649973,0.59652483,20,0.42500000000000004,0.2149972915649414
curv,0.7250000000000001,0.25,14,1,0.4901021,0.6721437,20,0.4750000000000001,0.2401021122932434
flat,0.275,0.7500000000000001,0,0,0.5213713,-0.390373,20,-0.4750000000000001,-0.22862869501113903
flat,0.325,0.7500000000000001,1,0,0.5439849,-0.36096823,20,-0.4250000000000001,-0.20601511001586925
flat,0.37500000000000006,0.7500000000000001,2,0,0.5678406,-0.30852354,20,-0.37500000000000006,-0.1821594238281251
flat,0.425,0.7500000000000001,3,0,0.5929452,-0.23290473,20,-0.3250000000000001,-0.15705478191375744
flat,0.475,0.7500000000000001,4,0,0.61804986,-0.157286,20,-0.27500000000000013,-0.13195013999938976
flat,0.525,0.7500000000000001,5,0,0.6431547,-0.081667155,20,-0.2250000000000001,-0.10684531927108776
flat,0.575,0.7500000000000001,6,0,0.6682594,-0.006048426,20,-0.17500000000000016,-0.0817406177520753
flat,0.625,0.7500000000000001,7,0,0.6933641,0.06957047,20,-0.1250000000000001,-0.056635916233062855
flat,0.675,0.7500000000000001,8,0,0.7184688,0.14518924,20,-0.07500000000000007,-0.031531214714050404
flat,0.7250000000000001,0.7500000000000001,9,0,0.7435735,0.22080813,20,-0.025000000000000022,-0.006426513195037953
flat,0.7749999999999999,0.7500000000000001,10,1,0.7686783,0.29642695,20,0.0249999999999998,0.01867830753326405
flat,0.7749999999999999,0.7500000000000001,10,1,0.7686783,0.29642695,20,0.0249999999999998,0.01867830753326405
flat,0.825,0.7500000000000001,11,1,0.79378295,0.37204576,20,0.07499999999999984,0.043782949447631725
flat,0.825,0.7500000000000001,11,1,0.79378295,0.37204576,20,0.07499999999999984,0.043782949447631725
flat,0.8749999999999999,0.7500000000000001,12,1,0.81888765,0.44766462,20,0.12499999999999978,0.06888765096664418
flat,0.8749999999999999,0.7500000000000001,12,1,0.81888765,0.44766462,20,0.12499999999999978,0.06888765096664418
flat,0.9249999999999999,0.7500000000000001,13,1,0.84399235,0.52328336,20,0.17499999999999982,0.09399235248565663
flat,0.9249999999999999,0.7500000000000001,13,1,0.84399235,0.52328336,20,0.17499999999999982,0.09399235248565663
flat,0.975,0.7500000000000001,14,1,0.8690971,0.5989023,20,0.22499999999999987,0.11909711360931385
flat,0.975,0.7500000000000001,14,1,0.8690971,0.5989023,20,0.22499999999999987,0.11909711360931385
base,0.025000000000000022,0.5,0,0,0.265907,-0.52636945,20,-0.475,-0.23409301042556763
base,0.075,0.5,1,0,0.28976017,-0.49072707,20,-0.425,-0.21023982763290405
base,0.12500000000000003,0.5,2,0,0.31361336,-0.45508474,20,-0.375,-0.18638664484024048
base,0.17500000000000002,0.5,3,0,0.3387913,-0.3948648,20,-0.32499999999999996,-0.16120868921279907
base,0.225,0.5,4,0,0.36513555,-0.31300837,20,-0.275,-0.1348644495010376
base,0.275,0.5,5,0,0.3908953,-0.23409341,20,-0.22499999999999998,-0.1091046929359436
base,0.325,0.5,6,0,0.416,-0.15847465,20,-0.175,-0.08399999141693115
base,0.37500000000000006,0.5,7,0,0.44110477,-0.082855806,20,-0.12499999999999994,-0.058895230293273926
base,0.425,0.5,8,0,0.46620947,-0.0072370023,20,-0.07500000000000001,-0.033790528774261475
base,0.475,0.5,9,0,0.4913143,0.06838189,20,-0.025000000000000022,-0.008685708045959473
base,0.525,0.5,10,1,0.51641893,0.14400063,20,0.025000000000000022,0.016418933868408203
base,0.575,0.5,11,1,0.5415236,0.21961938,20,0.07499999999999996,0.04152357578277588
base,0.625,0.5,12,1,0.56662846,0.29523832,20,0.125,0.06662845611572266
base,0.675,0.5,13,1,0.5917331,0.370857,20,0.17500000000000004,0.09173309803009033
base,0.7250000000000001,0.5,14,1,0.61683786,0.44647592,20,0.2250000000000001,0.11683785915374756
base,0.7749999999999999,0.5,15,1,0.6419425,0.5220946,20,0.2749999999999999,0.14194250106811523
base,0.825,0.5,16,1,0.66704726,0.59771353,20,0.32499999999999996,0.16704726219177246
base,0.8749999999999999,0.5,17,1,0.692152,0.6733324,20,0.3749999999999999,0.1921520233154297
base,0.9249999999999999,0.5,18,1,0.7172568,0.7489513,20,0.42499999999999993,0.21725678443908691
base,0.975,0.5,19,1,0.7423614,0.82457006,20,0.475,0.2423614263534546
curv,0.025000000000000022,0.25,0,0,0.12416227,-0.4593541,20,-0.22499999999999998,-0.12583772838115692
curv,0.025000000000000022,0.25,0,0,0.12416227,-0.4593541,20,-0.22499999999999998,-0.12583772838115692
curv,0.075,0.25,1,0,0.15050654,-0.37749773,20,-0.175,-0.09949345886707306
curv,0.075,0.25,1,0,0.15050654,-0.37749773,20,-0.175,-0.09949345886707306
curv,0.12500000000000003,0.25,2,0,0.17685084,-0.2956413,20,-0.12499999999999997,-0.07314915955066681
curv,0.12500000000000003,0.25,2,0,0.17685084,-0.2956413,20,-0.12499999999999997,-0.07314915955066681
curv,0.17500000000000002,0.25,3,0,0.20319508,-0.2137849,20,-0.07499999999999998,-0.046804919838905334
curv,0.17500000000000002,0.25,3,0,0.20319508,-0.2137849,20,-0.07499999999999998,-0.046804919838905334
curv,0.225,0.25,4,0,0.22953938,-0.1319285,20,-0.024999999999999994,-0.020460620522499084
curv,0.225,0.25,4,0,0.22953938,-0.1319285,20,-0.024999999999999994,-0.020460620522499084
curv,0.275,0.25,5,1,0.25588363,-0.05007206,20,0.025000000000000022,0.005883634090423584
curv,0.325,0.25,6,1,0.28222787,0.03178434,20,0.07500000000000001,0.03222787380218506
curv,0.37500000000000006,0.25,7,1,0.3085721,0.11364077,20,0.12500000000000006,0.05857211351394653
curv,0.425,0.25,8,1,0.33491635,0.19549723,20,0.175,0.08491635322570801
curv,0.475,0.25,9,1,0.36126065,0.27735364,20,0.22499999999999998,0.11126065254211426
curv,0.525,0.25,10,1,0.3876049,0.35921,20,0.275,0.13760489225387573
curv,0.575,0.25,11,1,0.41394913,0.44106632,20,0.32499999999999996,0.1639491319656372
curv,0.625,0.25,12,1,0.43989265,0.5209061,20,0.375,0.18989264965057373
curv,0.675,0.25,13,1,0.4649973,0.59652483,20,0.42500000000000004,0.2149972915649414
curv,0.7250000000000001,0.25,14,1,0.4901021,0.6721437,20,0.4750000000000001,0.2401021122932434
flat,0.275,0.7500000000000001,0,0,0.5213713,-0.390373,20,-0.4750000000000001,-0.22862869501113903
flat,0.325,0.7500000000000001,1,0,0.5439849,-0.36096823,20,-0.4250000000000001,-0.20601511001586925
flat,0.37500000000000006,0.7500000000000001,2,0,0.5678406,-0.30852354,20,-0.37500000000000006,-0.1821594238281251
flat,0.425,0.7500000000000001,3,0,0.5929452,-0.23290473,20,-0.3250000000000001,-0.15705478191375744
flat,0.475,0.7500000000000001,4,0,0.61804986,-0.157286,20,-0.27500000000000013,-0.13195013999938976
flat,0.525,0.7500000000000001,5,0,0.6431547,-0.081667155,20,-0.2250000000000001,-0.10684531927108776
flat,0.575,0.7500000000000001,6,0,0.6682594,-0.006048426,20,-0.17500000000000016,-0.0817406177520753
flat,0.625,0.7500000000000001,7,0,0.6933641,0.06957047,20,-0.1250000000000001,-0.056635916233062855
flat,0.675,0.7500000000000001,8,0,0.7184688,0.14518924,20,-0.07500000000000007,-0.031531214714050404
flat,0.7250000000000001,0.7500000000000001,9,0,0.7435735,0.22080813,20,-0.025000000000000022,-0.006426513195037953
flat,0.7749999999999999,0.7500000000000001,10,1,0.7686783,0.29642695,20,0.0249999999999998,0.01867830753326405
flat,0.7749999999999999,0.7500000000000001,10,1,0.7686783,0.29642695,20,0.0249999999999998,0.01867830753326405
flat,0.825,0.7500000000000001,11,1,0.79378295,0.37204576,20,0.07499999999999984,0.043782949447631725
flat,0.825,0.7500000000000001,11,1,0.79378295,0.37204576,20,0.07499999999999984,0.043782949447631725
flat,0.8749999999999999,0.7500000000000001,12,1,0.81888765,0.44766462,20,0.12499999999999978,0.06888765096664418
flat,0.8749999999999999,0.7500000000000001,12,1,0.81888765,0.44766462,20,0.12499999999999978,0.06888765096664418
flat,0.9249999999999999,0.7500000000000001,13,1,0.84399235,0.52328336,20,0.17499999999999982,0.09399235248565663
flat,0.9249999999999999,0.7500000000000001,13,1,0.84399235,0.52328336,20,0.17499999999999982,0.09399235248565663
flat,0.975,0.7500000000000001,14,1,0.8690971,0.5989023,20,0.22499999999999987,0.11909711360931385
flat,0.975,0.7500000000000001,14,1,0.8690971,0.5989023,20,0.22499999999999987,0.11909711360931385
base,0.025000000000000022,0.5,0,0,0.265907,-0.52636945,20,-0.475,-0.23409301042556763
base,0.075,0.5,1,0,0.28976017,-0.49072707,20,-0.425,-0.21023982763290405
base,0.12500000000000003,0.5,2,0,0.31361336,-0.45508474,20,-0.375,-0.18638664484024048
base,0.17500000000000002,0.5,3,0,0.3387913,-0.3948648,20,-0.32499999999999996,-0.16120868921279907
base,0.225,0.5,4,0,0.36513555,-0.31300837,20,-0.275,-0.1348644495010376
base,0.275,0.5,5,0,0.3908953,-0.23409341,20,-0.22499999999999998,-0.1091046929359436
base,0.325,0.5,6,0,0.416,-0.15847465,20,-0.175,-0.08399999141693115
base,0.37500000000000006,0.5,7,0,0.44110477,-0.082855806,20,-0.12499999999999994,-0.058895230293273926
base,0.425,0.5,8,0,0.46620947,-0.0072370023,20,-0.07500000000000001,-0.033790528774261475
base,0.475,0.5,9,0,0.4913143,0.06838189,20,-0.025000000000000022,-0.008685708045959473
base,0.525,0.5,10,1,0.51641893,0.14400063,20,0.025000000000000022,0.016418933868408203
base,0.575,0.5,11,1,0.5415236,0.21961938,20,0.07499999999999996,0.04152357578277588
base,0.625,0.5,12,1,0.56662846,0.29523832,20,0.125,0.06662845611572266
base,0.675,0.5,13,1,0.5917331,0.370857,20,0.17500000000000004,0.09173309803009033
base,0.7250000000000001,0.5,14,1,0.61683786,0.44647592,20,0.2250000000000001,0.11683785915374756
base,0.7749999999999999,0.5,15,1,0.6419425,0.5220946,20,0.2749999999999999,0.14194250106811523
base,0.825,0.5,16,1,0.66704726,0.59771353,20,0.32499999999999996,0.16704726219177246
base,0.8749999999999999,0.5,17,1,0.692152,0.6733324,20,0.3749999999999999,0.1921520233154297
base,0.9249999999999999,0.5,18,1,0.7172568,0.7489513,20,0.42499999999999993,0.21725678443908691
base,0.975,0.5,19,1,0.7423614,0.82457006,20,0.475,0.2423614263534546
curv,0.025000000000000022,0.25,0,0,0.12416227,-0.4593541,20,-0.22499999999999998,-0.12583772838115692
curv,0.025000000000000022,0.25,0,0,0.12416227,-0.4593541,20,-0.22499999999999998,-0.12583772838115692
curv,0.075,0.25,1,0,0.15050654,-0.37749773,20,-0.175,-0.09949345886707306
curv,0.075,0.25,1,0,0.15050654,-0.37749773,20,-0.175,-0.09949345886707306
curv,0.12500000000000003,0.25,2,0,0.17685084,-0.2956413,20,-0.12499999999999997,-0.07314915955066681
curv,0.12500000000000003,0.25,2,0,0.17685084,-0.2956413,20,-0.12499999999999997,-0.07314915955066681
curv,0.17500000000000002,0.25,3,0,0.20319508,-0.2137849,20,-0.07499999999999998,-0.046804919838905334
curv,0.17500000000000002,0.25,3,0,0.20319508,-0.2137849,20,-0.07499999999999998,-0.046804919838905334
curv,0.225,0.25,4,0,0.22953938,-0.1319285,20,-0.024999999999999994,-0.020460620522499084
curv,0.225,0.25,4,0,0.22953938,-0.1319285,20,-0.024999999999999994,-0.020460620522499084
curv,0.275,0.25,5,1,0.25588363,-0.05007206,20,0.025000000000000022,0.005883634090423584
curv,0.325,0.25,6,1,0.28222787,0.03178434,20,0.07500000000000001,0.03222787380218506
curv,0.37500000000000006,0.25,7,1,0.3085721,0.11364077,20,0.12500000000000006,0.05857211351394653
curv,0.425,0.25,8,1,0.33491635,0.19549723,20,0.175,0.08491635322570801
curv,0.475,0.25,9,1,0.36126065,0.27735364,20,0.22499999999999998,0.11126065254211426
curv,0.525,0.25,10,1,0.3876049,0.35921,20,0.275,0.13760489225387573
curv,0.575,0.25,11,1,0.41394913,0.44106632,20,0.32499999999999996,0.1639491319656372
curv,0.625,0.25,12,1,0.43989265,0.5209061,20,0.375,0.18989264965057373
curv,0.675,0.25,13,1,0.4649973,0.59652483,20,0.42500000000000004,0.2149972915649414
curv,0.7250000000000001,0.25,14,1,0.4901021,0.6721437,20,0.4750000000000001,0.2401021122932434
flat,0.275,0.7500000000000001,0,0,0.5213713,-0.390373,20,-0.4750000000000001,-0.22862869501113903
flat,0.325,0.7500000000000001,1,0,0.5439849,-0.36096823,20,-0.4250000000000001,-0.20601511001586925
flat,0.37500000000000006,0.7500000000000001,2,0,0.5678406,-0.30852354,20,-0.37500000000000006,-0.1821594238281251
flat,0.425,0.7500000000000001,3,0,0.5929452,-0.23290473,20,-0.3250000000000001,-0.15705478191375744
flat,0.475,0.7500000000000001,4,0,0.61804986,-0.157286,20,-0.27500000000000013,-0.13195013999938976
flat,0.525,0.7500000000000001,5,0,0.6431547,-0.081667155,20,-0.2250000000000001,-0.10684531927108776
flat,0.575,0.7500000000000001,6,0,0.6682594,-0.006048426,20,-0.17500000000000016,-0.0817406177520753
flat,0.625,0.7500000000000001,7,0,0.6933641,0.06957047,20,-0.1250000000000001,-0.056635916233062855
flat,0.675,0.7500000000000001,8,0,0.7184688,0.14518924,20,-0.07500000000000007,-0.031531214714050404
flat,0.7250000000000001,0.7500000000000001,9,0,0.7435735,0.22080813,20,-0.025000000000000022,-0.006426513195037953
flat,0.7749999999999999,0.7500000000000001,10,1,0.7686783,0.29642695,20,0.0249999999999998,0.01867830753326405
flat,0.7749999999999999,0.7500000000000001,10,1,0.7686783,0.29642695,20,0.0249999999999998,0.01867830753326405
flat,0.825,0.7500000000000001,11,1,0.79378295,0.37204576,20,0.07499999999999984,0.043782949447631725
flat,0.825,0.7500000000000001,11,1,0.79378295,0.37204576,20,0.07499999999999984,0.043782949447631725
flat,0.8749999999999999,0.7500000000000001,12,1,0.81888765,0.44766462,20,0.12499999999999978,0.06888765096664418
flat,0.8749999999999999,0.7500000000000001,12,1,0.81888765,0.44766462,20,0.12499999999999978,0.06888765096664418
flat,0.9249999999999999,0.7500000000000001,13,1,0.84399235,0.52328336,20,0.17499999999999982,0.09399235248565663
flat,0.9249999999999999,0.7500000000000001,13,1,0.84399235,0.52328336,20,0.17499999999999982,0.09399235248565663
flat,0.975,0.7500000000000001,14,1,0.8690971,0.5989023,20,0.22499999999999987,0.11909711360931385
flat,0.975,0.7500000000000001,14,1,0.8690971,0.5989023,20,0.22499999999999987,0.11909711360931385
base,0.025000000000000022,0.5,0,0,0.28857255,-2.4400163,21,-0.475,-0.2114274501800537
base,0.075,0.5,1,0,0.31093234,-2.1818151,21,-0.425,-0.18906766176223755
base,0.12500000000000003,0.5,2,0,0.3332922,-1.9236144,21,-0.375,-0.1667078137397766
base,0.17500000000000002,0.5,3,0,0.35565192,-1.6654133,21,-0.32499999999999996,-0.14434808492660522
base,0.225,0.5,4,0,0.37801176,-1.4072126,21,-0.275,-0.12198823690414429
base,0.275,0.5,5,0,0.4003715,-1.1490115,21,-0.22499999999999998,-0.0996285080909729
base,0.325,0.5,6,0,0.42273134,-0.8908106,21,-0.175,-0.07726866006851196
base,0.37500000000000006,0.5,7,0,0.44509113,-0.6326095,21,-0.12499999999999994,-0.0549088716506958
base,0.425,0.5,8,0,0.46745092,-0.37440866,21,-0.07500000000000001,-0.03254908323287964
base,0.475,0.5,9,0,0.4898107,-0.11620772,21,-0.025000000000000022,-0.010189294815063477
base,0.525,0.5,10,1,0.51217043,0.14199305,21,0.025000000000000022,0.01217043399810791
base,0.575,0.5,11,1,0.5345302,0.40019426,21,0.07499999999999996,0.03453022241592407
base,0.625,0.5,12,1,0.5568901,0.6583952,21,0.125,0.05689007043838501
base,0.675,0.5,13,1,0.57924986,0.91659606,21,0.17500000000000004,0.07924985885620117
base,0.7250000000000001,0.5,14,1,0.60160965,1.1747972,21,0.2250000000000001,0.10160964727401733
base,0.7749999999999999,0.5,15,1,0.62396944,1.4329978,21,0.2749999999999999,0.1239694356918335
base,0.825,0.5,16,1,0.6463293,1.691199,21,0.32499999999999996,0.14632928371429443
base,0.8749999999999999,0.5,17,1,0.6684031,1.9399904,21,0.3749999999999999,0.16840308904647827
base,0.9249999999999999,0.5,18,1,0.68319374,2.1309052,21,0.42499999999999993,0.18319374322891235
base,0.975,0.5,19,1,0.6979843,2.3218203,21,0.475,0.19798427820205688
curv,0.025000000000000022,0.25,0,0,0.18031178,-1.7267052,21,-0.22499999999999998,-0.06968821585178375
curv,0.025000000000000022,0.25,0,0,0.18031178,-1.7267052,21,-0.22499999999999998,-0.06968821585178375
curv,0.075,0.25,1,0,0.20267163,-1.4685041,21,-0.175,-0.047328367829322815
curv,0.075,0.25,1,0,0.20267163,-1.4685041,21,-0.175,-0.047328367829322815
curv,0.12500000000000003,0.25,2,0,0.22503145,-1.2103032,21,-0.12499999999999997,-0.024968549609184265
curv,0.12500000000000003,0.25,2,0,0.22503145,-1.2103032,21,-0.12499999999999997,-0.024968549609184265
curv,0.17500000000000002,0.25,3,0,0.24739121,-0.9521023,21,-0.07499999999999998,-0.0026087909936904907
curv,0.17500000000000002,0.25,3,0,0.24739121,-0.9521023,21,-0.07499999999999998,-0.0026087909936904907
curv,0.225,0.25,4,0,0.269751,-0.6939013,21,-0.024999999999999994,0.019751012325286865
curv,0.225,0.25,4,0,0.269751,-0.6939013,21,-0.024999999999999994,0.019751012325286865
curv,0.275,0.25,5,1,0.2921108,-0.4357003,21,0.025000000000000022,0.04211080074310303
curv,0.325,0.25,6,1,0.3144706,-0.17749947,21,0.07500000000000001,0.06447058916091919
curv,0.37500000000000006,0.25,7,1,0.33683038,0.08070153,21,0.12500000000000006,0.08683037757873535
curv,0.425,0.25,8,1,0.35919023,0.3389025,21,0.175,0.10919022560119629
curv,0.475,0.25,9,1,0.38155007,0.5971035,21,0.22499999999999998,0.13155007362365723
curv,0.525,0.25,10,1,0.40390974,0.8553041,21,0.275,0.15390974283218384
curv,0.575,0.25,11,1,0.4262696,1.1135054,21,0.32499999999999996,0.17626959085464478
curv,0.625,0.25,12,1,0.44862938,1.3717061,21,0.375,0.19862937927246094
curv,0.675,0.25,13,1,0.47055763,1.5986133,21,0.42500000000000004,0.22055763006210327
curv,0.7250000000000001,0.25,14,1,0.4923895,1.8185359,21,0.4750000000000001,0.2423895001411438
flat,0.275,0.7500000000000001,0,0,0.50863224,-1.8623228,21,-0.4750000000000001,-0.24136775732040416
flat,0.325,0.7500000000000001,1,0,0.53099203,-1.6041218,21,-0.4250000000000001,-0.219007968902588
flat,0.37500000000000006,0.7500000000000001,2,0,0.5533518,-1.3459208,21,-0.37500000000000006,-0.19664818048477184
flat,0.425,0.7500000000000001,3,0,0.57571167,-1.0877197,21,-0.3250000000000001,-0.1742883324623109
flat,0.475,0.7500000000000001,4,0,0.5980714,-0.8295189,21,-0.27500000000000013,-0.15192860364913952
flat,0.525,0.7500000000000001,5,0,0.62043124,-0.57131827,21,-0.2250000000000001,-0.12956875562667858
flat,0.575,0.7500000000000001,6,0,0.642791,-0.313117,21,-0.17500000000000016,-0.10720902681350719
flat,0.625,0.7500000000000001,7,0,0.6651508,-0.054915935,21,-0.1250000000000001,-0.08484917879104625
flat,0.675,0.7500000000000001,8,0,0.68751055,0.20328489,21,-0.07500000000000007,-0.06248944997787487
flat,0.7250000000000001,0.7500000000000001,9,0,0.7098703,0.46148613,21,-0.025000000000000022,-0.04012972116470348
flat,0.7749999999999999,0.7500000000000001,10,1,0.7322302,0.7196866,21,0.0249999999999998,-0.017769813537597767
flat,0.7749999999999999,0.7500000000000001,10,1,0.7322302,0.7196866,21,0.0249999999999998,-0.017769813537597767
flat,0.825,0.7500000000000001,11,1,0.75459,0.97788775,21,0.07499999999999984,0.004589974880218395
flat,0.825,0.7500000000000001,11,1,0.75459,0.97788775,21,0.07499999999999984,0.004589974880218395
flat,0.8749999999999999,0.7500000000000001,12,1,0.77694976,1.2360885,21,0.12499999999999978,0.026949763298034557
flat,0.8749999999999999,0.7500000000000001,12,1,0.77694976,1.2360885,21,0.12499999999999978,0.026949763298034557
flat,0.9249999999999999,0.7500000000000001,13,1,0.79930955,1.4942896,21,0.17499999999999982,0.04930955171585072
flat,0.9249999999999999,0.7500000000000001,13,1,0.79930955,1.4942896,21,0.17499999999999982,0.04930955171585072
flat,0.975,0.7500000000000001,14,1,0.81973594,1.7205054,21,0.22499999999999987,0.06973594427108754
flat,0.975,0.7500000000000001,14,1,0.81973594,1.7205054,21,0.22499999999999987,0.06973594427108754
base,0.025000000000000022,0.5,0,0,0.28857255,-2.4400163,21,-0.475,-0.2114274501800537
base,0.075,0.5,1,0,0.31093234,-2.1818151,21,-0.425,-0.18906766176223755
base,0.12500000000000003,0.5,2,0,0.3332922,-1.9236144,21,-0.375,-0.1667078137397766
base,0.17500000000000002,0.5,3,0,0.35565192,-1.6654133,21,-0.32499999999999996,-0.14434808492660522
base,0.225,0.5,4,0,0.37801176,-1.4072126,21,-0.275,-0.12198823690414429
base,0.275,0.5,5,0,0.4003715,-1.1490115,21,-0.22499999999999998,-0.0996285080909729
base,0.325,0.5,6,0,0.42273134,-0.8908106,21,-0.175,-0.07726866006851196
base,0.37500000000000006,0.5,7,0,0.44509113,-0.6326095,21,-0.12499999999999994,-0.0549088716506958
base,0.425,0.5,8,0,0.46745092,-0.37440866,21,-0.07500000000000001,-0.03254908323287964
base,0.475,0.5,9,0,0.4898107,-0.11620772,21,-0.025000000000000022,-0.010189294815063477
base,0.525,0.5,10,1,0.51217043,0.14199305,21,0.025000000000000022,0.01217043399810791
base,0.575,0.5,11,1,0.5345302,0.40019426,21,0.07499999999999996,0.03453022241592407
base,0.625,0.5,12,1,0.5568901,0.6583952,21,0.125,0.05689007043838501
base,0.675,0.5,13,1,0.57924986,0.91659606,21,0.17500000000000004,0.07924985885620117
base,0.7250000000000001,0.5,14,1,0.60160965,1.1747972,21,0.2250000000000001,0.10160964727401733
base,0.7749999999999999,0.5,15,1,0.62396944,1.4329978,21,0.2749999999999999,0.1239694356918335
base,0.825,0.5,16,1,0.6463293,1.691199,21,0.32499999999999996,0.14632928371429443
base,0.8749999999999999,0.5,17,1,0.6684031,1.9399904,21,0.3749999999999999,0.16840308904647827
base,0.9249999999999999,0.5,18,1,0.68319374,2.1309052,21,0.42499999999999993,0.18319374322891235
base,0.975,0.5,19,1,0.6979843,2.3218203,21,0.475,0.19798427820205688
curv,0.025000000000000022,0.25,0,0,0.18031178,-1.7267052,21,-0.22499999999999998,-0.06968821585178375
curv,0.025000000000000022,0.25,0,0,0.18031178,-1.7267052,21,-0.22499999999999998,-0.06968821585178375
curv,0.075,0.25,1,0,0.20267163,-1.4685041,21,-0.175,-0.047328367829322815
curv,0.075,0.25,1,0,0.20267163,-1.4685041,21,-0.175,-0.047328367829322815
curv,0.12500000000000003,0.25,2,0,0.22503145,-1.2103032,21,-0.12499999999999997,-0.024968549609184265
curv,0.12500000000000003,0.25,2,0,0.22503145,-1.2103032,21,-0.12499999999999997,-0.024968549609184265
curv,0.17500000000000002,0.25,3,0,0.24739121,-0.9521023,21,-0.07499999999999998,-0.0026087909936904907
curv,0.17500000000000002,0.25,3,0,0.24739121,-0.9521023,21,-0.07499999999999998,-0.0026087909936904907
curv,0.225,0.25,4,0,0.269751,-0.6939013,21,-0.024999999999999994,0.019751012325286865
curv,0.225,0.25,4,0,0.269751,-0.6939013,21,-0.024999999999999994,0.019751012325286865
curv,0.275,0.25,5,1,0.2921108,-0.4357003,21,0.025000000000000022,0.04211080074310303
curv,0.325,0.25,6,1,0.3144706,-0.17749947,21,0.07500000000000001,0.06447058916091919
curv,0.37500000000000006,0.25,7,1,0.33683038,0.08070153,21,0.12500000000000006,0.08683037757873535
curv,0.425,0.25,8,1,0.35919023,0.3389025,21,0.175,0.10919022560119629
curv,0.475,0.25,9,1,0.38155007,0.5971035,21,0.22499999999999998,0.13155007362365723
curv,0.525,0.25,10,1,0.40390974,0.8553041,21,0.275,0.15390974283218384
curv,0.575,0.25,11,1,0.4262696,1.1135054,21,0.32499999999999996,0.17626959085464478
curv,0.625,0.25,12,1,0.44862938,1.3717061,21,0.375,0.19862937927246094
curv,0.675,0.25,13,1,0.47055763,1.5986133,21,0.42500000000000004,0.22055763006210327
curv,0.7250000000000001,0.25,14,1,0.4923895,1.8185359,21,0.4750000000000001,0.2423895001411438
flat,0.275,0.7500000000000001,0,0,0.50863224,-1.8623228,21,-0.4750000000000001,-0.24136775732040416
flat,0.325,0.7500000000000001,1,0,0.53099203,-1.6041218,21,-0.4250000000000001,-0.219007968902588
flat,0.37500000000000006,0.7500000000000001,2,0,0.5533518,-1.3459208,21,-0.37500000000000006,-0.19664818048477184
flat,0.425,0.7500000000000001,3,0,0.57571167,-1.0877197,21,-0.3250000000000001,-0.1742883324623109
flat,0.475,0.7500000000000001,4,0,0.5980714,-0.8295189,21,-0.27500000000000013,-0.15192860364913952
flat,0.525,0.7500000000000001,5,0,0.62043124,-0.57131827,21,-0.2250000000000001,-0.12956875562667858
flat,0.575,0.7500000000000001,6,0,0.642791,-0.313117,21,-0.17500000000000016,-0.10720902681350719
flat,0.625,0.7500000000000001,7,0,0.6651508,-0.054915935,21,-0.1250000000000001,-0.08484917879104625
flat,0.675,0.7500000000000001,8,0,0.68751055,0.20328489,21,-0.07500000000000007,-0.06248944997787487
flat,0.7250000000000001,0.7500000000000001,9,0,0.7098703,0.46148613,21,-0.025000000000000022,-0.04012972116470348
flat,0.7749999999999999,0.7500000000000001,10,1,0.7322302,0.7196866,21,0.0249999999999998,-0.017769813537597767
flat,0.7749999999999999,0.7500000000000001,10,1,0.7322302,0.7196866,21,0.0249999999999998,-0.017769813537597767
flat,0.825,0.7500000000000001,11,1,0.75459,0.97788775,21,0.07499999999999984,0.004589974880218395
flat,0.825,0.7500000000000001,11,1,0.75459,0.97788775,21,0.07499999999999984,0.004589974880218395
flat,0.8749999999999999,0.7500000000000001,12,1,0.77694976,1.2360885,21,0.12499999999999978,0.026949763298034557
flat,0.8749999999999999,0.7500000000000001,12,1,0.77694976,1.2360885,21,0.12499999999999978,0.026949763298034557
flat,0.9249999999999999,0.7500000000000001,13,1,0.79930955,1.4942896,21,0.17499999999999982,0.04930955171585072
flat,0.9249999999999999,0.7500000000000001,13,1,0.79930955,1.4942896,21,0.17499999999999982,0.04930955171585072
flat,0.975,0.7500000000000001,14,1,0.81973594,1.7205054,21,0.22499999999999987,0.06973594427108754
flat,0.975,0.7500000000000001,14,1,0.81973594,1.7205054,21,0.22499999999999987,0.06973594427108754
base,0.025000000000000022,0.5,0,0,0.28857255,-2.4400163,21,-0.475,-0.2114274501800537
base,0.075,0.5,1,0,0.31093234,-2.1818151,21,-0.425,-0.18906766176223755
base,0.12500000000000003,0.5,2,0,0.3332922,-1.9236144,21,-0.375,-0.1667078137397766
base,0.17500000000000002,0.5,3,0,0.35565192,-1.6654133,21,-0.32499999999999996,-0.14434808492660522
base,0.225,0.5,4,0,0.37801176,-1.4072126,21,-0.275,-0.12198823690414429
base,0.275,0.5,5,0,0.4003715,-1.1490115,21,-0.22499999999999998,-0.0996285080909729
base,0.325,0.5,6,0,0.42273134,-0.8908106,21,-0.175,-0.07726866006851196
base,0.37500000000000006,0.5,7,0,0.44509113,-0.6326095,21,-0.12499999999999994,-0.0549088716506958
base,0.425,0.5,8,0,0.46745092,-0.37440866,21,-0.07500000000000001,-0.03254908323287964
base,0.475,0.5,9,0,0.4898107,-0.11620772,21,-0.025000000000000022,-0.010189294815063477
base,0.525,0.5,10,1,0.51217043,0.14199305,21,0.025000000000000022,0.01217043399810791
base,0.575,0.5,11,1,0.5345302,0.40019426,21,0.07499999999999996,0.03453022241592407
base,0.625,0.5,12,1,0.5568901,0.6583952,21,0.125,0.05689007043838501
base,0.675,0.5,13,1,0.57924986,0.91659606,21,0.17500000000000004,0.07924985885620117
base,0.7250000000000001,0.5,14,1,0.60160965,1.1747972,21,0.2250000000000001,0.10160964727401733
base,0.7749999999999999,0.5,15,1,0.62396944,1.4329978,21,0.2749999999999999,0.1239694356918335
base,0.825,0.5,16,1,0.6463293,1.691199,21,0.32499999999999996,0.14632928371429443
base,0.8749999999999999,0.5,17,1,0.6684031,1.9399904,21,0.3749999999999999,0.16840308904647827
base,0.9249999999999999,0.5,18,1,0.68319374,2.1309052,21,0.42499999999999993,0.18319374322891235
base,0.975,0.5,19,1,0.6979843,2.3218203,21,0.475,0.19798427820205688
curv,0.025000000000000022,0.25,0,0,0.18031178,-1.7267052,21,-0.22499999999999998,-0.06968821585178375
curv,0.025000000000000022,0.25,0,0,0.18031178,-1.7267052,21,-0.22499999999999998,-0.06968821585178375
curv,0.075,0.25,1,0,0.20267163,-1.4685041,21,-0.175,-0.047328367829322815
curv,0.075,0.25,1,0,0.20267163,-1.4685041,21,-0.175,-0.047328367829322815
curv,0.12500000000000003,0.25,2,0,0.22503145,-1.2103032,21,-0.12499999999999997,-0.024968549609184265
curv,0.12500000000000003,0.25,2,0,0.22503145,-1.2103032,21,-0.12499999999999997,-0.024968549609184265
curv,0.17500000000000002,0.25,3,0,0.24739121,-0.9521023,21,-0.07499999999999998,-0.0026087909936904907
curv,0.17500000000000002,0.25,3,0,0.24739121,-0.9521023,21,-0.07499999999999998,-0.0026087909936904907
curv,0.225,0.25,4,0,0.269751,-0.6939013,21,-0.024999999999999994,0.019751012325286865
curv,0.225,0.25,4,0,0.269751,-0.6939013,21,-0.024999999999999994,0.019751012325286865
curv,0.275,0.25,5,1,0.2921108,-0.4357003,21,0.025000000000000022,0.04211080074310303
curv,0.325,0.25,6,1,0.3144706,-0.17749947,21,0.07500000000000001,0.06447058916091919
curv,0.37500000000000006,0.25,7,1,0.33683038,0.08070153,21,0.12500000000000006,0.08683037757873535
curv,0.425,0.25,8,1,0.35919023,0.3389025,21,0.175,0.10919022560119629
curv,0.475,0.25,9,1,0.38155007,0.5971035,21,0.22499999999999998,0.13155007362365723
curv,0.525,0.25,10,1,0.40390974,0.8553041,21,0.275,0.15390974283218384
curv,0.575,0.25,11,1,0.4262696,1.1135054,21,0.32499999999999996,0.17626959085464478
curv,0.625,0.25,12,1,0.44862938,1.3717061,21,0.375,0.19862937927246094
curv,0.675,0.25,13,1,0.47055763,1.5986133,21,0.42500000000000004,0.22055763006210327
curv,0.7250000000000001,0.25,14,1,0.4923895,1.8185359,21,0.4750000000000001,0.2423895001411438
flat,0.275,0.7500000000000001,0,0,0.50863224,-1.8623228,21,-0.4750000000000001,-0.24136775732040416
flat,0.325,0.7500000000000001,1,0,0.53099203,-1.6041218,21,-0.4250000000000001,-0.219007968902588
flat,0.37500000000000006,0.7500000000000001,2,0,0.5533518,-1.3459208,21,-0.37500000000000006,-0.19664818048477184
flat,0.425,0.7500000000000001,3,0,0.57571167,-1.0877197,21,-0.3250000000000001,-0.1742883324623109
flat,0.475,0.7500000000000001,4,0,0.5980714,-0.8295189,21,-0.27500000000000013,-0.15192860364913952
flat,0.525,0.7500000000000001,5,0,0.62043124,-0.57131827,21,-0.2250000000000001,-0.12956875562667858
flat,0.575,0.7500000000000001,6,0,0.642791,-0.313117,21,-0.17500000000000016,-0.10720902681350719
flat,0.625,0.7500000000000001,7,0,0.6651508,-0.054915935,21,-0.1250000000000001,-0.08484917879104625
flat,0.675,0.7500000000000001,8,0,0.68751055,0.20328489,21,-0.07500000000000007,-0.06248944997787487
flat,0.7250000000000001,0.7500000000000001,9,0,0.7098703,0.46148613,21,-0.025000000000000022,-0.04012972116470348
flat,0.7749999999999999,0.7500000000000001,10,1,0.7322302,0.7196866,21,0.0249999999999998,-0.017769813537597767
flat,0.7749999999999999,0.7500000000000001,10,1,0.7322302,0.7196866,21,0.0249999999999998,-0.017769813537597767
flat,0.825,0.7500000000000001,11,1,0.75459,0.97788775,21,0.07499999999999984,0.004589974880218395
flat,0.825,0.7500000000000001,11,1,0.75459,0.97788775,21,0.07499999999999984,0.004589974880218395
flat,0.8749999999999999,0.7500000000000001,12,1,0.77694976,1.2360885,21,0.12499999999999978,0.026949763298034557
flat,0.8749999999999999,0.7500000000000001,12,1,0.77694976,1.2360885,21,0.12499999999999978,0.026949763298034557
flat,0.9249999999999999,0.7500000000000001,13,1,0.79930955,1.4942896,21,0.17499999999999982,0.04930955171585072
flat,0.9249999999999999,0.7500000000000001,13,1,0.79930955,1.4942896,21,0.17499999999999982,0.04930955171585072
flat,0.975,0.7500000000000001,14,1,0.81973594,1.7205054,21,0.22499999999999987,0.06973594427108754
flat,0.975,0.7500000000000001,14,1,0.81973594,1.7205054,21,0.22499999999999987,0.06973594427108754
base,0.025000000000000022,0.5,0,0,0.28857255,-2.4400163,21,-0.475,-0.2114274501800537
base,0.075,0.5,1,0,0.31093234,-2.1818151,21,-0.425,-0.18906766176223755
base,0.12500000000000003,0.5,2,0,0.3332922,-1.9236144,21,-0.375,-0.1667078137397766
base,0.17500000000000002,0.5,3,0,0.35565192,-1.6654133,21,-0.32499999999999996,-0.14434808492660522
base,0.225,0.5,4,0,0.37801176,-1.4072126,21,-0.275,-0.12198823690414429
base,0.275,0.5,5,0,0.4003715,-1.1490115,21,-0.22499999999999998,-0.0996285080909729
base,0.325,0.5,6,0,0.42273134,-0.8908106,21,-0.175,-0.07726866006851196
base,0.37500000000000006,0.5,7,0,0.44509113,-0.6326095,21,-0.12499999999999994,-0.0549088716506958
base,0.425,0.5,8,0,0.46745092,-0.37440866,21,-0.07500000000000001,-0.03254908323287964
base,0.475,0.5,9,0,0.4898107,-0.11620772,21,-0.025000000000000022,-0.010189294815063477
base,0.525,0.5,10,1,0.51217043,0.14199305,21,0.025000000000000022,0.01217043399810791
base,0.575,0.5,11,1,0.5345302,0.40019426,21,0.07499999999999996,0.03453022241592407
base,0.625,0.5,12,1,0.5568901,0.6583952,21,0.125,0.05689007043838501
base,0.675,0.5,13,1,0.57924986,0.91659606,21,0.17500000000000004,0.07924985885620117
base,0.7250000000000001,0.5,14,1,0.60160965,1.1747972,21,0.2250000000000001,0.10160964727401733
base,0.7749999999999999,0.5,15,1,0.62396944,1.4329978,21,0.2749999999999999,0.1239694356918335
base,0.825,0.5,16,1,0.6463293,1.691199,21,0.32499999999999996,0.14632928371429443
base,0.8749999999999999,0.5,17,1,0.6684031,1.9399904,21,0.3749999999999999,0.16840308904647827
base,0.9249999999999999,0.5,18,1,0.68319374,2.1309052,21,0.42499999999999993,0.18319374322891235
base,0.975,0.5,19,1,0.6979843,2.3218203,21,0.475,0.19798427820205688
curv,0.025000000000000022,0.25,0,0,0.18031178,-1.7267052,21,-0.22499999999999998,-0.06968821585178375
curv,0.025000000000000022,0.25,0,0,0.18031178,-1.7267052,21,-0.22499999999999998,-0.06968821585178375
curv,0.075,0.25,1,0,0.20267163,-1.4685041,21,-0.175,-0.047328367829322815
curv,0.075,0.25,1,0,0.20267163,-1.4685041,21,-0.175,-0.047328367829322815
curv,0.12500000000000003,0.25,2,0,0.22503145,-1.2103032,21,-0.12499999999999997,-0.024968549609184265
curv,0.12500000000000003,0.25,2,0,0.22503145,-1.2103032,21,-0.12499999999999997,-0.024968549609184265
curv,0.17500000000000002,0.25,3,0,0.24739121,-0.9521023,21,-0.07499999999999998,-0.0026087909936904907
curv,0.17500000000000002,0.25,3,0,0.24739121,-0.9521023,21,-0.07499999999999998,-0.0026087909936904907
curv,0.225,0.25,4,0,0.269751,-0.6939013,21,-0.024999999999999994,0.019751012325286865
curv,0.225,0.25,4,0,0.269751,-0.6939013,21,-0.024999999999999994,0.019751012325286865
curv,0.275,0.25,5,1,0.2921108,-0.4357003,21,0.025000000000000022,0.04211080074310303
curv,0.325,0.25,6,1,0.3144706,-0.17749947,21,0.07500000000000001,0.06447058916091919
curv,0.37500000000000006,0.25,7,1,0.33683038,0.08070153,21,0.12500000000000006,0.08683037757873535
curv,0.425,0.25,8,1,0.35919023,0.3389025,21,0.175,0.10919022560119629
curv,0.475,0.25,9,1,0.38155007,0.5971035,21,0.22499999999999998,0.13155007362365723
curv,0.525,0.25,10,1,0.40390974,0.8553041,21,0.275,0.15390974283218384
curv,0.575,0.25,11,1,0.4262696,1.1135054,21,0.32499999999999996,0.17626959085464478
curv,0.625,0.25,12,1,0.44862938,1.3717061,21,0.375,0.19862937927246094
curv,0.675,0.25,13,1,0.47055763,1.5986133,21,0.42500000000000004,0.22055763006210327
curv,0.7250000000000001,0.25,14,1,0.4923895,1.8185359,21,0.4750000000000001,0.2423895001411438
flat,0.275,0.7500000000000001,0,0,0.50863224,-1.8623228,21,-0.4750000000000001,-0.24136775732040416
flat,0.325,0.7500000000000001,1,0,0.53099203,-1.6041218,21,-0.4250000000000001,-0.219007968902588
flat,0.37500000000000006,0.7500000000000001,2,0,0.5533518,-1.3459208,21,-0.37500000000000006,-0.19664818048477184
flat,0.425,0.7500000000000001,3,0,0.57571167,-1.0877197,21,-0.3250000000000001,-0.1742883324623109
flat,0.475,0.7500000000000001,4,0,0.5980714,-0.8295189,21,-0.27500000000000013,-0.15192860364913952
flat,0.525,0.7500000000000001,5,0,0.62043124,-0.57131827,21,-0.2250000000000001,-0.12956875562667858
flat,0.575,0.7500000000000001,6,0,0.642791,-0.313117,21,-0.17500000000000016,-0.10720902681350719
flat,0.625,0.7500000000000001,7,0,0.6651508,-0.054915935,21,-0.1250000000000001,-0.08484917879104625
flat,0.675,0.7500000000000001,8,0,0.68751055,0.20328489,21,-0.07500000000000007,-0.06248944997787487
flat,0.7250000000000001,0.7500000000000001,9,0,0.7098703,0.46148613,21,-0.025000000000000022,-0.04012972116470348
flat,0.7749999999999999,0.7500000000000001,10,1,0.7322302,0.7196866,21,0.0249999999999998,-0.017769813537597767
flat,0.7749999999999999,0.7500000000000001,10,1,0.7322302,0.7196866,21,0.0249999999999998,-0.017769813537597767
flat,0.825,0.7500000000000001,11,1,0.75459,0.97788775,21,0.07499999999999984,0.004589974880218395
flat,0.825,0.7500000000000001,11,1,0.75459,0.97788775,21,0.07499999999999984,0.004589974880218395
flat,0.8749999999999999,0.7500000000000001,12,1,0.77694976,1.2360885,21,0.12499999999999978,0.026949763298034557
flat,0.8749999999999999,0.7500000000000001,12,1,0.77694976,1.2360885,21,0.12499999999999978,0.026949763298034557
flat,0.9249999999999999,0.7500000000000001,13,1,0.79930955,1.4942896,21,0.17499999999999982,0.04930955171585072
flat,0.9249999999999999,0.7500000000000001,13,1,0.79930955,1.4942896,21,0.17499999999999982,0.04930955171585072
flat,0.975,0.7500000000000001,14,1,0.81973594,1.7205054,21,0.22499999999999987,0.06973594427108754
flat,0.975,0.7500000000000001,14,1,0.81973594,1.7205054,21,0.22499999999999987,0.06973594427108754
base,0.025000000000000022,0.5,0,0,0.20702195,-0.63215697,22,-0.475,-0.29297804832458496
base,0.075,0.5,1,0,0.2374559,-0.56507343,22,-0.425,-0.26254409551620483
base,0.12500000000000003,0.5,2,0,0.2718277,-0.48053396,22,-0.375,-0.22817230224609375
base,0.17500000000000002,0.5,3,0,0.30619952,-0.39599457,22,-0.32499999999999996,-0.19380047917366028
base,0.225,0.5,4,0,0.3405714,-0.31145513,22,-0.275,-0.15942859649658203
base,0.275,0.5,5,0,0.37494323,-0.22691563,22,-0.22499999999999998,-0.12505677342414856
base,0.325,0.5,6,0,0.40931502,-0.14237621,22,-0.175,-0.09068498015403748
base,0.37500000000000006,0.5,7,0,0.4437795,-0.066509664,22,-0.12499999999999994,-0.05622050166130066
base,0.425,0.5,8,0,0.47826186,0.0076824427,22,-0.07500000000000001,-0.021738141775131226
base,0.475,0.5,9,0,0.5127441,0.08187437,22,-0.025000000000000022,0.012744128704071045
base,0.525,0.5,10,1,0.5472265,0.15606642,22,0.025000000000000022,0.04722648859024048
base,0.575,0.5,11,1,0.58170885,0.23025846,22,0.07499999999999996,0.08170884847640991
base,0.625,0.5,12,1,0.6161911,0.3044504,22,0.125,0.1161910891532898
base,0.675,0.5,13,1,0.65067345,0.37864244,22,0.17500000000000004,0.15067344903945923
base,0.7250000000000001,0.5,14,1,0.68515575,0.45283443,22,0.2250000000000001,0.1851557493209839
base,0.7749999999999999,0.5,15,1,0.71963805,0.5270263,22,0.2749999999999999,0.21963804960250854
base,0.825,0.5,16,1,0.75412035,0.60121834,22,0.32499999999999996,0.2541203498840332
base,0.8749999999999999,0.5,17,1,0.78860277,0.6754104,22,0.3749999999999999,0.2886027693748474
base,0.9249999999999999,0.5,18,1,0.823085,0.7496027,22,0.42499999999999993,0.3230850100517273
base,0.975,0.5,19,1,0.85756737,0.8237945,22,0.475,0.35756736993789673
curv,0.025000000000000022,0.25,0,0,0.18786705,-0.62711114,22,-0.22499999999999998,-0.062132954597473145
curv,0.025000000000000022,0.25,0,0,0.18786705,-0.62711114,22,-0.22499999999999998,-0.062132954597473145
curv,0.075,0.25,1,0,0.21399936,-0.5779028,22,-0.175,-0.03600063920021057
curv,0.075,0.25,1,0,0.21399936,-0.5779028,22,-0.175,-0.03600063920021057
curv,0.12500000000000003,0.25,2,0,0.2401317,-0.52869433,22,-0.12499999999999997,-0.00986829400062561
curv,0.12500000000000003,0.25,2,0,0.2401317,-0.52869433,22,-0.12499999999999997,-0.00986829400062561
curv,0.17500000000000002,0.25,3,0,0.27183145,-0.4548067,22,-0.07499999999999998,0.0218314528465271
curv,0.17500000000000002,0.25,3,0,0.27183145,-0.4548067,22,-0.07499999999999998,0.0218314528465271
curv,0.225,0.25,4,0,0.30636486,-0.368358,22,-0.024999999999999994,0.056364864110946655
curv,0.225,0.25,4,0,0.30636486,-0.368358,22,-0.024999999999999994,0.056364864110946655
curv,0.275,0.25,5,1,0.34089828,-0.28190923,22,0.025000000000000022,0.09089827537536621
curv,0.325,0.25,6,1,0.375447,-0.19689408,22,0.07500000000000001,0.12544700503349304
curv,0.37500000000000006,0.25,7,1,0.41009095,-0.12079278,22,0.12500000000000006,0.16009095311164856
curv,0.425,0.25,8,1,0.44473478,-0.044691503,22,0.175,0.19473478198051453
curv,0.475,0.25,9,1,0.47937873,0.03140974,22,0.22499999999999998,0.22937873005867004
curv,0.525,0.25,10,1,0.51402265,0.1075111,22,0.275,0.2640226483345032
curv,0.575,0.25,11,1,0.54866654,0.18361223,22,0.32499999999999996,0.2986665368080139
curv,0.625,0.25,12,1,0.5833104,0.25971365,22,0.375,0.33331042528152466
curv,0.675,0.25,13,1,0.6179543,0.33581483,22,0.42500000000000004,0.3679543137550354
curv,0.7250000000000001,0.25,14,1,0.65259826,0.41191614,22,0.4750000000000001,0.4025982618331909
flat,0.275,0.7500000000000001,0,0,0.40518805,-0.21682402,22,-0.4750000000000001,-0.34481194615364086
flat,0.325,0.7500000000000001,1,0,0.43955985,-0.13228461,22,-0.4250000000000001,-0.3104401528835298
flat,0.37500000000000006,0.7500000000000001,2,0,0.47399107,-0.053309917,22,-0.37500000000000006,-0.2760089337825776
flat,0.425,0.7500000000000001,3,0,0.50847346,0.02088201,22,-0.3250000000000001,-0.2415265440940858
flat,0.475,0.7500000000000001,4,0,0.5429558,0.09507406,22,-0.27500000000000013,-0.20704418420791637
flat,0.525,0.7500000000000001,5,0,0.57743806,0.16926599,22,-0.2250000000000001,-0.1725619435310365
flat,0.575,0.7500000000000001,6,0,0.6119204,0.24345815,22,-0.17500000000000016,-0.13807958364486705
flat,0.625,0.7500000000000001,7,0,0.6464027,0.3176502,22,-0.1250000000000001,-0.1035972833633424
flat,0.675,0.7500000000000001,8,0,0.6808851,0.39184213,22,-0.07500000000000007,-0.06911492347717296
flat,0.7250000000000001,0.7500000000000001,9,0,0.7153674,0.46603405,22,-0.025000000000000022,-0.034632623195648304
flat,0.7749999999999999,0.7500000000000001,10,1,0.7498496,0.5402261,22,0.0249999999999998,-0.00015038251876842157
flat,0.7749999999999999,0.7500000000000001,10,1,0.7498496,0.5402261,22,0.0249999999999998,-0.00015038251876842157
flat,0.825,0.7500000000000001,11,1,0.784332,0.614418,22,0.07499999999999984,0.03433197736740101
flat,0.825,0.7500000000000001,11,1,0.784332,0.614418,22,0.07499999999999984,0.03433197736740101
flat,0.8749999999999999,0.7500000000000001,12,1,0.81881434,0.6886102,22,0.12499999999999978,0.06881433725357045
flat,0.8749999999999999,0.7500000000000001,12,1,0.81881434,0.6886102,22,0.12499999999999978,0.06881433725357045
flat,0.9249999999999999,0.7500000000000001,13,1,0.8532967,0.76280224,22,0.17499999999999982,0.10329669713973988
flat,0.9249999999999999,0.7500000000000001,13,1,0.8532967,0.76280224,22,0.17499999999999982,0.10329669713973988
flat,0.975,0.7500000000000001,14,1,0.88777894,0.83699405,22,0.22499999999999987,0.13777893781661976
flat,0.975,0.7500000000000001,14,1,0.88777894,0.83699405,22,0.22499999999999987,0.13777893781661976
base,0.025000000000000022,0.5,0,0,0.20702195,-0.63215697,22,-0.475,-0.29297804832458496
base,0.075,0.5,1,0,0.2374559,-0.56507343,22,-0.425,-0.26254409551620483
base,0.12500000000000003,0.5,2,0,0.2718277,-0.48053396,22,-0.375,-0.22817230224609375
base,0.17500000000000002,0.5,3,0,0.30619952,-0.39599457,22,-0.32499999999999996,-0.19380047917366028
base,0.225,0.5,4,0,0.3405714,-0.31145513,22,-0.275,-0.15942859649658203
base,0.275,0.5,5,0,0.37494323,-0.22691563,22,-0.22499999999999998,-0.12505677342414856
base,0.325,0.5,6,0,0.40931502,-0.14237621,22,-0.175,-0.09068498015403748
base,0.37500000000000006,0.5,7,0,0.4437795,-0.066509664,22,-0.12499999999999994,-0.05622050166130066
base,0.425,0.5,8,0,0.47826186,0.0076824427,22,-0.07500000000000001,-0.021738141775131226
base,0.475,0.5,9,0,0.5127441,0.08187437,22,-0.025000000000000022,0.012744128704071045
base,0.525,0.5,10,1,0.5472265,0.15606642,22,0.025000000000000022,0.04722648859024048
base,0.575,0.5,11,1,0.58170885,0.23025846,22,0.07499999999999996,0.08170884847640991
base,0.625,0.5,12,1,0.6161911,0.3044504,22,0.125,0.1161910891532898
base,0.675,0.5,13,1,0.65067345,0.37864244,22,0.17500000000000004,0.15067344903945923
base,0.7250000000000001,0.5,14,1,0.68515575,0.45283443,22,0.2250000000000001,0.1851557493209839
base,0.7749999999999999,0.5,15,1,0.71963805,0.5270263,22,0.2749999999999999,0.21963804960250854
base,0.825,0.5,16,1,0.75412035,0.60121834,22,0.32499999999999996,0.2541203498840332
base,0.8749999999999999,0.5,17,1,0.78860277,0.6754104,22,0.3749999999999999,0.2886027693748474
base,0.9249999999999999,0.5,18,1,0.823085,0.7496027,22,0.42499999999999993,0.3230850100517273
base,0.975,0.5,19,1,0.85756737,0.8237945,22,0.475,0.35756736993789673
curv,0.025000000000000022,0.25,0,0,0.18786705,-0.62711114,22,-0.22499999999999998,-0.062132954597473145
curv,0.025000000000000022,0.25,0,0,0.18786705,-0.62711114,22,-0.22499999999999998,-0.062132954597473145
curv,0.075,0.25,1,0,0.21399936,-0.5779028,22,-0.175,-0.03600063920021057
curv,0.075,0.25,1,0,0.21399936,-0.5779028,22,-0.175,-0.03600063920021057
curv,0.12500000000000003,0.25,2,0,0.2401317,-0.52869433,22,-0.12499999999999997,-0.00986829400062561
curv,0.12500000000000003,0.25,2,0,0.2401317,-0.52869433,22,-0.12499999999999997,-0.00986829400062561
curv,0.17500000000000002,0.25,3,0,0.27183145,-0.4548067,22,-0.07499999999999998,0.0218314528465271
curv,0.17500000000000002,0.25,3,0,0.27183145,-0.4548067,22,-0.07499999999999998,0.0218314528465271
curv,0.225,0.25,4,0,0.30636486,-0.368358,22,-0.024999999999999994,0.056364864110946655
curv,0.225,0.25,4,0,0.30636486,-0.368358,22,-0.024999999999999994,0.056364864110946655
curv,0.275,0.25,5,1,0.34089828,-0.28190923,22,0.025000000000000022,0.09089827537536621
curv,0.325,0.25,6,1,0.375447,-0.19689408,22,0.07500000000000001,0.12544700503349304
curv,0.37500000000000006,0.25,7,1,0.41009095,-0.12079278,22,0.12500000000000006,0.16009095311164856
curv,0.425,0.25,8,1,0.44473478,-0.044691503,22,0.175,0.19473478198051453
curv,0.475,0.25,9,1,0.47937873,0.03140974,22,0.22499999999999998,0.22937873005867004
curv,0.525,0.25,10,1,0.51402265,0.1075111,22,0.275,0.2640226483345032
curv,0.575,0.25,11,1,0.54866654,0.18361223,22,0.32499999999999996,0.2986665368080139
curv,0.625,0.25,12,1,0.5833104,0.25971365,22,0.375,0.33331042528152466
curv,0.675,0.25,13,1,0.6179543,0.33581483,22,0.42500000000000004,0.3679543137550354
curv,0.7250000000000001,0.25,14,1,0.65259826,0.41191614,22,0.4750000000000001,0.4025982618331909
flat,0.275,0.7500000000000001,0,0,0.40518805,-0.21682402,22,-0.4750000000000001,-0.34481194615364086
flat,0.325,0.7500000000000001,1,0,0.43955985,-0.13228461,22,-0.4250000000000001,-0.3104401528835298
flat,0.37500000000000006,0.7500000000000001,2,0,0.47399107,-0.053309917,22,-0.37500000000000006,-0.2760089337825776
flat,0.425,0.7500000000000001,3,0,0.50847346,0.02088201,22,-0.3250000000000001,-0.2415265440940858
flat,0.475,0.7500000000000001,4,0,0.5429558,0.09507406,22,-0.27500000000000013,-0.20704418420791637
flat,0.525,0.7500000000000001,5,0,0.57743806,0.16926599,22,-0.2250000000000001,-0.1725619435310365
flat,0.575,0.7500000000000001,6,0,0.6119204,0.24345815,22,-0.17500000000000016,-0.13807958364486705
flat,0.625,0.7500000000000001,7,0,0.6464027,0.3176502,22,-0.1250000000000001,-0.1035972833633424
flat,0.675,0.7500000000000001,8,0,0.6808851,0.39184213,22,-0.07500000000000007,-0.06911492347717296
flat,0.7250000000000001,0.7500000000000001,9,0,0.7153674,0.46603405,22,-0.025000000000000022,-0.034632623195648304
flat,0.7749999999999999,0.7500000000000001,10,1,0.7498496,0.5402261,22,0.0249999999999998,-0.00015038251876842157
flat,0.7749999999999999,0.7500000000000001,10,1,0.7498496,0.5402261,22,0.0249999999999998,-0.00015038251876842157
flat,0.825,0.7500000000000001,11,1,0.784332,0.614418,22,0.07499999999999984,0.03433197736740101
flat,0.825,0.7500000000000001,11,1,0.784332,0.614418,22,0.07499999999999984,0.03433197736740101
flat,0.8749999999999999,0.7500000000000001,12,1,0.81881434,0.6886102,22,0.12499999999999978,0.06881433725357045
flat,0.8749999999999999,0.7500000000000001,12,1,0.81881434,0.6886102,22,0.12499999999999978,0.06881433725357045
flat,0.9249999999999999,0.7500000000000001,13,1,0.8532967,0.76280224,22,0.17499999999999982,0.10329669713973988
flat,0.9249999999999999,0.7500000000000001,13,1,0.8532967,0.76280224,22,0.17499999999999982,0.10329669713973988
flat,0.975,0.7500000000000001,14,1,0.88777894,0.83699405,22,0.22499999999999987,0.13777893781661976
flat,0.975,0.7500000000000001,14,1,0.88777894,0.83699405,22,0.22499999999999987,0.13777893781661976
base,0.025000000000000022,0.5,0,0,0.20702195,-0.63215697,22,-0.475,-0.29297804832458496
base,0.075,0.5,1,0,0.2374559,-0.56507343,22,-0.425,-0.26254409551620483
base,0.12500000000000003,0.5,2,0,0.2718277,-0.48053396,22,-0.375,-0.22817230224609375
base,0.17500000000000002,0.5,3,0,0.30619952,-0.39599457,22,-0.32499999999999996,-0.19380047917366028
base,0.225,0.5,4,0,0.3405714,-0.31145513,22,-0.275,-0.15942859649658203
base,0.275,0.5,5,0,0.37494323,-0.22691563,22,-0.22499999999999998,-0.12505677342414856
base,0.325,0.5,6,0,0.40931502,-0.14237621,22,-0.175,-0.09068498015403748
base,0.37500000000000006,0.5,7,0,0.4437795,-0.066509664,22,-0.12499999999999994,-0.05622050166130066
base,0.425,0.5,8,0,0.47826186,0.0076824427,22,-0.07500000000000001,-0.021738141775131226
base,0.475,0.5,9,0,0.5127441,0.08187437,22,-0.025000000000000022,0.012744128704071045
base,0.525,0.5,10,1,0.5472265,0.15606642,22,0.025000000000000022,0.04722648859024048
base,0.575,0.5,11,1,0.58170885,0.23025846,22,0.07499999999999996,0.08170884847640991
base,0.625,0.5,12,1,0.6161911,0.3044504,22,0.125,0.1161910891532898
base,0.675,0.5,13,1,0.65067345,0.37864244,22,0.17500000000000004,0.15067344903945923
base,0.7250000000000001,0.5,14,1,0.68515575,0.45283443,22,0.2250000000000001,0.1851557493209839
base,0.7749999999999999,0.5,15,1,0.71963805,0.5270263,22,0.2749999999999999,0.21963804960250854
base,0.825,0.5,16,1,0.75412035,0.60121834,22,0.32499999999999996,0.2541203498840332
base,0.8749999999999999,0.5,17,1,0.78860277,0.6754104,22,0.3749999999999999,0.2886027693748474
base,0.9249999999999999,0.5,18,1,0.823085,0.7496027,22,0.42499999999999993,0.3230850100517273
base,0.975,0.5,19,1,0.85756737,0.8237945,22,0.475,0.35756736993789673
curv,0.025000000000000022,0.25,0,0,0.18786705,-0.62711114,22,-0.22499999999999998,-0.062132954597473145
curv,0.025000000000000022,0.25,0,0,0.18786705,-0.62711114,22,-0.22499999999999998,-0.062132954597473145
curv,0.075,0.25,1,0,0.21399936,-0.5779028,22,-0.175,-0.03600063920021057
curv,0.075,0.25,1,0,0.21399936,-0.5779028,22,-0.175,-0.03600063920021057
curv,0.12500000000000003,0.25,2,0,0.2401317,-0.52869433,22,-0.12499999999999997,-0.00986829400062561
curv,0.12500000000000003,0.25,2,0,0.2401317,-0.52869433,22,-0.12499999999999997,-0.00986829400062561
curv,0.17500000000000002,0.25,3,0,0.27183145,-0.4548067,22,-0.07499999999999998,0.0218314528465271
curv,0.17500000000000002,0.25,3,0,0.27183145,-0.4548067,22,-0.07499999999999998,0.0218314528465271
curv,0.225,0.25,4,0,0.30636486,-0.368358,22,-0.024999999999999994,0.056364864110946655
curv,0.225,0.25,4,0,0.30636486,-0.368358,22,-0.024999999999999994,0.056364864110946655
curv,0.275,0.25,5,1,0.34089828,-0.28190923,22,0.025000000000000022,0.09089827537536621
curv,0.325,0.25,6,1,0.375447,-0.19689408,22,0.07500000000000001,0.12544700503349304
curv,0.37500000000000006,0.25,7,1,0.41009095,-0.12079278,22,0.12500000000000006,0.16009095311164856
curv,0.425,0.25,8,1,0.44473478,-0.044691503,22,0.175,0.19473478198051453
curv,0.475,0.25,9,1,0.47937873,0.03140974,22,0.22499999999999998,0.22937873005867004
curv,0.525,0.25,10,1,0.51402265,0.1075111,22,0.275,0.2640226483345032
curv,0.575,0.25,11,1,0.54866654,0.18361223,22,0.32499999999999996,0.2986665368080139
curv,0.625,0.25,12,1,0.5833104,0.25971365,22,0.375,0.33331042528152466
curv,0.675,0.25,13,1,0.6179543,0.33581483,22,0.42500000000000004,0.3679543137550354
curv,0.7250000000000001,0.25,14,1,0.65259826,0.41191614,22,0.4750000000000001,0.4025982618331909
flat,0.275,0.7500000000000001,0,0,0.40518805,-0.21682402,22,-0.4750000000000001,-0.34481194615364086
flat,0.325,0.7500000000000001,1,0,0.43955985,-0.13228461,22,-0.4250000000000001,-0.3104401528835298
flat,0.37500000000000006,0.7500000000000001,2,0,0.47399107,-0.053309917,22,-0.37500000000000006,-0.2760089337825776
flat,0.425,0.7500000000000001,3,0,0.50847346,0.02088201,22,-0.3250000000000001,-0.2415265440940858
flat,0.475,0.7500000000000001,4,0,0.5429558,0.09507406,22,-0.27500000000000013,-0.20704418420791637
flat,0.525,0.7500000000000001,5,0,0.57743806,0.16926599,22,-0.2250000000000001,-0.1725619435310365
flat,0.575,0.7500000000000001,6,0,0.6119204,0.24345815,22,-0.17500000000000016,-0.13807958364486705
flat,0.625,0.7500000000000001,7,0,0.6464027,0.3176502,22,-0.1250000000000001,-0.1035972833633424
flat,0.675,0.7500000000000001,8,0,0.6808851,0.39184213,22,-0.07500000000000007,-0.06911492347717296
flat,0.7250000000000001,0.7500000000000001,9,0,0.7153674,0.46603405,22,-0.025000000000000022,-0.034632623195648304
flat,0.7749999999999999,0.7500000000000001,10,1,0.7498496,0.5402261,22,0.0249999999999998,-0.00015038251876842157
flat,0.7749999999999999,0.7500000000000001,10,1,0.7498496,0.5402261,22,0.0249999999999998,-0.00015038251876842157
flat,0.825,0.7500000000000001,11,1,0.784332,0.614418,22,0.07499999999999984,0.03433197736740101
flat,0.825,0.7500000000000001,11,1,0.784332,0.614418,22,0.07499999999999984,0.03433197736740101
flat,0.8749999999999999,0.7500000000000001,12,1,0.81881434,0.6886102,22,0.12499999999999978,0.06881433725357045
flat,0.8749999999999999,0.7500000000000001,12,1,0.81881434,0.6886102,22,0.12499999999999978,0.06881433725357045
flat,0.9249999999999999,0.7500000000000001,13,1,0.8532967,0.76280224,22,0.17499999999999982,0.10329669713973988
flat,0.9249999999999999,0.7500000000000001,13,1,0.8532967,0.76280224,22,0.17499999999999982,0.10329669713973988
flat,0.975,0.7500000000000001,14,1,0.88777894,0.83699405,22,0.22499999999999987,0.13777893781661976
flat,0.975,0.7500000000000001,14,1,0.88777894,0.83699405,22,0.22499999999999987,0.13777893781661976
base,0.025000000000000022,0.5,0,0,0.20702195,-0.63215697,22,-0.475,-0.29297804832458496
base,0.075,0.5,1,0,0.2374559,-0.56507343,22,-0.425,-0.26254409551620483
base,0.12500000000000003,0.5,2,0,0.2718277,-0.48053396,22,-0.375,-0.22817230224609375
base,0.17500000000000002,0.5,3,0,0.30619952,-0.39599457,22,-0.32499999999999996,-0.19380047917366028
base,0.225,0.5,4,0,0.3405714,-0.31145513,22,-0.275,-0.15942859649658203
base,0.275,0.5,5,0,0.37494323,-0.22691563,22,-0.22499999999999998,-0.12505677342414856
base,0.325,0.5,6,0,0.40931502,-0.14237621,22,-0.175,-0.09068498015403748
base,0.37500000000000006,0.5,7,0,0.4437795,-0.066509664,22,-0.12499999999999994,-0.05622050166130066
base,0.425,0.5,8,0,0.47826186,0.0076824427,22,-0.07500000000000001,-0.021738141775131226
base,0.475,0.5,9,0,0.5127441,0.08187437,22,-0.025000000000000022,0.012744128704071045
base,0.525,0.5,10,1,0.5472265,0.15606642,22,0.025000000000000022,0.04722648859024048
base,0.575,0.5,11,1,0.58170885,0.23025846,22,0.07499999999999996,0.08170884847640991
base,0.625,0.5,12,1,0.6161911,0.3044504,22,0.125,0.1161910891532898
base,0.675,0.5,13,1,0.65067345,0.37864244,22,0.17500000000000004,0.15067344903945923
base,0.7250000000000001,0.5,14,1,0.68515575,0.45283443,22,0.2250000000000001,0.1851557493209839
base,0.7749999999999999,0.5,15,1,0.71963805,0.5270263,22,0.2749999999999999,0.21963804960250854
base,0.825,0.5,16,1,0.75412035,0.60121834,22,0.32499999999999996,0.2541203498840332
base,0.8749999999999999,0.5,17,1,0.78860277,0.6754104,22,0.3749999999999999,0.2886027693748474
base,0.9249999999999999,0.5,18,1,0.823085,0.7496027,22,0.42499999999999993,0.3230850100517273
base,0.975,0.5,19,1,0.85756737,0.8237945,22,0.475,0.35756736993789673
curv,0.025000000000000022,0.25,0,0,0.18786705,-0.62711114,22,-0.22499999999999998,-0.062132954597473145
curv,0.025000000000000022,0.25,0,0,0.18786705,-0.62711114,22,-0.22499999999999998,-0.062132954597473145
curv,0.075,0.25,1,0,0.21399936,-0.5779028,22,-0.175,-0.03600063920021057
curv,0.075,0.25,1,0,0.21399936,-0.5779028,22,-0.175,-0.03600063920021057
curv,0.12500000000000003,0.25,2,0,0.2401317,-0.52869433,22,-0.12499999999999997,-0.00986829400062561
curv,0.12500000000000003,0.25,2,0,0.2401317,-0.52869433,22,-0.12499999999999997,-0.00986829400062561
curv,0.17500000000000002,0.25,3,0,0.27183145,-0.4548067,22,-0.07499999999999998,0.0218314528465271
curv,0.17500000000000002,0.25,3,0,0.27183145,-0.4548067,22,-0.07499999999999998,0.0218314528465271
curv,0.225,0.25,4,0,0.30636486,-0.368358,22,-0.024999999999999994,0.056364864110946655
curv,0.225,0.25,4,0,0.30636486,-0.368358,22,-0.024999999999999994,0.056364864110946655
curv,0.275,0.25,5,1,0.34089828,-0.28190923,22,0.025000000000000022,0.09089827537536621
curv,0.325,0.25,6,1,0.375447,-0.19689408,22,0.07500000000000001,0.12544700503349304
curv,0.37500000000000006,0.25,7,1,0.41009095,-0.12079278,22,0.12500000000000006,0.16009095311164856
curv,0.425,0.25,8,1,0.44473478,-0.044691503,22,0.175,0.19473478198051453
curv,0.475,0.25,9,1,0.47937873,0.03140974,22,0.22499999999999998,0.22937873005867004
curv,0.525,0.25,10,1,0.51402265,0.1075111,22,0.275,0.2640226483345032
curv,0.575,0.25,11,1,0.54866654,0.18361223,22,0.32499999999999996,0.2986665368080139
curv,0.625,0.25,12,1,0.5833104,0.25971365,22,0.375,0.33331042528152466
curv,0.675,0.25,13,1,0.6179543,0.33581483,22,0.42500000000000004,0.3679543137550354
curv,0.7250000000000001,0.25,14,1,0.65259826,0.41191614,22,0.4750000000000001,0.4025982618331909
flat,0.275,0.7500000000000001,0,0,0.40518805,-0.21682402,22,-0.4750000000000001,-0.34481194615364086
flat,0.325,0.7500000000000001,1,0,0.43955985,-0.13228461,22,-0.4250000000000001,-0.3104401528835298
flat,0.37500000000000006,0.7500000000000001,2,0,0.47399107,-0.053309917,22,-0.37500000000000006,-0.2760089337825776
flat,0.425,0.7500000000000001,3,0,0.50847346,0.02088201,22,-0.3250000000000001,-0.2415265440940858
flat,0.475,0.7500000000000001,4,0,0.5429558,0.09507406,22,-0.27500000000000013,-0.20704418420791637
flat,0.525,0.7500000000000001,5,0,0.57743806,0.16926599,22,-0.2250000000000001,-0.1725619435310365
flat,0.575,0.7500000000000001,6,0,0.6119204,0.24345815,22,-0.17500000000000016,-0.13807958364486705
flat,0.625,0.7500000000000001,7,0,0.6464027,0.3176502,22,-0.1250000000000001,-0.1035972833633424
flat,0.675,0.7500000000000001,8,0,0.6808851,0.39184213,22,-0.07500000000000007,-0.06911492347717296
flat,0.7250000000000001,0.7500000000000001,9,0,0.7153674,0.46603405,22,-0.025000000000000022,-0.034632623195648304
flat,0.7749999999999999,0.7500000000000001,10,1,0.7498496,0.5402261,22,0.0249999999999998,-0.00015038251876842157
flat,0.7749999999999999,0.7500000000000001,10,1,0.7498496,0.5402261,22,0.0249999999999998,-0.00015038251876842157
flat,0.825,0.7500000000000001,11,1,0.784332,0.614418,22,0.07499999999999984,0.03433197736740101
flat,0.825,0.7500000000000001,11,1,0.784332,0.614418,22,0.07499999999999984,0.03433197736740101
flat,0.8749999999999999,0.7500000000000001,12,1,0.81881434,0.6886102,22,0.12499999999999978,0.06881433725357045
flat,0.8749999999999999,0.7500000000000001,12,1,0.81881434,0.6886102,22,0.12499999999999978,0.06881433725357045
flat,0.9249999999999999,0.7500000000000001,13,1,0.8532967,0.76280224,22,0.17499999999999982,0.10329669713973988
flat,0.9249999999999999,0.7500000000000001,13,1,0.8532967,0.76280224,22,0.17499999999999982,0.10329669713973988
flat,0.975,0.7500000000000001,14,1,0.88777894,0.83699405,22,0.22499999999999987,0.13777893781661976
flat,0.975,0.7500000000000001,14,1,0.88777894,0.83699405,22,0.22499999999999987,0.13777893781661976
base,0.025000000000000022,0.5,0,0,0.20056334,-0.93194747,23,-0.475,-0.29943665862083435
base,0.075,0.5,1,0,0.23422319,-0.8353373,23,-0.425,-0.2657768130302429
base,0.12500000000000003,0.5,2,0,0.26788297,-0.7387271,23,-0.375,-0.23211702704429626
base,0.17500000000000002,0.5,3,0,0.30154276,-0.64211684,23,-0.32499999999999996,-0.1984572410583496
base,0.225,0.5,4,0,0.33520257,-0.54550654,23,-0.275,-0.16479742527008057
base,0.275,0.5,5,0,0.36886242,-0.44889632,23,-0.22499999999999998,-0.13113757967948914
base,0.325,0.5,6,0,0.4025222,-0.3522861,23,-0.175,-0.09747779369354248
base,0.37500000000000006,0.5,7,0,0.43618202,-0.25567585,23,-0.12499999999999994,-0.06381797790527344
base,0.425,0.5,8,0,0.46984184,-0.15906557,23,-0.07500000000000001,-0.030158162117004395
base,0.475,0.5,9,0,0.50350165,-0.06245536,23,-0.025000000000000022,0.0035016536712646484
base,0.525,0.5,10,1,0.53716147,0.034154866,23,0.025000000000000022,0.03716146945953369
base,0.575,0.5,11,1,0.5708213,0.13076515,23,0.07499999999999996,0.07082128524780273
base,0.625,0.5,12,1,0.6044811,0.22737537,23,0.125,0.10448110103607178
base,0.675,0.5,13,1,0.63814086,0.3239856,23,0.17500000000000004,0.13814085721969604
base,0.7250000000000001,0.5,14,1,0.67180073,0.4205959,23,0.2250000000000001,0.17180073261260986
base,0.7749999999999999,0.5,15,1,0.7054605,0.5172061,23,0.2749999999999999,0.20546048879623413
base,0.825,0.5,16,1,0.7391203,0.61381626,23,0.32499999999999996,0.23912030458450317
base,0.8749999999999999,0.5,17,1,0.7727801,0.7104266,23,0.3749999999999999,0.2727801203727722
base,0.9249999999999999,0.5,18,1,0.8063387,0.79130685,23,0.42499999999999993,0.30633872747421265
base,0.975,0.5,19,1,0.83853,0.8589893,23,0.475,0.3385300040245056
curv,0.025000000000000022,0.25,0,0,0.11837074,-0.7822528,23,-0.22499999999999998,-0.13162925839424133
curv,0.025000000000000022,0.25,0,0,0.11837074,-0.7822528,23,-0.22499999999999998,-0.13162925839424133
curv,0.075,0.25,1,0,0.1520671,-0.6823816,23,-0.175,-0.09793290495872498
curv,0.075,0.25,1,0,0.1520671,-0.6823816,23,-0.175,-0.09793290495872498
curv,0.12500000000000003,0.25,2,0,0.18576345,-0.58251035,23,-0.12499999999999997,-0.06423655152320862
curv,0.12500000000000003,0.25,2,0,0.18576345,-0.58251035,23,-0.12499999999999997,-0.06423655152320862
curv,0.17500000000000002,0.25,3,0,0.21943292,-0.48504007,23,-0.07499999999999998,-0.030567079782485962
curv,0.17500000000000002,0.25,3,0,0.21943292,-0.48504007,23,-0.07499999999999998,-0.030567079782485962
curv,0.225,0.25,4,0,0.2530927,-0.38842982,23,-0.024999999999999994,0.0030927062034606934
curv,0.225,0.25,4,0,0.2530927,-0.38842982,23,-0.024999999999999994,0.0030927062034606934
curv,0.275,0.25,5,1,0.28675252,-0.29181957,23,0.025000000000000022,0.036752521991729736
curv,0.325,0.25,6,1,0.32041234,-0.19520934,23,0.07500000000000001,0.07041233777999878
curv,0.37500000000000006,0.25,7,1,0.35407215,-0.098599054,23,0.12500000000000006,0.10407215356826782
curv,0.425,0.25,8,1,0.38781103,-0.0022077784,23,0.175,0.13781103491783142
curv,0.475,0.25,9,1,0.42156357,0.094145864,23,0.22499999999999998,0.17156356573104858
curv,0.525,0.25,10,1,0.45531607,0.19049954,23,0.275,0.20531606674194336
curv,0.575,0.25,11,1,0.48906854,0.28685322,23,0.32499999999999996,0.23906853795051575
curv,0.625,0.25,12,1,0.52282107,0.38320684,23,0.375,0.2728210687637329
curv,0.675,0.25,13,1,0.5568924,0.47584456,23,0.42500000000000004,0.30689239501953125
curv,0.7250000000000001,0.25,14,1,0.5917351,0.5596824,23,0.4750000000000001,0.3417351245880127
flat,0.275,0.7500000000000001,0,0,0.45097232,-0.60597306,23,-0.4750000000000001,-0.2990276813507081
flat,0.325,0.7500000000000001,1,0,0.4846321,-0.5093628,23,-0.4250000000000001,-0.26536789536476146
flat,0.37500000000000006,0.7500000000000001,2,0,0.51829195,-0.41275263,23,-0.37500000000000006,-0.23170804977417003
flat,0.425,0.7500000000000001,3,0,0.5519517,-0.31614232,23,-0.3250000000000001,-0.19804829359054577
flat,0.475,0.7500000000000001,4,0,0.5856115,-0.2195321,23,-0.27500000000000013,-0.16438847780227672
flat,0.525,0.7500000000000001,5,0,0.61927134,-0.12292194,23,-0.2250000000000001,-0.13072866201400768
flat,0.575,0.7500000000000001,6,0,0.65293115,-0.026311558,23,-0.17500000000000016,-0.09706884622573864
flat,0.625,0.7500000000000001,7,0,0.68659097,0.0702986,23,-0.1250000000000001,-0.0634090304374696
flat,0.675,0.7500000000000001,8,0,0.7202508,0.16690892,23,-0.07500000000000007,-0.02974921464920055
flat,0.7250000000000001,0.7500000000000001,9,0,0.7539106,0.2635192,23,-0.025000000000000022,0.0039106011390684925
flat,0.7749999999999999,0.7500000000000001,10,1,0.7875704,0.36012936,23,0.0249999999999998,0.037570416927337535
flat,0.7749999999999999,0.7500000000000001,10,1,0.7875704,0.36012936,23,0.0249999999999998,0.037570416927337535
flat,0.825,0.7500000000000001,11,1,0.82123023,0.45673954,23,0.07499999999999984,0.07123023271560658
flat,0.825,0.7500000000000001,11,1,0.82123023,0.45673954,23,0.07499999999999984,0.07123023271560658
flat,0.8749999999999999,0.7500000000000001,12,1,0.85489005,0.55334985,23,0.12499999999999978,0.10489004850387562
flat,0.8749999999999999,0.7500000000000001,12,1,0.85489005,0.55334985,23,0.12499999999999978,0.10489004850387562
flat,0.9249999999999999,0.7500000000000001,13,1,0.88854986,0.64996016,23,0.17499999999999982,0.13854986429214466
flat,0.9249999999999999,0.7500000000000001,13,1,0.88854986,0.64996016,23,0.17499999999999982,0.13854986429214466
flat,0.975,0.7500000000000001,14,1,0.917033,0.7361131,23,0.22499999999999987,0.16703301668167103
flat,0.975,0.7500000000000001,14,1,0.917033,0.7361131,23,0.22499999999999987,0.16703301668167103
base,0.025000000000000022,0.5,0,0,0.20056334,-0.93194747,23,-0.475,-0.29943665862083435
base,0.075,0.5,1,0,0.23422319,-0.8353373,23,-0.425,-0.2657768130302429
base,0.12500000000000003,0.5,2,0,0.26788297,-0.7387271,23,-0.375,-0.23211702704429626
base,0.17500000000000002,0.5,3,0,0.30154276,-0.64211684,23,-0.32499999999999996,-0.1984572410583496
base,0.225,0.5,4,0,0.33520257,-0.54550654,23,-0.275,-0.16479742527008057
base,0.275,0.5,5,0,0.36886242,-0.44889632,23,-0.22499999999999998,-0.13113757967948914
base,0.325,0.5,6,0,0.4025222,-0.3522861,23,-0.175,-0.09747779369354248
base,0.37500000000000006,0.5,7,0,0.43618202,-0.25567585,23,-0.12499999999999994,-0.06381797790527344
base,0.425,0.5,8,0,0.46984184,-0.15906557,23,-0.07500000000000001,-0.030158162117004395
base,0.475,0.5,9,0,0.50350165,-0.06245536,23,-0.025000000000000022,0.0035016536712646484
base,0.525,0.5,10,1,0.53716147,0.034154866,23,0.025000000000000022,0.03716146945953369
base,0.575,0.5,11,1,0.5708213,0.13076515,23,0.07499999999999996,0.07082128524780273
base,0.625,0.5,12,1,0.6044811,0.22737537,23,0.125,0.10448110103607178
base,0.675,0.5,13,1,0.63814086,0.3239856,23,0.17500000000000004,0.13814085721969604
base,0.7250000000000001,0.5,14,1,0.67180073,0.4205959,23,0.2250000000000001,0.17180073261260986
base,0.7749999999999999,0.5,15,1,0.7054605,0.5172061,23,0.2749999999999999,0.20546048879623413
base,0.825,0.5,16,1,0.7391203,0.61381626,23,0.32499999999999996,0.23912030458450317
base,0.8749999999999999,0.5,17,1,0.7727801,0.7104266,23,0.3749999999999999,0.2727801203727722
base,0.9249999999999999,0.5,18,1,0.8063387,0.79130685,23,0.42499999999999993,0.30633872747421265
base,0.975,0.5,19,1,0.83853,0.8589893,23,0.475,0.3385300040245056
curv,0.025000000000000022,0.25,0,0,0.11837074,-0.7822528,23,-0.22499999999999998,-0.13162925839424133
curv,0.025000000000000022,0.25,0,0,0.11837074,-0.7822528,23,-0.22499999999999998,-0.13162925839424133
curv,0.075,0.25,1,0,0.1520671,-0.6823816,23,-0.175,-0.09793290495872498
curv,0.075,0.25,1,0,0.1520671,-0.6823816,23,-0.175,-0.09793290495872498
curv,0.12500000000000003,0.25,2,0,0.18576345,-0.58251035,23,-0.12499999999999997,-0.06423655152320862
curv,0.12500000000000003,0.25,2,0,0.18576345,-0.58251035,23,-0.12499999999999997,-0.06423655152320862
curv,0.17500000000000002,0.25,3,0,0.21943292,-0.48504007,23,-0.07499999999999998,-0.030567079782485962
curv,0.17500000000000002,0.25,3,0,0.21943292,-0.48504007,23,-0.07499999999999998,-0.030567079782485962
curv,0.225,0.25,4,0,0.2530927,-0.38842982,23,-0.024999999999999994,0.0030927062034606934
curv,0.225,0.25,4,0,0.2530927,-0.38842982,23,-0.024999999999999994,0.0030927062034606934
curv,0.275,0.25,5,1,0.28675252,-0.29181957,23,0.025000000000000022,0.036752521991729736
curv,0.325,0.25,6,1,0.32041234,-0.19520934,23,0.07500000000000001,0.07041233777999878
curv,0.37500000000000006,0.25,7,1,0.35407215,-0.098599054,23,0.12500000000000006,0.10407215356826782
curv,0.425,0.25,8,1,0.38781103,-0.0022077784,23,0.175,0.13781103491783142
curv,0.475,0.25,9,1,0.42156357,0.094145864,23,0.22499999999999998,0.17156356573104858
curv,0.525,0.25,10,1,0.45531607,0.19049954,23,0.275,0.20531606674194336
curv,0.575,0.25,11,1,0.48906854,0.28685322,23,0.32499999999999996,0.23906853795051575
curv,0.625,0.25,12,1,0.52282107,0.38320684,23,0.375,0.2728210687637329
curv,0.675,0.25,13,1,0.5568924,0.47584456,23,0.42500000000000004,0.30689239501953125
curv,0.7250000000000001,0.25,14,1,0.5917351,0.5596824,23,0.4750000000000001,0.3417351245880127
flat,0.275,0.7500000000000001,0,0,0.45097232,-0.60597306,23,-0.4750000000000001,-0.2990276813507081
flat,0.325,0.7500000000000001,1,0,0.4846321,-0.5093628,23,-0.4250000000000001,-0.26536789536476146
flat,0.37500000000000006,0.7500000000000001,2,0,0.51829195,-0.41275263,23,-0.37500000000000006,-0.23170804977417003
flat,0.425,0.7500000000000001,3,0,0.5519517,-0.31614232,23,-0.3250000000000001,-0.19804829359054577
flat,0.475,0.7500000000000001,4,0,0.5856115,-0.2195321,23,-0.27500000000000013,-0.16438847780227672
flat,0.525,0.7500000000000001,5,0,0.61927134,-0.12292194,23,-0.2250000000000001,-0.13072866201400768
flat,0.575,0.7500000000000001,6,0,0.65293115,-0.026311558,23,-0.17500000000000016,-0.09706884622573864
flat,0.625,0.7500000000000001,7,0,0.68659097,0.0702986,23,-0.1250000000000001,-0.0634090304374696
flat,0.675,0.7500000000000001,8,0,0.7202508,0.16690892,23,-0.07500000000000007,-0.02974921464920055
flat,0.7250000000000001,0.7500000000000001,9,0,0.7539106,0.2635192,23,-0.025000000000000022,0.0039106011390684925
flat,0.7749999999999999,0.7500000000000001,10,1,0.7875704,0.36012936,23,0.0249999999999998,0.037570416927337535
flat,0.7749999999999999,0.7500000000000001,10,1,0.7875704,0.36012936,23,0.0249999999999998,0.037570416927337535
flat,0.825,0.7500000000000001,11,1,0.82123023,0.45673954,23,0.07499999999999984,0.07123023271560658
flat,0.825,0.7500000000000001,11,1,0.82123023,0.45673954,23,0.07499999999999984,0.07123023271560658
flat,0.8749999999999999,0.7500000000000001,12,1,0.85489005,0.55334985,23,0.12499999999999978,0.10489004850387562
flat,0.8749999999999999,0.7500000000000001,12,1,0.85489005,0.55334985,23,0.12499999999999978,0.10489004850387562
flat,0.9249999999999999,0.7500000000000001,13,1,0.88854986,0.64996016,23,0.17499999999999982,0.13854986429214466
flat,0.9249999999999999,0.7500000000000001,13,1,0.88854986,0.64996016,23,0.17499999999999982,0.13854986429214466
flat,0.975,0.7500000000000001,14,1,0.917033,0.7361131,23,0.22499999999999987,0.16703301668167103
flat,0.975,0.7500000000000001,14,1,0.917033,0.7361131,23,0.22499999999999987,0.16703301668167103
base,0.025000000000000022,0.5,0,0,0.20056334,-0.93194747,23,-0.475,-0.29943665862083435
base,0.075,0.5,1,0,0.23422319,-0.8353373,23,-0.425,-0.2657768130302429
base,0.12500000000000003,0.5,2,0,0.26788297,-0.7387271,23,-0.375,-0.23211702704429626
base,0.17500000000000002,0.5,3,0,0.30154276,-0.64211684,23,-0.32499999999999996,-0.1984572410583496
base,0.225,0.5,4,0,0.33520257,-0.54550654,23,-0.275,-0.16479742527008057
base,0.275,0.5,5,0,0.36886242,-0.44889632,23,-0.22499999999999998,-0.13113757967948914
base,0.325,0.5,6,0,0.4025222,-0.3522861,23,-0.175,-0.09747779369354248
base,0.37500000000000006,0.5,7,0,0.43618202,-0.25567585,23,-0.12499999999999994,-0.06381797790527344
base,0.425,0.5,8,0,0.46984184,-0.15906557,23,-0.07500000000000001,-0.030158162117004395
base,0.475,0.5,9,0,0.50350165,-0.06245536,23,-0.025000000000000022,0.0035016536712646484
base,0.525,0.5,10,1,0.53716147,0.034154866,23,0.025000000000000022,0.03716146945953369
base,0.575,0.5,11,1,0.5708213,0.13076515,23,0.07499999999999996,0.07082128524780273
base,0.625,0.5,12,1,0.6044811,0.22737537,23,0.125,0.10448110103607178
base,0.675,0.5,13,1,0.63814086,0.3239856,23,0.17500000000000004,0.13814085721969604
base,0.7250000000000001,0.5,14,1,0.67180073,0.4205959,23,0.2250000000000001,0.17180073261260986
base,0.7749999999999999,0.5,15,1,0.7054605,0.5172061,23,0.2749999999999999,0.20546048879623413
base,0.825,0.5,16,1,0.7391203,0.61381626,23,0.32499999999999996,0.23912030458450317
base,0.8749999999999999,0.5,17,1,0.7727801,0.7104266,23,0.3749999999999999,0.2727801203727722
base,0.9249999999999999,0.5,18,1,0.8063387,0.79130685,23,0.42499999999999993,0.30633872747421265
base,0.975,0.5,19,1,0.83853,0.8589893,23,0.475,0.3385300040245056
curv,0.025000000000000022,0.25,0,0,0.11837074,-0.7822528,23,-0.22499999999999998,-0.13162925839424133
curv,0.025000000000000022,0.25,0,0,0.11837074,-0.7822528,23,-0.22499999999999998,-0.13162925839424133
curv,0.075,0.25,1,0,0.1520671,-0.6823816,23,-0.175,-0.09793290495872498
curv,0.075,0.25,1,0,0.1520671,-0.6823816,23,-0.175,-0.09793290495872498
curv,0.12500000000000003,0.25,2,0,0.18576345,-0.58251035,23,-0.12499999999999997,-0.06423655152320862
curv,0.12500000000000003,0.25,2,0,0.18576345,-0.58251035,23,-0.12499999999999997,-0.06423655152320862
curv,0.17500000000000002,0.25,3,0,0.21943292,-0.48504007,23,-0.07499999999999998,-0.030567079782485962
curv,0.17500000000000002,0.25,3,0,0.21943292,-0.48504007,23,-0.07499999999999998,-0.030567079782485962
curv,0.225,0.25,4,0,0.2530927,-0.38842982,23,-0.024999999999999994,0.0030927062034606934
curv,0.225,0.25,4,0,0.2530927,-0.38842982,23,-0.024999999999999994,0.0030927062034606934
curv,0.275,0.25,5,1,0.28675252,-0.29181957,23,0.025000000000000022,0.036752521991729736
curv,0.325,0.25,6,1,0.32041234,-0.19520934,23,0.07500000000000001,0.07041233777999878
curv,0.37500000000000006,0.25,7,1,0.35407215,-0.098599054,23,0.12500000000000006,0.10407215356826782
curv,0.425,0.25,8,1,0.38781103,-0.0022077784,23,0.175,0.13781103491783142
curv,0.475,0.25,9,1,0.42156357,0.094145864,23,0.22499999999999998,0.17156356573104858
curv,0.525,0.25,10,1,0.45531607,0.19049954,23,0.275,0.20531606674194336
curv,0.575,0.25,11,1,0.48906854,0.28685322,23,0.32499999999999996,0.23906853795051575
curv,0.625,0.25,12,1,0.52282107,0.38320684,23,0.375,0.2728210687637329
curv,0.675,0.25,13,1,0.5568924,0.47584456,23,0.42500000000000004,0.30689239501953125
curv,0.7250000000000001,0.25,14,1,0.5917351,0.5596824,23,0.4750000000000001,0.3417351245880127
flat,0.275,0.7500000000000001,0,0,0.45097232,-0.60597306,23,-0.4750000000000001,-0.2990276813507081
flat,0.325,0.7500000000000001,1,0,0.4846321,-0.5093628,23,-0.4250000000000001,-0.26536789536476146
flat,0.37500000000000006,0.7500000000000001,2,0,0.51829195,-0.41275263,23,-0.37500000000000006,-0.23170804977417003
flat,0.425,0.7500000000000001,3,0,0.5519517,-0.31614232,23,-0.3250000000000001,-0.19804829359054577
flat,0.475,0.7500000000000001,4,0,0.5856115,-0.2195321,23,-0.27500000000000013,-0.16438847780227672
flat,0.525,0.7500000000000001,5,0,0.61927134,-0.12292194,23,-0.2250000000000001,-0.13072866201400768
flat,0.575,0.7500000000000001,6,0,0.65293115,-0.026311558,23,-0.17500000000000016,-0.09706884622573864
flat,0.625,0.7500000000000001,7,0,0.68659097,0.0702986,23,-0.1250000000000001,-0.0634090304374696
flat,0.675,0.7500000000000001,8,0,0.7202508,0.16690892,23,-0.07500000000000007,-0.02974921464920055
flat,0.7250000000000001,0.7500000000000001,9,0,0.7539106,0.2635192,23,-0.025000000000000022,0.0039106011390684925
flat,0.7749999999999999,0.7500000000000001,10,1,0.7875704,0.36012936,23,0.0249999999999998,0.037570416927337535
flat,0.7749999999999999,0.7500000000000001,10,1,0.7875704,0.36012936,23,0.0249999999999998,0.037570416927337535
flat,0.825,0.7500000000000001,11,1,0.82123023,0.45673954,23,0.07499999999999984,0.07123023271560658
flat,0.825,0.7500000000000001,11,1,0.82123023,0.45673954,23,0.07499999999999984,0.07123023271560658
flat,0.8749999999999999,0.7500000000000001,12,1,0.85489005,0.55334985,23,0.12499999999999978,0.10489004850387562
flat,0.8749999999999999,0.7500000000000001,12,1,0.85489005,0.55334985,23,0.12499999999999978,0.10489004850387562
flat,0.9249999999999999,0.7500000000000001,13,1,0.88854986,0.64996016,23,0.17499999999999982,0.13854986429214466
flat,0.9249999999999999,0.7500000000000001,13,1,0.88854986,0.64996016,23,0.17499999999999982,0.13854986429214466
flat,0.975,0.7500000000000001,14,1,0.917033,0.7361131,23,0.22499999999999987,0.16703301668167103
flat,0.975,0.7500000000000001,14,1,0.917033,0.7361131,23,0.22499999999999987,0.16703301668167103
base,0.025000000000000022,0.5,0,0,0.20056334,-0.93194747,23,-0.475,-0.29943665862083435
base,0.075,0.5,1,0,0.23422319,-0.8353373,23,-0.425,-0.2657768130302429
base,0.12500000000000003,0.5,2,0,0.26788297,-0.7387271,23,-0.375,-0.23211702704429626
base,0.17500000000000002,0.5,3,0,0.30154276,-0.64211684,23,-0.32499999999999996,-0.1984572410583496
base,0.225,0.5,4,0,0.33520257,-0.54550654,23,-0.275,-0.16479742527008057
base,0.275,0.5,5,0,0.36886242,-0.44889632,23,-0.22499999999999998,-0.13113757967948914
base,0.325,0.5,6,0,0.4025222,-0.3522861,23,-0.175,-0.09747779369354248
base,0.37500000000000006,0.5,7,0,0.43618202,-0.25567585,23,-0.12499999999999994,-0.06381797790527344
base,0.425,0.5,8,0,0.46984184,-0.15906557,23,-0.07500000000000001,-0.030158162117004395
base,0.475,0.5,9,0,0.50350165,-0.06245536,23,-0.025000000000000022,0.0035016536712646484
base,0.525,0.5,10,1,0.53716147,0.034154866,23,0.025000000000000022,0.03716146945953369
base,0.575,0.5,11,1,0.5708213,0.13076515,23,0.07499999999999996,0.07082128524780273
base,0.625,0.5,12,1,0.6044811,0.22737537,23,0.125,0.10448110103607178
base,0.675,0.5,13,1,0.63814086,0.3239856,23,0.17500000000000004,0.13814085721969604
base,0.7250000000000001,0.5,14,1,0.67180073,0.4205959,23,0.2250000000000001,0.17180073261260986
base,0.7749999999999999,0.5,15,1,0.7054605,0.5172061,23,0.2749999999999999,0.20546048879623413
base,0.825,0.5,16,1,0.7391203,0.61381626,23,0.32499999999999996,0.23912030458450317
base,0.8749999999999999,0.5,17,1,0.7727801,0.7104266,23,0.3749999999999999,0.2727801203727722
base,0.9249999999999999,0.5,18,1,0.8063387,0.79130685,23,0.42499999999999993,0.30633872747421265
base,0.975,0.5,19,1,0.83853,0.8589893,23,0.475,0.3385300040245056
curv,0.025000000000000022,0.25,0,0,0.11837074,-0.7822528,23,-0.22499999999999998,-0.13162925839424133
curv,0.025000000000000022,0.25,0,0,0.11837074,-0.7822528,23,-0.22499999999999998,-0.13162925839424133
curv,0.075,0.25,1,0,0.1520671,-0.6823816,23,-0.175,-0.09793290495872498
curv,0.075,0.25,1,0,0.1520671,-0.6823816,23,-0.175,-0.09793290495872498
curv,0.12500000000000003,0.25,2,0,0.18576345,-0.58251035,23,-0.12499999999999997,-0.06423655152320862
curv,0.12500000000000003,0.25,2,0,0.18576345,-0.58251035,23,-0.12499999999999997,-0.06423655152320862
curv,0.17500000000000002,0.25,3,0,0.21943292,-0.48504007,23,-0.07499999999999998,-0.030567079782485962
curv,0.17500000000000002,0.25,3,0,0.21943292,-0.48504007,23,-0.07499999999999998,-0.030567079782485962
curv,0.225,0.25,4,0,0.2530927,-0.38842982,23,-0.024999999999999994,0.0030927062034606934
curv,0.225,0.25,4,0,0.2530927,-0.38842982,23,-0.024999999999999994,0.0030927062034606934
curv,0.275,0.25,5,1,0.28675252,-0.29181957,23,0.025000000000000022,0.036752521991729736
curv,0.325,0.25,6,1,0.32041234,-0.19520934,23,0.07500000000000001,0.07041233777999878
curv,0.37500000000000006,0.25,7,1,0.35407215,-0.098599054,23,0.12500000000000006,0.10407215356826782
curv,0.425,0.25,8,1,0.38781103,-0.0022077784,23,0.175,0.13781103491783142
curv,0.475,0.25,9,1,0.42156357,0.094145864,23,0.22499999999999998,0.17156356573104858
curv,0.525,0.25,10,1,0.45531607,0.19049954,23,0.275,0.20531606674194336
curv,0.575,0.25,11,1,0.48906854,0.28685322,23,0.32499999999999996,0.23906853795051575
curv,0.625,0.25,12,1,0.52282107,0.38320684,23,0.375,0.2728210687637329
curv,0.675,0.25,13,1,0.5568924,0.47584456,23,0.42500000000000004,0.30689239501953125
curv,0.7250000000000001,0.25,14,1,0.5917351,0.5596824,23,0.4750000000000001,0.3417351245880127
flat,0.275,0.7500000000000001,0,0,0.45097232,-0.60597306,23,-0.4750000000000001,-0.2990276813507081
flat,0.325,0.7500000000000001,1,0,0.4846321,-0.5093628,23,-0.4250000000000001,-0.26536789536476146
flat,0.37500000000000006,0.7500000000000001,2,0,0.51829195,-0.41275263,23,-0.37500000000000006,-0.23170804977417003
flat,0.425,0.7500000000000001,3,0,0.5519517,-0.31614232,23,-0.3250000000000001,-0.19804829359054577
flat,0.475,0.7500000000000001,4,0,0.5856115,-0.2195321,23,-0.27500000000000013,-0.16438847780227672
flat,0.525,0.7500000000000001,5,0,0.61927134,-0.12292194,23,-0.2250000000000001,-0.13072866201400768
flat,0.575,0.7500000000000001,6,0,0.65293115,-0.026311558,23,-0.17500000000000016,-0.09706884622573864
flat,0.625,0.7500000000000001,7,0,0.68659097,0.0702986,23,-0.1250000000000001,-0.0634090304374696
flat,0.675,0.7500000000000001,8,0,0.7202508,0.16690892,23,-0.07500000000000007,-0.02974921464920055
flat,0.7250000000000001,0.7500000000000001,9,0,0.7539106,0.2635192,23,-0.025000000000000022,0.0039106011390684925
flat,0.7749999999999999,0.7500000000000001,10,1,0.7875704,0.36012936,23,0.0249999999999998,0.037570416927337535
flat,0.7749999999999999,0.7500000000000001,10,1,0.7875704,0.36012936,23,0.0249999999999998,0.037570416927337535
flat,0.825,0.7500000000000001,11,1,0.82123023,0.45673954,23,0.07499999999999984,0.07123023271560658
flat,0.825,0.7500000000000001,11,1,0.82123023,0.45673954,23,0.07499999999999984,0.07123023271560658
flat,0.8749999999999999,0.7500000000000001,12,1,0.85489005,0.55334985,23,0.12499999999999978,0.10489004850387562
flat,0.8749999999999999,0.7500000000000001,12,1,0.85489005,0.55334985,23,0.12499999999999978,0.10489004850387562
flat,0.9249999999999999,0.7500000000000001,13,1,0.88854986,0.64996016,23,0.17499999999999982,0.13854986429214466
flat,0.9249999999999999,0.7500000000000001,13,1,0.88854986,0.64996016,23,0.17499999999999982,0.13854986429214466
flat,0.975,0.7500000000000001,14,1,0.917033,0.7361131,23,0.22499999999999987,0.16703301668167103
flat,0.975,0.7500000000000001,14,1,0.917033,0.7361131,23,0.22499999999999987,0.16703301668167103
base,0.025000000000000022,0.5,0,0,0.24069066,-0.5838797,24,-0.475,-0.2593093365430832
base,0.075,0.5,1,0,0.26437443,-0.5191429,24,-0.425,-0.23562556505203247
base,0.12500000000000003,0.5,2,0,0.28805822,-0.45440614,24,-0.375,-0.21194177865982056
base,0.17500000000000002,0.5,3,0,0.31164593,-0.3743455,24,-0.32499999999999996,-0.18835407495498657
base,0.225,0.5,4,0,0.33520085,-0.28906226,24,-0.275,-0.16479915380477905
base,0.275,0.5,5,0,0.35875577,-0.20377892,24,-0.22499999999999998,-0.14124423265457153
base,0.325,0.5,6,0,0.38231063,-0.1184957,24,-0.175,-0.11768937110900879
base,0.37500000000000006,0.5,7,0,0.40586555,-0.033212423,24,-0.12499999999999994,-0.09413444995880127
base,0.425,0.5,8,0,0.42942047,0.052071035,24,-0.07500000000000001,-0.07057952880859375
base,0.475,0.5,9,0,0.4529754,0.1373542,24,-0.025000000000000022,-0.04702460765838623
base,0.525,0.5,10,1,0.4765302,0.22263741,24,0.025000000000000022,-0.02346980571746826
base,0.575,0.5,11,1,0.5000852,0.3079208,24,0.07499999999999996,8.51750373840332e-05
base,0.625,0.5,12,1,0.5236401,0.3932041,24,0.125,0.023640096187591553
base,0.675,0.5,13,1,0.547195,0.47848743,24,0.17500000000000004,0.04719501733779907
base,0.7250000000000001,0.5,14,1,0.5707499,0.56377065,24,0.2250000000000001,0.07074987888336182
base,0.7749999999999999,0.5,15,1,0.59430474,0.64905393,24,0.2749999999999999,0.09430474042892456
base,0.825,0.5,16,1,0.6178597,0.7343372,24,0.32499999999999996,0.11785972118377686
base,0.8749999999999999,0.5,17,1,0.64173466,0.81606114,24,0.3749999999999999,0.14173465967178345
base,0.9249999999999999,0.5,18,1,0.667472,0.8770752,24,0.42499999999999993,0.1674720048904419
base,0.975,0.5,19,1,0.69320923,0.93808913,24,0.475,0.1932092308998108
curv,0.025000000000000022,0.25,0,0,0.13379806,-0.52019846,24,-0.22499999999999998,-0.11620193719863892
curv,0.025000000000000022,0.25,0,0,0.13379806,-0.52019846,24,-0.22499999999999998,-0.11620193719863892
curv,0.075,0.25,1,0,0.15735297,-0.43491513,24,-0.175,-0.09264703094959259
curv,0.075,0.25,1,0,0.15735297,-0.43491513,24,-0.175,-0.09264703094959259
curv,0.12500000000000003,0.25,2,0,0.18090786,-0.34963185,24,-0.12499999999999997,-0.06909213960170746
curv,0.12500000000000003,0.25,2,0,0.18090786,-0.34963185,24,-0.12499999999999997,-0.06909213960170746
curv,0.17500000000000002,0.25,3,0,0.20446278,-0.26434854,24,-0.07499999999999998,-0.04553721845149994
curv,0.17500000000000002,0.25,3,0,0.20446278,-0.26434854,24,-0.07499999999999998,-0.04553721845149994
curv,0.225,0.25,4,0,0.22801767,-0.17906529,24,-0.024999999999999994,-0.021982327103614807
curv,0.225,0.25,4,0,0.22801767,-0.17906529,24,-0.024999999999999994,-0.021982327103614807
curv,0.275,0.25,5,1,0.2515726,-0.09378201,24,0.025000000000000022,0.0015726089477539062
curv,0.325,0.25,6,1,0.27512747,-0.008498669,24,0.07500000000000001,0.02512747049331665
curv,0.37500000000000006,0.25,7,1,0.29868245,0.07678461,24,0.12500000000000006,0.048682451248168945
curv,0.425,0.25,8,1,0.3222373,0.16206795,24,0.175,0.07223731279373169
curv,0.475,0.25,9,1,0.34579217,0.24735117,24,0.22499999999999998,0.09579217433929443
curv,0.525,0.25,10,1,0.3693471,0.33263445,24,0.275,0.11934709548950195
curv,0.575,0.25,11,1,0.39290202,0.41791773,24,0.32499999999999996,0.14290201663970947
curv,0.625,0.25,12,1,0.4181797,0.48404264,24,0.375,0.1681796908378601
curv,0.675,0.25,13,1,0.44391704,0.54505676,24,0.42500000000000004,0.19391703605651855
curv,0.7250000000000001,0.25,14,1,0.46965432,0.60607076,24,0.4750000000000001,0.21965432167053223
flat,0.275,0.7500000000000001,0,0,0.46575344,-0.28422022,24,-0.4750000000000001,-0.2842465639114381
flat,0.325,0.7500000000000001,1,0,0.48943722,-0.21948344,24,-0.4250000000000001,-0.2605627775192262
flat,0.37500000000000006,0.7500000000000001,2,0,0.51304865,-0.14320935,24,-0.37500000000000006,-0.2369513511657716
flat,0.425,0.7500000000000001,3,0,0.5366036,-0.05792609,24,-0.3250000000000001,-0.2133963704109193
flat,0.475,0.7500000000000001,4,0,0.56015843,0.02735719,24,-0.27500000000000013,-0.18984156847000133
flat,0.525,0.7500000000000001,5,0,0.58371335,0.11264044,24,-0.2250000000000001,-0.1662866473197938
flat,0.575,0.7500000000000001,6,0,0.60726833,0.19792378,24,-0.17500000000000016,-0.14273166656494152
flat,0.625,0.7500000000000001,7,0,0.63082314,0.28320706,24,-0.1250000000000001,-0.11917686462402355
flat,0.675,0.7500000000000001,8,0,0.6543782,0.36849052,24,-0.07500000000000007,-0.09562182426452648
flat,0.7250000000000001,0.7500000000000001,9,0,0.67793304,0.45377368,24,-0.025000000000000022,-0.07206696271896373
flat,0.7749999999999999,0.7500000000000001,10,1,0.7014879,0.53905696,24,0.0249999999999998,-0.04851210117340099
flat,0.7749999999999999,0.7500000000000001,10,1,0.7014879,0.53905696,24,0.0249999999999998,-0.04851210117340099
flat,0.825,0.7500000000000001,11,1,0.7250428,0.6243402,24,0.07499999999999984,-0.02495718002319347
flat,0.825,0.7500000000000001,11,1,0.7250428,0.6243402,24,0.07499999999999984,-0.02495718002319347
flat,0.8749999999999999,0.7500000000000001,12,1,0.74859774,0.7096237,24,0.12499999999999978,-0.0014022588729859509
flat,0.8749999999999999,0.7500000000000001,12,1,0.74859774,0.7096237,24,0.12499999999999978,-0.0014022588729859509
flat,0.9249999999999999,0.7500000000000001,13,1,0.7721527,0.794907,24,0.17499999999999982,0.022152721881866344
flat,0.9249999999999999,0.7500000000000001,13,1,0.7721527,0.794907,24,0.17499999999999982,0.022152721881866344
flat,0.975,0.7500000000000001,14,1,0.79570746,0.88019,24,0.22499999999999987,0.04570746421813954
flat,0.975,0.7500000000000001,14,1,0.79570746,0.88019,24,0.22499999999999987,0.04570746421813954
base,0.025000000000000022,0.5,0,0,0.24069066,-0.5838797,24,-0.475,-0.2593093365430832
base,0.075,0.5,1,0,0.26437443,-0.5191429,24,-0.425,-0.23562556505203247
base,0.12500000000000003,0.5,2,0,0.28805822,-0.45440614,24,-0.375,-0.21194177865982056
base,0.17500000000000002,0.5,3,0,0.31164593,-0.3743455,24,-0.32499999999999996,-0.18835407495498657
base,0.225,0.5,4,0,0.33520085,-0.28906226,24,-0.275,-0.16479915380477905
base,0.275,0.5,5,0,0.35875577,-0.20377892,24,-0.22499999999999998,-0.14124423265457153
base,0.325,0.5,6,0,0.38231063,-0.1184957,24,-0.175,-0.11768937110900879
base,0.37500000000000006,0.5,7,0,0.40586555,-0.033212423,24,-0.12499999999999994,-0.09413444995880127
base,0.425,0.5,8,0,0.42942047,0.052071035,24,-0.07500000000000001,-0.07057952880859375
base,0.475,0.5,9,0,0.4529754,0.1373542,24,-0.025000000000000022,-0.04702460765838623
base,0.525,0.5,10,1,0.4765302,0.22263741,24,0.025000000000000022,-0.02346980571746826
base,0.575,0.5,11,1,0.5000852,0.3079208,24,0.07499999999999996,8.51750373840332e-05
base,0.625,0.5,12,1,0.5236401,0.3932041,24,0.125,0.023640096187591553
base,0.675,0.5,13,1,0.547195,0.47848743,24,0.17500000000000004,0.04719501733779907
base,0.7250000000000001,0.5,14,1,0.5707499,0.56377065,24,0.2250000000000001,0.07074987888336182
base,0.7749999999999999,0.5,15,1,0.59430474,0.64905393,24,0.2749999999999999,0.09430474042892456
base,0.825,0.5,16,1,0.6178597,0.7343372,24,0.32499999999999996,0.11785972118377686
base,0.8749999999999999,0.5,17,1,0.64173466,0.81606114,24,0.3749999999999999,0.14173465967178345
base,0.9249999999999999,0.5,18,1,0.667472,0.8770752,24,0.42499999999999993,0.1674720048904419
base,0.975,0.5,19,1,0.69320923,0.93808913,24,0.475,0.1932092308998108
curv,0.025000000000000022,0.25,0,0,0.13379806,-0.52019846,24,-0.22499999999999998,-0.11620193719863892
curv,0.025000000000000022,0.25,0,0,0.13379806,-0.52019846,24,-0.22499999999999998,-0.11620193719863892
curv,0.075,0.25,1,0,0.15735297,-0.43491513,24,-0.175,-0.09264703094959259
curv,0.075,0.25,1,0,0.15735297,-0.43491513,24,-0.175,-0.09264703094959259
curv,0.12500000000000003,0.25,2,0,0.18090786,-0.34963185,24,-0.12499999999999997,-0.06909213960170746
curv,0.12500000000000003,0.25,2,0,0.18090786,-0.34963185,24,-0.12499999999999997,-0.06909213960170746
curv,0.17500000000000002,0.25,3,0,0.20446278,-0.26434854,24,-0.07499999999999998,-0.04553721845149994
curv,0.17500000000000002,0.25,3,0,0.20446278,-0.26434854,24,-0.07499999999999998,-0.04553721845149994
curv,0.225,0.25,4,0,0.22801767,-0.17906529,24,-0.024999999999999994,-0.021982327103614807
curv,0.225,0.25,4,0,0.22801767,-0.17906529,24,-0.024999999999999994,-0.021982327103614807
curv,0.275,0.25,5,1,0.2515726,-0.09378201,24,0.025000000000000022,0.0015726089477539062
curv,0.325,0.25,6,1,0.27512747,-0.008498669,24,0.07500000000000001,0.02512747049331665
curv,0.37500000000000006,0.25,7,1,0.29868245,0.07678461,24,0.12500000000000006,0.048682451248168945
curv,0.425,0.25,8,1,0.3222373,0.16206795,24,0.175,0.07223731279373169
curv,0.475,0.25,9,1,0.34579217,0.24735117,24,0.22499999999999998,0.09579217433929443
curv,0.525,0.25,10,1,0.3693471,0.33263445,24,0.275,0.11934709548950195
curv,0.575,0.25,11,1,0.39290202,0.41791773,24,0.32499999999999996,0.14290201663970947
curv,0.625,0.25,12,1,0.4181797,0.48404264,24,0.375,0.1681796908378601
curv,0.675,0.25,13,1,0.44391704,0.54505676,24,0.42500000000000004,0.19391703605651855
curv,0.7250000000000001,0.25,14,1,0.46965432,0.60607076,24,0.4750000000000001,0.21965432167053223
flat,0.275,0.7500000000000001,0,0,0.46575344,-0.28422022,24,-0.4750000000000001,-0.2842465639114381
flat,0.325,0.7500000000000001,1,0,0.48943722,-0.21948344,24,-0.4250000000000001,-0.2605627775192262
flat,0.37500000000000006,0.7500000000000001,2,0,0.51304865,-0.14320935,24,-0.37500000000000006,-0.2369513511657716
flat,0.425,0.7500000000000001,3,0,0.5366036,-0.05792609,24,-0.3250000000000001,-0.2133963704109193
flat,0.475,0.7500000000000001,4,0,0.56015843,0.02735719,24,-0.27500000000000013,-0.18984156847000133
flat,0.525,0.7500000000000001,5,0,0.58371335,0.11264044,24,-0.2250000000000001,-0.1662866473197938
flat,0.575,0.7500000000000001,6,0,0.60726833,0.19792378,24,-0.17500000000000016,-0.14273166656494152
flat,0.625,0.7500000000000001,7,0,0.63082314,0.28320706,24,-0.1250000000000001,-0.11917686462402355
flat,0.675,0.7500000000000001,8,0,0.6543782,0.36849052,24,-0.07500000000000007,-0.09562182426452648
flat,0.7250000000000001,0.7500000000000001,9,0,0.67793304,0.45377368,24,-0.025000000000000022,-0.07206696271896373
flat,0.7749999999999999,0.7500000000000001,10,1,0.7014879,0.53905696,24,0.0249999999999998,-0.04851210117340099
flat,0.7749999999999999,0.7500000000000001,10,1,0.7014879,0.53905696,24,0.0249999999999998,-0.04851210117340099
flat,0.825,0.7500000000000001,11,1,0.7250428,0.6243402,24,0.07499999999999984,-0.02495718002319347
flat,0.825,0.7500000000000001,11,1,0.7250428,0.6243402,24,0.07499999999999984,-0.02495718002319347
flat,0.8749999999999999,0.7500000000000001,12,1,0.74859774,0.7096237,24,0.12499999999999978,-0.0014022588729859509
flat,0.8749999999999999,0.7500000000000001,12,1,0.74859774,0.7096237,24,0.12499999999999978,-0.0014022588729859509
flat,0.9249999999999999,0.7500000000000001,13,1,0.7721527,0.794907,24,0.17499999999999982,0.022152721881866344
flat,0.9249999999999999,0.7500000000000001,13,1,0.7721527,0.794907,24,0.17499999999999982,0.022152721881866344
flat,0.975,0.7500000000000001,14,1,0.79570746,0.88019,24,0.22499999999999987,0.04570746421813954
flat,0.975,0.7500000000000001,14,1,0.79570746,0.88019,24,0.22499999999999987,0.04570746421813954
base,0.025000000000000022,0.5,0,0,0.24069066,-0.5838797,24,-0.475,-0.2593093365430832
base,0.075,0.5,1,0,0.26437443,-0.5191429,24,-0.425,-0.23562556505203247
base,0.12500000000000003,0.5,2,0,0.28805822,-0.45440614,24,-0.375,-0.21194177865982056
base,0.17500000000000002,0.5,3,0,0.31164593,-0.3743455,24,-0.32499999999999996,-0.18835407495498657
base,0.225,0.5,4,0,0.33520085,-0.28906226,24,-0.275,-0.16479915380477905
base,0.275,0.5,5,0,0.35875577,-0.20377892,24,-0.22499999999999998,-0.14124423265457153
base,0.325,0.5,6,0,0.38231063,-0.1184957,24,-0.175,-0.11768937110900879
base,0.37500000000000006,0.5,7,0,0.40586555,-0.033212423,24,-0.12499999999999994,-0.09413444995880127
base,0.425,0.5,8,0,0.42942047,0.052071035,24,-0.07500000000000001,-0.07057952880859375
base,0.475,0.5,9,0,0.4529754,0.1373542,24,-0.025000000000000022,-0.04702460765838623
base,0.525,0.5,10,1,0.4765302,0.22263741,24,0.025000000000000022,-0.02346980571746826
base,0.575,0.5,11,1,0.5000852,0.3079208,24,0.07499999999999996,8.51750373840332e-05
base,0.625,0.5,12,1,0.5236401,0.3932041,24,0.125,0.023640096187591553
base,0.675,0.5,13,1,0.547195,0.47848743,24,0.17500000000000004,0.04719501733779907
base,0.7250000000000001,0.5,14,1,0.5707499,0.56377065,24,0.2250000000000001,0.07074987888336182
base,0.7749999999999999,0.5,15,1,0.59430474,0.64905393,24,0.2749999999999999,0.09430474042892456
base,0.825,0.5,16,1,0.6178597,0.7343372,24,0.32499999999999996,0.11785972118377686
base,0.8749999999999999,0.5,17,1,0.64173466,0.81606114,24,0.3749999999999999,0.14173465967178345
base,0.9249999999999999,0.5,18,1,0.667472,0.8770752,24,0.42499999999999993,0.1674720048904419
base,0.975,0.5,19,1,0.69320923,0.93808913,24,0.475,0.1932092308998108
curv,0.025000000000000022,0.25,0,0,0.13379806,-0.52019846,24,-0.22499999999999998,-0.11620193719863892
curv,0.025000000000000022,0.25,0,0,0.13379806,-0.52019846,24,-0.22499999999999998,-0.11620193719863892
curv,0.075,0.25,1,0,0.15735297,-0.43491513,24,-0.175,-0.09264703094959259
curv,0.075,0.25,1,0,0.15735297,-0.43491513,24,-0.175,-0.09264703094959259
curv,0.12500000000000003,0.25,2,0,0.18090786,-0.34963185,24,-0.12499999999999997,-0.06909213960170746
curv,0.12500000000000003,0.25,2,0,0.18090786,-0.34963185,24,-0.12499999999999997,-0.06909213960170746
curv,0.17500000000000002,0.25,3,0,0.20446278,-0.26434854,24,-0.07499999999999998,-0.04553721845149994
curv,0.17500000000000002,0.25,3,0,0.20446278,-0.26434854,24,-0.07499999999999998,-0.04553721845149994
curv,0.225,0.25,4,0,0.22801767,-0.17906529,24,-0.024999999999999994,-0.021982327103614807
curv,0.225,0.25,4,0,0.22801767,-0.17906529,24,-0.024999999999999994,-0.021982327103614807
curv,0.275,0.25,5,1,0.2515726,-0.09378201,24,0.025000000000000022,0.0015726089477539062
curv,0.325,0.25,6,1,0.27512747,-0.008498669,24,0.07500000000000001,0.02512747049331665
curv,0.37500000000000006,0.25,7,1,0.29868245,0.07678461,24,0.12500000000000006,0.048682451248168945
curv,0.425,0.25,8,1,0.3222373,0.16206795,24,0.175,0.07223731279373169
curv,0.475,0.25,9,1,0.34579217,0.24735117,24,0.22499999999999998,0.09579217433929443
curv,0.525,0.25,10,1,0.3693471,0.33263445,24,0.275,0.11934709548950195
curv,0.575,0.25,11,1,0.39290202,0.41791773,24,0.32499999999999996,0.14290201663970947
curv,0.625,0.25,12,1,0.4181797,0.48404264,24,0.375,0.1681796908378601
curv,0.675,0.25,13,1,0.44391704,0.54505676,24,0.42500000000000004,0.19391703605651855
curv,0.7250000000000001,0.25,14,1,0.46965432,0.60607076,24,0.4750000000000001,0.21965432167053223
flat,0.275,0.7500000000000001,0,0,0.46575344,-0.28422022,24,-0.4750000000000001,-0.2842465639114381
flat,0.325,0.7500000000000001,1,0,0.48943722,-0.21948344,24,-0.4250000000000001,-0.2605627775192262
flat,0.37500000000000006,0.7500000000000001,2,0,0.51304865,-0.14320935,24,-0.37500000000000006,-0.2369513511657716
flat,0.425,0.7500000000000001,3,0,0.5366036,-0.05792609,24,-0.3250000000000001,-0.2133963704109193
flat,0.475,0.7500000000000001,4,0,0.56015843,0.02735719,24,-0.27500000000000013,-0.18984156847000133
flat,0.525,0.7500000000000001,5,0,0.58371335,0.11264044,24,-0.2250000000000001,-0.1662866473197938
flat,0.575,0.7500000000000001,6,0,0.60726833,0.19792378,24,-0.17500000000000016,-0.14273166656494152
flat,0.625,0.7500000000000001,7,0,0.63082314,0.28320706,24,-0.1250000000000001,-0.11917686462402355
flat,0.675,0.7500000000000001,8,0,0.6543782,0.36849052,24,-0.07500000000000007,-0.09562182426452648
flat,0.7250000000000001,0.7500000000000001,9,0,0.67793304,0.45377368,24,-0.025000000000000022,-0.07206696271896373
flat,0.7749999999999999,0.7500000000000001,10,1,0.7014879,0.53905696,24,0.0249999999999998,-0.04851210117340099
flat,0.7749999999999999,0.7500000000000001,10,1,0.7014879,0.53905696,24,0.0249999999999998,-0.04851210117340099
flat,0.825,0.7500000000000001,11,1,0.7250428,0.6243402,24,0.07499999999999984,-0.02495718002319347
flat,0.825,0.7500000000000001,11,1,0.7250428,0.6243402,24,0.07499999999999984,-0.02495718002319347
flat,0.8749999999999999,0.7500000000000001,12,1,0.74859774,0.7096237,24,0.12499999999999978,-0.0014022588729859509
flat,0.8749999999999999,0.7500000000000001,12,1,0.74859774,0.7096237,24,0.12499999999999978,-0.0014022588729859509
flat,0.9249999999999999,0.7500000000000001,13,1,0.7721527,0.794907,24,0.17499999999999982,0.022152721881866344
flat,0.9249999999999999,0.7500000000000001,13,1,0.7721527,0.794907,24,0.17499999999999982,0.022152721881866344
flat,0.975,0.7500000000000001,14,1,0.79570746,0.88019,24,0.22499999999999987,0.04570746421813954
flat,0.975,0.7500000000000001,14,1,0.79570746,0.88019,24,0.22499999999999987,0.04570746421813954
base,0.025000000000000022,0.5,0,0,0.24069066,-0.5838797,24,-0.475,-0.2593093365430832
base,0.075,0.5,1,0,0.26437443,-0.5191429,24,-0.425,-0.23562556505203247
base,0.12500000000000003,0.5,2,0,0.28805822,-0.45440614,24,-0.375,-0.21194177865982056
base,0.17500000000000002,0.5,3,0,0.31164593,-0.3743455,24,-0.32499999999999996,-0.18835407495498657
base,0.225,0.5,4,0,0.33520085,-0.28906226,24,-0.275,-0.16479915380477905
base,0.275,0.5,5,0,0.35875577,-0.20377892,24,-0.22499999999999998,-0.14124423265457153
base,0.325,0.5,6,0,0.38231063,-0.1184957,24,-0.175,-0.11768937110900879
base,0.37500000000000006,0.5,7,0,0.40586555,-0.033212423,24,-0.12499999999999994,-0.09413444995880127
base,0.425,0.5,8,0,0.42942047,0.052071035,24,-0.07500000000000001,-0.07057952880859375
base,0.475,0.5,9,0,0.4529754,0.1373542,24,-0.025000000000000022,-0.04702460765838623
base,0.525,0.5,10,1,0.4765302,0.22263741,24,0.025000000000000022,-0.02346980571746826
base,0.575,0.5,11,1,0.5000852,0.3079208,24,0.07499999999999996,8.51750373840332e-05
base,0.625,0.5,12,1,0.5236401,0.3932041,24,0.125,0.023640096187591553
base,0.675,0.5,13,1,0.547195,0.47848743,24,0.17500000000000004,0.04719501733779907
base,0.7250000000000001,0.5,14,1,0.5707499,0.56377065,24,0.2250000000000001,0.07074987888336182
base,0.7749999999999999,0.5,15,1,0.59430474,0.64905393,24,0.2749999999999999,0.09430474042892456
base,0.825,0.5,16,1,0.6178597,0.7343372,24,0.32499999999999996,0.11785972118377686
base,0.8749999999999999,0.5,17,1,0.64173466,0.81606114,24,0.3749999999999999,0.14173465967178345
base,0.9249999999999999,0.5,18,1,0.667472,0.8770752,24,0.42499999999999993,0.1674720048904419
base,0.975,0.5,19,1,0.69320923,0.93808913,24,0.475,0.1932092308998108
curv,0.025000000000000022,0.25,0,0,0.13379806,-0.52019846,24,-0.22499999999999998,-0.11620193719863892
curv,0.025000000000000022,0.25,0,0,0.13379806,-0.52019846,24,-0.22499999999999998,-0.11620193719863892
curv,0.075,0.25,1,0,0.15735297,-0.43491513,24,-0.175,-0.09264703094959259
curv,0.075,0.25,1,0,0.15735297,-0.43491513,24,-0.175,-0.09264703094959259
curv,0.12500000000000003,0.25,2,0,0.18090786,-0.34963185,24,-0.12499999999999997,-0.06909213960170746
curv,0.12500000000000003,0.25,2,0,0.18090786,-0.34963185,24,-0.12499999999999997,-0.06909213960170746
curv,0.17500000000000002,0.25,3,0,0.20446278,-0.26434854,24,-0.07499999999999998,-0.04553721845149994
curv,0.17500000000000002,0.25,3,0,0.20446278,-0.26434854,24,-0.07499999999999998,-0.04553721845149994
curv,0.225,0.25,4,0,0.22801767,-0.17906529,24,-0.024999999999999994,-0.021982327103614807
curv,0.225,0.25,4,0,0.22801767,-0.17906529,24,-0.024999999999999994,-0.021982327103614807
curv,0.275,0.25,5,1,0.2515726,-0.09378201,24,0.025000000000000022,0.0015726089477539062
curv,0.325,0.25,6,1,0.27512747,-0.008498669,24,0.07500000000000001,0.02512747049331665
curv,0.37500000000000006,0.25,7,1,0.29868245,0.07678461,24,0.12500000000000006,0.048682451248168945
curv,0.425,0.25,8,1,0.3222373,0.16206795,24,0.175,0.07223731279373169
curv,0.475,0.25,9,1,0.34579217,0.24735117,24,0.22499999999999998,0.09579217433929443
curv,0.525,0.25,10,1,0.3693471,0.33263445,24,0.275,0.11934709548950195
curv,0.575,0.25,11,1,0.39290202,0.41791773,24,0.32499999999999996,0.14290201663970947
curv,0.625,0.25,12,1,0.4181797,0.48404264,24,0.375,0.1681796908378601
curv,0.675,0.25,13,1,0.44391704,0.54505676,24,0.42500000000000004,0.19391703605651855
curv,0.7250000000000001,0.25,14,1,0.46965432,0.60607076,24,0.4750000000000001,0.21965432167053223
flat,0.275,0.7500000000000001,0,0,0.46575344,-0.28422022,24,-0.4750000000000001,-0.2842465639114381
flat,0.325,0.7500000000000001,1,0,0.48943722,-0.21948344,24,-0.4250000000000001,-0.2605627775192262
flat,0.37500000000000006,0.7500000000000001,2,0,0.51304865,-0.14320935,24,-0.37500000000000006,-0.2369513511657716
flat,0.425,0.7500000000000001,3,0,0.5366036,-0.05792609,24,-0.3250000000000001,-0.2133963704109193
flat,0.475,0.7500000000000001,4,0,0.56015843,0.02735719,24,-0.27500000000000013,-0.18984156847000133
flat,0.525,0.7500000000000001,5,0,0.58371335,0.11264044,24,-0.2250000000000001,-0.1662866473197938
flat,0.575,0.7500000000000001,6,0,0.60726833,0.19792378,24,-0.17500000000000016,-0.14273166656494152
flat,0.625,0.7500000000000001,7,0,0.63082314,0.28320706,24,-0.1250000000000001,-0.11917686462402355
flat,0.675,0.7500000000000001,8,0,0.6543782,0.36849052,24,-0.07500000000000007,-0.09562182426452648
flat,0.7250000000000001,0.7500000000000001,9,0,0.67793304,0.45377368,24,-0.025000000000000022,-0.07206696271896373
flat,0.7749999999999999,0.7500000000000001,10,1,0.7014879,0.53905696,24,0.0249999999999998,-0.04851210117340099
flat,0.7749999999999999,0.7500000000000001,10,1,0.7014879,0.53905696,24,0.0249999999999998,-0.04851210117340099
flat,0.825,0.7500000000000001,11,1,0.7250428,0.6243402,24,0.07499999999999984,-0.02495718002319347
flat,0.825,0.7500000000000001,11,1,0.7250428,0.6243402,24,0.07499999999999984,-0.02495718002319347
flat,0.8749999999999999,0.7500000000000001,12,1,0.74859774,0.7096237,24,0.12499999999999978,-0.0014022588729859509
flat,0.8749999999999999,0.7500000000000001,12,1,0.74859774,0.7096237,24,0.12499999999999978,-0.0014022588729859509
flat,0.9249999999999999,0.7500000000000001,13,1,0.7721527,0.794907,24,0.17499999999999982,0.022152721881866344
flat,0.9249999999999999,0.7500000000000001,13,1,0.7721527,0.794907,24,0.17499999999999982,0.022152721881866344
flat,0.975,0.7500000000000001,14,1,0.79570746,0.88019,24,0.22499999999999987,0.04570746421813954
flat,0.975,0.7500000000000001,14,1,0.79570746,0.88019,24,0.22499999999999987,0.04570746421813954
base,0.025000000000000022,0.5,0,0,0.26006356,-1.7318455,25,-0.475,-0.2399364411830902
base,0.075,0.5,1,0,0.28594962,-1.5530263,25,-0.425,-0.21405038237571716
base,0.12500000000000003,0.5,2,0,0.3118357,-1.3742067,25,-0.375,-0.18816429376602173
base,0.17500000000000002,0.5,3,0,0.33772177,-1.1953874,25,-0.32499999999999996,-0.16227823495864868
base,0.225,0.5,4,0,0.36360776,-1.0165678,25,-0.275,-0.1363922357559204
base,0.275,0.5,5,0,0.38949385,-0.8377485,25,-0.22499999999999998,-0.11050614714622498
base,0.325,0.5,6,0,0.41537982,-0.658929,25,-0.175,-0.08462017774581909
base,0.37500000000000006,0.5,7,0,0.44126588,-0.48010957,25,-0.12499999999999994,-0.058734118938446045
base,0.425,0.5,8,0,0.467152,-0.30129015,25,-0.07500000000000001,-0.03284800052642822
base,0.475,0.5,9,0,0.493038,-0.12247074,25,-0.025000000000000022,-0.006962001323699951
base,0.525,0.5,10,1,0.518924,0.05634868,25,0.025000000000000022,0.01892399787902832
base,0.575,0.5,11,1,0.5448101,0.23516819,25,0.07499999999999996,0.04481011629104614
base,0.625,0.5,12,1,0.5706961,0.4139876,25,0.125,0.07069611549377441
base,0.675,0.5,13,1,0.5965822,0.59280723,25,0.17500000000000004,0.09658217430114746
base,0.7250000000000001,0.5,14,1,0.62246823,0.7716267,25,0.2250000000000001,0.12246823310852051
base,0.7749999999999999,0.5,15,1,0.64835423,0.9504459,25,0.2749999999999999,0.14835423231124878
base,0.825,0.5,16,1,0.6742403,1.1292655,25,0.32499999999999996,0.17424029111862183
base,0.8749999999999999,0.5,17,1,0.6908935,1.2551011,25,0.3749999999999999,0.19089347124099731
base,0.9249999999999999,0.5,18,1,0.69486856,1.3118669,25,0.42499999999999993,0.1948685646057129
base,0.975,0.5,19,1,0.69884354,1.3686328,25,0.475,0.19884353876113892
curv,0.025000000000000022,0.25,0,0,0.15216178,-1.325853,25,-0.22499999999999998,-0.09783822298049927
curv,0.025000000000000022,0.25,0,0,0.15216178,-1.325853,25,-0.22499999999999998,-0.09783822298049927
curv,0.075,0.25,1,0,0.17804776,-1.1470336,25,-0.175,-0.07195223867893219
curv,0.075,0.25,1,0,0.17804776,-1.1470336,25,-0.175,-0.07195223867893219
curv,0.12500000000000003,0.25,2,0,0.20393386,-0.96821404,25,-0.12499999999999997,-0.04606613516807556
curv,0.12500000000000003,0.25,2,0,0.20393386,-0.96821404,25,-0.12499999999999997,-0.04606613516807556
curv,0.17500000000000002,0.25,3,0,0.22981991,-0.78939474,25,-0.07499999999999998,-0.02018009126186371
curv,0.17500000000000002,0.25,3,0,0.22981991,-0.78939474,25,-0.07499999999999998,-0.02018009126186371
curv,0.225,0.25,4,0,0.25570595,-0.6105752,25,-0.024999999999999994,0.0057059526443481445
curv,0.225,0.25,4,0,0.25570595,-0.6105752,25,-0.024999999999999994,0.0057059526443481445
curv,0.275,0.25,5,1,0.28159198,-0.43175578,25,0.025000000000000022,0.031591981649398804
curv,0.325,0.25,6,1,0.307478,-0.25293636,25,0.07500000000000001,0.05747801065444946
curv,0.37500000000000006,0.25,7,1,0.33336407,-0.074116826,25,0.12500000000000006,0.08336406946182251
curv,0.425,0.25,8,1,0.35925013,0.10470271,25,0.175,0.10925012826919556
curv,0.475,0.25,9,1,0.38513613,0.28352204,25,0.22499999999999998,0.13513612747192383
curv,0.525,0.25,10,1,0.4110222,0.46234143,25,0.275,0.16102218627929688
curv,0.575,0.25,11,1,0.43690825,0.6411609,25,0.32499999999999996,0.18690824508666992
curv,0.625,0.25,12,1,0.4627943,0.8199803,25,0.375,0.21279430389404297
curv,0.675,0.25,13,1,0.48868036,0.9987999,25,0.42500000000000004,0.23868036270141602
curv,0.7250000000000001,0.25,14,1,0.5024446,1.1073041,25,0.4750000000000001,0.25244462490081787
flat,0.275,0.7500000000000001,0,0,0.49739566,-1.2437412,25,-0.4750000000000001,-0.25260433554649364
flat,0.325,0.7500000000000001,1,0,0.5232817,-1.0649217,25,-0.4250000000000001,-0.22671830654144298
flat,0.37500000000000006,0.7500000000000001,2,0,0.54916775,-0.8861023,25,-0.37500000000000006,-0.20083224773406994
flat,0.425,0.7500000000000001,3,0,0.57505375,-0.7072829,25,-0.3250000000000001,-0.17494624853134166
flat,0.475,0.7500000000000001,4,0,0.6009398,-0.52846336,25,-0.27500000000000013,-0.14906018972396862
flat,0.525,0.7500000000000001,5,0,0.6268258,-0.34964406,25,-0.2250000000000001,-0.12317419052124035
flat,0.575,0.7500000000000001,6,0,0.6527118,-0.17082447,25,-0.17500000000000016,-0.09728819131851207
flat,0.625,0.7500000000000001,7,0,0.678598,0.00799489,25,-0.1250000000000001,-0.07140201330184948
flat,0.675,0.7500000000000001,8,0,0.70448405,0.18681449,25,-0.07500000000000007,-0.04551595449447643
flat,0.7250000000000001,0.7500000000000001,9,0,0.73037004,0.36563402,25,-0.025000000000000022,-0.019629955291748158
flat,0.7749999999999999,0.7500000000000001,10,1,0.75625604,0.54445314,25,0.0249999999999998,0.006256043910980114
flat,0.7749999999999999,0.7500000000000001,10,1,0.75625604,0.54445314,25,0.0249999999999998,0.006256043910980114
flat,0.825,0.7500000000000001,11,1,0.7821421,0.7232727,25,0.07499999999999984,0.03214210271835316
flat,0.825,0.7500000000000001,11,1,0.7821421,0.7232727,25,0.07499999999999984,0.03214210271835316
flat,0.8749999999999999,0.7500000000000001,12,1,0.80802816,0.9020923,25,0.12499999999999978,0.05802816152572621
flat,0.8749999999999999,0.7500000000000001,12,1,0.80802816,0.9020923,25,0.12499999999999978,0.05802816152572621
flat,0.9249999999999999,0.7500000000000001,13,1,0.832658,1.0746466,25,0.17499999999999982,0.08265799283981312
flat,0.9249999999999999,0.7500000000000001,13,1,0.832658,1.0746466,25,0.17499999999999982,0.08265799283981312
flat,0.975,0.7500000000000001,14,1,0.8523367,1.222505,25,0.22499999999999987,0.10233670473098744
flat,0.975,0.7500000000000001,14,1,0.8523367,1.222505,25,0.22499999999999987,0.10233670473098744
base,0.025000000000000022,0.5,0,0,0.26006356,-1.7318455,25,-0.475,-0.2399364411830902
base,0.075,0.5,1,0,0.28594962,-1.5530263,25,-0.425,-0.21405038237571716
base,0.12500000000000003,0.5,2,0,0.3118357,-1.3742067,25,-0.375,-0.18816429376602173
base,0.17500000000000002,0.5,3,0,0.33772177,-1.1953874,25,-0.32499999999999996,-0.16227823495864868
base,0.225,0.5,4,0,0.36360776,-1.0165678,25,-0.275,-0.1363922357559204
base,0.275,0.5,5,0,0.38949385,-0.8377485,25,-0.22499999999999998,-0.11050614714622498
base,0.325,0.5,6,0,0.41537982,-0.658929,25,-0.175,-0.08462017774581909
base,0.37500000000000006,0.5,7,0,0.44126588,-0.48010957,25,-0.12499999999999994,-0.058734118938446045
base,0.425,0.5,8,0,0.467152,-0.30129015,25,-0.07500000000000001,-0.03284800052642822
base,0.475,0.5,9,0,0.493038,-0.12247074,25,-0.025000000000000022,-0.006962001323699951
base,0.525,0.5,10,1,0.518924,0.05634868,25,0.025000000000000022,0.01892399787902832
base,0.575,0.5,11,1,0.5448101,0.23516819,25,0.07499999999999996,0.04481011629104614
base,0.625,0.5,12,1,0.5706961,0.4139876,25,0.125,0.07069611549377441
base,0.675,0.5,13,1,0.5965822,0.59280723,25,0.17500000000000004,0.09658217430114746
base,0.7250000000000001,0.5,14,1,0.62246823,0.7716267,25,0.2250000000000001,0.12246823310852051
base,0.7749999999999999,0.5,15,1,0.64835423,0.9504459,25,0.2749999999999999,0.14835423231124878
base,0.825,0.5,16,1,0.6742403,1.1292655,25,0.32499999999999996,0.17424029111862183
base,0.8749999999999999,0.5,17,1,0.6908935,1.2551011,25,0.3749999999999999,0.19089347124099731
base,0.9249999999999999,0.5,18,1,0.69486856,1.3118669,25,0.42499999999999993,0.1948685646057129
base,0.975,0.5,19,1,0.69884354,1.3686328,25,0.475,0.19884353876113892
curv,0.025000000000000022,0.25,0,0,0.15216178,-1.325853,25,-0.22499999999999998,-0.09783822298049927
curv,0.025000000000000022,0.25,0,0,0.15216178,-1.325853,25,-0.22499999999999998,-0.09783822298049927
curv,0.075,0.25,1,0,0.17804776,-1.1470336,25,-0.175,-0.07195223867893219
curv,0.075,0.25,1,0,0.17804776,-1.1470336,25,-0.175,-0.07195223867893219
curv,0.12500000000000003,0.25,2,0,0.20393386,-0.96821404,25,-0.12499999999999997,-0.04606613516807556
curv,0.12500000000000003,0.25,2,0,0.20393386,-0.96821404,25,-0.12499999999999997,-0.04606613516807556
curv,0.17500000000000002,0.25,3,0,0.22981991,-0.78939474,25,-0.07499999999999998,-0.02018009126186371
curv,0.17500000000000002,0.25,3,0,0.22981991,-0.78939474,25,-0.07499999999999998,-0.02018009126186371
curv,0.225,0.25,4,0,0.25570595,-0.6105752,25,-0.024999999999999994,0.0057059526443481445
curv,0.225,0.25,4,0,0.25570595,-0.6105752,25,-0.024999999999999994,0.0057059526443481445
curv,0.275,0.25,5,1,0.28159198,-0.43175578,25,0.025000000000000022,0.031591981649398804
curv,0.325,0.25,6,1,0.307478,-0.25293636,25,0.07500000000000001,0.05747801065444946
curv,0.37500000000000006,0.25,7,1,0.33336407,-0.074116826,25,0.12500000000000006,0.08336406946182251
curv,0.425,0.25,8,1,0.35925013,0.10470271,25,0.175,0.10925012826919556
curv,0.475,0.25,9,1,0.38513613,0.28352204,25,0.22499999999999998,0.13513612747192383
curv,0.525,0.25,10,1,0.4110222,0.46234143,25,0.275,0.16102218627929688
curv,0.575,0.25,11,1,0.43690825,0.6411609,25,0.32499999999999996,0.18690824508666992
curv,0.625,0.25,12,1,0.4627943,0.8199803,25,0.375,0.21279430389404297
curv,0.675,0.25,13,1,0.48868036,0.9987999,25,0.42500000000000004,0.23868036270141602
curv,0.7250000000000001,0.25,14,1,0.5024446,1.1073041,25,0.4750000000000001,0.25244462490081787
flat,0.275,0.7500000000000001,0,0,0.49739566,-1.2437412,25,-0.4750000000000001,-0.25260433554649364
flat,0.325,0.7500000000000001,1,0,0.5232817,-1.0649217,25,-0.4250000000000001,-0.22671830654144298
flat,0.37500000000000006,0.7500000000000001,2,0,0.54916775,-0.8861023,25,-0.37500000000000006,-0.20083224773406994
flat,0.425,0.7500000000000001,3,0,0.57505375,-0.7072829,25,-0.3250000000000001,-0.17494624853134166
flat,0.475,0.7500000000000001,4,0,0.6009398,-0.52846336,25,-0.27500000000000013,-0.14906018972396862
flat,0.525,0.7500000000000001,5,0,0.6268258,-0.34964406,25,-0.2250000000000001,-0.12317419052124035
flat,0.575,0.7500000000000001,6,0,0.6527118,-0.17082447,25,-0.17500000000000016,-0.09728819131851207
flat,0.625,0.7500000000000001,7,0,0.678598,0.00799489,25,-0.1250000000000001,-0.07140201330184948
flat,0.675,0.7500000000000001,8,0,0.70448405,0.18681449,25,-0.07500000000000007,-0.04551595449447643
flat,0.7250000000000001,0.7500000000000001,9,0,0.73037004,0.36563402,25,-0.025000000000000022,-0.019629955291748158
flat,0.7749999999999999,0.7500000000000001,10,1,0.75625604,0.54445314,25,0.0249999999999998,0.006256043910980114
flat,0.7749999999999999,0.7500000000000001,10,1,0.75625604,0.54445314,25,0.0249999999999998,0.006256043910980114
flat,0.825,0.7500000000000001,11,1,0.7821421,0.7232727,25,0.07499999999999984,0.03214210271835316
flat,0.825,0.7500000000000001,11,1,0.7821421,0.7232727,25,0.07499999999999984,0.03214210271835316
flat,0.8749999999999999,0.7500000000000001,12,1,0.80802816,0.9020923,25,0.12499999999999978,0.05802816152572621
flat,0.8749999999999999,0.7500000000000001,12,1,0.80802816,0.9020923,25,0.12499999999999978,0.05802816152572621
flat,0.9249999999999999,0.7500000000000001,13,1,0.832658,1.0746466,25,0.17499999999999982,0.08265799283981312
flat,0.9249999999999999,0.7500000000000001,13,1,0.832658,1.0746466,25,0.17499999999999982,0.08265799283981312
flat,0.975,0.7500000000000001,14,1,0.8523367,1.222505,25,0.22499999999999987,0.10233670473098744
flat,0.975,0.7500000000000001,14,1,0.8523367,1.222505,25,0.22499999999999987,0.10233670473098744
base,0.025000000000000022,0.5,0,0,0.26006356,-1.7318455,25,-0.475,-0.2399364411830902
base,0.075,0.5,1,0,0.28594962,-1.5530263,25,-0.425,-0.21405038237571716
base,0.12500000000000003,0.5,2,0,0.3118357,-1.3742067,25,-0.375,-0.18816429376602173
base,0.17500000000000002,0.5,3,0,0.33772177,-1.1953874,25,-0.32499999999999996,-0.16227823495864868
base,0.225,0.5,4,0,0.36360776,-1.0165678,25,-0.275,-0.1363922357559204
base,0.275,0.5,5,0,0.38949385,-0.8377485,25,-0.22499999999999998,-0.11050614714622498
base,0.325,0.5,6,0,0.41537982,-0.658929,25,-0.175,-0.08462017774581909
base,0.37500000000000006,0.5,7,0,0.44126588,-0.48010957,25,-0.12499999999999994,-0.058734118938446045
base,0.425,0.5,8,0,0.467152,-0.30129015,25,-0.07500000000000001,-0.03284800052642822
base,0.475,0.5,9,0,0.493038,-0.12247074,25,-0.025000000000000022,-0.006962001323699951
base,0.525,0.5,10,1,0.518924,0.05634868,25,0.025000000000000022,0.01892399787902832
base,0.575,0.5,11,1,0.5448101,0.23516819,25,0.07499999999999996,0.04481011629104614
base,0.625,0.5,12,1,0.5706961,0.4139876,25,0.125,0.07069611549377441
base,0.675,0.5,13,1,0.5965822,0.59280723,25,0.17500000000000004,0.09658217430114746
base,0.7250000000000001,0.5,14,1,0.62246823,0.7716267,25,0.2250000000000001,0.12246823310852051
base,0.7749999999999999,0.5,15,1,0.64835423,0.9504459,25,0.2749999999999999,0.14835423231124878
base,0.825,0.5,16,1,0.6742403,1.1292655,25,0.32499999999999996,0.17424029111862183
base,0.8749999999999999,0.5,17,1,0.6908935,1.2551011,25,0.3749999999999999,0.19089347124099731
base,0.9249999999999999,0.5,18,1,0.69486856,1.3118669,25,0.42499999999999993,0.1948685646057129
base,0.975,0.5,19,1,0.69884354,1.3686328,25,0.475,0.19884353876113892
curv,0.025000000000000022,0.25,0,0,0.15216178,-1.325853,25,-0.22499999999999998,-0.09783822298049927
curv,0.025000000000000022,0.25,0,0,0.15216178,-1.325853,25,-0.22499999999999998,-0.09783822298049927
curv,0.075,0.25,1,0,0.17804776,-1.1470336,25,-0.175,-0.07195223867893219
curv,0.075,0.25,1,0,0.17804776,-1.1470336,25,-0.175,-0.07195223867893219
curv,0.12500000000000003,0.25,2,0,0.20393386,-0.96821404,25,-0.12499999999999997,-0.04606613516807556
curv,0.12500000000000003,0.25,2,0,0.20393386,-0.96821404,25,-0.12499999999999997,-0.04606613516807556
curv,0.17500000000000002,0.25,3,0,0.22981991,-0.78939474,25,-0.07499999999999998,-0.02018009126186371
curv,0.17500000000000002,0.25,3,0,0.22981991,-0.78939474,25,-0.07499999999999998,-0.02018009126186371
curv,0.225,0.25,4,0,0.25570595,-0.6105752,25,-0.024999999999999994,0.0057059526443481445
curv,0.225,0.25,4,0,0.25570595,-0.6105752,25,-0.024999999999999994,0.0057059526443481445
curv,0.275,0.25,5,1,0.28159198,-0.43175578,25,0.025000000000000022,0.031591981649398804
curv,0.325,0.25,6,1,0.307478,-0.25293636,25,0.07500000000000001,0.05747801065444946
curv,0.37500000000000006,0.25,7,1,0.33336407,-0.074116826,25,0.12500000000000006,0.08336406946182251
curv,0.425,0.25,8,1,0.35925013,0.10470271,25,0.175,0.10925012826919556
curv,0.475,0.25,9,1,0.38513613,0.28352204,25,0.22499999999999998,0.13513612747192383
curv,0.525,0.25,10,1,0.4110222,0.46234143,25,0.275,0.16102218627929688
curv,0.575,0.25,11,1,0.43690825,0.6411609,25,0.32499999999999996,0.18690824508666992
curv,0.625,0.25,12,1,0.4627943,0.8199803,25,0.375,0.21279430389404297
curv,0.675,0.25,13,1,0.48868036,0.9987999,25,0.42500000000000004,0.23868036270141602
curv,0.7250000000000001,0.25,14,1,0.5024446,1.1073041,25,0.4750000000000001,0.25244462490081787
flat,0.275,0.7500000000000001,0,0,0.49739566,-1.2437412,25,-0.4750000000000001,-0.25260433554649364
flat,0.325,0.7500000000000001,1,0,0.5232817,-1.0649217,25,-0.4250000000000001,-0.22671830654144298
flat,0.37500000000000006,0.7500000000000001,2,0,0.54916775,-0.8861023,25,-0.37500000000000006,-0.20083224773406994
flat,0.425,0.7500000000000001,3,0,0.57505375,-0.7072829,25,-0.3250000000000001,-0.17494624853134166
flat,0.475,0.7500000000000001,4,0,0.6009398,-0.52846336,25,-0.27500000000000013,-0.14906018972396862
flat,0.525,0.7500000000000001,5,0,0.6268258,-0.34964406,25,-0.2250000000000001,-0.12317419052124035
flat,0.575,0.7500000000000001,6,0,0.6527118,-0.17082447,25,-0.17500000000000016,-0.09728819131851207
flat,0.625,0.7500000000000001,7,0,0.678598,0.00799489,25,-0.1250000000000001,-0.07140201330184948
flat,0.675,0.7500000000000001,8,0,0.70448405,0.18681449,25,-0.07500000000000007,-0.04551595449447643
flat,0.7250000000000001,0.7500000000000001,9,0,0.73037004,0.36563402,25,-0.025000000000000022,-0.019629955291748158
flat,0.7749999999999999,0.7500000000000001,10,1,0.75625604,0.54445314,25,0.0249999999999998,0.006256043910980114
flat,0.7749999999999999,0.7500000000000001,10,1,0.75625604,0.54445314,25,0.0249999999999998,0.006256043910980114
flat,0.825,0.7500000000000001,11,1,0.7821421,0.7232727,25,0.07499999999999984,0.03214210271835316
flat,0.825,0.7500000000000001,11,1,0.7821421,0.7232727,25,0.07499999999999984,0.03214210271835316
flat,0.8749999999999999,0.7500000000000001,12,1,0.80802816,0.9020923,25,0.12499999999999978,0.05802816152572621
flat,0.8749999999999999,0.7500000000000001,12,1,0.80802816,0.9020923,25,0.12499999999999978,0.05802816152572621
flat,0.9249999999999999,0.7500000000000001,13,1,0.832658,1.0746466,25,0.17499999999999982,0.08265799283981312
flat,0.9249999999999999,0.7500000000000001,13,1,0.832658,1.0746466,25,0.17499999999999982,0.08265799283981312
flat,0.975,0.7500000000000001,14,1,0.8523367,1.222505,25,0.22499999999999987,0.10233670473098744
flat,0.975,0.7500000000000001,14,1,0.8523367,1.222505,25,0.22499999999999987,0.10233670473098744
base,0.025000000000000022,0.5,0,0,0.26006356,-1.7318455,25,-0.475,-0.2399364411830902
base,0.075,0.5,1,0,0.28594962,-1.5530263,25,-0.425,-0.21405038237571716
base,0.12500000000000003,0.5,2,0,0.3118357,-1.3742067,25,-0.375,-0.18816429376602173
base,0.17500000000000002,0.5,3,0,0.33772177,-1.1953874,25,-0.32499999999999996,-0.16227823495864868
base,0.225,0.5,4,0,0.36360776,-1.0165678,25,-0.275,-0.1363922357559204
base,0.275,0.5,5,0,0.38949385,-0.8377485,25,-0.22499999999999998,-0.11050614714622498
base,0.325,0.5,6,0,0.41537982,-0.658929,25,-0.175,-0.08462017774581909
base,0.37500000000000006,0.5,7,0,0.44126588,-0.48010957,25,-0.12499999999999994,-0.058734118938446045
base,0.425,0.5,8,0,0.467152,-0.30129015,25,-0.07500000000000001,-0.03284800052642822
base,0.475,0.5,9,0,0.493038,-0.12247074,25,-0.025000000000000022,-0.006962001323699951
base,0.525,0.5,10,1,0.518924,0.05634868,25,0.025000000000000022,0.01892399787902832
base,0.575,0.5,11,1,0.5448101,0.23516819,25,0.07499999999999996,0.04481011629104614
base,0.625,0.5,12,1,0.5706961,0.4139876,25,0.125,0.07069611549377441
base,0.675,0.5,13,1,0.5965822,0.59280723,25,0.17500000000000004,0.09658217430114746
base,0.7250000000000001,0.5,14,1,0.62246823,0.7716267,25,0.2250000000000001,0.12246823310852051
base,0.7749999999999999,0.5,15,1,0.64835423,0.9504459,25,0.2749999999999999,0.14835423231124878
base,0.825,0.5,16,1,0.6742403,1.1292655,25,0.32499999999999996,0.17424029111862183
base,0.8749999999999999,0.5,17,1,0.6908935,1.2551011,25,0.3749999999999999,0.19089347124099731
base,0.9249999999999999,0.5,18,1,0.69486856,1.3118669,25,0.42499999999999993,0.1948685646057129
base,0.975,0.5,19,1,0.69884354,1.3686328,25,0.475,0.19884353876113892
curv,0.025000000000000022,0.25,0,0,0.15216178,-1.325853,25,-0.22499999999999998,-0.09783822298049927
curv,0.025000000000000022,0.25,0,0,0.15216178,-1.325853,25,-0.22499999999999998,-0.09783822298049927
curv,0.075,0.25,1,0,0.17804776,-1.1470336,25,-0.175,-0.07195223867893219
curv,0.075,0.25,1,0,0.17804776,-1.1470336,25,-0.175,-0.07195223867893219
curv,0.12500000000000003,0.25,2,0,0.20393386,-0.96821404,25,-0.12499999999999997,-0.04606613516807556
curv,0.12500000000000003,0.25,2,0,0.20393386,-0.96821404,25,-0.12499999999999997,-0.04606613516807556
curv,0.17500000000000002,0.25,3,0,0.22981991,-0.78939474,25,-0.07499999999999998,-0.02018009126186371
curv,0.17500000000000002,0.25,3,0,0.22981991,-0.78939474,25,-0.07499999999999998,-0.02018009126186371
curv,0.225,0.25,4,0,0.25570595,-0.6105752,25,-0.024999999999999994,0.0057059526443481445
curv,0.225,0.25,4,0,0.25570595,-0.6105752,25,-0.024999999999999994,0.0057059526443481445
curv,0.275,0.25,5,1,0.28159198,-0.43175578,25,0.025000000000000022,0.031591981649398804
curv,0.325,0.25,6,1,0.307478,-0.25293636,25,0.07500000000000001,0.05747801065444946
curv,0.37500000000000006,0.25,7,1,0.33336407,-0.074116826,25,0.12500000000000006,0.08336406946182251
curv,0.425,0.25,8,1,0.35925013,0.10470271,25,0.175,0.10925012826919556
curv,0.475,0.25,9,1,0.38513613,0.28352204,25,0.22499999999999998,0.13513612747192383
curv,0.525,0.25,10,1,0.4110222,0.46234143,25,0.275,0.16102218627929688
curv,0.575,0.25,11,1,0.43690825,0.6411609,25,0.32499999999999996,0.18690824508666992
curv,0.625,0.25,12,1,0.4627943,0.8199803,25,0.375,0.21279430389404297
curv,0.675,0.25,13,1,0.48868036,0.9987999,25,0.42500000000000004,0.23868036270141602
curv,0.7250000000000001,0.25,14,1,0.5024446,1.1073041,25,0.4750000000000001,0.25244462490081787
flat,0.275,0.7500000000000001,0,0,0.49739566,-1.2437412,25,-0.4750000000000001,-0.25260433554649364
flat,0.325,0.7500000000000001,1,0,0.5232817,-1.0649217,25,-0.4250000000000001,-0.22671830654144298
flat,0.37500000000000006,0.7500000000000001,2,0,0.54916775,-0.8861023,25,-0.37500000000000006,-0.20083224773406994
flat,0.425,0.7500000000000001,3,0,0.57505375,-0.7072829,25,-0.3250000000000001,-0.17494624853134166
flat,0.475,0.7500000000000001,4,0,0.6009398,-0.52846336,25,-0.27500000000000013,-0.14906018972396862
flat,0.525,0.7500000000000001,5,0,0.6268258,-0.34964406,25,-0.2250000000000001,-0.12317419052124035
flat,0.575,0.7500000000000001,6,0,0.6527118,-0.17082447,25,-0.17500000000000016,-0.09728819131851207
flat,0.625,0.7500000000000001,7,0,0.678598,0.00799489,25,-0.1250000000000001,-0.07140201330184948
flat,0.675,0.7500000000000001,8,0,0.70448405,0.18681449,25,-0.07500000000000007,-0.04551595449447643
flat,0.7250000000000001,0.7500000000000001,9,0,0.73037004,0.36563402,25,-0.025000000000000022,-0.019629955291748158
flat,0.7749999999999999,0.7500000000000001,10,1,0.75625604,0.54445314,25,0.0249999999999998,0.006256043910980114
flat,0.7749999999999999,0.7500000000000001,10,1,0.75625604,0.54445314,25,0.0249999999999998,0.006256043910980114
flat,0.825,0.7500000000000001,11,1,0.7821421,0.7232727,25,0.07499999999999984,0.03214210271835316
flat,0.825,0.7500000000000001,11,1,0.7821421,0.7232727,25,0.07499999999999984,0.03214210271835316
flat,0.8749999999999999,0.7500000000000001,12,1,0.80802816,0.9020923,25,0.12499999999999978,0.05802816152572621
flat,0.8749999999999999,0.7500000000000001,12,1,0.80802816,0.9020923,25,0.12499999999999978,0.05802816152572621
flat,0.9249999999999999,0.7500000000000001,13,1,0.832658,1.0746466,25,0.17499999999999982,0.08265799283981312
flat,0.9249999999999999,0.7500000000000001,13,1,0.832658,1.0746466,25,0.17499999999999982,0.08265799283981312
flat,0.975,0.7500000000000001,14,1,0.8523367,1.222505,25,0.22499999999999987,0.10233670473098744
flat,0.975,0.7500000000000001,14,1,0.8523367,1.222505,25,0.22499999999999987,0.10233670473098744
base,0.025000000000000022,0.5,0,0,0.25639784,-2.5130172,26,-0.475,-0.24360215663909912
base,0.075,0.5,1,0,0.27974743,-2.334156,26,-0.425,-0.22025257349014282
base,0.12500000000000003,0.5,2,0,0.30309704,-2.1552944,26,-0.375,-0.19690296053886414
base,0.17500000000000002,0.5,3,0,0.32597417,-1.958582,26,-0.32499999999999996,-0.17402583360671997
base,0.225,0.5,4,0,0.35230497,-1.6671033,26,-0.275,-0.14769503474235535
base,0.275,0.5,5,0,0.37975106,-1.3598552,26,-0.22499999999999998,-0.120248943567276
base,0.325,0.5,6,0,0.40719718,-1.052607,26,-0.175,-0.09280282258987427
base,0.37500000000000006,0.5,7,0,0.43464327,-0.7453588,26,-0.12499999999999994,-0.06535673141479492
base,0.425,0.5,8,0,0.46208936,-0.43811083,26,-0.07500000000000001,-0.037910640239715576
base,0.475,0.5,9,0,0.48953548,-0.13086283,26,-0.025000000000000022,-0.010464519262313843
base,0.525,0.5,10,1,0.5169816,0.17638505,26,0.025000000000000022,0.01698160171508789
base,0.575,0.5,11,1,0.54442775,0.48363316,26,0.07499999999999996,0.04442775249481201
base,0.625,0.5,12,1,0.5718738,0.7908815,26,0.125,0.07187378406524658
base,0.675,0.5,13,1,0.59931993,1.0981294,26,0.17500000000000004,0.0993199348449707
base,0.7250000000000001,0.5,14,1,0.62676597,1.4053775,26,0.2250000000000001,0.12676596641540527
base,0.7749999999999999,0.5,15,1,0.6542121,1.7126256,26,0.2749999999999999,0.1542121171951294
base,0.825,0.5,16,1,0.68165827,2.0198736,26,0.32499999999999996,0.18165826797485352
base,0.8749999999999999,0.5,17,1,0.7091044,2.3271217,26,0.3749999999999999,0.20910441875457764
base,0.9249999999999999,0.5,18,1,0.73655045,2.6343699,26,0.42499999999999993,0.2365504503250122
base,0.975,0.5,19,1,0.7639966,2.941618,26,0.475,0.26399660110473633
curv,0.025000000000000022,0.25,0,0,0.15078156,-1.9246746,26,-0.22499999999999998,-0.0992184430360794
curv,0.025000000000000022,0.25,0,0,0.15078156,-1.9246746,26,-0.22499999999999998,-0.0992184430360794
curv,0.075,0.25,1,0,0.17592901,-1.6499264,26,-0.175,-0.0740709900856018
curv,0.075,0.25,1,0,0.17592901,-1.6499264,26,-0.175,-0.0740709900856018
curv,0.12500000000000003,0.25,2,0,0.2033751,-1.3426785,26,-0.12499999999999997,-0.04662489891052246
curv,0.12500000000000003,0.25,2,0,0.2033751,-1.3426785,26,-0.12499999999999997,-0.04662489891052246
curv,0.17500000000000002,0.25,3,0,0.23082122,-1.0354304,26,-0.07499999999999998,-0.019178777933120728
curv,0.17500000000000002,0.25,3,0,0.23082122,-1.0354304,26,-0.07499999999999998,-0.019178777933120728
curv,0.225,0.25,4,0,0.2582673,-0.7281823,26,-0.024999999999999994,0.008267313241958618
curv,0.225,0.25,4,0,0.2582673,-0.7281823,26,-0.024999999999999994,0.008267313241958618
curv,0.275,0.25,5,1,0.28571343,-0.42093408,26,0.025000000000000022,0.03571343421936035
curv,0.325,0.25,6,1,0.31315953,-0.113686085,26,0.07500000000000001,0.0631595253944397
curv,0.37500000000000006,0.25,7,1,0.34060568,0.19356191,26,0.12500000000000006,0.09060567617416382
curv,0.425,0.25,8,1,0.36805177,0.50081,26,0.175,0.11805176734924316
curv,0.475,0.25,9,1,0.39549786,0.808058,26,0.22499999999999998,0.1454978585243225
curv,0.525,0.25,10,1,0.42294392,1.1153058,26,0.275,0.17294391989707947
curv,0.575,0.25,11,1,0.45039007,1.4225544,26,0.32499999999999996,0.2003900706768036
curv,0.625,0.25,12,1,0.47783613,1.7298023,26,0.375,0.22783613204956055
curv,0.675,0.25,13,1,0.5052823,2.0370502,26,0.42500000000000004,0.25528228282928467
curv,0.7250000000000001,0.25,14,1,0.53272843,2.3442984,26,0.4750000000000001,0.2827284336090088
flat,0.275,0.7500000000000001,0,0,0.4645964,-2.1503482,26,-0.4750000000000001,-0.285403609275818
flat,0.325,0.7500000000000001,1,0,0.49917573,-1.9873246,26,-0.4250000000000001,-0.250824272632599
flat,0.37500000000000006,0.7500000000000001,2,0,0.5286809,-1.6842799,26,-0.37500000000000006,-0.221319079399109
flat,0.425,0.7500000000000001,3,0,0.55612695,-1.3770318,26,-0.3250000000000001,-0.19387304782867443
flat,0.475,0.7500000000000001,4,0,0.5835731,-1.0697837,26,-0.27500000000000013,-0.1664268970489503
flat,0.525,0.7500000000000001,5,0,0.61101925,-0.7625358,26,-0.2250000000000001,-0.13898074626922619
flat,0.575,0.7500000000000001,6,0,0.6384653,-0.4552878,26,-0.17500000000000016,-0.11153471469879161
flat,0.625,0.7500000000000001,7,0,0.66591144,-0.14803946,26,-0.1250000000000001,-0.0840885639190675
flat,0.675,0.7500000000000001,8,0,0.6933576,0.15920854,26,-0.07500000000000007,-0.05664241313934337
flat,0.7250000000000001,0.7500000000000001,9,0,0.72080374,0.4664569,26,-0.025000000000000022,-0.02919626235961925
flat,0.7749999999999999,0.7500000000000001,10,1,0.74824977,0.7737044,26,0.0249999999999998,-0.0017502307891846813
flat,0.7749999999999999,0.7500000000000001,10,1,0.74824977,0.7737044,26,0.0249999999999998,-0.0017502307891846813
flat,0.825,0.7500000000000001,11,1,0.7756958,1.0809528,26,0.07499999999999984,0.02569580078124989
flat,0.825,0.7500000000000001,11,1,0.7756958,1.0809528,26,0.07499999999999984,0.02569580078124989
flat,0.8749999999999999,0.7500000000000001,12,1,0.80314195,1.3882009,26,0.12499999999999978,0.05314195156097401
flat,0.8749999999999999,0.7500000000000001,12,1,0.80314195,1.3882009,26,0.12499999999999978,0.05314195156097401
flat,0.9249999999999999,0.7500000000000001,13,1,0.8305881,1.6954492,26,0.17499999999999982,0.08058810234069813
flat,0.9249999999999999,0.7500000000000001,13,1,0.8305881,1.6954492,26,0.17499999999999982,0.08058810234069813
flat,0.975,0.7500000000000001,14,1,0.85803425,2.002697,26,0.22499999999999987,0.10803425312042225
flat,0.975,0.7500000000000001,14,1,0.85803425,2.002697,26,0.22499999999999987,0.10803425312042225
base,0.025000000000000022,0.5,0,0,0.25639784,-2.5130172,26,-0.475,-0.24360215663909912
base,0.075,0.5,1,0,0.27974743,-2.334156,26,-0.425,-0.22025257349014282
base,0.12500000000000003,0.5,2,0,0.30309704,-2.1552944,26,-0.375,-0.19690296053886414
base,0.17500000000000002,0.5,3,0,0.32597417,-1.958582,26,-0.32499999999999996,-0.17402583360671997
base,0.225,0.5,4,0,0.35230497,-1.6671033,26,-0.275,-0.14769503474235535
base,0.275,0.5,5,0,0.37975106,-1.3598552,26,-0.22499999999999998,-0.120248943567276
base,0.325,0.5,6,0,0.40719718,-1.052607,26,-0.175,-0.09280282258987427
base,0.37500000000000006,0.5,7,0,0.43464327,-0.7453588,26,-0.12499999999999994,-0.06535673141479492
base,0.425,0.5,8,0,0.46208936,-0.43811083,26,-0.07500000000000001,-0.037910640239715576
base,0.475,0.5,9,0,0.48953548,-0.13086283,26,-0.025000000000000022,-0.010464519262313843
base,0.525,0.5,10,1,0.5169816,0.17638505,26,0.025000000000000022,0.01698160171508789
base,0.575,0.5,11,1,0.54442775,0.48363316,26,0.07499999999999996,0.04442775249481201
base,0.625,0.5,12,1,0.5718738,0.7908815,26,0.125,0.07187378406524658
base,0.675,0.5,13,1,0.59931993,1.0981294,26,0.17500000000000004,0.0993199348449707
base,0.7250000000000001,0.5,14,1,0.62676597,1.4053775,26,0.2250000000000001,0.12676596641540527
base,0.7749999999999999,0.5,15,1,0.6542121,1.7126256,26,0.2749999999999999,0.1542121171951294
base,0.825,0.5,16,1,0.68165827,2.0198736,26,0.32499999999999996,0.18165826797485352
base,0.8749999999999999,0.5,17,1,0.7091044,2.3271217,26,0.3749999999999999,0.20910441875457764
base,0.9249999999999999,0.5,18,1,0.73655045,2.6343699,26,0.42499999999999993,0.2365504503250122
base,0.975,0.5,19,1,0.7639966,2.941618,26,0.475,0.26399660110473633
curv,0.025000000000000022,0.25,0,0,0.15078156,-1.9246746,26,-0.22499999999999998,-0.0992184430360794
curv,0.025000000000000022,0.25,0,0,0.15078156,-1.9246746,26,-0.22499999999999998,-0.0992184430360794
curv,0.075,0.25,1,0,0.17592901,-1.6499264,26,-0.175,-0.0740709900856018
curv,0.075,0.25,1,0,0.17592901,-1.6499264,26,-0.175,-0.0740709900856018
curv,0.12500000000000003,0.25,2,0,0.2033751,-1.3426785,26,-0.12499999999999997,-0.04662489891052246
curv,0.12500000000000003,0.25,2,0,0.2033751,-1.3426785,26,-0.12499999999999997,-0.04662489891052246
curv,0.17500000000000002,0.25,3,0,0.23082122,-1.0354304,26,-0.07499999999999998,-0.019178777933120728
curv,0.17500000000000002,0.25,3,0,0.23082122,-1.0354304,26,-0.07499999999999998,-0.019178777933120728
curv,0.225,0.25,4,0,0.2582673,-0.7281823,26,-0.024999999999999994,0.008267313241958618
curv,0.225,0.25,4,0,0.2582673,-0.7281823,26,-0.024999999999999994,0.008267313241958618
curv,0.275,0.25,5,1,0.28571343,-0.42093408,26,0.025000000000000022,0.03571343421936035
curv,0.325,0.25,6,1,0.31315953,-0.113686085,26,0.07500000000000001,0.0631595253944397
curv,0.37500000000000006,0.25,7,1,0.34060568,0.19356191,26,0.12500000000000006,0.09060567617416382
curv,0.425,0.25,8,1,0.36805177,0.50081,26,0.175,0.11805176734924316
curv,0.475,0.25,9,1,0.39549786,0.808058,26,0.22499999999999998,0.1454978585243225
curv,0.525,0.25,10,1,0.42294392,1.1153058,26,0.275,0.17294391989707947
curv,0.575,0.25,11,1,0.45039007,1.4225544,26,0.32499999999999996,0.2003900706768036
curv,0.625,0.25,12,1,0.47783613,1.7298023,26,0.375,0.22783613204956055
curv,0.675,0.25,13,1,0.5052823,2.0370502,26,0.42500000000000004,0.25528228282928467
curv,0.7250000000000001,0.25,14,1,0.53272843,2.3442984,26,0.4750000000000001,0.2827284336090088
flat,0.275,0.7500000000000001,0,0,0.4645964,-2.1503482,26,-0.4750000000000001,-0.285403609275818
flat,0.325,0.7500000000000001,1,0,0.49917573,-1.9873246,26,-0.4250000000000001,-0.250824272632599
flat,0.37500000000000006,0.7500000000000001,2,0,0.5286809,-1.6842799,26,-0.37500000000000006,-0.221319079399109
flat,0.425,0.7500000000000001,3,0,0.55612695,-1.3770318,26,-0.3250000000000001,-0.19387304782867443
flat,0.475,0.7500000000000001,4,0,0.5835731,-1.0697837,26,-0.27500000000000013,-0.1664268970489503
flat,0.525,0.7500000000000001,5,0,0.61101925,-0.7625358,26,-0.2250000000000001,-0.13898074626922619
flat,0.575,0.7500000000000001,6,0,0.6384653,-0.4552878,26,-0.17500000000000016,-0.11153471469879161
flat,0.625,0.7500000000000001,7,0,0.66591144,-0.14803946,26,-0.1250000000000001,-0.0840885639190675
flat,0.675,0.7500000000000001,8,0,0.6933576,0.15920854,26,-0.07500000000000007,-0.05664241313934337
flat,0.7250000000000001,0.7500000000000001,9,0,0.72080374,0.4664569,26,-0.025000000000000022,-0.02919626235961925
flat,0.7749999999999999,0.7500000000000001,10,1,0.74824977,0.7737044,26,0.0249999999999998,-0.0017502307891846813
flat,0.7749999999999999,0.7500000000000001,10,1,0.74824977,0.7737044,26,0.0249999999999998,-0.0017502307891846813
flat,0.825,0.7500000000000001,11,1,0.7756958,1.0809528,26,0.07499999999999984,0.02569580078124989
flat,0.825,0.7500000000000001,11,1,0.7756958,1.0809528,26,0.07499999999999984,0.02569580078124989
flat,0.8749999999999999,0.7500000000000001,12,1,0.80314195,1.3882009,26,0.12499999999999978,0.05314195156097401
flat,0.8749999999999999,0.7500000000000001,12,1,0.80314195,1.3882009,26,0.12499999999999978,0.05314195156097401
flat,0.9249999999999999,0.7500000000000001,13,1,0.8305881,1.6954492,26,0.17499999999999982,0.08058810234069813
flat,0.9249999999999999,0.7500000000000001,13,1,0.8305881,1.6954492,26,0.17499999999999982,0.08058810234069813
flat,0.975,0.7500000000000001,14,1,0.85803425,2.002697,26,0.22499999999999987,0.10803425312042225
flat,0.975,0.7500000000000001,14,1,0.85803425,2.002697,26,0.22499999999999987,0.10803425312042225
base,0.025000000000000022,0.5,0,0,0.25639784,-2.5130172,26,-0.475,-0.24360215663909912
base,0.075,0.5,1,0,0.27974743,-2.334156,26,-0.425,-0.22025257349014282
base,0.12500000000000003,0.5,2,0,0.30309704,-2.1552944,26,-0.375,-0.19690296053886414
base,0.17500000000000002,0.5,3,0,0.32597417,-1.958582,26,-0.32499999999999996,-0.17402583360671997
base,0.225,0.5,4,0,0.35230497,-1.6671033,26,-0.275,-0.14769503474235535
base,0.275,0.5,5,0,0.37975106,-1.3598552,26,-0.22499999999999998,-0.120248943567276
base,0.325,0.5,6,0,0.40719718,-1.052607,26,-0.175,-0.09280282258987427
base,0.37500000000000006,0.5,7,0,0.43464327,-0.7453588,26,-0.12499999999999994,-0.06535673141479492
base,0.425,0.5,8,0,0.46208936,-0.43811083,26,-0.07500000000000001,-0.037910640239715576
base,0.475,0.5,9,0,0.48953548,-0.13086283,26,-0.025000000000000022,-0.010464519262313843
base,0.525,0.5,10,1,0.5169816,0.17638505,26,0.025000000000000022,0.01698160171508789
base,0.575,0.5,11,1,0.54442775,0.48363316,26,0.07499999999999996,0.04442775249481201
base,0.625,0.5,12,1,0.5718738,0.7908815,26,0.125,0.07187378406524658
base,0.675,0.5,13,1,0.59931993,1.0981294,26,0.17500000000000004,0.0993199348449707
base,0.7250000000000001,0.5,14,1,0.62676597,1.4053775,26,0.2250000000000001,0.12676596641540527
base,0.7749999999999999,0.5,15,1,0.6542121,1.7126256,26,0.2749999999999999,0.1542121171951294
base,0.825,0.5,16,1,0.68165827,2.0198736,26,0.32499999999999996,0.18165826797485352
base,0.8749999999999999,0.5,17,1,0.7091044,2.3271217,26,0.3749999999999999,0.20910441875457764
base,0.9249999999999999,0.5,18,1,0.73655045,2.6343699,26,0.42499999999999993,0.2365504503250122
base,0.975,0.5,19,1,0.7639966,2.941618,26,0.475,0.26399660110473633
curv,0.025000000000000022,0.25,0,0,0.15078156,-1.9246746,26,-0.22499999999999998,-0.0992184430360794
curv,0.025000000000000022,0.25,0,0,0.15078156,-1.9246746,26,-0.22499999999999998,-0.0992184430360794
curv,0.075,0.25,1,0,0.17592901,-1.6499264,26,-0.175,-0.0740709900856018
curv,0.075,0.25,1,0,0.17592901,-1.6499264,26,-0.175,-0.0740709900856018
curv,0.12500000000000003,0.25,2,0,0.2033751,-1.3426785,26,-0.12499999999999997,-0.04662489891052246
curv,0.12500000000000003,0.25,2,0,0.2033751,-1.3426785,26,-0.12499999999999997,-0.04662489891052246
curv,0.17500000000000002,0.25,3,0,0.23082122,-1.0354304,26,-0.07499999999999998,-0.019178777933120728
curv,0.17500000000000002,0.25,3,0,0.23082122,-1.0354304,26,-0.07499999999999998,-0.019178777933120728
curv,0.225,0.25,4,0,0.2582673,-0.7281823,26,-0.024999999999999994,0.008267313241958618
curv,0.225,0.25,4,0,0.2582673,-0.7281823,26,-0.024999999999999994,0.008267313241958618
curv,0.275,0.25,5,1,0.28571343,-0.42093408,26,0.025000000000000022,0.03571343421936035
curv,0.325,0.25,6,1,0.31315953,-0.113686085,26,0.07500000000000001,0.0631595253944397
curv,0.37500000000000006,0.25,7,1,0.34060568,0.19356191,26,0.12500000000000006,0.09060567617416382
curv,0.425,0.25,8,1,0.36805177,0.50081,26,0.175,0.11805176734924316
curv,0.475,0.25,9,1,0.39549786,0.808058,26,0.22499999999999998,0.1454978585243225
curv,0.525,0.25,10,1,0.42294392,1.1153058,26,0.275,0.17294391989707947
curv,0.575,0.25,11,1,0.45039007,1.4225544,26,0.32499999999999996,0.2003900706768036
curv,0.625,0.25,12,1,0.47783613,1.7298023,26,0.375,0.22783613204956055
curv,0.675,0.25,13,1,0.5052823,2.0370502,26,0.42500000000000004,0.25528228282928467
curv,0.7250000000000001,0.25,14,1,0.53272843,2.3442984,26,0.4750000000000001,0.2827284336090088
flat,0.275,0.7500000000000001,0,0,0.4645964,-2.1503482,26,-0.4750000000000001,-0.285403609275818
flat,0.325,0.7500000000000001,1,0,0.49917573,-1.9873246,26,-0.4250000000000001,-0.250824272632599
flat,0.37500000000000006,0.7500000000000001,2,0,0.5286809,-1.6842799,26,-0.37500000000000006,-0.221319079399109
flat,0.425,0.7500000000000001,3,0,0.55612695,-1.3770318,26,-0.3250000000000001,-0.19387304782867443
flat,0.475,0.7500000000000001,4,0,0.5835731,-1.0697837,26,-0.27500000000000013,-0.1664268970489503
flat,0.525,0.7500000000000001,5,0,0.61101925,-0.7625358,26,-0.2250000000000001,-0.13898074626922619
flat,0.575,0.7500000000000001,6,0,0.6384653,-0.4552878,26,-0.17500000000000016,-0.11153471469879161
flat,0.625,0.7500000000000001,7,0,0.66591144,-0.14803946,26,-0.1250000000000001,-0.0840885639190675
flat,0.675,0.7500000000000001,8,0,0.6933576,0.15920854,26,-0.07500000000000007,-0.05664241313934337
flat,0.7250000000000001,0.7500000000000001,9,0,0.72080374,0.4664569,26,-0.025000000000000022,-0.02919626235961925
flat,0.7749999999999999,0.7500000000000001,10,1,0.74824977,0.7737044,26,0.0249999999999998,-0.0017502307891846813
flat,0.7749999999999999,0.7500000000000001,10,1,0.74824977,0.7737044,26,0.0249999999999998,-0.0017502307891846813
flat,0.825,0.7500000000000001,11,1,0.7756958,1.0809528,26,0.07499999999999984,0.02569580078124989
flat,0.825,0.7500000000000001,11,1,0.7756958,1.0809528,26,0.07499999999999984,0.02569580078124989
flat,0.8749999999999999,0.7500000000000001,12,1,0.80314195,1.3882009,26,0.12499999999999978,0.05314195156097401
flat,0.8749999999999999,0.7500000000000001,12,1,0.80314195,1.3882009,26,0.12499999999999978,0.05314195156097401
flat,0.9249999999999999,0.7500000000000001,13,1,0.8305881,1.6954492,26,0.17499999999999982,0.08058810234069813
flat,0.9249999999999999,0.7500000000000001,13,1,0.8305881,1.6954492,26,0.17499999999999982,0.08058810234069813
flat,0.975,0.7500000000000001,14,1,0.85803425,2.002697,26,0.22499999999999987,0.10803425312042225
flat,0.975,0.7500000000000001,14,1,0.85803425,2.002697,26,0.22499999999999987,0.10803425312042225
base,0.025000000000000022,0.5,0,0,0.25639784,-2.5130172,26,-0.475,-0.24360215663909912
base,0.075,0.5,1,0,0.27974743,-2.334156,26,-0.425,-0.22025257349014282
base,0.12500000000000003,0.5,2,0,0.30309704,-2.1552944,26,-0.375,-0.19690296053886414
base,0.17500000000000002,0.5,3,0,0.32597417,-1.958582,26,-0.32499999999999996,-0.17402583360671997
base,0.225,0.5,4,0,0.35230497,-1.6671033,26,-0.275,-0.14769503474235535
base,0.275,0.5,5,0,0.37975106,-1.3598552,26,-0.22499999999999998,-0.120248943567276
base,0.325,0.5,6,0,0.40719718,-1.052607,26,-0.175,-0.09280282258987427
base,0.37500000000000006,0.5,7,0,0.43464327,-0.7453588,26,-0.12499999999999994,-0.06535673141479492
base,0.425,0.5,8,0,0.46208936,-0.43811083,26,-0.07500000000000001,-0.037910640239715576
base,0.475,0.5,9,0,0.48953548,-0.13086283,26,-0.025000000000000022,-0.010464519262313843
base,0.525,0.5,10,1,0.5169816,0.17638505,26,0.025000000000000022,0.01698160171508789
base,0.575,0.5,11,1,0.54442775,0.48363316,26,0.07499999999999996,0.04442775249481201
base,0.625,0.5,12,1,0.5718738,0.7908815,26,0.125,0.07187378406524658
base,0.675,0.5,13,1,0.59931993,1.0981294,26,0.17500000000000004,0.0993199348449707
base,0.7250000000000001,0.5,14,1,0.62676597,1.4053775,26,0.2250000000000001,0.12676596641540527
base,0.7749999999999999,0.5,15,1,0.6542121,1.7126256,26,0.2749999999999999,0.1542121171951294
base,0.825,0.5,16,1,0.68165827,2.0198736,26,0.32499999999999996,0.18165826797485352
base,0.8749999999999999,0.5,17,1,0.7091044,2.3271217,26,0.3749999999999999,0.20910441875457764
base,0.9249999999999999,0.5,18,1,0.73655045,2.6343699,26,0.42499999999999993,0.2365504503250122
base,0.975,0.5,19,1,0.7639966,2.941618,26,0.475,0.26399660110473633
curv,0.025000000000000022,0.25,0,0,0.15078156,-1.9246746,26,-0.22499999999999998,-0.0992184430360794
curv,0.025000000000000022,0.25,0,0,0.15078156,-1.9246746,26,-0.22499999999999998,-0.0992184430360794
curv,0.075,0.25,1,0,0.17592901,-1.6499264,26,-0.175,-0.0740709900856018
curv,0.075,0.25,1,0,0.17592901,-1.6499264,26,-0.175,-0.0740709900856018
curv,0.12500000000000003,0.25,2,0,0.2033751,-1.3426785,26,-0.12499999999999997,-0.04662489891052246
curv,0.12500000000000003,0.25,2,0,0.2033751,-1.3426785,26,-0.12499999999999997,-0.04662489891052246
curv,0.17500000000000002,0.25,3,0,0.23082122,-1.0354304,26,-0.07499999999999998,-0.019178777933120728
curv,0.17500000000000002,0.25,3,0,0.23082122,-1.0354304,26,-0.07499999999999998,-0.019178777933120728
curv,0.225,0.25,4,0,0.2582673,-0.7281823,26,-0.024999999999999994,0.008267313241958618
curv,0.225,0.25,4,0,0.2582673,-0.7281823,26,-0.024999999999999994,0.008267313241958618
curv,0.275,0.25,5,1,0.28571343,-0.42093408,26,0.025000000000000022,0.03571343421936035
curv,0.325,0.25,6,1,0.31315953,-0.113686085,26,0.07500000000000001,0.0631595253944397
curv,0.37500000000000006,0.25,7,1,0.34060568,0.19356191,26,0.12500000000000006,0.09060567617416382
curv,0.425,0.25,8,1,0.36805177,0.50081,26,0.175,0.11805176734924316
curv,0.475,0.25,9,1,0.39549786,0.808058,26,0.22499999999999998,0.1454978585243225
curv,0.525,0.25,10,1,0.42294392,1.1153058,26,0.275,0.17294391989707947
curv,0.575,0.25,11,1,0.45039007,1.4225544,26,0.32499999999999996,0.2003900706768036
curv,0.625,0.25,12,1,0.47783613,1.7298023,26,0.375,0.22783613204956055
curv,0.675,0.25,13,1,0.5052823,2.0370502,26,0.42500000000000004,0.25528228282928467
curv,0.7250000000000001,0.25,14,1,0.53272843,2.3442984,26,0.4750000000000001,0.2827284336090088
flat,0.275,0.7500000000000001,0,0,0.4645964,-2.1503482,26,-0.4750000000000001,-0.285403609275818
flat,0.325,0.7500000000000001,1,0,0.49917573,-1.9873246,26,-0.4250000000000001,-0.250824272632599
flat,0.37500000000000006,0.7500000000000001,2,0,0.5286809,-1.6842799,26,-0.37500000000000006,-0.221319079399109
flat,0.425,0.7500000000000001,3,0,0.55612695,-1.3770318,26,-0.3250000000000001,-0.19387304782867443
flat,0.475,0.7500000000000001,4,0,0.5835731,-1.0697837,26,-0.27500000000000013,-0.1664268970489503
flat,0.525,0.7500000000000001,5,0,0.61101925,-0.7625358,26,-0.2250000000000001,-0.13898074626922619
flat,0.575,0.7500000000000001,6,0,0.6384653,-0.4552878,26,-0.17500000000000016,-0.11153471469879161
flat,0.625,0.7500000000000001,7,0,0.66591144,-0.14803946,26,-0.1250000000000001,-0.0840885639190675
flat,0.675,0.7500000000000001,8,0,0.6933576,0.15920854,26,-0.07500000000000007,-0.05664241313934337
flat,0.7250000000000001,0.7500000000000001,9,0,0.72080374,0.4664569,26,-0.025000000000000022,-0.02919626235961925
flat,0.7749999999999999,0.7500000000000001,10,1,0.74824977,0.7737044,26,0.0249999999999998,-0.0017502307891846813
flat,0.7749999999999999,0.7500000000000001,10,1,0.74824977,0.7737044,26,0.0249999999999998,-0.0017502307891846813
flat,0.825,0.7500000000000001,11,1,0.7756958,1.0809528,26,0.07499999999999984,0.02569580078124989
flat,0.825,0.7500000000000001,11,1,0.7756958,1.0809528,26,0.07499999999999984,0.02569580078124989
flat,0.8749999999999999,0.7500000000000001,12,1,0.80314195,1.3882009,26,0.12499999999999978,0.05314195156097401
flat,0.8749999999999999,0.7500000000000001,12,1,0.80314195,1.3882009,26,0.12499999999999978,0.05314195156097401
flat,0.9249999999999999,0.7500000000000001,13,1,0.8305881,1.6954492,26,0.17499999999999982,0.08058810234069813
flat,0.9249999999999999,0.7500000000000001,13,1,0.8305881,1.6954492,26,0.17499999999999982,0.08058810234069813
flat,0.975,0.7500000000000001,14,1,0.85803425,2.002697,26,0.22499999999999987,0.10803425312042225
flat,0.975,0.7500000000000001,14,1,0.85803425,2.002697,26,0.22499999999999987,0.10803425312042225
base,0.025000000000000022,0.5,0,0,0.24772242,-0.40729725,27,-0.475,-0.25227758288383484
base,0.075,0.5,1,0,0.26927322,-0.35913152,27,-0.425,-0.23072677850723267
base,0.12500000000000003,0.5,2,0,0.2962482,-0.30652332,27,-0.375,-0.203751802444458
base,0.17500000000000002,0.5,3,0,0.3232233,-0.25391522,27,-0.32499999999999996,-0.1767767071723938
base,0.225,0.5,4,0,0.35019827,-0.20130704,27,-0.275,-0.14980173110961914
base,0.275,0.5,5,0,0.3771733,-0.14869891,27,-0.22499999999999998,-0.12282669544219971
base,0.325,0.5,6,0,0.40414828,-0.09609079,27,-0.175,-0.09585171937942505
base,0.37500000000000006,0.5,7,0,0.43112332,-0.0434827,27,-0.12499999999999994,-0.06887668371200562
base,0.425,0.5,8,0,0.4580983,0.009125471,27,-0.07500000000000001,-0.04190170764923096
base,0.475,0.5,9,0,0.4850734,0.06173359,27,-0.025000000000000022,-0.014926612377166748
base,0.525,0.5,10,1,0.51204836,0.114341706,27,0.025000000000000022,0.01204836368560791
base,0.575,0.5,11,1,0.5390234,0.16694985,27,0.07499999999999996,0.039023399353027344
base,0.625,0.5,12,1,0.5659984,0.21955799,27,0.125,0.065998375415802
base,0.675,0.5,13,1,0.5929734,0.2721662,27,0.17500000000000004,0.09297341108322144
base,0.7250000000000001,0.5,14,1,0.61994845,0.32477427,27,0.2250000000000001,0.11994844675064087
base,0.7749999999999999,0.5,15,1,0.6469235,0.3773824,27,0.2749999999999999,0.1469234824180603
base,0.825,0.5,16,1,0.6738985,0.42999053,27,0.32499999999999996,0.17389851808547974
base,0.8749999999999999,0.5,17,1,0.70087355,0.48259872,27,0.3749999999999999,0.20087355375289917
base,0.9249999999999999,0.5,18,1,0.7278485,0.53520685,27,0.42499999999999993,0.22784847021102905
base,0.975,0.5,19,1,0.75482357,0.587815,27,0.475,0.25482356548309326
curv,0.025000000000000022,0.25,0,0,0.16546282,-0.28647423,27,-0.22499999999999998,-0.08453717827796936
curv,0.025000000000000022,0.25,0,0,0.16546282,-0.28647423,27,-0.22499999999999998,-0.08453717827796936
curv,0.075,0.25,1,0,0.16936797,-0.25128752,27,-0.175,-0.0806320309638977
curv,0.075,0.25,1,0,0.16936797,-0.25128752,27,-0.175,-0.0806320309638977
curv,0.12500000000000003,0.25,2,0,0.18572083,-0.2059063,27,-0.12499999999999997,-0.06427916884422302
curv,0.12500000000000003,0.25,2,0,0.18572083,-0.2059063,27,-0.12499999999999997,-0.06427916884422302
curv,0.17500000000000002,0.25,3,0,0.21092996,-0.15327197,27,-0.07499999999999998,-0.03907003998756409
curv,0.17500000000000002,0.25,3,0,0.21092996,-0.15327197,27,-0.07499999999999998,-0.03907003998756409
curv,0.225,0.25,4,0,0.23613912,-0.10063759,27,-0.024999999999999994,-0.013860881328582764
curv,0.225,0.25,4,0,0.23613912,-0.10063759,27,-0.024999999999999994,-0.013860881328582764
curv,0.275,0.25,5,1,0.2613483,-0.04800324,27,0.025000000000000022,0.011348307132720947
curv,0.325,0.25,6,1,0.2865574,0.004631102,27,0.07500000000000001,0.036557406187057495
curv,0.37500000000000006,0.25,7,1,0.3132269,0.057243794,27,0.12500000000000006,0.06322690844535828
curv,0.425,0.25,8,1,0.3402019,0.10985191,27,0.175,0.09020191431045532
curv,0.475,0.25,9,1,0.36717692,0.16246004,27,0.22499999999999998,0.11717692017555237
curv,0.525,0.25,10,1,0.394152,0.21506815,27,0.275,0.1441519856452942
curv,0.575,0.25,11,1,0.42112702,0.2676763,27,0.32499999999999996,0.17112702131271362
curv,0.625,0.25,12,1,0.44810206,0.32028443,27,0.375,0.19810205698013306
curv,0.675,0.25,13,1,0.47543818,0.37002617,27,0.42500000000000004,0.2254381775856018
curv,0.7250000000000001,0.25,14,1,0.50458735,0.4053766,27,0.4750000000000001,0.2545873522758484
flat,0.275,0.7500000000000001,0,0,0.4941768,-0.24997808,27,-0.4750000000000001,-0.25582319498062145
flat,0.325,0.7500000000000001,1,0,0.5210808,-0.19741394,27,-0.4250000000000001,-0.22891920804977428
flat,0.37500000000000006,0.7500000000000001,2,0,0.5479847,-0.1448498,27,-0.37500000000000006,-0.2020152807235719
flat,0.425,0.7500000000000001,3,0,0.5748886,-0.09228566,27,-0.3250000000000001,-0.17511141300201427
flat,0.475,0.7500000000000001,4,0,0.6017926,-0.03972158,27,-0.27500000000000013,-0.1482074260711671
flat,0.525,0.7500000000000001,5,0,0.6286965,0.012842566,27,-0.2250000000000001,-0.12130349874496471
flat,0.575,0.7500000000000001,6,0,0.6556005,0.065406725,27,-0.17500000000000016,-0.09439951181411754
flat,0.625,0.7500000000000001,7,0,0.6825045,0.117970884,27,-0.1250000000000001,-0.06749552488327037
flat,0.675,0.7500000000000001,8,0,0.7094084,0.17053507,27,-0.07500000000000007,-0.04059159755706798
flat,0.7250000000000001,0.7500000000000001,9,0,0.73631245,0.22309925,27,-0.025000000000000022,-0.013687551021576039
flat,0.7749999999999999,0.7500000000000001,10,1,0.7632163,0.27566332,27,0.0249999999999998,0.013216316699981578
flat,0.7749999999999999,0.7500000000000001,10,1,0.7632163,0.27566332,27,0.0249999999999998,0.013216316699981578
flat,0.825,0.7500000000000001,11,1,0.7901203,0.32822752,27,0.07499999999999984,0.040120303630828746
flat,0.825,0.7500000000000001,11,1,0.7901203,0.32822752,27,0.07499999999999984,0.040120303630828746
flat,0.8749999999999999,0.7500000000000001,12,1,0.81702423,0.38079166,27,0.12499999999999978,0.06702423095703114
flat,0.8749999999999999,0.7500000000000001,12,1,0.81702423,0.38079166,27,0.12499999999999978,0.06702423095703114
flat,0.9249999999999999,0.7500000000000001,13,1,0.84392816,0.43335587,27,0.17499999999999982,0.09392815828323353
flat,0.9249999999999999,0.7500000000000001,13,1,0.84392816,0.43335587,27,0.17499999999999982,0.09392815828323353
flat,0.975,0.7500000000000001,14,1,0.87083215,0.48591995,27,0.22499999999999987,0.1208321452140807
flat,0.975,0.7500000000000001,14,1,0.87083215,0.48591995,27,0.22499999999999987,0.1208321452140807
base,0.025000000000000022,0.5,0,0,0.24772242,-0.40729725,27,-0.475,-0.25227758288383484
base,0.075,0.5,1,0,0.26927322,-0.35913152,27,-0.425,-0.23072677850723267
base,0.12500000000000003,0.5,2,0,0.2962482,-0.30652332,27,-0.375,-0.203751802444458
base,0.17500000000000002,0.5,3,0,0.3232233,-0.25391522,27,-0.32499999999999996,-0.1767767071723938
base,0.225,0.5,4,0,0.35019827,-0.20130704,27,-0.275,-0.14980173110961914
base,0.275,0.5,5,0,0.3771733,-0.14869891,27,-0.22499999999999998,-0.12282669544219971
base,0.325,0.5,6,0,0.40414828,-0.09609079,27,-0.175,-0.09585171937942505
base,0.37500000000000006,0.5,7,0,0.43112332,-0.0434827,27,-0.12499999999999994,-0.06887668371200562
base,0.425,0.5,8,0,0.4580983,0.009125471,27,-0.07500000000000001,-0.04190170764923096
base,0.475,0.5,9,0,0.4850734,0.06173359,27,-0.025000000000000022,-0.014926612377166748
base,0.525,0.5,10,1,0.51204836,0.114341706,27,0.025000000000000022,0.01204836368560791
base,0.575,0.5,11,1,0.5390234,0.16694985,27,0.07499999999999996,0.039023399353027344
base,0.625,0.5,12,1,0.5659984,0.21955799,27,0.125,0.065998375415802
base,0.675,0.5,13,1,0.5929734,0.2721662,27,0.17500000000000004,0.09297341108322144
base,0.7250000000000001,0.5,14,1,0.61994845,0.32477427,27,0.2250000000000001,0.11994844675064087
base,0.7749999999999999,0.5,15,1,0.6469235,0.3773824,27,0.2749999999999999,0.1469234824180603
base,0.825,0.5,16,1,0.6738985,0.42999053,27,0.32499999999999996,0.17389851808547974
base,0.8749999999999999,0.5,17,1,0.70087355,0.48259872,27,0.3749999999999999,0.20087355375289917
base,0.9249999999999999,0.5,18,1,0.7278485,0.53520685,27,0.42499999999999993,0.22784847021102905
base,0.975,0.5,19,1,0.75482357,0.587815,27,0.475,0.25482356548309326
curv,0.025000000000000022,0.25,0,0,0.16546282,-0.28647423,27,-0.22499999999999998,-0.08453717827796936
curv,0.025000000000000022,0.25,0,0,0.16546282,-0.28647423,27,-0.22499999999999998,-0.08453717827796936
curv,0.075,0.25,1,0,0.16936797,-0.25128752,27,-0.175,-0.0806320309638977
curv,0.075,0.25,1,0,0.16936797,-0.25128752,27,-0.175,-0.0806320309638977
curv,0.12500000000000003,0.25,2,0,0.18572083,-0.2059063,27,-0.12499999999999997,-0.06427916884422302
curv,0.12500000000000003,0.25,2,0,0.18572083,-0.2059063,27,-0.12499999999999997,-0.06427916884422302
curv,0.17500000000000002,0.25,3,0,0.21092996,-0.15327197,27,-0.07499999999999998,-0.03907003998756409
curv,0.17500000000000002,0.25,3,0,0.21092996,-0.15327197,27,-0.07499999999999998,-0.03907003998756409
curv,0.225,0.25,4,0,0.23613912,-0.10063759,27,-0.024999999999999994,-0.013860881328582764
curv,0.225,0.25,4,0,0.23613912,-0.10063759,27,-0.024999999999999994,-0.013860881328582764
curv,0.275,0.25,5,1,0.2613483,-0.04800324,27,0.025000000000000022,0.011348307132720947
curv,0.325,0.25,6,1,0.2865574,0.004631102,27,0.07500000000000001,0.036557406187057495
curv,0.37500000000000006,0.25,7,1,0.3132269,0.057243794,27,0.12500000000000006,0.06322690844535828
curv,0.425,0.25,8,1,0.3402019,0.10985191,27,0.175,0.09020191431045532
curv,0.475,0.25,9,1,0.36717692,0.16246004,27,0.22499999999999998,0.11717692017555237
curv,0.525,0.25,10,1,0.394152,0.21506815,27,0.275,0.1441519856452942
curv,0.575,0.25,11,1,0.42112702,0.2676763,27,0.32499999999999996,0.17112702131271362
curv,0.625,0.25,12,1,0.44810206,0.32028443,27,0.375,0.19810205698013306
curv,0.675,0.25,13,1,0.47543818,0.37002617,27,0.42500000000000004,0.2254381775856018
curv,0.7250000000000001,0.25,14,1,0.50458735,0.4053766,27,0.4750000000000001,0.2545873522758484
flat,0.275,0.7500000000000001,0,0,0.4941768,-0.24997808,27,-0.4750000000000001,-0.25582319498062145
flat,0.325,0.7500000000000001,1,0,0.5210808,-0.19741394,27,-0.4250000000000001,-0.22891920804977428
flat,0.37500000000000006,0.7500000000000001,2,0,0.5479847,-0.1448498,27,-0.37500000000000006,-0.2020152807235719
flat,0.425,0.7500000000000001,3,0,0.5748886,-0.09228566,27,-0.3250000000000001,-0.17511141300201427
flat,0.475,0.7500000000000001,4,0,0.6017926,-0.03972158,27,-0.27500000000000013,-0.1482074260711671
flat,0.525,0.7500000000000001,5,0,0.6286965,0.012842566,27,-0.2250000000000001,-0.12130349874496471
flat,0.575,0.7500000000000001,6,0,0.6556005,0.065406725,27,-0.17500000000000016,-0.09439951181411754
flat,0.625,0.7500000000000001,7,0,0.6825045,0.117970884,27,-0.1250000000000001,-0.06749552488327037
flat,0.675,0.7500000000000001,8,0,0.7094084,0.17053507,27,-0.07500000000000007,-0.04059159755706798
flat,0.7250000000000001,0.7500000000000001,9,0,0.73631245,0.22309925,27,-0.025000000000000022,-0.013687551021576039
flat,0.7749999999999999,0.7500000000000001,10,1,0.7632163,0.27566332,27,0.0249999999999998,0.013216316699981578
flat,0.7749999999999999,0.7500000000000001,10,1,0.7632163,0.27566332,27,0.0249999999999998,0.013216316699981578
flat,0.825,0.7500000000000001,11,1,0.7901203,0.32822752,27,0.07499999999999984,0.040120303630828746
flat,0.825,0.7500000000000001,11,1,0.7901203,0.32822752,27,0.07499999999999984,0.040120303630828746
flat,0.8749999999999999,0.7500000000000001,12,1,0.81702423,0.38079166,27,0.12499999999999978,0.06702423095703114
flat,0.8749999999999999,0.7500000000000001,12,1,0.81702423,0.38079166,27,0.12499999999999978,0.06702423095703114
flat,0.9249999999999999,0.7500000000000001,13,1,0.84392816,0.43335587,27,0.17499999999999982,0.09392815828323353
flat,0.9249999999999999,0.7500000000000001,13,1,0.84392816,0.43335587,27,0.17499999999999982,0.09392815828323353
flat,0.975,0.7500000000000001,14,1,0.87083215,0.48591995,27,0.22499999999999987,0.1208321452140807
flat,0.975,0.7500000000000001,14,1,0.87083215,0.48591995,27,0.22499999999999987,0.1208321452140807
base,0.025000000000000022,0.5,0,0,0.24772242,-0.40729725,27,-0.475,-0.25227758288383484
base,0.075,0.5,1,0,0.26927322,-0.35913152,27,-0.425,-0.23072677850723267
base,0.12500000000000003,0.5,2,0,0.2962482,-0.30652332,27,-0.375,-0.203751802444458
base,0.17500000000000002,0.5,3,0,0.3232233,-0.25391522,27,-0.32499999999999996,-0.1767767071723938
base,0.225,0.5,4,0,0.35019827,-0.20130704,27,-0.275,-0.14980173110961914
base,0.275,0.5,5,0,0.3771733,-0.14869891,27,-0.22499999999999998,-0.12282669544219971
base,0.325,0.5,6,0,0.40414828,-0.09609079,27,-0.175,-0.09585171937942505
base,0.37500000000000006,0.5,7,0,0.43112332,-0.0434827,27,-0.12499999999999994,-0.06887668371200562
base,0.425,0.5,8,0,0.4580983,0.009125471,27,-0.07500000000000001,-0.04190170764923096
base,0.475,0.5,9,0,0.4850734,0.06173359,27,-0.025000000000000022,-0.014926612377166748
base,0.525,0.5,10,1,0.51204836,0.114341706,27,0.025000000000000022,0.01204836368560791
base,0.575,0.5,11,1,0.5390234,0.16694985,27,0.07499999999999996,0.039023399353027344
base,0.625,0.5,12,1,0.5659984,0.21955799,27,0.125,0.065998375415802
base,0.675,0.5,13,1,0.5929734,0.2721662,27,0.17500000000000004,0.09297341108322144
base,0.7250000000000001,0.5,14,1,0.61994845,0.32477427,27,0.2250000000000001,0.11994844675064087
base,0.7749999999999999,0.5,15,1,0.6469235,0.3773824,27,0.2749999999999999,0.1469234824180603
base,0.825,0.5,16,1,0.6738985,0.42999053,27,0.32499999999999996,0.17389851808547974
base,0.8749999999999999,0.5,17,1,0.70087355,0.48259872,27,0.3749999999999999,0.20087355375289917
base,0.9249999999999999,0.5,18,1,0.7278485,0.53520685,27,0.42499999999999993,0.22784847021102905
base,0.975,0.5,19,1,0.75482357,0.587815,27,0.475,0.25482356548309326
curv,0.025000000000000022,0.25,0,0,0.16546282,-0.28647423,27,-0.22499999999999998,-0.08453717827796936
curv,0.025000000000000022,0.25,0,0,0.16546282,-0.28647423,27,-0.22499999999999998,-0.08453717827796936
curv,0.075,0.25,1,0,0.16936797,-0.25128752,27,-0.175,-0.0806320309638977
curv,0.075,0.25,1,0,0.16936797,-0.25128752,27,-0.175,-0.0806320309638977
curv,0.12500000000000003,0.25,2,0,0.18572083,-0.2059063,27,-0.12499999999999997,-0.06427916884422302
curv,0.12500000000000003,0.25,2,0,0.18572083,-0.2059063,27,-0.12499999999999997,-0.06427916884422302
curv,0.17500000000000002,0.25,3,0,0.21092996,-0.15327197,27,-0.07499999999999998,-0.03907003998756409
curv,0.17500000000000002,0.25,3,0,0.21092996,-0.15327197,27,-0.07499999999999998,-0.03907003998756409
curv,0.225,0.25,4,0,0.23613912,-0.10063759,27,-0.024999999999999994,-0.013860881328582764
curv,0.225,0.25,4,0,0.23613912,-0.10063759,27,-0.024999999999999994,-0.013860881328582764
curv,0.275,0.25,5,1,0.2613483,-0.04800324,27,0.025000000000000022,0.011348307132720947
curv,0.325,0.25,6,1,0.2865574,0.004631102,27,0.07500000000000001,0.036557406187057495
curv,0.37500000000000006,0.25,7,1,0.3132269,0.057243794,27,0.12500000000000006,0.06322690844535828
curv,0.425,0.25,8,1,0.3402019,0.10985191,27,0.175,0.09020191431045532
curv,0.475,0.25,9,1,0.36717692,0.16246004,27,0.22499999999999998,0.11717692017555237
curv,0.525,0.25,10,1,0.394152,0.21506815,27,0.275,0.1441519856452942
curv,0.575,0.25,11,1,0.42112702,0.2676763,27,0.32499999999999996,0.17112702131271362
curv,0.625,0.25,12,1,0.44810206,0.32028443,27,0.375,0.19810205698013306
curv,0.675,0.25,13,1,0.47543818,0.37002617,27,0.42500000000000004,0.2254381775856018
curv,0.7250000000000001,0.25,14,1,0.50458735,0.4053766,27,0.4750000000000001,0.2545873522758484
flat,0.275,0.7500000000000001,0,0,0.4941768,-0.24997808,27,-0.4750000000000001,-0.25582319498062145
flat,0.325,0.7500000000000001,1,0,0.5210808,-0.19741394,27,-0.4250000000000001,-0.22891920804977428
flat,0.37500000000000006,0.7500000000000001,2,0,0.5479847,-0.1448498,27,-0.37500000000000006,-0.2020152807235719
flat,0.425,0.7500000000000001,3,0,0.5748886,-0.09228566,27,-0.3250000000000001,-0.17511141300201427
flat,0.475,0.7500000000000001,4,0,0.6017926,-0.03972158,27,-0.27500000000000013,-0.1482074260711671
flat,0.525,0.7500000000000001,5,0,0.6286965,0.012842566,27,-0.2250000000000001,-0.12130349874496471
flat,0.575,0.7500000000000001,6,0,0.6556005,0.065406725,27,-0.17500000000000016,-0.09439951181411754
flat,0.625,0.7500000000000001,7,0,0.6825045,0.117970884,27,-0.1250000000000001,-0.06749552488327037
flat,0.675,0.7500000000000001,8,0,0.7094084,0.17053507,27,-0.07500000000000007,-0.04059159755706798
flat,0.7250000000000001,0.7500000000000001,9,0,0.73631245,0.22309925,27,-0.025000000000000022,-0.013687551021576039
flat,0.7749999999999999,0.7500000000000001,10,1,0.7632163,0.27566332,27,0.0249999999999998,0.013216316699981578
flat,0.7749999999999999,0.7500000000000001,10,1,0.7632163,0.27566332,27,0.0249999999999998,0.013216316699981578
flat,0.825,0.7500000000000001,11,1,0.7901203,0.32822752,27,0.07499999999999984,0.040120303630828746
flat,0.825,0.7500000000000001,11,1,0.7901203,0.32822752,27,0.07499999999999984,0.040120303630828746
flat,0.8749999999999999,0.7500000000000001,12,1,0.81702423,0.38079166,27,0.12499999999999978,0.06702423095703114
flat,0.8749999999999999,0.7500000000000001,12,1,0.81702423,0.38079166,27,0.12499999999999978,0.06702423095703114
flat,0.9249999999999999,0.7500000000000001,13,1,0.84392816,0.43335587,27,0.17499999999999982,0.09392815828323353
flat,0.9249999999999999,0.7500000000000001,13,1,0.84392816,0.43335587,27,0.17499999999999982,0.09392815828323353
flat,0.975,0.7500000000000001,14,1,0.87083215,0.48591995,27,0.22499999999999987,0.1208321452140807
flat,0.975,0.7500000000000001,14,1,0.87083215,0.48591995,27,0.22499999999999987,0.1208321452140807
base,0.025000000000000022,0.5,0,0,0.24772242,-0.40729725,27,-0.475,-0.25227758288383484
base,0.075,0.5,1,0,0.26927322,-0.35913152,27,-0.425,-0.23072677850723267
base,0.12500000000000003,0.5,2,0,0.2962482,-0.30652332,27,-0.375,-0.203751802444458
base,0.17500000000000002,0.5,3,0,0.3232233,-0.25391522,27,-0.32499999999999996,-0.1767767071723938
base,0.225,0.5,4,0,0.35019827,-0.20130704,27,-0.275,-0.14980173110961914
base,0.275,0.5,5,0,0.3771733,-0.14869891,27,-0.22499999999999998,-0.12282669544219971
base,0.325,0.5,6,0,0.40414828,-0.09609079,27,-0.175,-0.09585171937942505
base,0.37500000000000006,0.5,7,0,0.43112332,-0.0434827,27,-0.12499999999999994,-0.06887668371200562
base,0.425,0.5,8,0,0.4580983,0.009125471,27,-0.07500000000000001,-0.04190170764923096
base,0.475,0.5,9,0,0.4850734,0.06173359,27,-0.025000000000000022,-0.014926612377166748
base,0.525,0.5,10,1,0.51204836,0.114341706,27,0.025000000000000022,0.01204836368560791
base,0.575,0.5,11,1,0.5390234,0.16694985,27,0.07499999999999996,0.039023399353027344
base,0.625,0.5,12,1,0.5659984,0.21955799,27,0.125,0.065998375415802
base,0.675,0.5,13,1,0.5929734,0.2721662,27,0.17500000000000004,0.09297341108322144
base,0.7250000000000001,0.5,14,1,0.61994845,0.32477427,27,0.2250000000000001,0.11994844675064087
base,0.7749999999999999,0.5,15,1,0.6469235,0.3773824,27,0.2749999999999999,0.1469234824180603
base,0.825,0.5,16,1,0.6738985,0.42999053,27,0.32499999999999996,0.17389851808547974
base,0.8749999999999999,0.5,17,1,0.70087355,0.48259872,27,0.3749999999999999,0.20087355375289917
base,0.9249999999999999,0.5,18,1,0.7278485,0.53520685,27,0.42499999999999993,0.22784847021102905
base,0.975,0.5,19,1,0.75482357,0.587815,27,0.475,0.25482356548309326
curv,0.025000000000000022,0.25,0,0,0.16546282,-0.28647423,27,-0.22499999999999998,-0.08453717827796936
curv,0.025000000000000022,0.25,0,0,0.16546282,-0.28647423,27,-0.22499999999999998,-0.08453717827796936
curv,0.075,0.25,1,0,0.16936797,-0.25128752,27,-0.175,-0.0806320309638977
curv,0.075,0.25,1,0,0.16936797,-0.25128752,27,-0.175,-0.0806320309638977
curv,0.12500000000000003,0.25,2,0,0.18572083,-0.2059063,27,-0.12499999999999997,-0.06427916884422302
curv,0.12500000000000003,0.25,2,0,0.18572083,-0.2059063,27,-0.12499999999999997,-0.06427916884422302
curv,0.17500000000000002,0.25,3,0,0.21092996,-0.15327197,27,-0.07499999999999998,-0.03907003998756409
curv,0.17500000000000002,0.25,3,0,0.21092996,-0.15327197,27,-0.07499999999999998,-0.03907003998756409
curv,0.225,0.25,4,0,0.23613912,-0.10063759,27,-0.024999999999999994,-0.013860881328582764
curv,0.225,0.25,4,0,0.23613912,-0.10063759,27,-0.024999999999999994,-0.013860881328582764
curv,0.275,0.25,5,1,0.2613483,-0.04800324,27,0.025000000000000022,0.011348307132720947
curv,0.325,0.25,6,1,0.2865574,0.004631102,27,0.07500000000000001,0.036557406187057495
curv,0.37500000000000006,0.25,7,1,0.3132269,0.057243794,27,0.12500000000000006,0.06322690844535828
curv,0.425,0.25,8,1,0.3402019,0.10985191,27,0.175,0.09020191431045532
curv,0.475,0.25,9,1,0.36717692,0.16246004,27,0.22499999999999998,0.11717692017555237
curv,0.525,0.25,10,1,0.394152,0.21506815,27,0.275,0.1441519856452942
curv,0.575,0.25,11,1,0.42112702,0.2676763,27,0.32499999999999996,0.17112702131271362
curv,0.625,0.25,12,1,0.44810206,0.32028443,27,0.375,0.19810205698013306
curv,0.675,0.25,13,1,0.47543818,0.37002617,27,0.42500000000000004,0.2254381775856018
curv,0.7250000000000001,0.25,14,1,0.50458735,0.4053766,27,0.4750000000000001,0.2545873522758484
flat,0.275,0.7500000000000001,0,0,0.4941768,-0.24997808,27,-0.4750000000000001,-0.25582319498062145
flat,0.325,0.7500000000000001,1,0,0.5210808,-0.19741394,27,-0.4250000000000001,-0.22891920804977428
flat,0.37500000000000006,0.7500000000000001,2,0,0.5479847,-0.1448498,27,-0.37500000000000006,-0.2020152807235719
flat,0.425,0.7500000000000001,3,0,0.5748886,-0.09228566,27,-0.3250000000000001,-0.17511141300201427
flat,0.475,0.7500000000000001,4,0,0.6017926,-0.03972158,27,-0.27500000000000013,-0.1482074260711671
flat,0.525,0.7500000000000001,5,0,0.6286965,0.012842566,27,-0.2250000000000001,-0.12130349874496471
flat,0.575,0.7500000000000001,6,0,0.6556005,0.065406725,27,-0.17500000000000016,-0.09439951181411754
flat,0.625,0.7500000000000001,7,0,0.6825045,0.117970884,27,-0.1250000000000001,-0.06749552488327037
flat,0.675,0.7500000000000001,8,0,0.7094084,0.17053507,27,-0.07500000000000007,-0.04059159755706798
flat,0.7250000000000001,0.7500000000000001,9,0,0.73631245,0.22309925,27,-0.025000000000000022,-0.013687551021576039
flat,0.7749999999999999,0.7500000000000001,10,1,0.7632163,0.27566332,27,0.0249999999999998,0.013216316699981578
flat,0.7749999999999999,0.7500000000000001,10,1,0.7632163,0.27566332,27,0.0249999999999998,0.013216316699981578
flat,0.825,0.7500000000000001,11,1,0.7901203,0.32822752,27,0.07499999999999984,0.040120303630828746
flat,0.825,0.7500000000000001,11,1,0.7901203,0.32822752,27,0.07499999999999984,0.040120303630828746
flat,0.8749999999999999,0.7500000000000001,12,1,0.81702423,0.38079166,27,0.12499999999999978,0.06702423095703114
flat,0.8749999999999999,0.7500000000000001,12,1,0.81702423,0.38079166,27,0.12499999999999978,0.06702423095703114
flat,0.9249999999999999,0.7500000000000001,13,1,0.84392816,0.43335587,27,0.17499999999999982,0.09392815828323353
flat,0.9249999999999999,0.7500000000000001,13,1,0.84392816,0.43335587,27,0.17499999999999982,0.09392815828323353
flat,0.975,0.7500000000000001,14,1,0.87083215,0.48591995,27,0.22499999999999987,0.1208321452140807
flat,0.975,0.7500000000000001,14,1,0.87083215,0.48591995,27,0.22499999999999987,0.1208321452140807
base,0.025000000000000022,0.5,0,0,0.2177049,-0.57547396,28,-0.475,-0.2822950929403305
base,0.075,0.5,1,0,0.24813893,-0.5086974,28,-0.425,-0.2518610656261444
base,0.12500000000000003,0.5,2,0,0.2786531,-0.43845552,28,-0.375,-0.221346914768219
base,0.17500000000000002,0.5,3,0,0.30934325,-0.36059844,28,-0.32499999999999996,-0.19065675139427185
base,0.225,0.5,4,0,0.34003338,-0.28274125,28,-0.275,-0.1599666178226471
base,0.275,0.5,5,0,0.37072355,-0.20488414,28,-0.22499999999999998,-0.12927645444869995
base,0.325,0.5,6,0,0.4014137,-0.12702703,28,-0.175,-0.09858629107475281
base,0.37500000000000006,0.5,7,0,0.4321039,-0.04916984,28,-0.12499999999999994,-0.06789609789848328
base,0.425,0.5,8,0,0.46279407,0.028687298,28,-0.07500000000000001,-0.03720593452453613
base,0.475,0.5,9,0,0.49348423,0.106544435,28,-0.025000000000000022,-0.006515771150588989
base,0.525,0.5,10,1,0.5241744,0.18440151,28,0.025000000000000022,0.024174392223358154
base,0.575,0.5,11,1,0.5548645,0.26225865,28,0.07499999999999996,0.05486452579498291
base,0.625,0.5,12,1,0.5855547,0.3401159,28,0.125,0.08555471897125244
base,0.675,0.5,13,1,0.61624485,0.41797298,28,0.17500000000000004,0.1162448525428772
base,0.7250000000000001,0.5,14,1,0.6469351,0.49583018,28,0.2250000000000001,0.1469351053237915
base,0.7749999999999999,0.5,15,1,0.67762524,0.5736872,28,0.2749999999999999,0.17762523889541626
base,0.825,0.5,16,1,0.7083154,0.65154433,28,0.32499999999999996,0.20831537246704102
base,0.8749999999999999,0.5,17,1,0.7390055,0.72940147,28,0.3749999999999999,0.23900550603866577
base,0.9249999999999999,0.5,18,1,0.76969564,0.8072587,28,0.42499999999999993,0.2696956396102905
base,0.975,0.5,19,1,0.80038583,0.88511586,28,0.475,0.30038583278656006
curv,0.025000000000000022,0.25,0,0,0.15913448,-0.49062175,28,-0.22499999999999998,-0.09086552262306213
curv,0.025000000000000022,0.25,0,0,0.15913448,-0.49062175,28,-0.22499999999999998,-0.09086552262306213
curv,0.075,0.25,1,0,0.16647385,-0.44991073,28,-0.175,-0.08352614939212799
curv,0.075,0.25,1,0,0.16647385,-0.44991073,28,-0.175,-0.08352614939212799
curv,0.12500000000000003,0.25,2,0,0.17823184,-0.40507028,28,-0.12499999999999997,-0.07176816463470459
curv,0.12500000000000003,0.25,2,0,0.17823184,-0.40507028,28,-0.12499999999999997,-0.07176816463470459
curv,0.17500000000000002,0.25,3,0,0.2081317,-0.3389641,28,-0.07499999999999998,-0.04186829924583435
curv,0.17500000000000002,0.25,3,0,0.2081317,-0.3389641,28,-0.07499999999999998,-0.04186829924583435
curv,0.225,0.25,4,0,0.23856573,-0.27218756,28,-0.024999999999999994,-0.011434271931648254
curv,0.225,0.25,4,0,0.23856573,-0.27218756,28,-0.024999999999999994,-0.011434271931648254
curv,0.275,0.25,5,1,0.2692038,-0.19658452,28,0.025000000000000022,0.01920381188392639
curv,0.325,0.25,6,1,0.29989398,-0.118727386,28,0.07500000000000001,0.049893975257873535
curv,0.37500000000000006,0.25,7,1,0.3305841,-0.04087019,28,0.12500000000000006,0.08058410882949829
curv,0.425,0.25,8,1,0.3612743,0.036986887,28,0.175,0.11127430200576782
curv,0.475,0.25,9,1,0.39196444,0.114843994,28,0.22499999999999998,0.14196443557739258
curv,0.525,0.25,10,1,0.42265457,0.1927011,28,0.275,0.17265456914901733
curv,0.575,0.25,11,1,0.4533448,0.2705583,28,0.32499999999999996,0.20334479212760925
curv,0.625,0.25,12,1,0.48403493,0.34841537,28,0.375,0.234034925699234
curv,0.675,0.25,13,1,0.5142017,0.4175079,28,0.42500000000000004,0.26420170068740845
curv,0.7250000000000001,0.25,14,1,0.54383975,0.47774655,28,0.4750000000000001,0.2938397526741028
flat,0.275,0.7500000000000001,0,0,0.4722433,-0.21318367,28,-0.4750000000000001,-0.277756690979004
flat,0.325,0.7500000000000001,1,0,0.5029335,-0.13532662,28,-0.4250000000000001,-0.24706649780273449
flat,0.37500000000000006,0.7500000000000001,2,0,0.5336237,-0.057469428,28,-0.37500000000000006,-0.21637630462646495
flat,0.425,0.7500000000000001,3,0,0.5643139,0.020387769,28,-0.3250000000000001,-0.18568611145019542
flat,0.475,0.7500000000000001,4,0,0.59500396,0.098244816,28,-0.27500000000000013,-0.15499603748321544
flat,0.525,0.7500000000000001,5,0,0.62569416,0.17610204,28,-0.2250000000000001,-0.12430584430694591
flat,0.575,0.7500000000000001,6,0,0.6563843,0.25395906,28,-0.17500000000000016,-0.09361571073532116
flat,0.625,0.7500000000000001,7,0,0.6870744,0.33181632,28,-0.1250000000000001,-0.0629255771636964
flat,0.675,0.7500000000000001,8,0,0.7177646,0.40967345,28,-0.07500000000000007,-0.03223538398742687
flat,0.7250000000000001,0.7500000000000001,9,0,0.74845487,0.4875306,28,-0.025000000000000022,-0.0015451312065125622
flat,0.7749999999999999,0.7500000000000001,10,1,0.77914494,0.56538767,28,0.0249999999999998,0.02914494276046742
flat,0.7749999999999999,0.7500000000000001,10,1,0.77914494,0.56538767,28,0.0249999999999998,0.02914494276046742
flat,0.825,0.7500000000000001,11,1,0.8098351,0.64324474,28,0.07499999999999984,0.059835076332092174
flat,0.825,0.7500000000000001,11,1,0.8098351,0.64324474,28,0.07499999999999984,0.059835076332092174
flat,0.8749999999999999,0.7500000000000001,12,1,0.8405253,0.721102,28,0.12499999999999978,0.09052532911300648
flat,0.8749999999999999,0.7500000000000001,12,1,0.8405253,0.721102,28,0.12499999999999978,0.09052532911300648
flat,0.9249999999999999,0.7500000000000001,13,1,0.87121546,0.79895914,28,0.17499999999999982,0.12121546268463124
flat,0.9249999999999999,0.7500000000000001,13,1,0.87121546,0.79895914,28,0.17499999999999982,0.12121546268463124
flat,0.975,0.7500000000000001,14,1,0.90190566,0.8768164,28,0.22499999999999987,0.15190565586090077
flat,0.975,0.7500000000000001,14,1,0.90190566,0.8768164,28,0.22499999999999987,0.15190565586090077
base,0.025000000000000022,0.5,0,0,0.2177049,-0.57547396,28,-0.475,-0.2822950929403305
base,0.075,0.5,1,0,0.24813893,-0.5086974,28,-0.425,-0.2518610656261444
base,0.12500000000000003,0.5,2,0,0.2786531,-0.43845552,28,-0.375,-0.221346914768219
base,0.17500000000000002,0.5,3,0,0.30934325,-0.36059844,28,-0.32499999999999996,-0.19065675139427185
base,0.225,0.5,4,0,0.34003338,-0.28274125,28,-0.275,-0.1599666178226471
base,0.275,0.5,5,0,0.37072355,-0.20488414,28,-0.22499999999999998,-0.12927645444869995
base,0.325,0.5,6,0,0.4014137,-0.12702703,28,-0.175,-0.09858629107475281
base,0.37500000000000006,0.5,7,0,0.4321039,-0.04916984,28,-0.12499999999999994,-0.06789609789848328
base,0.425,0.5,8,0,0.46279407,0.028687298,28,-0.07500000000000001,-0.03720593452453613
base,0.475,0.5,9,0,0.49348423,0.106544435,28,-0.025000000000000022,-0.006515771150588989
base,0.525,0.5,10,1,0.5241744,0.18440151,28,0.025000000000000022,0.024174392223358154
base,0.575,0.5,11,1,0.5548645,0.26225865,28,0.07499999999999996,0.05486452579498291
base,0.625,0.5,12,1,0.5855547,0.3401159,28,0.125,0.08555471897125244
base,0.675,0.5,13,1,0.61624485,0.41797298,28,0.17500000000000004,0.1162448525428772
base,0.7250000000000001,0.5,14,1,0.6469351,0.49583018,28,0.2250000000000001,0.1469351053237915
base,0.7749999999999999,0.5,15,1,0.67762524,0.5736872,28,0.2749999999999999,0.17762523889541626
base,0.825,0.5,16,1,0.7083154,0.65154433,28,0.32499999999999996,0.20831537246704102
base,0.8749999999999999,0.5,17,1,0.7390055,0.72940147,28,0.3749999999999999,0.23900550603866577
base,0.9249999999999999,0.5,18,1,0.76969564,0.8072587,28,0.42499999999999993,0.2696956396102905
base,0.975,0.5,19,1,0.80038583,0.88511586,28,0.475,0.30038583278656006
curv,0.025000000000000022,0.25,0,0,0.15913448,-0.49062175,28,-0.22499999999999998,-0.09086552262306213
curv,0.025000000000000022,0.25,0,0,0.15913448,-0.49062175,28,-0.22499999999999998,-0.09086552262306213
curv,0.075,0.25,1,0,0.16647385,-0.44991073,28,-0.175,-0.08352614939212799
curv,0.075,0.25,1,0,0.16647385,-0.44991073,28,-0.175,-0.08352614939212799
curv,0.12500000000000003,0.25,2,0,0.17823184,-0.40507028,28,-0.12499999999999997,-0.07176816463470459
curv,0.12500000000000003,0.25,2,0,0.17823184,-0.40507028,28,-0.12499999999999997,-0.07176816463470459
curv,0.17500000000000002,0.25,3,0,0.2081317,-0.3389641,28,-0.07499999999999998,-0.04186829924583435
curv,0.17500000000000002,0.25,3,0,0.2081317,-0.3389641,28,-0.07499999999999998,-0.04186829924583435
curv,0.225,0.25,4,0,0.23856573,-0.27218756,28,-0.024999999999999994,-0.011434271931648254
curv,0.225,0.25,4,0,0.23856573,-0.27218756,28,-0.024999999999999994,-0.011434271931648254
curv,0.275,0.25,5,1,0.2692038,-0.19658452,28,0.025000000000000022,0.01920381188392639
curv,0.325,0.25,6,1,0.29989398,-0.118727386,28,0.07500000000000001,0.049893975257873535
curv,0.37500000000000006,0.25,7,1,0.3305841,-0.04087019,28,0.12500000000000006,0.08058410882949829
curv,0.425,0.25,8,1,0.3612743,0.036986887,28,0.175,0.11127430200576782
curv,0.475,0.25,9,1,0.39196444,0.114843994,28,0.22499999999999998,0.14196443557739258
curv,0.525,0.25,10,1,0.42265457,0.1927011,28,0.275,0.17265456914901733
curv,0.575,0.25,11,1,0.4533448,0.2705583,28,0.32499999999999996,0.20334479212760925
curv,0.625,0.25,12,1,0.48403493,0.34841537,28,0.375,0.234034925699234
curv,0.675,0.25,13,1,0.5142017,0.4175079,28,0.42500000000000004,0.26420170068740845
curv,0.7250000000000001,0.25,14,1,0.54383975,0.47774655,28,0.4750000000000001,0.2938397526741028
flat,0.275,0.7500000000000001,0,0,0.4722433,-0.21318367,28,-0.4750000000000001,-0.277756690979004
flat,0.325,0.7500000000000001,1,0,0.5029335,-0.13532662,28,-0.4250000000000001,-0.24706649780273449
flat,0.37500000000000006,0.7500000000000001,2,0,0.5336237,-0.057469428,28,-0.37500000000000006,-0.21637630462646495
flat,0.425,0.7500000000000001,3,0,0.5643139,0.020387769,28,-0.3250000000000001,-0.18568611145019542
flat,0.475,0.7500000000000001,4,0,0.59500396,0.098244816,28,-0.27500000000000013,-0.15499603748321544
flat,0.525,0.7500000000000001,5,0,0.62569416,0.17610204,28,-0.2250000000000001,-0.12430584430694591
flat,0.575,0.7500000000000001,6,0,0.6563843,0.25395906,28,-0.17500000000000016,-0.09361571073532116
flat,0.625,0.7500000000000001,7,0,0.6870744,0.33181632,28,-0.1250000000000001,-0.0629255771636964
flat,0.675,0.7500000000000001,8,0,0.7177646,0.40967345,28,-0.07500000000000007,-0.03223538398742687
flat,0.7250000000000001,0.7500000000000001,9,0,0.74845487,0.4875306,28,-0.025000000000000022,-0.0015451312065125622
flat,0.7749999999999999,0.7500000000000001,10,1,0.77914494,0.56538767,28,0.0249999999999998,0.02914494276046742
flat,0.7749999999999999,0.7500000000000001,10,1,0.77914494,0.56538767,28,0.0249999999999998,0.02914494276046742
flat,0.825,0.7500000000000001,11,1,0.8098351,0.64324474,28,0.07499999999999984,0.059835076332092174
flat,0.825,0.7500000000000001,11,1,0.8098351,0.64324474,28,0.07499999999999984,0.059835076332092174
flat,0.8749999999999999,0.7500000000000001,12,1,0.8405253,0.721102,28,0.12499999999999978,0.09052532911300648
flat,0.8749999999999999,0.7500000000000001,12,1,0.8405253,0.721102,28,0.12499999999999978,0.09052532911300648
flat,0.9249999999999999,0.7500000000000001,13,1,0.87121546,0.79895914,28,0.17499999999999982,0.12121546268463124
flat,0.9249999999999999,0.7500000000000001,13,1,0.87121546,0.79895914,28,0.17499999999999982,0.12121546268463124
flat,0.975,0.7500000000000001,14,1,0.90190566,0.8768164,28,0.22499999999999987,0.15190565586090077
flat,0.975,0.7500000000000001,14,1,0.90190566,0.8768164,28,0.22499999999999987,0.15190565586090077
base,0.025000000000000022,0.5,0,0,0.2177049,-0.57547396,28,-0.475,-0.2822950929403305
base,0.075,0.5,1,0,0.24813893,-0.5086974,28,-0.425,-0.2518610656261444
base,0.12500000000000003,0.5,2,0,0.2786531,-0.43845552,28,-0.375,-0.221346914768219
base,0.17500000000000002,0.5,3,0,0.30934325,-0.36059844,28,-0.32499999999999996,-0.19065675139427185
base,0.225,0.5,4,0,0.34003338,-0.28274125,28,-0.275,-0.1599666178226471
base,0.275,0.5,5,0,0.37072355,-0.20488414,28,-0.22499999999999998,-0.12927645444869995
base,0.325,0.5,6,0,0.4014137,-0.12702703,28,-0.175,-0.09858629107475281
base,0.37500000000000006,0.5,7,0,0.4321039,-0.04916984,28,-0.12499999999999994,-0.06789609789848328
base,0.425,0.5,8,0,0.46279407,0.028687298,28,-0.07500000000000001,-0.03720593452453613
base,0.475,0.5,9,0,0.49348423,0.106544435,28,-0.025000000000000022,-0.006515771150588989
base,0.525,0.5,10,1,0.5241744,0.18440151,28,0.025000000000000022,0.024174392223358154
base,0.575,0.5,11,1,0.5548645,0.26225865,28,0.07499999999999996,0.05486452579498291
base,0.625,0.5,12,1,0.5855547,0.3401159,28,0.125,0.08555471897125244
base,0.675,0.5,13,1,0.61624485,0.41797298,28,0.17500000000000004,0.1162448525428772
base,0.7250000000000001,0.5,14,1,0.6469351,0.49583018,28,0.2250000000000001,0.1469351053237915
base,0.7749999999999999,0.5,15,1,0.67762524,0.5736872,28,0.2749999999999999,0.17762523889541626
base,0.825,0.5,16,1,0.7083154,0.65154433,28,0.32499999999999996,0.20831537246704102
base,0.8749999999999999,0.5,17,1,0.7390055,0.72940147,28,0.3749999999999999,0.23900550603866577
base,0.9249999999999999,0.5,18,1,0.76969564,0.8072587,28,0.42499999999999993,0.2696956396102905
base,0.975,0.5,19,1,0.80038583,0.88511586,28,0.475,0.30038583278656006
curv,0.025000000000000022,0.25,0,0,0.15913448,-0.49062175,28,-0.22499999999999998,-0.09086552262306213
curv,0.025000000000000022,0.25,0,0,0.15913448,-0.49062175,28,-0.22499999999999998,-0.09086552262306213
curv,0.075,0.25,1,0,0.16647385,-0.44991073,28,-0.175,-0.08352614939212799
curv,0.075,0.25,1,0,0.16647385,-0.44991073,28,-0.175,-0.08352614939212799
curv,0.12500000000000003,0.25,2,0,0.17823184,-0.40507028,28,-0.12499999999999997,-0.07176816463470459
curv,0.12500000000000003,0.25,2,0,0.17823184,-0.40507028,28,-0.12499999999999997,-0.07176816463470459
curv,0.17500000000000002,0.25,3,0,0.2081317,-0.3389641,28,-0.07499999999999998,-0.04186829924583435
curv,0.17500000000000002,0.25,3,0,0.2081317,-0.3389641,28,-0.07499999999999998,-0.04186829924583435
curv,0.225,0.25,4,0,0.23856573,-0.27218756,28,-0.024999999999999994,-0.011434271931648254
curv,0.225,0.25,4,0,0.23856573,-0.27218756,28,-0.024999999999999994,-0.011434271931648254
curv,0.275,0.25,5,1,0.2692038,-0.19658452,28,0.025000000000000022,0.01920381188392639
curv,0.325,0.25,6,1,0.29989398,-0.118727386,28,0.07500000000000001,0.049893975257873535
curv,0.37500000000000006,0.25,7,1,0.3305841,-0.04087019,28,0.12500000000000006,0.08058410882949829
curv,0.425,0.25,8,1,0.3612743,0.036986887,28,0.175,0.11127430200576782
curv,0.475,0.25,9,1,0.39196444,0.114843994,28,0.22499999999999998,0.14196443557739258
curv,0.525,0.25,10,1,0.42265457,0.1927011,28,0.275,0.17265456914901733
curv,0.575,0.25,11,1,0.4533448,0.2705583,28,0.32499999999999996,0.20334479212760925
curv,0.625,0.25,12,1,0.48403493,0.34841537,28,0.375,0.234034925699234
curv,0.675,0.25,13,1,0.5142017,0.4175079,28,0.42500000000000004,0.26420170068740845
curv,0.7250000000000001,0.25,14,1,0.54383975,0.47774655,28,0.4750000000000001,0.2938397526741028
flat,0.275,0.7500000000000001,0,0,0.4722433,-0.21318367,28,-0.4750000000000001,-0.277756690979004
flat,0.325,0.7500000000000001,1,0,0.5029335,-0.13532662,28,-0.4250000000000001,-0.24706649780273449
flat,0.37500000000000006,0.7500000000000001,2,0,0.5336237,-0.057469428,28,-0.37500000000000006,-0.21637630462646495
flat,0.425,0.7500000000000001,3,0,0.5643139,0.020387769,28,-0.3250000000000001,-0.18568611145019542
flat,0.475,0.7500000000000001,4,0,0.59500396,0.098244816,28,-0.27500000000000013,-0.15499603748321544
flat,0.525,0.7500000000000001,5,0,0.62569416,0.17610204,28,-0.2250000000000001,-0.12430584430694591
flat,0.575,0.7500000000000001,6,0,0.6563843,0.25395906,28,-0.17500000000000016,-0.09361571073532116
flat,0.625,0.7500000000000001,7,0,0.6870744,0.33181632,28,-0.1250000000000001,-0.0629255771636964
flat,0.675,0.7500000000000001,8,0,0.7177646,0.40967345,28,-0.07500000000000007,-0.03223538398742687
flat,0.7250000000000001,0.7500000000000001,9,0,0.74845487,0.4875306,28,-0.025000000000000022,-0.0015451312065125622
flat,0.7749999999999999,0.7500000000000001,10,1,0.77914494,0.56538767,28,0.0249999999999998,0.02914494276046742
flat,0.7749999999999999,0.7500000000000001,10,1,0.77914494,0.56538767,28,0.0249999999999998,0.02914494276046742
flat,0.825,0.7500000000000001,11,1,0.8098351,0.64324474,28,0.07499999999999984,0.059835076332092174
flat,0.825,0.7500000000000001,11,1,0.8098351,0.64324474,28,0.07499999999999984,0.059835076332092174
flat,0.8749999999999999,0.7500000000000001,12,1,0.8405253,0.721102,28,0.12499999999999978,0.09052532911300648
flat,0.8749999999999999,0.7500000000000001,12,1,0.8405253,0.721102,28,0.12499999999999978,0.09052532911300648
flat,0.9249999999999999,0.7500000000000001,13,1,0.87121546,0.79895914,28,0.17499999999999982,0.12121546268463124
flat,0.9249999999999999,0.7500000000000001,13,1,0.87121546,0.79895914,28,0.17499999999999982,0.12121546268463124
flat,0.975,0.7500000000000001,14,1,0.90190566,0.8768164,28,0.22499999999999987,0.15190565586090077
flat,0.975,0.7500000000000001,14,1,0.90190566,0.8768164,28,0.22499999999999987,0.15190565586090077
base,0.025000000000000022,0.5,0,0,0.2177049,-0.57547396,28,-0.475,-0.2822950929403305
base,0.075,0.5,1,0,0.24813893,-0.5086974,28,-0.425,-0.2518610656261444
base,0.12500000000000003,0.5,2,0,0.2786531,-0.43845552,28,-0.375,-0.221346914768219
base,0.17500000000000002,0.5,3,0,0.30934325,-0.36059844,28,-0.32499999999999996,-0.19065675139427185
base,0.225,0.5,4,0,0.34003338,-0.28274125,28,-0.275,-0.1599666178226471
base,0.275,0.5,5,0,0.37072355,-0.20488414,28,-0.22499999999999998,-0.12927645444869995
base,0.325,0.5,6,0,0.4014137,-0.12702703,28,-0.175,-0.09858629107475281
base,0.37500000000000006,0.5,7,0,0.4321039,-0.04916984,28,-0.12499999999999994,-0.06789609789848328
base,0.425,0.5,8,0,0.46279407,0.028687298,28,-0.07500000000000001,-0.03720593452453613
base,0.475,0.5,9,0,0.49348423,0.106544435,28,-0.025000000000000022,-0.006515771150588989
base,0.525,0.5,10,1,0.5241744,0.18440151,28,0.025000000000000022,0.024174392223358154
base,0.575,0.5,11,1,0.5548645,0.26225865,28,0.07499999999999996,0.05486452579498291
base,0.625,0.5,12,1,0.5855547,0.3401159,28,0.125,0.08555471897125244
base,0.675,0.5,13,1,0.61624485,0.41797298,28,0.17500000000000004,0.1162448525428772
base,0.7250000000000001,0.5,14,1,0.6469351,0.49583018,28,0.2250000000000001,0.1469351053237915
base,0.7749999999999999,0.5,15,1,0.67762524,0.5736872,28,0.2749999999999999,0.17762523889541626
base,0.825,0.5,16,1,0.7083154,0.65154433,28,0.32499999999999996,0.20831537246704102
base,0.8749999999999999,0.5,17,1,0.7390055,0.72940147,28,0.3749999999999999,0.23900550603866577
base,0.9249999999999999,0.5,18,1,0.76969564,0.8072587,28,0.42499999999999993,0.2696956396102905
base,0.975,0.5,19,1,0.80038583,0.88511586,28,0.475,0.30038583278656006
curv,0.025000000000000022,0.25,0,0,0.15913448,-0.49062175,28,-0.22499999999999998,-0.09086552262306213
curv,0.025000000000000022,0.25,0,0,0.15913448,-0.49062175,28,-0.22499999999999998,-0.09086552262306213
curv,0.075,0.25,1,0,0.16647385,-0.44991073,28,-0.175,-0.08352614939212799
curv,0.075,0.25,1,0,0.16647385,-0.44991073,28,-0.175,-0.08352614939212799
curv,0.12500000000000003,0.25,2,0,0.17823184,-0.40507028,28,-0.12499999999999997,-0.07176816463470459
curv,0.12500000000000003,0.25,2,0,0.17823184,-0.40507028,28,-0.12499999999999997,-0.07176816463470459
curv,0.17500000000000002,0.25,3,0,0.2081317,-0.3389641,28,-0.07499999999999998,-0.04186829924583435
curv,0.17500000000000002,0.25,3,0,0.2081317,-0.3389641,28,-0.07499999999999998,-0.04186829924583435
curv,0.225,0.25,4,0,0.23856573,-0.27218756,28,-0.024999999999999994,-0.011434271931648254
curv,0.225,0.25,4,0,0.23856573,-0.27218756,28,-0.024999999999999994,-0.011434271931648254
curv,0.275,0.25,5,1,0.2692038,-0.19658452,28,0.025000000000000022,0.01920381188392639
curv,0.325,0.25,6,1,0.29989398,-0.118727386,28,0.07500000000000001,0.049893975257873535
curv,0.37500000000000006,0.25,7,1,0.3305841,-0.04087019,28,0.12500000000000006,0.08058410882949829
curv,0.425,0.25,8,1,0.3612743,0.036986887,28,0.175,0.11127430200576782
curv,0.475,0.25,9,1,0.39196444,0.114843994,28,0.22499999999999998,0.14196443557739258
curv,0.525,0.25,10,1,0.42265457,0.1927011,28,0.275,0.17265456914901733
curv,0.575,0.25,11,1,0.4533448,0.2705583,28,0.32499999999999996,0.20334479212760925
curv,0.625,0.25,12,1,0.48403493,0.34841537,28,0.375,0.234034925699234
curv,0.675,0.25,13,1,0.5142017,0.4175079,28,0.42500000000000004,0.26420170068740845
curv,0.7250000000000001,0.25,14,1,0.54383975,0.47774655,28,0.4750000000000001,0.2938397526741028
flat,0.275,0.7500000000000001,0,0,0.4722433,-0.21318367,28,-0.4750000000000001,-0.277756690979004
flat,0.325,0.7500000000000001,1,0,0.5029335,-0.13532662,28,-0.4250000000000001,-0.24706649780273449
flat,0.37500000000000006,0.7500000000000001,2,0,0.5336237,-0.057469428,28,-0.37500000000000006,-0.21637630462646495
flat,0.425,0.7500000000000001,3,0,0.5643139,0.020387769,28,-0.3250000000000001,-0.18568611145019542
flat,0.475,0.7500000000000001,4,0,0.59500396,0.098244816,28,-0.27500000000000013,-0.15499603748321544
flat,0.525,0.7500000000000001,5,0,0.62569416,0.17610204,28,-0.2250000000000001,-0.12430584430694591
flat,0.575,0.7500000000000001,6,0,0.6563843,0.25395906,28,-0.17500000000000016,-0.09361571073532116
flat,0.625,0.7500000000000001,7,0,0.6870744,0.33181632,28,-0.1250000000000001,-0.0629255771636964
flat,0.675,0.7500000000000001,8,0,0.7177646,0.40967345,28,-0.07500000000000007,-0.03223538398742687
flat,0.7250000000000001,0.7500000000000001,9,0,0.74845487,0.4875306,28,-0.025000000000000022,-0.0015451312065125622
flat,0.7749999999999999,0.7500000000000001,10,1,0.77914494,0.56538767,28,0.0249999999999998,0.02914494276046742
flat,0.7749999999999999,0.7500000000000001,10,1,0.77914494,0.56538767,28,0.0249999999999998,0.02914494276046742
flat,0.825,0.7500000000000001,11,1,0.8098351,0.64324474,28,0.07499999999999984,0.059835076332092174
flat,0.825,0.7500000000000001,11,1,0.8098351,0.64324474,28,0.07499999999999984,0.059835076332092174
flat,0.8749999999999999,0.7500000000000001,12,1,0.8405253,0.721102,28,0.12499999999999978,0.09052532911300648
flat,0.8749999999999999,0.7500000000000001,12,1,0.8405253,0.721102,28,0.12499999999999978,0.09052532911300648
flat,0.9249999999999999,0.7500000000000001,13,1,0.87121546,0.79895914,28,0.17499999999999982,0.12121546268463124
flat,0.9249999999999999,0.7500000000000001,13,1,0.87121546,0.79895914,28,0.17499999999999982,0.12121546268463124
flat,0.975,0.7500000000000001,14,1,0.90190566,0.8768164,28,0.22499999999999987,0.15190565586090077
flat,0.975,0.7500000000000001,14,1,0.90190566,0.8768164,28,0.22499999999999987,0.15190565586090077
base,0.025000000000000022,0.5,0,0,0.17560974,-1.753347,29,-0.475,-0.3243902623653412
base,0.075,0.5,1,0,0.21114126,-1.5702795,29,-0.425,-0.2888587415218353
base,0.12500000000000003,0.5,2,0,0.24667278,-1.3872119,29,-0.375,-0.25332722067832947
base,0.17500000000000002,0.5,3,0,0.28220427,-1.2041445,29,-0.32499999999999996,-0.217795729637146
base,0.225,0.5,4,0,0.3177358,-1.0210769,29,-0.275,-0.18226420879364014
base,0.275,0.5,5,0,0.3532673,-0.83800936,29,-0.22499999999999998,-0.14673268795013428
base,0.325,0.5,6,0,0.38879883,-0.6549419,29,-0.175,-0.11120116710662842
base,0.37500000000000006,0.5,7,0,0.42433035,-0.4718743,29,-0.12499999999999994,-0.07566964626312256
base,0.425,0.5,8,0,0.4598619,-0.28880677,29,-0.07500000000000001,-0.04013809561729431
base,0.475,0.5,9,0,0.49539343,-0.105739325,29,-0.025000000000000022,-0.004606574773788452
base,0.525,0.5,10,1,0.5309249,0.077328146,29,0.025000000000000022,0.03092491626739502
base,0.575,0.5,11,1,0.56645644,0.2603958,29,0.07499999999999996,0.06645643711090088
base,0.625,0.5,12,1,0.60198796,0.44346336,29,0.125,0.10198795795440674
base,0.675,0.5,13,1,0.6375195,0.6265309,29,0.17500000000000004,0.1375194787979126
base,0.7250000000000001,0.5,14,1,0.673051,0.8095984,29,0.2250000000000001,0.17305099964141846
base,0.7749999999999999,0.5,15,1,0.7085825,0.9926659,29,0.2749999999999999,0.20858252048492432
base,0.825,0.5,16,1,0.74411404,1.1757333,29,0.32499999999999996,0.24411404132843018
base,0.8749999999999999,0.5,17,1,0.77964556,1.358801,29,0.3749999999999999,0.27964556217193604
base,0.9249999999999999,0.5,18,1,0.81398296,1.4551778,29,0.42499999999999993,0.3139829635620117
base,0.975,0.5,19,1,0.8477336,1.5248922,29,0.475,0.34773361682891846
curv,0.025000000000000022,0.25,0,0,0.16703102,-1.4223307,29,-0.22499999999999998,-0.08296898007392883
curv,0.025000000000000022,0.25,0,0,0.16703102,-1.4223307,29,-0.22499999999999998,-0.08296898007392883
curv,0.075,0.25,1,0,0.1977277,-1.2492499,29,-0.175,-0.05227230489253998
curv,0.075,0.25,1,0,0.1977277,-1.2492499,29,-0.175,-0.05227230489253998
curv,0.12500000000000003,0.25,2,0,0.2332592,-1.0661825,29,-0.12499999999999997,-0.016740798950195312
curv,0.12500000000000003,0.25,2,0,0.2332592,-1.0661825,29,-0.12499999999999997,-0.016740798950195312
curv,0.17500000000000002,0.25,3,0,0.26879072,-0.88311493,29,-0.07499999999999998,0.018790721893310547
curv,0.17500000000000002,0.25,3,0,0.26879072,-0.88311493,29,-0.07499999999999998,0.018790721893310547
curv,0.225,0.25,4,0,0.30432224,-0.7000474,29,-0.024999999999999994,0.054322242736816406
curv,0.225,0.25,4,0,0.30432224,-0.7000474,29,-0.024999999999999994,0.054322242736816406
curv,0.275,0.25,5,1,0.33985376,-0.5169798,29,0.025000000000000022,0.08985376358032227
curv,0.325,0.25,6,1,0.37538528,-0.33391234,29,0.07500000000000001,0.12538528442382812
curv,0.37500000000000006,0.25,7,1,0.4109168,-0.15084478,29,0.12500000000000006,0.16091680526733398
curv,0.425,0.25,8,1,0.4464483,0.032222778,29,0.175,0.19644829630851746
curv,0.475,0.25,9,1,0.48197982,0.21529022,29,0.22499999999999998,0.23197981715202332
curv,0.525,0.25,10,1,0.51751137,0.39835766,29,0.275,0.26751136779785156
curv,0.575,0.25,11,1,0.5530429,0.58142525,29,0.32499999999999996,0.3030428886413574
curv,0.625,0.25,12,1,0.5885744,0.7644928,29,0.375,0.3385744094848633
curv,0.675,0.25,13,1,0.6241059,0.9475604,29,0.42500000000000004,0.37410587072372437
curv,0.7250000000000001,0.25,14,1,0.6575882,1.0936966,29,0.4750000000000001,0.4075881838798523
flat,0.275,0.7500000000000001,0,0,0.36668092,-1.1590389,29,-0.4750000000000001,-0.38331907987594616
flat,0.325,0.7500000000000001,1,0,0.40221238,-0.9759716,29,-0.4250000000000001,-0.34778761863708507
flat,0.37500000000000006,0.7500000000000001,2,0,0.4377439,-0.79290396,29,-0.37500000000000006,-0.3122560977935792
flat,0.425,0.7500000000000001,3,0,0.47327545,-0.60983634,29,-0.3250000000000001,-0.27672454714775097
flat,0.475,0.7500000000000001,4,0,0.50880694,-0.4267689,29,-0.27500000000000013,-0.2411930561065675
flat,0.525,0.7500000000000001,5,0,0.54433846,-0.2437014,29,-0.2250000000000001,-0.20566153526306163
flat,0.575,0.7500000000000001,6,0,0.57987,-0.06063384,29,-0.17500000000000016,-0.17013001441955578
flat,0.625,0.7500000000000001,7,0,0.6154015,0.12243378,29,-0.1250000000000001,-0.13459849357604992
flat,0.675,0.7500000000000001,8,0,0.650933,0.30550122,29,-0.07500000000000007,-0.09906697273254406
flat,0.7250000000000001,0.7500000000000001,9,0,0.6864646,0.4885689,29,-0.025000000000000022,-0.06353539228439342
flat,0.7749999999999999,0.7500000000000001,10,1,0.72199607,0.67163634,29,0.0249999999999998,-0.028003931045532338
flat,0.7749999999999999,0.7500000000000001,10,1,0.72199607,0.67163634,29,0.0249999999999998,-0.028003931045532338
flat,0.825,0.7500000000000001,11,1,0.7575276,0.85470366,29,0.07499999999999984,0.007527589797973522
flat,0.825,0.7500000000000001,11,1,0.7575276,0.85470366,29,0.07499999999999984,0.007527589797973522
flat,0.8749999999999999,0.7500000000000001,12,1,0.7930591,1.0377713,29,0.12499999999999978,0.04305911064147938
flat,0.8749999999999999,0.7500000000000001,12,1,0.7930591,1.0377713,29,0.12499999999999978,0.04305911064147938
flat,0.9249999999999999,0.7500000000000001,13,1,0.82859075,1.2208389,29,0.17499999999999982,0.07859075069427479
flat,0.9249999999999999,0.7500000000000001,13,1,0.82859075,1.2208389,29,0.17499999999999982,0.07859075069427479
flat,0.975,0.7500000000000001,14,1,0.86412215,1.4039065,29,0.22499999999999987,0.1141221523284911
flat,0.975,0.7500000000000001,14,1,0.86412215,1.4039065,29,0.22499999999999987,0.1141221523284911
base,0.025000000000000022,0.5,0,0,0.17560974,-1.753347,29,-0.475,-0.3243902623653412
base,0.075,0.5,1,0,0.21114126,-1.5702795,29,-0.425,-0.2888587415218353
base,0.12500000000000003,0.5,2,0,0.24667278,-1.3872119,29,-0.375,-0.25332722067832947
base,0.17500000000000002,0.5,3,0,0.28220427,-1.2041445,29,-0.32499999999999996,-0.217795729637146
base,0.225,0.5,4,0,0.3177358,-1.0210769,29,-0.275,-0.18226420879364014
base,0.275,0.5,5,0,0.3532673,-0.83800936,29,-0.22499999999999998,-0.14673268795013428
base,0.325,0.5,6,0,0.38879883,-0.6549419,29,-0.175,-0.11120116710662842
base,0.37500000000000006,0.5,7,0,0.42433035,-0.4718743,29,-0.12499999999999994,-0.07566964626312256
base,0.425,0.5,8,0,0.4598619,-0.28880677,29,-0.07500000000000001,-0.04013809561729431
base,0.475,0.5,9,0,0.49539343,-0.105739325,29,-0.025000000000000022,-0.004606574773788452
base,0.525,0.5,10,1,0.5309249,0.077328146,29,0.025000000000000022,0.03092491626739502
base,0.575,0.5,11,1,0.56645644,0.2603958,29,0.07499999999999996,0.06645643711090088
base,0.625,0.5,12,1,0.60198796,0.44346336,29,0.125,0.10198795795440674
base,0.675,0.5,13,1,0.6375195,0.6265309,29,0.17500000000000004,0.1375194787979126
base,0.7250000000000001,0.5,14,1,0.673051,0.8095984,29,0.2250000000000001,0.17305099964141846
base,0.7749999999999999,0.5,15,1,0.7085825,0.9926659,29,0.2749999999999999,0.20858252048492432
base,0.825,0.5,16,1,0.74411404,1.1757333,29,0.32499999999999996,0.24411404132843018
base,0.8749999999999999,0.5,17,1,0.77964556,1.358801,29,0.3749999999999999,0.27964556217193604
base,0.9249999999999999,0.5,18,1,0.81398296,1.4551778,29,0.42499999999999993,0.3139829635620117
base,0.975,0.5,19,1,0.8477336,1.5248922,29,0.475,0.34773361682891846
curv,0.025000000000000022,0.25,0,0,0.16703102,-1.4223307,29,-0.22499999999999998,-0.08296898007392883
curv,0.025000000000000022,0.25,0,0,0.16703102,-1.4223307,29,-0.22499999999999998,-0.08296898007392883
curv,0.075,0.25,1,0,0.1977277,-1.2492499,29,-0.175,-0.05227230489253998
curv,0.075,0.25,1,0,0.1977277,-1.2492499,29,-0.175,-0.05227230489253998
curv,0.12500000000000003,0.25,2,0,0.2332592,-1.0661825,29,-0.12499999999999997,-0.016740798950195312
curv,0.12500000000000003,0.25,2,0,0.2332592,-1.0661825,29,-0.12499999999999997,-0.016740798950195312
curv,0.17500000000000002,0.25,3,0,0.26879072,-0.88311493,29,-0.07499999999999998,0.018790721893310547
curv,0.17500000000000002,0.25,3,0,0.26879072,-0.88311493,29,-0.07499999999999998,0.018790721893310547
curv,0.225,0.25,4,0,0.30432224,-0.7000474,29,-0.024999999999999994,0.054322242736816406
curv,0.225,0.25,4,0,0.30432224,-0.7000474,29,-0.024999999999999994,0.054322242736816406
curv,0.275,0.25,5,1,0.33985376,-0.5169798,29,0.025000000000000022,0.08985376358032227
curv,0.325,0.25,6,1,0.37538528,-0.33391234,29,0.07500000000000001,0.12538528442382812
curv,0.37500000000000006,0.25,7,1,0.4109168,-0.15084478,29,0.12500000000000006,0.16091680526733398
curv,0.425,0.25,8,1,0.4464483,0.032222778,29,0.175,0.19644829630851746
curv,0.475,0.25,9,1,0.48197982,0.21529022,29,0.22499999999999998,0.23197981715202332
curv,0.525,0.25,10,1,0.51751137,0.39835766,29,0.275,0.26751136779785156
curv,0.575,0.25,11,1,0.5530429,0.58142525,29,0.32499999999999996,0.3030428886413574
curv,0.625,0.25,12,1,0.5885744,0.7644928,29,0.375,0.3385744094848633
curv,0.675,0.25,13,1,0.6241059,0.9475604,29,0.42500000000000004,0.37410587072372437
curv,0.7250000000000001,0.25,14,1,0.6575882,1.0936966,29,0.4750000000000001,0.4075881838798523
flat,0.275,0.7500000000000001,0,0,0.36668092,-1.1590389,29,-0.4750000000000001,-0.38331907987594616
flat,0.325,0.7500000000000001,1,0,0.40221238,-0.9759716,29,-0.4250000000000001,-0.34778761863708507
flat,0.37500000000000006,0.7500000000000001,2,0,0.4377439,-0.79290396,29,-0.37500000000000006,-0.3122560977935792
flat,0.425,0.7500000000000001,3,0,0.47327545,-0.60983634,29,-0.3250000000000001,-0.27672454714775097
flat,0.475,0.7500000000000001,4,0,0.50880694,-0.4267689,29,-0.27500000000000013,-0.2411930561065675
flat,0.525,0.7500000000000001,5,0,0.54433846,-0.2437014,29,-0.2250000000000001,-0.20566153526306163
flat,0.575,0.7500000000000001,6,0,0.57987,-0.06063384,29,-0.17500000000000016,-0.17013001441955578
flat,0.625,0.7500000000000001,7,0,0.6154015,0.12243378,29,-0.1250000000000001,-0.13459849357604992
flat,0.675,0.7500000000000001,8,0,0.650933,0.30550122,29,-0.07500000000000007,-0.09906697273254406
flat,0.7250000000000001,0.7500000000000001,9,0,0.6864646,0.4885689,29,-0.025000000000000022,-0.06353539228439342
flat,0.7749999999999999,0.7500000000000001,10,1,0.72199607,0.67163634,29,0.0249999999999998,-0.028003931045532338
flat,0.7749999999999999,0.7500000000000001,10,1,0.72199607,0.67163634,29,0.0249999999999998,-0.028003931045532338
flat,0.825,0.7500000000000001,11,1,0.7575276,0.85470366,29,0.07499999999999984,0.007527589797973522
flat,0.825,0.7500000000000001,11,1,0.7575276,0.85470366,29,0.07499999999999984,0.007527589797973522
flat,0.8749999999999999,0.7500000000000001,12,1,0.7930591,1.0377713,29,0.12499999999999978,0.04305911064147938
flat,0.8749999999999999,0.7500000000000001,12,1,0.7930591,1.0377713,29,0.12499999999999978,0.04305911064147938
flat,0.9249999999999999,0.7500000000000001,13,1,0.82859075,1.2208389,29,0.17499999999999982,0.07859075069427479
flat,0.9249999999999999,0.7500000000000001,13,1,0.82859075,1.2208389,29,0.17499999999999982,0.07859075069427479
flat,0.975,0.7500000000000001,14,1,0.86412215,1.4039065,29,0.22499999999999987,0.1141221523284911
flat,0.975,0.7500000000000001,14,1,0.86412215,1.4039065,29,0.22499999999999987,0.1141221523284911
base,0.025000000000000022,0.5,0,0,0.17560974,-1.753347,29,-0.475,-0.3243902623653412
base,0.075,0.5,1,0,0.21114126,-1.5702795,29,-0.425,-0.2888587415218353
base,0.12500000000000003,0.5,2,0,0.24667278,-1.3872119,29,-0.375,-0.25332722067832947
base,0.17500000000000002,0.5,3,0,0.28220427,-1.2041445,29,-0.32499999999999996,-0.217795729637146
base,0.225,0.5,4,0,0.3177358,-1.0210769,29,-0.275,-0.18226420879364014
base,0.275,0.5,5,0,0.3532673,-0.83800936,29,-0.22499999999999998,-0.14673268795013428
base,0.325,0.5,6,0,0.38879883,-0.6549419,29,-0.175,-0.11120116710662842
base,0.37500000000000006,0.5,7,0,0.42433035,-0.4718743,29,-0.12499999999999994,-0.07566964626312256
base,0.425,0.5,8,0,0.4598619,-0.28880677,29,-0.07500000000000001,-0.04013809561729431
base,0.475,0.5,9,0,0.49539343,-0.105739325,29,-0.025000000000000022,-0.004606574773788452
base,0.525,0.5,10,1,0.5309249,0.077328146,29,0.025000000000000022,0.03092491626739502
base,0.575,0.5,11,1,0.56645644,0.2603958,29,0.07499999999999996,0.06645643711090088
base,0.625,0.5,12,1,0.60198796,0.44346336,29,0.125,0.10198795795440674
base,0.675,0.5,13,1,0.6375195,0.6265309,29,0.17500000000000004,0.1375194787979126
base,0.7250000000000001,0.5,14,1,0.673051,0.8095984,29,0.2250000000000001,0.17305099964141846
base,0.7749999999999999,0.5,15,1,0.7085825,0.9926659,29,0.2749999999999999,0.20858252048492432
base,0.825,0.5,16,1,0.74411404,1.1757333,29,0.32499999999999996,0.24411404132843018
base,0.8749999999999999,0.5,17,1,0.77964556,1.358801,29,0.3749999999999999,0.27964556217193604
base,0.9249999999999999,0.5,18,1,0.81398296,1.4551778,29,0.42499999999999993,0.3139829635620117
base,0.975,0.5,19,1,0.8477336,1.5248922,29,0.475,0.34773361682891846
curv,0.025000000000000022,0.25,0,0,0.16703102,-1.4223307,29,-0.22499999999999998,-0.08296898007392883
curv,0.025000000000000022,0.25,0,0,0.16703102,-1.4223307,29,-0.22499999999999998,-0.08296898007392883
curv,0.075,0.25,1,0,0.1977277,-1.2492499,29,-0.175,-0.05227230489253998
curv,0.075,0.25,1,0,0.1977277,-1.2492499,29,-0.175,-0.05227230489253998
curv,0.12500000000000003,0.25,2,0,0.2332592,-1.0661825,29,-0.12499999999999997,-0.016740798950195312
curv,0.12500000000000003,0.25,2,0,0.2332592,-1.0661825,29,-0.12499999999999997,-0.016740798950195312
curv,0.17500000000000002,0.25,3,0,0.26879072,-0.88311493,29,-0.07499999999999998,0.018790721893310547
curv,0.17500000000000002,0.25,3,0,0.26879072,-0.88311493,29,-0.07499999999999998,0.018790721893310547
curv,0.225,0.25,4,0,0.30432224,-0.7000474,29,-0.024999999999999994,0.054322242736816406
curv,0.225,0.25,4,0,0.30432224,-0.7000474,29,-0.024999999999999994,0.054322242736816406
curv,0.275,0.25,5,1,0.33985376,-0.5169798,29,0.025000000000000022,0.08985376358032227
curv,0.325,0.25,6,1,0.37538528,-0.33391234,29,0.07500000000000001,0.12538528442382812
curv,0.37500000000000006,0.25,7,1,0.4109168,-0.15084478,29,0.12500000000000006,0.16091680526733398
curv,0.425,0.25,8,1,0.4464483,0.032222778,29,0.175,0.19644829630851746
curv,0.475,0.25,9,1,0.48197982,0.21529022,29,0.22499999999999998,0.23197981715202332
curv,0.525,0.25,10,1,0.51751137,0.39835766,29,0.275,0.26751136779785156
curv,0.575,0.25,11,1,0.5530429,0.58142525,29,0.32499999999999996,0.3030428886413574
curv,0.625,0.25,12,1,0.5885744,0.7644928,29,0.375,0.3385744094848633
curv,0.675,0.25,13,1,0.6241059,0.9475604,29,0.42500000000000004,0.37410587072372437
curv,0.7250000000000001,0.25,14,1,0.6575882,1.0936966,29,0.4750000000000001,0.4075881838798523
flat,0.275,0.7500000000000001,0,0,0.36668092,-1.1590389,29,-0.4750000000000001,-0.38331907987594616
flat,0.325,0.7500000000000001,1,0,0.40221238,-0.9759716,29,-0.4250000000000001,-0.34778761863708507
flat,0.37500000000000006,0.7500000000000001,2,0,0.4377439,-0.79290396,29,-0.37500000000000006,-0.3122560977935792
flat,0.425,0.7500000000000001,3,0,0.47327545,-0.60983634,29,-0.3250000000000001,-0.27672454714775097
flat,0.475,0.7500000000000001,4,0,0.50880694,-0.4267689,29,-0.27500000000000013,-0.2411930561065675
flat,0.525,0.7500000000000001,5,0,0.54433846,-0.2437014,29,-0.2250000000000001,-0.20566153526306163
flat,0.575,0.7500000000000001,6,0,0.57987,-0.06063384,29,-0.17500000000000016,-0.17013001441955578
flat,0.625,0.7500000000000001,7,0,0.6154015,0.12243378,29,-0.1250000000000001,-0.13459849357604992
flat,0.675,0.7500000000000001,8,0,0.650933,0.30550122,29,-0.07500000000000007,-0.09906697273254406
flat,0.7250000000000001,0.7500000000000001,9,0,0.6864646,0.4885689,29,-0.025000000000000022,-0.06353539228439342
flat,0.7749999999999999,0.7500000000000001,10,1,0.72199607,0.67163634,29,0.0249999999999998,-0.028003931045532338
flat,0.7749999999999999,0.7500000000000001,10,1,0.72199607,0.67163634,29,0.0249999999999998,-0.028003931045532338
flat,0.825,0.7500000000000001,11,1,0.7575276,0.85470366,29,0.07499999999999984,0.007527589797973522
flat,0.825,0.7500000000000001,11,1,0.7575276,0.85470366,29,0.07499999999999984,0.007527589797973522
flat,0.8749999999999999,0.7500000000000001,12,1,0.7930591,1.0377713,29,0.12499999999999978,0.04305911064147938
flat,0.8749999999999999,0.7500000000000001,12,1,0.7930591,1.0377713,29,0.12499999999999978,0.04305911064147938
flat,0.9249999999999999,0.7500000000000001,13,1,0.82859075,1.2208389,29,0.17499999999999982,0.07859075069427479
flat,0.9249999999999999,0.7500000000000001,13,1,0.82859075,1.2208389,29,0.17499999999999982,0.07859075069427479
flat,0.975,0.7500000000000001,14,1,0.86412215,1.4039065,29,0.22499999999999987,0.1141221523284911
flat,0.975,0.7500000000000001,14,1,0.86412215,1.4039065,29,0.22499999999999987,0.1141221523284911
base,0.025000000000000022,0.5,0,0,0.17560974,-1.753347,29,-0.475,-0.3243902623653412
base,0.075,0.5,1,0,0.21114126,-1.5702795,29,-0.425,-0.2888587415218353
base,0.12500000000000003,0.5,2,0,0.24667278,-1.3872119,29,-0.375,-0.25332722067832947
base,0.17500000000000002,0.5,3,0,0.28220427,-1.2041445,29,-0.32499999999999996,-0.217795729637146
base,0.225,0.5,4,0,0.3177358,-1.0210769,29,-0.275,-0.18226420879364014
base,0.275,0.5,5,0,0.3532673,-0.83800936,29,-0.22499999999999998,-0.14673268795013428
base,0.325,0.5,6,0,0.38879883,-0.6549419,29,-0.175,-0.11120116710662842
base,0.37500000000000006,0.5,7,0,0.42433035,-0.4718743,29,-0.12499999999999994,-0.07566964626312256
base,0.425,0.5,8,0,0.4598619,-0.28880677,29,-0.07500000000000001,-0.04013809561729431
base,0.475,0.5,9,0,0.49539343,-0.105739325,29,-0.025000000000000022,-0.004606574773788452
base,0.525,0.5,10,1,0.5309249,0.077328146,29,0.025000000000000022,0.03092491626739502
base,0.575,0.5,11,1,0.56645644,0.2603958,29,0.07499999999999996,0.06645643711090088
base,0.625,0.5,12,1,0.60198796,0.44346336,29,0.125,0.10198795795440674
base,0.675,0.5,13,1,0.6375195,0.6265309,29,0.17500000000000004,0.1375194787979126
base,0.7250000000000001,0.5,14,1,0.673051,0.8095984,29,0.2250000000000001,0.17305099964141846
base,0.7749999999999999,0.5,15,1,0.7085825,0.9926659,29,0.2749999999999999,0.20858252048492432
base,0.825,0.5,16,1,0.74411404,1.1757333,29,0.32499999999999996,0.24411404132843018
base,0.8749999999999999,0.5,17,1,0.77964556,1.358801,29,0.3749999999999999,0.27964556217193604
base,0.9249999999999999,0.5,18,1,0.81398296,1.4551778,29,0.42499999999999993,0.3139829635620117
base,0.975,0.5,19,1,0.8477336,1.5248922,29,0.475,0.34773361682891846
curv,0.025000000000000022,0.25,0,0,0.16703102,-1.4223307,29,-0.22499999999999998,-0.08296898007392883
curv,0.025000000000000022,0.25,0,0,0.16703102,-1.4223307,29,-0.22499999999999998,-0.08296898007392883
curv,0.075,0.25,1,0,0.1977277,-1.2492499,29,-0.175,-0.05227230489253998
curv,0.075,0.25,1,0,0.1977277,-1.2492499,29,-0.175,-0.05227230489253998
curv,0.12500000000000003,0.25,2,0,0.2332592,-1.0661825,29,-0.12499999999999997,-0.016740798950195312
curv,0.12500000000000003,0.25,2,0,0.2332592,-1.0661825,29,-0.12499999999999997,-0.016740798950195312
curv,0.17500000000000002,0.25,3,0,0.26879072,-0.88311493,29,-0.07499999999999998,0.018790721893310547
curv,0.17500000000000002,0.25,3,0,0.26879072,-0.88311493,29,-0.07499999999999998,0.018790721893310547
curv,0.225,0.25,4,0,0.30432224,-0.7000474,29,-0.024999999999999994,0.054322242736816406
curv,0.225,0.25,4,0,0.30432224,-0.7000474,29,-0.024999999999999994,0.054322242736816406
curv,0.275,0.25,5,1,0.33985376,-0.5169798,29,0.025000000000000022,0.08985376358032227
curv,0.325,0.25,6,1,0.37538528,-0.33391234,29,0.07500000000000001,0.12538528442382812
curv,0.37500000000000006,0.25,7,1,0.4109168,-0.15084478,29,0.12500000000000006,0.16091680526733398
curv,0.425,0.25,8,1,0.4464483,0.032222778,29,0.175,0.19644829630851746
curv,0.475,0.25,9,1,0.48197982,0.21529022,29,0.22499999999999998,0.23197981715202332
curv,0.525,0.25,10,1,0.51751137,0.39835766,29,0.275,0.26751136779785156
curv,0.575,0.25,11,1,0.5530429,0.58142525,29,0.32499999999999996,0.3030428886413574
curv,0.625,0.25,12,1,0.5885744,0.7644928,29,0.375,0.3385744094848633
curv,0.675,0.25,13,1,0.6241059,0.9475604,29,0.42500000000000004,0.37410587072372437
curv,0.7250000000000001,0.25,14,1,0.6575882,1.0936966,29,0.4750000000000001,0.4075881838798523
flat,0.275,0.7500000000000001,0,0,0.36668092,-1.1590389,29,-0.4750000000000001,-0.38331907987594616
flat,0.325,0.7500000000000001,1,0,0.40221238,-0.9759716,29,-0.4250000000000001,-0.34778761863708507
flat,0.37500000000000006,0.7500000000000001,2,0,0.4377439,-0.79290396,29,-0.37500000000000006,-0.3122560977935792
flat,0.425,0.7500000000000001,3,0,0.47327545,-0.60983634,29,-0.3250000000000001,-0.27672454714775097
flat,0.475,0.7500000000000001,4,0,0.50880694,-0.4267689,29,-0.27500000000000013,-0.2411930561065675
flat,0.525,0.7500000000000001,5,0,0.54433846,-0.2437014,29,-0.2250000000000001,-0.20566153526306163
flat,0.575,0.7500000000000001,6,0,0.57987,-0.06063384,29,-0.17500000000000016,-0.17013001441955578
flat,0.625,0.7500000000000001,7,0,0.6154015,0.12243378,29,-0.1250000000000001,-0.13459849357604992
flat,0.675,0.7500000000000001,8,0,0.650933,0.30550122,29,-0.07500000000000007,-0.09906697273254406
flat,0.7250000000000001,0.7500000000000001,9,0,0.6864646,0.4885689,29,-0.025000000000000022,-0.06353539228439342
flat,0.7749999999999999,0.7500000000000001,10,1,0.72199607,0.67163634,29,0.0249999999999998,-0.028003931045532338
flat,0.7749999999999999,0.7500000000000001,10,1,0.72199607,0.67163634,29,0.0249999999999998,-0.028003931045532338
flat,0.825,0.7500000000000001,11,1,0.7575276,0.85470366,29,0.07499999999999984,0.007527589797973522
flat,0.825,0.7500000000000001,11,1,0.7575276,0.85470366,29,0.07499999999999984,0.007527589797973522
flat,0.8749999999999999,0.7500000000000001,12,1,0.7930591,1.0377713,29,0.12499999999999978,0.04305911064147938
flat,0.8749999999999999,0.7500000000000001,12,1,0.7930591,1.0377713,29,0.12499999999999978,0.04305911064147938
flat,0.9249999999999999,0.7500000000000001,13,1,0.82859075,1.2208389,29,0.17499999999999982,0.07859075069427479
flat,0.9249999999999999,0.7500000000000001,13,1,0.82859075,1.2208389,29,0.17499999999999982,0.07859075069427479
flat,0.975,0.7500000000000001,14,1,0.86412215,1.4039065,29,0.22499999999999987,0.1141221523284911
flat,0.975,0.7500000000000001,14,1,0.86412215,1.4039065,29,0.22499999999999987,0.1141221523284911
